标签名,出现次数,位置(行号:路径)
头巾,10,6058:V2融合世界标签体系/通用分类标签/人造物体/服饰全品/帽子/女帽/头巾 || 7844:V2融合世界标签体系/通用分类标签/人造物体/商品/消费品/可穿戴设备/头具/头巾 || 7980:V2融合世界标签体系/通用分类标签/人造物体/商品/消费品/可穿戴设备/衣服/围巾/头巾 || 7981:V2融合世界标签体系/通用分类标签/人造物体/商品/消费品/可穿戴设备/衣服/围巾/头巾 || 7982:V2融合世界标签体系/通用分类标签/人造物体/商品/消费品/可穿戴设备/衣服/围巾/头巾/头巾 || 9735:V2融合世界标签体系/通用分类标签/人造物体/条带/乐队/头巾 || 10910:V2融合世界标签体系/通用分类标签/人造物体/覆盖物/可穿戴设备/头具/头巾 || 11046:V2融合世界标签体系/通用分类标签/人造物体/覆盖物/可穿戴设备/衣服/围巾/头巾 || 11047:V2融合世界标签体系/通用分类标签/人造物体/覆盖物/可穿戴设备/衣服/围巾/头巾 || 11048:V2融合世界标签体系/通用分类标签/人造物体/覆盖物/可穿戴设备/衣服/围巾/头巾/头巾
修道院,9,17063:V2融合世界标签体系/通用分类标签/建筑与基础设施/宗教祭祀建筑/教堂/修道院 || 17403:V2融合世界标签体系/通用分类标签/建筑与基础设施/H类住宅/住所/修道院回廊/修道院 || 17404:V2融合世界标签体系/通用分类标签/建筑与基础设施/H类住宅/住所/修道院回廊/修道院/修道院 || 17405:V2融合世界标签体系/通用分类标签/建筑与基础设施/H类住宅/住所/修道院回廊/修道院 || 17406:V2融合世界标签体系/通用分类标签/建筑与基础设施/H类住宅/住所/修道院回廊/修道院/修道院 || 17477:V2融合世界标签体系/通用分类标签/建筑与基础设施/住宅/住处/H类住宅/住所/修道院回廊/修道院 || 17478:V2融合世界标签体系/通用分类标签/建筑与基础设施/住宅/住处/H类住宅/住所/修道院回廊/修道院/修道院 || 17479:V2融合世界标签体系/通用分类标签/建筑与基础设施/住宅/住处/H类住宅/住所/修道院回廊/修道院 || 17480:V2融合世界标签体系/通用分类标签/建筑与基础设施/住宅/住处/H类住宅/住所/修道院回廊/修道院/修道院
屏幕,9,10325:V2融合世界标签体系/通用分类标签/人造物体/电子器件/指示器/屏幕 || 10326:V2融合世界标签体系/通用分类标签/人造物体/电子器件/指示器/屏幕 || 10629:V2融合世界标签体系/通用分类标签/人造物体/表面/屏幕 || 10793:V2融合世界标签体系/通用分类标签/人造物体/覆盖物/保护/屏幕 || 10798:V2融合世界标签体系/通用分类标签/人造物体/覆盖物/保护/屏幕 || 11291:V2融合世界标签体系/通用分类标签/人造物体/覆盖物/屏幕 || 11443:V2融合世界标签体系/通用分类标签/人造物体/过滤器/滤网/屏幕 || 17571:V2融合世界标签体系/通用分类标签/建筑与基础设施/分隔物/屏幕 || 18317:V2融合世界标签体系/通用分类标签/建筑与基础设施/辎重/屏障/可移动屏障/门/屏幕
兜帽,8,2593:V2融合世界标签体系/通用分类标签/人物与人体/坏人/作恶者/校长/犯人/兜帽 || 7832:V2融合世界标签体系/通用分类标签/人造物体/商品/消费品/可穿戴设备/头具/兜帽 || 7833:V2融合世界标签体系/通用分类标签/人造物体/商品/消费品/可穿戴设备/头具/兜帽/兜帽 || 10762:V2融合世界标签体系/通用分类标签/人造物体/覆盖物/保护/兜帽 || 10764:V2融合世界标签体系/通用分类标签/人造物体/覆盖物/保护/兜帽 || 10859:V2融合世界标签体系/通用分类标签/人造物体/覆盖物/兜帽 || 10898:V2融合世界标签体系/通用分类标签/人造物体/覆盖物/可穿戴设备/头具/兜帽 || 10899:V2融合世界标签体系/通用分类标签/人造物体/覆盖物/可穿戴设备/头具/兜帽/兜帽
内裤,8,7958:V2融合世界标签体系/通用分类标签/人造物体/商品/消费品/可穿戴设备/衣服/不可言说之物/内裤 || 7961:V2融合世界标签体系/通用分类标签/人造物体/商品/消费品/可穿戴设备/衣服/不可言说之物/内裤/内裤 || 7962:V2融合世界标签体系/通用分类标签/人造物体/商品/消费品/可穿戴设备/衣服/不可言说之物/内裤/内裤 || 7963:V2融合世界标签体系/通用分类标签/人造物体/商品/消费品/可穿戴设备/衣服/不可言说之物/内裤/内裤 || 11024:V2融合世界标签体系/通用分类标签/人造物体/覆盖物/可穿戴设备/衣服/不可言说之物/内裤 || 11027:V2融合世界标签体系/通用分类标签/人造物体/覆盖物/可穿戴设备/衣服/不可言说之物/内裤/内裤 || 11028:V2融合世界标签体系/通用分类标签/人造物体/覆盖物/可穿戴设备/衣服/不可言说之物/内裤/内裤 || 11029:V2融合世界标签体系/通用分类标签/人造物体/覆盖物/可穿戴设备/衣服/不可言说之物/内裤/内裤
水龙头,8,8418:V2融合世界标签体系/通用分类标签/人造物体/固定物/卫生洁具/水龙头 || 9460:V2融合世界标签体系/通用分类标签/人造物体/机制/控制/调节器/水龙头 || 9462:V2融合世界标签体系/通用分类标签/人造物体/机制/控制/调节器/水龙头/水龙头 || 9853:V2融合世界标签体系/通用分类标签/人造物体/水龙头 || 11559:V2融合世界标签体系/通用分类标签/人造物体/道路/通道/导管/管/滚边/排放管/水龙头 || 18280:V2融合世界标签体系/通用分类标签/建筑与基础设施/辎重/堵塞/塞子/水龙头 || 29966:V2融合世界标签体系/通用分类标签/声音/事物声音/家庭声音/水龙头 || 30389:V2融合世界标签体系/通用分类标签/声音/来源不明声音/通用撞击声/水龙头
裸露,8,19146:V2融合世界标签体系/通用分类标签/文化艺术与媒介/裸露 || 31232:V2融合世界标签体系/通用分类标签/属性与状态/裸露 || 31233:V2融合世界标签体系/通用分类标签/属性与状态/裸露 || 31234:V2融合世界标签体系/通用分类标签/属性与状态/裸露 || 31236:V2融合世界标签体系/通用分类标签/属性与状态/裸露 || 31237:V2融合世界标签体系/通用分类标签/属性与状态/裸露 || 31238:V2融合世界标签体系/通用分类标签/属性与状态/裸露 || 31595:V2融合世界标签体系/通用分类标签/时间数量与度量/裸露
住所,7,2212:V2融合世界标签体系/通用分类标签/人物与人体/住所 || 9232:V2融合世界标签体系/通用分类标签/人造物体/挖掘/住所 || 16622:V2融合世界标签体系/通用分类标签/场景/栖息地/住所 || 17398:V2融合世界标签体系/通用分类标签/建筑与基础设施/H类住宅/住所 || 17401:V2融合世界标签体系/通用分类标签/建筑与基础设施/H类住宅/住所 || 17472:V2融合世界标签体系/通用分类标签/建筑与基础设施/住宅/住处/H类住宅/住所 || 17475:V2融合世界标签体系/通用分类标签/建筑与基础设施/住宅/住处/H类住宅/住所
停车标志,7,19859:V2融合世界标签体系/通用分类标签/文字与信息图形/标志/交通标志/停车标志 || 19860:V2融合世界标签体系/通用分类标签/文字与信息图形/标志/交通标志/停车标志 || 19861:V2融合世界标签体系/通用分类标签/文字与信息图形/标志/交通标志/停车标志 || 19863:V2融合世界标签体系/通用分类标签/文字与信息图形/标志/停车标志 || 19872:V2融合世界标签体系/通用分类标签/文字与信息图形/标志/道路标志/交通标志/停车标志 || 19873:V2融合世界标签体系/通用分类标签/文字与信息图形/标志/道路标志/交通标志/停车标志 || 19874:V2融合世界标签体系/通用分类标签/文字与信息图形/标志/道路标志/交通标志/停车标志
写,7,18786:V2融合世界标签体系/通用分类标签/文化艺术与媒介/写 || 26149:V2融合世界标签体系/通用分类标签/行为动作/写 || 26150:V2融合世界标签体系/通用分类标签/行为动作/写 || 26151:V2融合世界标签体系/通用分类标签/行为动作/写 || 26153:V2融合世界标签体系/通用分类标签/行为动作/写 || 26154:V2融合世界标签体系/通用分类标签/行为动作/写 || 26155:V2融合世界标签体系/通用分类标签/行为动作/写
壳,7,808:V2融合世界标签体系/通用分类标签/交通工具/容器/小船/小船/竞赛艇/壳 || 10754:V2融合世界标签体系/通用分类标签/人造物体/覆盖物/保护/住房/壳 || 10833:V2融合世界标签体系/通用分类标签/人造物体/覆盖物/保护/盾牌/壳 || 24204:V2融合世界标签体系/通用分类标签/自然景观/天然覆盖物/壳 || 24205:V2融合世界标签体系/通用分类标签/自然景观/天然覆盖物/壳 || 24208:V2融合世界标签体系/通用分类标签/自然景观/天然覆盖物/容器盒/壳 || 32860:V2融合世界标签体系/IP 分类标签/地标与武器 IP/武器/军火/壳
头部,7,1358:V2融合世界标签体系/通用分类标签/人物与人体/人体部位/头部 || 2046:V2融合世界标签体系/通用分类标签/人物与人体/会长/头部 || 9103:V2融合世界标签体系/通用分类标签/人造物体/扁平立体/膜/头部 || 15102:V2融合世界标签体系/通用分类标签/动物/家养动物/头部 || 17867:V2融合世界标签体系/通用分类标签/建筑与基础设施/头部 || 17942:V2融合世界标签体系/通用分类标签/建筑与基础设施/投影/头部 || 32096:V2融合世界标签体系/通用分类标签/知识与学科/头部
容器,7,762:V2融合世界标签体系/通用分类标签/交通工具/容器 || 2766:V2融合世界标签体系/通用分类标签/人物与人体/所有者/容器 || 8593:V2融合世界标签体系/通用分类标签/人造物体/容器 || 8773:V2融合世界标签体系/通用分类标签/人造物体/容器/容器 || 8790:V2融合世界标签体系/通用分类标签/人造物体/容器/容器 || 18213:V2融合世界标签体系/通用分类标签/建筑与基础设施/管/容器 || 32425:V2融合世界标签体系/通用分类标签/知识与学科/配件/配件/容器
工作服,7,6177:V2融合世界标签体系/通用分类标签/人造物体/服饰全品/工作服 || 7884:V2融合世界标签体系/通用分类标签/人造物体/商品/消费品/可穿戴设备/工作服 || 7885:V2融合世界标签体系/通用分类标签/人造物体/商品/消费品/可穿戴设备/工作服/工作服 || 8165:V2融合世界标签体系/通用分类标签/人造物体/商品/消费品/可穿戴设备/防护服装/工作服 || 10950:V2融合世界标签体系/通用分类标签/人造物体/覆盖物/可穿戴设备/工作服 || 10951:V2融合世界标签体系/通用分类标签/人造物体/覆盖物/可穿戴设备/工作服/工作服 || 11231:V2融合世界标签体系/通用分类标签/人造物体/覆盖物/可穿戴设备/防护服装/工作服
木材,7,3267:V2融合世界标签体系/通用分类标签/人造物体/中西乐器/管乐器/木材 || 7285:V2融合世界标签体系/通用分类标签/人造物体/体育器材/棒球器材/木材 || 7300:V2融合世界标签体系/通用分类标签/人造物体/体育器材/高尔夫器材/俱乐部/木材 || 8288:V2融合世界标签体系/通用分类标签/人造物体/器具/木条/俱乐部/板球棒/木材 || 9365:V2融合世界标签体系/通用分类标签/人造物体/支持/结构构件/垂直方向/柱子/木材 || 9383:V2融合世界标签体系/通用分类标签/人造物体/支持/结构构件/栋梁/木材 || 29979:V2融合世界标签体系/通用分类标签/声音/事物声音/木材
电钻,7,5544:V2融合世界标签体系/通用分类标签/人造物体/工业机械设备/电钻 || 7519:V2融合世界标签体系/通用分类标签/人造物体/动力工具/电钻 || 7520:V2融合世界标签体系/通用分类标签/人造物体/动力工具/电钻/电钻 || 9632:V2融合世界标签体系/通用分类标签/人造物体/机器/动力工具/电钻 || 9633:V2融合世界标签体系/通用分类标签/人造物体/机器/动力工具/电钻/电钻 || 11609:V2融合世界标签体系/通用分类标签/人造物体/钻/电钻 || 11610:V2融合世界标签体系/通用分类标签/人造物体/钻/电钻/电钻
T恤,6,8098:V2融合世界标签体系/通用分类标签/人造物体/商品/消费品/可穿戴设备/衣服/衬衣/T恤 || 8099:V2融合世界标签体系/通用分类标签/人造物体/商品/消费品/可穿戴设备/衣服/衬衣/T恤 || 8100:V2融合世界标签体系/通用分类标签/人造物体/商品/消费品/可穿戴设备/衣服/衬衣/T恤 || 11164:V2融合世界标签体系/通用分类标签/人造物体/覆盖物/可穿戴设备/衣服/衬衣/T恤 || 11165:V2融合世界标签体系/通用分类标签/人造物体/覆盖物/可穿戴设备/衣服/衬衣/T恤 || 11166:V2融合世界标签体系/通用分类标签/人造物体/覆盖物/可穿戴设备/衣服/衬衣/T恤
亚麻,6,7657:V2融合世界标签体系/通用分类标签/人造物体/台布/亚麻 || 20711:V2融合世界标签体系/通用分类标签/植物/农作物/亚麻 || 22272:V2融合世界标签体系/通用分类标签/植物/草本植物/亚麻 || 22273:V2融合世界标签体系/通用分类标签/植物/草本植物/亚麻 || 31754:V2融合世界标签体系/通用分类标签/材料与物质/天然纤维/天然纤维/植物纤维/亚麻 || 31817:V2融合世界标签体系/通用分类标签/材料与物质/植物材料/植物产品/植物纤维/亚麻
出生,6,2277:V2融合世界标签体系/通用分类标签/人物与人体/出生 || 2278:V2融合世界标签体系/通用分类标签/人物与人体/出生 || 18806:V2融合世界标签体系/通用分类标签/文化艺术与媒介/出生 || 23526:V2融合世界标签体系/通用分类标签/组织机构与社会事件/出生 || 26178:V2融合世界标签体系/通用分类标签/行为动作/出生 || 31391:V2融合世界标签体系/通用分类标签/时间数量与度量/关头/出生
千斤顶,6,7534:V2融合世界标签体系/通用分类标签/人造物体/千斤顶 || 9964:V2融合世界标签体系/通用分类标签/人造物体/游戏器材/球/千斤顶 || 10249:V2融合世界标签体系/通用分类标签/人造物体/电力设备/千斤顶 || 13356:V2融合世界标签体系/通用分类标签/动物/水生非哺乳生物/硬骨鱼/真骨鱼/棘鳍目鱼/鲈形亚目鱼/鲹/千斤顶 || 29181:V2融合世界标签体系/通用分类标签/食物/农产品/食用水果/千斤顶 || 31349:V2融合世界标签体系/通用分类标签/时间数量与度量/不定量/少量/千斤顶
围巾,6,6150:V2融合世界标签体系/通用分类标签/人造物体/服饰全品/围巾 || 7866:V2融合世界标签体系/通用分类标签/人造物体/商品/消费品/可穿戴设备/女装/女服/围巾 || 7979:V2融合世界标签体系/通用分类标签/人造物体/商品/消费品/可穿戴设备/衣服/围巾 || 10932:V2融合世界标签体系/通用分类标签/人造物体/覆盖物/可穿戴设备/女装/女服/围巾 || 11045:V2融合世界标签体系/通用分类标签/人造物体/覆盖物/可穿戴设备/衣服/围巾 || 11453:V2融合世界标签体系/通用分类标签/人造物体/连接/交汇处/关节/围巾
垃圾,6,739:V2融合世界标签体系/通用分类标签/交通工具/垃圾 || 8775:V2融合世界标签体系/通用分类标签/人造物体/容器/容器/垃圾 || 15508:V2融合世界标签体系/通用分类标签/动物/生物类群/动物组/垃圾 || 31740:V2融合世界标签体系/通用分类标签/材料与物质/垃圾 || 31741:V2融合世界标签体系/通用分类标签/材料与物质/垃圾/垃圾 || 31742:V2融合世界标签体系/通用分类标签/材料与物质/垃圾/垃圾
女夜礼服,6,7868:V2融合世界标签体系/通用分类标签/人造物体/商品/消费品/可穿戴设备/女装/女服/女夜礼服 || 7870:V2融合世界标签体系/通用分类标签/人造物体/商品/消费品/可穿戴设备/女装/女服/女夜礼服/女夜礼服 || 7914:V2融合世界标签体系/通用分类标签/人造物体/商品/消费品/可穿戴设备/打扮/夜礼服/女夜礼服 || 10934:V2融合世界标签体系/通用分类标签/人造物体/覆盖物/可穿戴设备/女装/女服/女夜礼服 || 10936:V2融合世界标签体系/通用分类标签/人造物体/覆盖物/可穿戴设备/女装/女服/女夜礼服/女夜礼服 || 10980:V2融合世界标签体系/通用分类标签/人造物体/覆盖物/可穿戴设备/打扮/夜礼服/女夜礼服
演出,6,801:V2融合世界标签体系/通用分类标签/交通工具/容器/小船/小船/演出 || 8390:V2融合世界标签体系/通用分类标签/人造物体/器具/演出 || 23595:V2融合世界标签体系/通用分类标签/组织机构与社会事件/演出 || 26001:V2融合世界标签体系/通用分类标签/行为动作/休养/娱乐/演出 || 26013:V2融合世界标签体系/通用分类标签/行为动作/休养/娱乐/演出/演示/演出 || 26770:V2融合世界标签体系/通用分类标签/行为动作/演出
潜水服,6,8086:V2融合世界标签体系/通用分类标签/人造物体/商品/消费品/可穿戴设备/衣服/潜水服 || 8087:V2融合世界标签体系/通用分类标签/人造物体/商品/消费品/可穿戴设备/衣服/潜水服 || 8173:V2融合世界标签体系/通用分类标签/人造物体/商品/消费品/可穿戴设备/防护服装/潜水服 || 11152:V2融合世界标签体系/通用分类标签/人造物体/覆盖物/可穿戴设备/衣服/潜水服 || 11153:V2融合世界标签体系/通用分类标签/人造物体/覆盖物/可穿戴设备/衣服/潜水服 || 11239:V2融合世界标签体系/通用分类标签/人造物体/覆盖物/可穿戴设备/防护服装/潜水服
紧身衣,6,8090:V2融合世界标签体系/通用分类标签/人造物体/商品/消费品/可穿戴设备/衣服/紧身衣 || 8091:V2融合世界标签体系/通用分类标签/人造物体/商品/消费品/可穿戴设备/衣服/紧身衣 || 8182:V2融合世界标签体系/通用分类标签/人造物体/商品/消费品/可穿戴设备/鞋子/袜类/紧身裤袜/紧身衣 || 11156:V2融合世界标签体系/通用分类标签/人造物体/覆盖物/可穿戴设备/衣服/紧身衣 || 11157:V2融合世界标签体系/通用分类标签/人造物体/覆盖物/可穿戴设备/衣服/紧身衣 || 11248:V2融合世界标签体系/通用分类标签/人造物体/覆盖物/可穿戴设备/鞋子/袜类/紧身裤袜/紧身衣
背心,6,8093:V2融合世界标签体系/通用分类标签/人造物体/商品/消费品/可穿戴设备/衣服/背心 || 8095:V2融合世界标签体系/通用分类标签/人造物体/商品/消费品/可穿戴设备/衣服/背心 || 8108:V2融合世界标签体系/通用分类标签/人造物体/商品/消费品/可穿戴设备/衣服/衬衣/背心 || 11159:V2融合世界标签体系/通用分类标签/人造物体/覆盖物/可穿戴设备/衣服/背心 || 11161:V2融合世界标签体系/通用分类标签/人造物体/覆盖物/可穿戴设备/衣服/背心 || 11174:V2融合世界标签体系/通用分类标签/人造物体/覆盖物/可穿戴设备/衣服/衬衣/背心
萝卜,6,22331:V2融合世界标签体系/通用分类标签/植物/草本植物/十字花科植物/萝卜 || 22333:V2融合世界标签体系/通用分类标签/植物/草本植物/十字花科植物/萝卜/萝卜 || 22692:V2融合世界标签体系/通用分类标签/植物/萝卜 || 24347:V2融合世界标签体系/通用分类标签/自然景观/植物结构/植物器官/根/萝卜 || 29073:V2融合世界标签体系/通用分类标签/食物/农产品/蔬菜/十字花科蔬菜/萝卜 || 29119:V2融合世界标签体系/通用分类标签/食物/农产品/蔬菜/根菜类/萝卜
部分,6,3146:V2融合世界标签体系/通用分类标签/人物与人体/部分 || 19193:V2融合世界标签体系/通用分类标签/文化艺术与媒介/部分 || 19194:V2融合世界标签体系/通用分类标签/文化艺术与媒介/部分 || 19545:V2融合世界标签体系/通用分类标签/文字与信息图形/书面交流/部分 || 19660:V2融合世界标签体系/通用分类标签/文字与信息图形/听觉交流/部分 || 31285:V2融合世界标签体系/通用分类标签/属性与状态/部分
长袍,6,8135:V2融合世界标签体系/通用分类标签/人造物体/商品/消费品/可穿戴设备/衣服/长袍 || 8139:V2融合世界标签体系/通用分类标签/人造物体/商品/消费品/可穿戴设备/衣服/长袍/长袍 || 8140:V2融合世界标签体系/通用分类标签/人造物体/商品/消费品/可穿戴设备/衣服/长袍/长袍 || 11201:V2融合世界标签体系/通用分类标签/人造物体/覆盖物/可穿戴设备/衣服/长袍 || 11205:V2融合世界标签体系/通用分类标签/人造物体/覆盖物/可穿戴设备/衣服/长袍/长袍 || 11206:V2融合世界标签体系/通用分类标签/人造物体/覆盖物/可穿戴设备/衣服/长袍/长袍
一股烟气,5,5042:V2融合世界标签体系/通用分类标签/人造物体/家居软装小件/床上用品/一股烟气 || 8462:V2融合世界标签体系/通用分类标签/人造物体/坐椅/一股烟气 || 26734:V2融合世界标签体系/通用分类标签/行为动作/气流/阵风/一股烟气 || 29455:V2融合世界标签体系/通用分类标签/食物/烘焙食品/糕点/一股烟气 || 29875:V2融合世界标签体系/通用分类标签/声音/一股烟气
上升,5,24107:V2融合世界标签体系/通用分类标签/自然景观/侧面/上升 || 25898:V2融合世界标签体系/通用分类标签/行为动作/上升 || 25899:V2融合世界标签体系/通用分类标签/行为动作/上升 || 26052:V2融合世界标签体系/通用分类标签/行为动作/位置变化/上升 || 31323:V2融合世界标签体系/通用分类标签/时间数量与度量/上升
乐队,5,6899:V2融合世界标签体系/通用分类标签/人造物体/箱包首饰/珠宝首饰/乐队 || 9732:V2融合世界标签体系/通用分类标签/人造物体/条带/乐队 || 10104:V2融合世界标签体系/通用分类标签/人造物体/点缀/装饰/乐队 || 10501:V2融合世界标签体系/通用分类标签/人造物体/约束/乐队 || 23631:V2融合世界标签体系/通用分类标签/组织机构与社会事件/音乐组织/乐团/乐队
书,5,18740:V2融合世界标签体系/通用分类标签/文化艺术与媒介/产品/书 || 18748:V2融合世界标签体系/通用分类标签/文化艺术与媒介/产品/书 || 18796:V2融合世界标签体系/通用分类标签/文化艺术与媒介/出版物/书 || 19546:V2融合世界标签体系/通用分类标签/文字与信息图形/书面交流/部分/书 || 19661:V2融合世界标签体系/通用分类标签/文字与信息图形/听觉交流/部分/书
会议,5,19646:V2融合世界标签体系/通用分类标签/文字与信息图形/听觉交流/言语/会议 || 23509:V2融合世界标签体系/通用分类标签/组织机构与社会事件/会议 || 25753:V2融合世界标签体系/通用分类标签/行为动作/社交互动动作/聚会/会议 || 25754:V2融合世界标签体系/通用分类标签/行为动作/社交互动动作/聚会/会议/会议 || 25756:V2融合世界标签体系/通用分类标签/行为动作/社交互动动作/聚会/会议/会议
伪装,5,7666:V2融合世界标签体系/通用分类标签/人造物体/台布/伪装 || 7897:V2融合世界标签体系/通用分类标签/人造物体/商品/消费品/可穿戴设备/打扮/伪装 || 10963:V2融合世界标签体系/通用分类标签/人造物体/覆盖物/可穿戴设备/打扮/伪装 || 11292:V2融合世界标签体系/通用分类标签/人造物体/覆盖物/屏幕/伪装 || 30929:V2融合世界标签体系/通用分类标签/属性与状态/外表/表象/伪装
信封,5,3464:V2融合世界标签体系/通用分类标签/人造物体/办公文具/信封 || 8595:V2融合世界标签体系/通用分类标签/人造物体/容器/信封 || 8607:V2融合世界标签体系/通用分类标签/人造物体/容器/包/信封 || 10864:V2融合世界标签体系/通用分类标签/人造物体/覆盖物/包装/信封 || 24200:V2融合世界标签体系/通用分类标签/自然景观/天然覆盖物/信封
公寓,5,16162:V2融合世界标签体系/通用分类标签/场景/自然户外场景/田野/公寓 || 17411:V2融合世界标签体系/通用分类标签/建筑与基础设施/H类住宅/公寓 || 17485:V2融合世界标签体系/通用分类标签/建筑与基础设施/住宅/住处/H类住宅/公寓 || 17525:V2融合世界标签体系/通用分类标签/建筑与基础设施/住宅/住处/住处/公寓 || 17527:V2融合世界标签体系/通用分类标签/建筑与基础设施/住宅/公寓
内衣,5,6105:V2融合世界标签体系/通用分类标签/人造物体/服饰全品/内衣 || 7951:V2融合世界标签体系/通用分类标签/人造物体/商品/消费品/可穿戴设备/衣服/不可言说之物/内衣 || 7954:V2融合世界标签体系/通用分类标签/人造物体/商品/消费品/可穿戴设备/衣服/不可言说之物/内衣/女内衣/内衣 || 11017:V2融合世界标签体系/通用分类标签/人造物体/覆盖物/可穿戴设备/衣服/不可言说之物/内衣 || 11020:V2融合世界标签体系/通用分类标签/人造物体/覆盖物/可穿戴设备/衣服/不可言说之物/内衣/女内衣/内衣
冰,5,2275:V2融合世界标签体系/通用分类标签/人物与人体/冰 || 6910:V2融合世界标签体系/通用分类标签/人造物体/箱包首饰/珠宝首饰/宝石/钻石/冰 || 18158:V2融合世界标签体系/通用分类标签/建筑与基础设施/溜冰场/冰 || 29756:V2融合世界标签体系/通用分类标签/食物/路线/点心/冷冻甜点/冰 || 30834:V2融合世界标签体系/通用分类标签/属性与状态/冰
凉亭,5,8310:V2融合世界标签体系/通用分类标签/人造物体/器具/杆/旋转轴/凉亭 || 17395:V2融合世界标签体系/通用分类标签/建筑与基础设施/H类住宅/乡村别墅/凉亭 || 17469:V2融合世界标签体系/通用分类标签/建筑与基础设施/住宅/住处/H类住宅/乡村别墅/凉亭 || 17558:V2融合世界标签体系/通用分类标签/建筑与基础设施/凉亭 || 17986:V2融合世界标签体系/通用分类标签/建筑与基础设施/支承结构/构架/凉亭
区域,5,2498:V2融合世界标签体系/通用分类标签/人物与人体/区域 || 2501:V2融合世界标签体系/通用分类标签/人物与人体/区域 || 18815:V2融合世界标签体系/通用分类标签/文化艺术与媒介/区域 || 18820:V2融合世界标签体系/通用分类标签/文化艺术与媒介/区域 || 32248:V2融合世界标签体系/通用分类标签/知识与学科/点/地形点/区域
发动机,5,1060:V2融合世界标签体系/通用分类标签/交通工具/轮式车辆/自行式车辆/发动机 || 7126:V2融合世界标签体系/通用分类标签/人造物体/乐器/器械/发动机 || 9660:V2融合世界标签体系/通用分类标签/人造物体/机器/发动机 || 9661:V2融合世界标签体系/通用分类标签/人造物体/机器/发动机/发动机 || 30154:V2融合世界标签体系/通用分类标签/声音/发动机
响尾蛇,5,680:V2融合世界标签体系/通用分类标签/交通工具/公共运输/列车/响尾蛇 || 7336:V2融合世界标签体系/通用分类标签/人造物体/信号装置/钟/响尾蛇 || 8537:V2融合世界标签体系/通用分类标签/人造物体/声学装置/钟/响尾蛇 || 13785:V2融合世界标签体系/通用分类标签/动物/爬行动物/蛇类/蝰蛇/蝮蛇/响尾蛇 || 13789:V2融合世界标签体系/通用分类标签/动物/爬行动物/蛇类/蝰蛇/蝮蛇/响尾蛇/响尾蛇
大豆,5,20774:V2融合世界标签体系/通用分类标签/植物/农作物/大豆 || 22614:V2融合世界标签体系/通用分类标签/植物/草本植物/豆科植物/大豆 || 24434:V2融合世界标签体系/通用分类标签/自然景观/植物结构/植物器官/生殖结构/果子/种子/豆/大豆 || 28392:V2融合世界标签体系/通用分类标签/食物/调味品/大豆 || 29153:V2融合世界标签体系/通用分类标签/食物/农产品/蔬菜/豆科植物/蚕豆/大豆
小径,5,11507:V2融合世界标签体系/通用分类标签/人造物体/道路/小径 || 17358:V2融合世界标签体系/通用分类标签/建筑与基础设施/路桥隧道工程/公路/跑道/小径 || 32355:V2融合世界标签体系/通用分类标签/知识与学科/线/小径 || 32359:V2融合世界标签体系/通用分类标签/知识与学科/线/小径 || 32360:V2融合世界标签体系/通用分类标签/知识与学科/线/小径/小径
库存,5,853:V2融合世界标签体系/通用分类标签/交通工具/库存 || 9312:V2融合世界标签体系/通用分类标签/人造物体/支持/库存 || 21753:V2融合世界标签体系/通用分类标签/植物/显花植物/开花植物/开花植物/库存 || 21754:V2融合世界标签体系/通用分类标签/植物/显花植物/开花植物/开花植物/库存 || 28881:V2融合世界标签体系/通用分类标签/食物/一道菜/汤/库存
座位,5,855:V2融合世界标签体系/通用分类标签/交通工具/座位 || 9314:V2融合世界标签体系/通用分类标签/人造物体/支持/座位 || 11297:V2融合世界标签体系/通用分类标签/人造物体/覆盖物/布罩/座位 || 18878:V2融合世界标签体系/通用分类标签/文化艺术与媒介/座位 || 31971:V2融合世界标签体系/通用分类标签/知识与学科/中央/座位
手套,5,6195:V2融合世界标签体系/通用分类标签/人造物体/服饰全品/手套 || 7262:V2融合世界标签体系/通用分类标签/人造物体/体育器材/拳击装备/手套 || 7283:V2融合世界标签体系/通用分类标签/人造物体/体育器材/棒球器材/手套 || 7888:V2融合世界标签体系/通用分类标签/人造物体/商品/消费品/可穿戴设备/手部穿戴物/手套 || 10954:V2融合世界标签体系/通用分类标签/人造物体/覆盖物/可穿戴设备/手部穿戴物/手套
手指,5,2616:V2融合世界标签体系/通用分类标签/人物与人体/外部身体部位/成员/手指 || 2617:V2融合世界标签体系/通用分类标签/人物与人体/外部身体部位/成员/手指/手指 || 2630:V2融合世界标签体系/通用分类标签/人物与人体/外部身体部位/肢端/手指 || 11317:V2融合世界标签体系/通用分类标签/人造物体/覆盖物/手指 || 31313:V2融合世界标签体系/通用分类标签/时间数量与度量/一定量/整数/手指
打印机,5,2417:V2融合世界标签体系/通用分类标签/人物与人体/劳动者/技术工人/打印机 || 5800:V2融合世界标签体系/通用分类标签/人造物体/数码 3C 电子/打印机 || 9642:V2融合世界标签体系/通用分类标签/人造物体/机器/印刷机/打印机 || 10364:V2融合世界标签体系/通用分类标签/人造物体/电子设备/外围设备/打印机 || 29981:V2融合世界标签体系/通用分类标签/声音/事物声音/机制/打印机
支架,5,7343:V2融合世界标签体系/通用分类标签/人造物体/假牙/支架 || 9343:V2融合世界标签体系/通用分类标签/人造物体/支持/支架 || 9344:V2融合世界标签体系/通用分类标签/人造物体/支持/支架 || 9803:V2融合世界标签体系/通用分类标签/人造物体/桌子/支架 || 18002:V2融合世界标签体系/通用分类标签/建筑与基础设施/支承结构/构架/支架
校服,5,6217:V2融合世界标签体系/通用分类标签/人造物体/服饰全品/校服 || 7823:V2融合世界标签体系/通用分类标签/人造物体/商品/消费品/可穿戴设备/制服/校服 || 7926:V2融合世界标签体系/通用分类标签/人造物体/商品/消费品/可穿戴设备/校服 || 10889:V2融合世界标签体系/通用分类标签/人造物体/覆盖物/可穿戴设备/制服/校服 || 10992:V2融合世界标签体系/通用分类标签/人造物体/覆盖物/可穿戴设备/校服
橄榄球,5,9982:V2融合世界标签体系/通用分类标签/人造物体/游戏器材/球/橄榄球 || 9983:V2融合世界标签体系/通用分类标签/人造物体/游戏器材/球/橄榄球 || 24768:V2融合世界标签体系/通用分类标签/行为动作/休闲娱乐动作/游戏/体育游戏/户外游戏/场地运动/橄榄球 || 24772:V2融合世界标签体系/通用分类标签/行为动作/休闲娱乐动作/游戏/体育游戏/户外游戏/场地运动/橄榄球/橄榄球 || 24773:V2融合世界标签体系/通用分类标签/行为动作/休闲娱乐动作/游戏/体育游戏/户外游戏/场地运动/橄榄球/橄榄球
浣熊,5,12592:V2融合世界标签体系/通用分类标签/动物/哺乳动物/有胎盘的/食肉动物/浣熊 || 12596:V2融合世界标签体系/通用分类标签/动物/哺乳动物/有胎盘的/食肉动物/浣熊/浣熊 || 12597:V2融合世界标签体系/通用分类标签/动物/哺乳动物/有胎盘的/食肉动物/浣熊/浣熊 || 12598:V2融合世界标签体系/通用分类标签/动物/哺乳动物/有胎盘的/食肉动物/浣熊/浣熊/浣熊 || 31653:V2融合世界标签体系/通用分类标签/材料与物质/动物材料/动物产品/兽皮/兽皮/浣熊
灰色,5,7928:V2融合世界标签体系/通用分类标签/人造物体/商品/消费品/可穿戴设备/灰色 || 10994:V2融合世界标签体系/通用分类标签/人造物体/覆盖物/可穿戴设备/灰色 || 12138:V2融合世界标签体系/通用分类标签/动物/哺乳动物/马科动物/家马/坐骑/灰色 || 31268:V2融合世界标签体系/通用分类标签/属性与状态/视觉属性/颜色/无彩色/灰色 || 33051:V2融合世界标签体系/IP 分类标签/真人与人物 IP/科学文化人物/作家/灰色
玉米,5,20918:V2融合世界标签体系/通用分类标签/植物/农作物/玉米 || 21267:V2融合世界标签体系/通用分类标签/植物/草本竹藤植物/牧草/谷类禾草/玉米 || 24430:V2融合世界标签体系/通用分类标签/自然景观/植物结构/植物器官/生殖结构/果子/种子/谷物/种仁/玉米 || 29576:V2融合世界标签体系/通用分类标签/食物/致醉物/烈性酒/威士忌/玉米 || 29848:V2融合世界标签体系/通用分类标签/食物/食品/谷物/玉米
睡衣,5,6271:V2融合世界标签体系/通用分类标签/人造物体/服饰全品/睡衣 || 7932:V2融合世界标签体系/通用分类标签/人造物体/商品/消费品/可穿戴设备/男式睡衣上衣/睡衣 || 8126:V2融合世界标签体系/通用分类标签/人造物体/商品/消费品/可穿戴设备/衣服/裤子/睡衣 || 10998:V2融合世界标签体系/通用分类标签/人造物体/覆盖物/可穿戴设备/男式睡衣上衣/睡衣 || 11192:V2融合世界标签体系/通用分类标签/人造物体/覆盖物/可穿戴设备/衣服/裤子/睡衣
研究,5,19164:V2融合世界标签体系/通用分类标签/文化艺术与媒介/调查/研究 || 26892:V2融合世界标签体系/通用分类标签/行为动作/研究 || 26893:V2融合世界标签体系/通用分类标签/行为动作/研究/研究 || 26894:V2融合世界标签体系/通用分类标签/行为动作/研究/研究 || 32429:V2融合世界标签体系/通用分类标签/知识与学科/问题解决/研究
礼服,5,6298:V2融合世界标签体系/通用分类标签/人造物体/服饰全品/礼服 || 7826:V2融合世界标签体系/通用分类标签/人造物体/商品/消费品/可穿戴设备/外套服装/礼服 || 7828:V2融合世界标签体系/通用分类标签/人造物体/商品/消费品/可穿戴设备/外套服装/礼服/礼服 || 10892:V2融合世界标签体系/通用分类标签/人造物体/覆盖物/可穿戴设备/外套服装/礼服 || 10894:V2融合世界标签体系/通用分类标签/人造物体/覆盖物/可穿戴设备/外套服装/礼服/礼服
葫芦,5,8744:V2融合世界标签体系/通用分类标签/人造物体/容器/器皿/瓶/葫芦 || 21335:V2融合世界标签体系/通用分类标签/植物/草本竹藤植物/藤本植物/葫芦 || 21343:V2融合世界标签体系/通用分类标签/植物/草本竹藤植物/藤本植物/葫芦/葫芦 || 24441:V2融合世界标签体系/通用分类标签/自然景观/植物结构/植物器官/生殖结构/果子/葫芦 || 24442:V2融合世界标签体系/通用分类标签/自然景观/植物结构/植物器官/生殖结构/果子/葫芦/葫芦
裤子,5,8109:V2融合世界标签体系/通用分类标签/人造物体/商品/消费品/可穿戴设备/衣服/裤子 || 8131:V2融合世界标签体系/通用分类标签/人造物体/商品/消费品/可穿戴设备/衣服/裤子 || 11175:V2融合世界标签体系/通用分类标签/人造物体/覆盖物/可穿戴设备/衣服/裤子 || 11197:V2融合世界标签体系/通用分类标签/人造物体/覆盖物/可穿戴设备/衣服/裤子 || 30565:V2融合世界标签体系/通用分类标签/声音/裤子
角,5,9201:V2融合世界标签体系/通用分类标签/人造物体/报警系统/角 || 11399:V2融合世界标签体系/通用分类标签/人造物体/角 || 31111:V2融合世界标签体系/通用分类标签/属性与状态/无定形/角 || 31671:V2融合世界标签体系/通用分类标签/材料与物质/动物材料/角 || 32263:V2融合世界标签体系/通用分类标签/知识与学科/点/角
警报器,5,7066:V2融合世界标签体系/通用分类标签/人造物体/乐器/器械/仪器/时计/时钟/警报器 || 8534:V2融合世界标签体系/通用分类标签/人造物体/声学装置/警报器 || 9203:V2融合世界标签体系/通用分类标签/人造物体/报警系统/警报器 || 30023:V2融合世界标签体系/通用分类标签/声音/事物声音/警报器 || 30028:V2融合世界标签体系/通用分类标签/声音/事物声音/警报器/警报器
跑道,5,10690:V2融合世界标签体系/通用分类标签/人造物体/表面/水平仪/平台/跑道 || 10697:V2融合世界标签体系/通用分类标签/人造物体/表面/水平仪/铺装表面/跑道 || 10733:V2融合世界标签体系/通用分类标签/人造物体/装置/球场/跑道 || 11416:V2融合世界标签体系/通用分类标签/人造物体/跑道 || 17357:V2融合世界标签体系/通用分类标签/建筑与基础设施/路桥隧道工程/公路/跑道
连接,5,11449:V2融合世界标签体系/通用分类标签/人造物体/连接 || 11484:V2融合世界标签体系/通用分类标签/人造物体/连接 || 26095:V2融合世界标签体系/通用分类标签/行为动作/使联合/连接 || 26102:V2融合世界标签体系/通用分类标签/行为动作/使联合/连接/连接 || 26103:V2融合世界标签体系/通用分类标签/行为动作/使联合/连接
食堂,5,15803:V2融合世界标签体系/通用分类标签/场景/室内场景/餐厅/食堂 || 15804:V2融合世界标签体系/通用分类标签/场景/室内场景/餐厅/食堂/食堂 || 17743:V2融合世界标签体系/通用分类标签/建筑与基础设施/区/室/大厅/食堂 || 17798:V2融合世界标签体系/通用分类标签/建筑与基础设施/区/室/食堂 || 23640:V2融合世界标签体系/通用分类标签/组织机构与社会事件/食堂
饺子,5,27311:V2融合世界标签体系/通用分类标签/食物/中式主食面点/饺子 || 29345:V2融合世界标签体系/通用分类标签/食物/意大利面食/饺子 || 29348:V2融合世界标签体系/通用分类标签/食物/意大利面食/饺子/饺子 || 29780:V2融合世界标签体系/通用分类标签/食物/路线/点心/饺子 || 29870:V2融合世界标签体系/通用分类标签/食物/饺子
高领,5,8048:V2融合世界标签体系/通用分类标签/人造物体/商品/消费品/可穿戴设备/衣服/套头衫/高领 || 8101:V2融合世界标签体系/通用分类标签/人造物体/商品/消费品/可穿戴设备/衣服/衬衣/T恤/高领 || 9753:V2融合世界标签体系/通用分类标签/人造物体/条带/乐队/高领 || 11114:V2融合世界标签体系/通用分类标签/人造物体/覆盖物/可穿戴设备/衣服/套头衫/高领 || 11167:V2融合世界标签体系/通用分类标签/人造物体/覆盖物/可穿戴设备/衣服/衬衣/T恤/高领
丁字裤,4,7959:V2融合世界标签体系/通用分类标签/人造物体/商品/消费品/可穿戴设备/衣服/不可言说之物/内裤/丁字裤 || 8394:V2融合世界标签体系/通用分类标签/人造物体/器具/皮带/丁字裤 || 11025:V2融合世界标签体系/通用分类标签/人造物体/覆盖物/可穿戴设备/衣服/不可言说之物/内裤/丁字裤 || 11367:V2融合世界标签体系/通用分类标签/人造物体/覆盖物/足部装备/鞋/凉鞋/丁字裤
万圣节服装,4,7909:V2融合世界标签体系/通用分类标签/人造物体/商品/消费品/可穿戴设备/打扮/剧装/万圣节服装 || 7910:V2融合世界标签体系/通用分类标签/人造物体/商品/消费品/可穿戴设备/打扮/剧装/万圣节服装 || 10975:V2融合世界标签体系/通用分类标签/人造物体/覆盖物/可穿戴设备/打扮/剧装/万圣节服装 || 10976:V2融合世界标签体系/通用分类标签/人造物体/覆盖物/可穿戴设备/打扮/剧装/万圣节服装
丝兰,4,20510:V2融合世界标签体系/通用分类标签/植物/乔木灌木林木/灌木/丝兰 || 20511:V2融合世界标签体系/通用分类标签/植物/乔木灌木林木/灌木/丝兰/丝兰 || 20512:V2融合世界标签体系/通用分类标签/植物/乔木灌木林木/灌木/丝兰/丝兰 || 20513:V2融合世界标签体系/通用分类标签/植物/乔木灌木林木/灌木/丝兰/丝兰
两件套,4,7944:V2融合世界标签体系/通用分类标签/人造物体/商品/消费品/可穿戴设备/衣服/一套衣服/商务西装/两件套 || 8082:V2融合世界标签体系/通用分类标签/人造物体/商品/消费品/可穿戴设备/衣服/泳衣/两件套 || 11010:V2融合世界标签体系/通用分类标签/人造物体/覆盖物/可穿戴设备/衣服/一套衣服/商务西装/两件套 || 11148:V2融合世界标签体系/通用分类标签/人造物体/覆盖物/可穿戴设备/衣服/泳衣/两件套
主题,4,1949:V2融合世界标签体系/通用分类标签/人物与人体/主题 || 1950:V2融合世界标签体系/通用分类标签/人物与人体/主题 || 19489:V2融合世界标签体系/通用分类标签/文字与信息图形/主题 || 19636:V2融合世界标签体系/通用分类标签/文字与信息图形/听觉交流/主题
乳搭,4,7859:V2融合世界标签体系/通用分类标签/人造物体/商品/消费品/可穿戴设备/女装/乳搭 || 7948:V2融合世界标签体系/通用分类标签/人造物体/商品/消费品/可穿戴设备/衣服/不可言说之物/乳搭 || 10925:V2融合世界标签体系/通用分类标签/人造物体/覆盖物/可穿戴设备/女装/乳搭 || 11014:V2融合世界标签体系/通用分类标签/人造物体/覆盖物/可穿戴设备/衣服/不可言说之物/乳搭
云杉松,4,20030:V2融合世界标签体系/通用分类标签/植物/乔木灌木林木/针叶树/云杉/云杉松 || 20055:V2融合世界标签体系/通用分类标签/植物/乔木灌木林木/针叶树/松属植物/云杉松 || 20056:V2融合世界标签体系/通用分类标签/植物/乔木灌木林木/针叶树/松属植物/云杉松 || 20083:V2融合世界标签体系/通用分类标签/植物/乔木灌木林木/针叶树/毒芹/云杉松
令人惊叹的,4,30804:V2融合世界标签体系/通用分类标签/属性与状态/令人惊叹的 || 30805:V2融合世界标签体系/通用分类标签/属性与状态/令人惊叹的 || 30806:V2融合世界标签体系/通用分类标签/属性与状态/令人惊叹的 || 30807:V2融合世界标签体系/通用分类标签/属性与状态/令人惊叹的
仪式,4,23493:V2融合世界标签体系/通用分类标签/组织机构与社会事件/事务/仪式 || 25940:V2融合世界标签体系/通用分类标签/行为动作/仪式 || 25941:V2融合世界标签体系/通用分类标签/行为动作/仪式 || 26467:V2融合世界标签体系/通用分类标签/行为动作/惯例/习俗/仪式
住处,4,17465:V2融合世界标签体系/通用分类标签/建筑与基础设施/住宅/住处 || 17521:V2融合世界标签体系/通用分类标签/建筑与基础设施/住宅/住处 || 17522:V2融合世界标签体系/通用分类标签/建筑与基础设施/住宅/住处/住处 || 31995:V2融合世界标签体系/通用分类标签/知识与学科/住处
侦探,4,1945:V2融合世界标签体系/通用分类标签/人物与人体/专家/调查员/侦探 || 1946:V2融合世界标签体系/通用分类标签/人物与人体/专家/调查员/侦探/侦探 || 2244:V2融合世界标签体系/通用分类标签/人物与人体/保护者/保护器/执法人员/官员/侦探 || 11343:V2融合世界标签体系/通用分类标签/人造物体/覆盖物/足部装备/套鞋/侦探
俱乐部,4,7299:V2融合世界标签体系/通用分类标签/人造物体/体育器材/高尔夫器材/俱乐部 || 8285:V2融合世界标签体系/通用分类标签/人造物体/器具/木条/俱乐部 || 18091:V2融合世界标签体系/通用分类标签/建筑与基础设施/机构/商业机构/斑点/俱乐部 || 23549:V2融合世界标签体系/通用分类标签/组织机构与社会事件/协会/俱乐部
假发,4,7901:V2融合世界标签体系/通用分类标签/人造物体/商品/消费品/可穿戴设备/打扮/假发 || 7902:V2融合世界标签体系/通用分类标签/人造物体/商品/消费品/可穿戴设备/打扮/假发/假发 || 10967:V2融合世界标签体系/通用分类标签/人造物体/覆盖物/可穿戴设备/打扮/假发 || 10968:V2融合世界标签体系/通用分类标签/人造物体/覆盖物/可穿戴设备/打扮/假发/假发
停止,4,9501:V2融合世界标签体系/通用分类标签/人造物体/机制/机械装置/停止 || 23578:V2融合世界标签体系/通用分类标签/组织机构与社会事件/收场/停止 || 26137:V2融合世界标签体系/通用分类标签/行为动作/停止 || 32247:V2融合世界标签体系/通用分类标签/知识与学科/点/地形点/停止
公牛,4,2245:V2融合世界标签体系/通用分类标签/人物与人体/保护者/保护器/执法人员/官员/公牛 || 12337:V2融合世界标签体系/通用分类标签/动物/哺乳动物/有胎盘的/公牛 || 12371:V2融合世界标签体系/通用分类标签/动物/哺乳动物/有胎盘的/有蹄哺乳动物/偶蹄动物/反刍动物/牛科动物/牛属动物/家牛/公牛 || 12372:V2融合世界标签体系/通用分类标签/动物/哺乳动物/有胎盘的/有蹄哺乳动物/偶蹄动物/反刍动物/牛科动物/牛属动物/家牛/公牛
公鸡,4,2567:V2融合世界标签体系/通用分类标签/人物与人体/器官/勃起器官/阴茎/公鸡 || 14050:V2融合世界标签体系/通用分类标签/动物/鸟类/家禽/公鸡 || 14055:V2融合世界标签体系/通用分类标签/动物/鸟类/家禽/原鸡/公鸡 || 14592:V2融合世界标签体系/通用分类标签/动物/鸟类/公鸡
出口,4,7809:V2融合世界标签体系/通用分类标签/人造物体/商品/出口 || 9009:V2融合世界标签体系/通用分类标签/人造物体/开口/出口 || 26172:V2融合世界标签体系/通用分类标签/行为动作/出口 || 26173:V2融合世界标签体系/通用分类标签/行为动作/出口
出租马车,4,266:V2融合世界标签体系/通用分类标签/交通工具/畜力与传统载具/马车/出租马车 || 268:V2融合世界标签体系/通用分类标签/交通工具/畜力与传统载具/马车/出租马车 || 7425:V2融合世界标签体系/通用分类标签/人造物体/出租马车 || 12129:V2融合世界标签体系/通用分类标签/动物/哺乳动物/马科动物/家马/出租马车
刨槽机,4,2399:V2融合世界标签体系/通用分类标签/人物与人体/劳动者/技术工人/刨槽机 || 7487:V2融合世界标签体系/通用分类标签/人造物体/刨槽机 || 7508:V2融合世界标签体系/通用分类标签/人造物体/动力工具/刨槽机 || 9621:V2融合世界标签体系/通用分类标签/人造物体/机器/动力工具/刨槽机
别针,4,3331:V2融合世界标签体系/通用分类标签/人造物体/五金工具/紧固件/别针 || 3342:V2融合世界标签体系/通用分类标签/人造物体/五金工具/紧固件/别针 || 6902:V2融合世界标签体系/通用分类标签/人造物体/箱包首饰/珠宝首饰/别针 || 6903:V2融合世界标签体系/通用分类标签/人造物体/箱包首饰/珠宝首饰/别针/别针
制服,4,7816:V2融合世界标签体系/通用分类标签/人造物体/商品/消费品/可穿戴设备/制服 || 7822:V2融合世界标签体系/通用分类标签/人造物体/商品/消费品/可穿戴设备/制服/制服 || 10882:V2融合世界标签体系/通用分类标签/人造物体/覆盖物/可穿戴设备/制服 || 10888:V2融合世界标签体系/通用分类标签/人造物体/覆盖物/可穿戴设备/制服/制服
刺,4,2564:V2融合世界标签体系/通用分类标签/人物与人体/器官/刺 || 2909:V2融合世界标签体系/通用分类标签/人物与人体/植物过程/刺 || 2910:V2融合世界标签体系/通用分类标签/人物与人体/植物过程/刺/刺 || 26195:V2融合世界标签体系/通用分类标签/行为动作/划水动作/一击/刺
包子,4,27118:V2融合世界标签体系/通用分类标签/食物/中式主食面点/包子 || 27799:V2融合世界标签体系/通用分类标签/食物/烘焙甜品点心/面包/包子 || 27800:V2融合世界标签体系/通用分类标签/食物/烘焙甜品点心/面包/包子/包子 || 31673:V2融合世界标签体系/通用分类标签/材料与物质/包子
化妆刷,4,2496:V2融合世界标签体系/通用分类标签/人物与人体/化妆刷 || 7521:V2融合世界标签体系/通用分类标签/人造物体/化妆刷 || 8237:V2融合世界标签体系/通用分类标签/人造物体/器具/刷/化妆刷 || 9416:V2融合世界标签体系/通用分类标签/人造物体/敷抹器/化妆刷
化装服,4,7900:V2融合世界标签体系/通用分类标签/人造物体/商品/消费品/可穿戴设备/打扮/伪装/化装服 || 7911:V2融合世界标签体系/通用分类标签/人造物体/商品/消费品/可穿戴设备/打扮/剧装/化装服 || 10966:V2融合世界标签体系/通用分类标签/人造物体/覆盖物/可穿戴设备/打扮/伪装/化装服 || 10977:V2融合世界标签体系/通用分类标签/人造物体/覆盖物/可穿戴设备/打扮/剧装/化装服
卡夫坦长袍,4,7864:V2融合世界标签体系/通用分类标签/人造物体/商品/消费品/可穿戴设备/女装/女服/卡夫坦长袍 || 8027:V2融合世界标签体系/通用分类标签/人造物体/商品/消费品/可穿戴设备/衣服/外衣/披风/卡夫坦长袍 || 10930:V2融合世界标签体系/通用分类标签/人造物体/覆盖物/可穿戴设备/女装/女服/卡夫坦长袍 || 11093:V2融合世界标签体系/通用分类标签/人造物体/覆盖物/可穿戴设备/衣服/外衣/披风/卡夫坦长袍
卡片,4,709:V2融合世界标签体系/通用分类标签/交通工具/卡片 || 10303:V2融合世界标签体系/通用分类标签/人造物体/电力设备/电路/计算机电路/印刷电路/卡片 || 19540:V2融合世界标签体系/通用分类标签/文字与信息图形/书面交流/通信/卡片 || 19815:V2融合世界标签体系/通用分类标签/文字与信息图形/指示/身份证明/肯定身份识别/卡片
厕所,4,8412:V2融合世界标签体系/通用分类标签/人造物体/固定物/卫生洁具/便桶椅/厕所 || 17712:V2融合世界标签体系/通用分类标签/建筑与基础设施/区/室/厕所 || 17713:V2融合世界标签体系/通用分类标签/建筑与基础设施/区/室/厕所/厕所 || 18380:V2融合世界标签体系/通用分类标签/建筑与基础设施/附属建筑/厕所
及膝袜,4,8185:V2融合世界标签体系/通用分类标签/人造物体/商品/消费品/可穿戴设备/鞋子/袜类/袜子/及膝袜 || 8192:V2融合世界标签体系/通用分类标签/人造物体/商品/消费品/可穿戴设备/鞋子/袜类/长筒袜/及膝袜 || 11251:V2融合世界标签体系/通用分类标签/人造物体/覆盖物/可穿戴设备/鞋子/袜类/袜子/及膝袜 || 11258:V2融合世界标签体系/通用分类标签/人造物体/覆盖物/可穿戴设备/鞋子/袜类/长筒袜/及膝袜
发射,4,786:V2融合世界标签体系/通用分类标签/交通工具/容器/小船/动力艇/发射 || 26274:V2融合世界标签体系/通用分类标签/行为动作/发射 || 26275:V2融合世界标签体系/通用分类标签/行为动作/发射 || 26584:V2融合世界标签体系/通用分类标签/行为动作/推进/发射
口哨声,4,3265:V2融合世界标签体系/通用分类标签/人造物体/中西乐器/管乐器/口哨声 || 7331:V2融合世界标签体系/通用分类标签/人造物体/信号装置/口哨声 || 8530:V2融合世界标签体系/通用分类标签/人造物体/声学装置/口哨声 || 30172:V2融合世界标签体系/通用分类标签/声音/口哨声
台面,4,10634:V2融合世界标签体系/通用分类标签/人造物体/表面/工作台面/台面 || 10635:V2融合世界标签体系/通用分类标签/人造物体/表面/工作台面/台面 || 10638:V2融合世界标签体系/通用分类标签/人造物体/表面/工作台面/桌面/台面 || 10647:V2融合世界标签体系/通用分类标签/人造物体/表面/桌面/台面
吸引力,4,26792:V2融合世界标签体系/通用分类标签/行为动作/物理现象/吸引力 || 30868:V2融合世界标签体系/通用分类标签/属性与状态/吸引力 || 30926:V2融合世界标签体系/通用分类标签/属性与状态/外表/美/吸引力 || 30927:V2融合世界标签体系/通用分类标签/属性与状态/外表/美/吸引力/吸引力
吹风机,4,5142:V2融合世界标签体系/通用分类标签/人造物体/家用电器/吹风机 || 8202:V2融合世界标签体系/通用分类标签/人造物体/商品/消费品/耐用品/器具/干燥器/吹风机 || 11503:V2融合世界标签体系/通用分类标签/人造物体/通风机/吹风机 || 30190:V2融合世界标签体系/通用分类标签/声音/吹风机
咖啡机,4,5109:V2融合世界标签体系/通用分类标签/人造物体/家用电器/厨房用具/咖啡壶/咖啡机 || 5110:V2融合世界标签体系/通用分类标签/人造物体/家用电器/厨房用具/咖啡壶/咖啡机 || 5151:V2融合世界标签体系/通用分类标签/人造物体/家用电器/咖啡机 || 7803:V2融合世界标签体系/通用分类标签/人造物体/咖啡机
哈密瓜,4,21339:V2融合世界标签体系/通用分类标签/植物/草本竹藤植物/藤本植物/葫芦/甜瓜/甜瓜/哈密瓜 || 29255:V2融合世界标签体系/通用分类标签/食物/农产品/食用水果/甜瓜/哈密瓜 || 29258:V2融合世界标签体系/通用分类标签/食物/农产品/食用水果/甜瓜/甜瓜/哈密瓜 || 29259:V2融合世界标签体系/通用分类标签/食物/农产品/食用水果/甜瓜/甜瓜/哈密瓜
唱片,4,5720:V2融合世界标签体系/通用分类标签/人造物体/数码 3C 电子/存储设备/唱片 || 5728:V2融合世界标签体系/通用分类标签/人造物体/数码 3C 电子/存储设备/唱片 || 8559:V2融合世界标签体系/通用分类标签/人造物体/媒介/唱片 || 8560:V2融合世界标签体系/通用分类标签/人造物体/媒介/唱片
喂食器,4,8222:V2融合世界标签体系/通用分类标签/人造物体/喂食器 || 15085:V2融合世界标签体系/通用分类标签/动物/喂食器 || 15101:V2融合世界标签体系/通用分类标签/动物/家养动物/喂食器 || 23972:V2融合世界标签体系/通用分类标签/自然景观/水文水体/溪流/树枝/喂食器
喷墨打印机,4,9644:V2融合世界标签体系/通用分类标签/人造物体/机器/印刷机/打印机/点式打印机/喷墨打印机 || 9645:V2融合世界标签体系/通用分类标签/人造物体/机器/印刷机/打印机/点式打印机/喷墨打印机/喷墨打印机 || 10366:V2融合世界标签体系/通用分类标签/人造物体/电子设备/外围设备/打印机/点式打印机/喷墨打印机 || 10367:V2融合世界标签体系/通用分类标签/人造物体/电子设备/外围设备/打印机/点式打印机/喷墨打印机/喷墨打印机
囊地鼠,4,2210:V2融合世界标签体系/通用分类标签/人物与人体/住户/美国人/囊地鼠 || 11807:V2融合世界标签体系/通用分类标签/动物/哺乳动物/啮齿动物/家鼠/囊鼠/囊地鼠 || 11815:V2融合世界标签体系/通用分类标签/动物/哺乳动物/啮齿动物/松鼠/囊地鼠 || 13847:V2融合世界标签体系/通用分类标签/动物/爬行动物/龟鳖类/乌龟/陆龟/囊地鼠
圣诞帽,4,6053:V2融合世界标签体系/通用分类标签/人造物体/服饰全品/帽子/圣诞帽 || 7843:V2融合世界标签体系/通用分类标签/人造物体/商品/消费品/可穿戴设备/头具/圣诞帽 || 8457:V2融合世界标签体系/通用分类标签/人造物体/圣诞帽 || 10909:V2融合世界标签体系/通用分类标签/人造物体/覆盖物/可穿戴设备/头具/圣诞帽
圣诞树,4,10077:V2融合世界标签体系/通用分类标签/人造物体/点缀/圣诞树 || 20045:V2融合世界标签体系/通用分类标签/植物/乔木灌木林木/针叶树/冷杉/银冷杉/圣诞树 || 20046:V2融合世界标签体系/通用分类标签/植物/乔木灌木林木/针叶树/冷杉/银冷杉/圣诞树 || 20153:V2融合世界标签体系/通用分类标签/植物/乔木灌木林木/乔木/圣诞树
地基,4,7969:V2融合世界标签体系/通用分类标签/人造物体/商品/消费品/可穿戴设备/衣服/不可言说之物/地基 || 11035:V2融合世界标签体系/通用分类标签/人造物体/覆盖物/可穿戴设备/衣服/不可言说之物/地基 || 23618:V2融合世界标签体系/通用分类标签/组织机构与社会事件/金融机构/地基 || 32085:V2融合世界标签体系/通用分类标签/知识与学科/地基
城,4,31988:V2融合世界标签体系/通用分类标签/知识与学科/人口聚居区/市镇/城 || 31990:V2融合世界标签体系/通用分类标签/知识与学科/人口聚居区/市镇/城 || 32075:V2融合世界标签体系/通用分类标签/知识与学科/地区/行政区/市镇/城 || 32077:V2融合世界标签体系/通用分类标签/知识与学科/地区/行政区/市镇/城
大学,4,18095:V2融合世界标签体系/通用分类标签/建筑与基础设施/机构/大学 || 23252:V2融合世界标签体系/通用分类标签/组织机构与社会事件/组织机构/教育机构/大学 || 23253:V2融合世界标签体系/通用分类标签/组织机构与社会事件/组织机构/教育机构/大学 || 23612:V2融合世界标签体系/通用分类标签/组织机构与社会事件/身体/大学
天窗,4,10785:V2融合世界标签体系/通用分类标签/人造物体/覆盖物/保护/屋顶/天窗 || 18032:V2融合世界标签体系/通用分类标签/建筑与基础设施/支承结构/构架/窗户/天窗 || 18033:V2融合世界标签体系/通用分类标签/建筑与基础设施/支承结构/构架/窗户/天窗 || 18034:V2融合世界标签体系/通用分类标签/建筑与基础设施/支承结构/构架/窗户/天窗
套头衫,4,8043:V2融合世界标签体系/通用分类标签/人造物体/商品/消费品/可穿戴设备/衣服/套头衫 || 8044:V2融合世界标签体系/通用分类标签/人造物体/商品/消费品/可穿戴设备/衣服/套头衫/套头衫 || 11109:V2融合世界标签体系/通用分类标签/人造物体/覆盖物/可穿戴设备/衣服/套头衫 || 11110:V2融合世界标签体系/通用分类标签/人造物体/覆盖物/可穿戴设备/衣服/套头衫/套头衫
女式睡裙,4,7931:V2融合世界标签体系/通用分类标签/人造物体/商品/消费品/可穿戴设备/男式睡衣上衣/女式睡裙 || 7955:V2融合世界标签体系/通用分类标签/人造物体/商品/消费品/可穿戴设备/衣服/不可言说之物/内衣/女内衣/女式睡裙 || 10997:V2融合世界标签体系/通用分类标签/人造物体/覆盖物/可穿戴设备/男式睡衣上衣/女式睡裙 || 11021:V2融合世界标签体系/通用分类标签/人造物体/覆盖物/可穿戴设备/衣服/不可言说之物/内衣/女内衣/女式睡裙
女王,4,2786:V2融合世界标签体系/通用分类标签/人物与人体/拟人化/女王 || 12086:V2融合世界标签体系/通用分类标签/动物/哺乳动物/猫科动物/猫/家猫/女王 || 15254:V2融合世界标签体系/通用分类标签/动物/无脊椎动物/节肢动物/昆虫/女王 || 31917:V2融合世界标签体系/通用分类标签/材料与物质/纸/卡/扑克牌/人头牌/女王
婆婆纳,4,21740:V2融合世界标签体系/通用分类标签/植物/显花植物/开花植物/开花植物/婆婆纳 || 21741:V2融合世界标签体系/通用分类标签/植物/显花植物/开花植物/开花植物/婆婆纳/婆婆纳 || 21742:V2融合世界标签体系/通用分类标签/植物/显花植物/开花植物/开花植物/婆婆纳/婆婆纳 || 21911:V2融合世界标签体系/通用分类标签/植物/显花植物/开花植物/野花/婆婆纳
婴儿床,4,7549:V2融合世界标签体系/通用分类标签/人造物体/卧室家具/床/婴儿床 || 8547:V2融合世界标签体系/通用分类标签/人造物体/婴儿床 || 8548:V2融合世界标签体系/通用分类标签/人造物体/婴儿床/婴儿床 || 17188:V2融合世界标签体系/通用分类标签/建筑与基础设施/工业与仓储建筑/仓库/筒仓/婴儿床
学院,4,16746:V2融合世界标签体系/通用分类标签/建筑与基础设施/公共服务建筑/学校/中学/学院 || 17859:V2融合世界标签体系/通用分类标签/建筑与基础设施/复合体/学院 || 23613:V2融合世界标签体系/通用分类标签/组织机构与社会事件/身体/学院 || 31583:V2融合世界标签体系/通用分类标签/时间数量与度量/行政单位/部门/学院
安全帽,4,7837:V2融合世界标签体系/通用分类标签/人造物体/商品/消费品/可穿戴设备/头具/兜鍪/安全帽 || 7838:V2融合世界标签体系/通用分类标签/人造物体/商品/消费品/可穿戴设备/头具/兜鍪/安全帽 || 10903:V2融合世界标签体系/通用分类标签/人造物体/覆盖物/可穿戴设备/头具/兜鍪/安全帽 || 10904:V2融合世界标签体系/通用分类标签/人造物体/覆盖物/可穿戴设备/头具/兜鍪/安全帽
布丁,4,27892:V2融合世界标签体系/通用分类标签/食物/烘焙甜品点心/布丁 || 28847:V2融合世界标签体系/通用分类标签/食物/一道菜/布丁 || 29767:V2融合世界标签体系/通用分类标签/食物/路线/点心/布丁 || 29769:V2融合世界标签体系/通用分类标签/食物/路线/点心/布丁
帆布,4,7696:V2融合世界标签体系/通用分类标签/人造物体/台布/帆布 || 7697:V2融合世界标签体系/通用分类标签/人造物体/台布/帆布 || 7699:V2融合世界标签体系/通用分类标签/人造物体/台布/帆布 || 17908:V2融合世界标签体系/通用分类标签/建筑与基础设施/庇护所/可折叠庇护所/帆布
带,4,8150:V2融合世界标签体系/通用分类标签/人造物体/商品/消费品/可穿戴设备/装备/带 || 9756:V2融合世界标签体系/通用分类标签/人造物体/条带/带 || 11216:V2融合世界标签体系/通用分类标签/人造物体/覆盖物/可穿戴设备/装备/带 || 32121:V2融合世界标签体系/通用分类标签/知识与学科/带
平台,4,10664:V2融合世界标签体系/通用分类标签/人造物体/表面/水平仪/平台 || 10668:V2融合世界标签体系/通用分类标签/人造物体/表面/水平仪/平台/平台 || 11376:V2融合世界标签体系/通用分类标签/人造物体/覆盖物/足部装备/鞋/平台 || 17890:V2融合世界标签体系/通用分类标签/建筑与基础设施/平台
幼兽,4,2775:V2融合世界标签体系/通用分类标签/人物与人体/技能不熟练者/初学者/幼兽 || 15072:V2融合世界标签体系/通用分类标签/动物/后代/幼年哺乳动物/幼兽 || 15073:V2融合世界标签体系/通用分类标签/动物/后代/幼年哺乳动物/幼兽 || 15074:V2融合世界标签体系/通用分类标签/动物/后代/幼年哺乳动物/幼兽
弓,4,1244:V2融合世界标签体系/通用分类标签/人物与人体/人体部位/手臂/弓 || 3377:V2融合世界标签体系/通用分类标签/人造物体/五金工具/紧固件/结/弓 || 10089:V2融合世界标签体系/通用分类标签/人造物体/点缀/弓 || 31214:V2融合世界标签体系/通用分类标签/属性与状态/线/曲线/弓
待洗衣物,4,8072:V2融合世界标签体系/通用分类标签/人造物体/商品/消费品/可穿戴设备/衣服/待洗衣物 || 8220:V2融合世界标签体系/通用分类标签/人造物体/商品/纺织品/大型白色家电/待洗衣物 || 11138:V2融合世界标签体系/通用分类标签/人造物体/覆盖物/可穿戴设备/衣服/待洗衣物 || 18879:V2融合世界标签体系/通用分类标签/文化艺术与媒介/待洗衣物
手杖,4,8297:V2融合世界标签体系/通用分类标签/人造物体/器具/木条/手杖 || 8298:V2融合世界标签体系/通用分类标签/人造物体/器具/木条/手杖/手杖 || 15253:V2融合世界标签体系/通用分类标签/动物/无脊椎动物/节肢动物/昆虫/噬菌体质粒/手杖 || 24315:V2融合世界标签体系/通用分类标签/自然景观/植物结构/植物器官/(花草的)茎/手杖
打蛋器,4,4441:V2融合世界标签体系/通用分类标签/人造物体/厨房餐厨用品/打蛋器 || 8261:V2融合世界标签体系/通用分类标签/人造物体/器具/器具/厨房用具/厨房搅拌器/打蛋器 || 8262:V2融合世界标签体系/通用分类标签/人造物体/器具/器具/厨房用具/厨房搅拌器/打蛋器 || 8278:V2融合世界标签体系/通用分类标签/人造物体/器具/打的工具/打蛋器
投影仪,4,5818:V2融合世界标签体系/通用分类标签/人造物体/数码 3C 电子/投影仪 || 7107:V2融合世界标签体系/通用分类标签/人造物体/乐器/器械/光学仪器/投影仪 || 7110:V2融合世界标签体系/通用分类标签/人造物体/乐器/器械/光学仪器/投影仪/投影仪 || 7369:V2融合世界标签体系/通用分类标签/人造物体/光学设备/投影仪
披肩,4,8030:V2融合世界标签体系/通用分类标签/人造物体/商品/消费品/可穿戴设备/衣服/外衣/披风/披肩 || 8031:V2融合世界标签体系/通用分类标签/人造物体/商品/消费品/可穿戴设备/衣服/外衣/披风/披肩 || 11096:V2融合世界标签体系/通用分类标签/人造物体/覆盖物/可穿戴设备/衣服/外衣/披风/披肩 || 11097:V2融合世界标签体系/通用分类标签/人造物体/覆盖物/可穿戴设备/衣服/外衣/披风/披肩
披风,4,8026:V2融合世界标签体系/通用分类标签/人造物体/商品/消费品/可穿戴设备/衣服/外衣/披风 || 11092:V2融合世界标签体系/通用分类标签/人造物体/覆盖物/可穿戴设备/衣服/外衣/披风 || 19595:V2融合世界标签体系/通用分类标签/文字与信息图形/信号/代号/披风 || 24213:V2融合世界标签体系/通用分类标签/自然景观/天然覆盖物/披风
抬升,4,7860:V2融合世界标签体系/通用分类标签/人造物体/商品/消费品/可穿戴设备/女装/乳搭/抬升 || 7949:V2融合世界标签体系/通用分类标签/人造物体/商品/消费品/可穿戴设备/衣服/不可言说之物/乳搭/抬升 || 10926:V2融合世界标签体系/通用分类标签/人造物体/覆盖物/可穿戴设备/女装/乳搭/抬升 || 11015:V2融合世界标签体系/通用分类标签/人造物体/覆盖物/可穿戴设备/衣服/不可言说之物/乳搭/抬升
拖车,4,533:V2融合世界标签体系/通用分类标签/交通工具/陆地民用车辆/货车/拖车 || 865:V2融合世界标签体系/通用分类标签/交通工具/拖车 || 866:V2融合世界标签体系/通用分类标签/交通工具/拖车 || 1047:V2融合世界标签体系/通用分类标签/交通工具/轮式车辆/拖车
指针,4,9212:V2融合世界标签体系/通用分类标签/人造物体/指示器/指针 || 9213:V2融合世界标签体系/通用分类标签/人造物体/指示器/指针 || 9220:V2融合世界标签体系/通用分类标签/人造物体/指示器/指针/指针 || 12000:V2融合世界标签体系/通用分类标签/动物/哺乳动物/犬科动物/家犬/猎犬/枪猎犬/指针
排水沟,4,9144:V2融合世界标签体系/通用分类标签/人造物体/手工工具/排水沟 || 9237:V2融合世界标签体系/通用分类标签/人造物体/挖掘/排水沟 || 9243:V2融合世界标签体系/通用分类标签/人造物体/挖掘/排水沟/排水沟 || 11579:V2融合世界标签体系/通用分类标签/人造物体/道路/通道/沟槽/排水沟
接待,4,18669:V2融合世界标签体系/通用分类标签/文化艺术与媒介/音乐音频/广播/接待 || 19777:V2融合世界标签体系/通用分类标签/文字与信息图形/感谢/迎接/接待 || 26572:V2融合世界标签体系/通用分类标签/行为动作/接待 || 26956:V2融合世界标签体系/通用分类标签/行为动作/获取/接待
摩托车头盔,4,7839:V2融合世界标签体系/通用分类标签/人造物体/商品/消费品/可穿戴设备/头具/兜鍪/摩托车头盔 || 7840:V2融合世界标签体系/通用分类标签/人造物体/商品/消费品/可穿戴设备/头具/兜鍪/摩托车头盔 || 10905:V2融合世界标签体系/通用分类标签/人造物体/覆盖物/可穿戴设备/头具/兜鍪/摩托车头盔 || 10906:V2融合世界标签体系/通用分类标签/人造物体/覆盖物/可穿戴设备/头具/兜鍪/摩托车头盔
敬礼,4,19778:V2融合世界标签体系/通用分类标签/文字与信息图形/感谢/迎接/敬礼 || 19787:V2融合世界标签体系/通用分类标签/文字与信息图形/批准/识别/敬礼 || 26267:V2融合世界标签体系/通用分类标签/行为动作/去/问候/敬礼 || 26357:V2融合世界标签体系/通用分类标签/行为动作/姿势/敬礼
文件,4,2726:V2融合世界标签体系/通用分类标签/人物与人体/布置/队列/形成物/文件 || 4710:V2融合世界标签体系/通用分类标签/人造物体/家具大件/办公家具/文件 || 9146:V2融合世界标签体系/通用分类标签/人造物体/手工工具/文件 || 19810:V2融合世界标签体系/通用分类标签/文字与信息图形/指示/记录/文件
文章,4,9419:V2融合世界标签体系/通用分类标签/人造物体/文章 || 18718:V2融合世界标签体系/通用分类标签/文化艺术与媒介/一件/文章 || 19548:V2融合世界标签体系/通用分类标签/文字与信息图形/书面交流/部分/文章 || 19663:V2融合世界标签体系/通用分类标签/文字与信息图形/听觉交流/部分/文章
斑点,4,7405:V2融合世界标签体系/通用分类标签/人造物体/光源/灯/斑点 || 10064:V2融合世界标签体系/通用分类标签/人造物体/点缀/人物形象/标记行为/斑点 || 10068:V2融合世界标签体系/通用分类标签/人造物体/点缀/人物形象/标记行为/斑点/斑疹/斑点 || 18090:V2融合世界标签体系/通用分类标签/建筑与基础设施/机构/商业机构/斑点
日期,4,29193:V2融合世界标签体系/通用分类标签/食物/农产品/食用水果/日期 || 31455:V2融合世界标签体系/通用分类标签/时间数量与度量/基本量/一段时间/日历日/日期 || 31463:V2融合世界标签体系/通用分类标签/时间数量与度量/基本量/一段时间/日历月/日期 || 31527:V2融合世界标签体系/通用分类标签/时间数量与度量/时间单位/24小时/日期
时尚配饰,4,8156:V2融合世界标签体系/通用分类标签/人造物体/商品/消费品/可穿戴设备/装备/时尚配饰 || 8157:V2融合世界标签体系/通用分类标签/人造物体/商品/消费品/可穿戴设备/装备/时尚配饰 || 11222:V2融合世界标签体系/通用分类标签/人造物体/覆盖物/可穿戴设备/装备/时尚配饰 || 11223:V2融合世界标签体系/通用分类标签/人造物体/覆盖物/可穿戴设备/装备/时尚配饰
服装,4,7918:V2融合世界标签体系/通用分类标签/人造物体/商品/消费品/可穿戴设备/打扮/服装 || 7923:V2融合世界标签体系/通用分类标签/人造物体/商品/消费品/可穿戴设备/服装 || 10984:V2融合世界标签体系/通用分类标签/人造物体/覆盖物/可穿戴设备/打扮/服装 || 10989:V2融合世界标签体系/通用分类标签/人造物体/覆盖物/可穿戴设备/服装
板,4,9076:V2融合世界标签体系/通用分类标签/人造物体/扁平立体/板 || 9774:V2融合世界标签体系/通用分类标签/人造物体/桌子/板 || 10640:V2融合世界标签体系/通用分类标签/人造物体/表面/板 || 31579:V2融合世界标签体系/通用分类标签/时间数量与度量/行政单位/委员会/板
果汁,4,28669:V2融合世界标签体系/通用分类标签/食物/饮品类/果汁 || 29410:V2融合世界标签体系/通用分类标签/食物/果汁 || 29817:V2融合世界标签体系/通用分类标签/食物/食品/果汁 || 29821:V2融合世界标签体系/通用分类标签/食物/食品/果汁
栗子,4,12163:V2融合世界标签体系/通用分类标签/动物/哺乳动物/马科动物/家马/栗子 || 20385:V2融合世界标签体系/通用分类标签/植物/乔木灌木林木/乔木/栗子 || 24408:V2融合世界标签体系/通用分类标签/自然景观/植物结构/植物器官/生殖结构/果子/种子/坚果/食用坚果/栗子 || 31800:V2融合世界标签体系/通用分类标签/材料与物质/植物材料/木/栗子
桨,4,8289:V2融合世界标签体系/通用分类标签/人造物体/器具/木条/俱乐部/板球棒/桨 || 8340:V2融合世界标签体系/通用分类标签/人造物体/器具/桨 || 8342:V2融合世界标签体系/通用分类标签/人造物体/器具/桨/桨 || 9473:V2融合世界标签体系/通用分类标签/人造物体/机制/旋转机构/刀片/桨
正方形,4,9162:V2融合世界标签体系/通用分类标签/人造物体/手工工具/正方形 || 9843:V2融合世界标签体系/通用分类标签/人造物体/正方形 || 30797:V2融合世界标签体系/通用分类标签/属性与状态/人物形象/平面图形/多角形/四角形/平行四边形/矩形/正方形 || 30800:V2融合世界标签体系/通用分类标签/属性与状态/人物形象/平面图形/多角形/正多边形/正多边形/正方形
比赛,4,911:V2融合世界标签体系/通用分类标签/交通工具/比赛 || 2919:V2融合世界标签体系/通用分类标签/人物与人体/比赛 || 26721:V2融合世界标签体系/通用分类标签/行为动作/比赛 || 26725:V2融合世界标签体系/通用分类标签/行为动作/比赛/比赛
水,4,11738:V2融合世界标签体系/通用分类标签/动物/两栖动物/蟾蜍科动物/水 || 29419:V2融合世界标签体系/通用分类标签/食物/水 || 30397:V2融合世界标签体系/通用分类标签/声音/水 || 31680:V2融合世界标签体系/通用分类标签/材料与物质/化合物/二元化合物/水
水坑,4,9005:V2融合世界标签体系/通用分类标签/人造物体/建材/覆盖材料/水坑 || 24463:V2融合世界标签体系/通用分类标签/自然景观/水坑 || 24465:V2融合世界标签体系/通用分类标签/自然景观/水坑 || 31838:V2融合世界标签体系/通用分类标签/材料与物质/水坑
水彩,4,6979:V2融合世界标签体系/通用分类标签/人造物体/艺术品与工艺品/绘画作品/水彩 || 7001:V2融合世界标签体系/通用分类标签/人造物体/药品与化学制品/涂料/水性涂料/水彩 || 18954:V2融合世界标签体系/通用分类标签/文化艺术与媒介/水彩 || 31792:V2融合世界标签体系/通用分类标签/材料与物质/染色材料/水彩
泄漏,4,19899:V2融合世界标签体系/通用分类标签/文字与信息图形/泄漏 || 26057:V2融合世界标签体系/通用分类标签/行为动作/位置变化/泄漏 || 26740:V2融合世界标签体系/通用分类标签/行为动作/泄漏 || 31106:V2融合世界标签体系/通用分类标签/属性与状态/无定形/开口/小孔/泄漏
流行音乐,4,1990:V2融合世界标签体系/通用分类标签/人物与人体/亲属/上升的/祖先/生父/双亲之一/父/流行音乐 || 19701:V2融合世界标签体系/通用分类标签/文字与信息图形/听觉交流/音乐流派/流行音乐 || 30018:V2融合世界标签体系/通用分类标签/声音/事物声音/爆炸/流行音乐 || 30416:V2融合世界标签体系/通用分类标签/声音/流行音乐
海豹,4,2396:V2融合世界标签体系/通用分类标签/人物与人体/劳动者/技术工人/军事人员群体/水兵/海豹 || 3363:V2融合世界标签体系/通用分类标签/人造物体/五金工具/紧固件/海豹 || 9941:V2融合世界标签体系/通用分类标签/人造物体/海豹 || 12506:V2融合世界标签体系/通用分类标签/动物/哺乳动物/有胎盘的/水栖哺乳动物/鳍足动物/海豹
混合物,4,29822:V2融合世界标签体系/通用分类标签/食物/食品/混合物 || 29825:V2融合世界标签体系/通用分类标签/食物/食品/混合物/混合物 || 31851:V2融合世界标签体系/通用分类标签/材料与物质/混合物 || 31865:V2融合世界标签体系/通用分类标签/材料与物质/混合物/混合物
滑冰,4,24945:V2融合世界标签体系/通用分类标签/行为动作/休闲娱乐动作/滑冰 || 25965:V2融合世界标签体系/通用分类标签/行为动作/休养/体育/滑冰 || 25970:V2融合世界标签体系/通用分类标签/行为动作/休养/体育/滑冰 || 25971:V2融合世界标签体系/通用分类标签/行为动作/休养/体育/滑冰/滑冰
火,4,17609:V2融合世界标签体系/通用分类标签/建筑与基础设施/区/围场/休会期/壁炉/火 || 23598:V2融合世界标签体系/通用分类标签/组织机构与社会事件/火 || 26248:V2融合世界标签体系/通用分类标签/行为动作/化学加工/化学反应/氧化/燃烧/火 || 30542:V2融合世界标签体系/通用分类标签/声音/自然声音/火
烟草,4,20891:V2融合世界标签体系/通用分类标签/植物/农作物/烟草 || 22512:V2融合世界标签体系/通用分类标签/植物/草本植物/烟草 || 31820:V2融合世界标签体系/通用分类标签/材料与物质/植物材料/植物产品/烟草 || 31834:V2融合世界标签体系/通用分类标签/材料与物质/毒品/毒品/烟草
爪,4,2634:V2融合世界标签体系/通用分类标签/人物与人体/外部身体部位/肢端/脊椎动物足部/动物足部/爪 || 9570:V2融合世界标签体系/通用分类标签/人造物体/机制/机械装置/爪 || 18166:V2融合世界标签体系/通用分类标签/建筑与基础设施/爪 || 18168:V2融合世界标签体系/通用分类标签/建筑与基础设施/爪/爪
牙刷,4,8243:V2融合世界标签体系/通用分类标签/人造物体/器具/刷/牙刷 || 9925:V2融合世界标签体系/通用分类标签/人造物体/洗漱用品/牙刷 || 10147:V2融合世界标签体系/通用分类标签/人造物体/牙刷 || 30452:V2融合世界标签体系/通用分类标签/声音/牙刷
牛仔夹克,4,8005:V2融合世界标签体系/通用分类标签/人造物体/商品/消费品/可穿戴设备/衣服/外衣/外套/夹克/牛仔夹克 || 8006:V2融合世界标签体系/通用分类标签/人造物体/商品/消费品/可穿戴设备/衣服/外衣/外套/夹克/牛仔夹克 || 11071:V2融合世界标签体系/通用分类标签/人造物体/覆盖物/可穿戴设备/衣服/外衣/外套/夹克/牛仔夹克 || 11072:V2融合世界标签体系/通用分类标签/人造物体/覆盖物/可穿戴设备/衣服/外衣/外套/夹克/牛仔夹克
牦牛,4,12366:V2融合世界标签体系/通用分类标签/动物/哺乳动物/有胎盘的/有蹄哺乳动物/偶蹄动物/反刍动物/牛科动物/牛属动物/印度瘤牛/牦牛 || 12386:V2融合世界标签体系/通用分类标签/动物/哺乳动物/有胎盘的/有蹄哺乳动物/偶蹄动物/反刍动物/牛科动物/牛属动物/野牛/牦牛 || 15041:V2融合世界标签体系/通用分类标签/动物/农场动物/牛亚科/牦牛 || 25676:V2融合世界标签体系/通用分类标签/行为动作/社交互动动作/交谈/牦牛
牧师住宅,4,17408:V2融合世界标签体系/通用分类标签/建筑与基础设施/H类住宅/住所/教区牧师住宅/牧师住宅 || 17409:V2融合世界标签体系/通用分类标签/建筑与基础设施/H类住宅/住所/牧师住宅 || 17482:V2融合世界标签体系/通用分类标签/建筑与基础设施/住宅/住处/H类住宅/住所/教区牧师住宅/牧师住宅 || 17483:V2融合世界标签体系/通用分类标签/建筑与基础设施/住宅/住处/H类住宅/住所/牧师住宅
狩猎小屋,4,17425:V2融合世界标签体系/通用分类标签/建筑与基础设施/H类住宅/狩猎小屋 || 17426:V2融合世界标签体系/通用分类标签/建筑与基础设施/H类住宅/狩猎小屋 || 17499:V2融合世界标签体系/通用分类标签/建筑与基础设施/住宅/住处/H类住宅/狩猎小屋 || 17500:V2融合世界标签体系/通用分类标签/建筑与基础设施/住宅/住处/H类住宅/狩猎小屋
王冠,4,7849:V2融合世界标签体系/通用分类标签/人造物体/商品/消费品/可穿戴设备/头具/珠饰头饰/王冠 || 10238:V2融合世界标签体系/通用分类标签/人造物体/用具/王权服饰/御宝/王冠 || 10915:V2融合世界标签体系/通用分类标签/人造物体/覆盖物/可穿戴设备/头具/珠饰头饰/王冠 || 19597:V2融合世界标签体系/通用分类标签/文字与信息图形/信号/代号/王冠
环,4,10299:V2融合世界标签体系/通用分类标签/人造物体/电力设备/电路/环 || 19643:V2融合世界标签体系/通用分类标签/文字与信息图形/听觉交流/环 || 30733:V2融合世界标签体系/通用分类标签/属性与状态/三维形状/环 || 30734:V2融合世界标签体系/通用分类标签/属性与状态/三维形状/环/环
玻璃瓶,4,3810:V2融合世界标签体系/通用分类标签/人造物体/包装与容器/玻璃瓶 || 8738:V2融合世界标签体系/通用分类标签/人造物体/容器/器皿/瓶/玻璃瓶 || 8754:V2融合世界标签体系/通用分类标签/人造物体/容器/器皿/花瓶/瓶/玻璃瓶 || 8918:V2融合世界标签体系/通用分类标签/人造物体/容器/花瓶/瓶/玻璃瓶
球场,4,10729:V2融合世界标签体系/通用分类标签/人造物体/装置/球场 || 10735:V2融合世界标签体系/通用分类标签/人造物体/装置/球场 || 16177:V2融合世界标签体系/通用分类标签/场景/自然户外场景/田野/球场 || 16187:V2融合世界标签体系/通用分类标签/场景/自然户外场景/田野/球场
甜瓜,4,21336:V2融合世界标签体系/通用分类标签/植物/草本竹藤植物/藤本植物/葫芦/甜瓜 || 21337:V2融合世界标签体系/通用分类标签/植物/草本竹藤植物/藤本植物/葫芦/甜瓜/甜瓜 || 29254:V2融合世界标签体系/通用分类标签/食物/农产品/食用水果/甜瓜 || 29256:V2融合世界标签体系/通用分类标签/食物/农产品/食用水果/甜瓜/甜瓜
电池,4,6450:V2融合世界标签体系/通用分类标签/人造物体/武器与安防用品/火炮/电池 || 10284:V2融合世界标签体系/通用分类标签/人造物体/电力设备/电池 || 10293:V2融合世界标签体系/通用分类标签/人造物体/电力设备/电池 || 17200:V2融合世界标签体系/通用分类标签/建筑与基础设施/工业与仓储建筑/工厂/冲压磨机/电池
画廊,4,17780:V2融合世界标签体系/通用分类标签/建筑与基础设施/区/室/画廊 || 17782:V2融合世界标签体系/通用分类标签/建筑与基础设施/区/室/画廊 || 18376:V2融合世界标签体系/通用分类标签/建筑与基础设施/阳台/画廊 || 25761:V2融合世界标签体系/通用分类标签/行为动作/社交互动动作/聚会/听众/画廊
皮夹克,4,8007:V2融合世界标签体系/通用分类标签/人造物体/商品/消费品/可穿戴设备/衣服/外衣/外套/夹克/皮夹克 || 8008:V2融合世界标签体系/通用分类标签/人造物体/商品/消费品/可穿戴设备/衣服/外衣/外套/夹克/皮夹克 || 11073:V2融合世界标签体系/通用分类标签/人造物体/覆盖物/可穿戴设备/衣服/外衣/外套/夹克/皮夹克 || 11074:V2融合世界标签体系/通用分类标签/人造物体/覆盖物/可穿戴设备/衣服/外衣/外套/夹克/皮夹克
石屋,4,17429:V2融合世界标签体系/通用分类标签/建筑与基础设施/H类住宅/石屋 || 17430:V2融合世界标签体系/通用分类标签/建筑与基础设施/H类住宅/石屋 || 17503:V2融合世界标签体系/通用分类标签/建筑与基础设施/住宅/住处/H类住宅/石屋 || 17504:V2融合世界标签体系/通用分类标签/建筑与基础设施/住宅/住处/H类住宅/石屋
窗台,4,9385:V2融合世界标签体系/通用分类标签/人造物体/支持/结构构件/窗台 || 9386:V2融合世界标签体系/通用分类标签/人造物体/支持/结构构件/窗台 || 9388:V2融合世界标签体系/通用分类标签/人造物体/支持/结构构件/窗台/窗台 || 18210:V2融合世界标签体系/通用分类标签/建筑与基础设施/窗台
竞速者,4,720:V2融合世界标签体系/通用分类标签/交通工具/司机/竞速者 || 1105:V2融合世界标签体系/通用分类标签/交通工具/轮式车辆/自行式车辆/机动车/机动车/竞速者 || 13754:V2融合世界标签体系/通用分类标签/动物/爬行动物/蛇类/游蛇科蛇/竞速者 || 15512:V2融合世界标签体系/通用分类标签/动物/竞速者
篮球,4,6765:V2融合世界标签体系/通用分类标签/人造物体/益智玩具/篮球 || 7295:V2融合世界标签体系/通用分类标签/人造物体/体育器材/篮球器材/篮球 || 9985:V2融合世界标签体系/通用分类标签/人造物体/游戏器材/球/篮球 || 24761:V2融合世界标签体系/通用分类标签/行为动作/休闲娱乐动作/游戏/体育游戏/场地球类运动/篮球
紧身连衣裙,4,7877:V2融合世界标签体系/通用分类标签/人造物体/商品/消费品/可穿戴设备/女装/女服/紧身连衣裙 || 8055:V2融合世界标签体系/通用分类标签/人造物体/商品/消费品/可穿戴设备/衣服/女裙/抽褶裙/紧身连衣裙 || 10943:V2融合世界标签体系/通用分类标签/人造物体/覆盖物/可穿戴设备/女装/女服/紧身连衣裙 || 11121:V2融合世界标签体系/通用分类标签/人造物体/覆盖物/可穿戴设备/衣服/女裙/抽褶裙/紧身连衣裙
纹理,4,30817:V2融合世界标签体系/通用分类标签/属性与状态/作品/纹理 || 30916:V2融合世界标签体系/通用分类标签/属性与状态/声音属性/纹理 || 31245:V2融合世界标签体系/通用分类标签/属性与状态/视觉属性/纹理 || 31272:V2融合世界标签体系/通用分类标签/属性与状态/触觉属性/纹理
线,4,10531:V2融合世界标签体系/通用分类标签/人造物体/线 || 23505:V2融合世界标签体系/通用分类标签/组织机构与社会事件/企业/承运人/线 || 31202:V2融合世界标签体系/通用分类标签/属性与状态/线 || 32353:V2融合世界标签体系/通用分类标签/知识与学科/线
细绳,4,10536:V2融合世界标签体系/通用分类标签/人造物体/线/粗绳/细绳 || 10553:V2融合世界标签体系/通用分类标签/人造物体/线/索/细绳 || 10554:V2融合世界标签体系/通用分类标签/人造物体/线/索/细绳 || 32185:V2融合世界标签体系/通用分类标签/知识与学科/收藏品集合/细绳
绵羊,4,2264:V2融合世界标签体系/通用分类标签/人物与人体/傻瓜/绵羊 || 12387:V2融合世界标签体系/通用分类标签/动物/哺乳动物/有胎盘的/有蹄哺乳动物/偶蹄动物/反刍动物/牛科动物/绵羊 || 12396:V2融合世界标签体系/通用分类标签/动物/哺乳动物/有胎盘的/有蹄哺乳动物/偶蹄动物/反刍动物/牛科动物/绵羊/家羊/绵羊 || 15044:V2融合世界标签体系/通用分类标签/动物/农场动物/绵羊
编辑,4,26177:V2融合世界标签体系/通用分类标签/行为动作/出版/编辑 || 26930:V2融合世界标签体系/通用分类标签/行为动作/编辑 || 26931:V2融合世界标签体系/通用分类标签/行为动作/编辑 || 31568:V2融合世界标签体系/通用分类标签/时间数量与度量/编辑
羊毛,4,7766:V2融合世界标签体系/通用分类标签/人造物体/台布/羊毛 || 24193:V2融合世界标签体系/通用分类标签/自然景观/天然覆盖物/体表覆盖物/头发/羊毛 || 31662:V2融合世界标签体系/通用分类标签/材料与物质/动物材料/动物产品/动物纤维/羊毛 || 31751:V2融合世界标签体系/通用分类标签/材料与物质/天然纤维/天然纤维/动物纤维/羊毛
羽衣甘蓝,4,22323:V2融合世界标签体系/通用分类标签/植物/草本植物/十字花科植物/羽衣甘蓝 || 22324:V2融合世界标签体系/通用分类标签/植物/草本植物/十字花科植物/羽衣甘蓝/羽衣甘蓝 || 29066:V2融合世界标签体系/通用分类标签/食物/农产品/蔬菜/十字花科蔬菜/卷心菜/羽衣甘蓝 || 29067:V2融合世界标签体系/通用分类标签/食物/农产品/蔬菜/十字花科蔬菜/卷心菜/羽衣甘蓝/羽衣甘蓝
职业,4,18223:V2融合世界标签体系/通用分类标签/建筑与基础设施/职业 || 23615:V2融合世界标签体系/通用分类标签/组织机构与社会事件/身体/职业群体/职业 || 26426:V2融合世界标签体系/通用分类标签/行为动作/岗位/职业 || 26937:V2融合世界标签体系/通用分类标签/行为动作/职业
联排住宅,4,17431:V2融合世界标签体系/通用分类标签/建筑与基础设施/H类住宅/联排住宅 || 17432:V2融合世界标签体系/通用分类标签/建筑与基础设施/H类住宅/联排住宅/联排住宅 || 17505:V2融合世界标签体系/通用分类标签/建筑与基础设施/住宅/住处/H类住宅/联排住宅 || 17506:V2融合世界标签体系/通用分类标签/建筑与基础设施/住宅/住处/H类住宅/联排住宅/联排住宅
肋骨,4,9391:V2融合世界标签体系/通用分类标签/人造物体/支持/肋骨 || 9392:V2融合世界标签体系/通用分类标签/人造物体/支持/肋骨 || 18224:V2融合世界标签体系/通用分类标签/建筑与基础设施/肋骨 || 23536:V2融合世界标签体系/通用分类标签/组织机构与社会事件/动物组织/结缔组织/骨/肋骨
胡椒,4,21328:V2融合世界标签体系/通用分类标签/植物/草本竹藤植物/藤本植物/胡椒 || 21329:V2融合世界标签体系/通用分类标签/植物/草本竹藤植物/藤本植物/胡椒/胡椒 || 29138:V2融合世界标签体系/通用分类标签/食物/农产品/蔬菜/茄科蔬菜/胡椒 || 29708:V2融合世界标签体系/通用分类标签/食物/调味剂/胡椒
舰队,4,1007:V2融合世界标签体系/通用分类标签/交通工具/舰队 || 1008:V2融合世界标签体系/通用分类标签/交通工具/舰队 || 1009:V2融合世界标签体系/通用分类标签/交通工具/舰队 || 23506:V2融合世界标签体系/通用分类标签/组织机构与社会事件/企业/承运人/线/舰队
菜单,4,19836:V2融合世界标签体系/通用分类标签/文字与信息图形/数据库/列表/菜单 || 19838:V2融合世界标签体系/通用分类标签/文字与信息图形/数据库/列表/账单/菜单 || 29477:V2融合世界标签体系/通用分类标签/食物/票价/菜单 || 32385:V2融合世界标签体系/通用分类标签/知识与学科/菜单
蓝色,4,7935:V2融合世界标签体系/通用分类标签/人造物体/商品/消费品/可穿戴设备/蓝色 || 11001:V2融合世界标签体系/通用分类标签/人造物体/覆盖物/可穿戴设备/蓝色 || 15392:V2融合世界标签体系/通用分类标签/动物/无脊椎动物/节肢动物/昆虫/鳞翅目昆虫/蝴蝶/灰蝶/蓝色 || 31263:V2融合世界标签体系/通用分类标签/属性与状态/视觉属性/颜色/彩色/蓝色
蕾丝连衣裙,4,7879:V2融合世界标签体系/通用分类标签/人造物体/商品/消费品/可穿戴设备/女装/女服/蕾丝连衣裙 || 7880:V2融合世界标签体系/通用分类标签/人造物体/商品/消费品/可穿戴设备/女装/女服/蕾丝连衣裙 || 10945:V2融合世界标签体系/通用分类标签/人造物体/覆盖物/可穿戴设备/女装/女服/蕾丝连衣裙 || 10946:V2融合世界标签体系/通用分类标签/人造物体/覆盖物/可穿戴设备/女装/女服/蕾丝连衣裙
蘑菇,4,23036:V2融合世界标签体系/通用分类标签/真菌与微生物/菌类/担子菌/伞菌/蘑菇 || 23037:V2融合世界标签体系/通用分类标签/真菌与微生物/菌类/担子菌/伞菌/蘑菇 || 23050:V2融合世界标签体系/通用分类标签/真菌与微生物/菌类/担子菌/蘑菇 || 29149:V2融合世界标签体系/通用分类标签/食物/农产品/蔬菜/蘑菇
蚕豆,4,21044:V2融合世界标签体系/通用分类标签/植物/农作物/蚕豆 || 29152:V2融合世界标签体系/通用分类标签/食物/农产品/蔬菜/豆科植物/蚕豆 || 29163:V2融合世界标签体系/通用分类标签/食物/农产品/蔬菜/豆科植物/蚕豆/菜豆/鲜豆/食荚豆/蚕豆 || 29868:V2融合世界标签体系/通用分类标签/食物/饲料/饲料/蚕豆
蜘蛛网,4,7771:V2融合世界标签体系/通用分类标签/人造物体/台布/蜘蛛网 || 8453:V2融合世界标签体系/通用分类标签/人造物体/圈套/缠结/蜘蛛网 || 15547:V2融合世界标签体系/通用分类标签/动物/蜘蛛网 || 32398:V2融合世界标签体系/通用分类标签/知识与学科/蜘蛛网
裹身裙,4,7881:V2融合世界标签体系/通用分类标签/人造物体/商品/消费品/可穿戴设备/女装/裹身裙 || 8062:V2融合世界标签体系/通用分类标签/人造物体/商品/消费品/可穿戴设备/衣服/女裙/裹身裙 || 10947:V2融合世界标签体系/通用分类标签/人造物体/覆盖物/可穿戴设备/女装/裹身裙 || 11128:V2融合世界标签体系/通用分类标签/人造物体/覆盖物/可穿戴设备/衣服/女裙/裹身裙
豌豆,4,21062:V2融合世界标签体系/通用分类标签/植物/农作物/豌豆 || 24369:V2融合世界标签体系/通用分类标签/自然景观/植物结构/植物器官/生殖结构/果子/圆荚体/豆科植物/豌豆 || 29165:V2融合世界标签体系/通用分类标签/食物/农产品/蔬菜/豆科植物/豌豆 || 29166:V2融合世界标签体系/通用分类标签/食物/农产品/蔬菜/豆科植物/豌豆/豌豆
跑步者,4,2856:V2融合世界标签体系/通用分类标签/人物与人体/旅行者/跑步者 || 8581:V2融合世界标签体系/通用分类标签/人造物体/家具/地毯/跑步者 || 11275:V2融合世界标签体系/通用分类标签/人造物体/覆盖物/地板蒙布/地毯/跑步者 || 11413:V2融合世界标签体系/通用分类标签/人造物体/跑步者
运动裤,4,3139:V2融合世界标签体系/通用分类标签/人物与人体/运动裤 || 6361:V2融合世界标签体系/通用分类标签/人造物体/服饰全品/运动裤 || 8128:V2融合世界标签体系/通用分类标签/人造物体/商品/消费品/可穿戴设备/衣服/裤子/运动裤 || 11194:V2融合世界标签体系/通用分类标签/人造物体/覆盖物/可穿戴设备/衣服/裤子/运动裤
通道,4,11541:V2融合世界标签体系/通用分类标签/人造物体/道路/通道 || 17365:V2融合世界标签体系/通用分类标签/建筑与基础设施/路桥隧道工程/公路/通道 || 18259:V2融合世界标签体系/通用分类标签/建筑与基础设施/走廊/通道 || 26846:V2融合世界标签体系/通用分类标签/行为动作/状态变化/通道
邀请,4,19495:V2融合世界标签体系/通用分类标签/文字与信息图形/书信/邀请 || 19496:V2融合世界标签体系/通用分类标签/文字与信息图形/书信/邀请 || 19505:V2融合世界标签体系/通用分类标签/文字与信息图形/书面交流/原文/书信/邀请 || 19506:V2融合世界标签体系/通用分类标签/文字与信息图形/书面交流/原文/书信/邀请
钟,4,3251:V2融合世界标签体系/通用分类标签/人造物体/中西乐器/打击乐器/钟 || 7334:V2融合世界标签体系/通用分类标签/人造物体/信号装置/钟 || 8535:V2融合世界标签体系/通用分类标签/人造物体/声学装置/钟 || 29928:V2融合世界标签体系/通用分类标签/声音/乐器/钟
钻头,4,7484:V2融合世界标签体系/通用分类标签/人造物体/切割器具/钻头 || 7485:V2融合世界标签体系/通用分类标签/人造物体/切割器具/钻头/钻头 || 10231:V2融合世界标签体系/通用分类标签/人造物体/用具/平头钉/钻头 || 29972:V2融合世界标签体系/通用分类标签/声音/事物声音/工具/动力工具/钻头
铅笔裙,4,8065:V2融合世界标签体系/通用分类标签/人造物体/商品/消费品/可穿戴设备/衣服/女裙/铅笔裙 || 8066:V2融合世界标签体系/通用分类标签/人造物体/商品/消费品/可穿戴设备/衣服/女裙/铅笔裙 || 11131:V2融合世界标签体系/通用分类标签/人造物体/覆盖物/可穿戴设备/衣服/女裙/铅笔裙 || 11132:V2融合世界标签体系/通用分类标签/人造物体/覆盖物/可穿戴设备/衣服/女裙/铅笔裙
闪光,4,7648:V2融合世界标签体系/通用分类标签/人造物体/台布/一块布/补丁/闪光 || 27050:V2融合世界标签体系/通用分类标签/行为动作/闪光 || 30936:V2融合世界标签体系/通用分类标签/属性与状态/外表/面容/表达/闪光 || 31242:V2融合世界标签体系/通用分类标签/属性与状态/视觉属性/亮度/闪光
隐形轰炸机,4,697:V2融合世界标签体系/通用分类标签/交通工具/军用车/军用飞机/轰炸机/隐形轰炸机 || 989:V2融合世界标签体系/通用分类标签/交通工具/航空器/重于空气航空器/军用飞机/轰炸机/隐形轰炸机 || 1002:V2融合世界标签体系/通用分类标签/交通工具/航空器/重于空气航空器/飞机/轰炸机/隐形轰炸机 || 1004:V2融合世界标签体系/通用分类标签/交通工具/航空器/隐形飞机/隐形轰炸机
露脐上衣,4,7858:V2融合世界标签体系/通用分类标签/人造物体/商品/消费品/可穿戴设备/女装/上衣/露脐上衣 || 8175:V2融合世界标签体系/通用分类标签/人造物体/商品/消费品/可穿戴设备/露脐上衣 || 10924:V2融合世界标签体系/通用分类标签/人造物体/覆盖物/可穿戴设备/女装/上衣/露脐上衣 || 11241:V2融合世界标签体系/通用分类标签/人造物体/覆盖物/可穿戴设备/露脐上衣
鞋盒,4,8904:V2融合世界标签体系/通用分类标签/人造物体/容器/盒子/鞋盒 || 8905:V2融合世界标签体系/通用分类标签/人造物体/容器/盒子/鞋盒 || 8928:V2融合世界标签体系/通用分类标签/人造物体/容器/鞋盒 || 18395:V2融合世界标签体系/通用分类标签/建筑与基础设施/鞋盒
领巾,4,7985:V2融合世界标签体系/通用分类标签/人造物体/商品/消费品/可穿戴设备/衣服/围巾/头巾/领巾 || 8143:V2融合世界标签体系/通用分类标签/人造物体/商品/消费品/可穿戴设备/衣服/颈部服饰/领巾 || 11051:V2融合世界标签体系/通用分类标签/人造物体/覆盖物/可穿戴设备/衣服/围巾/头巾/领巾 || 11209:V2融合世界标签体系/通用分类标签/人造物体/覆盖物/可穿戴设备/衣服/颈部服饰/领巾
风衣,4,8024:V2融合世界标签体系/通用分类标签/人造物体/商品/消费品/可穿戴设备/衣服/外衣/外套/防水的/风衣 || 8025:V2融合世界标签体系/通用分类标签/人造物体/商品/消费品/可穿戴设备/衣服/外衣/外套/风衣 || 11090:V2融合世界标签体系/通用分类标签/人造物体/覆盖物/可穿戴设备/衣服/外衣/外套/防水的/风衣 || 11091:V2融合世界标签体系/通用分类标签/人造物体/覆盖物/可穿戴设备/衣服/外衣/外套/风衣
餐桌,4,5005:V2融合世界标签体系/通用分类标签/人造物体/家具大件/餐桌 || 9776:V2融合世界标签体系/通用分类标签/人造物体/桌子/板/餐桌 || 9777:V2融合世界标签体系/通用分类标签/人造物体/桌子/板/餐桌 || 11656:V2融合世界标签体系/通用分类标签/人造物体/餐厅家具/餐桌
驴,4,1185:V2融合世界标签体系/通用分类标签/交通工具/驴 || 12181:V2融合世界标签体系/通用分类标签/动物/哺乳动物/马科动物/驴 || 12183:V2融合世界标签体系/通用分类标签/动物/哺乳动物/马科动物/驴/家驴/驴 || 15049:V2融合世界标签体系/通用分类标签/动物/农场动物/驴
一件,3,1250:V2融合世界标签体系/通用分类标签/人物与人体/人体部位/手臂/手枪/一件 || 9946:V2融合世界标签体系/通用分类标签/人造物体/游戏器材/一件 || 18717:V2融合世界标签体系/通用分类标签/文化艺术与媒介/一件
一把手钳,3,8356:V2融合世界标签体系/通用分类标签/人造物体/器具/棒/杠杆/复式杠杆/一把手钳 || 8429:V2融合世界标签体系/通用分类标签/人造物体/固定装置/一把手钳 || 9113:V2融合世界标签体系/通用分类标签/人造物体/手工工具/一把手钳
一餐,3,29013:V2融合世界标签体系/通用分类标签/食物/一餐 || 29808:V2融合世界标签体系/通用分类标签/食物/食品/一餐 || 31389:V2融合世界标签体系/通用分类标签/时间数量与度量/关头/一餐
万寿菊,3,21606:V2融合世界标签体系/通用分类标签/植物/显花植物/开花植物/开花植物/万寿菊 || 21607:V2融合世界标签体系/通用分类标签/植物/显花植物/开花植物/开花植物/万寿菊/万寿菊 || 21861:V2融合世界标签体系/通用分类标签/植物/显花植物/开花植物/开花植物/金盏花属/万寿菊
三柱门,3,7264:V2融合世界标签体系/通用分类标签/人造物体/体育器材/板球装备/三柱门 || 9007:V2融合世界标签体系/通用分类标签/人造物体/开口/三柱门 || 18301:V2融合世界标签体系/通用分类标签/建筑与基础设施/辎重/屏障/可移动屏障/大门/三柱门
三色堇,3,22245:V2融合世界标签体系/通用分类标签/植物/草本植物/中提琴/三色堇 || 22246:V2融合世界标签体系/通用分类标签/植物/草本植物/中提琴/三色堇 || 22249:V2融合世界标签体系/通用分类标签/植物/草本植物/中提琴/紫罗兰/三色堇
上级,3,2035:V2融合世界标签体系/通用分类标签/人物与人体/会长/上级 || 2700:V2融合世界标签体系/通用分类标签/人物与人体/宗教人士/宗教人士/上级 || 30735:V2融合世界标签体系/通用分类标签/属性与状态/上级
不幸,3,23584:V2融合世界标签体系/通用分类标签/组织机构与社会事件/故障/不幸 || 30871:V2融合世界标签体系/通用分类标签/属性与状态/命运/不幸 || 30872:V2融合世界标签体系/通用分类标签/属性与状态/命运/不幸/不幸
专家,3,1923:V2融合世界标签体系/通用分类标签/人物与人体/专家 || 1924:V2融合世界标签体系/通用分类标签/人物与人体/专家/专家 || 2646:V2融合世界标签体系/通用分类标签/人物与人体/大人/专业人员/初级保健提供者/执业医务人员/医学博士/专家
丘鹬,3,14166:V2融合世界标签体系/通用分类标签/动物/鸟类/涉禽/丘鹬 || 14167:V2融合世界标签体系/通用分类标签/动物/鸟类/涉禽/丘鹬/丘鹬 || 14192:V2融合世界标签体系/通用分类标签/动物/鸟类/涉禽/猎鸟/丘鹬
丝,3,7653:V2融合世界标签体系/通用分类标签/人造物体/台布/丝 || 31661:V2融合世界标签体系/通用分类标签/材料与物质/动物材料/动物产品/动物纤维/丝 || 31750:V2融合世界标签体系/通用分类标签/材料与物质/天然纤维/天然纤维/动物纤维/丝
丝带,3,9422:V2融合世界标签体系/通用分类标签/人造物体/文章/观念/丝带 || 9731:V2融合世界标签体系/通用分类标签/人造物体/条带/丝带 || 31968:V2融合世界标签体系/通用分类标签/知识与学科/丝带
主人,3,2657:V2融合世界标签体系/通用分类标签/人物与人体/大人/主人 || 3042:V2融合世界标签体系/通用分类标签/人物与人体/表演者/主人 || 9594:V2融合世界标签体系/通用分类标签/人造物体/机器/信息处理系统/主人
主持人,3,2036:V2融合世界标签体系/通用分类标签/人物与人体/会长/主持人 || 2120:V2融合世界标签体系/通用分类标签/人物与人体/传播者/新闻工作者/电视新闻播音员/主持人 || 25913:V2融合世界标签体系/通用分类标签/行为动作/主持人
乒乓球,3,6532:V2融合世界标签体系/通用分类标签/人造物体/益智玩具/乒乓球 || 9960:V2融合世界标签体系/通用分类标签/人造物体/游戏器材/球/乒乓球 || 24827:V2融合世界标签体系/通用分类标签/行为动作/休闲娱乐动作/游戏/桌上游戏/乒乓球
乒乓球拍,3,8225:V2融合世界标签体系/通用分类标签/人造物体/器具/体育用具/乒乓球拍 || 8231:V2融合世界标签体系/通用分类标签/人造物体/器具/体育用具/球拍/乒乓球拍 || 8290:V2融合世界标签体系/通用分类标签/人造物体/器具/木条/俱乐部/板球棒/桨/乒乓球拍
乡下+的,3,30769:V2融合世界标签体系/通用分类标签/属性与状态/乡下+的 || 30770:V2融合世界标签体系/通用分类标签/属性与状态/乡下+的 || 30771:V2融合世界标签体系/通用分类标签/属性与状态/乡下+的
争吵,3,8075:V2融合世界标签体系/通用分类标签/人造物体/商品/消费品/可穿戴设备/衣服/护腿/争吵 || 11141:V2融合世界标签体系/通用分类标签/人造物体/覆盖物/可穿戴设备/衣服/护腿/争吵 || 15061:V2融合世界标签体系/通用分类标签/动物/后代/争吵
二胡,3,3211:V2融合世界标签体系/通用分类标签/人造物体/中西乐器/弦乐器/弓弦乐器/二胡 || 6541:V2融合世界标签体系/通用分类标签/人造物体/益智玩具/二胡 || 30030:V2融合世界标签体系/通用分类标签/声音/二胡
井,3,8662:V2融合世界标签体系/通用分类标签/人造物体/容器/器皿/井 || 9230:V2融合世界标签体系/通用分类标签/人造物体/挖掘/井 || 11591:V2融合世界标签体系/通用分类标签/人造物体/道路/通道/走廊/轴杆/井
人物形象,3,10038:V2融合世界标签体系/通用分类标签/人造物体/点缀/人物形象 || 18894:V2融合世界标签体系/通用分类标签/文化艺术与媒介/插图/人物形象 || 30786:V2融合世界标签体系/通用分类标签/属性与状态/人物形象
人行横道,3,11508:V2融合世界标签体系/通用分类标签/人造物体/道路/小径/人行横道 || 11509:V2融合世界标签体系/通用分类标签/人造物体/道路/小径/人行横道/人行横道 || 11510:V2融合世界标签体系/通用分类标签/人造物体/道路/小径/人行横道
人行道,3,7179:V2融合世界标签体系/通用分类标签/人造物体/人行道 || 10695:V2融合世界标签体系/通用分类标签/人造物体/表面/水平仪/铺装表面/人行道 || 24671:V2融合世界标签体系/通用分类标签/行为动作/交通出行动作/步行/人行道
付费电话,3,7184:V2融合世界标签体系/通用分类标签/人造物体/付费电话 || 10395:V2融合世界标签体系/通用分类标签/人造物体/电子设备/电话/付费电话 || 10396:V2融合世界标签体系/通用分类标签/人造物体/电子设备/电话/付费电话
代币,3,9477:V2融合世界标签体系/通用分类标签/人造物体/机制/旋转机构/回合/光盘/代币 || 19577:V2融合世界标签体系/通用分类标签/文字与信息图形/信号/代号/代币 || 31369:V2融合世界标签体系/通用分类标签/时间数量与度量/代币
任务,3,18732:V2融合世界标签体系/通用分类标签/文化艺术与媒介/事业/任务 || 18751:V2融合世界标签体系/通用分类标签/文化艺术与媒介/任务 || 23628:V2融合世界标签体系/通用分类标签/组织机构与社会事件/非政府组织/任务
休息,3,9298:V2融合世界标签体系/通用分类标签/人造物体/支持/休息 || 25495:V2融合世界标签体系/通用分类标签/行为动作/日常生活动作/休息 || 26035:V2融合世界标签体系/通用分类标签/行为动作/休息
会议厅,3,17601:V2融合世界标签体系/通用分类标签/建筑与基础设施/区/听众席/会议厅 || 17735:V2融合世界标签体系/通用分类标签/建筑与基础设施/区/室/大厅/会议厅 || 17736:V2融合世界标签体系/通用分类标签/建筑与基础设施/区/室/大厅/会议厅
会议室,3,17670:V2融合世界标签体系/通用分类标签/建筑与基础设施/区/室/会议室 || 17671:V2融合世界标签体系/通用分类标签/建筑与基础设施/区/室/会议室 || 17672:V2融合世界标签体系/通用分类标签/建筑与基础设施/区/室/会议室
伞菌,3,22981:V2融合世界标签体系/通用分类标签/真菌与微生物/菌类/伞菌 || 23006:V2融合世界标签体系/通用分类标签/真菌与微生物/菌类/担子菌/伞菌 || 23008:V2融合世界标签体系/通用分类标签/真菌与微生物/菌类/担子菌/伞菌/伞菌
侧面,3,10616:V2融合世界标签体系/通用分类标签/人造物体/表面/侧面 || 24106:V2融合世界标签体系/通用分类标签/自然景观/侧面 || 30818:V2融合世界标签体系/通用分类标签/属性与状态/侧面
侵蚀,3,26112:V2融合世界标签体系/通用分类标签/行为动作/侵蚀 || 26244:V2融合世界标签体系/通用分类标签/行为动作/化学加工/侵蚀 || 26326:V2融合世界标签体系/通用分类标签/行为动作/地质作用/侵蚀
保姆,3,1520:V2融合世界标签体系/通用分类标签/人物与人体/性别与生理属性/女性/女人/保姆 || 2640:V2融合世界标签体系/通用分类标签/人物与人体/大人/专业人员/初级保健提供者/保姆 || 12353:V2融合世界标签体系/通用分类标签/动物/哺乳动物/有胎盘的/有蹄哺乳动物/偶蹄动物/反刍动物/牛科动物/山羊/保姆
保护者,3,2231:V2融合世界标签体系/通用分类标签/人物与人体/保护者 || 9407:V2融合世界标签体系/通用分类标签/人造物体/救援设备/保护者 || 9933:V2融合世界标签体系/通用分类标签/人造物体/浮子/保护者
保险箱,3,8872:V2融合世界标签体系/通用分类标签/人造物体/容器/盒子/保险箱 || 8874:V2融合世界标签体系/通用分类标签/人造物体/容器/盒子/保险箱/保险箱 || 8892:V2融合世界标签体系/通用分类标签/人造物体/容器/盒子/箱/保险箱
信号,3,19566:V2融合世界标签体系/通用分类标签/文字与信息图形/信号 || 19626:V2融合世界标签体系/通用分类标签/文字与信息图形/信号 || 26120:V2融合世界标签体系/通用分类标签/行为动作/信号
修枝剪,3,7437:V2融合世界标签体系/通用分类标签/人造物体/切割器具/切削工具/刃具/一把剪刀/大剪刀/修枝剪刀/修枝剪 || 8353:V2融合世界标签体系/通用分类标签/人造物体/器具/棒/杠杆/复式杠杆/一把剪刀/大剪刀/修枝剪刀/修枝剪 || 9179:V2融合世界标签体系/通用分类标签/人造物体/手工工具/锯/手锯/修枝锯/修枝剪
修道院回廊,3,17402:V2融合世界标签体系/通用分类标签/建筑与基础设施/H类住宅/住所/修道院回廊 || 17476:V2融合世界标签体系/通用分类标签/建筑与基础设施/住宅/住处/H类住宅/住所/修道院回廊 || 17655:V2融合世界标签体系/通用分类标签/建筑与基础设施/区/天井/修道院回廊
假面具,3,7898:V2融合世界标签体系/通用分类标签/人造物体/商品/消费品/可穿戴设备/打扮/伪装/假面具 || 10857:V2融合世界标签体系/通用分类标签/人造物体/覆盖物/假面具 || 10964:V2融合世界标签体系/通用分类标签/人造物体/覆盖物/可穿戴设备/打扮/伪装/假面具
傍晚,3,24859:V2融合世界标签体系/通用分类标签/行为动作/休闲娱乐动作/阅读/时候/小时/傍晚 || 31430:V2融合世界标签体系/通用分类标签/时间数量与度量/基本量/一段时间/傍晚 || 31465:V2融合世界标签体系/通用分类标签/时间数量与度量/基本量/一段时间/日间/傍晚
储气罐,3,76:V2融合世界标签体系/通用分类标签/交通工具/军用交通载具/坦克/储气罐 || 77:V2融合世界标签体系/通用分类标签/交通工具/军用交通载具/坦克/储气罐 || 7023:V2融合世界标签体系/通用分类标签/人造物体/乐器/器械/仪器/仪表/储气罐
储物柜,3,3330:V2融合世界标签体系/通用分类标签/人造物体/五金工具/紧固件/储物柜 || 4762:V2融合世界标签体系/通用分类标签/人造物体/家具大件/储物柜 || 17685:V2融合世界标签体系/通用分类标签/建筑与基础设施/区/室/包房/储物柜
充电器,3,5773:V2融合世界标签体系/通用分类标签/人造物体/数码 3C 电子/充电器 || 7362:V2融合世界标签体系/通用分类标签/人造物体/充电器 || 12134:V2融合世界标签体系/通用分类标签/动物/哺乳动物/马科动物/家马/坐骑/战马/充电器
先生,3,1562:V2融合世界标签体系/通用分类标签/人物与人体/性别与生理属性/男性/成年雄性/先生 || 1563:V2融合世界标签体系/通用分类标签/人物与人体/性别与生理属性/男性/成年雄性/先生 || 19378:V2融合世界标签体系/通用分类标签/文字与信息图形/文字内容/标题/先生
光,3,7363:V2融合世界标签体系/通用分类标签/人造物体/光 || 7388:V2融合世界标签体系/通用分类标签/人造物体/光源/光 || 24117:V2融合世界标签体系/通用分类标签/自然景观/光
光盘,3,5715:V2融合世界标签体系/通用分类标签/人造物体/数码 3C 电子/存储设备/光盘 || 9476:V2融合世界标签体系/通用分类标签/人造物体/机制/旋转机构/回合/光盘 || 30675:V2融合世界标签体系/通用分类标签/声音/频道/声音重放/光盘
入口,3,9387:V2融合世界标签体系/通用分类标签/人造物体/支持/结构构件/窗台/入口 || 11535:V2融合世界标签体系/通用分类标签/人造物体/道路/访问/入口 || 11536:V2融合世界标签体系/通用分类标签/人造物体/道路/访问/入口/入口
八角,3,20114:V2融合世界标签体系/通用分类标签/植物/乔木灌木林木/乔木/八角 || 20115:V2融合世界标签体系/通用分类标签/植物/乔木灌木林木/乔木/八角/八角 || 29738:V2融合世界标签体系/通用分类标签/食物/调味剂/香料/八角
公园,3,17247:V2融合世界标签体系/通用分类标签/建筑与基础设施/文化体育建筑/体育场/公园 || 30825:V2融合世界标签体系/通用分类标签/属性与状态/公园 || 31955:V2融合世界标签体系/通用分类标签/知识与学科/一块土地/公园
关节,3,2265:V2融合世界标签体系/通用分类标签/人物与人体/关节 || 11452:V2融合世界标签体系/通用分类标签/人造物体/连接/交汇处/关节 || 30827:V2融合世界标签体系/通用分类标签/属性与状态/关节
兽皮,3,31648:V2融合世界标签体系/通用分类标签/材料与物质/动物材料/动物产品/兽皮 || 31649:V2融合世界标签体系/通用分类标签/材料与物质/动物材料/动物产品/兽皮/兽皮 || 31650:V2融合世界标签体系/通用分类标签/材料与物质/动物材料/动物产品/兽皮/兽皮
写字台,3,8801:V2融合世界标签体系/通用分类标签/人造物体/容器/容器盒/写字台 || 9781:V2融合世界标签体系/通用分类标签/人造物体/桌子/书桌/写字台 || 9782:V2融合世界标签体系/通用分类标签/人造物体/桌子/书桌/写字台
冰淇淋甜筒,3,8446:V2融合世界标签体系/通用分类标签/人造物体/圆锥体/冰淇淋甜筒 || 8597:V2融合世界标签体系/通用分类标签/人造物体/容器/冰淇淋甜筒 || 29758:V2融合世界标签体系/通用分类标签/食物/路线/点心/冷冻甜点/冰淇淋甜筒
冰球馆,3,16169:V2融合世界标签体系/通用分类标签/场景/自然户外场景/田野/室内运动场/冰球馆 || 17557:V2融合世界标签体系/通用分类标签/建筑与基础设施/冰球馆 || 26161:V2融合世界标签体系/通用分类标签/行为动作/冰球馆
冰箱,3,5067:V2融合世界标签体系/通用分类标签/人造物体/家用电器/冰箱 || 5162:V2融合世界标签体系/通用分类标签/人造物体/家用电器/大型白色家电/冰箱 || 5164:V2融合世界标签体系/通用分类标签/人造物体/家用电器/大型白色家电/冰箱/冰箱
冰雕,3,18640:V2融合世界标签体系/通用分类标签/文化艺术与媒介/视觉艺术/雕塑/冰雕 || 18641:V2融合世界标签体系/通用分类标签/文化艺术与媒介/视觉艺术/雕塑/冰雕 || 19186:V2融合世界标签体系/通用分类标签/文化艺术与媒介/通过移除创造/冰雕
冰鞋,3,7250:V2融合世界标签体系/通用分类标签/人造物体/体育器材/冰鞋 || 7251:V2融合世界标签体系/通用分类标签/人造物体/体育器材/冰鞋/冰鞋 || 13459:V2融合世界标签体系/通用分类标签/动物/水生非哺乳生物/软骨鱼/板鳃类鱼/鳐鱼/冰鞋
冲压机,3,7506:V2融合世界标签体系/通用分类标签/人造物体/动力工具/冲压机 || 9619:V2融合世界标签体系/通用分类标签/人造物体/机器/动力工具/冲压机 || 9656:V2融合世界标签体系/通用分类标签/人造物体/机器/压机/冲压机
冷凝器,3,7194:V2融合世界标签体系/通用分类标签/人造物体/仪器/冷凝器 || 7380:V2融合世界标签体系/通用分类标签/人造物体/光学设备/透镜/冷凝器 || 10247:V2融合世界标签体系/通用分类标签/人造物体/电力设备/冷凝器
凤凰木,3,20125:V2融合世界标签体系/通用分类标签/植物/乔木灌木林木/乔木/凤凰木 || 20200:V2融合世界标签体系/通用分类标签/植物/乔木灌木林木/乔木/开花乔木/凤凰木 || 20593:V2融合世界标签体系/通用分类标签/植物/乔木灌木林木/灌木/开花灌木/凤凰木
凤蝶,3,7999:V2融合世界标签体系/通用分类标签/人造物体/商品/消费品/可穿戴设备/衣服/外衣/外套/夹克/凤蝶 || 11065:V2融合世界标签体系/通用分类标签/人造物体/覆盖物/可穿戴设备/衣服/外衣/外套/夹克/凤蝶 || 15373:V2融合世界标签体系/通用分类标签/动物/无脊椎动物/节肢动物/昆虫/鳞翅目昆虫/蝴蝶/凤蝶
凳子,3,4771:V2融合世界标签体系/通用分类标签/人造物体/家具大件/凳子 || 8463:V2融合世界标签体系/通用分类标签/人造物体/坐椅/凳子 || 8464:V2融合世界标签体系/通用分类标签/人造物体/坐椅/凳子/凳子
凸出,3,18792:V2融合世界标签体系/通用分类标签/文化艺术与媒介/凸出 || 26047:V2融合世界标签体系/通用分类标签/行为动作/伸出/凸出 || 30723:V2融合世界标签体系/通用分类标签/属性与状态/三维形状/凸出
击打/击败,3,2279:V2融合世界标签体系/通用分类标签/人物与人体/击打/击败 || 26181:V2融合世界标签体系/通用分类标签/行为动作/击打/击败 || 26203:V2融合世界标签体系/通用分类标签/行为动作/划水动作/击打/击败
击球头盔,3,7275:V2融合世界标签体系/通用分类标签/人造物体/体育器材/棒球器材/击球头盔 || 7835:V2融合世界标签体系/通用分类标签/人造物体/商品/消费品/可穿戴设备/头具/兜鍪/击球头盔 || 10901:V2融合世界标签体系/通用分类标签/人造物体/覆盖物/可穿戴设备/头具/兜鍪/击球头盔
击球手套,3,7276:V2融合世界标签体系/通用分类标签/人造物体/体育器材/棒球器材/击球手套 || 7889:V2融合世界标签体系/通用分类标签/人造物体/商品/消费品/可穿戴设备/手部穿戴物/手套/击球手套 || 10955:V2融合世界标签体系/通用分类标签/人造物体/覆盖物/可穿戴设备/手部穿戴物/手套/击球手套
凿子,3,5468:V2融合世界标签体系/通用分类标签/人造物体/工业机械设备/凿子 || 7440:V2融合世界标签体系/通用分类标签/人造物体/切割器具/切削工具/刃具/凿子 || 7441:V2融合世界标签体系/通用分类标签/人造物体/切割器具/切削工具/刃具/凿子
刀,3,1216:V2融合世界标签体系/通用分类标签/人物与人体/人体部位/手臂/刀 || 1225:V2融合世界标签体系/通用分类标签/人物与人体/人体部位/手臂/刀 || 7444:V2融合世界标签体系/通用分类标签/人造物体/切割器具/切削工具/刃具/刀
刀片,3,7428:V2融合世界标签体系/通用分类标签/人造物体/切割器具/刀片 || 9471:V2融合世界标签体系/通用分类标签/人造物体/机制/旋转机构/刀片 || 24323:V2融合世界标签体系/通用分类标签/自然景观/植物结构/植物器官/叶/刀片
分享,3,18807:V2融合世界标签体系/通用分类标签/文化艺术与媒介/分享 || 26107:V2融合世界标签体系/通用分类标签/行为动作/供应/分享 || 26184:V2融合世界标签体系/通用分类标签/行为动作/分享
分开,3,7978:V2融合世界标签体系/通用分类标签/人造物体/商品/消费品/可穿戴设备/衣服/分开 || 11044:V2融合世界标签体系/通用分类标签/人造物体/覆盖物/可穿戴设备/衣服/分开 || 26381:V2融合世界标签体系/通用分类标签/行为动作/完整性变化/分开
分数,3,30839:V2融合世界标签体系/通用分类标签/属性与状态/分数 || 31304:V2融合世界标签体系/通用分类标签/时间数量与度量/一定量/复数/实数/有理数/分数 || 31305:V2融合世界标签体系/通用分类标签/时间数量与度量/一定量/复数/实数/有理数/分数/分数
划水动作,3,26192:V2融合世界标签体系/通用分类标签/行为动作/划水动作 || 26699:V2融合世界标签体系/通用分类标签/行为动作/机动动作/划水动作 || 26905:V2融合世界标签体系/通用分类标签/行为动作/移动/划水动作
划艇,3,796:V2融合世界标签体系/通用分类标签/交通工具/容器/小船/小船/划艇 || 797:V2融合世界标签体系/通用分类标签/交通工具/容器/小船/小船/划艇/划艇 || 913:V2融合世界标签体系/通用分类标签/交通工具/水上交通工具/划艇
制动器,3,10505:V2融合世界标签体系/通用分类标签/人造物体/约束/制动器 || 10506:V2融合世界标签体系/通用分类标签/人造物体/约束/制动器 || 10507:V2融合世界标签体系/通用分类标签/人造物体/约束/制动器/制动器
刺鲀,3,13233:V2融合世界标签体系/通用分类标签/动物/水生非哺乳生物/硬骨鱼/真骨鱼/棘鳍目鱼/愈颌目/刺鲀 || 13234:V2融合世界标签体系/通用分类标签/动物/水生非哺乳生物/硬骨鱼/真骨鱼/棘鳍目鱼/愈颌目/刺鲀/刺鲀 || 13235:V2融合世界标签体系/通用分类标签/动物/水生非哺乳生物/硬骨鱼/真骨鱼/棘鳍目鱼/愈颌目/刺鲀/刺鲀
刻度盘,3,9209:V2融合世界标签体系/通用分类标签/人造物体/指示器/刻度盘 || 9448:V2融合世界标签体系/通用分类标签/人造物体/机制/控制/开关/选择器/刻度盘 || 10624:V2融合世界标签体系/通用分类标签/人造物体/表面/侧面/前面/脸/刻度盘
前锋,3,1636:V2融合世界标签体系/通用分类标签/人物与人体/职业身份/运动员/前锋 || 9503:V2融合世界标签体系/通用分类标签/人造物体/机制/机械装置/前锋 || 32911:V2融合世界标签体系/IP 分类标签/真人与人物 IP/体育明星/篮球运动员/前锋
剪刀,3,3473:V2融合世界标签体系/通用分类标签/人造物体/办公文具/剪刀 || 26226:V2融合世界标签体系/通用分类标签/行为动作/剪刀 || 30151:V2融合世界标签体系/通用分类标签/声音/剪刀
剪切,3,26227:V2融合世界标签体系/通用分类标签/行为动作/剪切 || 26228:V2融合世界标签体系/通用分类标签/行为动作/剪切 || 26283:V2融合世界标签体系/通用分类标签/行为动作/变形/剪切
办公桌,3,4780:V2融合世界标签体系/通用分类标签/人造物体/家具大件/办公桌 || 9784:V2融合世界标签体系/通用分类标签/人造物体/桌子/书桌/办公桌 || 9785:V2融合世界标签体系/通用分类标签/人造物体/桌子/书桌/办公桌
办公椅,3,2312:V2融合世界标签体系/通用分类标签/人物与人体/办公椅 || 4789:V2融合世界标签体系/通用分类标签/人造物体/家具大件/办公椅 || 8470:V2融合世界标签体系/通用分类标签/人造物体/坐椅/办公椅
加拿大马鹿,3,12440:V2融合世界标签体系/通用分类标签/动物/哺乳动物/有胎盘的/有蹄哺乳动物/偶蹄动物/反刍动物/鹿/加拿大马鹿 || 12442:V2融合世界标签体系/通用分类标签/动物/哺乳动物/有胎盘的/有蹄哺乳动物/偶蹄动物/反刍动物/鹿/加拿大马鹿 || 12443:V2融合世界标签体系/通用分类标签/动物/哺乳动物/有胎盘的/有蹄哺乳动物/偶蹄动物/反刍动物/鹿/加拿大马鹿
动力工具,3,7505:V2融合世界标签体系/通用分类标签/人造物体/动力工具 || 9618:V2融合世界标签体系/通用分类标签/人造物体/机器/动力工具 || 29971:V2融合世界标签体系/通用分类标签/声音/事物声音/工具/动力工具
劳动者,3,2315:V2融合世界标签体系/通用分类标签/人物与人体/劳动者 || 2492:V2融合世界标签体系/通用分类标签/人物与人体/劳动者 || 15216:V2融合世界标签体系/通用分类标签/动物/无脊椎动物/节肢动物/昆虫/劳动者
包,3,8604:V2融合世界标签体系/通用分类标签/人造物体/容器/包 || 26240:V2融合世界标签体系/通用分类标签/行为动作/包 || 32179:V2融合世界标签体系/通用分类标签/知识与学科/收藏品集合/包
半独立式住宅,3,17413:V2融合世界标签体系/通用分类标签/建筑与基础设施/H类住宅/半独立式住宅 || 17487:V2融合世界标签体系/通用分类标签/建筑与基础设施/住宅/住处/H类住宅/半独立式住宅 || 17510:V2融合世界标签体系/通用分类标签/建筑与基础设施/住宅/住处/半独立式住宅
半面罩,3,7899:V2融合世界标签体系/通用分类标签/人造物体/商品/消费品/可穿戴设备/打扮/伪装/假面具/半面罩 || 10858:V2融合世界标签体系/通用分类标签/人造物体/覆盖物/假面具/半面罩 || 10965:V2融合世界标签体系/通用分类标签/人造物体/覆盖物/可穿戴设备/打扮/伪装/假面具/半面罩
南洋杉,3,20048:V2融合世界标签体系/通用分类标签/植物/乔木灌木林木/针叶树/南洋杉 || 20049:V2融合世界标签体系/通用分类标签/植物/乔木灌木林木/针叶树/南洋杉/南洋杉 || 24397:V2融合世界标签体系/通用分类标签/自然景观/植物结构/植物器官/生殖结构/果子/种子/坚果/食用坚果/南洋杉
南饼,3,1978:V2融合世界标签体系/通用分类标签/人物与人体/亲属/上升的/克制/祖父母/南饼 || 1979:V2融合世界标签体系/通用分类标签/人物与人体/亲属/上升的/克制/祖父母/南饼/南饼 || 27811:V2融合世界标签体系/通用分类标签/食物/烘焙甜品点心/面包/南饼
卡丁车,3,1040:V2融合世界标签体系/通用分类标签/交通工具/轮式车辆/卡丁车 || 1078:V2融合世界标签体系/通用分类标签/交通工具/轮式车辆/自行式车辆/机动车/卡丁车 || 17989:V2融合世界标签体系/通用分类标签/建筑与基础设施/支承结构/构架/卡丁车
卡车,3,518:V2融合世界标签体系/通用分类标签/交通工具/陆地民用车辆/货车/卡车 || 1041:V2融合世界标签体系/通用分类标签/交通工具/轮式车辆/卡丁车/卡车 || 1150:V2融合世界标签体系/通用分类标签/交通工具/道路机动车/卡车
印刷,3,641:V2融合世界标签体系/通用分类标签/交通工具/事业/印刷 || 19513:V2融合世界标签体系/通用分类标签/文字与信息图形/书面交流/手写/字迹/印刷 || 26152:V2融合世界标签体系/通用分类标签/行为动作/写/印刷
印刷品,3,7675:V2融合世界标签体系/通用分类标签/人造物体/台布/印刷品 || 18871:V2融合世界标签体系/通用分类标签/文化艺术与媒介/平面艺术/印刷品 || 19501:V2融合世界标签体系/通用分类标签/文字与信息图形/书面交流/印刷品
印度楝,3,20140:V2融合世界标签体系/通用分类标签/植物/乔木灌木林木/乔木/印度楝 || 20141:V2融合世界标签体系/通用分类标签/植物/乔木灌木林木/乔木/印度楝 || 20203:V2融合世界标签体系/通用分类标签/植物/乔木灌木林木/乔木/开花乔木/印度楝
卷发器,3,7567:V2融合世界标签体系/通用分类标签/人造物体/卷发器 || 7568:V2融合世界标签体系/通用分类标签/人造物体/卷发器 || 9507:V2融合世界标签体系/通用分类标签/人造物体/机制/机械装置/卷发器
卷尺,3,5477:V2融合世界标签体系/通用分类标签/人造物体/工业机械设备/卷尺 || 7039:V2融合世界标签体系/通用分类标签/人造物体/乐器/器械/仪器/卷尺 || 9754:V2融合世界标签体系/通用分类标签/人造物体/条带/卷尺
卷心菜,3,22314:V2融合世界标签体系/通用分类标签/植物/草本植物/十字花科植物/卷心菜 || 22315:V2融合世界标签体系/通用分类标签/植物/草本植物/十字花科植物/卷心菜/卷心菜 || 29060:V2融合世界标签体系/通用分类标签/食物/农产品/蔬菜/十字花科蔬菜/卷心菜
卷盘,3,9277:V2融合世界标签体系/通用分类标签/人造物体/摄影设备/相纸/摄影胶片/卷盘 || 9509:V2融合世界标签体系/通用分类标签/人造物体/机制/机械装置/卷绕器/卷盘 || 9511:V2融合世界标签体系/通用分类标签/人造物体/机制/机械装置/卷绕器/卷盘
压机,3,7569:V2融合世界标签体系/通用分类标签/人造物体/压机 || 8555:V2融合世界标签体系/通用分类标签/人造物体/媒介/印刷媒体/压机 || 9655:V2融合世界标签体系/通用分类标签/人造物体/机器/压机
原鸡,3,14054:V2融合世界标签体系/通用分类标签/动物/鸟类/家禽/原鸡 || 14878:V2融合世界标签体系/通用分类标签/动物/鸟类/鸡形目鸟/原鸡 || 14879:V2融合世界标签体系/通用分类标签/动物/鸟类/鸡形目鸟/原鸡/原鸡
厨师,3,1707:V2融合世界标签体系/通用分类标签/人物与人体/职业身份/厨师 || 2413:V2融合世界标签体系/通用分类标签/人物与人体/劳动者/技术工人/厨师 || 2414:V2融合世界标签体系/通用分类标签/人物与人体/劳动者/技术工人/厨师/厨师
厨房台面,3,10636:V2融合世界标签体系/通用分类标签/人造物体/表面/工作台面/台面/厨房台面 || 10639:V2融合世界标签体系/通用分类标签/人造物体/表面/工作台面/桌面/台面/厨房台面 || 10648:V2融合世界标签体系/通用分类标签/人造物体/表面/桌面/台面/厨房台面
双层巴士,3,671:V2融合世界标签体系/通用分类标签/交通工具/公共运输/公交车/双层巴士 || 672:V2融合世界标签体系/通用分类标签/交通工具/公共运输/公交车/双层巴士 || 689:V2融合世界标签体系/通用分类标签/交通工具/公共运输/双层巴士
反对,3,17816:V2融合世界标签体系/通用分类标签/建筑与基础设施/反对 || 32030:V2融合世界标签体系/通用分类标签/知识与学科/反对 || 32031:V2融合世界标签体系/通用分类标签/知识与学科/反对
反射,3,26271:V2融合世界标签体系/通用分类标签/行为动作/反射 || 26272:V2融合世界标签体系/通用分类标签/行为动作/反射 || 32033:V2融合世界标签体系/通用分类标签/知识与学科/反射
发电机,3,5486:V2融合世界标签体系/通用分类标签/人造物体/工业机械设备/发电机 || 9669:V2融合世界标签体系/通用分类标签/人造物体/机器/发动机/发动机/发电机 || 10318:V2融合世界标签体系/通用分类标签/人造物体/电子器件/发电机
古筝,3,3228:V2融合世界标签体系/通用分类标签/人造物体/中西乐器/弦乐器/齐特琴/古筝 || 6568:V2融合世界标签体系/通用分类标签/人造物体/益智玩具/古筝 || 30176:V2融合世界标签体系/通用分类标签/声音/古筝
可可,3,20204:V2融合世界标签体系/通用分类标签/植物/乔木灌木林木/乔木/开花乔木/可可 || 29307:V2融合世界标签体系/通用分类标签/食物/可可 || 29814:V2融合世界标签体系/通用分类标签/食物/食品/可可
台球,3,9965:V2融合世界标签体系/通用分类标签/人造物体/游戏器材/球/台球 || 9967:V2融合世界标签体系/通用分类标签/人造物体/游戏器材/球/台球 || 26287:V2融合世界标签体系/通用分类标签/行为动作/台球
叶片,3,9517:V2融合世界标签体系/通用分类标签/人造物体/机制/机械装置/叶片 || 10477:V2融合世界标签体系/通用分类标签/人造物体/稳定器/安定翼/叶片 || 17817:V2融合世界标签体系/通用分类标签/建筑与基础设施/叶片
合唱团,3,17599:V2融合世界标签体系/通用分类标签/建筑与基础设施/区/合唱团 || 23635:V2融合世界标签体系/通用分类标签/组织机构与社会事件/音乐组织/合唱/合唱团 || 30054:V2融合世界标签体系/通用分类标签/声音/人类声音/人声/歌唱/合唱团
向日葵,3,20747:V2融合世界标签体系/通用分类标签/植物/农作物/向日葵 || 21711:V2融合世界标签体系/通用分类标签/植物/显花植物/开花植物/开花植物/向日葵 || 21714:V2融合世界标签体系/通用分类标签/植物/显花植物/开花植物/开花植物/向日葵/向日葵
吞火表演者,3,1911:V2融合世界标签体系/通用分类标签/人物与人体/不受欢迎的人/令人不快的人/牢骚满腹的人/吞火表演者 || 2239:V2融合世界标签体系/通用分类标签/人物与人体/保护者/保护器/吞火表演者 || 3071:V2融合世界标签体系/通用分类标签/人物与人体/表演者/表演者/吞火表演者
含羞草,3,20483:V2融合世界标签体系/通用分类标签/植物/乔木灌木林木/乔木/金合欢/金合欢/含羞草 || 20564:V2融合世界标签体系/通用分类标签/植物/乔木灌木林木/灌木/含羞草 || 29553:V2融合世界标签体系/通用分类标签/食物/致醉物/混合饮料/含羞草
告密者,3,2113:V2融合世界标签体系/通用分类标签/人物与人体/传播者/告密者 || 2114:V2融合世界标签体系/通用分类标签/人物与人体/传播者/告密者/告密者 || 2115:V2融合世界标签体系/通用分类标签/人物与人体/传播者/告密者/告密者/告密者
呼吸器,3,7796:V2融合世界标签体系/通用分类标签/人造物体/呼吸器 || 10767:V2融合世界标签体系/通用分类标签/人造物体/覆盖物/保护/口罩/呼吸器 || 11548:V2融合世界标签体系/通用分类标签/人造物体/道路/通道/导管/导管/气道/呼吸器
哥特式,3,19952:V2融合世界标签体系/通用分类标签/文字与信息图形/自然语言/印欧语系的/日耳曼的/东日耳曼语支/哥特式 || 30874:V2融合世界标签体系/通用分类标签/属性与状态/哥特式 || 32059:V2融合世界标签体系/通用分类标签/知识与学科/哥特式
哼声,3,13258:V2融合世界标签体系/通用分类标签/动物/水生非哺乳生物/硬骨鱼/真骨鱼/棘鳍目鱼/鲈形亚目鱼/哼声 || 26303:V2融合世界标签体系/通用分类标签/行为动作/呼吸/哼声 || 30046:V2融合世界标签体系/通用分类标签/声音/人类声音/人声/哼声
唇,3,2570:V2融合世界标签体系/通用分类标签/人物与人体/器官/发音器官/咬合架/唇 || 2612:V2融合世界标签体系/通用分类标签/人物与人体/外部身体部位/唇 || 24298:V2融合世界标签体系/通用分类标签/自然景观/植物结构/唇
喇叭,3,3297:V2融合世界标签体系/通用分类标签/人造物体/中西乐器/管乐器/铜管乐器/喇叭 || 9198:V2融合世界标签体系/通用分类标签/人造物体/报警系统/喇叭 || 10271:V2融合世界标签体系/通用分类标签/人造物体/电力设备/换能器/电声传感器/喇叭
喊叫,3,19654:V2融合世界标签体系/通用分类标签/文字与信息图形/听觉交流/话语/喊叫 || 30048:V2融合世界标签体系/通用分类标签/声音/人类声音/人声/喊叫 || 30218:V2融合世界标签体系/通用分类标签/声音/喊叫
喷雾,3,8600:V2融合世界标签体系/通用分类标签/人造物体/容器/分配器/喷雾 || 30004:V2融合世界标签体系/通用分类标签/声音/事物声音/液体/喷雾 || 31640:V2融合世界标签体系/通用分类标签/材料与物质/农药/喷雾
器具,3,8198:V2融合世界标签体系/通用分类标签/人造物体/商品/消费品/耐用品/器具 || 8223:V2融合世界标签体系/通用分类标签/人造物体/器具 || 8254:V2融合世界标签体系/通用分类标签/人造物体/器具/器具
四分之一,3,18831:V2融合世界标签体系/通用分类标签/文化艺术与媒介/四分之一 || 31308:V2融合世界标签体系/通用分类标签/时间数量与度量/一定量/复数/实数/有理数/分数/分数/四分之一 || 31309:V2融合世界标签体系/通用分类标签/时间数量与度量/一定量/复数/实数/有理数/分数/分数/四分之一
四季豆,3,29158:V2融合世界标签体系/通用分类标签/食物/农产品/蔬菜/豆科植物/蚕豆/菜豆/鲜豆/四季豆 || 29160:V2融合世界标签体系/通用分类标签/食物/农产品/蔬菜/豆科植物/蚕豆/菜豆/鲜豆/四季豆/四季豆 || 29161:V2融合世界标签体系/通用分类标签/食物/农产品/蔬菜/豆科植物/蚕豆/菜豆/鲜豆/四季豆/四季豆
国家首都,3,31974:V2融合世界标签体系/通用分类标签/知识与学科/中央/座位/首都/国家首都 || 31991:V2融合世界标签体系/通用分类标签/知识与学科/人口聚居区/市镇/城/国家首都 || 32078:V2融合世界标签体系/通用分类标签/知识与学科/地区/行政区/市镇/城/国家首都
圆珠笔,3,3500:V2融合世界标签体系/通用分类标签/人造物体/办公文具/圆珠笔 || 7869:V2融合世界标签体系/通用分类标签/人造物体/商品/消费品/可穿戴设备/女装/女服/女夜礼服/圆珠笔 || 10935:V2融合世界标签体系/通用分类标签/人造物体/覆盖物/可穿戴设备/女装/女服/女夜礼服/圆珠笔
圆锥体,3,8445:V2融合世界标签体系/通用分类标签/人造物体/圆锥体 || 24349:V2融合世界标签体系/通用分类标签/自然景观/植物结构/植物器官/生殖结构/圆锥体 || 30884:V2融合世界标签体系/通用分类标签/属性与状态/圆形/圆锥体
土豆,3,21307:V2融合世界标签体系/通用分类标签/植物/草本竹藤植物/藤本植物/土豆 || 29108:V2融合世界标签体系/通用分类标签/食物/农产品/蔬菜/根菜类/土豆 || 29130:V2融合世界标签体系/通用分类标签/食物/农产品/蔬菜/茄科蔬菜/土豆
地堡/击球,3,18286:V2融合世界标签体系/通用分类标签/建筑与基础设施/辎重/妨碍/危险/地堡/击球 || 25124:V2融合世界标签体系/通用分类标签/行为动作/冲突与执法动作/防御/军需品/地堡/击球 || 26323:V2融合世界标签体系/通用分类标签/行为动作/地堡/击球
地板,3,10651:V2融合世界标签体系/通用分类标签/人造物体/表面/水平仪/地板 || 15086:V2融合世界标签体系/通用分类标签/动物/地板 || 17821:V2融合世界标签体系/通用分类标签/建筑与基础设施/地板
地毯,3,4798:V2融合世界标签体系/通用分类标签/人造物体/家具大件/地毯 || 8574:V2融合世界标签体系/通用分类标签/人造物体/家具/地毯 || 11268:V2融合世界标签体系/通用分类标签/人造物体/覆盖物/地板蒙布/地毯
地衣,3,22993:V2融合世界标签体系/通用分类标签/真菌与微生物/菌类/地衣 || 22996:V2融合世界标签体系/通用分类标签/真菌与微生物/菌类/地衣/地衣 || 31059:V2融合世界标签体系/通用分类标签/属性与状态/形势/生理状态/病理状态/不健康/生病/皮肤病/地衣
坐垫/搁脚凳/草丛,3,8460:V2融合世界标签体系/通用分类标签/人造物体/坐垫/搁脚凳/草丛 || 10563:V2融合世界标签体系/通用分类标签/人造物体/缓冲材料/坐垫/坐垫/搁脚凳/草丛 || 21516:V2融合世界标签体系/通用分类标签/植物/坐垫/搁脚凳/草丛
坐骑,3,12130:V2融合世界标签体系/通用分类标签/动物/哺乳动物/马科动物/家马/坐骑 || 17994:V2融合世界标签体系/通用分类标签/建筑与基础设施/支承结构/构架/安装/坐骑 || 24228:V2融合世界标签体系/通用分类标签/自然景观/天然高地/坐骑
块,3,18842:V2融合世界标签体系/通用分类标签/文化艺术与媒介/块 || 24159:V2融合世界标签体系/通用分类标签/自然景观/块 || 31738:V2融合世界标签体系/通用分类标签/材料与物质/块
块状物,3,8505:V2融合世界标签体系/通用分类标签/人造物体/块状物 || 9536:V2融合世界标签体系/通用分类标签/人造物体/机制/机械装置/机器/块状物 || 17532:V2融合世界标签体系/通用分类标签/建筑与基础设施/住宅/块状物
坟墓,3,17617:V2融合世界标签体系/通用分类标签/建筑与基础设施/区/围场/房间/坟墓 || 31392:V2融合世界标签体系/通用分类标签/时间数量与度量/关头/坟墓 || 32251:V2融合世界标签体系/通用分类标签/知识与学科/点/地形点/坟墓
垫子,3,10567:V2融合世界标签体系/通用分类标签/人造物体/缓冲材料/垫子 || 10570:V2融合世界标签体系/通用分类标签/人造物体/缓冲材料/垫子/垫子 || 31926:V2融合世界标签体系/通用分类标签/材料与物质/纸/垫子
塑像,3,18645:V2融合世界标签体系/通用分类标签/文化艺术与媒介/视觉艺术/雕塑/塑像 || 19077:V2融合世界标签体系/通用分类标签/文化艺术与媒介/表征/仿真/人物/塑像 || 19127:V2融合世界标签体系/通用分类标签/文化艺术与媒介/表征/塑像
塘鹅,3,14144:V2融合世界标签体系/通用分类标签/动物/鸟类/海鸟/鹈形目海鸟/塘鹅 || 14147:V2融合世界标签体系/通用分类标签/动物/鸟类/海鸟/鹈形目海鸟/塘鹅 || 14149:V2融合世界标签体系/通用分类标签/动物/鸟类/海鸟/鹈形目海鸟/塘鹅/塘鹅
塞子,3,10261:V2融合世界标签体系/通用分类标签/人造物体/电力设备/塞子 || 18274:V2融合世界标签体系/通用分类标签/建筑与基础设施/辎重/堵塞/塞子 || 18278:V2融合世界标签体系/通用分类标签/建筑与基础设施/辎重/堵塞/塞子/塞子
墙,3,17560:V2融合世界标签体系/通用分类标签/建筑与基础设施/分隔物/墙 || 18289:V2融合世界标签体系/通用分类标签/建筑与基础设施/辎重/屏障/击剑/墙 || 32091:V2融合世界标签体系/通用分类标签/知识与学科/墙
墨西哥酸浆,3,22640:V2融合世界标签体系/通用分类标签/植物/草本植物/酸浆/墨西哥酸浆 || 22641:V2融合世界标签体系/通用分类标签/植物/草本植物/酸浆/墨西哥酸浆 || 29134:V2融合世界标签体系/通用分类标签/食物/农产品/蔬菜/茄科蔬菜/墨西哥酸浆
壶,3,4279:V2融合世界标签体系/通用分类标签/人造物体/厨房餐厨用品/炊具/壶 || 4282:V2融合世界标签体系/通用分类标签/人造物体/厨房餐厨用品/炊具/壶/壶 || 8722:V2融合世界标签体系/通用分类标签/人造物体/容器/器皿/瓶/壶
外壳,3,11279:V2融合世界标签体系/通用分类标签/人造物体/覆盖物/外壳 || 17991:V2融合世界标签体系/通用分类标签/建筑与基础设施/支承结构/构架/外壳 || 24206:V2融合世界标签体系/通用分类标签/自然景观/天然覆盖物/外壳
外套,3,7993:V2融合世界标签体系/通用分类标签/人造物体/商品/消费品/可穿戴设备/衣服/外衣/外套 || 11059:V2融合世界标签体系/通用分类标签/人造物体/覆盖物/可穿戴设备/衣服/外衣/外套 || 11280:V2融合世界标签体系/通用分类标签/人造物体/覆盖物/外套
外科手术,3,17661:V2融合世界标签体系/通用分类标签/建筑与基础设施/区/室/H类病房/外科手术 || 17733:V2融合世界标签体系/通用分类标签/建筑与基础设施/区/室/外科手术 || 26347:V2融合世界标签体系/通用分类标签/行为动作/外科手术
多雪的,3,30943:V2融合世界标签体系/通用分类标签/属性与状态/多雪的 || 30944:V2融合世界标签体系/通用分类标签/属性与状态/多雪的 || 30945:V2融合世界标签体系/通用分类标签/属性与状态/多雪的
夜开花仙人掌,3,21534:V2融合世界标签体系/通用分类标签/植物/多肉/仙人掌/夜开花仙人掌 || 21535:V2融合世界标签体系/通用分类标签/植物/多肉/仙人掌/夜开花仙人掌 || 21536:V2融合世界标签体系/通用分类标签/植物/多肉/仙人掌/夜开花仙人掌
大力钳,3,8357:V2融合世界标签体系/通用分类标签/人造物体/器具/棒/杠杆/复式杠杆/一把手钳/大力钳 || 8430:V2融合世界标签体系/通用分类标签/人造物体/固定装置/一把手钳/大力钳 || 9114:V2融合世界标签体系/通用分类标签/人造物体/手工工具/一把手钳/大力钳
大厅,3,11588:V2融合世界标签体系/通用分类标签/人造物体/道路/通道/走廊/甬道/大厅 || 17734:V2融合世界标签体系/通用分类标签/建筑与基础设施/区/室/大厅 || 17861:V2融合世界标签体系/通用分类标签/建筑与基础设施/大厅
大提琴,3,3215:V2融合世界标签体系/通用分类标签/人造物体/中西乐器/弦乐器/弓弦乐器/大提琴 || 6595:V2融合世界标签体系/通用分类标签/人造物体/益智玩具/大提琴 || 29884:V2融合世界标签体系/通用分类标签/声音/乐器/弓弦乐器/大提琴
大白鹭,3,14233:V2融合世界标签体系/通用分类标签/动物/鸟类/涉禽/苍鹭/大白鹭 || 14237:V2融合世界标签体系/通用分类标签/动物/鸟类/涉禽/苍鹭/白鹭/大白鹭 || 14238:V2融合世界标签体系/通用分类标签/动物/鸟类/涉禽/苍鹭/白鹭/大白鹭
大羚羊,3,12414:V2融合世界标签体系/通用分类标签/动物/哺乳动物/有胎盘的/有蹄哺乳动物/偶蹄动物/反刍动物/牛科动物/羚羊/大羚羊 || 12415:V2融合世界标签体系/通用分类标签/动物/哺乳动物/有胎盘的/有蹄哺乳动物/偶蹄动物/反刍动物/牛科动物/羚羊/大羚羊 || 12416:V2融合世界标签体系/通用分类标签/动物/哺乳动物/有胎盘的/有蹄哺乳动物/偶蹄动物/反刍动物/牛科动物/羚羊/大羚羊
大麦,3,20783:V2融合世界标签体系/通用分类标签/植物/农作物/大麦 || 21257:V2融合世界标签体系/通用分类标签/植物/草本竹藤植物/牧草/谷类禾草/大麦 || 29845:V2融合世界标签体系/通用分类标签/食物/食品/谷物/大麦
天竺葵,3,22397:V2融合世界标签体系/通用分类标签/植物/草本植物/天竺葵 || 22399:V2融合世界标签体系/通用分类标签/植物/草本植物/天竺葵/天竺葵 || 32095:V2融合世界标签体系/通用分类标签/知识与学科/天竺葵
头具,3,7831:V2融合世界标签体系/通用分类标签/人造物体/商品/消费品/可穿戴设备/头具 || 10224:V2融合世界标签体系/通用分类标签/人造物体/用具/平头钉/头具 || 10897:V2融合世界标签体系/通用分类标签/人造物体/覆盖物/可穿戴设备/头具
夹克,3,6168:V2融合世界标签体系/通用分类标签/人造物体/服饰全品/夹克 || 7996:V2融合世界标签体系/通用分类标签/人造物体/商品/消费品/可穿戴设备/衣服/外衣/外套/夹克 || 11062:V2融合世界标签体系/通用分类标签/人造物体/覆盖物/可穿戴设备/衣服/外衣/外套/夹克
夹板,3,9073:V2融合世界标签体系/通用分类标签/人造物体/扁平立体/层压材料/夹板 || 9527:V2融合世界标签体系/通用分类标签/人造物体/机制/机械装置/夹板 || 11373:V2融合世界标签体系/通用分类标签/人造物体/覆盖物/足部装备/鞋/夹板
奔跑,3,755:V2融合世界标签体系/通用分类标签/交通工具/奔跑 || 26375:V2融合世界标签体系/通用分类标签/行为动作/完成/成就/成功/比分/奔跑 || 30072:V2融合世界标签体系/通用分类标签/声音/人类声音/人类移动/奔跑
女巫帽,3,6056:V2融合世界标签体系/通用分类标签/人造物体/服饰全品/帽子/女巫帽 || 7845:V2融合世界标签体系/通用分类标签/人造物体/商品/消费品/可穿戴设备/头具/女巫帽 || 10911:V2融合世界标签体系/通用分类标签/人造物体/覆盖物/可穿戴设备/头具/女巫帽
奶,3,29323:V2融合世界标签体系/通用分类标签/食物/奶 || 29325:V2融合世界标签体系/通用分类标签/食物/奶 || 29815:V2融合世界标签体系/通用分类标签/食物/食品/奶
奶油,3,2902:V2融合世界标签体系/通用分类标签/人物与人体/杰出人物/奶油 || 9911:V2融合世界标签体系/通用分类标签/人造物体/洗漱用品/奶油 || 29327:V2融合世界标签体系/通用分类标签/食物/奶油
奶茶,3,8545:V2融合世界标签体系/通用分类标签/人造物体/奶茶 || 28660:V2融合世界标签体系/通用分类标签/食物/饮品类/奶茶 || 29491:V2融合世界标签体系/通用分类标签/食物/红茶/奶茶
奶酪火锅,3,28840:V2融合世界标签体系/通用分类标签/食物/一道菜/奶酪火锅 || 28841:V2融合世界标签体系/通用分类标签/食物/一道菜/奶酪火锅/奶酪火锅 || 28843:V2融合世界标签体系/通用分类标签/食物/一道菜/奶酪火锅
姜,3,22407:V2融合世界标签体系/通用分类标签/植物/草本植物/姜 || 22408:V2融合世界标签体系/通用分类标签/植物/草本植物/姜/姜 || 29698:V2融合世界标签体系/通用分类标签/食物/调味剂/姜
婚礼请柬,3,8546:V2融合世界标签体系/通用分类标签/人造物体/婚礼请柬 || 19494:V2融合世界标签体系/通用分类标签/文字与信息图形/书信/婚礼请柬 || 19504:V2融合世界标签体系/通用分类标签/文字与信息图形/书面交流/原文/书信/婚礼请柬
孤儿,3,1475:V2融合世界标签体系/通用分类标签/人物与人体/基础年龄属性/儿童/孤儿 || 2683:V2融合世界标签体系/通用分类标签/人物与人体/孤儿 || 15063:V2融合世界标签体系/通用分类标签/动物/后代/孤儿
守夜,3,15691:V2融合世界标签体系/通用分类标签/场景/宗教庆典场景/宗教仪式/守夜 || 19160:V2融合世界标签体系/通用分类标签/文化艺术与媒介/调查/守夜 || 31033:V2融合世界标签体系/通用分类标签/属性与状态/形势/生理状态/清醒状态/守夜
安全吊带,3,8152:V2融合世界标签体系/通用分类标签/人造物体/商品/消费品/可穿戴设备/装备/带/安全吊带 || 10514:V2融合世界标签体系/通用分类标签/人造物体/约束/安全吊带 || 11218:V2融合世界标签体系/通用分类标签/人造物体/覆盖物/可穿戴设备/装备/带/安全吊带
安全带,3,8153:V2融合世界标签体系/通用分类标签/人造物体/商品/消费品/可穿戴设备/装备/带/安全吊带/安全带 || 10515:V2融合世界标签体系/通用分类标签/人造物体/约束/安全吊带/安全带 || 11219:V2融合世界标签体系/通用分类标签/人造物体/覆盖物/可穿戴设备/装备/带/安全吊带/安全带
安全背心,3,8068:V2融合世界标签体系/通用分类标签/人造物体/商品/消费品/可穿戴设备/衣服/安全背心 || 8571:V2融合世界标签体系/通用分类标签/人造物体/安全背心 || 11134:V2融合世界标签体系/通用分类标签/人造物体/覆盖物/可穿戴设备/衣服/安全背心
安哥拉,3,12087:V2融合世界标签体系/通用分类标签/动物/哺乳动物/猫科动物/猫/家猫/安哥拉 || 12328:V2融合世界标签体系/通用分类标签/动物/哺乳动物/有胎盘的/兔形目动物/兔科动物/兔/安哥拉 || 12356:V2融合世界标签体系/通用分类标签/动物/哺乳动物/有胎盘的/有蹄哺乳动物/偶蹄动物/反刍动物/牛科动物/山羊/家山羊/安哥拉
宝石,3,6904:V2融合世界标签体系/通用分类标签/人造物体/箱包首饰/珠宝首饰/宝石 || 27834:V2融合世界标签体系/通用分类标签/食物/烘焙甜品点心/面包/速发面包/宝石 || 32103:V2融合世界标签体系/通用分类标签/知识与学科/宝石
客厅,3,17687:V2融合世界标签体系/通用分类标签/建筑与基础设施/区/室/包房/客厅 || 17756:V2融合世界标签体系/通用分类标签/建筑与基础设施/区/室/接待室/客厅 || 17757:V2融合世界标签体系/通用分类标签/建筑与基础设施/区/室/接待室/客厅
客房,3,17708:V2融合世界标签体系/通用分类标签/建筑与基础设施/区/室/卧室/客房 || 17709:V2融合世界标签体系/通用分类标签/建筑与基础设施/区/室/卧室/客房 || 17751:V2融合世界标签体系/通用分类标签/建筑与基础设施/区/室/客房
宴会,3,25764:V2融合世界标签体系/通用分类标签/行为动作/社交互动动作/聚会/宴会 || 25776:V2融合世界标签体系/通用分类标签/行为动作/社交互动动作/聚会/晚宴/宴会 || 29020:V2融合世界标签体系/通用分类标签/食物/一餐/宴会
宴会厅,3,17602:V2融合世界标签体系/通用分类标签/建筑与基础设施/区/听众席/会议厅/宴会厅 || 17740:V2融合世界标签体系/通用分类标签/建筑与基础设施/区/室/大厅/宴会厅 || 26415:V2融合世界标签体系/通用分类标签/行为动作/宴会厅
家,3,7282:V2融合世界标签体系/通用分类标签/人造物体/体育器材/棒球器材/垒/家 || 17515:V2融合世界标签体系/通用分类标签/建筑与基础设施/住宅/住处/家 || 18849:V2融合世界标签体系/通用分类标签/文化艺术与媒介/家
家居装饰,3,10083:V2融合世界标签体系/通用分类标签/人造物体/点缀/家居装饰 || 17875:V2融合世界标签体系/通用分类标签/建筑与基础设施/家居装饰 || 17876:V2融合世界标签体系/通用分类标签/建筑与基础设施/家居装饰
容器盒,3,8794:V2融合世界标签体系/通用分类标签/人造物体/容器/容器盒 || 8796:V2融合世界标签体系/通用分类标签/人造物体/容器/容器盒 || 24207:V2融合世界标签体系/通用分类标签/自然景观/天然覆盖物/容器盒
宽边帽,3,6062:V2融合世界标签体系/通用分类标签/人造物体/服饰全品/帽子/宽边帽 || 6063:V2融合世界标签体系/通用分类标签/人造物体/服饰全品/帽子/宽边帽 || 23993:V2融合世界标签体系/通用分类标签/自然景观/海岸与岛屿/岛屿/宽边帽
导管,3,11543:V2融合世界标签体系/通用分类标签/人造物体/道路/通道/导管 || 11546:V2融合世界标签体系/通用分类标签/人造物体/道路/通道/导管/导管 || 11555:V2融合世界标签体系/通用分类标签/人造物体/道路/通道/导管/管/导管
小提琴,3,3216:V2融合世界标签体系/通用分类标签/人造物体/中西乐器/弦乐器/弓弦乐器/小提琴 || 6604:V2融合世界标签体系/通用分类标签/人造物体/益智玩具/小提琴 || 29885:V2融合世界标签体系/通用分类标签/声音/乐器/弓弦乐器/小提琴
小说,3,18850:V2融合世界标签体系/通用分类标签/文化艺术与媒介/小说 || 19529:V2融合世界标签体系/通用分类标签/文字与信息图形/书面交流/文学作品/小说 || 19530:V2融合世界标签体系/通用分类标签/文字与信息图形/书面交流/文学作品/小说/小说
小麦,3,20792:V2融合世界标签体系/通用分类标签/植物/农作物/小麦 || 21263:V2融合世界标签体系/通用分类标签/植物/草本竹藤植物/牧草/谷类禾草/小麦 || 29847:V2融合世界标签体系/通用分类标签/食物/食品/谷物/小麦
尖牙,3,1192:V2融合世界标签体系/通用分类标签/人物与人体/五官/牙齿/尖牙 || 1193:V2融合世界标签体系/通用分类标签/人物与人体/五官/牙齿/尖牙 || 19956:V2融合世界标签体系/通用分类标签/文字与信息图形/自然语言/尼日尔-科尔多凡语系/尼日尔-刚果语系/班图人/尖牙
尖钉,3,7260:V2融合世界标签体系/通用分类标签/人造物体/体育器材/尖钉 || 17945:V2融合世界标签体系/通用分类标签/建筑与基础设施/投影/尖钉 || 26568:V2融合世界标签体系/通用分类标签/行为动作/排放/放电/尖钉
尿布,3,7692:V2融合世界标签体系/通用分类标签/人造物体/台布/尿布 || 8070:V2融合世界标签体系/通用分类标签/人造物体/商品/消费品/可穿戴设备/衣服/尿布 || 11136:V2融合世界标签体系/通用分类标签/人造物体/覆盖物/可穿戴设备/衣服/尿布
屋顶,3,10774:V2融合世界标签体系/通用分类标签/人造物体/覆盖物/保护/屋顶 || 10786:V2融合世界标签体系/通用分类标签/人造物体/覆盖物/保护/屋顶/屋顶 || 24212:V2融合世界标签体系/通用分类标签/自然景观/天然覆盖物/屋顶
屏障,3,18287:V2融合世界标签体系/通用分类标签/建筑与基础设施/辎重/屏障 || 24291:V2融合世界标签体系/通用分类标签/自然景观/机制/屏障 || 32113:V2融合世界标签体系/通用分类标签/知识与学科/屏障
山坡,3,24109:V2融合世界标签体系/通用分类标签/自然景观/侧面/山坡 || 24110:V2融合世界标签体系/通用分类标签/自然景观/侧面/山坡/山坡 || 24111:V2融合世界标签体系/通用分类标签/自然景观/侧面/山坡
山柳菊,3,21916:V2融合世界标签体系/通用分类标签/植物/显花植物/开花植物/野花/山柳菊 || 22420:V2融合世界标签体系/通用分类标签/植物/草本植物/山柳菊 || 22421:V2融合世界标签体系/通用分类标签/植物/草本植物/山柳菊
山核桃,3,20207:V2融合世界标签体系/通用分类标签/植物/乔木灌木林木/乔木/开花乔木/坚果树/山核桃 || 24401:V2融合世界标签体系/通用分类标签/自然景观/植物结构/植物器官/生殖结构/果子/种子/坚果/食用坚果/山核桃 || 24402:V2融合世界标签体系/通用分类标签/自然景观/植物结构/植物器官/生殖结构/果子/种子/坚果/食用坚果/山核桃
山雀,3,14374:V2融合世界标签体系/通用分类标签/动物/鸟类/鸣禽/山雀 || 14376:V2融合世界标签体系/通用分类标签/动物/鸟类/鸣禽/山雀/山雀 || 14377:V2融合世界标签体系/通用分类标签/动物/鸟类/鸣禽/山雀/山雀
崖沙燕,3,14418:V2融合世界标签体系/通用分类标签/动物/鸟类/鸣禽/燕子/崖沙燕 || 14419:V2融合世界标签体系/通用分类标签/动物/鸟类/鸣禽/燕子/崖沙燕/崖沙燕 || 14421:V2融合世界标签体系/通用分类标签/动物/鸟类/鸣禽/燕子/崖沙燕
工作室,3,17752:V2融合世界标签体系/通用分类标签/建筑与基础设施/区/室/工作室 || 18864:V2融合世界标签体系/通用分类标签/文化艺术与媒介/工作室 || 18867:V2融合世界标签体系/通用分类标签/文化艺术与媒介/工作室
带子,3,8395:V2融合世界标签体系/通用分类标签/人造物体/器具/皮带/带子 || 9757:V2融合世界标签体系/通用分类标签/人造物体/条带/带子 || 10542:V2融合世界标签体系/通用分类标签/人造物体/线/索/带子
平底玻璃杯,3,8854:V2融合世界标签体系/通用分类标签/人造物体/容器/杯子/平底玻璃杯 || 14886:V2融合世界标签体系/通用分类标签/动物/鸟类/鸡形目鸟/鸽形目鸟类/鸽子/家鸽/平底玻璃杯 || 18349:V2融合世界标签体系/通用分类标签/建筑与基础设施/辎重/平底玻璃杯
平底锅,3,4293:V2融合世界标签体系/通用分类标签/人造物体/厨房餐厨用品/炊具/平底锅 || 4294:V2融合世界标签体系/通用分类标签/人造物体/厨房餐厨用品/炊具/平底锅/平底锅 || 8828:V2融合世界标签体系/通用分类标签/人造物体/容器/平底锅
幼虫,3,15110:V2融合世界标签体系/通用分类标签/动物/幼虫 || 15116:V2融合世界标签体系/通用分类标签/动物/幼虫/幼虫 || 15117:V2融合世界标签体系/通用分类标签/动物/幼虫/幼虫
幼鸟,3,15080:V2融合世界标签体系/通用分类标签/动物/后代/幼鸟 || 15081:V2融合世界标签体系/通用分类标签/动物/后代/幼鸟/幼鸟 || 15082:V2融合世界标签体系/通用分类标签/动物/后代/幼鸟/幼鸟
幽灵,3,2733:V2融合世界标签体系/通用分类标签/人物与人体/幽灵 || 2949:V2融合世界标签体系/通用分类标签/人物与人体/灵体/幽灵 || 32334:V2融合世界标签体系/通用分类标签/知识与学科/知识/表征/外表/幻想/幻影/幽灵
庆典,3,23495:V2融合世界标签体系/通用分类标签/组织机构与社会事件/事务/庆典 || 26026:V2融合世界标签体系/通用分类标签/行为动作/休养/庆典 || 26027:V2融合世界标签体系/通用分类标签/行为动作/休养/庆典/庆典
床,3,4834:V2融合世界标签体系/通用分类标签/人造物体/家具大件/床 || 7537:V2融合世界标签体系/通用分类标签/人造物体/卧室家具/床 || 24139:V2融合世界标签体系/通用分类标签/自然景观/凹陷地/床
开瓶器,3,4432:V2融合世界标签体系/通用分类标签/人造物体/厨房餐厨用品/开瓶器 || 9126:V2融合世界标签体系/通用分类标签/人造物体/手工工具/开启器/开瓶器 || 9127:V2融合世界标签体系/通用分类标签/人造物体/手工工具/开启器/开瓶器/开瓶器
引文,3,19547:V2融合世界标签体系/通用分类标签/文字与信息图形/书面交流/部分/引文 || 19662:V2融合世界标签体系/通用分类标签/文字与信息图形/听觉交流/部分/引文 || 20008:V2融合世界标签体系/通用分类标签/文字与信息图形/陈述/注解/引文
弹性材料,3,7706:V2融合世界标签体系/通用分类标签/人造物体/台布/弹性材料 || 9046:V2融合世界标签体系/通用分类标签/人造物体/弹性装置/弹性材料 || 9737:V2融合世界标签体系/通用分类标签/人造物体/条带/乐队/弹性材料
录像带,3,5725:V2融合世界标签体系/通用分类标签/人造物体/数码 3C 电子/存储设备/唱片/带状材料/录像带 || 5727:V2融合世界标签体系/通用分类标签/人造物体/数码 3C 电子/存储设备/唱片/录像/录像带 || 5734:V2融合世界标签体系/通用分类标签/人造物体/数码 3C 电子/存储设备/带状材料/录像带
志愿者,3,1756:V2融合世界标签体系/通用分类标签/人物与人体/职业身份/志愿者 || 2348:V2融合世界标签体系/通用分类标签/人物与人体/劳动者/志愿者 || 2393:V2融合世界标签体系/通用分类标签/人物与人体/劳动者/技术工人/军事人员群体/志愿者
慢炖锅,3,4301:V2融合世界标签体系/通用分类标签/人造物体/厨房餐厨用品/炊具/慢炖锅 || 8689:V2融合世界标签体系/通用分类标签/人造物体/容器/器皿/广口容器/慢炖锅 || 29349:V2融合世界标签体系/通用分类标签/食物/慢炖锅
戏剧演员,3,3076:V2融合世界标签体系/通用分类标签/人物与人体/表演者/表演者/戏剧演员 || 3077:V2融合世界标签体系/通用分类标签/人物与人体/表演者/表演者/戏剧演员 || 25766:V2融合世界标签体系/通用分类标签/行为动作/社交互动动作/聚会/戏剧演员
戴菊,3,14435:V2融合世界标签体系/通用分类标签/动物/鸟类/鸣禽/莺类鸣禽/戴菊 || 14436:V2融合世界标签体系/通用分类标签/动物/鸟类/鸣禽/莺类鸣禽/戴菊/戴菊 || 14437:V2融合世界标签体系/通用分类标签/动物/鸟类/鸣禽/莺类鸣禽/戴菊/戴菊
房间,3,17613:V2融合世界标签体系/通用分类标签/建筑与基础设施/区/围场/房间 || 18207:V2融合世界标签体系/通用分类标签/建筑与基础设施/空腔/房间 || 32154:V2融合世界标签体系/通用分类标签/知识与学科/房间
手术刀,3,4022:V2融合世界标签体系/通用分类标签/人造物体/医疗器械/医疗仪器/外科器械/手术刀 || 4023:V2融合世界标签体系/通用分类标签/人造物体/医疗器械/医疗仪器/外科器械/手术刀/手术刀 || 4090:V2融合世界标签体系/通用分类标签/人造物体/医疗器械/手术刀
手枪,3,1249:V2融合世界标签体系/通用分类标签/人物与人体/人体部位/手臂/手枪 || 1276:V2融合世界标签体系/通用分类标签/人物与人体/人体部位/手臂/手枪/一件/手枪 || 1282:V2融合世界标签体系/通用分类标签/人物与人体/人体部位/手臂/手枪/一件/手枪/手枪
手枪用的皮套,3,8155:V2融合世界标签体系/通用分类标签/人造物体/商品/消费品/可穿戴设备/装备/带/手枪用的皮套 || 10854:V2融合世界标签体系/通用分类标签/人造物体/覆盖物/保护/鞘/手枪用的皮套 || 11221:V2融合世界标签体系/通用分类标签/人造物体/覆盖物/可穿戴设备/装备/带/手枪用的皮套
打排球,3,26505:V2融合世界标签体系/通用分类标签/行为动作/打排球 || 26506:V2融合世界标签体系/通用分类标签/行为动作/打排球 || 26507:V2融合世界标签体系/通用分类标签/行为动作/打排球
打篮球,3,24762:V2融合世界标签体系/通用分类标签/行为动作/休闲娱乐动作/游戏/体育游戏/场地球类运动/篮球/打篮球 || 26513:V2融合世界标签体系/通用分类标签/行为动作/打篮球 || 26514:V2融合世界标签体系/通用分类标签/行为动作/打篮球
打羽毛球,3,24757:V2融合世界标签体系/通用分类标签/行为动作/休闲娱乐动作/游戏/体育游戏/场地球类运动/打羽毛球 || 26517:V2融合世界标签体系/通用分类标签/行为动作/打羽毛球 || 26518:V2融合世界标签体系/通用分类标签/行为动作/打羽毛球
托盘,3,8779:V2融合世界标签体系/通用分类标签/人造物体/容器/容器/托盘 || 8781:V2融合世界标签体系/通用分类标签/人造物体/容器/容器/托盘/托盘 || 9131:V2融合世界标签体系/通用分类标签/人造物体/手工工具/托盘
扫描仪,3,5809:V2融合世界标签体系/通用分类标签/人造物体/数码 3C 电子/扫描仪 || 10258:V2融合世界标签体系/通用分类标签/人造物体/电力设备/发射天线/定向天线/截抛物面天线/扫描仪 || 10377:V2融合世界标签体系/通用分类标签/人造物体/电子设备/探测器/扫描仪
扬声器,3,2037:V2融合世界标签体系/通用分类标签/人物与人体/会长/主持人/扬声器 || 2108:V2融合世界标签体系/通用分类标签/人物与人体/传播者/发言者/扬声器 || 30678:V2融合世界标签体系/通用分类标签/声音/频道/声音重放/扬声器
投掷者,3,1658:V2融合世界标签体系/通用分类标签/人物与人体/职业身份/运动员/棒球手/投掷者 || 2435:V2融合世界标签体系/通用分类标签/人物与人体/劳动者/投掷者 || 2776:V2融合世界标签体系/通用分类标签/人物与人体/投掷者
投石索,3,1296:V2融合世界标签体系/通用分类标签/人物与人体/人体部位/手臂/投石索 || 11378:V2融合世界标签体系/通用分类标签/人造物体/覆盖物/足部装备/鞋/投石索 || 29557:V2融合世界标签体系/通用分类标签/食物/致醉物/混合饮料/海波杯饮料/投石索
抗议者,3,1954:V2融合世界标签体系/通用分类标签/人物与人体/争论者/改革者/抗议者 || 2778:V2融合世界标签体系/通用分类标签/人物与人体/抗议者 || 2779:V2融合世界标签体系/通用分类标签/人物与人体/抗议者
抽油烟机,3,5209:V2融合世界标签体系/通用分类标签/人造物体/家用电器/抽油烟机 || 11324:V2融合世界标签体系/通用分类标签/人造物体/覆盖物/排气罩/抽油烟机 || 11325:V2融合世界标签体系/通用分类标签/人造物体/覆盖物/排气罩/抽油烟机
拍击,3,26539:V2融合世界标签体系/通用分类标签/行为动作/拍击 || 26540:V2融合世界标签体系/通用分类标签/行为动作/拍击 || 30386:V2融合世界标签体系/通用分类标签/声音/来源不明声音/通用撞击声/拍击
拱,3,11539:V2融合世界标签体系/通用分类标签/人造物体/道路/访问/入口/拱 || 17959:V2融合世界标签体系/通用分类标签/建筑与基础设施/拱 || 31215:V2融合世界标签体系/通用分类标签/属性与状态/线/曲线/拱
拱顶室,3,10787:V2融合世界标签体系/通用分类标签/人造物体/覆盖物/保护/屋顶/拱顶室 || 17619:V2融合世界标签体系/通用分类标签/建筑与基础设施/区/围场/房间/坟墓/拱顶室 || 17676:V2融合世界标签体系/通用分类标签/建筑与基础设施/区/室/储藏室/金库/拱顶室
指示器,3,9208:V2融合世界标签体系/通用分类标签/人造物体/指示器 || 10322:V2融合世界标签体系/通用分类标签/人造物体/电子器件/指示器 || 19609:V2融合世界标签体系/通用分类标签/文字与信息图形/信号/指示器
挖掘,3,9229:V2融合世界标签体系/通用分类标签/人造物体/挖掘 || 18890:V2融合世界标签体系/通用分类标签/文化艺术与媒介/挖掘 || 19188:V2融合世界标签体系/通用分类标签/文化艺术与媒介/通过移除创造/挖掘
捧腹大笑,3,19658:V2融合世界标签体系/通用分类标签/文字与信息图形/听觉交流/话语/笑/捧腹大笑 || 19856:V2融合世界标签体系/通用分类标签/文字与信息图形/机智/笑料/捧腹大笑 || 30062:V2融合世界标签体系/通用分类标签/声音/人类声音/人声/笑声/捧腹大笑
排球,3,6622:V2融合世界标签体系/通用分类标签/人造物体/益智玩具/排球 || 9976:V2融合世界标签体系/通用分类标签/人造物体/游戏器材/球/排球 || 24758:V2融合世界标签体系/通用分类标签/行为动作/休闲娱乐动作/游戏/体育游戏/场地球类运动/排球
排队,3,868:V2融合世界标签体系/通用分类标签/交通工具/排队 || 25513:V2融合世界标签体系/通用分类标签/行为动作/日常生活动作/排队 || 26570:V2融合世界标签体系/通用分类标签/行为动作/排队
接收器,3,2805:V2融合世界标签体系/通用分类标签/人物与人体/收购方/接收器 || 10268:V2融合世界标签体系/通用分类标签/人造物体/电力设备/换能器/电声传感器/受话器/接收器 || 10414:V2融合世界标签体系/通用分类标签/人造物体/电子设备/集合/接收器
接触,3,7384:V2融合世界标签体系/通用分类标签/人造物体/光学设备/透镜/接触 || 11462:V2融合世界标签体系/通用分类标签/人造物体/连接/交汇处/接触 || 26577:V2融合世界标签体系/通用分类标签/行为动作/接触
控制杆,3,8367:V2融合世界标签体系/通用分类标签/人造物体/器具/棒/杠杆/控制杆 || 9454:V2融合世界标签体系/通用分类标签/人造物体/机制/控制/控制杆 || 10374:V2融合世界标签体系/通用分类标签/人造物体/电子设备/外围设备/数据输入装置/控制杆
插座,3,8782:V2融合世界标签体系/通用分类标签/人造物体/容器/容器/插座 || 9254:V2融合世界标签体系/通用分类标签/人造物体/插座 || 18209:V2融合世界标签体系/通用分类标签/建筑与基础设施/空腔/插座
搅拌器,3,8263:V2融合世界标签体系/通用分类标签/人造物体/器具/器具/厨房用具/厨房搅拌器/搅拌器 || 8281:V2融合世界标签体系/通用分类标签/人造物体/器具/搅拌器 || 10378:V2融合世界标签体系/通用分类标签/人造物体/电子设备/搅拌器
搪瓷,3,11283:V2融合世界标签体系/通用分类标签/人造物体/覆盖物/外套/搪瓷 || 31685:V2融合世界标签体系/通用分类标签/材料与物质/化合物/搪瓷 || 31939:V2融合世界标签体系/通用分类标签/材料与物质/身体物质/固态物质/搪瓷
摄像机,3,5827:V2融合世界标签体系/通用分类标签/人造物体/数码 3C 电子/摄像机 || 9256:V2融合世界标签体系/通用分类标签/人造物体/摄像机 || 9260:V2融合世界标签体系/通用分类标签/人造物体/摄影设备/摄像机
摇椅弧形底座,3,2335:V2融合世界标签体系/通用分类标签/人物与人体/劳动者/助手/出席者/摇椅弧形底座 || 3058:V2融合世界标签体系/通用分类标签/人物与人体/表演者/表演者/乐器演奏者/摇椅弧形底座 || 9342:V2融合世界标签体系/通用分类标签/人造物体/支持/摇椅弧形底座
收音机,3,11491:V2融合世界标签体系/通用分类标签/人造物体/通信系统/收音机 || 18670:V2融合世界标签体系/通用分类标签/文化艺术与媒介/音乐音频/广播/收音机 || 30679:V2融合世界标签体系/通用分类标签/声音/频道/声音重放/收音机
改造,3,18063:V2融合世界标签体系/通用分类标签/建筑与基础设施/改造 || 23580:V2融合世界标签体系/通用分类标签/组织机构与社会事件/改造 || 26643:V2融合世界标签体系/通用分类标签/行为动作/改造
救命者,3,2336:V2融合世界标签体系/通用分类标签/人物与人体/劳动者/助手/出席者/救命者 || 9408:V2融合世界标签体系/通用分类标签/人造物体/救援设备/保护者/救命者 || 9934:V2融合世界标签体系/通用分类标签/人造物体/浮子/保护者/救命者
散热器,3,7326:V2融合世界标签体系/通用分类标签/人造物体/保温器/散热器 || 9469:V2融合世界标签体系/通用分类标签/人造物体/机制/散热器 || 24281:V2融合世界标签体系/通用分类标签/自然景观/散热器
文件夹,3,3554:V2融合世界标签体系/通用分类标签/人造物体/办公文具/文件夹 || 11319:V2融合世界标签体系/通用分类标签/人造物体/覆盖物/折叠物/文件夹 || 23589:V2融合世界标签体系/通用分类标签/组织机构与社会事件/文件夹
新婚,3,1995:V2融合世界标签体系/通用分类标签/人物与人体/亲属/伙伴/新婚 || 2554:V2融合世界标签体系/通用分类标签/人物与人体/同居伴侣/伙伴/新婚 || 31095:V2融合世界标签体系/通用分类标签/属性与状态/新婚
新郎,3,1398:V2融合世界标签体系/通用分类标签/人物与人体/人物关系与群体/同事/参与者/新郎 || 1997:V2融合世界标签体系/通用分类标签/人物与人体/亲属/伙伴/新婚/新郎 || 2556:V2融合世界标签体系/通用分类标签/人物与人体/同居伴侣/伙伴/新婚/新郎
族长,3,1568:V2融合世界标签体系/通用分类标签/人物与人体/性别与生理属性/男性/成年雄性/族长 || 1569:V2融合世界标签体系/通用分类标签/人物与人体/性别与生理属性/男性/成年雄性/族长 || 1982:V2融合世界标签体系/通用分类标签/人物与人体/亲属/上升的/父亲/族长
旗袍,3,7875:V2融合世界标签体系/通用分类标签/人造物体/商品/消费品/可穿戴设备/女装/女服/旗袍 || 9424:V2融合世界标签体系/通用分类标签/人造物体/旗袍 || 10941:V2融合世界标签体系/通用分类标签/人造物体/覆盖物/可穿戴设备/女装/女服/旗袍
日历,3,19834:V2融合世界标签体系/通用分类标签/文字与信息图形/数据库/列表/日历 || 19849:V2融合世界标签体系/通用分类标签/文字与信息图形/日历 || 32016:V2融合世界标签体系/通用分类标签/知识与学科/列阵/桌子/日历
旱金莲,3,22451:V2融合世界标签体系/通用分类标签/植物/草本植物/旱金莲 || 22452:V2融合世界标签体系/通用分类标签/植物/草本植物/旱金莲/旱金莲 || 29702:V2融合世界标签体系/通用分类标签/食物/调味剂/旱金莲
星座,3,18069:V2融合世界标签体系/通用分类标签/建筑与基础设施/星座 || 24283:V2融合世界标签体系/通用分类标签/自然景观/星座 || 32203:V2融合世界标签体系/通用分类标签/知识与学科/星座
曲棍球,3,9977:V2融合世界标签体系/通用分类标签/人造物体/游戏器材/球/曲棍球 || 24767:V2融合世界标签体系/通用分类标签/行为动作/休闲娱乐动作/游戏/体育游戏/户外游戏/场地运动/曲棍球 || 24781:V2融合世界标签体系/通用分类标签/行为动作/休闲娱乐动作/游戏/体育游戏/曲棍球
月季,3,20605:V2融合世界标签体系/通用分类标签/植物/乔木灌木林木/灌木/月季 || 20606:V2融合世界标签体系/通用分类标签/植物/乔木灌木林木/灌木/月季 || 20608:V2融合世界标签体系/通用分类标签/植物/乔木灌木林木/灌木/月季/月季
月饼,3,24558:V2融合世界标签体系/通用分类标签/节日与符号/庆典仪式元素/蛋糕/月饼 || 27932:V2融合世界标签体系/通用分类标签/食物/烘焙甜品点心/月饼 || 29408:V2融合世界标签体系/通用分类标签/食物/月饼
服务器机房,3,9427:V2融合世界标签体系/通用分类标签/人造物体/服务器机房 || 17765:V2融合世界标签体系/通用分类标签/建筑与基础设施/区/室/服务器机房 || 17805:V2融合世界标签体系/通用分类标签/建筑与基础设施/区/服务器机房
木偶,3,2897:V2融合世界标签体系/通用分类标签/人物与人体/木偶 || 10182:V2融合世界标签体系/通用分类标签/人造物体/玩具/娃娃/木偶 || 19078:V2融合世界标签体系/通用分类标签/文化艺术与媒介/表征/仿真/人物/木偶
木屐,3,8177:V2融合世界标签体系/通用分类标签/人造物体/商品/消费品/可穿戴设备/鞋子/木屐 || 11243:V2融合世界标签体系/通用分类标签/人造物体/覆盖物/可穿戴设备/鞋子/木屐 || 11345:V2融合世界标签体系/通用分类标签/人造物体/覆盖物/足部装备/木屐
机制,3,9428:V2融合世界标签体系/通用分类标签/人造物体/机制 || 24290:V2融合世界标签体系/通用分类标签/自然景观/机制 || 29980:V2融合世界标签体系/通用分类标签/声音/事物声音/机制
机器,3,9535:V2融合世界标签体系/通用分类标签/人造物体/机制/机械装置/机器 || 9592:V2融合世界标签体系/通用分类标签/人造物体/机器 || 9700:V2融合世界标签体系/通用分类标签/人造物体/机器/机器
杆,3,8305:V2融合世界标签体系/通用分类标签/人造物体/器具/杆 || 8314:V2融合世界标签体系/通用分类标签/人造物体/器具/杆/杆 || 8326:V2融合世界标签体系/通用分类标签/人造物体/器具/杆/杆/杆
杠杆,3,8348:V2融合世界标签体系/通用分类标签/人造物体/器具/棒/杠杆 || 9543:V2融合世界标签体系/通用分类标签/人造物体/机制/机械装置/机器/杠杆 || 18350:V2融合世界标签体系/通用分类标签/建筑与基础设施/辎重/平底玻璃杯/杠杆
杨桃,3,22027:V2融合世界标签体系/通用分类标签/植物/杨桃 || 29203:V2融合世界标签体系/通用分类标签/食物/农产品/食用水果/杨桃 || 29204:V2融合世界标签体系/通用分类标签/食物/农产品/食用水果/杨桃
杯子,3,4450:V2融合世界标签体系/通用分类标签/人造物体/厨房餐厨用品/杯子 || 8848:V2融合世界标签体系/通用分类标签/人造物体/容器/杯子 || 29550:V2融合世界标签体系/通用分类标签/食物/致醉物/混合饮料/伴汁酒/杯子
松果,3,22029:V2融合世界标签体系/通用分类标签/植物/松果 || 24350:V2融合世界标签体系/通用分类标签/自然景观/植物结构/植物器官/生殖结构/圆锥体/松果 || 24351:V2融合世界标签体系/通用分类标签/自然景观/植物结构/植物器官/生殖结构/圆锥体/松果
松果菊,3,21769:V2融合世界标签体系/通用分类标签/植物/显花植物/开花植物/开花植物/松果菊 || 21770:V2融合世界标签体系/通用分类标签/植物/显花植物/开花植物/开花植物/松果菊 || 21929:V2融合世界标签体系/通用分类标签/植物/显花植物/开花植物/野花/松果菊
松鸦,3,14511:V2融合世界标签体系/通用分类标签/动物/鸟类/鸣禽/鸦科鸟类/松鸦 || 33005:V2融合世界标签体系/IP 分类标签/真人与人物 IP/政治与社会人物/政府官员/外交官/松鸦 || 33009:V2融合世界标签体系/IP 分类标签/真人与人物 IP/政治与社会人物/政府官员/推事/首席大法官/松鸦
果冻,3,27941:V2融合世界标签体系/通用分类标签/食物/烘焙甜品点心/果冻 || 29361:V2融合世界标签体系/通用分类标签/食物/摩托人力车/甜食/果酱/果酱蜜饯/果冻 || 29409:V2融合世界标签体系/通用分类标签/食物/果冻
果皮,3,23590:V2融合世界标签体系/通用分类标签/组织机构与社会事件/果皮 || 24215:V2融合世界标签体系/通用分类标签/自然景观/天然覆盖物/果皮 || 32938:V2融合世界标签体系/IP 分类标签/真人与人物 IP/历史古人/政治家/果皮
柜台,3,9769:V2融合世界标签体系/通用分类标签/人造物体/柜台 || 9806:V2融合世界标签体系/通用分类标签/人造物体/桌子/柜台 || 9956:V2融合世界标签体系/通用分类标签/人造物体/游戏器材/柜台
柱子,3,9362:V2融合世界标签体系/通用分类标签/人造物体/支持/结构构件/垂直方向/柱子 || 31136:V2融合世界标签体系/通用分类标签/属性与状态/柱子 || 32309:V2融合世界标签体系/通用分类标签/知识与学科/知识/主意/概括/柱子
栅栏,3,18293:V2融合世界标签体系/通用分类标签/建筑与基础设施/辎重/屏障/击剑/栅栏 || 18340:V2融合世界标签体系/通用分类标签/建筑与基础设施/辎重/屏障/栅栏 || 25128:V2融合世界标签体系/通用分类标签/行为动作/冲突与执法动作/防御/军需品/栅栏
标志,3,9771:V2融合世界标签体系/通用分类标签/人造物体/标志 || 19601:V2融合世界标签体系/通用分类标签/文字与信息图形/信号/代号/记号笔/商标/标志 || 19857:V2融合世界标签体系/通用分类标签/文字与信息图形/标志
标签,3,19604:V2融合世界标签体系/通用分类标签/文字与信息图形/信号/代号/记号笔/标签 || 19605:V2融合世界标签体系/通用分类标签/文字与信息图形/信号/代号/记号笔/标签/标签 || 32172:V2融合世界标签体系/通用分类标签/知识与学科/描述/标签
树蛙,3,11711:V2融合世界标签体系/通用分类标签/动物/两栖动物/树蛙 || 11714:V2融合世界标签体系/通用分类标签/动物/两栖动物/树蛙 || 11715:V2融合世界标签体系/通用分类标签/动物/两栖动物/树蛙
根,3,18107:V2融合世界标签体系/通用分类标签/建筑与基础设施/根 || 24341:V2融合世界标签体系/通用分类标签/自然景观/植物结构/植物器官/根 || 31320:V2融合世界标签体系/通用分类标签/时间数量与度量/一定量/根
桌子,3,9773:V2融合世界标签体系/通用分类标签/人造物体/桌子 || 9778:V2融合世界标签体系/通用分类标签/人造物体/桌子 || 32015:V2融合世界标签体系/通用分类标签/知识与学科/列阵/桌子
桌面,3,10637:V2融合世界标签体系/通用分类标签/人造物体/表面/工作台面/桌面 || 10646:V2融合世界标签体系/通用分类标签/人造物体/表面/桌面 || 32295:V2融合世界标签体系/通用分类标签/知识与学科/界限/表面/陀螺/桌面
棉花,3,20846:V2融合世界标签体系/通用分类标签/植物/农作物/棉花 || 31755:V2融合世界标签体系/通用分类标签/材料与物质/天然纤维/天然纤维/植物纤维/棉花 || 31818:V2融合世界标签体系/通用分类标签/材料与物质/植物材料/植物产品/植物纤维/棉花
棒球,3,7288:V2融合世界标签体系/通用分类标签/人造物体/体育器材/棒球器材/棒球 || 9980:V2融合世界标签体系/通用分类标签/人造物体/游戏器材/球/棒球 || 25108:V2融合世界标签体系/通用分类标签/行为动作/体育运动动作/球类运动/棒球
模型,3,2338:V2融合世界标签体系/通用分类标签/人物与人体/劳动者/助手/模型 || 19096:V2融合世界标签体系/通用分类标签/文化艺术与媒介/表征/副本/模型 || 32305:V2融合世界标签体系/通用分类标签/知识与学科/知识/主意/假设/模型
横木,3,8376:V2融合世界标签体系/通用分类标签/人造物体/器具/棒/横木 || 9377:V2融合世界标签体系/通用分类标签/人造物体/支持/结构构件/支撑/横杆/横木 || 18351:V2融合世界标签体系/通用分类标签/建筑与基础设施/辎重/横木
樱桃,3,20268:V2融合世界标签体系/通用分类标签/植物/乔木灌木林木/乔木/开花乔木/果树/樱桃 || 29230:V2融合世界标签体系/通用分类标签/食物/农产品/食用水果/樱桃 || 31802:V2融合世界标签体系/通用分类标签/材料与物质/植物材料/木/樱桃
橄榄,3,20281:V2融合世界标签体系/通用分类标签/植物/乔木灌木林木/乔木/开花乔木/果树/橄榄树/橄榄 || 24380:V2融合世界标签体系/通用分类标签/自然景观/植物结构/植物器官/生殖结构/果子/橄榄 || 28481:V2融合世界标签体系/通用分类标签/食物/调味品/调味酱/橄榄
橘子,3,29214:V2融合世界标签体系/通用分类标签/食物/农产品/食用水果/柑橘属/橘子 || 29216:V2融合世界标签体系/通用分类标签/食物/农产品/食用水果/柑橘属/橘子/橘子 || 29218:V2融合世界标签体系/通用分类标签/食物/农产品/食用水果/柑橘属/橘子
次序,3,31139:V2融合世界标签体系/通用分类标签/属性与状态/次序 || 32042:V2融合世界标签体系/通用分类标签/知识与学科/吩咐/次序 || 32212:V2融合世界标签体系/通用分类标签/知识与学科/次序
欧楂果,3,20432:V2融合世界标签体系/通用分类标签/植物/乔木灌木林木/乔木/欧楂果 || 29234:V2融合世界标签体系/通用分类标签/食物/农产品/食用水果/欧楂果 || 29235:V2融合世界标签体系/通用分类标签/食物/农产品/食用水果/欧楂果
武术,3,909:V2融合世界标签体系/通用分类标签/交通工具/武术 || 24927:V2融合世界标签体系/通用分类标签/行为动作/休闲娱乐动作/武术 || 26115:V2融合世界标签体系/通用分类标签/行为动作/保护/自卫/武术
武装的,3,2915:V2融合世界标签体系/通用分类标签/人物与人体/武装的 || 15480:V2融合世界标签体系/通用分类标签/动物/武装的 || 31140:V2融合世界标签体系/通用分类标签/属性与状态/武装的
毛笔,3,3422:V2融合世界标签体系/通用分类标签/人造物体/办公文具/书写工具/毛笔 || 3581:V2融合世界标签体系/通用分类标签/人造物体/办公文具/毛笔 || 15482:V2融合世界标签体系/通用分类标签/动物/毛笔
气泡,3,11330:V2融合世界标签体系/通用分类标签/人造物体/覆盖物/气泡 || 30890:V2融合世界标签体系/通用分类标签/属性与状态/圆形/球/小球体/气泡 || 30891:V2融合世界标签体系/通用分类标签/属性与状态/圆形/球/小球体/气泡/气泡
氖,3,31624:V2融合世界标签体系/通用分类标签/材料与物质/元素/惰性气体/氖 || 31625:V2融合世界标签体系/通用分类标签/材料与物质/元素/氖 || 31848:V2融合世界标签体系/通用分类标签/材料与物质/流体/毒气/惰性气体/氖
水上飞机,3,152:V2融合世界标签体系/通用分类标签/交通工具/水上载具/快艇/水上飞机 || 997:V2融合世界标签体系/通用分类标签/交通工具/航空器/重于空气航空器/飞机/水上飞机 || 998:V2融合世界标签体系/通用分类标签/交通工具/航空器/重于空气航空器/飞机/水上飞机/水上飞机
水壶,3,4468:V2融合世界标签体系/通用分类标签/人造物体/厨房餐厨用品/水壶 || 8724:V2融合世界标签体系/通用分类标签/人造物体/容器/器皿/瓶/壶/水壶 || 8734:V2融合世界标签体系/通用分类标签/人造物体/容器/器皿/瓶/烧瓶/水壶
水彩画,3,6980:V2融合世界标签体系/通用分类标签/人造物体/艺术品与工艺品/绘画作品/水彩画 || 18877:V2融合世界标签体系/通用分类标签/文化艺术与媒介/平面艺术/水彩画 || 18955:V2融合世界标签体系/通用分类标签/文化艺术与媒介/水彩画
水槽,3,81:V2融合世界标签体系/通用分类标签/交通工具/军用交通载具/坦克/水槽 || 8415:V2融合世界标签体系/通用分类标签/人造物体/固定物/卫生洁具/水槽 || 26737:V2融合世界标签体系/通用分类标签/行为动作/水槽
水獭,3,6047:V2融合世界标签体系/通用分类标签/人造物体/服饰全品/帽子/前舱口/水獭 || 12200:V2融合世界标签体系/通用分类标签/动物/哺乳动物/鼬科动物/水獭 || 31651:V2融合世界标签体系/通用分类标签/材料与物质/动物材料/动物产品/兽皮/兽皮/水獭
水田芥,3,22319:V2融合世界标签体系/通用分类标签/植物/草本植物/十字花科植物/水田芥 || 29081:V2融合世界标签体系/通用分类标签/食物/农产品/蔬菜/叶菜/沙拉叶菜/水田芥 || 29083:V2融合世界标签体系/通用分类标签/食物/农产品/蔬菜/叶菜/沙拉叶菜/水田芥/水田芥
水貂,3,8014:V2融合世界标签体系/通用分类标签/人造物体/商品/消费品/可穿戴设备/衣服/外衣/外套/毛皮大衣/水貂 || 11080:V2融合世界标签体系/通用分类标签/人造物体/覆盖物/可穿戴设备/衣服/外衣/外套/毛皮大衣/水貂 || 12203:V2融合世界标签体系/通用分类标签/动物/哺乳动物/鼬科动物/水貂
水鸡,3,14226:V2融合世界标签体系/通用分类标签/动物/鸟类/涉禽/秧鸡/白骨顶/水鸡 || 14728:V2融合世界标签体系/通用分类标签/动物/鸟类/水禽/水鸡 || 14729:V2融合世界标签体系/通用分类标签/动物/鸟类/水禽/水鸡/水鸡
汉堡,3,24469:V2融合世界标签体系/通用分类标签/自然景观/汉堡 || 27172:V2融合世界标签体系/通用分类标签/食物/中式主食面点/汉堡 || 28994:V2融合世界标签体系/通用分类标签/食物/一道菜/零食/三明治/汉堡
汽笛,3,7332:V2融合世界标签体系/通用分类标签/人造物体/信号装置/口哨声/汽笛 || 8531:V2融合世界标签体系/通用分类标签/人造物体/声学装置/口哨声/汽笛 || 30174:V2融合世界标签体系/通用分类标签/声音/口哨声/汽笛
沙龙,3,15737:V2融合世界标签体系/通用分类标签/场景/室内场景/商店/沙龙 || 17683:V2融合世界标签体系/通用分类标签/建筑与基础设施/区/室/前室/沙龙 || 17781:V2融合世界标签体系/通用分类标签/建筑与基础设施/区/室/画廊/沙龙
河岸,3,16980:V2融合世界标签体系/通用分类标签/建筑与基础设施/商业办公建筑/银行/河岸 || 24113:V2融合世界标签体系/通用分类标签/自然景观/侧面/河岸 || 24480:V2融合世界标签体系/通用分类标签/自然景观/河岸
河床,3,24141:V2融合世界标签体系/通用分类标签/自然景观/凹陷地/床/河床 || 24142:V2融合世界标签体系/通用分类标签/自然景观/凹陷地/床/河床 || 24143:V2融合世界标签体系/通用分类标签/自然景观/凹陷地/床/河床
河鲈,3,13283:V2融合世界标签体系/通用分类标签/动物/水生非哺乳生物/硬骨鱼/真骨鱼/棘鳍目鱼/鲈形亚目鱼/河鲈 || 13286:V2融合世界标签体系/通用分类标签/动物/水生非哺乳生物/硬骨鱼/真骨鱼/棘鳍目鱼/鲈形亚目鱼/河鲈/河鲈 || 13288:V2融合世界标签体系/通用分类标签/动物/水生非哺乳生物/硬骨鱼/真骨鱼/棘鳍目鱼/鲈形亚目鱼/河鲈
油画,3,6981:V2融合世界标签体系/通用分类标签/人造物体/艺术品与工艺品/绘画作品/油画 || 18964:V2融合世界标签体系/通用分类标签/文化艺术与媒介/油画 || 18965:V2融合世界标签体系/通用分类标签/文化艺术与媒介/油画
治疗,3,937:V2融合世界标签体系/通用分类标签/交通工具/治疗 || 25714:V2融合世界标签体系/通用分类标签/行为动作/社交互动动作/照护/治疗 || 25716:V2融合世界标签体系/通用分类标签/行为动作/社交互动动作/照护/治疗/医疗护理/治疗
泡沫,3,30892:V2融合世界标签体系/通用分类标签/属性与状态/圆形/球/小球体/气泡/泡沫 || 30893:V2融合世界标签体系/通用分类标签/属性与状态/圆形/球/小球体/气泡/泡沫/泡沫 || 31840:V2融合世界标签体系/通用分类标签/材料与物质/泡沫
泳帽,3,6075:V2融合世界标签体系/通用分类标签/人造物体/服饰全品/帽子/泳帽 || 6076:V2融合世界标签体系/通用分类标签/人造物体/服饰全品/帽子/泳帽 || 6077:V2融合世界标签体系/通用分类标签/人造物体/服饰全品/帽子/泳帽
洋葱,3,22140:V2融合世界标签体系/通用分类标签/植物/球根植物/百合科植物/葱属植物/洋葱 || 24311:V2融合世界标签体系/通用分类标签/自然景观/植物结构/植物器官/(花草的)茎/块茎植物/洋葱 || 29120:V2融合世界标签体系/通用分类标签/食物/农产品/蔬菜/洋葱
派对帽,3,6078:V2融合世界标签体系/通用分类标签/人造物体/服饰全品/帽子/派对帽 || 7846:V2融合世界标签体系/通用分类标签/人造物体/商品/消费品/可穿戴设备/头具/派对帽 || 10912:V2融合世界标签体系/通用分类标签/人造物体/覆盖物/可穿戴设备/头具/派对帽
浅滩,3,2304:V2融合世界标签体系/通用分类标签/人物与人体/创造者/电影制作人/浅滩 || 16979:V2融合世界标签体系/通用分类标签/建筑与基础设施/商业办公建筑/银行/沙岸/浅滩 || 24482:V2融合世界标签体系/通用分类标签/自然景观/浅滩
浓汤,3,27453:V2融合世界标签体系/通用分类标签/食物/中式菜肴汤品/浓汤 || 28888:V2融合世界标签体系/通用分类标签/食物/一道菜/汤/浓汤 || 28889:V2融合世界标签体系/通用分类标签/食物/一道菜/汤/浓汤
海景,3,18979:V2融合世界标签体系/通用分类标签/文化艺术与媒介/海景 || 24485:V2融合世界标签体系/通用分类标签/自然景观/海景 || 24486:V2融合世界标签体系/通用分类标签/自然景观/海景
海洋无脊椎动物,3,13557:V2融合世界标签体系/通用分类标签/动物/水生非哺乳生物/海洋无脊椎动物 || 15176:V2融合世界标签体系/通用分类标签/动物/无脊椎动物/海洋无脊椎动物 || 15177:V2融合世界标签体系/通用分类标签/动物/无脊椎动物/海洋无脊椎动物
海浪,3,25896:V2融合世界标签体系/通用分类标签/行为动作/W类波浪/海浪 || 26751:V2融合世界标签体系/通用分类标签/行为动作/海浪 || 26752:V2融合世界标签体系/通用分类标签/行为动作/海浪
海燕,3,14123:V2融合世界标签体系/通用分类标签/动物/鸟类/海鸟/海燕 || 14126:V2融合世界标签体系/通用分类标签/动物/鸟类/海鸟/海燕/海燕 || 14128:V2融合世界标签体系/通用分类标签/动物/鸟类/海鸟/海燕/海燕/海燕
海豚,3,12495:V2融合世界标签体系/通用分类标签/动物/哺乳动物/有胎盘的/水栖哺乳动物/鲸目动物/鲸/齿鲸/海豚 || 12502:V2融合世界标签体系/通用分类标签/动物/哺乳动物/有胎盘的/水栖哺乳动物/鲸目动物/鲸/齿鲸/海豚/海豚 || 13291:V2融合世界标签体系/通用分类标签/动物/水生非哺乳生物/硬骨鱼/真骨鱼/棘鳍目鱼/鲈形亚目鱼/海豚
海鲈,3,13310:V2融合世界标签体系/通用分类标签/动物/水生非哺乳生物/硬骨鱼/真骨鱼/棘鳍目鱼/鲈形亚目鱼/石首鱼科的鱼/石首鱼/海鲈 || 13329:V2融合世界标签体系/通用分类标签/动物/水生非哺乳生物/硬骨鱼/真骨鱼/棘鳍目鱼/鲈形亚目鱼/鮨/海鲈 || 15486:V2融合世界标签体系/通用分类标签/动物/海鲈
海鸥,3,14114:V2融合世界标签体系/通用分类标签/动物/鸟类/海鸟/沿海潜水鸟/鸥/海鸥 || 14129:V2融合世界标签体系/通用分类标签/动物/鸟类/海鸟/海燕/海燕/海鸥 || 15488:V2融合世界标签体系/通用分类标签/动物/海鸥
消声器,3,7988:V2融合世界标签体系/通用分类标签/人造物体/商品/消费品/可穿戴设备/衣服/围巾/消声器 || 8533:V2融合世界标签体系/通用分类标签/人造物体/声学装置/消声器 || 11054:V2融合世界标签体系/通用分类标签/人造物体/覆盖物/可穿戴设备/衣服/围巾/消声器
淋浴,3,8420:V2融合世界标签体系/通用分类标签/人造物体/固定物/卫生洁具/淋浴 || 17730:V2融合世界标签体系/通用分类标签/建筑与基础设施/区/室/壁橱/亭/淋浴 || 18977:V2融合世界标签体系/通用分类标签/文化艺术与媒介/洗/淋浴
游乐场,3,11585:V2融合世界标签体系/通用分类标签/人造物体/道路/通道/走廊/拱廊/游乐场 || 16166:V2融合世界标签体系/通用分类标签/场景/自然户外场景/田野/宅基地附属范围/游乐场 || 31959:V2融合世界标签体系/通用分类标签/知识与学科/一块土地/游乐场
游行,3,2940:V2融合世界标签体系/通用分类标签/人物与人体/游行 || 26763:V2融合世界标签体系/通用分类标签/行为动作/游行 || 26764:V2融合世界标签体系/通用分类标签/行为动作/游行
滑板,3,622:V2融合世界标签体系/通用分类标签/交通工具/非机动车/滑板 || 1053:V2融合世界标签体系/通用分类标签/交通工具/轮式车辆/滑板 || 6662:V2融合世界标签体系/通用分类标签/人造物体/益智玩具/滑板
滑雪道,3,16182:V2融合世界标签体系/通用分类标签/场景/自然户外场景/田野/球场/滑雪道 || 17359:V2融合世界标签体系/通用分类标签/建筑与基础设施/路桥隧道工程/公路/跑道/小径/滑雪道 || 17360:V2融合世界标签体系/通用分类标签/建筑与基础设施/路桥隧道工程/公路/跑道/小径/滑雪道/滑雪道
滑雪鞋,3,8179:V2融合世界标签体系/通用分类标签/人造物体/商品/消费品/可穿戴设备/鞋子/滑雪鞋 || 11245:V2融合世界标签体系/通用分类标签/人造物体/覆盖物/可穿戴设备/鞋子/滑雪鞋 || 11346:V2融合世界标签体系/通用分类标签/人造物体/覆盖物/足部装备/滑雪鞋
滚轮,3,9553:V2融合世界标签体系/通用分类标签/人造物体/机制/机械装置/机器/车轮/滚轮 || 14582:V2融合世界标签体系/通用分类标签/动物/鸟类/佛法僧目鸟类/滚轮 || 26977:V2融合世界标签体系/通用分类标签/行为动作/触摸/击打/滚地球/滚轮
滴水声,3,17955:V2融合世界标签体系/通用分类标签/建筑与基础设施/投影/滴水声 || 26059:V2融合世界标签体系/通用分类标签/行为动作/位置变化/滴水声 || 30011:V2融合世界标签体系/通用分类标签/声音/事物声音/液体/滴水声
滴答声,3,7733:V2融合世界标签体系/通用分类标签/人造物体/台布/滴答声 || 15413:V2融合世界标签体系/通用分类标签/动物/无脊椎动物/节肢动物/蛛形纲动物/螨/滴答声 || 30322:V2融合世界标签体系/通用分类标签/声音/拟声法/咔嗒声/滴答声
演讲,3,23596:V2融合世界标签体系/通用分类标签/组织机构与社会事件/演讲 || 25362:V2融合世界标签体系/通用分类标签/行为动作/工作学习动作/演讲 || 32084:V2融合世界标签体系/通用分类标签/知识与学科/地址/演讲
火烧兰,3,21657:V2融合世界标签体系/通用分类标签/植物/显花植物/开花植物/开花植物/兰科植物/火烧兰 || 21658:V2融合世界标签体系/通用分类标签/植物/显花植物/开花植物/开花植物/兰科植物/火烧兰 || 21660:V2融合世界标签体系/通用分类标签/植物/显花植物/开花植物/开花植物/兰科植物/火烧兰/火烧兰
火花,3,27051:V2融合世界标签体系/通用分类标签/行为动作/闪光/火花 || 31873:V2融合世界标签体系/通用分类标签/材料与物质/火花 || 31874:V2融合世界标签体系/通用分类标签/材料与物质/火花
火龙果,3,24385:V2融合世界标签体系/通用分类标签/自然景观/植物结构/植物器官/生殖结构/果子/火龙果 || 29252:V2融合世界标签体系/通用分类标签/食物/农产品/食用水果/火龙果 || 31875:V2融合世界标签体系/通用分类标签/材料与物质/火龙果
灯具,3,4888:V2融合世界标签体系/通用分类标签/人造物体/家具大件/灯具 || 8421:V2融合世界标签体系/通用分类标签/人造物体/固定物/灯具 || 8424:V2融合世界标签体系/通用分类标签/人造物体/固定物/照明器材/灯具
灯柱,3,9368:V2融合世界标签体系/通用分类标签/人造物体/支持/结构构件/垂直方向/柱子/灯柱 || 9369:V2融合世界标签体系/通用分类标签/人造物体/支持/结构构件/垂直方向/柱子/灯柱 || 10032:V2融合世界标签体系/通用分类标签/人造物体/灯柱
炒蛋,3,28913:V2融合世界标签体系/通用分类标签/食物/一道菜/炒蛋 || 29448:V2融合世界标签体系/通用分类标签/食物/炒蛋 || 29449:V2融合世界标签体系/通用分类标签/食物/炒蛋
炸薯条,3,29004:V2融合世界标签体系/通用分类标签/食物/一道菜/零食/炸薯条 || 29110:V2融合世界标签体系/通用分类标签/食物/农产品/蔬菜/根菜类/土豆/炸薯条 || 29132:V2融合世界标签体系/通用分类标签/食物/农产品/蔬菜/茄科蔬菜/土豆/炸薯条
点,3,24227:V2融合世界标签体系/通用分类标签/自然景观/天然高地/前陆/点 || 32240:V2融合世界标签体系/通用分类标签/知识与学科/点 || 32243:V2融合世界标签体系/通用分类标签/知识与学科/点
烤盘,3,4306:V2融合世界标签体系/通用分类标签/人造物体/厨房餐厨用品/炊具/烤盘 || 4540:V2融合世界标签体系/通用分类标签/人造物体/厨房餐厨用品/烤盘 || 29465:V2融合世界标签体系/通用分类标签/食物/烤盘
烤鸡,3,14069:V2融合世界标签体系/通用分类标签/动物/鸟类/家禽/烤鸡 || 14070:V2融合世界标签体系/通用分类标签/动物/鸟类/家禽/烤鸡 || 29467:V2融合世界标签体系/通用分类标签/食物/烤鸡
燕子,3,14414:V2融合世界标签体系/通用分类标签/动物/鸟类/鸣禽/燕子 || 26622:V2融合世界标签体系/通用分类标签/行为动作/摄取/燕子 || 31361:V2融合世界标签体系/通用分类标签/时间数量与度量/不定量/少量/燕子
牙医钻,3,11608:V2融合世界标签体系/通用分类标签/人造物体/钻/牙医钻 || 29973:V2融合世界标签体系/通用分类标签/声音/事物声音/工具/动力工具/钻头/牙医钻 || 30162:V2融合世界标签体系/通用分类标签/声音/发动机/高频光引擎/牙医钻
牛仔,3,2467:V2融合世界标签体系/通用分类标签/人物与人体/劳动者/职员/劳动男子/体力劳动者/帮工/牧场工人/牛仔 || 2959:V2融合世界标签体系/通用分类标签/人物与人体/牛仔 || 3087:V2融合世界标签体系/通用分类标签/人物与人体/表演者/表演者/牛仔
牛仔裤,3,6253:V2融合世界标签体系/通用分类标签/人造物体/服饰全品/牛仔裤 || 8125:V2融合世界标签体系/通用分类标签/人造物体/商品/消费品/可穿戴设备/衣服/裤子/牛仔裤 || 11191:V2融合世界标签体系/通用分类标签/人造物体/覆盖物/可穿戴设备/衣服/裤子/牛仔裤
猪,3,12455:V2融合世界标签体系/通用分类标签/动物/哺乳动物/有胎盘的/有蹄哺乳动物/偶蹄动物/猪 || 15042:V2融合世界标签体系/通用分类标签/动物/农场动物/猪 || 22969:V2融合世界标签体系/通用分类标签/真菌与微生物/菌类/霉菌/猪
猫,3,1570:V2融合世界标签体系/通用分类标签/人物与人体/性别与生理属性/男性/成年雄性/猫 || 12081:V2融合世界标签体系/通用分类标签/动物/哺乳动物/猫科动物/猫 || 15094:V2融合世界标签体系/通用分类标签/动物/宠物/猫
王权服饰,3,7929:V2融合世界标签体系/通用分类标签/人造物体/商品/消费品/可穿戴设备/王权服饰 || 10236:V2融合世界标签体系/通用分类标签/人造物体/用具/王权服饰 || 10995:V2融合世界标签体系/通用分类标签/人造物体/覆盖物/可穿戴设备/王权服饰
玩/演奏/运动,3,2961:V2融合世界标签体系/通用分类标签/人物与人体/玩/演奏/运动 || 26850:V2融合世界标签体系/通用分类标签/行为动作/玩/演奏/运动 || 32269:V2融合世界标签体系/通用分类标签/知识与学科/玩/演奏/运动
玻璃,3,4330:V2融合世界标签体系/通用分类标签/人造物体/厨房餐厨用品/餐具/玻璃器皿/玻璃 || 30021:V2融合世界标签体系/通用分类标签/声音/事物声音/玻璃 || 32062:V2融合世界标签体系/通用分类标签/知识与学科/固体/玻璃
珊瑚,3,15168:V2融合世界标签体系/通用分类标签/动物/无脊椎动物/刺胞动物/珊瑚纲动物/珊瑚 || 31177:V2融合世界标签体系/通用分类标签/属性与状态/珊瑚 || 31257:V2融合世界标签体系/通用分类标签/属性与状态/视觉属性/颜色/彩色/粉红色/珊瑚
球,3,9959:V2融合世界标签体系/通用分类标签/人造物体/游戏器材/球 || 10196:V2融合世界标签体系/通用分类标签/人造物体/玩具/球 || 30887:V2融合世界标签体系/通用分类标签/属性与状态/圆形/球
理发店,3,15742:V2融合世界标签体系/通用分类标签/场景/室内场景/商店/理发店 || 15743:V2融合世界标签体系/通用分类标签/场景/室内场景/商店/理发店 || 15744:V2融合世界标签体系/通用分类标签/场景/室内场景/商店/理发店
琥珀,3,31266:V2融合世界标签体系/通用分类标签/属性与状态/视觉属性/颜色/彩色/黄色/琥珀 || 31693:V2融合世界标签体系/通用分类标签/材料与物质/化合物/有机化合物/松香/天然树脂/琥珀 || 31815:V2融合世界标签体系/通用分类标签/材料与物质/植物材料/植物产品/天然树脂/琥珀
瑜伽,3,18772:V2融合世界标签体系/通用分类标签/文化艺术与媒介/体育锻炼/瑜伽 || 24976:V2融合世界标签体系/通用分类标签/行为动作/休闲娱乐动作/瑜伽 || 31134:V2融合世界标签体系/通用分类标签/属性与状态/枢德/神学美德/印度教/瑜伽
瑜伽垫,3,6707:V2融合世界标签体系/通用分类标签/人造物体/益智玩具/瑜伽垫 || 7245:V2融合世界标签体系/通用分类标签/人造物体/体育器材/体操垫/瑜伽垫 || 11278:V2融合世界标签体系/通用分类标签/人造物体/覆盖物/地板蒙布/瑜伽垫
瓮,3,4286:V2融合世界标签体系/通用分类标签/人造物体/厨房餐厨用品/炊具/壶/瓮 || 8697:V2融合世界标签体系/通用分类标签/人造物体/容器/器皿/广口容器/花瓶/瓮 || 10215:V2融合世界标签体系/通用分类标签/人造物体/瓮
甘蔗,3,20936:V2融合世界标签体系/通用分类标签/植物/农作物/甘蔗 || 22542:V2融合世界标签体系/通用分类标签/植物/草本植物/禾本科植物/甘蔗 || 24316:V2融合世界标签体系/通用分类标签/自然景观/植物结构/植物器官/(花草的)茎/手杖/甘蔗
甘薯,3,3276:V2融合世界标签体系/通用分类标签/人造物体/中西乐器/管乐器/甘薯 || 20945:V2融合世界标签体系/通用分类标签/植物/农作物/甘薯 || 29114:V2融合世界标签体系/通用分类标签/食物/农产品/蔬菜/根菜类/甘薯
甜菜,3,20954:V2融合世界标签体系/通用分类标签/植物/农作物/甜菜 || 22596:V2融合世界标签体系/通用分类标签/植物/草本植物/蔬菜/甜菜 || 29116:V2融合世界标签体系/通用分类标签/食物/农产品/蔬菜/根菜类/甜菜
用餐者,3,276:V2融合世界标签体系/通用分类标签/交通工具/畜力与传统载具/马车/用餐者 || 2226:V2融合世界标签体系/通用分类标签/人物与人体/使用者/消费者/进食者/用餐者 || 15798:V2融合世界标签体系/通用分类标签/场景/室内场景/餐厅/用餐者
电动牙刷,3,8244:V2融合世界标签体系/通用分类标签/人造物体/器具/刷/牙刷/电动牙刷 || 9926:V2融合世界标签体系/通用分类标签/人造物体/洗漱用品/牙刷/电动牙刷 || 30453:V2融合世界标签体系/通用分类标签/声音/牙刷/电动牙刷
电源线,3,8950:V2融合世界标签体系/通用分类标签/人造物体/导体/电报/电源线 || 8952:V2融合世界标签体系/通用分类标签/人造物体/导体/电源线 || 8954:V2融合世界标签体系/通用分类标签/人造物体/导体/电源线/电源线
电磁炉,3,4308:V2融合世界标签体系/通用分类标签/人造物体/厨房餐厨用品/炊具/电磁炉 || 5320:V2融合世界标签体系/通用分类标签/人造物体/家用电器/电磁炉 || 29474:V2融合世界标签体系/通用分类标签/食物/电磁炉
电视,3,10419:V2融合世界标签体系/通用分类标签/人造物体/电子设备/集合/接收器/电视 || 11495:V2融合世界标签体系/通用分类标签/人造物体/通信系统/电信系统/电视 || 18671:V2融合世界标签体系/通用分类标签/文化艺术与媒介/音乐音频/广播/电视
电视演播室,3,18868:V2融合世界标签体系/通用分类标签/文化艺术与媒介/工作室/电视演播室 || 19015:V2融合世界标签体系/通用分类标签/文化艺术与媒介/电视演播室 || 30477:V2融合世界标签体系/通用分类标签/声音/电视演播室
电风扇,3,5338:V2融合世界标签体系/通用分类标签/人造物体/家用电器/电风扇 || 10427:V2融合世界标签体系/通用分类标签/人造物体/电风扇 || 10430:V2融合世界标签体系/通用分类标签/人造物体/电风扇/电风扇
电饭煲,3,4309:V2融合世界标签体系/通用分类标签/人造物体/厨房餐厨用品/炊具/电饭煲 || 5347:V2融合世界标签体系/通用分类标签/人造物体/家用电器/电饭煲 || 10433:V2融合世界标签体系/通用分类标签/人造物体/电饭煲
男人,3,2977:V2融合世界标签体系/通用分类标签/人物与人体/男人 || 8076:V2融合世界标签体系/通用分类标签/人造物体/商品/消费品/可穿戴设备/衣服/护腿/男人 || 11142:V2融合世界标签体系/通用分类标签/人造物体/覆盖物/可穿戴设备/衣服/护腿/男人
画家,3,2426:V2融合世界标签体系/通用分类标签/人物与人体/劳动者/技术工人/画家 || 12108:V2融合世界标签体系/通用分类标签/动物/哺乳动物/猫科动物/猫/野猫/画家 || 32966:V2融合世界标签体系/IP 分类标签/真人与人物 IP/历史古人/艺术家/画家
画笔,3,3608:V2融合世界标签体系/通用分类标签/人造物体/办公文具/画笔 || 8245:V2融合世界标签体系/通用分类标签/人造物体/器具/刷/画笔 || 9418:V2融合世界标签体系/通用分类标签/人造物体/敷抹器/画笔
界限,3,30954:V2融合世界标签体系/通用分类标签/属性与状态/大小/范围/界限 || 32285:V2融合世界标签体系/通用分类标签/知识与学科/界限 || 32288:V2融合世界标签体系/通用分类标签/知识与学科/界限/界限
番石榴,3,20285:V2融合世界标签体系/通用分类标签/植物/乔木灌木林木/乔木/开花乔木/果树/番石榴 || 20286:V2融合世界标签体系/通用分类标签/植物/乔木灌木林木/乔木/开花乔木/果树/番石榴 || 29262:V2融合世界标签体系/通用分类标签/食物/农产品/食用水果/番石榴
番荔枝,3,20287:V2融合世界标签体系/通用分类标签/植物/乔木灌木林木/乔木/开花乔木/果树/番荔枝 || 29263:V2融合世界标签体系/通用分类标签/食物/农产品/食用水果/番荔枝 || 29265:V2融合世界标签体系/通用分类标签/食物/农产品/食用水果/番荔枝/番荔枝
白板,3,3617:V2融合世界标签体系/通用分类标签/人造物体/办公文具/白板 || 10434:V2融合世界标签体系/通用分类标签/人造物体/白板 || 10435:V2融合世界标签体系/通用分类标签/人造物体/白板
百灵,3,14395:V2融合世界标签体系/通用分类标签/动物/鸟类/鸣禽/新世界拟鹂/百灵 || 14423:V2融合世界标签体系/通用分类标签/动物/鸟类/鸣禽/百灵 || 14425:V2融合世界标签体系/通用分类标签/动物/鸟类/鸣禽/百灵
皮鞋,3,6262:V2融合世界标签体系/通用分类标签/人造物体/服饰全品/皮鞋 || 11387:V2融合世界标签体系/通用分类标签/人造物体/覆盖物/足部装备/鞋/皮鞋 || 11388:V2融合世界标签体系/通用分类标签/人造物体/覆盖物/足部装备/鞋/皮鞋
盐,3,28447:V2融合世界标签体系/通用分类标签/食物/调味品/盐 || 29705:V2融合世界标签体系/通用分类标签/食物/调味剂/盐 || 31702:V2融合世界标签体系/通用分类标签/材料与物质/化合物/盐
盖子,3,11331:V2融合世界标签体系/通用分类标签/人造物体/覆盖物/盖子 || 11333:V2融合世界标签体系/通用分类标签/人造物体/覆盖物/盖子/盖子 || 23545:V2融合世界标签体系/通用分类标签/组织机构与社会事件/动物组织/襟翼/保护褶/盖子
直接复印件,3,7206:V2融合世界标签体系/通用分类标签/人造物体/仪器/复制机/直接复印件 || 19094:V2融合世界标签体系/通用分类标签/文化艺术与媒介/表征/副本/复印件/直接复印件 || 19117:V2融合世界标签体系/通用分类标签/文化艺术与媒介/表征/图画/复印件/直接复印件
眼影,3,9900:V2融合世界标签体系/通用分类标签/人造物体/洗漱用品/化妆品/化妆/眼影 || 9901:V2融合世界标签体系/通用分类标签/人造物体/洗漱用品/化妆品/化妆/眼影 || 10438:V2融合世界标签体系/通用分类标签/人造物体/眼影
眼罩,3,10808:V2融合世界标签体系/通用分类标签/人造物体/覆盖物/保护/屏幕/眼罩 || 11307:V2融合世界标签体系/通用分类标签/人造物体/覆盖物/布罩/眼罩 || 11308:V2融合世界标签体系/通用分类标签/人造物体/覆盖物/布罩/眼罩
睡眠,3,25576:V2融合世界标签体系/通用分类标签/行为动作/日常生活动作/睡眠 || 31061:V2融合世界标签体系/通用分类标签/属性与状态/形势/生理状态/睡眠 || 31468:V2融合世界标签体系/通用分类标签/时间数量与度量/基本量/一段时间/睡眠
矢车菊,3,15230:V2融合世界标签体系/通用分类标签/动物/无脊椎动物/节肢动物/昆虫/双翅昆虫/苍蝇/丽蝇/矢车菊 || 21802:V2融合世界标签体系/通用分类标签/植物/显花植物/开花植物/开花植物/矢车菊 || 22015:V2融合世界标签体系/通用分类标签/植物/杂草/矢车菊
码头,3,9353:V2融合世界标签体系/通用分类标签/人造物体/支持/码头 || 10681:V2融合世界标签体系/通用分类标签/人造物体/表面/水平仪/平台/码头 || 17636:V2融合世界标签体系/通用分类标签/建筑与基础设施/区/围场/码头
硬币,3,31494:V2融合世界标签体系/通用分类标签/时间数量与度量/度量/标准/交换媒介/货币/硬币 || 31495:V2融合世界标签体系/通用分类标签/时间数量与度量/度量/标准/交换媒介/货币/硬币 || 31496:V2融合世界标签体系/通用分类标签/时间数量与度量/度量/标准/交换媒介/货币/硬币/硬币
秋千,3,9572:V2融合世界标签体系/通用分类标签/人造物体/机制/机械装置/秋千 || 10200:V2融合世界标签体系/通用分类标签/人造物体/玩具/秋千 || 26903:V2融合世界标签体系/通用分类标签/行为动作/秋千
秋葵,3,22546:V2融合世界标签体系/通用分类标签/植物/草本植物/秋葵 || 24363:V2融合世界标签体系/通用分类标签/自然景观/植物结构/植物器官/生殖结构/果子/圆荚体/秋葵 || 29126:V2融合世界标签体系/通用分类标签/食物/农产品/蔬菜/秋葵
种子,3,2533:V2融合世界标签体系/通用分类标签/人物与人体/参赛者/参与者/种子 || 24390:V2融合世界标签体系/通用分类标签/自然景观/植物结构/植物器官/生殖结构/果子/种子 || 24444:V2融合世界标签体系/通用分类标签/自然景观/植物结构/植物器官/生殖结构/种子
种植者,3,2286:V2融合世界标签体系/通用分类标签/人物与人体/创造者/农场主/种植者 || 2449:V2融合世界标签体系/通用分类标签/人物与人体/劳动者/种植者 || 8921:V2融合世界标签体系/通用分类标签/人造物体/容器/花盆/种植者
竖琴,3,3225:V2融合世界标签体系/通用分类标签/人造物体/中西乐器/弦乐器/竖琴 || 9354:V2融合世界标签体系/通用分类标签/人造物体/支持/竖琴 || 29924:V2融合世界标签体系/通用分类标签/声音/乐器/竖琴
笑,3,1900:V2融合世界标签体系/通用分类标签/人物与人体/表情/笑 || 19656:V2融合世界标签体系/通用分类标签/文字与信息图形/听觉交流/话语/笑 || 26920:V2融合世界标签体系/通用分类标签/行为动作/笑
笔,3,3423:V2融合世界标签体系/通用分类标签/人造物体/办公文具/书写工具/笔 || 14667:V2融合世界标签体系/通用分类标签/动物/鸟类/水禽/天鹅/笔 || 17637:V2融合世界标签体系/通用分类标签/建筑与基础设施/区/围场/笔
紧身裤/秋裤,3,7957:V2融合世界标签体系/通用分类标签/人造物体/商品/消费品/可穿戴设备/衣服/不可言说之物/内衣/紧身裤/秋裤 || 10499:V2融合世界标签体系/通用分类标签/人造物体/紧身裤/秋裤 || 11023:V2融合世界标签体系/通用分类标签/人造物体/覆盖物/可穿戴设备/衣服/不可言说之物/内衣/紧身裤/秋裤
繁缕,3,22550:V2融合世界标签体系/通用分类标签/植物/草本植物/繁缕 || 22551:V2融合世界标签体系/通用分类标签/植物/草本植物/繁缕/繁缕 || 22552:V2融合世界标签体系/通用分类标签/植物/草本植物/繁缕
红旗,3,19619:V2融合世界标签体系/通用分类标签/文字与信息图形/信号/视觉信号/旗帜/红旗 || 19624:V2融合世界标签体系/通用分类标签/文字与信息图形/信号/警报/红旗 || 32352:V2融合世界标签体系/通用分类标签/知识与学科/红旗
纵帆船,3,778:V2融合世界标签体系/通用分类标签/交通工具/容器/大型帆船/纵帆船 || 779:V2融合世界标签体系/通用分类标签/交通工具/容器/大型帆船/纵帆船 || 8857:V2融合世界标签体系/通用分类标签/人造物体/容器/杯子/纵帆船
纹身,3,26831:V2融合世界标签体系/通用分类标签/行为动作/状态变化/纹身 || 26832:V2融合世界标签体系/通用分类标签/行为动作/状态变化/纹身/纹身 || 31201:V2融合世界标签体系/通用分类标签/属性与状态/纹身
线阵打印机,3,9641:V2融合世界标签体系/通用分类标签/人造物体/机器/印刷机/冲击式打印机/线阵打印机 || 9646:V2融合世界标签体系/通用分类标签/人造物体/机器/印刷机/打印机/点式打印机/线阵打印机 || 10368:V2融合世界标签体系/通用分类标签/人造物体/电子设备/外围设备/打印机/点式打印机/线阵打印机
绑腿,3,8077:V2融合世界标签体系/通用分类标签/人造物体/商品/消费品/可穿戴设备/衣服/护腿/绑腿 || 11143:V2融合世界标签体系/通用分类标签/人造物体/覆盖物/可穿戴设备/衣服/护腿/绑腿 || 11389:V2融合世界标签体系/通用分类标签/人造物体/覆盖物/足部装备/鞋/绑腿
网,3,8454:V2融合世界标签体系/通用分类标签/人造物体/圈套/网 || 9997:V2融合世界标签体系/通用分类标签/人造物体/游戏器材/球门/网 || 32369:V2融合世界标签体系/通用分类标签/知识与学科/网
网球,3,6774:V2融合世界标签体系/通用分类标签/人造物体/益智玩具/网球 || 9986:V2融合世界标签体系/通用分类标签/人造物体/游戏器材/球/网球 || 24763:V2融合世界标签体系/通用分类标签/行为动作/休闲娱乐动作/游戏/体育游戏/场地球类运动/网球
羊驼,3,12460:V2融合世界标签体系/通用分类标签/动物/哺乳动物/有胎盘的/有蹄哺乳动物/偶蹄动物/羊驼 || 31663:V2融合世界标签体系/通用分类标签/材料与物质/动物材料/动物产品/动物纤维/羊毛/羊驼 || 31752:V2融合世界标签体系/通用分类标签/材料与物质/天然纤维/天然纤维/动物纤维/羊毛/羊驼
老妇人,3,1526:V2融合世界标签体系/通用分类标签/人物与人体/性别与生理属性/女性/女人/太太/老妇人 || 1543:V2融合世界标签体系/通用分类标签/人物与人体/性别与生理属性/女性/女人/老妇人 || 1544:V2融合世界标签体系/通用分类标签/人物与人体/性别与生理属性/女性/女人/老妇人/老妇人
背部,3,3024:V2融合世界标签体系/通用分类标签/人物与人体/背部 || 9393:V2融合世界标签体系/通用分类标签/人造物体/支持/背部 || 32917:V2融合世界标签体系/IP 分类标签/真人与人物 IP/体育明星/足球运动员/背部
胡萝卜,3,21951:V2融合世界标签体系/通用分类标签/植物/显花植物/开花植物/野花/胡萝卜 || 22563:V2融合世界标签体系/通用分类标签/植物/草本植物/胡萝卜 || 29117:V2融合世界标签体系/通用分类标签/食物/农产品/蔬菜/根菜类/胡萝卜
胡蜂,3,15317:V2融合世界标签体系/通用分类标签/动物/无脊椎动物/节肢动物/昆虫/膜翅目昆虫/胡蜂 || 15321:V2融合世界标签体系/通用分类标签/动物/无脊椎动物/节肢动物/昆虫/膜翅目昆虫/胡蜂/胡蜂 || 32382:V2融合世界标签体系/通用分类标签/知识与学科/胡蜂
脚趾,3,3028:V2融合世界标签体系/通用分类标签/人物与人体/脚趾 || 11337:V2融合世界标签体系/通用分类标签/人造物体/覆盖物/脚趾 || 19064:V2融合世界标签体系/通用分类标签/文化艺术与媒介/脚趾
腿,3,2623:V2融合世界标签体系/通用分类标签/人物与人体/外部身体部位/成员/翼/腿 || 2624:V2融合世界标签体系/通用分类标签/人物与人体/外部身体部位/成员/翼/腿 || 29520:V2融合世界标签体系/通用分类标签/食物/肉/切割/腿
自治市镇,3,25783:V2融合世界标签体系/通用分类标签/行为动作/社交互动动作/聚会/自治市镇 || 31573:V2融合世界标签体系/通用分类标签/时间数量与度量/自治市镇 || 32081:V2融合世界标签体系/通用分类标签/知识与学科/地区/行政区/自治市镇
自行车头盔,3,7842:V2融合世界标签体系/通用分类标签/人造物体/商品/消费品/可穿戴设备/头具/兜鍪/自行车头盔 || 10607:V2融合世界标签体系/通用分类标签/人造物体/自行车头盔 || 10908:V2融合世界标签体系/通用分类标签/人造物体/覆盖物/可穿戴设备/头具/兜鍪/自行车头盔
舌,3,2571:V2融合世界标签体系/通用分类标签/人物与人体/器官/发音器官/咬合架/舌 || 2576:V2融合世界标签体系/通用分类标签/人物与人体/器官/舌 || 10877:V2融合世界标签体系/通用分类标签/人造物体/覆盖物/口盖/舌
芜菁,3,22326:V2融合世界标签体系/通用分类标签/植物/草本植物/十字花科植物/芜菁植株/芜菁 || 29071:V2融合世界标签体系/通用分类标签/食物/农产品/蔬菜/十字花科蔬菜/芜菁 || 29118:V2融合世界标签体系/通用分类标签/食物/农产品/蔬菜/根菜类/芜菁
花生,3,20990:V2融合世界标签体系/通用分类标签/植物/农作物/花生 || 22624:V2融合世界标签体系/通用分类标签/植物/草本植物/豆科植物/花生 || 24364:V2融合世界标签体系/通用分类标签/自然景观/植物结构/植物器官/生殖结构/果子/圆荚体/花生
花盆,3,8756:V2融合世界标签体系/通用分类标签/人造物体/容器/器皿/花盆 || 8757:V2融合世界标签体系/通用分类标签/人造物体/容器/器皿/花盆 || 8920:V2融合世界标签体系/通用分类标签/人造物体/容器/花盆
芽,3,24339:V2融合世界标签体系/通用分类标签/自然景观/植物结构/植物器官/幼芽/芽 || 24455:V2融合世界标签体系/通用分类标签/自然景观/植物结构/植物器官/生殖结构/花/芽 || 29091:V2融合世界标签体系/通用分类标签/食物/农产品/蔬菜/叶菜/芽
茶壶,3,4290:V2融合世界标签体系/通用分类标签/人造物体/厨房餐厨用品/炊具/壶/茶壶 || 4576:V2融合世界标签体系/通用分类标签/人造物体/厨房餐厨用品/茶壶 || 10610:V2融合世界标签体系/通用分类标签/人造物体/茶壶
茶碟,3,4337:V2融合世界标签体系/通用分类标签/人造物体/厨房餐厨用品/餐具/茶碟 || 7297:V2融合世界标签体系/通用分类标签/人造物体/体育器材/茶碟 || 9481:V2融合世界标签体系/通用分类标签/人造物体/机制/旋转机构/回合/光盘/茶碟
菊苣,3,22581:V2融合世界标签体系/通用分类标签/植物/草本植物/菊苣 || 24346:V2融合世界标签体系/通用分类标签/自然景观/植物结构/植物器官/根/菊苣 || 28601:V2融合世界标签体系/通用分类标签/食物/饮品类/咖啡/咖啡代用品/菊苣
萨克斯管,3,2289:V2融合世界标签体系/通用分类标签/人物与人体/创造者/制造者/萨克斯管 || 3271:V2融合世界标签体系/通用分类标签/人造物体/中西乐器/管乐器/木材/拍簧乐器/单簧乐器/萨克斯管 || 3289:V2融合世界标签体系/通用分类标签/人造物体/中西乐器/管乐器/萨克斯管
葡萄,3,1241:V2融合世界标签体系/通用分类标签/人物与人体/人体部位/手臂/导弹/葡萄 || 21331:V2融合世界标签体系/通用分类标签/植物/草本竹藤植物/藤本植物/葡萄 || 29283:V2融合世界标签体系/通用分类标签/食物/农产品/食用水果/葡萄
薄荷,3,22598:V2融合世界标签体系/通用分类标签/植物/草本植物/薄荷 || 29389:V2融合世界标签体系/通用分类标签/食物/摩托人力车/甜食/糖制食品/薄荷 || 29727:V2融合世界标签体系/通用分类标签/食物/调味剂/芳草/薄荷
藿香蓟,3,21858:V2融合世界标签体系/通用分类标签/植物/显花植物/开花植物/开花植物/藿香蓟 || 21859:V2融合世界标签体系/通用分类标签/植物/显花植物/开花植物/开花植物/藿香蓟/藿香蓟 || 22601:V2融合世界标签体系/通用分类标签/植物/草本植物/藿香蓟
蜂窝,3,19071:V2融合世界标签体系/通用分类标签/文化艺术与媒介/蜂窝 || 24276:V2融合世界标签体系/通用分类标签/自然景观/巢/蜂窝 || 24508:V2融合世界标签体系/通用分类标签/自然景观/蜂窝
螺旋桨,3,981:V2融合世界标签体系/通用分类标签/交通工具/航空器/航空发动机/螺旋桨 || 9580:V2融合世界标签体系/通用分类标签/人造物体/机制/机械装置/螺旋桨 || 9582:V2融合世界标签体系/通用分类标签/人造物体/机制/机械装置/螺旋桨/螺旋桨
衣服,3,7936:V2融合世界标签体系/通用分类标签/人造物体/商品/消费品/可穿戴设备/衣服 || 11002:V2融合世界标签体系/通用分类标签/人造物体/覆盖物/可穿戴设备/衣服 || 24222:V2融合世界标签体系/通用分类标签/自然景观/天然覆盖物/衣服
衣架,3,2482:V2融合世界标签体系/通用分类标签/人物与人体/劳动者/衣架 || 4942:V2融合世界标签体系/通用分类标签/人造物体/家具大件/衣架 || 9330:V2融合世界标签体系/通用分类标签/人造物体/支持/悬挂工具/衣架
表征,3,19073:V2融合世界标签体系/通用分类标签/文化艺术与媒介/表征 || 26967:V2融合世界标签体系/通用分类标签/行为动作/表征 || 32330:V2融合世界标签体系/通用分类标签/知识与学科/知识/表征
袜子,3,6334:V2融合世界标签体系/通用分类标签/人造物体/服饰全品/袜子 || 8184:V2融合世界标签体系/通用分类标签/人造物体/商品/消费品/可穿戴设备/鞋子/袜类/袜子 || 11250:V2融合世界标签体系/通用分类标签/人造物体/覆盖物/可穿戴设备/鞋子/袜类/袜子
装饰,3,10103:V2融合世界标签体系/通用分类标签/人造物体/点缀/装饰 || 19781:V2融合世界标签体系/通用分类标签/文字与信息图形/扩张/装饰 || 26845:V2融合世界标签体系/通用分类标签/行为动作/状态变化/装饰
裹身衣,3,8036:V2融合世界标签体系/通用分类标签/人造物体/商品/消费品/可穿戴设备/衣服/外衣/披风/裹身衣 || 11102:V2融合世界标签体系/通用分类标签/人造物体/覆盖物/可穿戴设备/衣服/外衣/披风/裹身衣 || 29000:V2融合世界标签体系/通用分类标签/食物/一道菜/零食/三明治/裹身衣
计算器,3,1943:V2融合世界标签体系/通用分类标签/人物与人体/专家/计算器 || 3666:V2融合世界标签体系/通用分类标签/人造物体/办公文具/计算器 || 9721:V2融合世界标签体系/通用分类标签/人造物体/机器/计算器
设计,3,19181:V2融合世界标签体系/通用分类标签/文化艺术与媒介/通过心智活动创造/设计 || 25425:V2融合世界标签体系/通用分类标签/行为动作/工作学习动作/设计 || 25831:V2融合世界标签体系/通用分类标签/行为动作/艺术表演动作/绘画/学习/设计
设计师,3,2308:V2融合世界标签体系/通用分类标签/人物与人体/创造者/设计师 || 2309:V2融合世界标签体系/通用分类标签/人物与人体/创造者/设计师 || 3100:V2融合世界标签体系/通用分类标签/人物与人体/规划者/设计师
调色板,3,3702:V2融合世界标签体系/通用分类标签/人造物体/办公文具/调色板 || 9094:V2融合世界标签体系/通用分类标签/人造物体/扁平立体/板/调色板 || 30955:V2融合世界标签体系/通用分类标签/属性与状态/大小/范围/界限/调色板
豆科植物,3,22607:V2融合世界标签体系/通用分类标签/植物/草本植物/豆科植物 || 24365:V2融合世界标签体系/通用分类标签/自然景观/植物结构/植物器官/生殖结构/果子/圆荚体/豆科植物 || 29150:V2融合世界标签体系/通用分类标签/食物/农产品/蔬菜/豆科植物
贝类,3,13687:V2融合世界标签体系/通用分类标签/动物/水生非哺乳生物/贝类 || 15476:V2融合世界标签体系/通用分类标签/动物/无脊椎动物/贝类水产/贝类 || 29439:V2融合世界标签体系/通用分类标签/食物/海鲜/贝类
账单,3,19746:V2融合世界标签体系/通用分类标签/文字与信息图形/商业文件/账单 || 19837:V2融合世界标签体系/通用分类标签/文字与信息图形/数据库/列表/账单 || 19908:V2融合世界标签体系/通用分类标签/文字与信息图形/法律文件/账单
货运飞机,3,983:V2融合世界标签体系/通用分类标签/交通工具/航空器/货运飞机 || 1000:V2融合世界标签体系/通用分类标签/交通工具/航空器/重于空气航空器/飞机/货运飞机 || 1025:V2融合世界标签体系/通用分类标签/交通工具/货运飞机
赛车运动,3,1035:V2融合世界标签体系/通用分类标签/交通工具/赛车运动 || 25979:V2融合世界标签体系/通用分类标签/行为动作/休养/体育/竞速运动/赛车运动 || 25986:V2融合世界标签体系/通用分类标签/行为动作/休养/体育/赛车运动
赤膊的,3,31235:V2融合世界标签体系/通用分类标签/属性与状态/裸露/赤膊的 || 31274:V2融合世界标签体系/通用分类标签/属性与状态/赤膊的 || 31275:V2融合世界标签体系/通用分类标签/属性与状态/赤膊的
走珠式用品,3,7972:V2融合世界标签体系/通用分类标签/人造物体/商品/消费品/可穿戴设备/衣服/不可言说之物/地基/走珠式用品 || 8603:V2融合世界标签体系/通用分类标签/人造物体/容器/分配器/走珠式用品 || 11038:V2融合世界标签体系/通用分类标签/人造物体/覆盖物/可穿戴设备/衣服/不可言说之物/地基/走珠式用品
起重机,3,5598:V2融合世界标签体系/通用分类标签/人造物体/工业机械设备/起重机 || 14247:V2融合世界标签体系/通用分类标签/动物/鸟类/涉禽/起重机 || 33056:V2融合世界标签体系/IP 分类标签/真人与人物 IP/科学文化人物/作家/起重机
踢足球,3,26201:V2融合世界标签体系/通用分类标签/行为动作/划水动作/一击/踢/踢足球 || 27002:V2融合世界标签体系/通用分类标签/行为动作/踢足球 || 27003:V2融合世界标签体系/通用分类标签/行为动作/踢足球
软糖,3,28067:V2融合世界标签体系/通用分类标签/食物/烘焙甜品点心/软糖 || 29391:V2融合世界标签体系/通用分类标签/食物/摩托人力车/甜食/糖制食品/软糖 || 29393:V2融合世界标签体系/通用分类标签/食物/摩托人力车/甜食/糖制食品/软糖
轰炸机,3,696:V2融合世界标签体系/通用分类标签/交通工具/军用车/军用飞机/轰炸机 || 988:V2融合世界标签体系/通用分类标签/交通工具/航空器/重于空气航空器/军用飞机/轰炸机 || 1001:V2融合世界标签体系/通用分类标签/交通工具/航空器/重于空气航空器/飞机/轰炸机
辣椒,3,3136:V2融合世界标签体系/通用分类标签/人物与人体/辣椒 || 28980:V2融合世界标签体系/通用分类标签/食物/一道菜/辣椒 || 29143:V2融合世界标签体系/通用分类标签/食物/农产品/蔬菜/茄科蔬菜/胡椒/辣椒
辣椒酱,3,28426:V2融合世界标签体系/通用分类标签/食物/调味品/汁/辣椒酱 || 28486:V2融合世界标签体系/通用分类标签/食物/调味品/辣椒酱 || 28495:V2融合世界标签体系/通用分类标签/食物/调味品/辣椒酱
运动衫,3,7761:V2融合世界标签体系/通用分类标签/人造物体/台布/编织物/运动衫 || 8045:V2融合世界标签体系/通用分类标签/人造物体/商品/消费品/可穿戴设备/衣服/套头衫/套头衫/运动衫 || 11111:V2融合世界标签体系/通用分类标签/人造物体/覆盖物/可穿戴设备/衣服/套头衫/套头衫/运动衫
运动鞋,3,6370:V2融合世界标签体系/通用分类标签/人造物体/服饰全品/运动鞋 || 8194:V2融合世界标签体系/通用分类标签/人造物体/商品/消费品/可穿戴设备/鞋子/运动鞋 || 11260:V2融合世界标签体系/通用分类标签/人造物体/覆盖物/可穿戴设备/鞋子/运动鞋
连帽衫,3,8159:V2融合世界标签体系/通用分类标签/人造物体/商品/消费品/可穿戴设备/连帽衫 || 11225:V2融合世界标签体系/通用分类标签/人造物体/覆盖物/可穿戴设备/连帽衫 || 11448:V2融合世界标签体系/通用分类标签/人造物体/连帽衫
连衣裙,3,6379:V2融合世界标签体系/通用分类标签/人造物体/服饰全品/连衣裙 || 7896:V2融合世界标签体系/通用分类标签/人造物体/商品/消费品/可穿戴设备/打扮/习惯/连衣裙 || 10962:V2融合世界标签体系/通用分类标签/人造物体/覆盖物/可穿戴设备/打扮/习惯/连衣裙
部落,3,23616:V2融合世界标签体系/通用分类标签/组织机构与社会事件/部落 || 31511:V2融合世界标签体系/通用分类标签/时间数量与度量/政治单位/部落 || 32422:V2融合世界标签体系/通用分类标签/知识与学科/部落
配件,3,18782:V2融合世界标签体系/通用分类标签/文化艺术与媒介/元件/配件 || 32423:V2融合世界标签体系/通用分类标签/知识与学科/配件 || 32424:V2融合世界标签体系/通用分类标签/知识与学科/配件/配件
酒吧,3,17793:V2融合世界标签体系/通用分类标签/建筑与基础设施/区/室/酒吧 || 24238:V2融合世界标签体系/通用分类标签/自然景观/天然高地/山脊/酒吧 || 24292:V2融合世界标签体系/通用分类标签/自然景观/机制/屏障/酒吧
野生动物,3,15555:V2融合世界标签体系/通用分类标签/动物/野生动物 || 31614:V2融合世界标签体系/通用分类标签/时间数量与度量/野生动物 || 31615:V2融合世界标签体系/通用分类标签/时间数量与度量/野生动物/野生动物
野餐,3,25030:V2融合世界标签体系/通用分类标签/行为动作/休闲娱乐动作/野餐 || 27038:V2融合世界标签体系/通用分类标签/行为动作/野餐 || 29032:V2融合世界标签体系/通用分类标签/食物/一餐/野餐
钓鱼,3,15571:V2融合世界标签体系/通用分类标签/动物/钓鱼 || 15572:V2融合世界标签体系/通用分类标签/动物/钓鱼 || 25039:V2融合世界标签体系/通用分类标签/行为动作/休闲娱乐动作/钓鱼
钟塔,3,17854:V2融合世界标签体系/通用分类标签/建筑与基础设施/塔/钟塔 || 17855:V2融合世界标签体系/通用分类标签/建筑与基础设施/塔/钟塔/钟塔 || 17856:V2融合世界标签体系/通用分类标签/建筑与基础设施/塔/钟塔
钟鹊,3,14363:V2融合世界标签体系/通用分类标签/动物/鸟类/鸣禽/伯劳/钟鹊 || 14411:V2融合世界标签体系/通用分类标签/动物/鸟类/鸣禽/澳洲喜鹊/钟鹊 || 14412:V2融合世界标签体系/通用分类标签/动物/鸟类/鸣禽/澳洲喜鹊/钟鹊
钢丝背心,3,8094:V2融合世界标签体系/通用分类标签/人造物体/商品/消费品/可穿戴设备/衣服/背心/钢丝背心 || 10830:V2融合世界标签体系/通用分类标签/人造物体/覆盖物/保护/盔甲/全套铠甲/钢丝背心 || 11160:V2融合世界标签体系/通用分类标签/人造物体/覆盖物/可穿戴设备/衣服/背心/钢丝背心
铁路桥,3,18129:V2融合世界标签体系/通用分类标签/建筑与基础设施/桥/铁路桥 || 18130:V2融合世界标签体系/通用分类标签/建筑与基础设施/桥/铁路桥 || 18131:V2融合世界标签体系/通用分类标签/建筑与基础设施/桥/铁路桥
铅笔,3,3433:V2融合世界标签体系/通用分类标签/人造物体/办公文具/书写工具/铅笔 || 3434:V2融合世界标签体系/通用分类标签/人造物体/办公文具/书写工具/铅笔/铅笔 || 3720:V2融合世界标签体系/通用分类标签/人造物体/办公文具/铅笔
铜,3,15393:V2融合世界标签体系/通用分类标签/动物/无脊椎动物/节肢动物/昆虫/鳞翅目昆虫/蝴蝶/灰蝶/铜 || 31636:V2融合世界标签体系/通用分类标签/材料与物质/元素/金属/铜 || 31759:V2融合世界标签体系/通用分类标签/材料与物质/导体/铜
铲,3,9130:V2融合世界标签体系/通用分类标签/人造物体/手工工具/手铲/铲 || 9171:V2融合世界标签体系/通用分类标签/人造物体/手工工具/铲 || 9173:V2融合世界标签体系/通用分类标签/人造物体/手工工具/铲/手铲/铲
长裤,3,6397:V2融合世界标签体系/通用分类标签/人造物体/服饰全品/长裤 || 8129:V2融合世界标签体系/通用分类标签/人造物体/商品/消费品/可穿戴设备/衣服/裤子/长裤 || 11195:V2融合世界标签体系/通用分类标签/人造物体/覆盖物/可穿戴设备/衣服/裤子/长裤
门,3,18313:V2融合世界标签体系/通用分类标签/建筑与基础设施/辎重/屏障/可移动屏障/门 || 18362:V2融合世界标签体系/通用分类标签/建筑与基础设施/门 || 30612:V2融合世界标签体系/通用分类标签/声音/门
阀门,3,5661:V2融合世界标签体系/通用分类标签/人造物体/工业机械设备/阀门 || 9464:V2融合世界标签体系/通用分类标签/人造物体/机制/控制/阀门 || 18371:V2融合世界标签体系/通用分类标签/建筑与基础设施/阀门
防护服,3,3150:V2融合世界标签体系/通用分类标签/人物与人体/防护服 || 7946:V2融合世界标签体系/通用分类标签/人造物体/商品/消费品/可穿戴设备/衣服/一套衣服/防护服 || 11012:V2融合世界标签体系/通用分类标签/人造物体/覆盖物/可穿戴设备/衣服/一套衣服/防护服
防水的,3,7780:V2融合世界标签体系/通用分类标签/人造物体/台布/防水的 || 8021:V2融合世界标签体系/通用分类标签/人造物体/商品/消费品/可穿戴设备/衣服/外衣/外套/防水的 || 11087:V2融合世界标签体系/通用分类标签/人造物体/覆盖物/可穿戴设备/衣服/外衣/外套/防水的
限速标志,3,11631:V2融合世界标签体系/通用分类标签/人造物体/限速标志 || 19862:V2融合世界标签体系/通用分类标签/文字与信息图形/标志/交通标志/限速标志 || 19875:V2融合世界标签体系/通用分类标签/文字与信息图形/标志/道路标志/交通标志/限速标志
隔间,3,9828:V2融合世界标签体系/通用分类标签/人造物体/桌子/隔间 || 17697:V2融合世界标签体系/通用分类标签/建筑与基础设施/区/室/包房/隔间 || 31112:V2融合世界标签体系/通用分类标签/属性与状态/无定形/隔间
雄鹿,3,7241:V2融合世界标签体系/通用分类标签/人造物体/体育器材/体操器械/跳马/雄鹿 || 12441:V2融合世界标签体系/通用分类标签/动物/哺乳动物/有胎盘的/有蹄哺乳动物/偶蹄动物/反刍动物/鹿/加拿大马鹿/雄鹿 || 12588:V2融合世界标签体系/通用分类标签/动物/哺乳动物/有胎盘的/雄鹿
雪山,3,24230:V2融合世界标签体系/通用分类标签/自然景观/天然高地/坐骑/雪山 || 24231:V2融合世界标签体系/通用分类标签/自然景观/天然高地/坐骑/雪山 || 24232:V2融合世界标签体系/通用分类标签/自然景观/天然高地/坐骑/雪山
雪花,3,14473:V2融合世界标签体系/通用分类标签/动物/鸟类/鸣禽/雀科鸟/彩旗/雪花 || 27058:V2融合世界标签体系/通用分类标签/行为动作/雪花 || 32433:V2融合世界标签体系/通用分类标签/知识与学科/雪花
露天市场,3,16952:V2融合世界标签体系/通用分类标签/建筑与基础设施/商业办公建筑/市场/市场广场/露天市场 || 16961:V2融合世界标签体系/通用分类标签/建筑与基础设施/商业办公建筑/市场/露天市场 || 16962:V2融合世界标签体系/通用分类标签/建筑与基础设施/商业办公建筑/市场/露天市场
鞋,3,8825:V2融合世界标签体系/通用分类标签/人造物体/容器/容器盒/鞋 || 10843:V2融合世界标签体系/通用分类标签/人造物体/覆盖物/保护/盾牌/壳/鞋 || 11359:V2融合世界标签体系/通用分类标签/人造物体/覆盖物/足部装备/鞋
音乐键盘,3,11621:V2融合世界标签体系/通用分类标签/人造物体/键盘/音乐键盘 || 29941:V2融合世界标签体系/通用分类标签/声音/乐器/音乐键盘 || 30661:V2融合世界标签体系/通用分类标签/声音/音乐键盘
领带,3,3918:V2融合世界标签体系/通用分类标签/人造物体/包装与容器/领带 || 8144:V2融合世界标签体系/通用分类标签/人造物体/商品/消费品/可穿戴设备/衣服/颈部服饰/领带 || 11210:V2融合世界标签体系/通用分类标签/人造物体/覆盖物/可穿戴设备/衣服/颈部服饰/领带
频道,3,20012:V2融合世界标签体系/通用分类标签/文字与信息图形/频道 || 20013:V2融合世界标签体系/通用分类标签/文字与信息图形/频道 || 30664:V2融合世界标签体系/通用分类标签/声音/频道
飞机客舱,3,17698:V2融合世界标签体系/通用分类标签/建筑与基础设施/区/室/包房/飞机客舱 || 17699:V2融合世界标签体系/通用分类标签/建筑与基础设施/区/室/包房/飞机客舱/飞机客舱 || 17700:V2融合世界标签体系/通用分类标签/建筑与基础设施/区/室/包房/飞机客舱/飞机客舱
餐刀,3,4374:V2融合世界标签体系/通用分类标签/人造物体/厨房餐厨用品/餐具/餐刀 || 4376:V2融合世界标签体系/通用分类标签/人造物体/厨房餐厨用品/餐具/餐刀/餐刀 || 4630:V2融合世界标签体系/通用分类标签/人造物体/厨房餐厨用品/餐刀
馒头,3,27338:V2融合世界标签体系/通用分类标签/食物/中式主食面点/馒头 || 27847:V2融合世界标签体系/通用分类标签/食物/烘焙甜品点心/面包/馒头 || 31946:V2融合世界标签体系/通用分类标签/材料与物质/馒头
马球,3,2861:V2融合世界标签体系/通用分类标签/人物与人体/旅行者/马球 || 9990:V2融合世界标签体系/通用分类标签/人造物体/游戏器材/球/马球 || 24777:V2融合世界标签体系/通用分类标签/行为动作/休闲娱乐动作/游戏/体育游戏/户外游戏/场地运动/马球
马裤,3,8130:V2融合世界标签体系/通用分类标签/人造物体/商品/消费品/可穿戴设备/衣服/裤子/马裤 || 11196:V2融合世界标签体系/通用分类标签/人造物体/覆盖物/可穿戴设备/衣服/裤子/马裤 || 11358:V2融合世界标签体系/通用分类标签/人造物体/覆盖物/足部装备/皮靴/马靴/马裤
骑自行车,3,25993:V2融合世界标签体系/通用分类标签/行为动作/休养/体育/骑自行车 || 27075:V2融合世界标签体系/通用分类标签/行为动作/骑自行车 || 27076:V2融合世界标签体系/通用分类标签/行为动作/骑自行车
骑马,3,25057:V2融合世界标签体系/通用分类标签/行为动作/休闲娱乐动作/骑马 || 26268:V2融合世界标签体系/通用分类标签/行为动作/去/骑马 || 26668:V2融合世界标签体系/通用分类标签/行为动作/旅行/旅程/骑马
高尔夫手套,3,7312:V2融合世界标签体系/通用分类标签/人造物体/体育器材/高尔夫器材/高尔夫手套 || 7893:V2融合世界标签体系/通用分类标签/人造物体/商品/消费品/可穿戴设备/手部穿戴物/手套/高尔夫手套 || 10959:V2融合世界标签体系/通用分类标签/人造物体/覆盖物/可穿戴设备/手部穿戴物/手套/高尔夫手套
高粱,3,21080:V2融合世界标签体系/通用分类标签/植物/农作物/高粱 || 21259:V2融合世界标签体系/通用分类标签/植物/草本竹藤植物/牧草/谷类禾草/小米/高粱 || 29695:V2融合世界标签体系/通用分类标签/食物/调味剂/增甜/糖浆/高粱
鱼塘,3,23939:V2融合世界标签体系/通用分类标签/自然景观/水文水体/湖泊/池/鱼塘 || 23940:V2融合世界标签体系/通用分类标签/自然景观/水文水体/湖泊/池/鱼塘 || 23941:V2融合世界标签体系/通用分类标签/自然景观/水文水体/湖泊/池/鱼塘
鲈鱼,3,9404:V2融合世界标签体系/通用分类标签/人造物体/支持/鲈鱼 || 13334:V2融合世界标签体系/通用分类标签/动物/水生非哺乳生物/硬骨鱼/真骨鱼/棘鳍目鱼/鲈形亚目鱼/鲈鱼 || 30915:V2融合世界标签体系/通用分类标签/属性与状态/声音属性/沥青/鲈鱼
鸡尾酒,3,28803:V2融合世界标签体系/通用分类标签/食物/饮品类/鸡尾酒 || 29560:V2融合世界标签体系/通用分类标签/食物/致醉物/混合饮料/鸡尾酒 || 29752:V2融合世界标签体系/通用分类标签/食物/路线/前菜/鸡尾酒
鸭,3,14074:V2融合世界标签体系/通用分类标签/动物/鸟类/家禽/鸭 || 14075:V2融合世界标签体系/通用分类标签/动物/鸟类/家禽/鸭 || 14672:V2融合世界标签体系/通用分类标签/动物/鸟类/水禽/水禽/雁形目鸟/鸭
黑客,3,2538:V2融合世界标签体系/通用分类标签/人物与人体/参赛者/参与者/高尔夫球员/黑客 || 33068:V2融合世界标签体系/IP 分类标签/真人与人物 IP/科学文化人物/工程师/黑客 || 33069:V2融合世界标签体系/IP 分类标签/真人与人物 IP/科学文化人物/工程师/黑客
CD,2,5716:V2融合世界标签体系/通用分类标签/人造物体/数码 3C 电子/存储设备/光盘/CD || 5721:V2融合世界标签体系/通用分类标签/人造物体/数码 3C 电子/存储设备/唱片/CD
G带,2,7852:V2融合世界标签体系/通用分类标签/人造物体/商品/消费品/可穿戴设备/女装/G带 || 10918:V2融合世界标签体系/通用分类标签/人造物体/覆盖物/可穿戴设备/女装/G带
H类住宅,2,17392:V2融合世界标签体系/通用分类标签/建筑与基础设施/H类住宅 || 17466:V2融合世界标签体系/通用分类标签/建筑与基础设施/住宅/住处/H类住宅
M1加兰德步枪,2,1259:V2融合世界标签体系/通用分类标签/人物与人体/人体部位/手臂/手枪/一件/半自动枪炮/半自动枪械/M1加兰德步枪 || 1286:V2融合世界标签体系/通用分类标签/人物与人体/人体部位/手臂/手枪/一件/来复枪/M1加兰德步枪
MP3播放器,2,29873:V2融合世界标签体系/通用分类标签/声音/MP3播放器 || 29874:V2融合世界标签体系/通用分类标签/声音/MP3播放器
Polo衫,2,8097:V2融合世界标签体系/通用分类标签/人造物体/商品/消费品/可穿戴设备/衣服/衬衣/Polo衫 || 11163:V2融合世界标签体系/通用分类标签/人造物体/覆盖物/可穿戴设备/衣服/衬衣/Polo衫
Sharpie记号笔,2,2493:V2融合世界标签体系/通用分类标签/人物与人体/劳动者/Sharpie记号笔 || 3425:V2融合世界标签体系/通用分类标签/人造物体/办公文具/书写工具/笔/Sharpie记号笔
一些,2,31299:V2融合世界标签体系/通用分类标签/时间数量与度量/一些 || 31338:V2融合世界标签体系/通用分类标签/时间数量与度量/不定量/少量/一些
一包,2,8648:V2融合世界标签体系/通用分类标签/人造物体/容器/包/包装/包裹/包袱/一包 || 9058:V2融合世界标签体系/通用分类标签/人造物体/恢复药/一包
一半,2,31306:V2融合世界标签体系/通用分类标签/时间数量与度量/一定量/复数/实数/有理数/分数/分数/一半 || 31307:V2融合世界标签体系/通用分类标签/时间数量与度量/一定量/复数/实数/有理数/分数/分数/一半
一双,2,25746:V2融合世界标签体系/通用分类标签/行为动作/社交互动动作/聚会/一双 || 25747:V2融合世界标签体系/通用分类标签/行为动作/社交互动动作/聚会/一双/一双
一品脱的量,2,31371:V2融合世界标签体系/通用分类标签/时间数量与度量/体积单位/一品脱的量 || 31373:V2融合世界标签体系/通用分类标签/时间数量与度量/体积单位/液体单位/一品脱的量
一套衣服,2,7937:V2融合世界标签体系/通用分类标签/人造物体/商品/消费品/可穿戴设备/衣服/一套衣服 || 11003:V2融合世界标签体系/通用分类标签/人造物体/覆盖物/可穿戴设备/衣服/一套衣服
一岁动物,2,12170:V2融合世界标签体系/通用分类标签/动物/哺乳动物/马科动物/家马/短尾马/一岁动物 || 12318:V2融合世界标签体系/通用分类标签/动物/哺乳动物/有胎盘的/一岁动物
一把剪刀,2,7434:V2融合世界标签体系/通用分类标签/人造物体/切割器具/切削工具/刃具/一把剪刀 || 8350:V2融合世界标签体系/通用分类标签/人造物体/器具/棒/杠杆/复式杠杆/一把剪刀
一次写入光盘,2,5717:V2融合世界标签体系/通用分类标签/人造物体/数码 3C 电子/存储设备/光盘/CD/一次写入光盘 || 5722:V2融合世界标签体系/通用分类标签/人造物体/数码 3C 电子/存储设备/唱片/CD/一次写入光盘
一种头巾,2,7983:V2融合世界标签体系/通用分类标签/人造物体/商品/消费品/可穿戴设备/衣服/围巾/头巾/头巾/一种头巾 || 11049:V2融合世界标签体系/通用分类标签/人造物体/覆盖物/可穿戴设备/衣服/围巾/头巾/头巾/一种头巾
一种短便服,2,7862:V2融合世界标签体系/通用分类标签/人造物体/商品/消费品/可穿戴设备/女装/女式晨衣/一种短便服 || 10928:V2融合世界标签体系/通用分类标签/人造物体/覆盖物/可穿戴设备/女装/女式晨衣/一种短便服
一种鸟,2,14164:V2融合世界标签体系/通用分类标签/动物/鸟类/涉禽/一种鸟 || 14204:V2融合世界标签体系/通用分类标签/动物/鸟类/涉禽/矶鹬/一种鸟
一级方程式赛车,2,625:V2融合世界标签体系/通用分类标签/交通工具/一级方程式赛车 || 23548:V2融合世界标签体系/通用分类标签/组织机构与社会事件/协会/一级方程式赛车
七分裤,2,8110:V2融合世界标签体系/通用分类标签/人造物体/商品/消费品/可穿戴设备/衣服/裤子/七分裤 || 11176:V2融合世界标签体系/通用分类标签/人造物体/覆盖物/可穿戴设备/衣服/裤子/七分裤
万神殿,2,16866:V2融合世界标签体系/通用分类标签/建筑与基础设施/历史古迹地标/纪念碑/万神殿 || 17047:V2融合世界标签体系/通用分类标签/建筑与基础设施/宗教祭祀建筑/寺庙/万神殿
万能钥匙,2,9227:V2融合世界标签体系/通用分类标签/人造物体/按键/钥匙/万能钥匙 || 9228:V2融合世界标签体系/通用分类标签/人造物体/按键/钥匙/万能钥匙/万能钥匙
万花筒,2,10171:V2融合世界标签体系/通用分类标签/人造物体/玩具/万花筒 || 17437:V2融合世界标签体系/通用分类标签/建筑与基础设施/万花筒
丈夫,2,1994:V2融合世界标签体系/通用分类标签/人物与人体/亲属/伙伴/丈夫 || 2553:V2融合世界标签体系/通用分类标签/人物与人体/同居伴侣/伙伴/丈夫
三件套西装,2,7943:V2融合世界标签体系/通用分类标签/人造物体/商品/消费品/可穿戴设备/衣服/一套衣服/商务西装/三件套西装 || 11009:V2融合世界标签体系/通用分类标签/人造物体/覆盖物/可穿戴设备/衣服/一套衣服/商务西装/三件套西装
三叶天南星,2,22391:V2融合世界标签体系/通用分类标签/植物/草本植物/天南星属植物/三叶天南星 || 22392:V2融合世界标签体系/通用分类标签/植物/草本植物/天南星属植物/三叶天南星
三叶草饰,2,22235:V2融合世界标签体系/通用分类标签/植物/草本植物/三叶草/三叶草饰 || 22636:V2融合世界标签体系/通用分类标签/植物/草本植物/酢浆草/三叶草饰
三文鱼,2,13220:V2融合世界标签体系/通用分类标签/动物/水生非哺乳生物/硬骨鱼/三文鱼 || 29857:V2融合世界标签体系/通用分类标签/食物/食用鱼肉/三文鱼
三明治,2,27109:V2融合世界标签体系/通用分类标签/食物/中式主食面点/三明治 || 28989:V2融合世界标签体系/通用分类标签/食物/一道菜/零食/三明治
三疣梭子蟹,2,15192:V2融合世界标签体系/通用分类标签/动物/无脊椎动物/节肢动物/介虫/十足目动物/螃蟹/三疣梭子蟹 || 15193:V2融合世界标签体系/通用分类标签/动物/无脊椎动物/节肢动物/介虫/十足目动物/螃蟹/三疣梭子蟹/三疣梭子蟹
三角内裤,2,7960:V2融合世界标签体系/通用分类标签/人造物体/商品/消费品/可穿戴设备/衣服/不可言说之物/内裤/三角内裤 || 11026:V2融合世界标签体系/通用分类标签/人造物体/覆盖物/可穿戴设备/衣服/不可言说之物/内裤/三角内裤
三角旗,2,19584:V2融合世界标签体系/通用分类标签/文字与信息图形/信号/代号/奖项/三角旗 || 19618:V2融合世界标签体系/通用分类标签/文字与信息图形/信号/视觉信号/旗帜/三角旗
上层甲板,2,10669:V2融合世界标签体系/通用分类标签/人造物体/表面/水平仪/平台/平台/上层甲板 || 10670:V2融合世界标签体系/通用分类标签/人造物体/表面/水平仪/平台/平台/上层甲板
上层鳉鱼,2,13396:V2融合世界标签体系/通用分类标签/动物/水生非哺乳生物/硬骨鱼/真骨鱼/软鳍鱼/鲤形目鱼类/上层鳉鱼 || 13415:V2融合世界标签体系/通用分类标签/动物/水生非哺乳生物/硬骨鱼/真骨鱼/软鳍鱼/鲤形目鱼类/鳉形鱼/上层鳉鱼
上帝,2,626:V2融合世界标签体系/通用分类标签/交通工具/上帝 || 2097:V2融合世界标签体系/通用分类标签/人物与人体/会长/贵族/男性贵族/上帝
上衣,2,7853:V2融合世界标签体系/通用分类标签/人造物体/商品/消费品/可穿戴设备/女装/上衣 || 10919:V2融合世界标签体系/通用分类标签/人造物体/覆盖物/可穿戴设备/女装/上衣
下降,2,25903:V2融合世界标签体系/通用分类标签/行为动作/下降 || 30720:V2融合世界标签体系/通用分类标签/属性与状态/三维形状/中央凹陷/凹陷/下降
不动产,2,30738:V2融合世界标签体系/通用分类标签/属性与状态/不动产 || 30739:V2融合世界标签体系/通用分类标签/属性与状态/不动产/不动产
不可言说之物,2,7947:V2融合世界标签体系/通用分类标签/人造物体/商品/消费品/可穿戴设备/衣服/不可言说之物 || 11013:V2融合世界标签体系/通用分类标签/人造物体/覆盖物/可穿戴设备/衣服/不可言说之物
不吸烟者,2,265:V2融合世界标签体系/通用分类标签/交通工具/畜力与传统载具/马车/不吸烟者 || 1914:V2融合世界标签体系/通用分类标签/人物与人体/不吸烟者
不情愿,2,30753:V2融合世界标签体系/通用分类标签/属性与状态/个性/不情愿 || 30754:V2融合世界标签体系/通用分类标签/属性与状态/个性/不情愿/不情愿
专员,2,1391:V2融合世界标签体系/通用分类标签/人物与人体/人物关系与群体/同事/会员/专员 || 1925:V2融合世界标签体系/通用分类标签/人物与人体/专家/专家/专员
东王霸鹟,2,14833:V2融合世界标签体系/通用分类标签/动物/鸟类/雀形目鸟类/霸鹟科鸟类/新世界霸鹟/东王霸鹟 || 14834:V2融合世界标签体系/通用分类标签/动物/鸟类/雀形目鸟类/霸鹟科鸟类/新世界霸鹟/东王霸鹟/东王霸鹟
丝绒,2,7654:V2融合世界标签体系/通用分类标签/人造物体/台布/丝绒 || 7655:V2融合世界标签体系/通用分类标签/人造物体/台布/丝绒
丝袜,2,8191:V2融合世界标签体系/通用分类标签/人造物体/商品/消费品/可穿戴设备/鞋子/袜类/长筒袜/丝袜 || 11257:V2融合世界标签体系/通用分类标签/人造物体/覆盖物/可穿戴设备/鞋子/袜类/长筒袜/丝袜
丧服,2,7813:V2融合世界标签体系/通用分类标签/人造物体/商品/消费品/可穿戴设备/丧服 || 10879:V2融合世界标签体系/通用分类标签/人造物体/覆盖物/可穿戴设备/丧服
个人护理,2,25712:V2融合世界标签体系/通用分类标签/行为动作/社交互动动作/照护/个人护理 || 25713:V2融合世界标签体系/通用分类标签/行为动作/社交互动动作/照护/个人护理
个人漂浮装置,2,1948:V2融合世界标签体系/通用分类标签/人物与人体/个人漂浮装置 || 7016:V2融合世界标签体系/通用分类标签/人造物体/个人漂浮装置
个性,2,30752:V2融合世界标签体系/通用分类标签/属性与状态/个性 || 30762:V2融合世界标签体系/通用分类标签/属性与状态/个性
中国结,2,3374:V2融合世界标签体系/通用分类标签/人造物体/五金工具/紧固件/结/中国结 || 7017:V2融合世界标签体系/通用分类标签/人造物体/中国结
中士,2,2360:V2融合世界标签体系/通用分类标签/人物与人体/劳动者/技术工人/军事人员群体/军官/士官/中士 || 2656:V2融合世界标签体系/通用分类标签/人物与人体/大人/专业人员/律师/出庭律师/中士
中央,2,31969:V2融合世界标签体系/通用分类标签/知识与学科/中央 || 31970:V2融合世界标签体系/通用分类标签/知识与学科/中央
中央处理器,2,10304:V2融合世界标签体系/通用分类标签/人造物体/电力设备/电路/计算机电路/印刷电路/卡片/中央处理器 || 10358:V2融合世界标签体系/通用分类标签/人造物体/电子设备/中央处理器
中庭,2,17652:V2融合世界标签体系/通用分类标签/建筑与基础设施/区/天井/中庭 || 18208:V2融合世界标签体系/通用分类标签/建筑与基础设施/空腔/房间/中庭
中心,2,17449:V2融合世界标签体系/通用分类标签/建筑与基础设施/中心 || 18076:V2融合世界标签体系/通用分类标签/建筑与基础设施/机构/商业机构/商业机构/中心
中提琴,2,3210:V2融合世界标签体系/通用分类标签/人造物体/中西乐器/弦乐器/弓弦乐器/中提琴 || 22244:V2融合世界标签体系/通用分类标签/植物/草本植物/中提琴
中断,2,25911:V2融合世界标签体系/通用分类标签/行为动作/中断 || 25912:V2融合世界标签体系/通用分类标签/行为动作/中断
中耕机,2,2282:V2融合世界标签体系/通用分类标签/人物与人体/创造者/农场主/中耕机 || 9609:V2融合世界标签体系/通用分类标签/人造物体/机器/农业机器/中耕机
主唱,2,33144:V2融合世界标签体系/IP 分类标签/真人与人物 IP/音乐艺人/歌手/主唱 || 33145:V2融合世界标签体系/IP 分类标签/真人与人物 IP/音乐艺人/歌手/主唱
主教座堂,2,17060:V2融合世界标签体系/通用分类标签/建筑与基础设施/宗教祭祀建筑/教堂/主教座堂 || 17061:V2融合世界标签体系/通用分类标签/建筑与基础设施/宗教祭祀建筑/教堂/主教座堂
主教练,2,2064:V2融合世界标签体系/通用分类标签/人物与人体/会长/教练/主教练 || 25914:V2融合世界标签体系/通用分类标签/行为动作/主教练
主板,2,633:V2融合世界标签体系/通用分类标签/交通工具/主板 || 7019:V2融合世界标签体系/通用分类标签/人造物体/主板
主管,2,1393:V2融合世界标签体系/通用分类标签/人物与人体/人物关系与群体/同事/会员/委员会成员/主管 || 2038:V2融合世界标签体系/通用分类标签/人物与人体/会长/主管
主菜,2,28814:V2融合世界标签体系/通用分类标签/食物/一道菜/主菜 || 29744:V2融合世界标签体系/通用分类标签/食物/路线/主菜
丽蝇,2,15228:V2融合世界标签体系/通用分类标签/动物/无脊椎动物/节肢动物/昆虫/双翅昆虫/苍蝇/丽蝇 || 15229:V2融合世界标签体系/通用分类标签/动物/无脊椎动物/节肢动物/昆虫/双翅昆虫/苍蝇/丽蝇/丽蝇
丽龟,2,13834:V2融合世界标签体系/通用分类标签/动物/爬行动物/龟鳖类/乌龟/海龟/丽龟 || 13835:V2融合世界标签体系/通用分类标签/动物/爬行动物/龟鳖类/乌龟/海龟/丽龟/丽龟
乌头,2,21970:V2融合世界标签体系/通用分类标签/植物/有毒植物/乌头 || 21971:V2融合世界标签体系/通用分类标签/植物/有毒植物/乌头/乌头
乌贼,2,15473:V2融合世界标签体系/通用分类标签/动物/无脊椎动物/贝类水产/头足类/十腕亚目动物/乌贼 || 15474:V2融合世界标签体系/通用分类标签/动物/无脊椎动物/贝类水产/头足类/十腕亚目动物/乌贼
乌鸦,2,14506:V2融合世界标签体系/通用分类标签/动物/鸟类/鸣禽/鸦科鸟类/乌鸦 || 15033:V2融合世界标签体系/通用分类标签/动物/乌鸦
乌鸫,2,14386:V2融合世界标签体系/通用分类标签/动物/鸟类/鸣禽/新世界拟鹂/乌鸫 || 14521:V2融合世界标签体系/通用分类标签/动物/鸟类/鸣禽/鸫/乌鸫
乐团,2,23630:V2融合世界标签体系/通用分类标签/组织机构与社会事件/音乐组织/乐团 || 23632:V2融合世界标签体系/通用分类标签/组织机构与社会事件/音乐组织/乐团
乒乓球台,2,7233:V2融合世界标签体系/通用分类标签/人造物体/体育器材/乒乓球台 || 9779:V2融合世界标签体系/通用分类标签/人造物体/桌子/乒乓球台
乔木,2,20106:V2融合世界标签体系/通用分类标签/植物/乔木灌木林木/乔木 || 20109:V2融合世界标签体系/通用分类标签/植物/乔木灌木林木/乔木/乔木
乔派伊草,2,22256:V2融合世界标签体系/通用分类标签/植物/草本植物/乔派伊草 || 22257:V2融合世界标签体系/通用分类标签/植物/草本植物/乔派伊草
乘坐,2,634:V2融合世界标签体系/通用分类标签/交通工具/乘坐 || 9494:V2融合世界标签体系/通用分类标签/人造物体/机制/机械装置/乘坐
乘船游览,2,26660:V2融合世界标签体系/通用分类标签/行为动作/旅行/旅程/乘船游览 || 26673:V2融合世界标签体系/通用分类标签/行为动作/旅行/水路旅行/海上旅行/乘船游览
习惯,2,7895:V2融合世界标签体系/通用分类标签/人造物体/商品/消费品/可穿戴设备/打扮/习惯 || 10961:V2融合世界标签体系/通用分类标签/人造物体/覆盖物/可穿戴设备/打扮/习惯
乡村别墅,2,17393:V2融合世界标签体系/通用分类标签/建筑与基础设施/H类住宅/乡村别墅 || 17467:V2融合世界标签体系/通用分类标签/建筑与基础设施/住宅/住处/H类住宅/乡村别墅
乡间小屋,2,17397:V2融合世界标签体系/通用分类标签/建筑与基础设施/H类住宅/乡间小屋 || 17471:V2融合世界标签体系/通用分类标签/建筑与基础设施/住宅/住处/H类住宅/乡间小屋
书信,2,19493:V2融合世界标签体系/通用分类标签/文字与信息图形/书信 || 19503:V2融合世界标签体系/通用分类标签/文字与信息图形/书面交流/原文/书信
书写,2,25250:V2融合世界标签体系/通用分类标签/行为动作/工作学习动作/书写 || 25918:V2融合世界标签体系/通用分类标签/行为动作/书写
书包,2,3442:V2融合世界标签体系/通用分类标签/人造物体/办公文具/书包 || 8605:V2融合世界标签体系/通用分类标签/人造物体/容器/包/书包
书架,2,7171:V2融合世界标签体系/通用分类标签/人造物体/书架 || 9339:V2融合世界标签体系/通用分类标签/人造物体/支持/搁板/书架
书桌,2,4753:V2融合世界标签体系/通用分类标签/人造物体/家具大件/书桌 || 9780:V2融合世界标签体系/通用分类标签/人造物体/桌子/书桌
书法,2,18624:V2融合世界标签体系/通用分类标签/文化艺术与媒介/视觉艺术/书法 || 25797:V2融合世界标签体系/通用分类标签/行为动作/艺术表演动作/书法
书面协议,2,19901:V2融合世界标签体系/通用分类标签/文字与信息图形/法律文件/书面协议 || 19999:V2融合世界标签体系/通用分类标签/文字与信息图形/陈述/协定/书面协议
乳液,2,9885:V2融合世界标签体系/通用分类标签/人造物体/洗漱用品/乳液 || 31644:V2融合世界标签体系/通用分类标签/材料与物质/分泌液/乳液
争夺,2,25923:V2融合世界标签体系/通用分类标签/行为动作/争夺 || 25924:V2融合世界标签体系/通用分类标签/行为动作/争夺/争夺
事业,2,637:V2融合世界标签体系/通用分类标签/交通工具/事业 || 18731:V2融合世界标签体系/通用分类标签/文化艺术与媒介/事业
事故,2,25926:V2融合世界标签体系/通用分类标签/行为动作/事故 || 26470:V2融合世界标签体系/通用分类标签/行为动作/意外事故/事故
二极管,2,8933:V2融合世界标签体系/通用分类标签/人造物体/导体/半导体/二极管 || 10339:V2融合世界标签体系/通用分类标签/人造物体/电子器件/热电子真空管/二极管
二趾树懒,2,12584:V2融合世界标签体系/通用分类标签/动物/哺乳动物/有胎盘的/贫齿类动物/树懒/二趾树懒 || 12585:V2融合世界标签体系/通用分类标签/动物/哺乳动物/有胎盘的/贫齿类动物/树懒/二趾树懒
云杉,2,20027:V2融合世界标签体系/通用分类标签/植物/乔木灌木林木/针叶树/云杉 || 31795:V2融合世界标签体系/通用分类标签/材料与物质/植物材料/木/云杉
五,2,30778:V2融合世界标签体系/通用分类标签/属性与状态/五 || 31318:V2融合世界标签体系/通用分类标签/时间数量与度量/一定量/整数/手指/五
五月甲虫,2,15281:V2融合世界标签体系/通用分类标签/动物/无脊椎动物/节肢动物/昆虫/甲虫/鳃角金龟/金龟子/五月甲虫 || 15288:V2融合世界标签体系/通用分类标签/动物/无脊椎动物/节肢动物/昆虫/甲虫/鳃角金龟/金龟子/鳃角金龟/五月甲虫
五色草,2,22268:V2融合世界标签体系/通用分类标签/植物/草本植物/五色草 || 22269:V2融合世界标签体系/通用分类标签/植物/草本植物/五色草/五色草
井筒,2,9231:V2融合世界标签体系/通用分类标签/人造物体/挖掘/井筒 || 11542:V2融合世界标签体系/通用分类标签/人造物体/道路/通道/井筒
亚洲寺庙,2,17048:V2融合世界标签体系/通用分类标签/建筑与基础设施/宗教祭祀建筑/寺庙/亚洲寺庙 || 17049:V2融合世界标签体系/通用分类标签/建筑与基础设施/宗教祭祀建筑/寺庙/亚洲寺庙
交通信号灯,2,645:V2融合世界标签体系/通用分类标签/交通工具/交通信号灯 || 19616:V2融合世界标签体系/通用分类标签/文字与信息图形/信号/视觉信号/交通信号灯
交通拥堵,2,646:V2融合世界标签体系/通用分类标签/交通工具/交通拥堵 || 647:V2融合世界标签体系/通用分类标签/交通工具/交通拥堵
交通标志,2,19858:V2融合世界标签体系/通用分类标签/文字与信息图形/标志/交通标志 || 19871:V2融合世界标签体系/通用分类标签/文字与信息图形/标志/道路标志/交通标志
交通运输,2,638:V2融合世界标签体系/通用分类标签/交通工具/事业/交通运输 || 10701:V2融合世界标签体系/通用分类标签/人造物体/装置/交通运输
产品,2,7806:V2融合世界标签体系/通用分类标签/人造物体/商品/产品 || 18739:V2融合世界标签体系/通用分类标签/文化艺术与媒介/产品
亮度,2,30781:V2融合世界标签体系/通用分类标签/属性与状态/亮度 || 31240:V2融合世界标签体系/通用分类标签/属性与状态/视觉属性/亮度
亲属,2,1972:V2融合世界标签体系/通用分类标签/人物与人体/亲属 || 1991:V2融合世界标签体系/通用分类标签/人物与人体/亲属/亲属
亲笔签名,2,2025:V2融合世界标签体系/通用分类标签/人物与人体/亲笔签名 || 19498:V2融合世界标签体系/通用分类标签/文字与信息图形/书面交流/亲笔签名
人,2,12520:V2融合世界标签体系/通用分类标签/动物/哺乳动物/有胎盘的/灵长目/人科动物/人 || 12521:V2融合世界标签体系/通用分类标签/动物/哺乳动物/有胎盘的/灵长目/人科动物/人/人
人体模型,2,2325:V2融合世界标签体系/通用分类标签/人物与人体/劳动者/助手/人体模型 || 19076:V2融合世界标签体系/通用分类标签/文化艺术与媒介/表征/仿真/人物/人体模型
人心果,2,20111:V2融合世界标签体系/通用分类标签/植物/乔木灌木林木/乔木/人心果 || 29175:V2融合世界标签体系/通用分类标签/食物/农产品/食用水果/人心果
人物雕塑,2,2026:V2融合世界标签体系/通用分类标签/人物与人体/人物雕塑 || 18639:V2融合世界标签体系/通用分类标签/文化艺术与媒介/视觉艺术/雕塑/人物雕塑
人群,2,2027:V2融合世界标签体系/通用分类标签/人物与人体/人群 || 30110:V2融合世界标签体系/通用分类标签/声音/人类群体行为/人群
仔细考虑,2,24226:V2融合世界标签体系/通用分类标签/自然景观/天然高地/前陆/仔细考虑 || 26458:V2融合世界标签体系/通用分类标签/行为动作/思索/仔细考虑
付款,2,25931:V2融合世界标签体系/通用分类标签/行为动作/交易/付款 || 31993:V2融合世界标签体系/通用分类标签/知识与学科/付款
仙客来,2,21613:V2融合世界标签体系/通用分类标签/植物/显花植物/开花植物/开花植物/仙客来 || 21614:V2融合世界标签体系/通用分类标签/植物/显花植物/开花植物/开花植物/仙客来
代理人,2,2123:V2融合世界标签体系/通用分类标签/人物与人体/传播者/谈判者/代表/代理人 || 3108:V2融合世界标签体系/通用分类标签/人物与人体/资本家/商业人士/代理人
代码,2,19519:V2融合世界标签体系/通用分类标签/文字与信息图形/书面交流/手写/字迹/编码系统/代码 || 19525:V2融合世界标签体系/通用分类标签/文字与信息图形/书面交流/手写/字迹/编码系统/代码
代表,2,2122:V2融合世界标签体系/通用分类标签/人物与人体/传播者/谈判者/代表 || 2256:V2融合世界标签体系/通用分类标签/人物与人体/倡导者/代言人/代表
仪器,2,7021:V2融合世界标签体系/通用分类标签/人造物体/乐器/器械/仪器 || 7185:V2融合世界标签体系/通用分类标签/人造物体/仪器
仪式主持人,2,2029:V2融合世界标签体系/通用分类标签/人物与人体/仪式主持人 || 2079:V2融合世界标签体系/通用分类标签/人物与人体/会长/精神领袖/牧师/仪式主持人
仪表板,2,10752:V2融合世界标签体系/通用分类标签/人造物体/覆盖物/保护/仪表板 || 19327:V2融合世界标签体系/通用分类标签/文字与信息图形/数字界面/控制面板/仪表板
任职者,2,2453:V2融合世界标签体系/通用分类标签/人物与人体/劳动者/职员/任职者 || 2767:V2融合世界标签体系/通用分类标签/人物与人体/所有者/容器/任职者
仿和服晨衣,2,8136:V2融合世界标签体系/通用分类标签/人造物体/商品/消费品/可穿戴设备/衣服/长袍/仿和服晨衣 || 11202:V2融合世界标签体系/通用分类标签/人造物体/覆盖物/可穿戴设备/衣服/长袍/仿和服晨衣
企业,2,23275:V2融合世界标签体系/通用分类标签/组织机构与社会事件/组织机构/企业 || 23501:V2融合世界标签体系/通用分类标签/组织机构与社会事件/企业
休会期,2,17605:V2融合世界标签体系/通用分类标签/建筑与基础设施/区/围场/休会期 || 24102:V2融合世界标签体系/通用分类标签/自然景观/休会期
休假,2,31425:V2融合世界标签体系/通用分类标签/时间数量与度量/基本量/一段时间/休假时间/休假 || 31428:V2融合世界标签体系/通用分类标签/时间数量与度量/基本量/一段时间/休假时间/闲暇/休假
休息室,2,17666:V2融合世界标签体系/通用分类标签/建筑与基础设施/区/室/休息室 || 17667:V2融合世界标签体系/通用分类标签/建筑与基础设施/区/室/休息室
休闲服,2,7814:V2融合世界标签体系/通用分类标签/人造物体/商品/消费品/可穿戴设备/休闲服 || 10880:V2融合世界标签体系/通用分类标签/人造物体/覆盖物/可穿戴设备/休闲服
休闲西装上衣,2,7997:V2融合世界标签体系/通用分类标签/人造物体/商品/消费品/可穿戴设备/衣服/外衣/外套/夹克/休闲西装上衣 || 11063:V2融合世界标签体系/通用分类标签/人造物体/覆盖物/可穿戴设备/衣服/外衣/外套/夹克/休闲西装上衣
休闲长袍,2,8137:V2融合世界标签体系/通用分类标签/人造物体/商品/消费品/可穿戴设备/衣服/长袍/休闲长袍 || 11203:V2融合世界标签体系/通用分类标签/人造物体/覆盖物/可穿戴设备/衣服/长袍/休闲长袍
休闲长裤,2,8111:V2融合世界标签体系/通用分类标签/人造物体/商品/消费品/可穿戴设备/衣服/裤子/休闲长裤 || 11177:V2融合世界标签体系/通用分类标签/人造物体/覆盖物/可穿戴设备/衣服/裤子/休闲长裤
休闲长裤套装,2,7938:V2融合世界标签体系/通用分类标签/人造物体/商品/消费品/可穿戴设备/衣服/一套衣服/休闲长裤套装 || 11004:V2融合世界标签体系/通用分类标签/人造物体/覆盖物/可穿戴设备/衣服/一套衣服/休闲长裤套装
优胜者,2,2524:V2融合世界标签体系/通用分类标签/人物与人体/参赛者/优胜者 || 2540:V2融合世界标签体系/通用分类标签/人物与人体/参赛者/挑战者/优胜者
伙伴,2,1993:V2融合世界标签体系/通用分类标签/人物与人体/亲属/伙伴 || 2552:V2融合世界标签体系/通用分类标签/人物与人体/同居伴侣/伙伴
会堂,2,17460:V2融合世界标签体系/通用分类标签/建筑与基础设施/会堂 || 17669:V2融合世界标签体系/通用分类标签/建筑与基础设施/区/室/会堂
伞,2,10811:V2融合世界标签体系/通用分类标签/人造物体/覆盖物/保护/庇护所/华盖/伞 || 10812:V2融合世界标签体系/通用分类标签/人造物体/覆盖物/保护/庇护所/华盖/伞/伞
伞兵跳伞服,2,7976:V2融合世界标签体系/通用分类标签/人造物体/商品/消费品/可穿戴设备/衣服/伞兵跳伞服 || 11042:V2融合世界标签体系/通用分类标签/人造物体/覆盖物/可穿戴设备/衣服/伞兵跳伞服
伞裙,2,8050:V2融合世界标签体系/通用分类标签/人造物体/商品/消费品/可穿戴设备/衣服/女裙/伞裙 || 11116:V2融合世界标签体系/通用分类标签/人造物体/覆盖物/可穿戴设备/衣服/女裙/伞裙
传动系统,2,9589:V2融合世界标签体系/通用分类标签/人造物体/机制/齿轮/传动系统 || 26039:V2融合世界标签体系/通用分类标签/行为动作/传动系统
传动轴,2,8308:V2融合世界标签体系/通用分类标签/人造物体/器具/杆/旋转轴/传动轴 || 8309:V2融合世界标签体系/通用分类标签/人造物体/器具/杆/旋转轴/传动轴
传染病,2,31049:V2融合世界标签体系/通用分类标签/属性与状态/形势/生理状态/病理状态/不健康/生病/传染性疾病/传染病 || 31050:V2融合世界标签体系/通用分类标签/属性与状态/形势/生理状态/病理状态/不健康/生病/传染性疾病/传染病/传染病
传真,2,7202:V2融合世界标签体系/通用分类标签/人造物体/仪器/复制机/传真 || 26041:V2融合世界标签体系/通用分类标签/行为动作/传真
传送带,2,31211:V2融合世界标签体系/通用分类标签/属性与状态/线/曲线/封闭曲线/简单封闭性状/圈/传送带 || 31212:V2融合世界标签体系/通用分类标签/属性与状态/线/曲线/封闭曲线/简单封闭性状/圈/传送带/传送带
伤口,2,31038:V2融合世界标签体系/通用分类标签/属性与状态/形势/生理状态/病理状态/不健康/伤害/伤口 || 31039:V2融合世界标签体系/通用分类标签/属性与状态/形势/生理状态/病理状态/不健康/伤害/伤口/伤口
伤害,2,26380:V2融合世界标签体系/通用分类标签/行为动作/完整性变化/伤害 || 31036:V2融合世界标签体系/通用分类标签/属性与状态/形势/生理状态/病理状态/不健康/伤害
伤风,2,31052:V2融合世界标签体系/通用分类标签/属性与状态/形势/生理状态/病理状态/不健康/生病/传染性疾病/伤风 || 31054:V2融合世界标签体系/通用分类标签/属性与状态/形势/生理状态/病理状态/不健康/生病/呼吸疾病/伤风
伸出,2,26046:V2融合世界标签体系/通用分类标签/行为动作/伸出 || 26048:V2融合世界标签体系/通用分类标签/行为动作/伸出
伸展,2,26049:V2融合世界标签体系/通用分类标签/行为动作/伸展 || 31100:V2融合世界标签体系/通用分类标签/属性与状态/无定形/广阔区域/伸展
位置,2,30999:V2融合世界标签体系/通用分类标签/属性与状态/形势/位置 || 31953:V2融合世界标签体系/通用分类标签/知识与学科/一块土地/位置
低音吉他,2,3202:V2融合世界标签体系/通用分类标签/人造物体/中西乐器/弦乐器/六弦琴/低音吉他 || 29911:V2融合世界标签体系/通用分类标签/声音/乐器/拨弦乐器/吉他/低音吉他
低音提琴,2,3212:V2融合世界标签体系/通用分类标签/人造物体/中西乐器/弦乐器/弓弦乐器/低音提琴 || 29883:V2融合世界标签体系/通用分类标签/声音/乐器/弓弦乐器/低音提琴
住宅区,2,17540:V2融合世界标签体系/通用分类标签/建筑与基础设施/住宅区 || 17541:V2融合世界标签体系/通用分类标签/建筑与基础设施/住宅区
住房,2,10223:V2融合世界标签体系/通用分类标签/人造物体/用具/平头钉/住房 || 10753:V2融合世界标签体系/通用分类标签/人造物体/覆盖物/保护/住房
体育,2,2213:V2融合世界标签体系/通用分类标签/人物与人体/体育 || 25945:V2融合世界标签体系/通用分类标签/行为动作/休养/体育
体育协会,2,23510:V2融合世界标签体系/通用分类标签/组织机构与社会事件/体育协会 || 26062:V2融合世界标签体系/通用分类标签/行为动作/体育协会
体育运动,2,1634:V2融合世界标签体系/通用分类标签/人物与人体/职业身份/运动员/体育运动 || 26423:V2融合世界标签体系/通用分类标签/行为动作/岗位/体育运动
体重秤,2,7089:V2融合世界标签体系/通用分类标签/人造物体/乐器/器械/仪器/秤/体重秤 || 31486:V2融合世界标签体系/通用分类标签/时间数量与度量/度量/体重秤
作品,2,18778:V2融合世界标签体系/通用分类标签/文化艺术与媒介/作品 || 30816:V2融合世界标签体系/通用分类标签/属性与状态/作品
作战服,2,7818:V2融合世界标签体系/通用分类标签/人造物体/商品/消费品/可穿戴设备/制服/军服/作战服 || 10884:V2融合世界标签体系/通用分类标签/人造物体/覆盖物/可穿戴设备/制服/军服/作战服
作曲,2,19174:V2融合世界标签体系/通用分类标签/文化艺术与媒介/通过心智活动创造/作曲 || 30130:V2融合世界标签体系/通用分类标签/声音/作曲
作训服,2,7819:V2融合世界标签体系/通用分类标签/人造物体/商品/消费品/可穿戴设备/制服/军服/作训服 || 10885:V2融合世界标签体系/通用分类标签/人造物体/覆盖物/可穿戴设备/制服/军服/作训服
使聚拢,2,2230:V2融合世界标签体系/通用分类标签/人物与人体/使聚拢 || 26104:V2融合世界标签体系/通用分类标签/行为动作/使聚拢
供应,2,26106:V2融合世界标签体系/通用分类标签/行为动作/供应 || 31333:V2融合世界标签体系/通用分类标签/时间数量与度量/不定量/供应
供膳食的寄宿处,2,17410:V2融合世界标签体系/通用分类标签/建筑与基础设施/H类住宅/供膳食的寄宿处 || 17484:V2融合世界标签体系/通用分类标签/建筑与基础设施/住宅/住处/H类住宅/供膳食的寄宿处
依附,2,26110:V2融合世界标签体系/通用分类标签/行为动作/依附 || 26111:V2融合世界标签体系/通用分类标签/行为动作/依附
侧柏,2,20035:V2融合世界标签体系/通用分类标签/植物/乔木灌木林木/针叶树/侧柏 || 20036:V2融合世界标签体系/通用分类标签/植物/乔木灌木林木/针叶树/侧柏/侧柏
便利设施,2,7317:V2融合世界标签体系/通用分类标签/人造物体/便利设施 || 7319:V2融合世界标签体系/通用分类标签/人造物体/便利设施
便携式电池,2,10291:V2融合世界标签体系/通用分类标签/人造物体/电力设备/电池/便携式电池 || 10292:V2融合世界标签体系/通用分类标签/人造物体/电力设备/电池/便携式电池
便服,2,7815:V2融合世界标签体系/通用分类标签/人造物体/商品/消费品/可穿戴设备/便服 || 10881:V2融合世界标签体系/通用分类标签/人造物体/覆盖物/可穿戴设备/便服
便礼服上衣,2,7998:V2融合世界标签体系/通用分类标签/人造物体/商品/消费品/可穿戴设备/衣服/外衣/外套/夹克/便礼服上衣 || 11064:V2融合世界标签体系/通用分类标签/人造物体/覆盖物/可穿戴设备/衣服/外衣/外套/夹克/便礼服上衣
俄国的乡间邸宅,2,17394:V2融合世界标签体系/通用分类标签/建筑与基础设施/H类住宅/乡村别墅/俄国的乡间邸宅 || 17468:V2融合世界标签体系/通用分类标签/建筑与基础设施/住宅/住处/H类住宅/乡村别墅/俄国的乡间邸宅
保护,2,10749:V2融合世界标签体系/通用分类标签/人造物体/覆盖物/保护 || 26113:V2融合世界标签体系/通用分类标签/行为动作/保护
保暖长内衣,2,7952:V2融合世界标签体系/通用分类标签/人造物体/商品/消费品/可穿戴设备/衣服/不可言说之物/内衣/保暖长内衣 || 11018:V2融合世界标签体系/通用分类标签/人造物体/覆盖物/可穿戴设备/衣服/不可言说之物/内衣/保暖长内衣
保温杯,2,4342:V2融合世界标签体系/通用分类标签/人造物体/厨房餐厨用品/餐具/陶瓷餐具/杯/保温杯 || 4378:V2融合世界标签体系/通用分类标签/人造物体/厨房餐厨用品/保温杯
保温瓶,2,8731:V2融合世界标签体系/通用分类标签/人造物体/容器/器皿/瓶/烧瓶/保温瓶 || 8732:V2融合世界标签体系/通用分类标签/人造物体/容器/器皿/瓶/烧瓶/保温瓶/保温瓶
保险气袋,2,8606:V2融合世界标签体系/通用分类标签/人造物体/容器/包/保险气袋 || 10502:V2融合世界标签体系/通用分类标签/人造物体/约束/保险气袋
保鲜膜,2,10861:V2融合世界标签体系/通用分类标签/人造物体/覆盖物/包装/保鲜膜 || 10862:V2融合世界标签体系/通用分类标签/人造物体/覆盖物/包装/保鲜膜/保鲜膜
保龄球运动,2,24784:V2融合世界标签体系/通用分类标签/行为动作/休闲娱乐动作/游戏/保龄球运动 || 26119:V2融合世界标签体系/通用分类标签/行为动作/保龄球运动
信箱,2,9030:V2融合世界标签体系/通用分类标签/人造物体/开口/狭缝/投币口/信箱 || 10711:V2融合世界标签体系/通用分类标签/人造物体/装置/保管人/储藏所/邮件投递点/信箱
修剪,2,26121:V2融合世界标签体系/通用分类标签/行为动作/修剪 || 26122:V2融合世界标签体系/通用分类标签/行为动作/修剪/修剪
修枝剪刀,2,7436:V2融合世界标签体系/通用分类标签/人造物体/切割器具/切削工具/刃具/一把剪刀/大剪刀/修枝剪刀 || 8352:V2融合世界标签体系/通用分类标签/人造物体/器具/棒/杠杆/复式杠杆/一把剪刀/大剪刀/修枝剪刀
修饰,2,10071:V2融合世界标签体系/通用分类标签/人造物体/点缀/修饰 || 30819:V2融合世界标签体系/通用分类标签/属性与状态/修饰
倒挂金钟,2,20557:V2融合世界标签体系/通用分类标签/植物/乔木灌木林木/灌木/倒挂金钟 || 22278:V2融合世界标签体系/通用分类标签/植物/草本植物/倒挂金钟
倒立,2,18757:V2融合世界标签体系/通用分类标签/文化艺术与媒介/体育锻炼/体操练习/倒立 || 18758:V2融合世界标签体系/通用分类标签/文化艺术与媒介/体育锻炼/体操练习/倒立
倾向,2,18780:V2融合世界标签体系/通用分类标签/文化艺术与媒介/倾向 || 26129:V2融合世界标签体系/通用分类标签/行为动作/倾向
假主教帽花,2,21894:V2融合世界标签体系/通用分类标签/植物/显花植物/开花植物/野花/假主教帽花 || 22279:V2融合世界标签体系/通用分类标签/植物/草本植物/假主教帽花
假松露,2,22982:V2融合世界标签体系/通用分类标签/真菌与微生物/菌类/假松露 || 22984:V2融合世界标签体系/通用分类标签/真菌与微生物/菌类/假松露
假果,2,24357:V2融合世界标签体系/通用分类标签/自然景观/植物结构/植物器官/生殖结构/果子/假果 || 24358:V2融合世界标签体系/通用分类标签/自然景观/植物结构/植物器官/生殖结构/果子/假果
假靛蓝,2,20498:V2融合世界标签体系/通用分类标签/植物/乔木灌木林木/假靛蓝 || 20621:V2融合世界标签体系/通用分类标签/植物/乔木灌木林木/灌木/棉条/假靛蓝
停车,2,652:V2融合世界标签体系/通用分类标签/交通工具/停车 || 27034:V2融合世界标签体系/通用分类标签/行为动作/选择/决定/机动动作/停车
健身训练,2,15623:V2融合世界标签体系/通用分类标签/场景/体育娱乐场景/健身训练 || 25067:V2融合世界标签体系/通用分类标签/行为动作/体育运动动作/健身训练
健身课程,2,26139:V2融合世界标签体系/通用分类标签/行为动作/健身课程 || 26989:V2融合世界标签体系/通用分类标签/行为动作/课/健身课程
傍晚天空,2,31999:V2融合世界标签体系/通用分类标签/知识与学科/傍晚天空 || 32000:V2融合世界标签体系/通用分类标签/知识与学科/傍晚天空
储蓄罐,2,16975:V2融合世界标签体系/通用分类标签/建筑与基础设施/商业办公建筑/银行/储蓄罐 || 16976:V2融合世界标签体系/通用分类标签/建筑与基础设施/商业办公建筑/银行/储蓄罐
储藏室,2,17673:V2融合世界标签体系/通用分类标签/建筑与基础设施/区/室/储藏室 || 17674:V2融合世界标签体系/通用分类标签/建筑与基础设施/区/室/储藏室/储藏室
儿童喊叫,2,30049:V2融合世界标签体系/通用分类标签/声音/人类声音/人声/喊叫/儿童喊叫 || 30111:V2融合世界标签体系/通用分类标签/声音/人类群体行为/儿童喊叫
儿童防晒套装,2,7977:V2融合世界标签体系/通用分类标签/人造物体/商品/消费品/可穿戴设备/衣服/儿童防晒套装 || 11043:V2融合世界标签体系/通用分类标签/人造物体/覆盖物/可穿戴设备/衣服/儿童防晒套装
元首,2,2129:V2融合世界标签体系/通用分类标签/人物与人体/传播者/谈判者/代表/国家元首/元首 || 2795:V2融合世界标签体系/通用分类标签/人物与人体/摇摆者/元首
充气救生衣,2,9410:V2融合世界标签体系/通用分类标签/人造物体/救援设备/保护者/救生背心/充气救生衣 || 9936:V2融合世界标签体系/通用分类标签/人造物体/浮子/保护者/救生背心/充气救生衣
充气艇,2,763:V2融合世界标签体系/通用分类标签/交通工具/容器/充气艇 || 795:V2融合世界标签体系/通用分类标签/交通工具/容器/小船/小船/充气艇
先知,2,2692:V2融合世界标签体系/通用分类标签/人物与人体/宗教人士/先知 || 2893:V2融合世界标签体系/通用分类标签/人物与人体/智力/空想家/占卜者/先知
光刨,2,7471:V2融合世界标签体系/通用分类标签/人造物体/切割器具/切削工具/刃具/木工刨/光刨 || 9151:V2融合世界标签体系/通用分类标签/人造物体/手工工具/木工刨/光刨
光木耳,2,22987:V2融合世界标签体系/通用分类标签/真菌与微生物/菌类/光木耳 || 22988:V2融合世界标签体系/通用分类标签/真菌与微生物/菌类/光木耳/光木耳
克分子,2,31384:V2融合世界标签体系/通用分类标签/时间数量与度量/公制单位/公制重量单位/克分子 || 31609:V2融合世界标签体系/通用分类标签/时间数量与度量/质量单位/公制重量单位/克分子
克莱门氏小柑橘,2,20255:V2融合世界标签体系/通用分类标签/植物/乔木灌木林木/乔木/开花乔木/果树/柑橘属/柑桔/克莱门氏小柑橘 || 29215:V2融合世界标签体系/通用分类标签/食物/农产品/食用水果/柑橘属/橘子/克莱门氏小柑橘
兔,2,12319:V2融合世界标签体系/通用分类标签/动物/哺乳动物/有胎盘的/兔 || 12324:V2融合世界标签体系/通用分类标签/动物/哺乳动物/有胎盘的/兔形目动物/兔科动物/兔
兔子,2,12325:V2融合世界标签体系/通用分类标签/动物/哺乳动物/有胎盘的/兔形目动物/兔科动物/兔/兔子 || 12333:V2融合世界标签体系/通用分类标签/动物/哺乳动物/有胎盘的/兔形目动物/兔科动物/兔子
兜鍪,2,7834:V2融合世界标签体系/通用分类标签/人造物体/商品/消费品/可穿戴设备/头具/兜鍪 || 10900:V2融合世界标签体系/通用分类标签/人造物体/覆盖物/可穿戴设备/头具/兜鍪
全地形车,2,654:V2融合世界标签体系/通用分类标签/交通工具/全地形车 || 655:V2融合世界标签体系/通用分类标签/交通工具/全地形车
全套服装,2,7905:V2融合世界标签体系/通用分类标签/人造物体/商品/消费品/可穿戴设备/打扮/全套服装 || 10971:V2融合世界标签体系/通用分类标签/人造物体/覆盖物/可穿戴设备/打扮/全套服装
全景,2,19101:V2融合世界标签体系/通用分类标签/文化艺术与媒介/表征/图像/全景 || 32338:V2融合世界标签体系/通用分类标签/知识与学科/知识/表征/知觉表象/视觉知觉/全景
全麦面包,2,27797:V2融合世界标签体系/通用分类标签/食物/烘焙甜品点心/面包/全麦面包 || 27798:V2融合世界标签体系/通用分类标签/食物/烘焙甜品点心/面包/全麦面包
公交车,2,656:V2融合世界标签体系/通用分类标签/交通工具/公交车 || 670:V2融合世界标签体系/通用分类标签/交通工具/公共运输/公交车
公交车内部,2,665:V2融合世界标签体系/通用分类标签/交通工具/公交车内部 || 666:V2融合世界标签体系/通用分类标签/交通工具/公交车内部
公共中庭,2,17653:V2融合世界标签体系/通用分类标签/建筑与基础设施/区/天井/中庭/公共中庭 || 17654:V2融合世界标签体系/通用分类标签/建筑与基础设施/区/天井/中庭/公共中庭
公共汽车,2,1088:V2融合世界标签体系/通用分类标签/交通工具/轮式车辆/自行式车辆/机动车/机动车/公共汽车 || 1149:V2融合世界标签体系/通用分类标签/交通工具/道路机动车/公共汽车
公制重量单位,2,31383:V2融合世界标签体系/通用分类标签/时间数量与度量/公制单位/公制重量单位 || 31608:V2融合世界标签体系/通用分类标签/时间数量与度量/质量单位/公制重量单位
公制长度单位,2,31385:V2融合世界标签体系/通用分类标签/时间数量与度量/公制单位/公制长度单位 || 31549:V2融合世界标签体系/通用分类标签/时间数量与度量/线性单位/公制长度单位
公告,2,19994:V2融合世界标签体系/通用分类标签/文字与信息图形/陈述/公告 || 19995:V2融合世界标签体系/通用分类标签/文字与信息图形/陈述/公告
公寓楼外部,2,17551:V2融合世界标签体系/通用分类标签/建筑与基础设施/公寓楼外部 || 17552:V2融合世界标签体系/通用分类标签/建筑与基础设施/公寓楼外部
公尺,2,31386:V2融合世界标签体系/通用分类标签/时间数量与度量/公制单位/公制长度单位/公尺 || 31550:V2融合世界标签体系/通用分类标签/时间数量与度量/线性单位/公制长度单位/公尺
公立学校,2,16747:V2融合世界标签体系/通用分类标签/建筑与基础设施/公共服务建筑/学校/公立学校 || 23251:V2融合世界标签体系/通用分类标签/组织机构与社会事件/组织机构/教育机构/公立学校
公路旅行,2,26661:V2融合世界标签体系/通用分类标签/行为动作/旅行/旅程/公路旅行 || 26662:V2融合世界标签体系/通用分类标签/行为动作/旅行/旅程/公路旅行
兰科植物,2,21623:V2融合世界标签体系/通用分类标签/植物/显花植物/开花植物/开花植物/兰科植物 || 21630:V2融合世界标签体系/通用分类标签/植物/显花植物/开花植物/开花植物/兰科植物/兰科植物
共振器,2,7417:V2融合世界标签体系/通用分类标签/人造物体/共振器 || 17614:V2融合世界标签体系/通用分类标签/建筑与基础设施/区/围场/房间/共振器
共管公寓,2,17509:V2融合世界标签体系/通用分类标签/建筑与基础设施/住宅/住处/共管公寓 || 17531:V2融合世界标签体系/通用分类标签/建筑与基础设施/住宅/共管公寓
关头,2,23517:V2融合世界标签体系/通用分类标签/组织机构与社会事件/关头 || 31388:V2融合世界标签体系/通用分类标签/时间数量与度量/关头
具有历史意义的,2,30830:V2融合世界标签体系/通用分类标签/属性与状态/具有历史意义的 || 30831:V2融合世界标签体系/通用分类标签/属性与状态/具有历史意义的
兽群,2,15504:V2融合世界标签体系/通用分类标签/动物/生物类群/动物组/兽群 || 15505:V2融合世界标签体系/通用分类标签/动物/生物类群/动物组/兽群
内紧身胸衣,2,7950:V2融合世界标签体系/通用分类标签/人造物体/商品/消费品/可穿戴设备/衣服/不可言说之物/内紧身胸衣 || 11016:V2融合世界标签体系/通用分类标签/人造物体/覆盖物/可穿戴设备/衣服/不可言说之物/内紧身胸衣
内部,2,30668:V2融合世界标签体系/通用分类标签/声音/频道/声环境/内部 || 30669:V2融合世界标签体系/通用分类标签/声音/频道/声环境/内部
写作,2,19184:V2融合世界标签体系/通用分类标签/文化艺术与媒介/通过心智活动创造/语言创作/写作 || 30134:V2融合世界标签体系/通用分类标签/声音/写作
军号,2,3296:V2融合世界标签体系/通用分类标签/人造物体/中西乐器/管乐器/铜管乐器/军号 || 29936:V2融合世界标签体系/通用分类标签/声音/乐器/铜管乐器/军号
军官,2,2353:V2融合世界标签体系/通用分类标签/人物与人体/劳动者/技术工人/军事人员群体/军官 || 2354:V2融合世界标签体系/通用分类标签/人物与人体/劳动者/技术工人/军事人员群体/军官/军官
军服,2,7817:V2融合世界标签体系/通用分类标签/人造物体/商品/消费品/可穿戴设备/制服/军服 || 10883:V2融合世界标签体系/通用分类标签/人造物体/覆盖物/可穿戴设备/制服/军服
军火,2,32858:V2融合世界标签体系/IP 分类标签/地标与武器 IP/武器/军火 || 32863:V2融合世界标签体系/IP 分类标签/地标与武器 IP/武器/军火
军用飞机,2,695:V2融合世界标签体系/通用分类标签/交通工具/军用车/军用飞机 || 987:V2融合世界标签体系/通用分类标签/交通工具/航空器/重于空气航空器/军用飞机
军装,2,7820:V2融合世界标签体系/通用分类标签/人造物体/商品/消费品/可穿戴设备/制服/军服/军装 || 10886:V2融合世界标签体系/通用分类标签/人造物体/覆盖物/可穿戴设备/制服/军服/军装
军队,2,2274:V2融合世界标签体系/通用分类标签/人物与人体/军队 || 23524:V2融合世界标签体系/通用分类标签/组织机构与社会事件/军队
军需品,2,7418:V2融合世界标签体系/通用分类标签/人造物体/军需品 || 25123:V2融合世界标签体系/通用分类标签/行为动作/冲突与执法动作/防御/军需品
军鼓,2,3246:V2融合世界标签体系/通用分类标签/人造物体/中西乐器/打击乐器/膜质乐器/军鼓 || 29904:V2融合世界标签体系/通用分类标签/声音/乐器/打击乐/鼓/军鼓
农产品/生产,2,23525:V2融合世界标签体系/通用分类标签/组织机构与社会事件/农产品/生产 || 26156:V2融合世界标签体系/通用分类标签/行为动作/农产品/生产
农场动物,2,12338:V2融合世界标签体系/通用分类标签/动物/哺乳动物/有胎盘的/农场动物 || 15037:V2融合世界标签体系/通用分类标签/动物/农场动物
农舍,2,17412:V2融合世界标签体系/通用分类标签/建筑与基础设施/H类住宅/农舍 || 17486:V2融合世界标签体系/通用分类标签/建筑与基础设施/住宅/住处/H类住宅/农舍
农贸市场,2,16941:V2融合世界标签体系/通用分类标签/建筑与基础设施/商业办公建筑/市场/农贸市场 || 16950:V2融合世界标签体系/通用分类标签/建筑与基础设施/商业办公建筑/市场/市场广场/农贸市场
冠状头饰,2,7848:V2融合世界标签体系/通用分类标签/人造物体/商品/消费品/可穿戴设备/头具/珠饰头饰/冠状头饰 || 10914:V2融合世界标签体系/通用分类标签/人造物体/覆盖物/可穿戴设备/头具/珠饰头饰/冠状头饰
冠饰,2,24118:V2融合世界标签体系/通用分类标签/自然景观/冠饰 || 24120:V2融合世界标签体系/通用分类标签/自然景观/冠饰
冥想,2,32034:V2融合世界标签体系/通用分类标签/知识与学科/反射/冥想 || 32035:V2融合世界标签体系/通用分类标签/知识与学科/反射/冥想
冬南瓜,2,21292:V2融合世界标签体系/通用分类标签/植物/草本竹藤植物/藤本植物/南瓜藤/冬南瓜 || 29096:V2融合世界标签体系/通用分类标签/食物/农产品/蔬菜/壁球运动/冬南瓜
冬季运动,2,25949:V2融合世界标签体系/通用分类标签/行为动作/休养/体育/冬季运动 || 26157:V2融合世界标签体系/通用分类标签/行为动作/冬季运动
冬季风暴,2,23863:V2融合世界标签体系/通用分类标签/自然景观/天文天象气象/风暴/冬季风暴 || 26794:V2融合世界标签体系/通用分类标签/行为动作/物理现象/大气现象/冬季风暴
冬瓜,2,21338:V2融合世界标签体系/通用分类标签/植物/草本竹藤植物/藤本植物/葫芦/甜瓜/甜瓜/冬瓜 || 29257:V2融合世界标签体系/通用分类标签/食物/农产品/食用水果/甜瓜/甜瓜/冬瓜
冬青,2,20189:V2融合世界标签体系/通用分类标签/植物/乔木灌木林木/乔木/开花乔木/冬青 || 31477:V2融合世界标签体系/通用分类标签/时间数量与度量/寄生生物/寄生植物/冬青
冬青蕨,2,21416:V2融合世界标签体系/通用分类标签/植物/不开花植物/蕨类植物/冬青蕨 || 21417:V2融合世界标签体系/通用分类标签/植物/不开花植物/蕨类植物/冬青蕨
冰岛罂粟,2,21833:V2融合世界标签体系/通用分类标签/植物/显花植物/开花植物/开花植物/罂粟/冰岛罂粟 || 21834:V2融合世界标签体系/通用分类标签/植物/显花植物/开花植物/开花植物/罂粟/冰岛罂粟
冰川,2,23654:V2融合世界标签体系/通用分类标签/自然景观/冰雪与极地/冰川 || 23870:V2融合世界标签体系/通用分类标签/自然景观/水文水体/冰川
冰洞,2,23739:V2融合世界标签体系/通用分类标签/自然景观/地质地貌/洞穴/冰洞 || 23740:V2融合世界标签体系/通用分类标签/自然景观/地质地貌/洞穴/冰洞
冰球,2,9478:V2融合世界标签体系/通用分类标签/人造物体/机制/旋转机构/回合/光盘/冰球 || 32011:V2融合世界标签体系/通用分类标签/知识与学科/冰球
冰球运动员,2,1635:V2融合世界标签体系/通用分类标签/人物与人体/职业身份/运动员/冰球运动员 || 2526:V2融合世界标签体系/通用分类标签/人物与人体/参赛者/参与者/冰球运动员
冰球队,2,1408:V2融合世界标签体系/通用分类标签/人物与人体/人物关系与群体/团队/运动团队/冰球队 || 26160:V2融合世界标签体系/通用分类标签/行为动作/冰球队
冰雹,2,26162:V2融合世界标签体系/通用分类标签/行为动作/冰雹 || 32012:V2融合世界标签体系/通用分类标签/知识与学科/冰雹
冲击,2,2276:V2融合世界标签体系/通用分类标签/人物与人体/冲击 || 7424:V2融合世界标签体系/通用分类标签/人造物体/减振器/冲击
冲浪板,2,6550:V2融合世界标签体系/通用分类标签/人造物体/益智玩具/冲浪板 || 9079:V2融合世界标签体系/通用分类标签/人造物体/扁平立体/板/冲浪板
决明属植物,2,20122:V2融合世界标签体系/通用分类标签/植物/乔木灌木林木/乔木/决明属植物 || 20223:V2融合世界标签体系/通用分类标签/植物/乔木灌木林木/乔木/开花乔木/月桂/决明属植物
冷却,2,9429:V2融合世界标签体系/通用分类标签/人造物体/机制/冷却 || 26760:V2融合世界标签体系/通用分类标签/行为动作/温度变化/冷却
冷杉,2,20039:V2融合世界标签体系/通用分类标签/植物/乔木灌木林木/针叶树/冷杉 || 31796:V2融合世界标签体系/通用分类标签/材料与物质/植物材料/木/冷杉
冻酸奶,2,29761:V2融合世界标签体系/通用分类标签/食物/路线/点心/冷冻甜点/冻酸奶 || 29793:V2融合世界标签体系/通用分类标签/食物/酸奶/冻酸奶
净水器,2,7196:V2融合世界标签体系/通用分类标签/人造物体/仪器/净水器 || 7422:V2融合世界标签体系/通用分类标签/人造物体/净水器
凉鞋,2,6114:V2融合世界标签体系/通用分类标签/人造物体/服饰全品/凉鞋 || 11366:V2融合世界标签体系/通用分类标签/人造物体/覆盖物/足部装备/鞋/凉鞋
凝乳,2,28317:V2融合世界标签体系/通用分类标签/食物/肉蛋奶食材/乳制品/凝乳 || 29812:V2融合世界标签体系/通用分类标签/食物/食品/凝乳
凝视,2,26167:V2融合世界标签体系/通用分类标签/行为动作/凝视 || 26479:V2融合世界标签体系/通用分类标签/行为动作/感觉活动/感测/观看/凝视
几内亚胡椒,2,20124:V2融合世界标签体系/通用分类标签/植物/乔木灌木林木/乔木/几内亚胡椒 || 22296:V2融合世界标签体系/通用分类标签/植物/草本植物/几内亚胡椒
凤头鹦鹉,2,14995:V2融合世界标签体系/通用分类标签/动物/鸟类/鹦鹉/凤头鹦鹉 || 14998:V2融合世界标签体系/通用分类标签/动物/鸟类/鹦鹉/凤头鹦鹉
凸耳,2,7626:V2融合世界标签体系/通用分类标签/人造物体/台布/一块布/帆/纵帆/凸耳 || 17939:V2融合世界标签体系/通用分类标签/建筑与基础设施/投影/凸耳
出卖,2,26168:V2融合世界标签体系/通用分类标签/行为动作/出卖 || 26171:V2融合世界标签体系/通用分类标签/行为动作/出卖
出席,2,26175:V2融合世界标签体系/通用分类标签/行为动作/出席 || 30837:V2融合世界标签体系/通用分类标签/属性与状态/出席
击打,2,26373:V2融合世界标签体系/通用分类标签/行为动作/完成/成就/成功/击打 || 26974:V2融合世界标签体系/通用分类标签/行为动作/触摸/击打
击球手,2,1650:V2融合世界标签体系/通用分类标签/人物与人体/职业身份/运动员/棒球手/击球手 || 29823:V2融合世界标签体系/通用分类标签/食物/食品/混合物/击球手
切割,2,25277:V2融合世界标签体系/通用分类标签/行为动作/工作学习动作/切割 || 29510:V2融合世界标签体系/通用分类标签/食物/肉/切割
切碎机,2,7445:V2融合世界标签体系/通用分类标签/人造物体/切割器具/切削工具/刃具/刀/切碎机 || 8257:V2融合世界标签体系/通用分类标签/人造物体/器具/器具/厨房用具/切碎机
列车,2,679:V2融合世界标签体系/通用分类标签/交通工具/公共运输/列车 || 1164:V2融合世界标签体系/通用分类标签/交通工具/铁路运输/列车
刘海,2,15051:V2融合世界标签体系/通用分类标签/动物/刘海 || 30146:V2融合世界标签体系/通用分类标签/声音/刘海
刚松,2,20057:V2融合世界标签体系/通用分类标签/植物/乔木灌木林木/针叶树/松属植物/刚松 || 20076:V2融合世界标签体系/通用分类标签/植物/乔木灌木林木/针叶树/松属植物/黄松/刚松
刚毛衬衣,2,8102:V2融合世界标签体系/通用分类标签/人造物体/商品/消费品/可穿戴设备/衣服/衬衣/刚毛衬衣 || 11168:V2融合世界标签体系/通用分类标签/人造物体/覆盖物/可穿戴设备/衣服/衬衣/刚毛衬衣
创可贴,2,11301:V2融合世界标签体系/通用分类标签/人造物体/覆盖物/布罩/敷料/绑带/创可贴 || 11302:V2融合世界标签体系/通用分类标签/人造物体/覆盖物/布罩/敷料/绑带/创可贴/创可贴
初学者,2,2693:V2融合世界标签体系/通用分类标签/人物与人体/宗教人士/初学者 || 2773:V2融合世界标签体系/通用分类标签/人物与人体/技能不熟练者/初学者
刨削机,2,7507:V2融合世界标签体系/通用分类标签/人造物体/动力工具/刨削机 || 9620:V2融合世界标签体系/通用分类标签/人造物体/机器/动力工具/刨削机
刨接缝的长刨,2,7472:V2融合世界标签体系/通用分类标签/人造物体/切割器具/切削工具/刃具/木工刨/刨接缝的长刨 || 9152:V2融合世界标签体系/通用分类标签/人造物体/手工工具/木工刨/刨接缝的长刨
利润,2,704:V2融合世界标签体系/通用分类标签/交通工具/利润 || 26207:V2融合世界标签体系/通用分类标签/行为动作/利润
利维斯牛仔裤,2,8116:V2融合世界标签体系/通用分类标签/人造物体/商品/消费品/可穿戴设备/衣服/裤子/工装裤/利维斯牛仔裤 || 11182:V2融合世界标签体系/通用分类标签/人造物体/覆盖物/可穿戴设备/衣服/裤子/工装裤/利维斯牛仔裤
刮铲,2,4312:V2融合世界标签体系/通用分类标签/人造物体/厨房餐厨用品/炊具/车床工/刮铲 || 9117:V2融合世界标签体系/通用分类标签/人造物体/手工工具/刮铲
制造,2,17580:V2融合世界标签体系/通用分类标签/建筑与基础设施/制造 || 19009:V2融合世界标签体系/通用分类标签/文化艺术与媒介/用原材料制作/制造
刹车,2,26217:V2融合世界标签体系/通用分类标签/行为动作/刹车 || 26218:V2融合世界标签体系/通用分类标签/行为动作/刹车
刺槐,2,20128:V2融合世界标签体系/通用分类标签/植物/乔木灌木林木/乔木/刺槐 || 20129:V2融合世界标签体系/通用分类标签/植物/乔木灌木林木/乔木/刺槐/刺槐
刺猬,2,11798:V2融合世界标签体系/通用分类标签/动物/哺乳动物/啮齿动物/刺猬 || 12615:V2融合世界标签体系/通用分类标签/动物/哺乳动物/有胎盘的/食虫动物/刺猬
刺绣,2,19197:V2融合世界标签体系/通用分类标签/文化艺术与媒介/针线工艺/刺绣 || 26219:V2融合世界标签体系/通用分类标签/行为动作/刺绣
刺绣样本,2,1940:V2融合世界标签体系/通用分类标签/人物与人体/专家/权威/评价者/评论家/刺绣样本 || 30147:V2融合世界标签体系/通用分类标签/声音/刺绣样本
刺罂粟,2,21835:V2融合世界标签体系/通用分类标签/植物/显花植物/开花植物/开花植物/罂粟/刺罂粟 || 22300:V2融合世界标签体系/通用分类标签/植物/草本植物/刺罂粟
刺耳杂音,2,30149:V2融合世界标签体系/通用分类标签/声音/刺耳杂音 || 30150:V2融合世界标签体系/通用分类标签/声音/刺耳杂音
刺菜蓟,2,22594:V2融合世界标签体系/通用分类标签/植物/草本植物/蔬菜/刺菜蓟 || 29057:V2融合世界标签体系/通用分类标签/食物/农产品/蔬菜/刺菜蓟
刺蜥,2,13877:V2融合世界标签体系/通用分类标签/动物/爬行动物/双孔亚纲动物/蜥形动物/蜥蜴/飞蜥科动物/刺魔蜥/刺蜥 || 13882:V2融合世界标签体系/通用分类标签/动物/爬行动物/双孔亚纲动物/蜥形动物/蜥蜴/鬣蜥科动物/刺蜥
刺身,2,27408:V2融合世界标签体系/通用分类标签/食物/中式菜肴汤品/刺身 || 28819:V2融合世界标签体系/通用分类标签/食物/一道菜/刺身
剃刀片,2,7430:V2融合世界标签体系/通用分类标签/人造物体/切割器具/刀片/剃刀片 || 7431:V2融合世界标签体系/通用分类标签/人造物体/切割器具/刀片/剃刀片
剃须刀,2,1564:V2融合世界标签体系/通用分类标签/人物与人体/性别与生理属性/男性/成年雄性/剃须刀 || 7458:V2融合世界标签体系/通用分类标签/人造物体/切割器具/切削工具/刃具/剃刀/剃须刀
削皮器,2,4396:V2融合世界标签体系/通用分类标签/人造物体/厨房餐厨用品/削皮器 || 7497:V2融合世界标签体系/通用分类标签/人造物体/削皮器
前卫摇滚,2,19691:V2融合世界标签体系/通用分类标签/文字与信息图形/听觉交流/音乐流派/摇滚音乐/前卫摇滚 || 19969:V2融合世界标签体系/通用分类标签/文字与信息图形/表现风格/音乐流派/通俗音乐/前卫摇滚
前帆,2,7618:V2融合世界标签体系/通用分类标签/人造物体/台布/一块布/帆/前帆 || 7620:V2融合世界标签体系/通用分类标签/人造物体/台布/一块布/帆/前帆
前陆,2,24225:V2融合世界标签体系/通用分类标签/自然景观/天然高地/前陆 || 32017:V2融合世界标签体系/通用分类标签/知识与学科/前陆
剧团或文工团,2,7906:V2融合世界标签体系/通用分类标签/人造物体/商品/消费品/可穿戴设备/打扮/全套服装/剧团或文工团 || 10972:V2融合世界标签体系/通用分类标签/人造物体/覆盖物/可穿戴设备/打扮/全套服装/剧团或文工团
剧装,2,7908:V2融合世界标签体系/通用分类标签/人造物体/商品/消费品/可穿戴设备/打扮/剧装 || 10974:V2融合世界标签体系/通用分类标签/人造物体/覆盖物/可穿戴设备/打扮/剧装
剧院幕布,2,8585:V2融合世界标签体系/通用分类标签/人造物体/家具/垂挂织物/剧院幕布 || 10800:V2融合世界标签体系/通用分类标签/人造物体/覆盖物/保护/屏幕/垂挂织物/剧院幕布
剩余,2,18861:V2融合世界标签体系/通用分类标签/文化艺术与媒介/局部/余数/剩余 || 30842:V2融合世界标签体系/通用分类标签/属性与状态/剩余
剩余物,2,30843:V2融合世界标签体系/通用分类标签/属性与状态/剩余物 || 32018:V2融合世界标签体系/通用分类标签/知识与学科/剩余物
剪秋罗,2,21697:V2融合世界标签体系/通用分类标签/植物/显花植物/开花植物/开花植物/剪秋罗属/剪秋罗 || 21698:V2融合世界标签体系/通用分类标签/植物/显花植物/开花植物/开花植物/剪秋罗属/剪秋罗
副本,2,19092:V2融合世界标签体系/通用分类标签/文化艺术与媒介/表征/副本 || 19807:V2融合世界标签体系/通用分类标签/文字与信息图形/指示/记录/书面记录/副本
副翼,2,9281:V2融合世界标签体系/通用分类标签/人造物体/操纵台面/副翼 || 9282:V2融合世界标签体系/通用分类标签/人造物体/操纵台面/副翼
割草机,2,3320:V2融合世界标签体系/通用分类标签/人造物体/五金工具/园艺工具/割草机 || 30152:V2融合世界标签体系/通用分类标签/声音/割草机
劈砍,2,26788:V2融合世界标签体系/通用分类标签/行为动作/物理现象/劈砍 || 30153:V2融合世界标签体系/通用分类标签/声音/劈砍
加农炮,2,1291:V2融合世界标签体系/通用分类标签/人物与人体/人体部位/手臂/手枪/加农炮 || 6446:V2融合世界标签体系/通用分类标签/人造物体/武器与安防用品/火炮/加农炮
加油器,2,206:V2融合世界标签体系/通用分类标签/交通工具/水上载具/货船/加油器 || 2321:V2融合世界标签体系/通用分类标签/人物与人体/劳动者/加油器
加油站,2,10738:V2融合世界标签体系/通用分类标签/人造物体/装置/车站/加油站 || 10739:V2融合世界标签体系/通用分类标签/人造物体/装置/车站/加油站/加油站
加湿器,2,5089:V2融合世界标签体系/通用分类标签/人造物体/家用电器/加湿器 || 8199:V2融合世界标签体系/通用分类标签/人造物体/商品/消费品/耐用品/器具/加湿器
加菲猫,2,2132:V2融合世界标签体系/通用分类标签/人物与人体/传播者/谈判者/代表/国家元首/总统/加菲猫 || 2313:V2融合世界标签体系/通用分类标签/人物与人体/加菲猫
加速器,2,7142:V2融合世界标签体系/通用分类标签/人造物体/乐器/器械/科学仪器/加速器 || 8371:V2融合世界标签体系/通用分类标签/人造物体/器具/棒/杠杆/脚踏杆/加速器
动作电影,2,18457:V2融合世界标签体系/通用分类标签/文化艺术与媒介/影视视频/电影/动作电影 || 26238:V2融合世界标签体系/通用分类标签/行为动作/动作电影
动力锤,2,7509:V2融合世界标签体系/通用分类标签/人造物体/动力工具/动力锤 || 9622:V2融合世界标签体系/通用分类标签/人造物体/机器/动力工具/动力锤
动力锯,2,7511:V2融合世界标签体系/通用分类标签/人造物体/动力工具/动力锯 || 9624:V2融合世界标签体系/通用分类标签/人造物体/机器/动力工具/动力锯
动物纤维,2,31660:V2融合世界标签体系/通用分类标签/材料与物质/动物材料/动物产品/动物纤维 || 31749:V2融合世界标签体系/通用分类标签/材料与物质/天然纤维/天然纤维/动物纤维
动物雕塑,2,18642:V2融合世界标签体系/通用分类标签/文化艺术与媒介/视觉艺术/雕塑/动物雕塑 || 18643:V2融合世界标签体系/通用分类标签/文化艺术与媒介/视觉艺术/雕塑/动物雕塑
动画师,2,2419:V2融合世界标签体系/通用分类标签/人物与人体/劳动者/技术工人/技术员/动画师 || 2494:V2融合世界标签体系/通用分类标签/人物与人体/劳动者/动画师
动画电影,2,18458:V2融合世界标签体系/通用分类标签/文化艺术与媒介/影视视频/电影/动画电影 || 18459:V2融合世界标签体系/通用分类标签/文化艺术与媒介/影视视频/电影/动画电影
助听器,2,8529:V2融合世界标签体系/通用分类标签/人造物体/声学装置/助听器 || 10316:V2融合世界标签体系/通用分类标签/人造物体/电子器件/助听器
勃艮第白葡萄酒,2,29613:V2融合世界标签体系/通用分类标签/食物/致醉物/葡萄酒/勃艮第/勃艮第白葡萄酒 || 29630:V2融合世界标签体系/通用分类标签/食物/致醉物/葡萄酒/白葡萄酒/勃艮第白葡萄酒
勋章菊,2,21706:V2融合世界标签体系/通用分类标签/植物/显花植物/开花植物/开花植物/勋章菊 || 21707:V2融合世界标签体系/通用分类标签/植物/显花植物/开花植物/开花植物/勋章菊/勋章菊
包/包装/包裹,2,8646:V2融合世界标签体系/通用分类标签/人造物体/容器/包/包装/包裹 || 26242:V2融合世界标签体系/通用分类标签/行为动作/包围/包/包装/包裹
包含,2,30845:V2融合世界标签体系/通用分类标签/属性与状态/包含 || 30846:V2融合世界标签体系/通用分类标签/属性与状态/包含
包装,2,10860:V2融合世界标签体系/通用分类标签/人造物体/覆盖物/包装 || 31674:V2融合世界标签体系/通用分类标签/材料与物质/包装
匕首,2,1228:V2融合世界标签体系/通用分类标签/人物与人体/人体部位/手臂/刀/匕首 || 1229:V2融合世界标签体系/通用分类标签/人物与人体/人体部位/手臂/刀/匕首/匕首
化妆工具,2,7531:V2融合世界标签体系/通用分类标签/人造物体/化妆工具 || 8253:V2融合世界标签体系/通用分类标签/人造物体/器具/化妆工具
化妆师,2,2497:V2融合世界标签体系/通用分类标签/人物与人体/化妆师 || 32949:V2融合世界标签体系/IP 分类标签/真人与人物 IP/历史古人/艺术家/化妆师
化妆镜,2,7581:V2融合世界标签体系/通用分类标签/人造物体/反射器/反射镜/化妆镜 || 7582:V2融合世界标签体系/通用分类标签/人造物体/反射器/反射镜/化妆镜
化学家,2,2643:V2融合世界标签体系/通用分类标签/人物与人体/大人/专业人员/初级保健提供者/化学家 || 33080:V2融合世界标签体系/IP 分类标签/真人与人物 IP/科学文化人物/科学家/化学家
化石,2,2664:V2融合世界标签体系/通用分类标签/人物与人体/大人/老人/化石 || 15055:V2融合世界标签体系/通用分类标签/动物/化石
化验,2,26233:V2融合世界标签体系/通用分类标签/行为动作/力图/化验 || 32430:V2融合世界标签体系/通用分类标签/知识与学科/问题解决/研究/化验
北极海鹦,2,14104:V2融合世界标签体系/通用分类标签/动物/鸟类/海鸟/北极海鹦 || 14105:V2融合世界标签体系/通用分类标签/动物/鸟类/海鸟/北极海鹦/北极海鹦
医学图像,2,2505:V2融合世界标签体系/通用分类标签/人物与人体/医学图像 || 19097:V2融合世界标签体系/通用分类标签/文化艺术与媒介/表征/医学图像
医疗设备,2,7532:V2融合世界标签体系/通用分类标签/人造物体/医疗设备 || 7533:V2融合世界标签体系/通用分类标签/人造物体/医疗设备
医药,2,31827:V2融合世界标签体系/通用分类标签/材料与物质/毒品/医药 || 31830:V2融合世界标签体系/通用分类标签/材料与物质/毒品/医药/医药
医院,2,15703:V2融合世界标签体系/通用分类标签/场景/室内场景/医院 || 16703:V2融合世界标签体系/通用分类标签/建筑与基础设施/公共服务建筑/医院
十字形物,2,10043:V2融合世界标签体系/通用分类标签/人造物体/点缀/人物形象/徽记/十字形物 || 17813:V2融合世界标签体系/通用分类标签/建筑与基础设施/十字形物
十字褡,2,7829:V2融合世界标签体系/通用分类标签/人造物体/商品/消费品/可穿戴设备/外套服装/礼服/礼服/十字褡 || 10895:V2融合世界标签体系/通用分类标签/人造物体/覆盖物/可穿戴设备/外套服装/礼服/礼服/十字褡
升麻,2,20500:V2融合世界标签体系/通用分类标签/植物/乔木灌木林木/升麻 || 21973:V2融合世界标签体系/通用分类标签/植物/有毒植物/升麻
午餐盒,2,8653:V2融合世界标签体系/通用分类标签/人造物体/容器/午餐盒 || 29303:V2融合世界标签体系/通用分类标签/食物/午餐盒
半履带车,2,698:V2融合世界标签体系/通用分类标签/交通工具/军用车/半履带车 || 1075:V2融合世界标签体系/通用分类标签/交通工具/轮式车辆/自行式车辆/履带车辆/半履带车
半挂牵引车,2,517:V2融合世界标签体系/通用分类标签/交通工具/陆地民用车辆/货车/半挂牵引车 || 867:V2融合世界标签体系/通用分类标签/交通工具/拖车/半挂牵引车
半翅目昆虫,2,15218:V2融合世界标签体系/通用分类标签/动物/无脊椎动物/节肢动物/昆虫/半翅目昆虫 || 15219:V2融合世界标签体系/通用分类标签/动物/无脊椎动物/节肢动物/昆虫/半翅目昆虫/半翅目昆虫
半自动手枪,2,1260:V2融合世界标签体系/通用分类标签/人物与人体/人体部位/手臂/手枪/一件/半自动枪炮/半自动枪械/半自动手枪 || 1279:V2融合世界标签体系/通用分类标签/人物与人体/人体部位/手臂/手枪/一件/手枪/半自动手枪
半身像,2,708:V2融合世界标签体系/通用分类标签/交通工具/半身像 || 18644:V2融合世界标签体系/通用分类标签/文化艺术与媒介/视觉艺术/雕塑/半身像
半身衬裙,2,7966:V2融合世界标签体系/通用分类标签/人造物体/商品/消费品/可穿戴设备/衣服/不可言说之物/半身衬裙 || 11032:V2融合世界标签体系/通用分类标签/人造物体/覆盖物/可穿戴设备/衣服/不可言说之物/半身衬裙
华丽景天,2,22338:V2融合世界标签体系/通用分类标签/植物/草本植物/华丽景天 || 22339:V2融合世界标签体系/通用分类标签/植物/草本植物/华丽景天/华丽景天
单人床,2,7540:V2融合世界标签体系/通用分类标签/人造物体/卧室家具/床/单人床 || 7541:V2融合世界标签体系/通用分类标签/人造物体/卧室家具/床/单人床
单排扣夹克,2,8000:V2融合世界标签体系/通用分类标签/人造物体/商品/消费品/可穿戴设备/衣服/外衣/外套/夹克/单排扣夹克 || 11066:V2融合世界标签体系/通用分类标签/人造物体/覆盖物/可穿戴设备/衣服/外衣/外套/夹克/单排扣夹克
单排扣西装,2,7940:V2融合世界标签体系/通用分类标签/人造物体/商品/消费品/可穿戴设备/衣服/一套衣服/单排扣西装 || 11006:V2融合世界标签体系/通用分类标签/人造物体/覆盖物/可穿戴设备/衣服/一套衣服/单排扣西装
单板滑雪,2,25967:V2融合世界标签体系/通用分类标签/行为动作/休养/体育/滑冰/单板滑雪 || 26766:V2融合世界标签体系/通用分类标签/行为动作/滑动/单板滑雪
单簧管,2,3262:V2融合世界标签体系/通用分类标签/人造物体/中西乐器/管乐器/单簧管 || 3270:V2融合世界标签体系/通用分类标签/人造物体/中西乐器/管乐器/木材/拍簧乐器/单簧乐器/单簧管
单色,2,6976:V2融合世界标签体系/通用分类标签/人造物体/艺术品与工艺品/绘画作品/单色 || 19115:V2融合世界标签体系/通用分类标签/文化艺术与媒介/表征/图画/单色
单镜头反光相机,2,9266:V2融合世界标签体系/通用分类标签/人造物体/摄影设备/照相机/单镜头反光相机 || 29989:V2融合世界标签体系/通用分类标签/声音/事物声音/机制/相机/单镜头反光相机
单间公寓,2,17528:V2融合世界标签体系/通用分类标签/建筑与基础设施/住宅/公寓/单间公寓 || 17529:V2融合世界标签体系/通用分类标签/建筑与基础设施/住宅/公寓/单间公寓
南瓜,2,21295:V2融合世界标签体系/通用分类标签/植物/草本竹藤植物/藤本植物/南瓜藤/南瓜 || 29075:V2融合世界标签体系/通用分类标签/食物/农产品/蔬菜/南瓜
博若莱葡萄酒,2,29614:V2融合世界标签体系/通用分类标签/食物/致醉物/葡萄酒/勃艮第/博若莱葡萄酒 || 29645:V2融合世界标签体系/通用分类标签/食物/致醉物/葡萄酒/红葡萄酒/博若莱葡萄酒
卡丁车运动,2,25978:V2融合世界标签体系/通用分类标签/行为动作/休养/体育/竞速运动/卡丁车运动 || 25987:V2融合世界标签体系/通用分类标签/行为动作/休养/体育/赛车运动/卡丁车运动
卡其色,2,20262:V2融合世界标签体系/通用分类标签/植物/乔木灌木林木/乔木/开花乔木/果树/柿子/卡其色 || 30850:V2融合世界标签体系/通用分类标签/属性与状态/卡其色
卡其裤,2,7821:V2融合世界标签体系/通用分类标签/人造物体/商品/消费品/可穿戴设备/制服/军服/卡其裤 || 10887:V2融合世界标签体系/通用分类标签/人造物体/覆盖物/可穿戴设备/制服/军服/卡其裤
卡宴辣椒,2,29146:V2融合世界标签体系/通用分类标签/食物/农产品/蔬菜/茄科蔬菜/胡椒/辣椒/寒冷的/卡宴辣椒 || 29686:V2融合世界标签体系/通用分类标签/食物/调味剂/卡宴辣椒
卡米兹长衫,2,8035:V2融合世界标签体系/通用分类标签/人造物体/商品/消费品/可穿戴设备/衣服/外衣/披风/束腰外衣/卡米兹长衫 || 11101:V2融合世界标签体系/通用分类标签/人造物体/覆盖物/可穿戴设备/衣服/外衣/披风/束腰外衣/卡米兹长衫
卡纸板,2,31676:V2融合世界标签体系/通用分类标签/材料与物质/包装材料/卡纸板 || 31919:V2融合世界标签体系/通用分类标签/材料与物质/纸/卡纸板
卡西诺,2,18094:V2融合世界标签体系/通用分类标签/建筑与基础设施/机构/商业机构/赌场/卡西诺 || 18249:V2融合世界标签体系/通用分类标签/建筑与基础设施/赌场/卡西诺
卡车司机,2,2490:V2融合世界标签体系/通用分类标签/人物与人体/劳动者/驾驶员/卡车司机 || 32029:V2融合世界标签体系/通用分类标签/知识与学科/卡车司机
卡通插图,2,19083:V2融合世界标签体系/通用分类标签/文化艺术与媒介/表征/例证/卡通插图 || 19084:V2融合世界标签体系/通用分类标签/文化艺术与媒介/表征/例证/卡通插图
卢格手枪,2,1261:V2融合世界标签体系/通用分类标签/人物与人体/人体部位/手臂/手枪/一件/半自动枪炮/半自动枪械/半自动手枪/卢格手枪 || 1280:V2融合世界标签体系/通用分类标签/人物与人体/人体部位/手臂/手枪/一件/手枪/半自动手枪/卢格手枪
卫生巾,2,7557:V2融合世界标签体系/通用分类标签/人造物体/卫生巾 || 10568:V2融合世界标签体系/通用分类标签/人造物体/缓冲材料/垫子/卫生巾
卫生纸,2,31920:V2融合世界标签体系/通用分类标签/材料与物质/纸/卫生纸 || 31921:V2融合世界标签体系/通用分类标签/材料与物质/纸/卫生纸/卫生纸
印刷机,2,9634:V2融合世界标签体系/通用分类标签/人造物体/机器/印刷机 || 9635:V2融合世界标签体系/通用分类标签/人造物体/机器/印刷机
印度人,2,2143:V2融合世界标签体系/通用分类标签/人物与人体/住户/亚洲人/印度人 || 3011:V2融合世界标签体系/通用分类标签/人物与人体/美洲原住民/印度人
印度披巾,2,8040:V2融合世界标签体系/通用分类标签/人造物体/商品/消费品/可穿戴设备/衣服/头部覆盖物/印度披巾 || 11106:V2融合世界标签体系/通用分类标签/人造物体/覆盖物/可穿戴设备/衣服/头部覆盖物/印度披巾
印度教寺庙,2,17440:V2融合世界标签体系/通用分类标签/建筑与基础设施/上帝之屋/印度教寺庙 || 17815:V2融合世界标签体系/通用分类标签/建筑与基础设施/印度教寺庙
印度榕,2,20333:V2融合世界标签体系/通用分类标签/植物/乔木灌木林木/乔木/无花果树/印度榕 || 20334:V2融合世界标签体系/通用分类标签/植物/乔木灌木林木/乔木/无花果树/印度榕
印第安画笔花,2,21901:V2融合世界标签体系/通用分类标签/植物/显花植物/开花植物/野花/印第安画笔花 || 22260:V2融合世界标签体系/通用分类标签/植物/草本植物/乳草/印第安画笔花
印花布短围裙,2,8051:V2融合世界标签体系/通用分类标签/人造物体/商品/消费品/可穿戴设备/衣服/女裙/印花布短围裙 || 11117:V2融合世界标签体系/通用分类标签/人造物体/覆盖物/可穿戴设备/衣服/女裙/印花布短围裙
卷,2,30726:V2融合世界标签体系/通用分类标签/属性与状态/三维形状/圆柱/卷 || 30878:V2融合世界标签体系/通用分类标签/属性与状态/圆形/卷
卷/地形起伏,2,24153:V2融合世界标签体系/通用分类标签/自然景观/卷/地形起伏 || 26583:V2融合世界标签体系/通用分类标签/行为动作/推进/卷/地形起伏
卷叶蛾,2,15354:V2融合世界标签体系/通用分类标签/动物/无脊椎动物/节肢动物/昆虫/鳞翅目昆虫/蛾/卷叶蛾 || 15355:V2融合世界标签体系/通用分类标签/动物/无脊椎动物/节肢动物/昆虫/鳞翅目昆虫/蛾/卷叶蛾/卷叶蛾
卷帘,2,10803:V2融合世界标签体系/通用分类标签/人造物体/覆盖物/保护/屏幕/百叶窗帘/卷帘 || 10804:V2融合世界标签体系/通用分类标签/人造物体/覆盖物/保护/屏幕/百叶窗帘/卷帘/卷帘
卷烟,2,31822:V2融合世界标签体系/通用分类标签/材料与物质/植物材料/植物产品/烟草/烟草卷/卷烟 || 31836:V2融合世界标签体系/通用分类标签/材料与物质/毒品/毒品/烟草/烟草卷/卷烟
卷绕器,2,9508:V2融合世界标签体系/通用分类标签/人造物体/机制/机械装置/卷绕器 || 9512:V2融合世界标签体系/通用分类标签/人造物体/机制/机械装置/卷绕器
历史+的,2,30851:V2融合世界标签体系/通用分类标签/属性与状态/历史+的 || 30852:V2融合世界标签体系/通用分类标签/属性与状态/历史+的
压力单位,2,31410:V2融合世界标签体系/通用分类标签/时间数量与度量/压力单位 || 31411:V2融合世界标签体系/通用分类标签/时间数量与度量/压力单位/压力单位
压力锅,2,4405:V2融合世界标签体系/通用分类标签/人造物体/厨房餐厨用品/压力锅 || 8713:V2融合世界标签体系/通用分类标签/人造物体/容器/器皿/消毒器/压力锅
厚呢长大衣,2,7994:V2融合世界标签体系/通用分类标签/人造物体/商品/消费品/可穿戴设备/衣服/外衣/外套/厚呢长大衣 || 11060:V2融合世界标签体系/通用分类标签/人造物体/覆盖物/可穿戴设备/衣服/外衣/外套/厚呢长大衣
原声吉他,2,3203:V2融合世界标签体系/通用分类标签/人造物体/中西乐器/弦乐器/六弦琴/原声吉他 || 29912:V2融合世界标签体系/通用分类标签/声音/乐器/拨弦乐器/吉他/原声吉他
原木小屋,2,17420:V2融合世界标签体系/通用分类标签/建筑与基础设施/H类住宅/小木屋/原木小屋 || 17494:V2融合世界标签体系/通用分类标签/建筑与基础设施/住宅/住处/H类住宅/小木屋/原木小屋
原鸡属,2,7934:V2融合世界标签体系/通用分类标签/人造物体/商品/消费品/可穿戴设备/男装/原鸡属 || 11000:V2融合世界标签体系/通用分类标签/人造物体/覆盖物/可穿戴设备/男装/原鸡属
厢式车,2,497:V2融合世界标签体系/通用分类标签/交通工具/陆地民用车辆/房车/厢式车 || 519:V2融合世界标签体系/通用分类标签/交通工具/陆地民用车辆/货车/厢式车
厨房地板,2,10650:V2融合世界标签体系/通用分类标签/人造物体/表面/水平仪/厨房地板 || 16592:V2融合世界标签体系/通用分类标签/场景/厨房地板
厨房橱柜,2,7351:V2融合世界标签体系/通用分类标签/人造物体/储藏柜/厨房橱柜 || 23490:V2融合世界标签体系/通用分类标签/组织机构与社会事件/一帮人/厨房橱柜
厨房用具,2,5099:V2融合世界标签体系/通用分类标签/人造物体/家用电器/厨房用具 || 8255:V2融合世界标签体系/通用分类标签/人造物体/器具/器具/厨房用具
厨房窗户,2,9012:V2融合世界标签体系/通用分类标签/人造物体/开口/厨房窗户 || 18027:V2融合世界标签体系/通用分类标签/建筑与基础设施/支承结构/构架/窗户/厨房窗户
去,2,18825:V2融合世界标签体系/通用分类标签/文化艺术与媒介/去 || 26258:V2融合世界标签体系/通用分类标签/行为动作/去
参与者,2,1396:V2融合世界标签体系/通用分类标签/人物与人体/人物关系与群体/同事/参与者 || 2525:V2融合世界标签体系/通用分类标签/人物与人体/参赛者/参与者
及膝短裤,2,8112:V2融合世界标签体系/通用分类标签/人造物体/商品/消费品/可穿戴设备/衣服/裤子/及膝短裤 || 11178:V2融合世界标签体系/通用分类标签/人造物体/覆盖物/可穿戴设备/衣服/裤子/及膝短裤
及踝长裙,2,7865:V2融合世界标签体系/通用分类标签/人造物体/商品/消费品/可穿戴设备/女装/女服/及踝长裙 || 10931:V2融合世界标签体系/通用分类标签/人造物体/覆盖物/可穿戴设备/女装/女服/及踝长裙
友谊草,2,22350:V2融合世界标签体系/通用分类标签/植物/草本植物/友谊草 || 22351:V2融合世界标签体系/通用分类标签/植物/草本植物/友谊草/友谊草
双手,2,964:V2融合世界标签体系/通用分类标签/交通工具/监护制度/双手 || 30074:V2融合世界标签体系/通用分类标签/声音/人类声音/双手
双排扣西服,2,7941:V2融合世界标签体系/通用分类标签/人造物体/商品/消费品/可穿戴设备/衣服/一套衣服/双排扣西服 || 11007:V2融合世界标签体系/通用分类标签/人造物体/覆盖物/可穿戴设备/衣服/一套衣服/双排扣西服
双桅小帆船,2,771:V2融合世界标签体系/通用分类标签/交通工具/容器/大型帆船/双桅小帆船 || 798:V2融合世界标签体系/通用分类标签/交通工具/容器/小船/小船/双桅小帆船
双筒望远镜,2,7164:V2融合世界标签体系/通用分类标签/人造物体/乐器/器械/科学仪器/放大器/望远镜/天文望远镜/光学望远镜/折射望远镜/双筒望远镜 || 7578:V2融合世界标签体系/通用分类标签/人造物体/双筒望远镜
双簧管,2,3264:V2融合世界标签体系/通用分类标签/人造物体/中西乐器/管乐器/双簧管 || 3274:V2融合世界标签体系/通用分类标签/人造物体/中西乐器/管乐器/木材/拍簧乐器/双簧/双簧管
双色树燕,2,14415:V2融合世界标签体系/通用分类标签/动物/鸟类/鸣禽/燕子/双色树燕 || 14416:V2融合世界标签体系/通用分类标签/动物/鸟类/鸣禽/燕子/双色树燕
反射器,2,7158:V2融合世界标签体系/通用分类标签/人造物体/乐器/器械/科学仪器/放大器/望远镜/天文望远镜/光学望远镜/反射器 || 7579:V2融合世界标签体系/通用分类标签/人造物体/反射器
反面,2,7913:V2融合世界标签体系/通用分类标签/人造物体/商品/消费品/可穿戴设备/打扮/夜礼服/反面 || 10979:V2融合世界标签体系/通用分类标签/人造物体/覆盖物/可穿戴设备/打扮/夜礼服/反面
发卡,2,3332:V2融合世界标签体系/通用分类标签/人造物体/五金工具/紧固件/别针/发卡 || 3333:V2融合世界标签体系/通用分类标签/人造物体/五金工具/紧固件/别针/发卡/发卡
发型,2,24183:V2融合世界标签体系/通用分类标签/自然景观/天然覆盖物/体表覆盖物/头发/发型 || 24184:V2融合世界标签体系/通用分类标签/自然景观/天然覆盖物/体表覆盖物/头发/发型/发型
发夹,2,3334:V2融合世界标签体系/通用分类标签/人造物体/五金工具/紧固件/别针/发夹 || 3346:V2融合世界标签体系/通用分类标签/人造物体/五金工具/紧固件/夹子/发夹
发射器,2,7596:V2融合世界标签体系/通用分类标签/人造物体/发射器 || 32864:V2融合世界标签体系/IP 分类标签/地标与武器 IP/武器/军火/发射器
发油,2,9906:V2融合世界标签体系/通用分类标签/人造物体/洗漱用品/发油 || 9908:V2融合世界标签体系/通用分类标签/人造物体/洗漱用品/发油/润发油/发油
发胶,2,9909:V2融合世界标签体系/通用分类标签/人造物体/洗漱用品/发胶 || 9910:V2融合世界标签体系/通用分类标签/人造物体/洗漱用品/发胶
发脾气,2,1898:V2融合世界标签体系/通用分类标签/人物与人体/表情/愤怒/坏脾气/发脾气 || 26280:V2融合世界标签体系/通用分类标签/行为动作/发脾气
取得,2,26952:V2融合世界标签体系/通用分类标签/行为动作/获取/取得 || 32036:V2融合世界标签体系/通用分类标签/知识与学科/取得
变焦镜头,2,7376:V2融合世界标签体系/通用分类标签/人造物体/光学设备/透镜/光学透镜/变焦镜头 || 7377:V2融合世界标签体系/通用分类标签/人造物体/光学设备/透镜/光学透镜/变焦镜头
变色龙,2,2548:V2融合世界标签体系/通用分类标签/人物与人体/变色龙 || 13858:V2融合世界标签体系/通用分类标签/动物/爬行动物/双孔亚纲动物/蜥形动物/蜥蜴/变色龙
口套,2,10512:V2融合世界标签体系/通用分类标签/人造物体/约束/口套 || 10513:V2融合世界标签体系/通用分类标签/人造物体/约束/口套
口琴,2,3287:V2融合世界标签体系/通用分类标签/人造物体/中西乐器/管乐器/自由簧乐器/口琴 || 29881:V2融合世界标签体系/通用分类标签/声音/乐器/口琴
口红,2,7597:V2融合世界标签体系/通用分类标签/人造物体/口红 || 9895:V2融合世界标签体系/通用分类标签/人造物体/洗漱用品/化妆品/化妆/口红
古代的,2,2549:V2融合世界标签体系/通用分类标签/人物与人体/古代的 || 2665:V2融合世界标签体系/通用分类标签/人物与人体/大人/老人/古代的
古典音乐,2,19680:V2融合世界标签体系/通用分类标签/文字与信息图形/听觉交流/音乐流派/古典音乐 || 19967:V2融合世界标签体系/通用分类标签/文字与信息图形/表现风格/音乐流派/古典音乐
古钢琴,2,3208:V2融合世界标签体系/通用分类标签/人造物体/中西乐器/弦乐器/古钢琴 || 3231:V2融合世界标签体系/通用分类标签/人造物体/中西乐器/打击乐器/古钢琴
叩头虫,2,15264:V2融合世界标签体系/通用分类标签/动物/无脊椎动物/节肢动物/昆虫/甲虫/叩头虫 || 15265:V2融合世界标签体系/通用分类标签/动物/无脊椎动物/节肢动物/昆虫/甲虫/叩头虫/叩头虫
叫鹤,2,14176:V2融合世界标签体系/通用分类标签/动物/鸟类/涉禽/叫鹤 || 14177:V2融合世界标签体系/通用分类标签/动物/鸟类/涉禽/叫鹤
叭喇狗,2,11902:V2融合世界标签体系/通用分类标签/动物/哺乳动物/犬科动物/家犬/工作犬/叭喇狗 || 11964:V2融合世界标签体系/通用分类标签/动物/哺乳动物/犬科动物/家犬/猎犬/㹴犬/叭喇狗
可乐饮料,2,21482:V2融合世界标签体系/通用分类标签/植物/双子叶植物属/五桠果亚纲双子叶植物属/可乐饮料 || 29782:V2融合世界标签体系/通用分类标签/食物/软饮料/可乐饮料
可爱的,2,2340:V2融合世界标签体系/通用分类标签/人物与人体/劳动者/助手/模型/摄影模特/可爱的 || 30861:V2融合世界标签体系/通用分类标签/属性与状态/可爱的
可穿戴设备,2,7812:V2融合世界标签体系/通用分类标签/人造物体/商品/消费品/可穿戴设备 || 10878:V2融合世界标签体系/通用分类标签/人造物体/覆盖物/可穿戴设备
可转换的,2,30862:V2融合世界标签体系/通用分类标签/属性与状态/可转换的 || 30863:V2融合世界标签体系/通用分类标签/属性与状态/可转换的
台球台,2,9790:V2融合世界标签体系/通用分类标签/人造物体/桌子/台球台 || 9953:V2融合世界标签体系/通用分类标签/人造物体/游戏器材/台球台
台词,2,19507:V2融合世界标签体系/通用分类标签/文字与信息图形/书面交流/原文/台词 || 19508:V2融合世界标签体系/通用分类标签/文字与信息图形/书面交流/原文/台词/台词
台锯,2,7513:V2融合世界标签体系/通用分类标签/人造物体/动力工具/动力锯/圆形锯/台锯 || 9626:V2融合世界标签体系/通用分类标签/人造物体/机器/动力工具/动力锯/圆形锯/台锯
叶,2,24322:V2融合世界标签体系/通用分类标签/自然景观/植物结构/植物器官/叶 || 31922:V2融合世界标签体系/通用分类标签/材料与物质/纸/叶
叶菜,2,29054:V2融合世界标签体系/通用分类标签/食物/农产品/叶菜 || 29077:V2融合世界标签体系/通用分类标签/食物/农产品/蔬菜/叶菜
吃草,2,26288:V2融合世界标签体系/通用分类标签/行为动作/吃草 || 31041:V2融合世界标签体系/通用分类标签/属性与状态/形势/生理状态/病理状态/不健康/伤害/伤口/擦/吃草
吃饭的铃声,2,7335:V2融合世界标签体系/通用分类标签/人造物体/信号装置/钟/吃饭的铃声 || 8536:V2融合世界标签体系/通用分类标签/人造物体/声学装置/钟/吃饭的铃声
合成器,2,3258:V2融合世界标签体系/通用分类标签/人造物体/中西乐器/电子乐器/合成器 || 30184:V2融合世界标签体系/通用分类标签/声音/合成器
合流,2,24154:V2融合世界标签体系/通用分类标签/自然景观/合流 || 26394:V2融合世界标签体系/通用分类标签/行为动作/完整性变化/合流
吉他,2,6577:V2融合世界标签体系/通用分类标签/人造物体/益智玩具/吉他 || 29910:V2融合世界标签体系/通用分类标签/声音/乐器/拨弦乐器/吉他
吊坠,2,8423:V2融合世界标签体系/通用分类标签/人造物体/固定物/照明器材/吊坠 || 10108:V2融合世界标签体系/通用分类标签/人造物体/点缀/装饰/吊坠
吊带花饰皮裤,2,8121:V2融合世界标签体系/通用分类标签/人造物体/商品/消费品/可穿戴设备/衣服/裤子/泳裤/吊带花饰皮裤 || 11187:V2融合世界标签体系/通用分类标签/人造物体/覆盖物/可穿戴设备/衣服/裤子/泳裤/吊带花饰皮裤
吊床,2,7545:V2融合世界标签体系/通用分类标签/人造物体/卧室家具/床/吊床 || 23689:V2融合世界标签体系/通用分类标签/自然景观/地质地貌/丘陵/吊床
吊扇,2,10428:V2融合世界标签体系/通用分类标签/人造物体/电风扇/吊扇 || 10431:V2融合世界标签体系/通用分类标签/人造物体/电风扇/电风扇/吊扇
吊袜带,2,7968:V2融合世界标签体系/通用分类标签/人造物体/商品/消费品/可穿戴设备/衣服/不可言说之物/吊袜带 || 11034:V2融合世界标签体系/通用分类标签/人造物体/覆盖物/可穿戴设备/衣服/不可言说之物/吊袜带
同伴,2,1558:V2融合世界标签体系/通用分类标签/人物与人体/性别与生理属性/男性/同伴 || 2330:V2融合世界标签体系/通用分类标签/人物与人体/劳动者/助手/出席者/同伴
同情者,2,1416:V2融合世界标签体系/通用分类标签/人物与人体/人物关系与群体/朋友/同情者 || 2112:V2融合世界标签体系/通用分类标签/人物与人体/传播者/同情者
同被花被,2,24202:V2融合世界标签体系/通用分类标签/自然景观/天然覆盖物/同被花被 || 24336:V2融合世界标签体系/通用分类标签/自然景观/植物结构/植物器官/同被花被
后代,2,2000:V2融合世界标签体系/通用分类标签/人物与人体/亲属/后代 || 15060:V2融合世界标签体系/通用分类标签/动物/后代
后视镜,2,7586:V2融合世界标签体系/通用分类标签/人造物体/反射器/反射镜/汽车后视镜/后视镜 || 7589:V2融合世界标签体系/通用分类标签/人造物体/反射器/后视镜
后面,2,10625:V2融合世界标签体系/通用分类标签/人造物体/表面/侧面/后面 || 32292:V2融合世界标签体系/通用分类标签/知识与学科/界限/表面/后面
向导,2,2041:V2融合世界标签体系/通用分类标签/人物与人体/会长/向导 || 17818:V2融合世界标签体系/通用分类标签/建筑与基础设施/向导
向日葵田,2,16163:V2融合世界标签体系/通用分类标签/场景/自然户外场景/田野/向日葵田 || 21483:V2融合世界标签体系/通用分类标签/植物/向日葵田
君子兰,2,21484:V2融合世界标签体系/通用分类标签/植物/君子兰 || 21602:V2融合世界标签体系/通用分类标签/植物/显花植物/开花植物/君子兰
听诊器,2,4019:V2融合世界标签体系/通用分类标签/人造物体/医疗器械/医疗仪器/听诊器 || 4036:V2融合世界标签体系/通用分类标签/人造物体/医疗器械/听诊器
启动器,2,2043:V2融合世界标签体系/通用分类标签/人物与人体/会长/启动器 || 9685:V2融合世界标签体系/通用分类标签/人造物体/机器/发动机/电动机/启动器
吸入器,2,7797:V2融合世界标签体系/通用分类标签/人造物体/呼吸器/吸入器 || 8599:V2融合世界标签体系/通用分类标签/人造物体/容器/分配器/吸入器
吸尘器,2,5131:V2融合世界标签体系/通用分类标签/人造物体/家用电器/吸尘器 || 5140:V2融合世界标签体系/通用分类标签/人造物体/家用电器/吸尘器
吸盘,2,7793:V2融合世界标签体系/通用分类标签/人造物体/吸盘 || 29367:V2融合世界标签体系/通用分类标签/食物/摩托人力车/甜食/糖制食品/吸盘
吹哨者,2,11801:V2融合世界标签体系/通用分类标签/动物/哺乳动物/啮齿动物/土拨鼠/吹哨者 || 14674:V2融合世界标签体系/通用分类标签/动物/鸟类/水禽/水禽/雁形目鸟/鸭/吹哨者
呐喊者,2,14248:V2融合世界标签体系/通用分类标签/动物/鸟类/涉禽/起重机/呐喊者 || 14659:V2融合世界标签体系/通用分类标签/动物/鸟类/水禽/天鹅/呐喊者
味道,2,19740:V2融合世界标签体系/通用分类标签/文字与信息图形/味道 || 32057:V2融合世界标签体系/通用分类标签/知识与学科/味道
呻吟声,2,30042:V2融合世界标签体系/通用分类标签/声音/人类声音/人声/呻吟声 || 30043:V2融合世界标签体系/通用分类标签/声音/人类声音/人声/呻吟声
呼呼声,2,15500:V2融合世界标签体系/通用分类标签/动物/猫头鹰/呼呼声 || 30319:V2融合世界标签体系/通用分类标签/声音/拟声法/呼呼声
呼啦圈,2,10175:V2融合世界标签体系/通用分类标签/人造物体/玩具/呼啦圈 || 10176:V2融合世界标签体系/通用分类标签/人造物体/玩具/呼啦圈
咖啡壶,2,4280:V2融合世界标签体系/通用分类标签/人造物体/厨房餐厨用品/炊具/壶/咖啡壶 || 5108:V2融合世界标签体系/通用分类标签/人造物体/家用电器/厨房用具/咖啡壶
咖啡师,2,29312:V2融合世界标签体系/通用分类标签/食物/咖啡师 || 29313:V2融合世界标签体系/通用分类标签/食物/咖啡师
咖啡杯,2,4345:V2融合世界标签体系/通用分类标签/人造物体/厨房餐厨用品/餐具/陶瓷餐具/杯/咖啡杯 || 8763:V2融合世界标签体系/通用分类标签/人造物体/容器/器皿/饮水器/圆筒形有柄大杯/咖啡杯
咯咯笑声,2,19657:V2融合世界标签体系/通用分类标签/文字与信息图形/听觉交流/话语/笑/咯咯笑声 || 30060:V2融合世界标签体系/通用分类标签/声音/人类声音/人声/笑声/咯咯笑声
咸水矮让木,2,20147:V2融合世界标签体系/通用分类标签/植物/乔木灌木林木/乔木/咸水矮让木 || 20477:V2融合世界标签体系/通用分类标签/植物/乔木灌木林木/乔木/酸枝木树/咸水矮让木
品酒,2,25762:V2融合世界标签体系/通用分类标签/行为动作/社交互动动作/聚会/品酒 || 26311:V2融合世界标签体系/通用分类标签/行为动作/品酒
哈蒙德风琴,2,3259:V2融合世界标签体系/通用分类标签/人造物体/中西乐器/电子乐器/哈蒙德风琴 || 29943:V2融合世界标签体系/通用分类标签/声音/乐器/音乐键盘/管风琴/哈蒙德风琴
响尾蛇根,2,22357:V2融合世界标签体系/通用分类标签/植物/草本植物/响尾蛇根 || 22358:V2融合世界标签体系/通用分类标签/植物/草本植物/响尾蛇根
哑铃,2,6586:V2融合世界标签体系/通用分类标签/人造物体/益智玩具/哑铃 || 7248:V2融合世界标签体系/通用分类标签/人造物体/体育器材/健身重物/哑铃
唱片制作人,2,2296:V2融合世界标签体系/通用分类标签/人物与人体/创造者/唱片制作人 || 30216:V2融合世界标签体系/通用分类标签/声音/唱片制作人
啄木鸟,2,14553:V2融合世界标签体系/通用分类标签/动物/鸟类/䴕形目鸟类/啄木鸟 || 14831:V2融合世界标签体系/通用分类标签/动物/鸟类/雀形目鸟类/霸鹟科鸟类/啄木鸟
商业机构,2,18073:V2融合世界标签体系/通用分类标签/建筑与基础设施/机构/商业机构 || 18075:V2融合世界标签体系/通用分类标签/建筑与基础设施/机构/商业机构/商业机构
商人,2,3113:V2融合世界标签体系/通用分类标签/人物与人体/资本家/商业人士/商人 || 3115:V2融合世界标签体系/通用分类标签/人物与人体/资本家/商业人士/商人
商务西装,2,7942:V2融合世界标签体系/通用分类标签/人造物体/商品/消费品/可穿戴设备/衣服/一套衣服/商务西装 || 11008:V2融合世界标签体系/通用分类标签/人造物体/覆盖物/可穿戴设备/衣服/一套衣服/商务西装
商店橱窗,2,18030:V2融合世界标签体系/通用分类标签/建筑与基础设施/支承结构/构架/窗户/商店橱窗 || 18031:V2融合世界标签体系/通用分类标签/建筑与基础设施/支承结构/构架/窗户/商店橱窗
商标,2,19579:V2融合世界标签体系/通用分类标签/文字与信息图形/信号/代号/商标 || 19600:V2融合世界标签体系/通用分类标签/文字与信息图形/信号/代号/记号笔/商标
啤酒,2,28651:V2融合世界标签体系/通用分类标签/食物/饮品类/啤酒 || 29659:V2融合世界标签体系/通用分类标签/食物/致醉物/酿造饮料/啤酒
啤酒杯,2,8764:V2融合世界标签体系/通用分类标签/人造物体/容器/器皿/饮水器/圆筒形有柄大杯/啤酒杯 || 8851:V2融合世界标签体系/通用分类标签/人造物体/容器/杯子/啤酒杯
啦啦队员,2,1417:V2融合世界标签体系/通用分类标签/人物与人体/人物关系与群体/朋友/啦啦队员 || 2044:V2融合世界标签体系/通用分类标签/人物与人体/会长/啦啦队员
啪声,2,29159:V2融合世界标签体系/通用分类标签/食物/农产品/蔬菜/豆科植物/蚕豆/菜豆/鲜豆/四季豆/啪声 || 30217:V2融合世界标签体系/通用分类标签/声音/啪声
喇叭花,2,21302:V2融合世界标签体系/通用分类标签/植物/草本竹藤植物/藤本植物/喇叭花 || 21304:V2融合世界标签体系/通用分类标签/植物/草本竹藤植物/藤本植物/喇叭花/喇叭花
喇叭裤,2,8114:V2融合世界标签体系/通用分类标签/人造物体/商品/消费品/可穿戴设备/衣服/裤子/喇叭裤 || 11180:V2融合世界标签体系/通用分类标签/人造物体/覆盖物/可穿戴设备/衣服/裤子/喇叭裤
喘鸣,2,26306:V2融合世界标签体系/通用分类标签/行为动作/呼吸/喘鸣 || 26307:V2融合世界标签体系/通用分类标签/行为动作/呼吸/喘鸣
喜剧演员,2,3072:V2融合世界标签体系/通用分类标签/人物与人体/表演者/表演者/喜剧演员 || 3082:V2融合世界标签体系/通用分类标签/人物与人体/表演者/表演者/演员/喜剧演员
喜剧电影,2,18461:V2融合世界标签体系/通用分类标签/文化艺术与媒介/影视视频/电影/喜剧电影 || 18462:V2融合世界标签体系/通用分类标签/文化艺术与媒介/影视视频/电影/喜剧电影
喜鹊,2,14508:V2融合世界标签体系/通用分类标签/动物/鸟类/鸣禽/鸦科鸟类/喜鹊 || 14509:V2融合世界标签体系/通用分类标签/动物/鸟类/鸣禽/鸦科鸟类/喜鹊/喜鹊
喧闹声,2,30114:V2融合世界标签体系/通用分类标签/声音/人类群体行为/喧闹声 || 30220:V2融合世界标签体系/通用分类标签/声音/喧闹声
喷气发动机,2,980:V2融合世界标签体系/通用分类标签/交通工具/航空器/航空发动机/喷气发动机 || 9663:V2融合世界标签体系/通用分类标签/人造物体/机器/发动机/发动机/反作用推进发动机/喷气发动机
嗖嗖声,2,30323:V2融合世界标签体系/通用分类标签/声音/拟声法/嗖嗖声 || 30520:V2融合世界标签体系/通用分类标签/声音/箭/嗖嗖声
嗡嗡声,2,30222:V2融合世界标签体系/通用分类标签/声音/嗡嗡声 || 30223:V2融合世界标签体系/通用分类标签/声音/嗡嗡声
嘉年华,2,26004:V2融合世界标签体系/通用分类标签/行为动作/休养/娱乐/演出/嘉年华 || 26029:V2融合世界标签体系/通用分类标签/行为动作/休养/庆典/节/嘉年华
嘲鸫,2,9613:V2融合世界标签体系/通用分类标签/人造物体/机器/农业机器/嘲鸫 || 14367:V2融合世界标签体系/通用分类标签/动物/鸟类/鸣禽/嘲鸫
嘴,2,2954:V2融合世界标签体系/通用分类标签/人物与人体/爱人/嘴 || 18254:V2融合世界标签体系/通用分类标签/建筑与基础设施/走廊/孔口/嘴
嘶嘶气泡,2,29318:V2融合世界标签体系/通用分类标签/食物/嘶嘶气泡 || 30227:V2融合世界标签体系/通用分类标签/声音/嘶嘶气泡
嘻哈艺人,2,2297:V2融合世界标签体系/通用分类标签/人物与人体/创造者/嘻哈艺人 || 2562:V2融合世界标签体系/通用分类标签/人物与人体/嘻哈艺人
四孢蘑菇,2,23014:V2融合世界标签体系/通用分类标签/真菌与微生物/菌类/担子菌/伞菌/四孢蘑菇 || 23015:V2融合世界标签体系/通用分类标签/真菌与微生物/菌类/担子菌/伞菌/四孢蘑菇
四足动物,2,15524:V2融合世界标签体系/通用分类标签/动物/脊索动物/有颅动物/四足动物 || 15525:V2融合世界标签体系/通用分类标签/动物/脊索动物/有颅动物/四足动物/四足动物
四轮旱冰鞋,2,7255:V2融合世界标签体系/通用分类标签/人造物体/体育器材/冰鞋/四轮旱冰鞋 || 7256:V2融合世界标签体系/通用分类标签/人造物体/体育器材/冰鞋/四轮旱冰鞋
四轮驱动,2,1080:V2融合世界标签体系/通用分类标签/交通工具/轮式车辆/自行式车辆/机动车/四轮驱动 || 9590:V2融合世界标签体系/通用分类标签/人造物体/机制/齿轮/传动系统/四轮驱动
回鹘豆,2,22610:V2融合世界标签体系/通用分类标签/植物/草本植物/豆科植物/回鹘豆 || 24366:V2融合世界标签体系/通用分类标签/自然景观/植物结构/植物器官/生殖结构/果子/圆荚体/豆科植物/回鹘豆
团队合影,2,18834:V2融合世界标签体系/通用分类标签/文化艺术与媒介/团队合影 || 19098:V2融合世界标签体系/通用分类标签/文化艺术与媒介/表征/团队合影
园丁,2,1933:V2融合世界标签体系/通用分类标签/人物与人体/专家/园艺师/园丁 || 2473:V2融合世界标签体系/通用分类标签/人物与人体/劳动者/职员/园丁
园艺剪,2,7438:V2融合世界标签体系/通用分类标签/人造物体/切割器具/切削工具/刃具/一把剪刀/大剪刀/园艺剪 || 8354:V2融合世界标签体系/通用分类标签/人造物体/器具/棒/杠杆/复式杠杆/一把剪刀/大剪刀/园艺剪
围场,2,17604:V2融合世界标签体系/通用分类标签/建筑与基础设施/区/围场 || 17638:V2融合世界标签体系/通用分类标签/建筑与基础设施/区/围场/笔/围场
围裙,2,8162:V2融合世界标签体系/通用分类标签/人造物体/商品/消费品/可穿戴设备/防护服装/围裙 || 11228:V2融合世界标签体系/通用分类标签/人造物体/覆盖物/可穿戴设备/防护服装/围裙
围颈带/领口,2,8408:V2融合世界标签体系/通用分类标签/人造物体/围颈带/领口 || 9734:V2融合世界标签体系/通用分类标签/人造物体/条带/乐队/围颈带/领口
固定装置,2,3344:V2融合世界标签体系/通用分类标签/人造物体/五金工具/紧固件/固定装置 || 8428:V2融合世界标签体系/通用分类标签/人造物体/固定装置
国王,2,2130:V2融合世界标签体系/通用分类标签/人物与人体/传播者/谈判者/代表/国家元首/元首/国王 || 2796:V2融合世界标签体系/通用分类标签/人物与人体/摇摆者/元首/国王
国际象棋,2,21271:V2融合世界标签体系/通用分类标签/植物/草本竹藤植物/牧草/雀麦/国际象棋 || 24819:V2融合世界标签体系/通用分类标签/行为动作/休闲娱乐动作/游戏/室内聚会游戏/桌游/国际象棋
图像,2,18874:V2融合世界标签体系/通用分类标签/文化艺术与媒介/平面艺术/图像 || 19099:V2融合世界标签体系/通用分类标签/文化艺术与媒介/表征/图像
图像扫描仪,2,10319:V2融合世界标签体系/通用分类标签/人造物体/电子器件/图像扫描仪 || 10370:V2融合世界标签体系/通用分类标签/人造物体/电子设备/外围设备/数据输入装置/图像扫描仪
图标,2,19109:V2融合世界标签体系/通用分类标签/文化艺术与媒介/表征/图标 || 19580:V2融合世界标签体系/通用分类标签/文字与信息图形/信号/代号/图标
图表,2,19976:V2融合世界标签体系/通用分类标签/文字与信息图形/视觉传达/图表 || 19978:V2融合世界标签体系/通用分类标签/文字与信息图形/视觉传达/图表
图钉,2,3372:V2融合世界标签体系/通用分类标签/人造物体/五金工具/紧固件/纸张紧固件/图钉 || 3384:V2融合世界标签体系/通用分类标签/人造物体/五金工具/紧固件/钉子/平头钉/图钉
圆,2,30790:V2融合世界标签体系/通用分类标签/属性与状态/人物形象/平面图形/二次曲线/椭圆/圆 || 30876:V2融合世界标签体系/通用分类标签/属性与状态/圆
圆刨,2,7473:V2融合世界标签体系/通用分类标签/人造物体/切割器具/切削工具/刃具/木工刨/圆刨 || 9153:V2融合世界标签体系/通用分类标签/人造物体/手工工具/木工刨/圆刨
圆号,2,3298:V2融合世界标签体系/通用分类标签/人造物体/中西乐器/管乐器/铜管乐器/圆号 || 29937:V2融合世界标签体系/通用分类标签/声音/乐器/铜管乐器/圆号
圆形剧场,2,17248:V2融合世界标签体系/通用分类标签/建筑与基础设施/文化体育建筑/体育场/圆形剧场 || 18377:V2融合世界标签体系/通用分类标签/建筑与基础设施/阳台/画廊/圆形剧场
圆形大厅,2,17720:V2融合世界标签体系/通用分类标签/建筑与基础设施/区/室/圆形大厅 || 17820:V2融合世界标签体系/通用分类标签/建筑与基础设施/圆形大厅
圆形锯,2,7512:V2融合世界标签体系/通用分类标签/人造物体/动力工具/动力锯/圆形锯 || 9625:V2融合世界标签体系/通用分类标签/人造物体/机器/动力工具/动力锯/圆形锯
圆材,2,8316:V2融合世界标签体系/通用分类标签/人造物体/器具/杆/杆/圆材 || 31894:V2融合世界标签体系/通用分类标签/材料与物质/矿物/圆材
圆柱体,2,8769:V2融合世界标签体系/通用分类标签/人造物体/容器/圆柱体 || 30882:V2融合世界标签体系/通用分类标签/属性与状态/圆形/圆柱体
圆桌,2,9793:V2融合世界标签体系/通用分类标签/人造物体/桌子/圆桌 || 19648:V2融合世界标签体系/通用分类标签/文字与信息图形/听觉交流/言语/会议/圆桌
圆锥帐篷,2,17512:V2融合世界标签体系/通用分类标签/建筑与基础设施/住宅/住处/印第安棚屋/圆锥帐篷 || 17903:V2融合世界标签体系/通用分类标签/建筑与基础设施/庇护所/可折叠庇护所/圆锥帐篷
圆顶,2,17909:V2融合世界标签体系/通用分类标签/建筑与基础设施/庇护所/可折叠庇护所/帆布/圆顶 || 30722:V2融合世界标签体系/通用分类标签/属性与状态/三维形状/中央凹陷/圆顶
圈,2,18061:V2融合世界标签体系/通用分类标签/建筑与基础设施/支承结构/骨架/圈 || 31210:V2融合世界标签体系/通用分类标签/属性与状态/线/曲线/封闭曲线/简单封闭性状/圈
圈撑裙,2,8052:V2融合世界标签体系/通用分类标签/人造物体/商品/消费品/可穿戴设备/衣服/女裙/圈撑裙 || 11118:V2融合世界标签体系/通用分类标签/人造物体/覆盖物/可穿戴设备/衣服/女裙/圈撑裙
土人的腰布,2,7990:V2融合世界标签体系/通用分类标签/人造物体/商品/消费品/可穿戴设备/衣服/土人的腰布 || 11056:V2融合世界标签体系/通用分类标签/人造物体/覆盖物/可穿戴设备/衣服/土人的腰布
土地,2,18836:V2融合世界标签体系/通用分类标签/文化艺术与媒介/土地 || 21495:V2融合世界标签体系/通用分类标签/植物/土地
土坚果,2,22990:V2融合世界标签体系/通用分类标签/真菌与微生物/菌类/土坚果 || 24399:V2融合世界标签体系/通用分类标签/自然景观/植物结构/植物器官/生殖结构/果子/种子/坚果/食用坚果/土坚果
土坯房,2,17414:V2融合世界标签体系/通用分类标签/建筑与基础设施/H类住宅/土坯房 || 17488:V2融合世界标签体系/通用分类标签/建筑与基础设施/住宅/住处/H类住宅/土坯房
土耳其帽形植物,2,22126:V2融合世界标签体系/通用分类标签/植物/球根植物/百合科植物/百合/土耳其帽形植物 || 22127:V2融合世界标签体系/通用分类标签/植物/球根植物/百合科植物/百合/土耳其帽形植物
土耳其栎,2,20348:V2融合世界标签体系/通用分类标签/植物/乔木灌木林木/乔木/栎树/土耳其栎 || 20349:V2融合世界标签体系/通用分类标签/植物/乔木灌木林木/乔木/栎树/土耳其栎
土耳其毛巾,2,7642:V2融合世界标签体系/通用分类标签/人造物体/台布/一块布/毛巾/浴巾/土耳其毛巾 || 8214:V2融合世界标签体系/通用分类标签/人造物体/商品/纺织品/大型白色家电/亚麻制品/浴室亚麻布/浴巾/土耳其毛巾
土豆泥,2,29109:V2融合世界标签体系/通用分类标签/食物/农产品/蔬菜/根菜类/土豆/土豆泥 || 29131:V2融合世界标签体系/通用分类标签/食物/农产品/蔬菜/茄科蔬菜/土豆/土豆泥
圣埃美隆葡萄酒,2,29626:V2融合世界标签体系/通用分类标签/食物/致醉物/葡萄酒/波尔多/波尔多红葡萄酒/圣埃美隆葡萄酒 || 29650:V2融合世界标签体系/通用分类标签/食物/致醉物/葡萄酒/红葡萄酒/波尔多红葡萄酒/圣埃美隆葡萄酒
圣女果,2,22485:V2融合世界标签体系/通用分类标签/植物/草本植物/洋柿子/圣女果 || 29136:V2融合世界标签体系/通用分类标签/食物/农产品/蔬菜/茄科蔬菜/番茄/圣女果
圣杯,2,4347:V2融合世界标签体系/通用分类标签/人造物体/厨房餐厨用品/餐具/陶瓷餐具/杯/圣杯 || 4348:V2融合世界标签体系/通用分类标签/人造物体/厨房餐厨用品/餐具/陶瓷餐具/杯/圣杯/圣杯
圣诞灯,2,8458:V2融合世界标签体系/通用分类标签/人造物体/圣诞灯 || 18837:V2融合世界标签体系/通用分类标签/文化艺术与媒介/圣诞灯
圣诞球,2,10076:V2融合世界标签体系/通用分类标签/人造物体/点缀/圣诞挂饰/圣诞球 || 30888:V2融合世界标签体系/通用分类标签/属性与状态/圆形/球/圣诞球
圣诞袜,2,8193:V2融合世界标签体系/通用分类标签/人造物体/商品/消费品/可穿戴设备/鞋子/袜类/长筒袜/圣诞袜 || 11259:V2融合世界标签体系/通用分类标签/人造物体/覆盖物/可穿戴设备/鞋子/袜类/长筒袜/圣诞袜
圣诞装饰,2,8459:V2融合世界标签体系/通用分类标签/人造物体/圣诞装饰 || 10078:V2融合世界标签体系/通用分类标签/人造物体/点缀/圣诞装饰
圣鹮,2,14185:V2融合世界标签体系/通用分类标签/动物/鸟类/涉禽/朱鹭/圣鹮 || 14186:V2融合世界标签体系/通用分类标签/动物/鸟类/涉禽/朱鹭/圣鹮
地图,2,19125:V2融合世界标签体系/通用分类标签/文化艺术与媒介/表征/地图 || 19747:V2融合世界标签体系/通用分类标签/文字与信息图形/地图
地垫,2,11264:V2融合世界标签体系/通用分类标签/人造物体/覆盖物/地板蒙布/地垫 || 11265:V2融合世界标签体系/通用分类标签/人造物体/覆盖物/地板蒙布/地垫
地层,2,2580:V2融合世界标签体系/通用分类标签/人物与人体/地层 || 32086:V2融合世界标签体系/通用分类标签/知识与学科/地层
地球,2,23840:V2融合世界标签体系/通用分类标签/自然景观/天文天象气象/行星/类地行星/地球 || 31729:V2融合世界标签体系/通用分类标签/材料与物质/地球
地球仪,2,3518:V2融合世界标签体系/通用分类标签/人造物体/办公文具/地球仪 || 10213:V2融合世界标签体系/通用分类标签/人造物体/球体/地球仪
地窖,2,9233:V2融合世界标签体系/通用分类标签/人造物体/挖掘/地窖 || 17591:V2融合世界标签体系/通用分类标签/建筑与基础设施/区/储存空间/地窖
地钱,2,31516:V2融合世界标签体系/通用分类标签/时间数量与度量/无维管生物/苔藓植物/地钱 || 31517:V2融合世界标签体系/通用分类标签/时间数量与度量/无维管生物/苔藓植物/地钱/地钱
地铁列车,2,682:V2融合世界标签体系/通用分类标签/交通工具/公共运输/列车/地铁列车 || 729:V2融合世界标签体系/通用分类标签/交通工具/地铁列车
坎祖长袍,2,7991:V2融合世界标签体系/通用分类标签/人造物体/商品/消费品/可穿戴设备/衣服/坎祖长袍 || 11057:V2融合世界标签体系/通用分类标签/人造物体/覆盖物/可穿戴设备/衣服/坎祖长袍
坐,2,26327:V2融合世界标签体系/通用分类标签/行为动作/坐 || 30909:V2融合世界标签体系/通用分类标签/属性与状态/坐
坑,2,9234:V2融合世界标签体系/通用分类标签/人造物体/挖掘/坑 || 24132:V2融合世界标签体系/通用分类标签/自然景观/凹陷地/中空的/坑
坚固+的,2,30911:V2融合世界标签体系/通用分类标签/属性与状态/坚固+的 || 30912:V2融合世界标签体系/通用分类标签/属性与状态/坚固+的
坚果,2,8515:V2融合世界标签体系/通用分类标签/人造物体/块状物/坚果 || 24395:V2融合世界标签体系/通用分类标签/自然景观/植物结构/植物器官/生殖结构/果子/种子/坚果
坦克服,2,8083:V2融合世界标签体系/通用分类标签/人造物体/商品/消费品/可穿戴设备/衣服/泳衣/坦克服 || 11149:V2融合世界标签体系/通用分类标签/人造物体/覆盖物/可穿戴设备/衣服/泳衣/坦克服
垂挂织物,2,8584:V2融合世界标签体系/通用分类标签/人造物体/家具/垂挂织物 || 10799:V2融合世界标签体系/通用分类标签/人造物体/覆盖物/保护/屏幕/垂挂织物
垃圾填埋场,2,24137:V2融合世界标签体系/通用分类标签/自然景观/凹陷地/低地/垃圾填埋场 || 26330:V2融合世界标签体系/通用分类标签/行为动作/垃圾填埋场
垃圾桶,2,4807:V2融合世界标签体系/通用分类标签/人造物体/家具大件/垃圾桶 || 8792:V2融合世界标签体系/通用分类标签/人造物体/容器/容器/垃圾桶
垃圾车,2,526:V2融合世界标签体系/通用分类标签/交通工具/陆地民用车辆/货车/垃圾车 || 531:V2融合世界标签体系/通用分类标签/交通工具/陆地民用车辆/货车/手拉车/垃圾车
垒位,2,9304:V2融合世界标签体系/通用分类标签/人造物体/支持/垒位 || 10715:V2融合世界标签体系/通用分类标签/人造物体/装置/军事设施/垒位
垒球,2,9970:V2融合世界标签体系/通用分类标签/人造物体/游戏器材/球/垒球 || 25109:V2融合世界标签体系/通用分类标签/行为动作/体育运动动作/球类运动/棒球/垒球
垫圈,2,2346:V2融合世界标签体系/通用分类标签/人物与人体/劳动者/垫圈 || 3364:V2融合世界标签体系/通用分类标签/人造物体/五金工具/紧固件/海豹/垫圈
埃克斯穆尔,2,12143:V2融合世界标签体系/通用分类标签/动物/哺乳动物/马科动物/家马/小型马/埃克斯穆尔 || 12394:V2融合世界标签体系/通用分类标签/动物/哺乳动物/有胎盘的/有蹄哺乳动物/偶蹄动物/反刍动物/牛科动物/绵羊/家羊/埃克斯穆尔
城墙,2,17830:V2融合世界标签体系/通用分类标签/建筑与基础设施/城墙 || 25125:V2融合世界标签体系/通用分类标签/行为动作/冲突与执法动作/防御/军需品/城墙
城市景观,2,17832:V2融合世界标签体系/通用分类标签/建筑与基础设施/城市景观 || 24162:V2融合世界标签体系/通用分类标签/自然景观/城市景观
城镇广场,2,21469:V2融合世界标签体系/通用分类标签/植物/公共广场/城镇广场 || 26331:V2融合世界标签体系/通用分类标签/行为动作/城镇广场
堆,2,9360:V2融合世界标签体系/通用分类标签/人造物体/支持/结构构件/垂直方向/支柱/堆 || 32180:V2融合世界标签体系/通用分类标签/知识与学科/收藏品集合/堆
堆肥,2,26334:V2融合世界标签体系/通用分类标签/行为动作/堆肥 || 31860:V2融合世界标签体系/通用分类标签/材料与物质/混合物/堆肥
塑料袋,2,8610:V2融合世界标签体系/通用分类标签/人造物体/容器/包/塑料袋 || 8612:V2融合世界标签体系/通用分类标签/人造物体/容器/包/塑料袋
塔,2,789:V2融合世界标签体系/通用分类标签/交通工具/容器/小船/塔 || 17834:V2融合世界标签体系/通用分类标签/建筑与基础设施/塔
塔巴斯科辣椒,2,28428:V2融合世界标签体系/通用分类标签/食物/调味品/汁/辣酱/塔巴斯科辣椒 || 29144:V2融合世界标签体系/通用分类标签/食物/农产品/蔬菜/茄科蔬菜/胡椒/辣椒/塔巴斯科辣椒
塔架,2,17840:V2融合世界标签体系/通用分类标签/建筑与基础设施/塔/塔架 || 17841:V2融合世界标签体系/通用分类标签/建筑与基础设施/塔/塔架
塞拉佩披肩,2,8032:V2融合世界标签体系/通用分类标签/人造物体/商品/消费品/可穿戴设备/衣服/外衣/披风/披肩/塞拉佩披肩 || 11098:V2融合世界标签体系/通用分类标签/人造物体/覆盖物/可穿戴设备/衣服/外衣/披风/披肩/塞拉佩披肩
塞维利亚酸橙,2,20252:V2融合世界标签体系/通用分类标签/植物/乔木灌木林木/乔木/开花乔木/果树/柑橘属/柑桔/塞维利亚酸橙 || 29208:V2融合世界标签体系/通用分类标签/食物/农产品/食用水果/柑橘属/柑橘/塞维利亚酸橙
填料,2,26606:V2融合世界标签体系/通用分类标签/行为动作/插入/填料 || 29824:V2融合世界标签体系/通用分类标签/食物/食品/混合物/填料
增压服,2,8163:V2融合世界标签体系/通用分类标签/人造物体/商品/消费品/可穿戴设备/防护服装/增压服 || 11229:V2融合世界标签体系/通用分类标签/人造物体/覆盖物/可穿戴设备/防护服装/增压服
墨西哥人,2,2193:V2融合世界标签体系/通用分类标签/人物与人体/住户/美国人/北美人/中美洲人/墨西哥人 || 2194:V2融合世界标签体系/通用分类标签/人物与人体/住户/美国人/北美人/中美洲人/墨西哥人/墨西哥人
墨西哥卷饼,2,28832:V2融合世界标签体系/通用分类标签/食物/一道菜/墨西哥卷饼 || 28834:V2融合世界标签体系/通用分类标签/食物/一道菜/墨西哥卷饼
壁式烛台,2,7391:V2融合世界标签体系/通用分类标签/人造物体/光源/光/壁式烛台 || 9306:V2融合世界标签体系/通用分类标签/人造物体/支持/墙壁托架/壁式烛台
壁板,2,8978:V2融合世界标签体系/通用分类标签/人造物体/建材/壁板 || 11419:V2融合世界标签体系/通用分类标签/人造物体/跑道/轨道/壁板
壁梅,2,21309:V2融合世界标签体系/通用分类标签/植物/草本竹藤植物/藤本植物/壁梅 || 21310:V2融合世界标签体系/通用分类标签/植物/草本竹藤植物/藤本植物/壁梅/壁梅
壁橱,2,17592:V2融合世界标签体系/通用分类标签/建筑与基础设施/区/储存空间/壁橱 || 17721:V2融合世界标签体系/通用分类标签/建筑与基础设施/区/室/壁橱
壁灯,2,7402:V2融合世界标签体系/通用分类标签/人造物体/光源/灯/壁灯 || 8425:V2融合世界标签体系/通用分类标签/人造物体/固定物/照明器材/灯具/壁灯
壁炉前地毯,2,8575:V2融合世界标签体系/通用分类标签/人造物体/家具/地毯/壁炉前地毯 || 11269:V2融合世界标签体系/通用分类标签/人造物体/覆盖物/地板蒙布/地毯/壁炉前地毯
壁画,2,18625:V2融合世界标签体系/通用分类标签/文化艺术与媒介/视觉艺术/壁画 || 32466:V2融合世界标签体系/IP 分类标签/作品与文化资产 IP/名画/壁画
壕沟,2,9238:V2融合世界标签体系/通用分类标签/人造物体/挖掘/排水沟/壕沟 || 9240:V2融合世界标签体系/通用分类标签/人造物体/挖掘/排水沟/壕沟
处方,2,19510:V2融合世界标签体系/通用分类标签/文字与信息图形/书面交流/处方 || 19845:V2融合世界标签体系/通用分类标签/文字与信息图形/方向/处方
复印件,2,19093:V2融合世界标签体系/通用分类标签/文化艺术与媒介/表征/副本/复印件 || 19116:V2融合世界标签体系/通用分类标签/文化艺术与媒介/表征/图画/复印件
复活节彩蛋,2,28872:V2融合世界标签体系/通用分类标签/食物/一道菜/水煮嫩蛋/全熟水煮蛋/复活节彩蛋 || 29369:V2融合世界标签体系/通用分类标签/食物/摩托人力车/甜食/糖制食品/复活节彩蛋
夏南瓜,2,21296:V2融合世界标签体系/通用分类标签/植物/草本竹藤植物/藤本植物/南瓜藤/夏南瓜 || 29100:V2融合世界标签体系/通用分类标签/食物/农产品/蔬菜/壁球运动/夏南瓜
外壳/围墙,2,8541:V2融合世界标签体系/通用分类标签/人造物体/外壳/围墙 || 18291:V2融合世界标签体系/通用分类标签/建筑与基础设施/辎重/屏障/击剑/外壳/围墙
外套服装,2,7825:V2融合世界标签体系/通用分类标签/人造物体/商品/消费品/可穿戴设备/外套服装 || 10891:V2融合世界标签体系/通用分类标签/人造物体/覆盖物/可穿戴设备/外套服装
外衣,2,7992:V2融合世界标签体系/通用分类标签/人造物体/商品/消费品/可穿戴设备/衣服/外衣 || 11058:V2融合世界标签体系/通用分类标签/人造物体/覆盖物/可穿戴设备/衣服/外衣
外表,2,30920:V2融合世界标签体系/通用分类标签/属性与状态/外表 || 32331:V2融合世界标签体系/通用分类标签/知识与学科/知识/表征/外表
外角,2,8989:V2融合世界标签体系/通用分类标签/人造物体/建材/建筑块/拱心石/外角 || 17860:V2融合世界标签体系/通用分类标签/建筑与基础设施/外角
多云天气,2,24163:V2融合世界标签体系/通用分类标签/自然景观/多云天气 || 24164:V2融合世界标签体系/通用分类标签/自然景观/多云天气
多米诺骨牌,2,8516:V2融合世界标签体系/通用分类标签/人造物体/块状物/多米诺骨牌 || 33147:V2融合世界标签体系/IP 分类标签/真人与人物 IP/音乐艺人/歌手/多米诺骨牌
夜市,2,16944:V2融合世界标签体系/通用分类标签/建筑与基础设施/商业办公建筑/市场/夜市 || 29322:V2融合世界标签体系/通用分类标签/食物/夜市
夜景,2,16596:V2融合世界标签体系/通用分类标签/场景/夜景 || 24166:V2融合世界标签体系/通用分类标签/自然景观/夜景
夜礼服,2,7912:V2融合世界标签体系/通用分类标签/人造物体/商品/消费品/可穿戴设备/打扮/夜礼服 || 10978:V2融合世界标签体系/通用分类标签/人造物体/覆盖物/可穿戴设备/打扮/夜礼服
夜空,2,31471:V2融合世界标签体系/通用分类标签/时间数量与度量/夜空 || 31472:V2融合世界标签体系/通用分类标签/时间数量与度量/夜空
大人物,2,2659:V2融合世界标签体系/通用分类标签/人物与人体/大人/有影响力的人/大人物 || 2661:V2融合世界标签体系/通用分类标签/人物与人体/大人/有影响力的人/大人物
大会堂,2,17462:V2融合世界标签体系/通用分类标签/建筑与基础设施/会堂/大会堂 || 17739:V2融合世界标签体系/通用分类标签/建筑与基础设施/区/室/大厅/大会堂
大使馆,2,16763:V2融合世界标签体系/通用分类标签/建筑与基础设施/公共服务建筑/政府建筑/外交建筑/大使馆 || 23559:V2融合世界标签体系/通用分类标签/组织机构与社会事件/大使馆
大剪刀,2,7435:V2融合世界标签体系/通用分类标签/人造物体/切割器具/切削工具/刃具/一把剪刀/大剪刀 || 8351:V2融合世界标签体系/通用分类标签/人造物体/器具/棒/杠杆/复式杠杆/一把剪刀/大剪刀
大型帆船,2,765:V2融合世界标签体系/通用分类标签/交通工具/容器/大型帆船 || 774:V2融合世界标签体系/通用分类标签/交通工具/容器/大型帆船/大型帆船
大型白色家电,2,5160:V2融合世界标签体系/通用分类标签/人造物体/家用电器/大型白色家电 || 8205:V2融合世界标签体系/通用分类标签/人造物体/商品/纺织品/大型白色家电
大学生,2,2928:V2融合世界标签体系/通用分类标签/人物与人体/注册者/受教育者/大学生 || 2929:V2融合世界标签体系/通用分类标签/人物与人体/注册者/受教育者/大学生/大学生
大学礼服,2,7919:V2融合世界标签体系/通用分类标签/人造物体/商品/消费品/可穿戴设备/打扮/服装/大学礼服 || 10985:V2融合世界标签体系/通用分类标签/人造物体/覆盖物/可穿戴设备/打扮/服装/大学礼服
大宗地产,2,17415:V2融合世界标签体系/通用分类标签/建筑与基础设施/H类住宅/大宗地产 || 17489:V2融合世界标签体系/通用分类标签/建筑与基础设施/住宅/住处/H类住宅/大宗地产
大小,2,30948:V2融合世界标签体系/通用分类标签/属性与状态/大小 || 30949:V2融合世界标签体系/通用分类标签/属性与状态/大小/大小
大席吉装,2,8103:V2融合世界标签体系/通用分类标签/人造物体/商品/消费品/可穿戴设备/衣服/衬衣/大席吉装 || 11169:V2融合世界标签体系/通用分类标签/人造物体/覆盖物/可穿戴设备/衣服/衬衣/大席吉装
大拇指,2,2618:V2融合世界标签体系/通用分类标签/人物与人体/外部身体部位/成员/手指/手指/大拇指 || 2631:V2融合世界标签体系/通用分类标签/人物与人体/外部身体部位/肢端/手指/大拇指
大捻角羚,2,12412:V2融合世界标签体系/通用分类标签/动物/哺乳动物/有胎盘的/有蹄哺乳动物/偶蹄动物/反刍动物/牛科动物/羚羊/大捻角羚 || 12413:V2融合世界标签体系/通用分类标签/动物/哺乳动物/有胎盘的/有蹄哺乳动物/偶蹄动物/反刍动物/牛科动物/羚羊/大捻角羚/大捻角羚
大气,2,2670:V2融合世界标签体系/通用分类标签/人物与人体/大气 || 24168:V2融合世界标签体系/通用分类标签/自然景观/大气状况/大气
大气电,2,26567:V2融合世界标签体系/通用分类标签/行为动作/排放/放电/大气电 || 26796:V2融合世界标签体系/通用分类标签/行为动作/物理现象/大气现象/大气电
大腿面,2,2622:V2融合世界标签体系/通用分类标签/人物与人体/外部身体部位/成员/翼/大腿/大腿面 || 10870:V2融合世界标签体系/通用分类标签/人造物体/覆盖物/口盖/大腿面
大花杓兰,2,21648:V2融合世界标签体系/通用分类标签/植物/显花植物/开花植物/开花植物/兰科植物/杓兰/大花杓兰 || 21650:V2融合世界标签体系/通用分类标签/植物/显花植物/开花植物/开花植物/兰科植物/杓兰/小花黄杓兰/大花杓兰
大蒜,2,22138:V2融合世界标签体系/通用分类标签/植物/球根植物/百合科植物/葱属植物/大蒜 || 29697:V2融合世界标签体系/通用分类标签/食物/调味剂/大蒜
大蚊,2,15222:V2融合世界标签体系/通用分类标签/动物/无脊椎动物/节肢动物/昆虫/双翅昆虫/大蚊 || 15346:V2融合世界标签体系/通用分类标签/动物/无脊椎动物/节肢动物/昆虫/蜻蛉目昆虫/大蚊
大螯虾,2,15184:V2融合世界标签体系/通用分类标签/动物/无脊椎动物/节肢动物/介虫/十足目动物/大螯虾 || 15186:V2融合世界标签体系/通用分类标签/动物/无脊椎动物/节肢动物/介虫/十足目动物/大螯虾/大螯虾
大陆,2,2671:V2融合世界标签体系/通用分类标签/人物与人体/大陆 || 18844:V2融合世界标签体系/通用分类标签/文化艺术与媒介/大陆
大黄,2,22387:V2融合世界标签体系/通用分类标签/植物/草本植物/大黄 || 29104:V2融合世界标签体系/通用分类标签/食物/农产品/蔬菜/大黄
大黄蜂,2,15322:V2融合世界标签体系/通用分类标签/动物/无脊椎动物/节肢动物/昆虫/膜翅目昆虫/胡蜂/胡蜂/大黄蜂 || 15335:V2融合世界标签体系/通用分类标签/动物/无脊椎动物/节肢动物/昆虫/膜翅目昆虫/蜂/大黄蜂
天井,2,17651:V2融合世界标签体系/通用分类标签/建筑与基础设施/区/天井 || 17658:V2融合世界标签体系/通用分类标签/建筑与基础设施/区/天井
天然树脂,2,31690:V2融合世界标签体系/通用分类标签/材料与物质/化合物/有机化合物/松香/天然树脂 || 31812:V2融合世界标签体系/通用分类标签/材料与物质/植物材料/植物产品/天然树脂
天然纤维,2,31746:V2融合世界标签体系/通用分类标签/材料与物质/天然纤维 || 31748:V2融合世界标签体系/通用分类标签/材料与物质/天然纤维/天然纤维
天竺鼠,2,11802:V2融合世界标签体系/通用分类标签/动物/哺乳动物/啮齿动物/天竺鼠 || 11803:V2融合世界标签体系/通用分类标签/动物/哺乳动物/啮齿动物/天竺鼠/天竺鼠
天蚕蛾,2,15357:V2融合世界标签体系/通用分类标签/动物/无脊椎动物/节肢动物/昆虫/鳞翅目昆虫/蛾/天蚕蛾 || 15363:V2融合世界标签体系/通用分类标签/动物/无脊椎动物/节肢动物/昆虫/鳞翅目昆虫/蛾/天蚕蛾/天蚕蛾
太平鸟,2,14371:V2融合世界标签体系/通用分类标签/动物/鸟类/鸣禽/太平鸟 || 14372:V2融合世界标签体系/通用分类标签/动物/鸟类/鸣禽/太平鸟/太平鸟
太阳能住宅,2,17416:V2融合世界标签体系/通用分类标签/建筑与基础设施/H类住宅/太阳能住宅 || 17490:V2融合世界标签体系/通用分类标签/建筑与基础设施/住宅/住处/H类住宅/太阳能住宅
太阳裙,2,7867:V2融合世界标签体系/通用分类标签/人造物体/商品/消费品/可穿戴设备/女装/女服/太阳裙 || 10933:V2融合世界标签体系/通用分类标签/人造物体/覆盖物/可穿戴设备/女装/女服/太阳裙
太阳鱼,2,13236:V2融合世界标签体系/通用分类标签/动物/水生非哺乳生物/硬骨鱼/真骨鱼/棘鳍目鱼/愈颌目/太阳鱼 || 13265:V2融合世界标签体系/通用分类标签/动物/水生非哺乳生物/硬骨鱼/真骨鱼/棘鳍目鱼/鲈形亚目鱼/太阳鱼
失败,2,23560:V2融合世界标签体系/通用分类标签/组织机构与社会事件/失败 || 26696:V2融合世界标签体系/通用分类标签/行为动作/未完成/失败
头,2,2613:V2融合世界标签体系/通用分类标签/人物与人体/外部身体部位/头 || 15087:V2融合世界标签体系/通用分类标签/动物/头
头发,2,17866:V2融合世界标签体系/通用分类标签/建筑与基础设施/头发 || 24181:V2融合世界标签体系/通用分类标签/自然景观/天然覆盖物/体表覆盖物/头发
头部覆盖物,2,8039:V2融合世界标签体系/通用分类标签/人造物体/商品/消费品/可穿戴设备/衣服/头部覆盖物 || 11105:V2融合世界标签体系/通用分类标签/人造物体/覆盖物/可穿戴设备/衣服/头部覆盖物
夹具,2,8434:V2融合世界标签体系/通用分类标签/人造物体/固定装置/夹具 || 8441:V2融合世界标签体系/通用分类标签/人造物体/固定装置/夹具
奇异果,2,2163:V2融合世界标签体系/通用分类标签/人物与人体/住户/奇异果 || 29185:V2融合世界标签体系/通用分类标签/食物/农产品/食用水果/奇异果
奖章,2,19593:V2融合世界标签体系/通用分类标签/文字与信息图形/信号/代号/奖项/奖章 || 19594:V2融合世界标签体系/通用分类标签/文字与信息图形/信号/代号/奖项/奖章
奖项,2,19583:V2融合世界标签体系/通用分类标签/文字与信息图形/信号/代号/奖项 || 26189:V2融合世界标签体系/通用分类标签/行为动作/分配/分摊/补助金/奖项
套房,2,17530:V2融合世界标签体系/通用分类标签/建筑与基础设施/住宅/公寓/套房 || 19638:V2融合世界标签体系/通用分类标签/文字与信息图形/听觉交流/乐曲/套房
套穿式服装,2,7964:V2融合世界标签体系/通用分类标签/人造物体/商品/消费品/可穿戴设备/衣服/不可言说之物/内裤/套穿式服装 || 11030:V2融合世界标签体系/通用分类标签/人造物体/覆盖物/可穿戴设备/衣服/不可言说之物/内裤/套穿式服装
套穿鞋,2,7850:V2融合世界标签体系/通用分类标签/人造物体/商品/消费品/可穿戴设备/套穿鞋 || 10916:V2融合世界标签体系/通用分类标签/人造物体/覆盖物/可穿戴设备/套穿鞋
套索,2,10534:V2融合世界标签体系/通用分类标签/人造物体/线/粗绳/套索 || 33141:V2融合世界标签体系/IP 分类标签/真人与人物 IP/音乐艺人/作曲家/套索
奥黛,2,7917:V2融合世界标签体系/通用分类标签/人造物体/商品/消费品/可穿戴设备/打扮/奥黛 || 10983:V2融合世界标签体系/通用分类标签/人造物体/覆盖物/可穿戴设备/打扮/奥黛
女上衣的上部,2,7854:V2融合世界标签体系/通用分类标签/人造物体/商品/消费品/可穿戴设备/女装/上衣/女上衣的上部 || 10920:V2融合世界标签体系/通用分类标签/人造物体/覆盖物/可穿戴设备/女装/上衣/女上衣的上部
女儿,2,1549:V2融合世界标签体系/通用分类标签/人物与人体/性别与生理属性/女性/女儿 || 1553:V2融合世界标签体系/通用分类标签/人物与人体/性别与生理属性/女性/雌性后代/女儿
女内衣,2,7953:V2融合世界标签体系/通用分类标签/人造物体/商品/消费品/可穿戴设备/衣服/不可言说之物/内衣/女内衣 || 11019:V2融合世界标签体系/通用分类标签/人造物体/覆盖物/可穿戴设备/衣服/不可言说之物/内衣/女内衣
女商人,2,757:V2融合世界标签体系/通用分类标签/交通工具/女商人 || 3128:V2融合世界标签体系/通用分类标签/人物与人体/资本家/商业人士/女商人
女士,2,1527:V2融合世界标签体系/通用分类标签/人物与人体/性别与生理属性/女性/女人/女士 || 2093:V2融合世界标签体系/通用分类标签/人物与人体/会长/贵族/女性贵族/女士
女孩,2,1528:V2融合世界标签体系/通用分类标签/人物与人体/性别与生理属性/女性/女人/女孩 || 1530:V2融合世界标签体系/通用分类标签/人物与人体/性别与生理属性/女性/女人/女孩/女孩
女帽,2,6057:V2融合世界标签体系/通用分类标签/人造物体/服饰全品/帽子/女帽 || 6060:V2融合世界标签体系/通用分类标签/人造物体/服饰全品/帽子/女帽
女式内衣,2,7973:V2融合世界标签体系/通用分类标签/人造物体/商品/消费品/可穿戴设备/衣服/不可言说之物/女式内衣 || 11039:V2融合世界标签体系/通用分类标签/人造物体/覆盖物/可穿戴设备/衣服/不可言说之物/女式内衣
女式晨衣,2,7861:V2融合世界标签体系/通用分类标签/人造物体/商品/消费品/可穿戴设备/女装/女式晨衣 || 10927:V2融合世界标签体系/通用分类标签/人造物体/覆盖物/可穿戴设备/女装/女式晨衣
女式衬衣,2,8104:V2融合世界标签体系/通用分类标签/人造物体/商品/消费品/可穿戴设备/衣服/衬衣/女式衬衣 || 11170:V2融合世界标签体系/通用分类标签/人造物体/覆盖物/可穿戴设备/衣服/衬衣/女式衬衣
女式衬衫,2,7855:V2融合世界标签体系/通用分类标签/人造物体/商品/消费品/可穿戴设备/女装/上衣/女式衬衫 || 10921:V2融合世界标签体系/通用分类标签/人造物体/覆盖物/可穿戴设备/女装/上衣/女式衬衫
女式衬裙,2,7873:V2融合世界标签体系/通用分类标签/人造物体/商品/消费品/可穿戴设备/女装/女服/女式衬裙 || 10939:V2融合世界标签体系/通用分类标签/人造物体/覆盖物/可穿戴设备/女装/女服/女式衬裙
女服,2,7863:V2融合世界标签体系/通用分类标签/人造物体/商品/消费品/可穿戴设备/女装/女服 || 10929:V2融合世界标签体系/通用分类标签/人造物体/覆盖物/可穿戴设备/女装/女服
女用披肩,2,7986:V2融合世界标签体系/通用分类标签/人造物体/商品/消费品/可穿戴设备/衣服/围巾/女用披肩 || 11052:V2融合世界标签体系/通用分类标签/人造物体/覆盖物/可穿戴设备/衣服/围巾/女用披肩
女用短上衣,2,8001:V2融合世界标签体系/通用分类标签/人造物体/商品/消费品/可穿戴设备/衣服/外衣/外套/夹克/女用短上衣 || 11067:V2融合世界标签体系/通用分类标签/人造物体/覆盖物/可穿戴设备/衣服/外衣/外套/夹克/女用短上衣
女用裙裤,2,8053:V2融合世界标签体系/通用分类标签/人造物体/商品/消费品/可穿戴设备/衣服/女裙/女用裙裤 || 11119:V2融合世界标签体系/通用分类标签/人造物体/覆盖物/可穿戴设备/衣服/女裙/女用裙裤
女用长围巾,2,7987:V2融合世界标签体系/通用分类标签/人造物体/商品/消费品/可穿戴设备/衣服/围巾/女用长围巾 || 11053:V2融合世界标签体系/通用分类标签/人造物体/覆盖物/可穿戴设备/衣服/围巾/女用长围巾
女装,2,7851:V2融合世界标签体系/通用分类标签/人造物体/商品/消费品/可穿戴设备/女装 || 10917:V2融合世界标签体系/通用分类标签/人造物体/覆盖物/可穿戴设备/女装
女裙,2,8049:V2融合世界标签体系/通用分类标签/人造物体/商品/消费品/可穿戴设备/衣服/女裙 || 11115:V2融合世界标签体系/通用分类标签/人造物体/覆盖物/可穿戴设备/衣服/女裙
姐妹,2,2013:V2融合世界标签体系/通用分类标签/人物与人体/亲属/女性亲属/姐妹 || 2705:V2融合世界标签体系/通用分类标签/人物与人体/宗教人士/宗教人士/修女/姐妹
委任制军官,2,2363:V2融合世界标签体系/通用分类标签/人物与人体/劳动者/技术工人/军事人员群体/军官/委任制军官 || 2365:V2融合世界标签体系/通用分类标签/人物与人体/劳动者/技术工人/军事人员群体/军官/委任制军官/委任制军官
姜饼屋,2,29329:V2融合世界标签体系/通用分类标签/食物/姜饼屋 || 29330:V2融合世界标签体系/通用分类标签/食物/姜饼屋
姜黄,2,22410:V2融合世界标签体系/通用分类标签/植物/草本植物/姜黄 || 29699:V2融合世界标签体系/通用分类标签/食物/调味剂/姜黄
姿势,2,26353:V2融合世界标签体系/通用分类标签/行为动作/姿势 || 30750:V2融合世界标签体系/通用分类标签/属性与状态/不自然性/矫揉造作/姿势
娱乐室,2,17746:V2融合世界标签体系/通用分类标签/建筑与基础设施/区/室/娱乐室 || 17748:V2融合世界标签体系/通用分类标签/建筑与基础设施/区/室/娱乐室/娱乐室
婚礼摄影师,2,32953:V2融合世界标签体系/IP 分类标签/真人与人物 IP/历史古人/艺术家/摄影师/婚礼摄影师 || 32954:V2融合世界标签体系/IP 分类标签/真人与人物 IP/历史古人/艺术家/摄影师/婚礼摄影师
婚礼花束,2,10093:V2融合世界标签体系/通用分类标签/人造物体/点缀/插花/婚礼花束 || 10095:V2融合世界标签体系/通用分类标签/人造物体/点缀/插花/花束/婚礼花束
婚纱,2,7871:V2融合世界标签体系/通用分类标签/人造物体/商品/消费品/可穿戴设备/女装/女服/女夜礼服/婚纱 || 10937:V2融合世界标签体系/通用分类标签/人造物体/覆盖物/可穿戴设备/女装/女服/女夜礼服/婚纱
婴儿座椅,2,9317:V2融合世界标签体系/通用分类标签/人造物体/支持/座位/婴儿座椅 || 9318:V2融合世界标签体系/通用分类标签/人造物体/支持/座位/婴儿座椅
婴儿换尿布台,2,8552:V2融合世界标签体系/通用分类标签/人造物体/婴儿换尿布台 || 9795:V2融合世界标签体系/通用分类标签/人造物体/桌子/婴儿换尿布台
婴儿摇篮,2,273:V2融合世界标签体系/通用分类标签/交通工具/畜力与传统载具/马车/婴儿摇篮 || 8550:V2融合世界标签体系/通用分类标签/人造物体/婴儿床/婴儿摇篮
婴儿衣服,2,7924:V2融合世界标签体系/通用分类标签/人造物体/商品/消费品/可穿戴设备/服装/婴儿衣服 || 10990:V2融合世界标签体系/通用分类标签/人造物体/覆盖物/可穿戴设备/服装/婴儿衣服
婴儿衣物,2,7882:V2融合世界标签体系/通用分类标签/人造物体/商品/消费品/可穿戴设备/婴儿衣物 || 10948:V2融合世界标签体系/通用分类标签/人造物体/覆盖物/可穿戴设备/婴儿衣物
婴儿食品,2,29331:V2融合世界标签体系/通用分类标签/食物/婴儿食品 || 29332:V2融合世界标签体系/通用分类标签/食物/婴儿食品
媒介,2,8553:V2融合世界标签体系/通用分类标签/人造物体/媒介 || 19758:V2融合世界标签体系/通用分类标签/文字与信息图形/媒介
嫁妆衣物,2,7907:V2融合世界标签体系/通用分类标签/人造物体/商品/消费品/可穿戴设备/打扮/全套服装/嫁妆衣物 || 10973:V2融合世界标签体系/通用分类标签/人造物体/覆盖物/可穿戴设备/打扮/全套服装/嫁妆衣物
子囊菌,2,22999:V2融合世界标签体系/通用分类标签/真菌与微生物/菌类/子囊菌 || 23000:V2融合世界标签体系/通用分类标签/真菌与微生物/菌类/子囊菌
子弹,2,1237:V2融合世界标签体系/通用分类标签/人物与人体/人体部位/手臂/导弹/子弹 || 32862:V2融合世界标签体系/IP 分类标签/地标与武器 IP/武器/军火/子弹
子弹带,2,8151:V2融合世界标签体系/通用分类标签/人造物体/商品/消费品/可穿戴设备/装备/带/子弹带 || 11217:V2融合世界标签体系/通用分类标签/人造物体/覆盖物/可穿戴设备/装备/带/子弹带
孕妇,2,1536:V2融合世界标签体系/通用分类标签/人物与人体/性别与生理属性/女性/女人/孕妇 || 30961:V2融合世界标签体系/通用分类标签/属性与状态/孕妇
季节,2,31437:V2融合世界标签体系/通用分类标签/时间数量与度量/基本量/一段时间/季节 || 31438:V2融合世界标签体系/通用分类标签/时间数量与度量/基本量/一段时间/季节
学习,2,25830:V2融合世界标签体系/通用分类标签/行为动作/艺术表演动作/绘画/学习 || 26359:V2融合世界标签体系/通用分类标签/行为动作/学习
学习者,2,2684:V2融合世界标签体系/通用分类标签/人物与人体/学习者 || 2879:V2融合世界标签体系/通用分类标签/人物与人体/智力/学习者
学位帽,2,6061:V2融合世界标签体系/通用分类标签/人造物体/服饰全品/帽子/学位帽 || 9089:V2融合世界标签体系/通用分类标签/人造物体/扁平立体/板/学位帽
学位袍,2,7827:V2融合世界标签体系/通用分类标签/人造物体/商品/消费品/可穿戴设备/外套服装/礼服/学位袍 || 10893:V2融合世界标签体系/通用分类标签/人造物体/覆盖物/可穿戴设备/外套服装/礼服/学位袍
学术会议,2,16111:V2融合世界标签体系/通用分类标签/场景/教育文化场景/学术会议 || 23163:V2融合世界标签体系/通用分类标签/组织机构与社会事件/会议与展览/学术会议
学生,2,1514:V2融合世界标签体系/通用分类标签/人物与人体/基础年龄属性/青年/学生 || 1738:V2融合世界标签体系/通用分类标签/人物与人体/职业身份/学生
安全头盔,2,7836:V2融合世界标签体系/通用分类标签/人造物体/商品/消费品/可穿戴设备/头具/兜鍪/安全头盔 || 10902:V2融合世界标签体系/通用分类标签/人造物体/覆盖物/可穿戴设备/头具/兜鍪/安全头盔
安全泄放旋塞,2,9458:V2融合世界标签体系/通用分类标签/人造物体/机制/控制/调节器/安全泄放旋塞 || 9466:V2融合世界标签体系/通用分类标签/人造物体/机制/控制/阀门/安全泄放旋塞
安装,2,17992:V2融合世界标签体系/通用分类标签/建筑与基础设施/支承结构/构架/安装 || 26362:V2融合世界标签体系/通用分类标签/行为动作/安装
完成,2,26363:V2融合世界标签体系/通用分类标签/行为动作/完成 || 26834:V2融合世界标签体系/通用分类标签/行为动作/状态变化/终止/完成
宗教人士,2,2686:V2融合世界标签体系/通用分类标签/人物与人体/宗教人士 || 2699:V2融合世界标签体系/通用分类标签/人物与人体/宗教人士/宗教人士
定位,2,26413:V2融合世界标签体系/通用分类标签/行为动作/定位 || 26414:V2融合世界标签体系/通用分类标签/行为动作/定位
定居者,2,2452:V2融合世界标签体系/通用分类标签/人物与人体/劳动者/职员/书记/定居者 || 2858:V2融合世界标签体系/通用分类标签/人物与人体/旅行者/迁徙者/定居者
定时器,2,7049:V2融合世界标签体系/通用分类标签/人造物体/乐器/器械/仪器/时计/定时器 || 9450:V2融合世界标签体系/通用分类标签/人造物体/机制/控制/总督/定时器
定音鼓,2,3240:V2融合世界标签体系/通用分类标签/人造物体/中西乐器/打击乐器/定音鼓 || 29908:V2融合世界标签体系/通用分类标签/声音/乐器/打击乐/鼓/定音鼓
实验外衣,2,8011:V2融合世界标签体系/通用分类标签/人造物体/商品/消费品/可穿戴设备/衣服/外衣/外套/实验外衣 || 11077:V2融合世界标签体系/通用分类标签/人造物体/覆盖物/可穿戴设备/衣服/外衣/外套/实验外衣
宠物,2,15088:V2融合世界标签体系/通用分类标签/动物/宠物 || 15089:V2融合世界标签体系/通用分类标签/动物/宠物
审判,2,19166:V2融合世界标签体系/通用分类标签/文化艺术与媒介/调查/研究/实验/审判 || 26234:V2融合世界标签体系/通用分类标签/行为动作/力图/审判
客舱,2,17688:V2融合世界标签体系/通用分类标签/建筑与基础设施/区/室/包房/客舱 || 17689:V2融合世界标签体系/通用分类标签/建筑与基础设施/区/室/包房/客舱
室内停车库,2,18390:V2融合世界标签体系/通用分类标签/建筑与基础设施/附属建筑/车库/停车库/室内停车库 || 18391:V2融合世界标签体系/通用分类标签/建筑与基础设施/附属建筑/车库/室内停车库
室内市场,2,16945:V2融合世界标签体系/通用分类标签/建筑与基础设施/商业办公建筑/市场/室内市场 || 17869:V2融合世界标签体系/通用分类标签/建筑与基础设施/室内市场
室内按摩浴缸,2,16599:V2融合世界标签体系/通用分类标签/场景/室内按摩浴缸 || 16600:V2融合世界标签体系/通用分类标签/场景/室内按摩浴缸
室内游泳池,2,9248:V2融合世界标签体系/通用分类标签/人造物体/挖掘/池/游泳池/室内游泳池 || 10705:V2融合世界标签体系/通用分类标签/人造物体/装置/体育设备/游泳池/室内游泳池
室内自动扶梯,2,11521:V2融合世界标签体系/通用分类标签/人造物体/道路/楼梯/升降阶梯/室内自动扶梯 || 16602:V2融合世界标签体系/通用分类标签/场景/室内自动扶梯
室外游泳池,2,9249:V2融合世界标签体系/通用分类标签/人造物体/挖掘/池/游泳池/室外游泳池 || 10706:V2融合世界标签体系/通用分类标签/人造物体/装置/体育设备/游泳池/室外游泳池
室外门口,2,11537:V2融合世界标签体系/通用分类标签/人造物体/道路/访问/入口/入口/室外门口 || 16606:V2融合世界标签体系/通用分类标签/场景/室外门口
家居服,2,7883:V2融合世界标签体系/通用分类标签/人造物体/商品/消费品/可穿戴设备/家居服 || 10949:V2融合世界标签体系/通用分类标签/人造物体/覆盖物/可穿戴设备/家居服
家庭成员,2,1747:V2融合世界标签体系/通用分类标签/人物与人体/职业身份/家庭成员 || 1992:V2融合世界标签体系/通用分类标签/人物与人体/亲属/亲属/家庭成员
家庭经济支柱,2,2455:V2融合世界标签体系/通用分类标签/人物与人体/劳动者/职员/任职者/挣钱者/家庭经济支柱 || 2769:V2融合世界标签体系/通用分类标签/人物与人体/所有者/容器/任职者/挣钱者/家庭经济支柱
家犬,2,11872:V2融合世界标签体系/通用分类标签/动物/哺乳动物/犬科动物/家犬 || 11909:V2融合世界标签体系/通用分类标签/动物/哺乳动物/犬科动物/家犬/工作犬/护卫犬/家犬
家蝇,2,15231:V2融合世界标签体系/通用分类标签/动物/无脊椎动物/节肢动物/昆虫/双翅昆虫/苍蝇/家蝇 || 30366:V2融合世界标签体系/通用分类标签/声音/昆虫/家蝇
家鼠,2,11805:V2融合世界标签体系/通用分类标签/动物/哺乳动物/啮齿动物/家鼠 || 11810:V2融合世界标签体系/通用分类标签/动物/哺乳动物/啮齿动物/家鼠
宽吻海豚,2,12497:V2融合世界标签体系/通用分类标签/动物/哺乳动物/有胎盘的/水栖哺乳动物/鲸目动物/鲸/齿鲸/海豚/宽吻海豚 || 12500:V2融合世界标签体系/通用分类标签/动物/哺乳动物/有胎盘的/水栖哺乳动物/鲸目动物/鲸/齿鲸/海豚/宽吻海豚
宽松直筒外套,2,8012:V2融合世界标签体系/通用分类标签/人造物体/商品/消费品/可穿戴设备/衣服/外衣/外套/宽松直筒外套 || 11078:V2融合世界标签体系/通用分类标签/人造物体/覆盖物/可穿戴设备/衣服/外衣/外套/宽松直筒外套
宾馆,2,17417:V2融合世界标签体系/通用分类标签/建筑与基础设施/H类住宅/宾馆 || 17491:V2融合世界标签体系/通用分类标签/建筑与基础设施/住宅/住处/H类住宅/宾馆
寡妇丧服,2,8069:V2融合世界标签体系/通用分类标签/人造物体/商品/消费品/可穿戴设备/衣服/寡妇丧服 || 11135:V2融合世界标签体系/通用分类标签/人造物体/覆盖物/可穿戴设备/衣服/寡妇丧服
对襟毛衣,2,8046:V2融合世界标签体系/通用分类标签/人造物体/商品/消费品/可穿戴设备/衣服/套头衫/对襟毛衣 || 11112:V2融合世界标签体系/通用分类标签/人造物体/覆盖物/可穿戴设备/衣服/套头衫/对襟毛衣
导体,2,8931:V2融合世界标签体系/通用分类标签/人造物体/导体 || 31758:V2融合世界标签体系/通用分类标签/材料与物质/导体
导弹,2,1235:V2融合世界标签体系/通用分类标签/人物与人体/人体部位/手臂/导弹 || 1242:V2融合世界标签体系/通用分类标签/人物与人体/人体部位/手臂/导弹
寿司,2,27435:V2融合世界标签体系/通用分类标签/食物/中式菜肴汤品/寿司 || 28844:V2融合世界标签体系/通用分类标签/食物/一道菜/寿司
射击场,2,10727:V2融合世界标签体系/通用分类标签/人造物体/装置/炉灶/练习场/射击场 || 10728:V2融合世界标签体系/通用分类标签/人造物体/装置/炉灶/练习场/射击场/射击场
小丑,2,2263:V2融合世界标签体系/通用分类标签/人物与人体/傻瓜/傻子/小丑 || 3074:V2融合世界标签体系/通用分类标签/人物与人体/表演者/表演者/喜剧演员/丑角/小丑
小丑鱼,2,15105:V2融合世界标签体系/通用分类标签/动物/小丑鱼 || 15528:V2融合世界标签体系/通用分类标签/动物/脊索动物/有颅动物/水生脊椎动物/小丑鱼
小刨,2,7474:V2融合世界标签体系/通用分类标签/人造物体/切割器具/切削工具/刃具/木工刨/小刨 || 9154:V2融合世界标签体系/通用分类标签/人造物体/手工工具/木工刨/小刨
小号,2,3300:V2融合世界标签体系/通用分类标签/人造物体/中西乐器/管乐器/铜管乐器/小号 || 29938:V2融合世界标签体系/通用分类标签/声音/乐器/铜管乐器/小号
小块地毯,2,8576:V2融合世界标签体系/通用分类标签/人造物体/家具/地毯/小块地毯 || 11270:V2融合世界标签体系/通用分类标签/人造物体/覆盖物/地板蒙布/地毯/小块地毯
小型摩托车,2,609:V2融合世界标签体系/通用分类标签/交通工具/非机动车/自行车/小型摩托车 || 1046:V2融合世界标签体系/通用分类标签/交通工具/轮式车辆/小型摩托车
小型立式钢琴,2,3236:V2融合世界标签体系/通用分类标签/人造物体/中西乐器/打击乐器/古钢琴/直立物/小型立式钢琴 || 3306:V2融合世界标签体系/通用分类标签/人造物体/中西乐器/键盘乐器/大键琴/小型立式钢琴
小型马,2,12142:V2融合世界标签体系/通用分类标签/动物/哺乳动物/马科动物/家马/小型马 || 12146:V2融合世界标签体系/通用分类标签/动物/哺乳动物/马科动物/家马/小型马
小天鹅,2,14660:V2融合世界标签体系/通用分类标签/动物/鸟类/水禽/天鹅/小天鹅 || 14662:V2融合世界标签体系/通用分类标签/动物/鸟类/水禽/天鹅/小天鹅/小天鹅
小山羊皮手套,2,7890:V2融合世界标签体系/通用分类标签/人造物体/商品/消费品/可穿戴设备/手部穿戴物/手套/小山羊皮手套 || 10956:V2融合世界标签体系/通用分类标签/人造物体/覆盖物/可穿戴设备/手部穿戴物/手套/小山羊皮手套
小房子,2,17418:V2融合世界标签体系/通用分类标签/建筑与基础设施/H类住宅/小房子 || 17492:V2融合世界标签体系/通用分类标签/建筑与基础设施/住宅/住处/H类住宅/小房子
小扁豆,2,24367:V2融合世界标签体系/通用分类标签/自然景观/植物结构/植物器官/生殖结构/果子/圆荚体/豆科植物/小扁豆 || 29151:V2融合世界标签体系/通用分类标签/食物/农产品/蔬菜/豆科植物/小扁豆
小折刀,2,7449:V2融合世界标签体系/通用分类标签/人造物体/切割器具/切削工具/刃具/刀/小折刀 || 7450:V2融合世界标签体系/通用分类标签/人造物体/切割器具/切削工具/刃具/刀/小折刀/小折刀
小报,2,8557:V2融合世界标签体系/通用分类标签/人造物体/媒介/印刷媒体/新闻业/小报 || 18545:V2融合世界标签体系/通用分类标签/文化艺术与媒介/文学出版/报纸/小报
小木屋,2,17419:V2融合世界标签体系/通用分类标签/建筑与基础设施/H类住宅/小木屋 || 17493:V2融合世界标签体系/通用分类标签/建筑与基础设施/住宅/住处/H类住宅/小木屋
小树林,2,22182:V2融合世界标签体系/通用分类标签/植物/种植园/小树林 || 24061:V2融合世界标签体系/通用分类标签/自然景观/生态环境/森林/小树林
小母马,2,15077:V2融合世界标签体系/通用分类标签/动物/后代/幼年哺乳动物/雏马/小母马 || 15581:V2融合世界标签体系/通用分类标签/动物/雌性/小母马
小海湾,2,23742:V2融合世界标签体系/通用分类标签/自然景观/地质地貌/洞穴/小海湾 || 24103:V2融合世界标签体系/通用分类标签/自然景观/休会期/小海湾
小海雀,2,14133:V2融合世界标签体系/通用分类标签/动物/鸟类/海鸟/海雀/小海雀 || 14134:V2融合世界标签体系/通用分类标签/动物/鸟类/海鸟/海雀/小海雀
小烤盅,2,4359:V2融合世界标签体系/通用分类标签/人造物体/厨房餐厨用品/餐具/陶瓷餐具/盘/小烤盅 || 28846:V2融合世界标签体系/通用分类标签/食物/一道菜/小烤盅
小牛,2,15067:V2融合世界标签体系/通用分类标签/动物/后代/幼年哺乳动物/小牛 || 15068:V2融合世界标签体系/通用分类标签/动物/后代/幼年哺乳动物/小牛
小狗,2,11894:V2融合世界标签体系/通用分类标签/动物/哺乳动物/犬科动物/家犬/小狗 || 11895:V2融合世界标签体系/通用分类标签/动物/哺乳动物/犬科动物/家犬/小狗
小猫,2,12089:V2融合世界标签体系/通用分类标签/动物/哺乳动物/猫科动物/猫/家猫/小猫 || 15070:V2融合世界标签体系/通用分类标签/动物/后代/幼年哺乳动物/小猫
小白菜,2,22316:V2融合世界标签体系/通用分类标签/植物/草本植物/十字花科植物/小白菜 || 29061:V2融合世界标签体系/通用分类标签/食物/农产品/蔬菜/十字花科蔬菜/卷心菜/小白菜
小白鹭,2,14239:V2融合世界标签体系/通用分类标签/动物/鸟类/涉禽/苍鹭/白鹭/小白鹭 || 14240:V2融合世界标签体系/通用分类标签/动物/鸟类/涉禽/苍鹭/白鹭/小白鹭
小礼服,2,7874:V2融合世界标签体系/通用分类标签/人造物体/商品/消费品/可穿戴设备/女装/女服/小礼服 || 10940:V2融合世界标签体系/通用分类标签/人造物体/覆盖物/可穿戴设备/女装/女服/小礼服
小米,2,21258:V2融合世界标签体系/通用分类标签/植物/草本竹藤植物/牧草/谷类禾草/小米 || 29846:V2融合世界标签体系/通用分类标签/食物/食品/谷物/小米
小胡瓜,2,21299:V2融合世界标签体系/通用分类标签/植物/草本竹藤植物/藤本植物/南瓜藤/夏南瓜/骨髓/小胡瓜 || 29101:V2融合世界标签体系/通用分类标签/食物/农产品/蔬菜/壁球运动/夏南瓜/小胡瓜
小脚轮,2,7550:V2融合世界标签体系/通用分类标签/人造物体/卧室家具/床/小脚轮 || 9554:V2融合世界标签体系/通用分类标签/人造物体/机制/机械装置/机器/车轮/滚轮/小脚轮
小腿,2,1318:V2融合世界标签体系/通用分类标签/人物与人体/人体部位/肌肉/小腿 || 2719:V2融合世界标签体系/通用分类标签/人物与人体/小腿
小船,2,781:V2融合世界标签体系/通用分类标签/交通工具/容器/小船 || 794:V2融合世界标签体系/通用分类标签/交通工具/容器/小船/小船
小键盘,2,10371:V2融合世界标签体系/通用分类标签/人造物体/电子设备/外围设备/数据输入装置/小键盘 || 11616:V2融合世界标签体系/通用分类标签/人造物体/键盘/小键盘
小雄驹,2,15078:V2融合世界标签体系/通用分类标签/动物/后代/幼年哺乳动物/雏马/小雄驹 || 15576:V2融合世界标签体系/通用分类标签/动物/雄性/小雄驹
小须鲸,2,12485:V2融合世界标签体系/通用分类标签/动物/哺乳动物/有胎盘的/水栖哺乳动物/鲸目动物/鲸/须鲸/一种鲸鱼/小须鲸 || 12486:V2融合世界标签体系/通用分类标签/动物/哺乳动物/有胎盘的/水栖哺乳动物/鲸目动物/鲸/须鲸/一种鲸鱼/小须鲸
小飞虫,2,15223:V2融合世界标签体系/通用分类标签/动物/无脊椎动物/节肢动物/昆虫/双翅昆虫/小飞虫 || 15240:V2融合世界标签体系/通用分类标签/动物/无脊椎动物/节肢动物/昆虫/双翅昆虫/蚊子/小飞虫
小鸡,2,14058:V2融合世界标签体系/通用分类标签/动物/鸟类/家禽/原鸡/小鸡 || 14059:V2融合世界标签体系/通用分类标签/动物/鸟类/家禽/原鸡/小鸡
小鼠,2,10320:V2融合世界标签体系/通用分类标签/人造物体/电子器件/小鼠 || 15557:V2融合世界标签体系/通用分类标签/动物/野生动物/啮齿目动物/小鼠
少量,2,31331:V2融合世界标签体系/通用分类标签/时间数量与度量/不定量/一容器之量/少量 || 31337:V2融合世界标签体系/通用分类标签/时间数量与度量/不定量/少量
尖塔,2,17843:V2融合世界标签体系/通用分类标签/建筑与基础设施/塔/尖塔 || 17844:V2融合世界标签体系/通用分类标签/建筑与基础设施/塔/尖塔/尖塔
尖齿,2,17946:V2融合世界标签体系/通用分类标签/建筑与基础设施/投影/尖齿 || 17947:V2融合世界标签体系/通用分类标签/建筑与基础设施/投影/尖齿/尖齿
尤克里里,2,3205:V2融合世界标签体系/通用分类标签/人造物体/中西乐器/弦乐器/六弦琴/尤克里里 || 29917:V2融合世界标签体系/通用分类标签/声音/乐器/拨弦乐器/尤克里里
尺蠖,2,15125:V2融合世界标签体系/通用分类标签/动物/幼虫/毛毛虫/尺蠖 || 15126:V2融合世界标签体系/通用分类标签/动物/幼虫/毛毛虫/尺蠖
尼卡布面纱,2,8042:V2融合世界标签体系/通用分类标签/人造物体/商品/消费品/可穿戴设备/衣服/头部覆盖物/面纱/尼卡布面纱 || 11108:V2融合世界标签体系/通用分类标签/人造物体/覆盖物/可穿戴设备/衣服/头部覆盖物/面纱/尼卡布面纱
尿布包,2,8615:V2融合世界标签体系/通用分类标签/人造物体/容器/包/尿布包 || 8616:V2融合世界标签体系/通用分类标签/人造物体/容器/包/尿布包
居酒屋,2,17884:V2融合世界标签体系/通用分类标签/建筑与基础设施/居酒屋 || 29334:V2融合世界标签体系/通用分类标签/食物/居酒屋
屠夫,2,2416:V2融合世界标签体系/通用分类标签/人物与人体/劳动者/技术工人/屠夫 || 3121:V2融合世界标签体系/通用分类标签/人物与人体/资本家/商业人士/商人/屠夫
山口,2,24243:V2融合世界标签体系/通用分类标签/自然景观/山口 || 24244:V2融合世界标签体系/通用分类标签/自然景观/山口/山口
山地,2,16134:V2融合世界标签体系/通用分类标签/场景/自然户外场景/山地 || 23705:V2融合世界标签体系/通用分类标签/自然景观/地质地貌/山地
山地景观,2,24245:V2融合世界标签体系/通用分类标签/自然景观/山地景观 || 24246:V2融合世界标签体系/通用分类标签/自然景观/山地景观
山地自行车运动,2,25995:V2融合世界标签体系/通用分类标签/行为动作/休养/体育/骑自行车/山地自行车运动 || 26421:V2融合世界标签体系/通用分类标签/行为动作/山地自行车运动
山地铁线莲,2,21316:V2融合世界标签体系/通用分类标签/植物/草本竹藤植物/藤本植物/攀登者/铁线莲/山地铁线莲 || 21351:V2融合世界标签体系/通用分类标签/植物/草本竹藤植物/藤本植物/铁线莲/山地铁线莲
山峰,2,17949:V2融合世界标签体系/通用分类标签/建筑与基础设施/投影/帽檐/山峰 || 24119:V2融合世界标签体系/通用分类标签/自然景观/冠饰/山峰
山村,2,24250:V2融合世界标签体系/通用分类标签/自然景观/山村 || 25781:V2融合世界标签体系/通用分类标签/行为动作/社交互动动作/聚会/社区/山村
山松,2,20061:V2融合世界标签体系/通用分类标签/植物/乔木灌木林木/针叶树/松属植物/山松 || 20072:V2融合世界标签体系/通用分类标签/植物/乔木灌木林木/针叶树/松属植物/白松/山松
山梅花,2,20582:V2融合世界标签体系/通用分类标签/植物/乔木灌木林木/灌木/山梅花 || 20583:V2融合世界标签体系/通用分类标签/植物/乔木灌木林木/灌木/山梅花/山梅花
山猫,2,12090:V2融合世界标签体系/通用分类标签/动物/哺乳动物/猫科动物/猫/家猫/山猫 || 12101:V2融合世界标签体系/通用分类标签/动物/哺乳动物/猫科动物/猫/野猫/山猫
山竹,2,20233:V2融合世界标签体系/通用分类标签/植物/乔木灌木林木/乔木/开花乔木/果树/山竹 || 29186:V2融合世界标签体系/通用分类标签/食物/农产品/食用水果/山竹
山羊,2,12352:V2融合世界标签体系/通用分类标签/动物/哺乳动物/有胎盘的/有蹄哺乳动物/偶蹄动物/反刍动物/牛科动物/山羊 || 15038:V2融合世界标签体系/通用分类标签/动物/农场动物/山羊
山脊,2,24234:V2融合世界标签体系/通用分类标签/自然景观/天然高地/山脊 || 24253:V2融合世界标签体系/通用分类标签/自然景观/山脊
山路,2,11517:V2融合世界标签体系/通用分类标签/人造物体/道路/山路 || 17346:V2融合世界标签体系/通用分类标签/建筑与基础设施/路桥隧道工程/公路/山路
山间木屋,2,17421:V2融合世界标签体系/通用分类标签/建筑与基础设施/H类住宅/山间木屋 || 17495:V2融合世界标签体系/通用分类标签/建筑与基础设施/住宅/住处/H类住宅/山间木屋
山龙眼属植物,2,20587:V2融合世界标签体系/通用分类标签/植物/乔木灌木林木/灌木/山龙眼属植物 || 20589:V2融合世界标签体系/通用分类标签/植物/乔木灌木林木/灌木/山龙眼属植物
岗位,2,26422:V2融合世界标签体系/通用分类标签/行为动作/岗位 || 32259:V2融合世界标签体系/通用分类标签/知识与学科/点/岗位
岩石,2,24258:V2融合世界标签体系/通用分类标签/自然景观/岩石 || 31763:V2融合世界标签体系/通用分类标签/材料与物质/岩石
岩鱼,2,13330:V2融合世界标签体系/通用分类标签/动物/水生非哺乳生物/硬骨鱼/真骨鱼/棘鳍目鱼/鲈形亚目鱼/鮨/海鲈/岩鱼 || 13372:V2融合世界标签体系/通用分类标签/动物/水生非哺乳生物/硬骨鱼/真骨鱼/棘鳍目鱼/鲉形鱼/鲉科鱼/岩鱼
岩鹨,2,14381:V2融合世界标签体系/通用分类标签/动物/鸟类/鸣禽/岩鹨 || 14382:V2融合世界标签体系/通用分类标签/动物/鸟类/鸣禽/岩鹨/岩鹨
岳父或公公,2,1989:V2融合世界标签体系/通用分类标签/人物与人体/亲属/上升的/祖先/生父/双亲之一/父/岳父或公公 || 2018:V2融合世界标签体系/通用分类标签/人物与人体/亲属/姻亲/岳父或公公
岸,2,24268:V2融合世界标签体系/通用分类标签/自然景观/岸 || 24269:V2融合世界标签体系/通用分类标签/自然景观/岸/岸
嵌齿,2,1194:V2融合世界标签体系/通用分类标签/人物与人体/五官/牙齿/嵌齿 || 2324:V2融合世界标签体系/通用分类标签/人物与人体/劳动者/助手/下属/嵌齿
州立公园,2,30969:V2融合世界标签体系/通用分类标签/属性与状态/州立公园 || 30970:V2融合世界标签体系/通用分类标签/属性与状态/州立公园
巢,2,24273:V2融合世界标签体系/通用分类标签/自然景观/巢 || 24278:V2融合世界标签体系/通用分类标签/自然景观/巢/鸟巢/巢
工业区,2,17887:V2融合世界标签体系/通用分类标签/建筑与基础设施/工业区 || 32116:V2融合世界标签体系/通用分类标签/知识与学科/工业区
工作站,2,5791:V2融合世界标签体系/通用分类标签/人造物体/数码 3C 电子/工作站 || 9604:V2融合世界标签体系/通用分类标签/人造物体/机器/信息处理系统/数字计算机/工作站
工作衬衫,2,8105:V2融合世界标签体系/通用分类标签/人造物体/商品/消费品/可穿戴设备/衣服/衬衣/工作衬衫 || 11171:V2融合世界标签体系/通用分类标签/人造物体/覆盖物/可穿戴设备/衣服/衬衣/工作衬衫
工具,2,8963:V2融合世界标签体系/通用分类标签/人造物体/工具 || 29970:V2融合世界标签体系/通用分类标签/声音/事物声音/工具
工具套装,2,8804:V2融合世界标签体系/通用分类标签/人造物体/容器/容器盒/工具套装 || 10219:V2融合世界标签体系/通用分类标签/人造物体/用具/全套工具/工具套装
工匠,2,2404:V2融合世界标签体系/通用分类标签/人物与人体/劳动者/技术工人/匠人/工匠 || 2653:V2融合世界标签体系/通用分类标签/人物与人体/大人/专业人员/工匠
工装裤,2,8115:V2融合世界标签体系/通用分类标签/人造物体/商品/消费品/可穿戴设备/衣服/裤子/工装裤 || 11181:V2融合世界标签体系/通用分类标签/人造物体/覆盖物/可穿戴设备/衣服/裤子/工装裤
工装连体服,2,8166:V2融合世界标签体系/通用分类标签/人造物体/商品/消费品/可穿戴设备/防护服装/工作服/工装连体服 || 11232:V2融合世界标签体系/通用分类标签/人造物体/覆盖物/可穿戴设备/防护服装/工作服/工装连体服
巧克力,2,27883:V2融合世界标签体系/通用分类标签/食物/烘焙甜品点心/巧克力 || 29335:V2融合世界标签体系/通用分类标签/食物/巧克力
巨人,2,2669:V2融合世界标签体系/通用分类标签/人物与人体/大块头的人/巨人 || 15108:V2融合世界标签体系/通用分类标签/动物/巨人
巨蜥,2,13862:V2融合世界标签体系/通用分类标签/动物/爬行动物/双孔亚纲动物/蜥形动物/蜥蜴/巨蜥 || 13863:V2融合世界标签体系/通用分类标签/动物/爬行动物/双孔亚纲动物/蜥形动物/蜥蜴/巨蜥/巨蜥
市场广场,2,16948:V2融合世界标签体系/通用分类标签/建筑与基础设施/商业办公建筑/市场/市场广场 || 16949:V2融合世界标签体系/通用分类标签/建筑与基础设施/商业办公建筑/市场/市场广场
市场摊位,2,15724:V2融合世界标签体系/通用分类标签/场景/室内场景/商店/摊子/售货处/市场摊位 || 15725:V2融合世界标签体系/通用分类标签/场景/室内场景/商店/摊子/售货处/市场摊位
市镇,2,31987:V2融合世界标签体系/通用分类标签/知识与学科/人口聚居区/市镇 || 32074:V2融合世界标签体系/通用分类标签/知识与学科/地区/行政区/市镇
布卡罩袍,2,8071:V2融合世界标签体系/通用分类标签/人造物体/商品/消费品/可穿戴设备/衣服/布卡罩袍 || 11137:V2融合世界标签体系/通用分类标签/人造物体/覆盖物/可穿戴设备/衣服/布卡罩袍
布拉格城堡,2,16847:V2融合世界标签体系/通用分类标签/建筑与基础设施/历史古迹地标/城堡/布拉格城堡 || 17888:V2融合世界标签体系/通用分类标签/建筑与基础设施/布拉格城堡
布朗尼蛋糕,2,1499:V2融合世界标签体系/通用分类标签/人物与人体/基础年龄属性/少年/童子军/女童子军/布朗尼蛋糕 || 27851:V2融合世界标签体系/通用分类标签/食物/烘焙甜品点心/饼干/布朗尼蛋糕
布鲁塞尔地毯,2,8577:V2融合世界标签体系/通用分类标签/人造物体/家具/地毯/布鲁塞尔地毯 || 11271:V2融合世界标签体系/通用分类标签/人造物体/覆盖物/地板蒙布/地毯/布鲁塞尔地毯
布鲁塞尔格里芬犬,2,11942:V2融合世界标签体系/通用分类标签/动物/哺乳动物/犬科动物/家犬/布鲁塞尔格里芬犬 || 11943:V2融合世界标签体系/通用分类标签/动物/哺乳动物/犬科动物/家犬/布鲁塞尔格里芬犬/布鲁塞尔格里芬犬
帆,2,7615:V2融合世界标签体系/通用分类标签/人造物体/台布/一块布/帆 || 17889:V2融合世界标签体系/通用分类标签/建筑与基础设施/帆
帆船运动,2,26425:V2融合世界标签体系/通用分类标签/行为动作/岗位/帆船运动 || 26671:V2融合世界标签体系/通用分类标签/行为动作/旅行/水路旅行/帆船运动
希贾布头巾,2,7984:V2融合世界标签体系/通用分类标签/人造物体/商品/消费品/可穿戴设备/衣服/围巾/头巾/头巾/希贾布头巾 || 11050:V2融合世界标签体系/通用分类标签/人造物体/覆盖物/可穿戴设备/衣服/围巾/头巾/头巾/希贾布头巾
帝王蟹,2,15200:V2融合世界标签体系/通用分类标签/动物/无脊椎动物/节肢动物/介虫/十足目动物/螃蟹/蜘蛛蟹/帝王蟹 || 15213:V2融合世界标签体系/通用分类标签/动物/无脊椎动物/节肢动物/帝王蟹
帝王蟹/蟹,2,15197:V2融合世界标签体系/通用分类标签/动物/无脊椎动物/节肢动物/介虫/十足目动物/螃蟹/帝王蟹/蟹 || 15206:V2融合世界标签体系/通用分类标签/动物/无脊椎动物/节肢动物/介虫/短尾下目甲壳动物/帝王蟹/蟹
带兜帽长斗篷,2,7995:V2融合世界标签体系/通用分类标签/人造物体/商品/消费品/可穿戴设备/衣服/外衣/外套/厚呢长大衣/带兜帽长斗篷 || 11061:V2融合世界标签体系/通用分类标签/人造物体/覆盖物/可穿戴设备/衣服/外衣/外套/厚呢长大衣/带兜帽长斗篷
带状材料,2,5724:V2融合世界标签体系/通用分类标签/人造物体/数码 3C 电子/存储设备/唱片/带状材料 || 5732:V2融合世界标签体系/通用分类标签/人造物体/数码 3C 电子/存储设备/带状材料
带钱包的腰带,2,8154:V2融合世界标签体系/通用分类标签/人造物体/商品/消费品/可穿戴设备/装备/带/带钱包的腰带 || 11220:V2融合世界标签体系/通用分类标签/人造物体/覆盖物/可穿戴设备/装备/带/带钱包的腰带
带锯,2,7514:V2融合世界标签体系/通用分类标签/人造物体/动力工具/动力锯/带锯 || 9627:V2融合世界标签体系/通用分类标签/人造物体/机器/动力工具/动力锯/带锯
帷幔,2,7681:V2融合世界标签体系/通用分类标签/人造物体/台布/啮合/帷幔 || 7702:V2融合世界标签体系/通用分类标签/人造物体/台布/帷幔
常夏石竹,2,21805:V2融合世界标签体系/通用分类标签/植物/显花植物/开花植物/开花植物/石竹/常夏石竹 || 21806:V2融合世界标签体系/通用分类标签/植物/显花植物/开花植物/开花植物/石竹/常夏石竹
帽檐,2,10627:V2融合世界标签体系/通用分类标签/人造物体/表面/侧面/边缘/帽檐 || 17948:V2融合世界标签体系/通用分类标签/建筑与基础设施/投影/帽檐
帽贝,2,15439:V2融合世界标签体系/通用分类标签/动物/无脊椎动物/贝类水产/单壳软体动物/海螺/帽贝 || 15440:V2融合世界标签体系/通用分类标签/动物/无脊椎动物/贝类水产/单壳软体动物/海螺/帽贝/帽贝
干草叉,2,7577:V2融合世界标签体系/通用分类标签/人造物体/叉子/干草叉 || 9124:V2融合世界标签体系/通用分类标签/人造物体/手工工具/干草叉
干衣机,2,5167:V2融合世界标签体系/通用分类标签/人造物体/家用电器/大型白色家电/干衣机 || 5182:V2融合世界标签体系/通用分类标签/人造物体/家用电器/干衣机
平头钉,2,3383:V2融合世界标签体系/通用分类标签/人造物体/五金工具/紧固件/钉子/平头钉 || 10222:V2融合世界标签体系/通用分类标签/人造物体/用具/平头钉
平头鱼,2,13276:V2融合世界标签体系/通用分类标签/动物/水生非哺乳生物/硬骨鱼/真骨鱼/棘鳍目鱼/鲈形亚目鱼/平头鱼 || 13370:V2融合世界标签体系/通用分类标签/动物/水生非哺乳生物/硬骨鱼/真骨鱼/棘鳍目鱼/鲉形鱼/平头鱼
平滑器,2,7517:V2融合世界标签体系/通用分类标签/人造物体/动力工具/平滑器 || 9630:V2融合世界标签体系/通用分类标签/人造物体/机器/动力工具/平滑器
平衡,2,30292:V2融合世界标签体系/通用分类标签/声音/平衡 || 30775:V2融合世界标签体系/通用分类标签/属性与状态/事态/平衡
平衡车,2,852:V2融合世界标签体系/通用分类标签/交通工具/平衡车 || 1082:V2融合世界标签体系/通用分类标签/交通工具/轮式车辆/自行式车辆/机动车/平衡车
平转桥,2,17893:V2融合世界标签体系/通用分类标签/建筑与基础设施/平转桥 || 17894:V2融合世界标签体系/通用分类标签/建筑与基础设施/平转桥
幻想,2,2732:V2融合世界标签体系/通用分类标签/人物与人体/幻想 || 32332:V2融合世界标签体系/通用分类标签/知识与学科/知识/表征/外表/幻想
幼儿园教室,2,15758:V2融合世界标签体系/通用分类标签/场景/室内场景/教室/幼儿园教室 || 15759:V2融合世界标签体系/通用分类标签/场景/室内场景/教室/幼儿园教室
广告,2,642:V2融合世界标签体系/通用分类标签/交通工具/事业/广告 || 19562:V2融合世界标签体系/通用分类标签/文字与信息图形/促销/广告
广播员,2,2116:V2融合世界标签体系/通用分类标签/人物与人体/传播者/广播员 || 9529:V2融合世界标签体系/通用分类标签/人造物体/机制/机械装置/广播员
庄园,2,17399:V2融合世界标签体系/通用分类标签/建筑与基础设施/H类住宅/住所/庄园 || 17473:V2融合世界标签体系/通用分类标签/建筑与基础设施/住宅/住处/H类住宅/住所/庄园
庄园宅邸,2,17400:V2融合世界标签体系/通用分类标签/建筑与基础设施/H类住宅/住所/庄园宅邸 || 17474:V2融合世界标签体系/通用分类标签/建筑与基础设施/住宅/住处/H类住宅/住所/庄园宅邸
庇护所,2,10809:V2融合世界标签体系/通用分类标签/人造物体/覆盖物/保护/庇护所 || 17895:V2融合世界标签体系/通用分类标签/建筑与基础设施/庇护所
床单,2,5049:V2融合世界标签体系/通用分类标签/人造物体/家居软装小件/床上用品/床单 || 8208:V2融合世界标签体系/通用分类标签/人造物体/商品/纺织品/大型白色家电/亚麻制品/亚麻布床单/床单
床垫,2,4843:V2融合世界标签体系/通用分类标签/人造物体/家具大件/床垫 || 10578:V2融合世界标签体系/通用分类标签/人造物体/缓冲材料/垫子/床垫
床头柜,2,7556:V2融合世界标签体系/通用分类标签/人造物体/卧室家具/床头柜 || 8965:V2融合世界标签体系/通用分类标签/人造物体/床头柜
床头灯,2,7399:V2融合世界标签体系/通用分类标签/人造物体/光源/床头灯 || 8966:V2融合世界标签体系/通用分类标签/人造物体/床头灯
床架,2,8967:V2融合世界标签体系/通用分类标签/人造物体/床架 || 17998:V2融合世界标签体系/通用分类标签/建筑与基础设施/支承结构/构架/床架
库尔塔长衫,2,8106:V2融合世界标签体系/通用分类标签/人造物体/商品/消费品/可穿戴设备/衣服/衬衣/库尔塔长衫 || 11172:V2融合世界标签体系/通用分类标签/人造物体/覆盖物/可穿戴设备/衣服/衬衣/库尔塔长衫
应用图标,2,19931:V2融合世界标签体系/通用分类标签/文字与信息图形/符号/应用图标 || 31483:V2融合世界标签体系/通用分类标签/时间数量与度量/应用图标
应用程序,2,19521:V2融合世界标签体系/通用分类标签/文字与信息图形/书面交流/手写/字迹/编码系统/代码/软件/应用程序 || 19522:V2融合世界标签体系/通用分类标签/文字与信息图形/书面交流/手写/字迹/编码系统/代码/软件/应用程序/应用程序
废物容器,2,8829:V2融合世界标签体系/通用分类标签/人造物体/容器/废物容器 || 8969:V2融合世界标签体系/通用分类标签/人造物体/废物容器
度假城镇,2,31992:V2融合世界标签体系/通用分类标签/知识与学科/人口聚居区/市镇/度假城镇 || 32079:V2融合世界标签体系/通用分类标签/知识与学科/地区/行政区/市镇/度假城镇
度假小镇,2,31989:V2融合世界标签体系/通用分类标签/知识与学科/人口聚居区/市镇/城/度假小镇 || 32076:V2融合世界标签体系/通用分类标签/知识与学科/地区/行政区/市镇/城/度假小镇
度假者,2,2835:V2融合世界标签体系/通用分类标签/人物与人体/旅行者/度假者 || 3154:V2融合世界标签体系/通用分类标签/人物与人体/非劳动者/度假者
度假胜地,2,15775:V2融合世界标签体系/通用分类标签/场景/室内场景/酒店/度假胜地 || 17928:V2融合世界标签体系/通用分类标签/建筑与基础设施/度假胜地
建筑立面,2,10622:V2融合世界标签体系/通用分类标签/人造物体/表面/侧面/前面/建筑立面 || 17931:V2融合世界标签体系/通用分类标签/建筑与基础设施/建筑立面
建造者,2,25768:V2融合世界标签体系/通用分类标签/行为动作/社交互动动作/聚会/承包商/建造者 || 31775:V2融合世界标签体系/通用分类标签/材料与物质/建造者
开关,2,7120:V2融合世界标签体系/通用分类标签/人造物体/乐器/器械/刑具/开关 || 9435:V2融合世界标签体系/通用分类标签/人造物体/机制/控制/开关
开口,2,9006:V2融合世界标签体系/通用分类标签/人造物体/开口 || 31102:V2融合世界标签体系/通用分类标签/属性与状态/无定形/开口
开幕式,2,17932:V2融合世界标签体系/通用分类标签/建筑与基础设施/开幕式 || 23494:V2融合世界标签体系/通用分类标签/组织机构与社会事件/事务/仪式/开幕式
开心果,2,20208:V2融合世界标签体系/通用分类标签/植物/乔木灌木林木/乔木/开花乔木/坚果树/开心果 || 24405:V2融合世界标签体系/通用分类标签/自然景观/植物结构/植物器官/生殖结构/果子/种子/坚果/食用坚果/开心果
开花植物,2,21599:V2融合世界标签体系/通用分类标签/植物/显花植物/开花植物 || 21603:V2融合世界标签体系/通用分类标签/植物/显花植物/开花植物/开花植物
弄脏,2,30985:V2融合世界标签体系/通用分类标签/属性与状态/弄脏 || 30996:V2融合世界标签体系/通用分类标签/属性与状态/形势/不洁/弄脏
弓弦乐器,2,3209:V2融合世界标签体系/通用分类标签/人造物体/中西乐器/弦乐器/弓弦乐器 || 29882:V2融合世界标签体系/通用分类标签/声音/乐器/弓弦乐器
引用,2,26446:V2融合世界标签体系/通用分类标签/行为动作/引用 || 26460:V2融合世界标签体系/通用分类标签/行为动作/思索/使发生联系/引用
弹力裤,2,8117:V2融合世界标签体系/通用分类标签/人造物体/商品/消费品/可穿戴设备/衣服/裤子/弹力裤 || 11183:V2融合世界标签体系/通用分类标签/人造物体/覆盖物/可穿戴设备/衣服/裤子/弹力裤
形象,2,30921:V2融合世界标签体系/通用分类标签/属性与状态/外表/形象 || 32335:V2融合世界标签体系/通用分类标签/知识与学科/知识/表征/形象
彩旗,2,7707:V2融合世界标签体系/通用分类标签/人造物体/台布/彩旗 || 14470:V2融合世界标签体系/通用分类标签/动物/鸟类/鸣禽/雀科鸟/彩旗
彩票,2,23563:V2融合世界标签体系/通用分类标签/组织机构与社会事件/彩票 || 24821:V2融合世界标签体系/通用分类标签/行为动作/休闲娱乐动作/游戏/彩票
影子,2,30785:V2融合世界标签体系/通用分类标签/属性与状态/亮度/夜色/半暗/遮光物/影子 || 31064:V2融合世界标签体系/通用分类标签/属性与状态/影子
影棚肖像照,2,19108:V2融合世界标签体系/通用分类标签/文化艺术与媒介/表征/图像/肖像/影棚肖像照 || 19118:V2融合世界标签体系/通用分类标签/文化艺术与媒介/表征/图画/影棚肖像照
役用动物,2,15144:V2融合世界标签体系/通用分类标签/动物/役用动物 || 15145:V2融合世界标签体系/通用分类标签/动物/役用动物/役用动物
往复锯,2,7515:V2融合世界标签体系/通用分类标签/人造物体/动力工具/动力锯/往复锯 || 9628:V2融合世界标签体系/通用分类标签/人造物体/机器/动力工具/动力锯/往复锯
往返运输工具,2,690:V2融合世界标签体系/通用分类标签/交通工具/公共运输/往返运输工具 || 9510:V2融合世界标签体系/通用分类标签/人造物体/机制/机械装置/卷绕器/卷盘/往返运输工具
徒步靴,2,9056:V2融合世界标签体系/通用分类标签/人造物体/徒步靴 || 11349:V2融合世界标签体系/通用分类标签/人造物体/覆盖物/足部装备/皮靴/徒步靴
得分后卫,2,2742:V2融合世界标签体系/通用分类标签/人物与人体/得分后卫 || 32912:V2融合世界标签体系/IP 分类标签/真人与人物 IP/体育明星/篮球运动员/得分后卫
得州羽扇豆,2,20675:V2融合世界标签体系/通用分类标签/植物/乔木灌木林木/羽叶豆/得州羽扇豆 || 20676:V2融合世界标签体系/通用分类标签/植物/乔木灌木林木/羽叶豆/得州羽扇豆
微波,2,5112:V2融合世界标签体系/通用分类标签/人造物体/家用电器/厨房用具/微波 || 26451:V2融合世界标签体系/通用分类标签/行为动作/微波
微波炉,2,5191:V2融合世界标签体系/通用分类标签/人造物体/家用电器/微波炉 || 29965:V2融合世界标签体系/通用分类标签/声音/事物声音/家庭声音/微波炉
微笑,2,1899:V2融合世界标签体系/通用分类标签/人物与人体/表情/微笑 || 26452:V2融合世界标签体系/通用分类标签/行为动作/微笑
微缩模型,2,6977:V2融合世界标签体系/通用分类标签/人造物体/艺术品与工艺品/绘画作品/微缩模型 || 19095:V2融合世界标签体系/通用分类标签/文化艺术与媒介/表征/副本/微缩模型
徽记,2,10042:V2融合世界标签体系/通用分类标签/人造物体/点缀/人物形象/徽记 || 19932:V2融合世界标签体系/通用分类标签/文字与信息图形/符号/徽记
心,2,1204:V2融合世界标签体系/通用分类标签/人物与人体/人体部位/内脏器官/心 || 30801:V2融合世界标签体系/通用分类标签/属性与状态/人物形象/平面图形/心
心理语言学家,2,33082:V2融合世界标签体系/IP 分类标签/真人与人物 IP/科学文化人物/科学家/心理学家/心理语言学家 || 33098:V2融合世界标签体系/IP 分类标签/真人与人物 IP/科学文化人物/科学家/语言学家/心理语言学家
忍冬,2,20594:V2融合世界标签体系/通用分类标签/植物/乔木灌木林木/灌木/忍冬 || 20597:V2融合世界标签体系/通用分类标签/植物/乔木灌木林木/灌木/忍冬/忍冬
快乐鼠尾草,2,22490:V2融合世界标签体系/通用分类标签/植物/草本植物/洋苏草/快乐鼠尾草 || 29733:V2融合世界标签体系/通用分类标签/食物/调味剂/芳草/鼠尾草/快乐鼠尾草
快速,2,26454:V2融合世界标签体系/通用分类标签/行为动作/快速 || 31504:V2融合世界标签体系/通用分类标签/时间数量与度量/快速
快速帆船,2,775:V2融合世界标签体系/通用分类标签/交通工具/容器/大型帆船/快速帆船 || 10298:V2融合世界标签体系/通用分类标签/人造物体/电力设备/电路/快速帆船
念珠,2,32186:V2融合世界标签体系/通用分类标签/知识与学科/收藏品集合/细绳/念珠 || 32187:V2融合世界标签体系/通用分类标签/知识与学科/收藏品集合/细绳/念珠/念珠
怀表,2,7053:V2融合世界标签体系/通用分类标签/人造物体/乐器/器械/仪器/时计/怀表 || 7054:V2融合世界标签体系/通用分类标签/人造物体/乐器/器械/仪器/时计/怀表/怀表
态度,2,26455:V2融合世界标签体系/通用分类标签/行为动作/态度 || 31068:V2融合世界标签体系/通用分类标签/属性与状态/态度
思慕雪,2,2602:V2融合世界标签体系/通用分类标签/人物与人体/坏人/作恶者/欺骗者/伪君子/思慕雪 || 29341:V2融合世界标签体系/通用分类标签/食物/思慕雪
思考,2,859:V2融合世界标签体系/通用分类标签/交通工具/思想/思考 || 860:V2融合世界标签体系/通用分类标签/交通工具/思考
急救,2,15642:V2融合世界标签体系/通用分类标签/场景/医疗健康场景/急救 || 25462:V2融合世界标签体系/通用分类标签/行为动作/应急救援动作/急救
性感裤,2,8122:V2融合世界标签体系/通用分类标签/人造物体/商品/消费品/可穿戴设备/衣服/裤子/泳裤/性感裤 || 11188:V2融合世界标签体系/通用分类标签/人造物体/覆盖物/可穿戴设备/衣服/裤子/泳裤/性感裤
总统,2,2052:V2融合世界标签体系/通用分类标签/人物与人体/会长/头部/决策者/执行董事/企业高管/总统 || 2131:V2融合世界标签体系/通用分类标签/人物与人体/传播者/谈判者/代表/国家元首/总统
恐怖,2,1892:V2融合世界标签体系/通用分类标签/人物与人体/表情/恐惧/恐怖 || 1893:V2融合世界标签体系/通用分类标签/人物与人体/表情/恐惧/恐怖
恐怖电影,2,18463:V2融合世界标签体系/通用分类标签/文化艺术与媒介/影视视频/电影/恐怖电影 || 18464:V2融合世界标签体系/通用分类标签/文化艺术与媒介/影视视频/电影/恐怖电影
恒星,2,24171:V2融合世界标签体系/通用分类标签/自然景观/天体/恒星 || 24172:V2融合世界标签体系/通用分类标签/自然景观/天体/恒星
恶劣天气防护服,2,8167:V2融合世界标签体系/通用分类标签/人造物体/商品/消费品/可穿戴设备/防护服装/恶劣天气防护服 || 11233:V2融合世界标签体系/通用分类标签/人造物体/覆盖物/可穿戴设备/防护服装/恶劣天气防护服
恶性肿瘤,2,31056:V2融合世界标签体系/通用分类标签/属性与状态/形势/生理状态/病理状态/不健康/生病/恶性病变/恶性肿瘤 || 31057:V2融合世界标签体系/通用分类标签/属性与状态/形势/生理状态/病理状态/不健康/生病/恶性病变/恶性肿瘤/恶性肿瘤
悬挂系统,2,7499:V2融合世界标签体系/通用分类标签/人造物体/力学系统/悬挂系统 || 31861:V2融合世界标签体系/通用分类标签/材料与物质/混合物/悬挂系统
情景喜剧,2,18583:V2融合世界标签体系/通用分类标签/文化艺术与媒介/舞台表演/戏剧/喜剧/情景喜剧 || 18883:V2融合世界标签体系/通用分类标签/文化艺术与媒介/情景喜剧
惰性气体,2,31623:V2融合世界标签体系/通用分类标签/材料与物质/元素/惰性气体 || 31847:V2融合世界标签体系/通用分类标签/材料与物质/流体/毒气/惰性气体
想象力,2,23570:V2融合世界标签体系/通用分类标签/组织机构与社会事件/想象力 || 32322:V2融合世界标签体系/通用分类标签/知识与学科/知识/才智/创造力/想象力
意大利面,2,27145:V2融合世界标签体系/通用分类标签/食物/中式主食面点/意大利面 || 29343:V2融合世界标签体系/通用分类标签/食物/意大利面食/意大利面
意大利面食,2,28852:V2融合世界标签体系/通用分类标签/食物/一道菜/意大利面食 || 29342:V2融合世界标签体系/通用分类标签/食物/意大利面食
感恩节晚餐,2,26471:V2融合世界标签体系/通用分类标签/行为动作/感恩节晚餐 || 29021:V2融合世界标签体系/通用分类标签/食物/一餐/感恩节晚餐
慈善活动,2,2758:V2融合世界标签体系/通用分类标签/人物与人体/慈善活动 || 26483:V2融合世界标签体系/通用分类标签/行为动作/慈善活动
慕斯,2,28858:V2融合世界标签体系/通用分类标签/食物/一道菜/慕斯 || 29773:V2融合世界标签体系/通用分类标签/食物/路线/点心/慕斯
成功,2,23573:V2融合世界标签体系/通用分类标签/组织机构与社会事件/成功 || 26372:V2融合世界标签体系/通用分类标签/行为动作/完成/成就/成功
成年托加袍,2,8029:V2融合世界标签体系/通用分类标签/人造物体/商品/消费品/可穿戴设备/衣服/外衣/披风/托加长袍/成年托加袍 || 11095:V2融合世界标签体系/通用分类标签/人造物体/覆盖物/可穿戴设备/衣服/外衣/披风/托加长袍/成年托加袍
成衣,2,7886:V2融合世界标签体系/通用分类标签/人造物体/商品/消费品/可穿戴设备/成衣 || 10952:V2融合世界标签体系/通用分类标签/人造物体/覆盖物/可穿戴设备/成衣
战吼,2,19655:V2融合世界标签体系/通用分类标签/文字与信息图形/听觉交流/话语/战吼 || 30300:V2融合世界标签体系/通用分类标签/声音/战吼
战斧,2,1248:V2融合世界标签体系/通用分类标签/人物与人体/人体部位/手臂/战斧 || 7467:V2融合世界标签体系/通用分类标签/人造物体/切割器具/切削工具/刃具/斧/大斧/战斧
战绳,2,9065:V2融合世界标签体系/通用分类标签/人造物体/战绳 || 10532:V2融合世界标签体系/通用分类标签/人造物体/线/战绳
战马,2,12133:V2融合世界标签体系/通用分类标签/动物/哺乳动物/马科动物/家马/坐骑/战马 || 12135:V2融合世界标签体系/通用分类标签/动物/哺乳动物/马科动物/家马/坐骑/战马/战马
戳/条状物,2,9066:V2融合世界标签体系/通用分类标签/人造物体/戳/条状物 || 26485:V2融合世界标签体系/通用分类标签/行为动作/戳/条状物
戴胜,2,14580:V2融合世界标签体系/通用分类标签/动物/鸟类/佛法僧目鸟类/戴胜 || 14581:V2融合世界标签体系/通用分类标签/动物/鸟类/佛法僧目鸟类/戴胜/戴胜
户外图书馆,2,16611:V2融合世界标签体系/通用分类标签/场景/户外图书馆 || 17935:V2融合世界标签体系/通用分类标签/建筑与基础设施/户外图书馆
户外犬舍,2,16612:V2融合世界标签体系/通用分类标签/场景/户外犬舍 || 18387:V2融合世界标签体系/通用分类标签/建筑与基础设施/附属建筑/犬舍/户外犬舍
户外舞台,2,10675:V2融合世界标签体系/通用分类标签/人造物体/表面/水平仪/平台/户外舞台 || 10686:V2融合世界标签体系/通用分类标签/人造物体/表面/水平仪/平台/舞台/户外舞台
手写/字迹,2,19512:V2融合世界标签体系/通用分类标签/文字与信息图形/书面交流/手写/字迹 || 26488:V2融合世界标签体系/通用分类标签/行为动作/手写/字迹
手提箱,2,8806:V2融合世界标签体系/通用分类标签/人造物体/容器/容器盒/手提箱 || 8809:V2融合世界标签体系/通用分类标签/人造物体/容器/容器盒/手提箱/手提箱
手术,2,15643:V2融合世界标签体系/通用分类标签/场景/医疗健康场景/手术 || 25170:V2融合世界标签体系/通用分类标签/行为动作/医疗护理动作/手术
手术服,2,8073:V2融合世界标签体系/通用分类标签/人造物体/商品/消费品/可穿戴设备/衣服/手术服 || 11139:V2融合世界标签体系/通用分类标签/人造物体/覆盖物/可穿戴设备/衣服/手术服
手球,2,9974:V2融合世界标签体系/通用分类标签/人造物体/游戏器材/球/手球 || 24756:V2融合世界标签体系/通用分类标签/行为动作/休闲娱乐动作/游戏/体育游戏/场地球类运动/手球
手电筒,2,7395:V2融合世界标签体系/通用分类标签/人造物体/光源/光/手电筒 || 7411:V2融合世界标签体系/通用分类标签/人造物体/光源/灯/电灯/手电筒
手部穿戴物,2,7887:V2融合世界标签体系/通用分类标签/人造物体/商品/消费品/可穿戴设备/手部穿戴物 || 10953:V2融合世界标签体系/通用分类标签/人造物体/覆盖物/可穿戴设备/手部穿戴物
手铲,2,9129:V2融合世界标签体系/通用分类标签/人造物体/手工工具/手铲 || 9172:V2融合世界标签体系/通用分类标签/人造物体/手工工具/铲/手铲
手镯,2,3792:V2融合世界标签体系/通用分类标签/人造物体/包装与容器/手镯 || 6911:V2融合世界标签体系/通用分类标签/人造物体/箱包首饰/珠宝首饰/手镯
手风琴,2,3307:V2融合世界标签体系/通用分类标签/人造物体/中西乐器/键盘乐器/手风琴 || 29886:V2融合世界标签体系/通用分类标签/声音/乐器/手风琴
扑克桌,2,9824:V2融合世界标签体系/通用分类标签/人造物体/桌子/赌桌/扑克桌 || 9825:V2融合世界标签体系/通用分类标签/人造物体/桌子/赌桌/扑克桌
扑克牌,2,31915:V2融合世界标签体系/通用分类标签/材料与物质/纸/卡/扑克牌 || 31918:V2融合世界标签体系/通用分类标签/材料与物质/纸/卡/扑克牌/扑克牌
扑面粉,2,9897:V2融合世界标签体系/通用分类标签/人造物体/洗漱用品/化妆品/化妆/扑面粉 || 9929:V2融合世界标签体系/通用分类标签/人造物体/洗漱用品/粉末/扑面粉
打孔器,2,3536:V2融合世界标签体系/通用分类标签/人造物体/办公文具/打孔器 || 9184:V2融合世界标签体系/通用分类标签/人造物体/打孔器
打字机,2,9637:V2融合世界标签体系/通用分类标签/人造物体/机器/印刷机/串行打印机/打字机 || 30303:V2融合世界标签体系/通用分类标签/声音/打字/打字机
打扮,2,7894:V2融合世界标签体系/通用分类标签/人造物体/商品/消费品/可穿戴设备/打扮 || 10960:V2融合世界标签体系/通用分类标签/人造物体/覆盖物/可穿戴设备/打扮
打桩机,2,9693:V2融合世界标签体系/通用分类标签/人造物体/机器/打桩机 || 14245:V2融合世界标签体系/通用分类标签/动物/鸟类/涉禽/苍鹭/鹭鸶/打桩机
打棒球,2,25107:V2融合世界标签体系/通用分类标签/行为动作/体育运动动作/球类运动/打棒球 || 26511:V2融合世界标签体系/通用分类标签/行为动作/打棒球
打猎,2,18885:V2融合世界标签体系/通用分类标签/文化艺术与媒介/打猎 || 25078:V2融合世界标签体系/通用分类标签/行为动作/体育运动动作/户外运动/打猎
打结,2,26398:V2融合世界标签体系/通用分类标签/行为动作/完整性变化/打结 || 31086:V2融合世界标签体系/通用分类标签/属性与状态/打结
打网球,2,26515:V2融合世界标签体系/通用分类标签/行为动作/打网球 || 26516:V2融合世界标签体系/通用分类标签/行为动作/打网球
打鼾,2,26308:V2融合世界标签体系/通用分类标签/行为动作/呼吸/打鼾 || 26309:V2融合世界标签体系/通用分类标签/行为动作/呼吸/打鼾
托加长袍,2,8028:V2融合世界标签体系/通用分类标签/人造物体/商品/消费品/可穿戴设备/衣服/外衣/披风/托加长袍 || 11094:V2融合世界标签体系/通用分类标签/人造物体/覆盖物/可穿戴设备/衣服/外衣/披风/托加长袍
托架,2,9307:V2融合世界标签体系/通用分类标签/人造物体/支持/墙壁托架/托架 || 32177:V2融合世界标签体系/通用分类标签/知识与学科/收藏品集合/一套/托架
扣子,2,3354:V2融合世界标签体系/通用分类标签/人造物体/五金工具/紧固件/扣子 || 3357:V2融合世界标签体系/通用分类标签/人造物体/五金工具/紧固件/扣子
扰流板,2,9285:V2融合世界标签体系/通用分类标签/人造物体/操纵台面/扰流板 || 9286:V2融合世界标签体系/通用分类标签/人造物体/操纵台面/扰流板
扳手,2,5495:V2融合世界标签体系/通用分类标签/人造物体/工业机械设备/扳手 || 9132:V2融合世界标签体系/通用分类标签/人造物体/手工工具/扳手
扶手,2,9301:V2融合世界标签体系/通用分类标签/人造物体/支持/休息/扶手 || 18337:V2融合世界标签体系/通用分类标签/建筑与基础设施/辎重/屏障/扶手
承包商,2,25767:V2融合世界标签体系/通用分类标签/行为动作/社交互动动作/聚会/承包商 || 25769:V2融合世界标签体系/通用分类标签/行为动作/社交互动动作/聚会/承包商/建造者/承包商
承运人,2,18004:V2融合世界标签体系/通用分类标签/建筑与基础设施/支承结构/构架/支架/承运人 || 23504:V2融合世界标签体系/通用分类标签/组织机构与社会事件/企业/承运人
技术,2,26080:V2融合世界标签体系/通用分类标签/行为动作/使用/实际应用/技术 || 26427:V2融合世界标签体系/通用分类标签/行为动作/岗位/职业/技术
技术员,2,1935:V2融合世界标签体系/通用分类标签/人物与人体/专家/技术员 || 2418:V2融合世界标签体系/通用分类标签/人物与人体/劳动者/技术工人/技术员
技术工人,2,1765:V2融合世界标签体系/通用分类标签/人物与人体/职业身份/技术工人 || 2349:V2融合世界标签体系/通用分类标签/人物与人体/劳动者/技术工人
投保人,2,2219:V2融合世界标签体系/通用分类标签/人物与人体/使用者/消费者/主顾/投保人 || 2770:V2融合世界标签体系/通用分类标签/人物与人体/所有者/容器/投保人
折纸,2,18886:V2融合世界标签体系/通用分类标签/文化艺术与媒介/折纸 || 26526:V2融合世界标签体系/通用分类标签/行为动作/折纸
抛光机,2,7518:V2融合世界标签体系/通用分类标签/人造物体/动力工具/抛光机 || 9631:V2融合世界标签体系/通用分类标签/人造物体/机器/动力工具/抛光机
护目镜片,2,9196:V2融合世界标签体系/通用分类标签/人造物体/护目镜片 || 26533:V2融合世界标签体系/通用分类标签/行为动作/护目镜片
护肘,2,8168:V2融合世界标签体系/通用分类标签/人造物体/商品/消费品/可穿戴设备/防护服装/护肘 || 11234:V2融合世界标签体系/通用分类标签/人造物体/覆盖物/可穿戴设备/防护服装/护肘
护胫,2,8169:V2融合世界标签体系/通用分类标签/人造物体/商品/消费品/可穿戴设备/防护服装/护胫 || 11235:V2融合世界标签体系/通用分类标签/人造物体/覆盖物/可穿戴设备/防护服装/护胫
护胸,2,8170:V2融合世界标签体系/通用分类标签/人造物体/商品/消费品/可穿戴设备/防护服装/护胸 || 11236:V2融合世界标签体系/通用分类标签/人造物体/覆盖物/可穿戴设备/防护服装/护胸
护腿,2,8074:V2融合世界标签体系/通用分类标签/人造物体/商品/消费品/可穿戴设备/衣服/护腿 || 11140:V2融合世界标签体系/通用分类标签/人造物体/覆盖物/可穿戴设备/衣服/护腿
护膝,2,8171:V2融合世界标签体系/通用分类标签/人造物体/商品/消费品/可穿戴设备/防护服装/护膝 || 11237:V2融合世界标签体系/通用分类标签/人造物体/覆盖物/可穿戴设备/防护服装/护膝
护臂,2,8172:V2融合世界标签体系/通用分类标签/人造物体/商品/消费品/可穿戴设备/防护服装/护臂 || 11238:V2融合世界标签体系/通用分类标签/人造物体/覆盖物/可穿戴设备/防护服装/护臂
报春花,2,22436:V2融合世界标签体系/通用分类标签/植物/草本植物/报春花 || 22438:V2融合世界标签体系/通用分类标签/植物/草本植物/报春花/报春花
披肩/围巾,2,8142:V2融合世界标签体系/通用分类标签/人造物体/商品/消费品/可穿戴设备/衣服/颈部服饰/披肩/围巾 || 11208:V2融合世界标签体系/通用分类标签/人造物体/覆盖物/可穿戴设备/衣服/颈部服饰/披肩/围巾
披肩榛鸡,2,24789:V2融合世界标签体系/通用分类标签/行为动作/休闲娱乐动作/游戏/准许捕捉的鸟/松鸡/披肩榛鸡 || 24790:V2融合世界标签体系/通用分类标签/行为动作/休闲娱乐动作/游戏/准许捕捉的鸟/松鸡/披肩榛鸡
披萨,2,27154:V2融合世界标签体系/通用分类标签/食物/中式主食面点/披萨 || 28860:V2融合世界标签体系/通用分类标签/食物/一道菜/披萨
抱子甘蓝,2,22318:V2融合世界标签体系/通用分类标签/植物/草本植物/十字花科植物/抱子甘蓝 || 29068:V2融合世界标签体系/通用分类标签/食物/农产品/蔬菜/十字花科蔬菜/抱子甘蓝
抱枕,2,4852:V2融合世界标签体系/通用分类标签/人造物体/家具大件/抱枕 || 10564:V2融合世界标签体系/通用分类标签/人造物体/缓冲材料/坐垫/抱枕
抵抗力,2,26534:V2融合世界标签体系/通用分类标签/行为动作/抵抗力 || 26790:V2融合世界标签体系/通用分类标签/行为动作/物理现象/力学现象/抵抗力
抽褶裙,2,8054:V2融合世界标签体系/通用分类标签/人造物体/商品/消费品/可穿戴设备/衣服/女裙/抽褶裙 || 11120:V2融合世界标签体系/通用分类标签/人造物体/覆盖物/可穿戴设备/衣服/女裙/抽褶裙
担架,2,741:V2融合世界标签体系/通用分类标签/交通工具/垃圾/担架 || 18000:V2融合世界标签体系/通用分类标签/建筑与基础设施/支承结构/构架/担架
拉丁语,2,2781:V2融合世界标签体系/通用分类标签/人物与人体/拉丁语 || 19947:V2融合世界标签体系/通用分类标签/文字与信息图形/自然语言/印欧语系的/斜体/拉丁语
拉萨,2,2782:V2融合世界标签体系/通用分类标签/人物与人体/拉萨 || 11967:V2融合世界标签体系/通用分类标签/动物/哺乳动物/犬科动物/家犬/猎犬/㹴犬/拉萨
拍/拿,2,24739:V2融合世界标签体系/通用分类标签/行为动作/休闲娱乐动作/摄影/拍摄/拍/拿 || 26538:V2融合世界标签体系/通用分类标签/行为动作/拍/拿
拍卖,2,24838:V2融合世界标签体系/通用分类标签/行为动作/休闲娱乐动作/游戏/纸牌游戏/桥/拍卖 || 26169:V2融合世界标签体系/通用分类标签/行为动作/出卖/拍卖
拍摄,2,9205:V2融合世界标签体系/通用分类标签/人造物体/拍摄 || 24738:V2融合世界标签体系/通用分类标签/行为动作/休闲娱乐动作/摄影/拍摄
拱廊,2,11584:V2融合世界标签体系/通用分类标签/人造物体/道路/通道/走廊/拱廊 || 17966:V2融合世界标签体系/通用分类标签/建筑与基础设施/拱廊
拱桥,2,17968:V2融合世界标签体系/通用分类标签/建筑与基础设施/拱桥 || 18119:V2融合世界标签体系/通用分类标签/建筑与基础设施/桥/拱桥
拳击手,2,1956:V2融合世界标签体系/通用分类标签/人物与人体/交战者/拳击手 || 11919:V2融合世界标签体系/通用分类标签/动物/哺乳动物/犬科动物/家犬/工作犬/拳击手
拳击手套,2,7891:V2融合世界标签体系/通用分类标签/人造物体/商品/消费品/可穿戴设备/手部穿戴物/手套/拳击手套 || 10957:V2融合世界标签体系/通用分类标签/人造物体/覆盖物/可穿戴设备/手部穿戴物/手套/拳击手套
挂毯,2,10081:V2融合世界标签体系/通用分类标签/人造物体/点缀/墙帏/挂毯 || 30918:V2融合世界标签体系/通用分类标签/属性与状态/复杂性/挂毯
挂脖上衣,2,7857:V2融合世界标签体系/通用分类标签/人造物体/商品/消费品/可穿戴设备/女装/上衣/挂脖上衣 || 10923:V2融合世界标签体系/通用分类标签/人造物体/覆盖物/可穿戴设备/女装/上衣/挂脖上衣
指导,2,26901:V2融合世界标签体系/通用分类标签/行为动作/社会控制/指导 || 33074:V2融合世界标签体系/IP 分类标签/真人与人物 IP/科学文化人物/教育家/教师/指导
指引,2,19790:V2融合世界标签体系/通用分类标签/文字与信息图形/指引 || 26549:V2融合世界标签体系/通用分类标签/行为动作/指引
指挥,2,26550:V2融合世界标签体系/通用分类标签/行为动作/指挥 || 26902:V2融合世界标签体系/通用分类标签/行为动作/社会控制/指导/指挥
指板,2,8975:V2融合世界标签体系/通用分类标签/人造物体/建材/制材/条带/指板 || 10817:V2融合世界标签体系/通用分类标签/人造物体/覆盖物/保护/指板
指甲油,2,9903:V2融合世界标签体系/通用分类标签/人造物体/洗漱用品/化妆品/指甲油 || 11284:V2融合世界标签体系/通用分类标签/人造物体/覆盖物/外套/搪瓷/指甲油
指甲花,2,21594:V2融合世界标签体系/通用分类标签/植物/指甲花 || 31791:V2融合世界标签体系/通用分类标签/材料与物质/染色材料/染料/染发/指甲花
按摩浴缸,2,8681:V2融合世界标签体系/通用分类标签/人造物体/容器/器皿/大盆/按摩浴缸 || 9225:V2融合世界标签体系/通用分类标签/人造物体/按摩浴缸
按键/钥匙,2,8360:V2融合世界标签体系/通用分类标签/人造物体/器具/棒/杠杆/按键/钥匙 || 9226:V2融合世界标签体系/通用分类标签/人造物体/按键/钥匙
挞,2,29458:V2融合世界标签体系/通用分类标签/食物/烘焙食品/糕点/挞 || 29461:V2融合世界标签体系/通用分类标签/食物/烘焙食品/糕点/派/挞
挡泥板,2,10818:V2融合世界标签体系/通用分类标签/人造物体/覆盖物/保护/挡泥板 || 18339:V2融合世界标签体系/通用分类标签/建筑与基础设施/辎重/屏障/挡泥板
挣钱者,2,2454:V2融合世界标签体系/通用分类标签/人物与人体/劳动者/职员/任职者/挣钱者 || 2768:V2融合世界标签体系/通用分类标签/人物与人体/所有者/容器/任职者/挣钱者
挤,2,26593:V2融合世界标签体系/通用分类标签/行为动作/推进/推/加压/挤 || 26595:V2融合世界标签体系/通用分类标签/行为动作/推进/推/加压/挤
挥舞,2,26560:V2融合世界标签体系/通用分类标签/行为动作/挥舞 || 26561:V2融合世界标签体系/通用分类标签/行为动作/挥舞
挽具,2,9337:V2融合世界标签体系/通用分类标签/人造物体/支持/挽具 || 10227:V2融合世界标签体系/通用分类标签/人造物体/用具/平头钉/挽具
捕手面罩,2,7284:V2融合世界标签体系/通用分类标签/人造物体/体育器材/棒球器材/捕手面罩 || 10771:V2融合世界标签体系/通用分类标签/人造物体/覆盖物/保护/口罩/面罩/捕手面罩
捕鱼,2,15154:V2融合世界标签体系/通用分类标签/动物/捕鱼 || 25079:V2融合世界标签体系/通用分类标签/行为动作/体育运动动作/户外运动/捕鱼
捕鼠器,2,8449:V2融合世界标签体系/通用分类标签/人造物体/圈套/捕鼠器 || 8450:V2融合世界标签体系/通用分类标签/人造物体/圈套/捕鼠器
掀背车,2,1100:V2融合世界标签体系/通用分类标签/交通工具/轮式车辆/自行式车辆/机动车/机动车/掀背车 || 18332:V2融合世界标签体系/通用分类标签/建筑与基础设施/辎重/屏障/可移动屏障/门/车门/掀背车
掌声,2,19784:V2融合世界标签体系/通用分类标签/文字与信息图形/批准/掌声 || 30115:V2融合世界标签体系/通用分类标签/声音/人类群体行为/掌声
排列,2,17969:V2融合世界标签体系/通用分类标签/建筑与基础设施/排列 || 19175:V2融合世界标签体系/通用分类标签/文化艺术与媒介/通过心智活动创造/作曲/排列
排放,2,26565:V2融合世界标签体系/通用分类标签/行为动作/排放 || 31783:V2融合世界标签体系/通用分类标签/材料与物质/排放
接或掷飞盘,2,26575:V2融合世界标签体系/通用分类标签/行为动作/接或掷飞盘 || 26576:V2融合世界标签体系/通用分类标签/行为动作/接或掷飞盘
控制,2,9434:V2融合世界标签体系/通用分类标签/人造物体/机制/控制 || 31092:V2融合世界标签体系/通用分类标签/属性与状态/控制
控制台,2,7144:V2融合世界标签体系/通用分类标签/人造物体/乐器/器械/科学仪器/控制台 || 10757:V2融合世界标签体系/通用分类标签/人造物体/覆盖物/保护/住房/控制台
推,2,26579:V2融合世界标签体系/通用分类标签/行为动作/推 || 26591:V2融合世界标签体系/通用分类标签/行为动作/推进/推
推动,2,26581:V2融合世界标签体系/通用分类标签/行为动作/推动 || 26986:V2融合世界标签体系/通用分类标签/行为动作/说话/交谈/演讲/推动
推拉窗,2,18040:V2融合世界标签体系/通用分类标签/建筑与基础设施/支承结构/构架/窗户/推拉窗 || 18041:V2融合世界标签体系/通用分类标签/建筑与基础设施/支承结构/构架/窗户/推拉窗
推拉门,2,18319:V2融合世界标签体系/通用分类标签/建筑与基础设施/辎重/屏障/可移动屏障/门/推拉门 || 30613:V2融合世界标签体系/通用分类标签/声音/门/推拉门
描述,2,20002:V2融合世界标签体系/通用分类标签/文字与信息图形/陈述/描述 || 32171:V2融合世界标签体系/通用分类标签/知识与学科/描述
插肩式服装,2,8078:V2融合世界标签体系/通用分类标签/人造物体/商品/消费品/可穿戴设备/衣服/插肩式服装 || 11144:V2融合世界标签体系/通用分类标签/人造物体/覆盖物/可穿戴设备/衣服/插肩式服装
插花,2,10092:V2融合世界标签体系/通用分类标签/人造物体/点缀/插花 || 21595:V2融合世界标签体系/通用分类标签/植物/插花
搅拌碗,2,4366:V2融合世界标签体系/通用分类标签/人造物体/厨房餐厨用品/餐具/陶瓷餐具/盘/碗/搅拌碗 || 4367:V2融合世界标签体系/通用分类标签/人造物体/厨房餐厨用品/餐具/陶瓷餐具/盘/碗/搅拌碗
摄影,2,18497:V2融合世界标签体系/通用分类标签/文化艺术与媒介/摄影 || 24729:V2融合世界标签体系/通用分类标签/行为动作/休闲娱乐动作/摄影
摄影师,2,32952:V2融合世界标签体系/IP 分类标签/真人与人物 IP/历史古人/艺术家/摄影师 || 32955:V2融合世界标签体系/IP 分类标签/真人与人物 IP/历史古人/艺术家/摄影师/摄影师
摄影闪光灯,2,7404:V2融合世界标签体系/通用分类标签/人造物体/光源/灯/摄影闪光灯 || 9261:V2融合世界标签体系/通用分类标签/人造物体/摄影设备/摄影闪光灯
摇酒器,2,2800:V2融合世界标签体系/通用分类标签/人物与人体/摇酒器 || 8841:V2融合世界标签体系/通用分类标签/人造物体/容器/摇酒器
摔跤服,2,7974:V2融合世界标签体系/通用分类标签/人造物体/商品/消费品/可穿戴设备/衣服/不可言说之物/摔跤服 || 11040:V2融合世界标签体系/通用分类标签/人造物体/覆盖物/可穿戴设备/衣服/不可言说之物/摔跤服
摩卡,2,28605:V2融合世界标签体系/通用分类标签/食物/饮品类/咖啡/摩卡 || 29701:V2融合世界标签体系/通用分类标签/食物/调味剂/摩卡
摩天轮,2,9484:V2融合世界标签体系/通用分类标签/人造物体/机制/旋转机构/摩天轮 || 9495:V2融合世界标签体系/通用分类标签/人造物体/机制/机械装置/乘坐/摩天轮
摩托车,2,872:V2融合世界标签体系/通用分类标签/交通工具/摩托车 || 1156:V2融合世界标签体系/通用分类标签/交通工具/道路机动车/摩托车
摩托车赛车手,2,2801:V2融合世界标签体系/通用分类标签/人物与人体/摩托车赛车手 || 26630:V2融合世界标签体系/通用分类标签/行为动作/摩托车赛车手
播种机,2,8268:V2融合世界标签体系/通用分类标签/人造物体/器具/器具/厨房用具/播种机 || 9534:V2融合世界标签体系/通用分类标签/人造物体/机制/机械装置/播种机
擦子,2,8270:V2融合世界标签体系/通用分类标签/人造物体/器具/器具/厨房用具/擦子 || 8282:V2融合世界标签体系/通用分类标签/人造物体/器具/擦子
攀岩,2,24900:V2融合世界标签体系/通用分类标签/行为动作/休闲娱乐动作/攀岩 || 25959:V2融合世界标签体系/通用分类标签/行为动作/休养/体育/攀岩
攀爬架,2,17978:V2融合世界标签体系/通用分类标签/建筑与基础设施/攀爬架 || 18001:V2融合世界标签体系/通用分类标签/建筑与基础设施/支承结构/构架/攀爬架
攀登者,2,1639:V2融合世界标签体系/通用分类标签/人物与人体/职业身份/运动员/攀登者 || 21314:V2融合世界标签体系/通用分类标签/植物/草本竹藤植物/藤本植物/攀登者
收割机,2,2462:V2融合世界标签体系/通用分类标签/人物与人体/劳动者/职员/劳动男子/体力劳动者/帮工/农场工人/收割机 || 9614:V2融合世界标签体系/通用分类标签/人造物体/机器/农业机器/收割机
收纳箱,2,4861:V2融合世界标签体系/通用分类标签/人造物体/家具大件/收纳箱 || 8846:V2融合世界标签体系/通用分类标签/人造物体/容器/收纳箱
收获,2,25326:V2融合世界标签体系/通用分类标签/行为动作/工作学习动作/收获 || 26640:V2融合世界标签体系/通用分类标签/行为动作/收获
收藏家,2,2437:V2融合世界标签体系/通用分类标签/人物与人体/劳动者/收藏家 || 2802:V2融合世界标签体系/通用分类标签/人物与人体/收藏家
收银机,2,8876:V2融合世界标签体系/通用分类标签/人造物体/容器/盒子/保险箱/储钱罐/收银机 || 29982:V2融合世界标签体系/通用分类标签/声音/事物声音/机制/收银机
收集,2,25197:V2融合世界标签体系/通用分类标签/行为动作/宗教仪式动作/祈祷/收集 || 26642:V2融合世界标签体系/通用分类标签/行为动作/收集
改革者,2,1952:V2融合世界标签体系/通用分类标签/人物与人体/争论者/改革者 || 7212:V2融合世界标签体系/通用分类标签/人造物体/仪器/改革者
攻击,2,26644:V2融合世界标签体系/通用分类标签/行为动作/攻击 || 26645:V2融合世界标签体系/通用分类标签/行为动作/攻击
攻击步枪,2,1272:V2融合世界标签体系/通用分类标签/人物与人体/人体部位/手臂/手枪/一件/半自动枪炮/自动枪/机关枪/自动步枪/攻击步枪 || 1275:V2融合世界标签体系/通用分类标签/人物与人体/人体部位/手臂/手枪/一件/半自动枪炮/自动枪/自动步枪/攻击步枪
攻城锤,2,9405:V2融合世界标签体系/通用分类标签/人造物体/攻城锤 || 15733:V2融合世界标签体系/通用分类标签/场景/室内场景/商店/易失性存储器/攻城锤
放大器,2,7145:V2融合世界标签体系/通用分类标签/人造物体/乐器/器械/科学仪器/放大器 || 10388:V2融合世界标签体系/通用分类标签/人造物体/电子设备/放大器
政府部,2,18064:V2融合世界标签体系/通用分类标签/建筑与基础设施/政府部 || 31587:V2融合世界标签体系/通用分类标签/时间数量与度量/行政单位/部门/政府部门/政府部
故障,2,23583:V2融合世界标签体系/通用分类标签/组织机构与社会事件/故障 || 26651:V2融合世界标签体系/通用分类标签/行为动作/故障
敏狐,2,12043:V2融合世界标签体系/通用分类标签/动物/哺乳动物/犬科动物/狐/敏狐 || 12044:V2融合世界标签体系/通用分类标签/动物/哺乳动物/犬科动物/狐/敏狐
救生背心,2,9409:V2融合世界标签体系/通用分类标签/人造物体/救援设备/保护者/救生背心 || 9935:V2融合世界标签体系/通用分类标签/人造物体/浮子/保护者/救生背心
教区,2,25782:V2融合世界标签体系/通用分类标签/行为动作/社交互动动作/聚会/社区/教区 || 32071:V2融合世界标签体系/通用分类标签/知识与学科/地区/管辖权/教区
教区牧师住宅,2,17407:V2融合世界标签体系/通用分类标签/建筑与基础设施/H类住宅/住所/教区牧师住宅 || 17481:V2融合世界标签体系/通用分类标签/建筑与基础设施/住宅/住处/H类住宅/住所/教区牧师住宅
教堂的钟,2,7337:V2融合世界标签体系/通用分类标签/人造物体/信号装置/钟/教堂的钟 || 8538:V2融合世界标签体系/通用分类标签/人造物体/声学装置/钟/教堂的钟
教学,2,25335:V2融合世界标签体系/通用分类标签/行为动作/工作学习动作/教学 || 26428:V2融合世界标签体系/通用分类标签/行为动作/岗位/职业/教学
教师,2,1774:V2融合世界标签体系/通用分类标签/人物与人体/职业身份/教师 || 33073:V2融合世界标签体系/IP 分类标签/真人与人物 IP/科学文化人物/教育家/教师
教授,2,2598:V2融合世界标签体系/通用分类标签/人物与人体/坏人/作恶者/校长/犯人/小偷/掠夺者/海盗/教授 || 33072:V2融合世界标签体系/IP 分类标签/真人与人物 IP/科学文化人物/教育家/专科院校的/教授
散步,2,24674:V2融合世界标签体系/通用分类标签/行为动作/交通出行动作/步行/散步 || 26658:V2融合世界标签体系/通用分类标签/行为动作/旅行/散步
散步道,2,24675:V2融合世界标签体系/通用分类标签/行为动作/交通出行动作/步行/散步道 || 25848:V2融合世界标签体系/通用分类标签/行为动作/艺术表演动作/舞蹈/散步道
数字,2,19304:V2融合世界标签体系/通用分类标签/文字与信息图形/数字与编码/数字 || 24584:V2融合世界标签体系/通用分类标签/节日与符号/文字与语言符号/数字
数字图标,2,19581:V2融合世界标签体系/通用分类标签/文字与信息图形/信号/代号/图标/数字图标 || 31512:V2融合世界标签体系/通用分类标签/时间数量与度量/数字图标
敲击声,2,30355:V2融合世界标签体系/通用分类标签/声音/敲击声 || 30388:V2融合世界标签体系/通用分类标签/声音/来源不明声音/通用撞击声/敲击声
文学作品,2,18916:V2融合世界标签体系/通用分类标签/文化艺术与媒介/文学作品 || 19528:V2融合世界标签体系/通用分类标签/文字与信息图形/书面交流/文学作品
文身,2,10060:V2融合世界标签体系/通用分类标签/人造物体/点缀/人物形象/文身 || 19612:V2融合世界标签体系/通用分类标签/文字与信息图形/信号/文身
斑块,2,10066:V2融合世界标签体系/通用分类标签/人造物体/点缀/人物形象/标记行为/斑点/斑块 || 16874:V2融合世界标签体系/通用分类标签/建筑与基础设施/历史古迹地标/纪念碑/斑块
斑点钝口螈,2,11717:V2融合世界标签体系/通用分类标签/动物/两栖动物/火蜥蜴/斑点钝口螈 || 11726:V2融合世界标签体系/通用分类标签/动物/两栖动物/火蜥蜴/钝口螈/斑点钝口螈
斑背潜鸭,2,14680:V2融合世界标签体系/通用分类标签/动物/鸟类/水禽/水禽/雁形目鸟/鸭/斑背潜鸭 || 14682:V2融合世界标签体系/通用分类标签/动物/鸟类/水禽/水禽/雁形目鸟/鸭/斑背潜鸭/斑背潜鸭
斗牛,2,19134:V2融合世界标签体系/通用分类标签/文化艺术与媒介/表征/斗牛 || 25984:V2融合世界标签体系/通用分类标签/行为动作/休养/体育/血腥运动/斗牛
斗牛士,2,2823:V2融合世界标签体系/通用分类标签/人物与人体/斗牛士 || 2824:V2融合世界标签体系/通用分类标签/人物与人体/斗牛士/斗牛士
斗篷式雨披,2,8033:V2融合世界标签体系/通用分类标签/人造物体/商品/消费品/可穿戴设备/衣服/外衣/披风/斗篷式雨披 || 11099:V2融合世界标签体系/通用分类标签/人造物体/覆盖物/可穿戴设备/衣服/外衣/披风/斗篷式雨披
斜纹棉布裤,2,8118:V2融合世界标签体系/通用分类标签/人造物体/商品/消费品/可穿戴设备/衣服/裤子/斜纹棉布裤 || 11184:V2融合世界标签体系/通用分类标签/人造物体/覆盖物/可穿戴设备/衣服/裤子/斜纹棉布裤
新娘,2,1996:V2融合世界标签体系/通用分类标签/人物与人体/亲属/伙伴/新婚/新娘 || 2555:V2融合世界标签体系/通用分类标签/人物与人体/同居伴侣/伙伴/新婚/新娘
新婚夫妇,2,23498:V2融合世界标签体系/通用分类标签/组织机构与社会事件/亲戚/新婚夫妇 || 25748:V2融合世界标签体系/通用分类标签/行为动作/社交互动动作/聚会/一双/新婚夫妇
新闻,2,19841:V2融合世界标签体系/通用分类标签/文字与信息图形/新闻 || 19842:V2融合世界标签体系/通用分类标签/文字与信息图形/新闻
方糖,2,8520:V2融合世界标签体系/通用分类标签/人造物体/块状物/立方体/方糖 || 29400:V2融合世界标签体系/通用分类标签/食物/方糖
旁观者,2,2756:V2融合世界标签体系/通用分类标签/人物与人体/感知者/旁观者 || 2757:V2融合世界标签体系/通用分类标签/人物与人体/感知者/旁观者/旁观者
旅人,2,2840:V2融合世界标签体系/通用分类标签/人物与人体/旅行者/旅人 || 2846:V2融合世界标签体系/通用分类标签/人物与人体/旅行者/步行的人/旅人
旅店外部,2,18066:V2融合世界标签体系/通用分类标签/建筑与基础设施/旅店外部 || 18067:V2融合世界标签体系/通用分类标签/建筑与基础设施/旅店外部
旅游巴士,2,675:V2融合世界标签体系/通用分类标签/交通工具/公共运输/公交车/旅游巴士 || 692:V2融合世界标签体系/通用分类标签/交通工具/公共运输/旅游巴士
旋转,2,26681:V2融合世界标签体系/通用分类标签/行为动作/旋转 || 26683:V2融合世界标签体系/通用分类标签/行为动作/旋转/旋转
旋转磨石,2,8251:V2融合世界标签体系/通用分类标签/人造物体/器具/削尖器/旋转磨石 || 8993:V2融合世界标签体系/通用分类标签/人造物体/建材/石头/旋转磨石
旋转轴,2,8307:V2融合世界标签体系/通用分类标签/人造物体/器具/杆/旋转轴 || 9488:V2融合世界标签体系/通用分类标签/人造物体/机制/旋转轴
旗杆,2,8295:V2融合世界标签体系/通用分类标签/人造物体/器具/木条/工作人员群体/旗杆 || 8313:V2融合世界标签体系/通用分类标签/人造物体/器具/杆/旗杆
无人机,2,280:V2融合世界标签体系/通用分类标签/交通工具/空中飞行器/无人机 || 6420:V2融合世界标签体系/通用分类标签/人造物体/机器人与智能设备/无人机
无尾礼服,2,7915:V2融合世界标签体系/通用分类标签/人造物体/商品/消费品/可穿戴设备/打扮/夜礼服/无尾礼服 || 10981:V2融合世界标签体系/通用分类标签/人造物体/覆盖物/可穿戴设备/打扮/夜礼服/无尾礼服
无檐便帽,2,6070:V2融合世界标签体系/通用分类标签/人造物体/服饰全品/帽子/无檐便帽 || 22449:V2融合世界标签体系/通用分类标签/植物/草本植物/无檐便帽
无线电话,2,8563:V2融合世界标签体系/通用分类标签/人造物体/媒介/电信/无线的/无线电话 || 10401:V2融合世界标签体系/通用分类标签/人造物体/电子设备/电话/无线电话
无肩带的,2,7876:V2融合世界标签体系/通用分类标签/人造物体/商品/消费品/可穿戴设备/女装/女服/无肩带的 || 10942:V2融合世界标签体系/通用分类标签/人造物体/覆盖物/可穿戴设备/女装/女服/无肩带的
无花果,2,20335:V2融合世界标签体系/通用分类标签/植物/乔木灌木林木/乔木/无花果树/无花果 || 29192:V2融合世界标签体系/通用分类标签/食物/农产品/食用水果/无花果
日出,2,23555:V2融合世界标签体系/通用分类标签/组织机构与社会事件/周期性事件/日出 || 24861:V2融合世界标签体系/通用分类标签/行为动作/休闲娱乐动作/阅读/时候/小时/日出
日本动画,2,31692:V2融合世界标签体系/通用分类标签/材料与物质/化合物/有机化合物/松香/天然树脂/柯巴脂/日本动画 || 31814:V2融合世界标签体系/通用分类标签/材料与物质/植物材料/植物产品/天然树脂/柯巴脂/日本动画
旧衣转赠品,2,8079:V2融合世界标签体系/通用分类标签/人造物体/商品/消费品/可穿戴设备/衣服/旧衣转赠品 || 11145:V2融合世界标签体系/通用分类标签/人造物体/覆盖物/可穿戴设备/衣服/旧衣转赠品
早餐,2,29023:V2融合世界标签体系/通用分类标签/食物/一餐/早餐 || 29024:V2融合世界标签体系/通用分类标签/食物/一餐/早餐/早餐
时尚女孩,2,1533:V2融合世界标签体系/通用分类标签/人物与人体/性别与生理属性/女性/女人/女孩/时尚女孩 || 2877:V2融合世界标签体系/通用分类标签/人物与人体/时尚女孩
时装秀,2,25998:V2融合世界标签体系/通用分类标签/行为动作/休养/娱乐/时装秀 || 25999:V2融合世界标签体系/通用分类标签/行为动作/休养/娱乐/时装秀
时钟,2,7058:V2融合世界标签体系/通用分类标签/人造物体/乐器/器械/仪器/时计/时钟 || 29983:V2融合世界标签体系/通用分类标签/声音/事物声音/机制/时钟
昆虫,2,15214:V2融合世界标签体系/通用分类标签/动物/无脊椎动物/节肢动物/昆虫 || 30365:V2融合世界标签体系/通用分类标签/声音/昆虫
明亮的,2,31116:V2融合世界标签体系/通用分类标签/属性与状态/明亮的 || 31117:V2融合世界标签体系/通用分类标签/属性与状态/明亮的
星云,2,23775:V2融合世界标签体系/通用分类标签/自然景观/天文天象气象/云/星云 || 31713:V2融合世界标签体系/通用分类标签/材料与物质/化合物/配制品/星云
春卷,2,27163:V2融合世界标签体系/通用分类标签/食物/中式主食面点/春卷 || 28867:V2融合世界标签体系/通用分类标签/食物/一道菜/春卷
显微镜,2,4108:V2融合世界标签体系/通用分类标签/人造物体/医疗器械/显微镜 || 7146:V2融合世界标签体系/通用分类标签/人造物体/乐器/器械/科学仪器/放大器/显微镜
显示器,2,5845:V2融合世界标签体系/通用分类标签/人造物体/数码 3C 电子/显示器 || 10330:V2融合世界标签体系/通用分类标签/人造物体/电子器件/指示器/显示器
晚礼服衬衫,2,8107:V2融合世界标签体系/通用分类标签/人造物体/商品/消费品/可穿戴设备/衣服/衬衣/晚礼服衬衫 || 11173:V2融合世界标签体系/通用分类标签/人造物体/覆盖物/可穿戴设备/衣服/衬衣/晚礼服衬衫
晚餐,2,29025:V2融合世界标签体系/通用分类标签/食物/一餐/晚餐 || 29027:V2融合世界标签体系/通用分类标签/食物/一餐/晚餐
晨光,2,24284:V2融合世界标签体系/通用分类标签/自然景观/晨光 || 24285:V2融合世界标签体系/通用分类标签/自然景观/晨光
晨雾,2,23859:V2融合世界标签体系/通用分类标签/自然景观/天文天象气象/雾/晨雾 || 32204:V2融合世界标签体系/通用分类标签/知识与学科/晨雾
普通秋沙鸭,2,14695:V2融合世界标签体系/通用分类标签/动物/鸟类/水禽/水禽/雁形目鸟/鸭/海鸭/秋沙鸭/普通秋沙鸭 || 14696:V2融合世界标签体系/通用分类标签/动物/鸟类/水禽/水禽/雁形目鸟/鸭/海鸭/秋沙鸭/普通秋沙鸭
景天,2,22455:V2融合世界标签体系/通用分类标签/植物/草本植物/景天 || 22456:V2融合世界标签体系/通用分类标签/植物/草本植物/景天/景天
晶体,2,10819:V2融合世界标签体系/通用分类标签/人造物体/覆盖物/保护/晶体 || 31785:V2融合世界标签体系/通用分类标签/材料与物质/晶体
智能手机,2,5867:V2融合世界标签体系/通用分类标签/人造物体/数码 3C 电子/智能手机 || 18928:V2融合世界标签体系/通用分类标签/文化艺术与媒介/智能手机
暗褐色,2,12137:V2融合世界标签体系/通用分类标签/动物/哺乳动物/马科动物/家马/坐骑/暗褐色 || 31251:V2融合世界标签体系/通用分类标签/属性与状态/视觉属性/颜色/彩色/棕色/浅棕色/暗褐色
暴力,2,26648:V2融合世界标签体系/通用分类标签/行为动作/攻击行为/暴力 || 31119:V2融合世界标签体系/通用分类标签/属性与状态/暴力
暴露癖者,2,1907:V2融合世界标签体系/通用分类标签/人物与人体/不受欢迎的人/令人不快的人/利己主义者/暴露癖者 || 2740:V2融合世界标签体系/通用分类标签/人物与人体/强迫性人格者/暴露癖者
暴风,2,23864:V2融合世界标签体系/通用分类标签/自然景观/天文天象气象/风暴/暴风 || 32205:V2融合世界标签体系/通用分类标签/知识与学科/暴风
暴风雨的,2,24288:V2融合世界标签体系/通用分类标签/自然景观/暴风雨的 || 31120:V2融合世界标签体系/通用分类标签/属性与状态/暴风雨的
暴风雪,2,23867:V2融合世界标签体系/通用分类标签/自然景观/天文天象气象/风暴/暴风雪 || 26797:V2融合世界标签体系/通用分类标签/行为动作/物理现象/大气现象/暴风雪
更衣室,2,17763:V2融合世界标签体系/通用分类标签/建筑与基础设施/区/室/更衣室 || 17764:V2融合世界标签体系/通用分类标签/建筑与基础设施/区/室/更衣室
曼密苹果,2,29196:V2融合世界标签体系/通用分类标签/食物/农产品/食用水果/曼密苹果 || 29197:V2融合世界标签体系/通用分类标签/食物/农产品/食用水果/曼密苹果
最小值,2,31352:V2融合世界标签体系/通用分类标签/时间数量与度量/不定量/少量/最小值 || 31364:V2融合世界标签体系/通用分类标签/时间数量与度量/不定量/局限/极值/最小值
最少,2,31353:V2融合世界标签体系/通用分类标签/时间数量与度量/不定量/少量/最小值/最少 || 31365:V2融合世界标签体系/通用分类标签/时间数量与度量/不定量/局限/极值/最小值/最少
月桂叶栎,2,20355:V2融合世界标签体系/通用分类标签/植物/乔木灌木林木/乔木/栎树/月桂叶栎 || 20356:V2融合世界标签体系/通用分类标签/植物/乔木灌木林木/乔木/栎树/月桂叶栎
月见草,2,22457:V2融合世界标签体系/通用分类标签/植物/草本植物/月见草 || 22459:V2融合世界标签体系/通用分类标签/植物/草本植物/月见草/月见草
有光泽的,2,18550:V2融合世界标签体系/通用分类标签/文化艺术与媒介/文学出版/杂志/有光泽的 || 31121:V2融合世界标签体系/通用分类标签/属性与状态/有光泽的
有线电话,2,10402:V2融合世界标签体系/通用分类标签/人造物体/电子设备/电话/有线电话 || 10403:V2融合世界标签体系/通用分类标签/人造物体/电子设备/电话/有线电话
朋克摇滚,2,19694:V2融合世界标签体系/通用分类标签/文字与信息图形/听觉交流/音乐流派/摇滚音乐/朋克摇滚 || 19970:V2融合世界标签体系/通用分类标签/文字与信息图形/表现风格/音乐流派/通俗音乐/朋克摇滚
服装店,2,15734:V2融合世界标签体系/通用分类标签/场景/室内场景/商店/服装店 || 15735:V2融合世界标签体系/通用分类标签/场景/室内场景/商店/服装店
服饰品,2,8158:V2融合世界标签体系/通用分类标签/人造物体/商品/消费品/可穿戴设备/装备/服饰品 || 11224:V2融合世界标签体系/通用分类标签/人造物体/覆盖物/可穿戴设备/装备/服饰品
朝圣者,2,2689:V2融合世界标签体系/通用分类标签/人物与人体/宗教人士/信仰者/朝圣者 || 2841:V2融合世界标签体系/通用分类标签/人物与人体/旅行者/旅人/朝圣者
朝鲜蓟,2,22595:V2融合世界标签体系/通用分类标签/植物/草本植物/蔬菜/朝鲜蓟 || 29105:V2融合世界标签体系/通用分类标签/食物/农产品/蔬菜/朝鲜蓟
木兰,2,20224:V2融合世界标签体系/通用分类标签/植物/乔木灌木林木/乔木/开花乔木/木兰 || 24217:V2融合世界标签体系/通用分类标签/自然景观/天然覆盖物/树皮/木兰
木勺,2,4318:V2融合世界标签体系/通用分类标签/人造物体/厨房餐厨用品/餐具/勺/木勺 || 19588:V2融合世界标签体系/通用分类标签/文字与信息图形/信号/代号/奖项/奖品/安慰奖/木勺
木地板,2,10654:V2融合世界标签体系/通用分类标签/人造物体/表面/水平仪/地板/木地板 || 10655:V2融合世界标签体系/通用分类标签/人造物体/表面/水平仪/地板/木地板
木墙,2,17566:V2融合世界标签体系/通用分类标签/建筑与基础设施/分隔物/墙/木墙 || 17575:V2融合世界标签体系/通用分类标签/建筑与基础设施/分隔物/木墙
木屋,2,17422:V2融合世界标签体系/通用分类标签/建筑与基础设施/H类住宅/木屋 || 17496:V2融合世界标签体系/通用分类标签/建筑与基础设施/住宅/住处/H类住宅/木屋
木工,2,903:V2融合世界标签体系/通用分类标签/交通工具/木工 || 2406:V2融合世界标签体系/通用分类标签/人物与人体/劳动者/技术工人/匠人/木工
木工刨,2,7470:V2融合世界标签体系/通用分类标签/人造物体/切割器具/切削工具/刃具/木工刨 || 9150:V2融合世界标签体系/通用分类标签/人造物体/手工工具/木工刨
木炭,2,31628:V2融合世界标签体系/通用分类标签/材料与物质/元素/碳/木炭 || 31883:V2融合世界标签体系/通用分类标签/材料与物质/燃料/木炭
木琴,2,3241:V2融合世界标签体系/通用分类标签/人造物体/中西乐器/打击乐器/木琴 || 3242:V2融合世界标签体系/通用分类标签/人造物体/中西乐器/打击乐器/木琴
木瓜,2,20241:V2融合世界标签体系/通用分类标签/植物/乔木灌木林木/乔木/开花乔木/果树/木瓜 || 29198:V2融合世界标签体系/通用分类标签/食物/农产品/食用水果/木瓜
木筏/橡皮艇,2,9937:V2融合世界标签体系/通用分类标签/人造物体/浮子/木筏/橡皮艇 || 18070:V2融合世界标签体系/通用分类标签/建筑与基础设施/木筏/橡皮艇
木芙蓉,2,20662:V2融合世界标签体系/通用分类标签/植物/乔木灌木林木/灌木/锦葵/木槿属植物/木芙蓉 || 21767:V2融合世界标签体系/通用分类标签/植物/显花植物/开花植物/开花植物/木芙蓉
木茼蒿,2,20527:V2融合世界标签体系/通用分类标签/植物/乔木灌木林木/灌木/亚灌木/木茼蒿 || 21768:V2融合世界标签体系/通用分类标签/植物/显花植物/开花植物/开花植物/木茼蒿
朱顶雀,2,14486:V2融合世界标签体系/通用分类标签/动物/鸟类/鸣禽/雀科鸟/朱顶雀 || 14487:V2融合世界标签体系/通用分类标签/动物/鸟类/鸣禽/雀科鸟/朱顶雀
机动动作,2,26698:V2融合世界标签体系/通用分类标签/行为动作/机动动作 || 27033:V2融合世界标签体系/通用分类标签/行为动作/选择/决定/机动动作
机动车,2,1077:V2融合世界标签体系/通用分类标签/交通工具/轮式车辆/自行式车辆/机动车 || 1084:V2融合世界标签体系/通用分类标签/交通工具/轮式车辆/自行式车辆/机动车/机动车
机器人,2,9490:V2融合世界标签体系/通用分类标签/人造物体/机制/机器人 || 9492:V2融合世界标签体系/通用分类标签/人造物体/机制/机器人/机器人
机场跑道,2,10698:V2融合世界标签体系/通用分类标签/人造物体/表面/水平仪/铺装表面/跑道/机场跑道 || 10699:V2融合世界标签体系/通用分类标签/人造物体/表面/水平仪/铺装表面/跑道/机场跑道
机械师,2,2351:V2融合世界标签体系/通用分类标签/人物与人体/劳动者/技术工人/修理工/机械师 || 2408:V2融合世界标签体系/通用分类标签/人物与人体/劳动者/技术工人/匠人/机械师
杂技,2,18594:V2融合世界标签体系/通用分类标签/文化艺术与媒介/舞台表演/杂技 || 25807:V2融合世界标签体系/通用分类标签/行为动作/艺术表演动作/杂技
杂烩,2,28868:V2融合世界标签体系/通用分类标签/食物/一道菜/杂烩 || 28918:V2融合世界标签体系/通用分类标签/食物/一道菜/炖菜/杂烩
杂用间,2,17766:V2融合世界标签体系/通用分类标签/建筑与基础设施/区/室/杂用间 || 17806:V2融合世界标签体系/通用分类标签/建筑与基础设施/区/杂用间
李子,2,20242:V2融合世界标签体系/通用分类标签/植物/乔木灌木林木/乔木/开花乔木/果树/李子 || 29200:V2融合世界标签体系/通用分类标签/食物/农产品/食用水果/李子
杏,2,20246:V2融合世界标签体系/通用分类标签/植物/乔木灌木林木/乔木/开花乔木/果树/杏 || 29202:V2融合世界标签体系/通用分类标签/食物/农产品/食用水果/杏
杏仁,2,24378:V2融合世界标签体系/通用分类标签/自然景观/植物结构/植物器官/生殖结构/果子/核果/杏仁 || 24406:V2融合世界标签体系/通用分类标签/自然景观/植物结构/植物器官/生殖结构/果子/种子/坚果/食用坚果/杏仁
杜宾犬,2,11912:V2融合世界标签体系/通用分类标签/动物/哺乳动物/犬科动物/家犬/工作犬/护卫犬/宾莎犬/杜宾犬 || 15507:V2融合世界标签体系/通用分类标签/动物/生物类群/动物组/品种/杜宾犬
杜松子,2,24376:V2融合世界标签体系/通用分类标签/自然景观/植物结构/植物器官/生殖结构/果子/杜松子 || 29703:V2融合世界标签体系/通用分类标签/食物/调味剂/杜松子
杜松子酒,2,29584:V2融合世界标签体系/通用分类标签/食物/致醉物/烈性酒/杜松子酒 || 29585:V2融合世界标签体系/通用分类标签/食物/致醉物/烈性酒/杜松子酒/杜松子酒
杜林标利口酒,2,29538:V2融合世界标签体系/通用分类标签/食物/致醉物/利口酒/杜林标利口酒 || 29578:V2融合世界标签体系/通用分类标签/食物/致醉物/烈性酒/威士忌/苏格兰威士忌/杜林标利口酒
束腰,2,7970:V2融合世界标签体系/通用分类标签/人造物体/商品/消费品/可穿戴设备/衣服/不可言说之物/地基/束腰 || 11036:V2融合世界标签体系/通用分类标签/人造物体/覆盖物/可穿戴设备/衣服/不可言说之物/地基/束腰
束腰外衣,2,8034:V2融合世界标签体系/通用分类标签/人造物体/商品/消费品/可穿戴设备/衣服/外衣/披风/束腰外衣 || 11100:V2融合世界标签体系/通用分类标签/人造物体/覆盖物/可穿戴设备/衣服/外衣/披风/束腰外衣
束腹内裤,2,7971:V2融合世界标签体系/通用分类标签/人造物体/商品/消费品/可穿戴设备/衣服/不可言说之物/地基/束腰/束腹内裤 || 11037:V2融合世界标签体系/通用分类标签/人造物体/覆盖物/可穿戴设备/衣服/不可言说之物/地基/束腰/束腹内裤
条带,2,8974:V2融合世界标签体系/通用分类标签/人造物体/建材/制材/条带 || 9730:V2融合世界标签体系/通用分类标签/人造物体/条带
杨梅,2,20342:V2融合世界标签体系/通用分类标签/植物/乔木灌木林木/乔木/杨梅 || 22028:V2融合世界标签体系/通用分类标签/植物/杨梅
松林,2,24062:V2融合世界标签体系/通用分类标签/自然景观/生态环境/森林/松林 || 24063:V2融合世界标签体系/通用分类标签/自然景观/生态环境/森林/松林
松焦油抹布,2,7286:V2融合世界标签体系/通用分类标签/人造物体/体育器材/棒球器材/松焦油抹布 || 7645:V2融合世界标签体系/通用分类标签/人造物体/台布/一块布/破布/松焦油抹布
松香草,2,21735:V2融合世界标签体系/通用分类标签/植物/显花植物/开花植物/开花植物/复合材料/罗盘草/松香草 || 22462:V2融合世界标签体系/通用分类标签/植物/草本植物/松香草
松香袋,2,7287:V2融合世界标签体系/通用分类标签/人造物体/体育器材/棒球器材/松香袋 || 8623:V2融合世界标签体系/通用分类标签/人造物体/容器/包/松香袋
松鼠,2,11813:V2融合世界标签体系/通用分类标签/动物/哺乳动物/啮齿动物/松鼠 || 11818:V2融合世界标签体系/通用分类标签/动物/哺乳动物/啮齿动物/松鼠/松鼠
板岩,2,8510:V2融合世界标签体系/通用分类标签/人造物体/块状物/厚板/平板设备/板岩 || 31766:V2融合世界标签体系/通用分类标签/材料与物质/岩石/板岩
板球,2,7265:V2融合世界标签体系/通用分类标签/人造物体/体育器材/板球装备/板球 || 9979:V2融合世界标签体系/通用分类标签/人造物体/游戏器材/球/板球
板球运动,2,15291:V2融合世界标签体系/通用分类标签/动物/无脊椎动物/节肢动物/昆虫/直翅目昆虫/板球运动 || 30367:V2融合世界标签体系/通用分类标签/声音/昆虫/板球运动
板球运动员,2,1647:V2融合世界标签体系/通用分类标签/人物与人体/职业身份/运动员/板球运动员 || 2543:V2融合世界标签体系/通用分类标签/人物与人体/参赛者/板球运动员
板球队,2,1409:V2融合世界标签体系/通用分类标签/人物与人体/人物关系与群体/团队/运动团队/板球队 || 26709:V2融合世界标签体系/通用分类标签/行为动作/板球队
果酱,2,29359:V2融合世界标签体系/通用分类标签/食物/摩托人力车/甜食/果酱 || 29362:V2融合世界标签体系/通用分类标签/食物/摩托人力车/甜食/果酱/果酱蜜饯/果酱
枣,2,20617:V2融合世界标签体系/通用分类标签/植物/乔木灌木林木/灌木/枣 || 29205:V2融合世界标签体系/通用分类标签/食物/农产品/食用水果/枣
枪托底部,2,7267:V2融合世界标签体系/通用分类标签/人造物体/体育器材/枪托底部 || 18946:V2融合世界标签体系/通用分类标签/文化艺术与媒介/枪托底部
枫叶,2,24328:V2融合世界标签体系/通用分类标签/自然景观/植物结构/植物器官/叶/枫叶 || 24329:V2融合世界标签体系/通用分类标签/自然景观/植物结构/植物器官/叶/枫叶
枫树,2,20300:V2融合世界标签体系/通用分类标签/植物/乔木灌木林木/乔木/开花乔木/枫树 || 20344:V2融合世界标签体系/通用分类标签/植物/乔木灌木林木/乔木/枫树
柏树,2,20078:V2融合世界标签体系/通用分类标签/植物/乔木灌木林木/针叶树/柏树 || 31799:V2融合世界标签体系/通用分类标签/材料与物质/植物材料/木/柏树
柏油碎石,2,7181:V2融合世界标签体系/通用分类标签/人造物体/人行道/柏油碎石 || 10696:V2融合世界标签体系/通用分类标签/人造物体/表面/水平仪/铺装表面/柏油碎石
柑桔,2,20250:V2融合世界标签体系/通用分类标签/植物/乔木灌木林木/乔木/开花乔木/果树/柑橘属/柑桔 || 20254:V2融合世界标签体系/通用分类标签/植物/乔木灌木林木/乔木/开花乔木/果树/柑橘属/柑桔
柑橘属,2,20248:V2融合世界标签体系/通用分类标签/植物/乔木灌木林木/乔木/开花乔木/果树/柑橘属 || 29206:V2融合世界标签体系/通用分类标签/食物/农产品/食用水果/柑橘属
染发,2,26817:V2融合世界标签体系/通用分类标签/行为动作/状态变化/染发 || 31790:V2融合世界标签体系/通用分类标签/材料与物质/染色材料/染料/染发
柠檬,2,20257:V2融合世界标签体系/通用分类标签/植物/乔木灌木林木/乔木/开花乔木/果树/柑橘属/柠檬 || 29213:V2融合世界标签体系/通用分类标签/食物/农产品/食用水果/柑橘属/柠檬
柯巴脂,2,31691:V2融合世界标签体系/通用分类标签/材料与物质/化合物/有机化合物/松香/天然树脂/柯巴脂 || 31813:V2融合世界标签体系/通用分类标签/材料与物质/植物材料/植物产品/天然树脂/柯巴脂
柱,2,18099:V2融合世界标签体系/通用分类标签/建筑与基础设施/柱 || 31532:V2融合世界标签体系/通用分类标签/时间数量与度量/柱
柳兰,2,22014:V2融合世界标签体系/通用分类标签/植物/杂草/柳兰 || 22467:V2融合世界标签体系/通用分类标签/植物/草本植物/柳兰
柿子,2,20261:V2融合世界标签体系/通用分类标签/植物/乔木灌木林木/乔木/开花乔木/果树/柿子 || 29242:V2融合世界标签体系/通用分类标签/食物/农产品/食用水果/浆果/柿子
标枪,2,1239:V2融合世界标签体系/通用分类标签/人物与人体/人体部位/手臂/导弹/标枪 || 7270:V2融合世界标签体系/通用分类标签/人造物体/体育器材/标枪
标记,2,19573:V2融合世界标签体系/通用分类标签/文字与信息图形/信号/代号/书写符号/标记 || 19793:V2融合世界标签体系/通用分类标签/文字与信息图形/指示/标记
栎树,2,20165:V2融合世界标签体系/通用分类标签/植物/乔木灌木林木/乔木/奎拉树/栎树 || 20347:V2融合世界标签体系/通用分类标签/植物/乔木灌木林木/乔木/栎树
树屋,2,10192:V2融合世界标签体系/通用分类标签/人造物体/玩具/游戏屋/树屋 || 22031:V2融合世界标签体系/通用分类标签/植物/树屋
树懒,2,12582:V2融合世界标签体系/通用分类标签/动物/哺乳动物/有胎盘的/贫齿类动物/树懒 || 30755:V2融合世界标签体系/通用分类标签/属性与状态/个性/不情愿/不情愿/树懒
树枝,2,23971:V2融合世界标签体系/通用分类标签/自然景观/水文水体/溪流/树枝 || 31580:V2融合世界标签体系/通用分类标签/时间数量与度量/行政单位/树枝
树根,2,24340:V2融合世界标签体系/通用分类标签/自然景观/植物结构/植物器官/树根 || 24343:V2融合世界标签体系/通用分类标签/自然景观/植物结构/植物器官/根/树根
树皮,2,15091:V2融合世界标签体系/通用分类标签/动物/宠物/狗/树皮 || 24216:V2融合世界标签体系/通用分类标签/自然景观/天然覆盖物/树皮
树麻雀,2,14478:V2融合世界标签体系/通用分类标签/动物/鸟类/鸣禽/雀科鸟/新世界雀鹀/树麻雀 || 14827:V2融合世界标签体系/通用分类标签/动物/鸟类/雀形目鸟类/雀科鸟类/树麻雀
校队袜,2,8186:V2融合世界标签体系/通用分类标签/人造物体/商品/消费品/可穿戴设备/鞋子/袜类/袜子/校队袜 || 11252:V2融合世界标签体系/通用分类标签/人造物体/覆盖物/可穿戴设备/鞋子/袜类/袜子/校队袜
核桃,2,20209:V2融合世界标签体系/通用分类标签/植物/乔木灌木林木/乔木/开花乔木/坚果树/核桃 || 24409:V2融合世界标签体系/通用分类标签/自然景观/植物结构/植物器官/生殖结构/果子/种子/坚果/食用坚果/核桃
格子,2,7716:V2融合世界标签体系/通用分类标签/人造物体/台布/格子 || 18014:V2融合世界标签体系/通用分类标签/建筑与基础设施/支承结构/构架/格子
格架,2,18015:V2融合世界标签体系/通用分类标签/建筑与基础设施/支承结构/构架/格子/格架 || 18016:V2融合世界标签体系/通用分类标签/建筑与基础设施/支承结构/构架/格架
桂竹香,2,21774:V2融合世界标签体系/通用分类标签/植物/显花植物/开花植物/开花植物/桂竹香 || 21775:V2融合世界标签体系/通用分类标签/植物/显花植物/开花植物/开花植物/桂竹香
桃,2,20263:V2融合世界标签体系/通用分类标签/植物/乔木灌木林木/乔木/开花乔木/果树/桃 || 29224:V2融合世界标签体系/通用分类标签/食物/农产品/食用水果/桃
桌上足球,2,24830:V2融合世界标签体系/通用分类标签/行为动作/休闲娱乐动作/游戏/桌上游戏/桌上足球 || 24831:V2融合世界标签体系/通用分类标签/行为动作/休闲娱乐动作/游戏/桌上游戏/桌上足球
桌布,2,4459:V2融合世界标签体系/通用分类标签/人造物体/厨房餐厨用品/桌布 || 8216:V2融合世界标签体系/通用分类标签/人造物体/商品/纺织品/大型白色家电/亚麻制品/餐桌布草/桌布
桌游,2,6631:V2融合世界标签体系/通用分类标签/人造物体/益智玩具/桌游 || 24817:V2融合世界标签体系/通用分类标签/行为动作/休闲娱乐动作/游戏/室内聚会游戏/桌游
桑树,2,20264:V2融合世界标签体系/通用分类标签/植物/乔木灌木林木/乔木/开花乔木/果树/桑树 || 20265:V2融合世界标签体系/通用分类标签/植物/乔木灌木林木/乔木/开花乔木/果树/桑树/桑树
桥,2,18108:V2融合世界标签体系/通用分类标签/建筑与基础设施/桥 || 24837:V2融合世界标签体系/通用分类标签/行为动作/休闲娱乐动作/游戏/纸牌游戏/桥
桦木,2,22034:V2融合世界标签体系/通用分类标签/植物/桦木 || 31801:V2融合世界标签体系/通用分类标签/材料与物质/植物材料/木/桦木
桶形仙人掌,2,21539:V2融合世界标签体系/通用分类标签/植物/多肉/仙人掌/桶形仙人掌 || 21540:V2融合世界标签体系/通用分类标签/植物/多肉/仙人掌/桶形仙人掌
梅多克葡萄酒,2,29624:V2融合世界标签体系/通用分类标签/食物/致醉物/葡萄酒/波尔多/梅多克葡萄酒 || 29647:V2融合世界标签体系/通用分类标签/食物/致醉物/葡萄酒/红葡萄酒/梅多克葡萄酒
梨,2,20266:V2融合世界标签体系/通用分类标签/植物/乔木灌木林木/乔木/开花乔木/果树/梨 || 29225:V2融合世界标签体系/通用分类标签/食物/农产品/食用水果/梨
梳子,2,9830:V2融合世界标签体系/通用分类标签/人造物体/梳子 || 9831:V2融合世界标签体系/通用分类标签/人造物体/梳子
检查,2,908:V2融合世界标签体系/通用分类标签/交通工具/检查 || 19161:V2融合世界标签体系/通用分类标签/文化艺术与媒介/调查/检查
检查/支票,2,19163:V2融合世界标签体系/通用分类标签/文化艺术与媒介/调查/检查/检查/支票 || 23591:V2融合世界标签体系/通用分类标签/组织机构与社会事件/检查/支票
棉绒草,2,21728:V2融合世界标签体系/通用分类标签/植物/显花植物/开花植物/开花植物/复合材料/永久花/棉绒草 || 22471:V2融合世界标签体系/通用分类标签/植物/草本植物/棉绒草
棉花糖,2,29377:V2融合世界标签体系/通用分类标签/食物/摩托人力车/甜食/糖制食品/棉花糖 || 29378:V2融合世界标签体系/通用分类标签/食物/摩托人力车/甜食/糖制食品/棉花糖
棍棒,2,7271:V2融合世界标签体系/通用分类标签/人造物体/体育器材/棍棒 || 8343:V2融合世界标签体系/通用分类标签/人造物体/器具/棍棒
棒球制服,2,7824:V2融合世界标签体系/通用分类标签/人造物体/商品/消费品/可穿戴设备/制服/棒球制服 || 10890:V2融合世界标签体系/通用分类标签/人造物体/覆盖物/可穿戴设备/制服/棒球制服
棒球投手,2,1662:V2融合世界标签体系/通用分类标签/人物与人体/职业身份/运动员/棒球手/棒球投手 || 2777:V2融合世界标签体系/通用分类标签/人物与人体/投掷者/棒球投手
棕榈,2,2499:V2融合世界标签体系/通用分类标签/人物与人体/区域/棕榈 || 20400:V2融合世界标签体系/通用分类标签/植物/乔木灌木林木/乔木/棕榈
棕榈竹,2,20412:V2融合世界标签体系/通用分类标签/植物/乔木灌木林木/乔木/棕榈/棕榈竹 || 20413:V2融合世界标签体系/通用分类标签/植物/乔木灌木林木/乔木/棕榈/棕榈竹/棕榈竹
森林,2,16144:V2融合世界标签体系/通用分类标签/场景/自然户外场景/森林 || 24057:V2融合世界标签体系/通用分类标签/自然景观/生态环境/森林
椅子,2,8471:V2融合世界标签体系/通用分类标签/人造物体/坐椅/椅子 || 9320:V2融合世界标签体系/通用分类标签/人造物体/支持/座位/椅子
植物园,2,10721:V2融合世界标签体系/通用分类标签/人造物体/装置/植物园 || 10722:V2融合世界标签体系/通用分类标签/人造物体/装置/植物园
植物纤维,2,31753:V2融合世界标签体系/通用分类标签/材料与物质/天然纤维/天然纤维/植物纤维 || 31816:V2融合世界标签体系/通用分类标签/材料与物质/植物材料/植物产品/植物纤维
椰子,2,24410:V2融合世界标签体系/通用分类标签/自然景观/植物结构/植物器官/生殖结构/果子/种子/坚果/食用坚果/椰子 || 29418:V2融合世界标签体系/通用分类标签/食物/椰子
椽子,2,2842:V2融合世界标签体系/通用分类标签/人物与人体/旅行者/椽子 || 9384:V2融合世界标签体系/通用分类标签/人造物体/支持/结构构件/栋梁/椽子
楔子,2,7308:V2融合世界标签体系/通用分类标签/人造物体/体育器材/高尔夫器材/俱乐部/铁/楔子 || 30793:V2融合世界标签体系/通用分类标签/属性与状态/人物形象/平面图形/多角形/三角/楔子
楼梯地毯,2,8578:V2融合世界标签体系/通用分类标签/人造物体/家具/地毯/楼梯地毯 || 11272:V2融合世界标签体系/通用分类标签/人造物体/覆盖物/地板蒙布/地毯/楼梯地毯
概念车,2,1103:V2融合世界标签体系/通用分类标签/交通工具/轮式车辆/自行式车辆/机动车/机动车/概念车 || 1113:V2融合世界标签体系/通用分类标签/交通工具/轮式车辆/自行式车辆/机动车/概念车
榨汁机,2,2221:V2融合世界标签体系/通用分类标签/人物与人体/使用者/消费者/榨汁机 || 5218:V2融合世界标签体系/通用分类标签/人造物体/家用电器/榨汁机
榴莲,2,20267:V2融合世界标签体系/通用分类标签/植物/乔木灌木林木/乔木/开花乔木/果树/榴莲 || 29227:V2融合世界标签体系/通用分类标签/食物/农产品/食用水果/榴莲
榻榻米,2,11266:V2融合世界标签体系/通用分类标签/人造物体/覆盖物/地板蒙布/地垫/榻榻米 || 31825:V2融合世界标签体系/通用分类标签/材料与物质/榻榻米
槌棒,2,7290:V2融合世界标签体系/通用分类标签/人造物体/体育器材/槌球装备/槌棒 || 8228:V2融合世界标签体系/通用分类标签/人造物体/器具/体育用具/木槌/槌棒
槌球,2,7291:V2融合世界标签体系/通用分类标签/人造物体/体育器材/槌球装备/槌球 || 9981:V2融合世界标签体系/通用分类标签/人造物体/游戏器材/球/槌球
槟榔青属果实,2,29228:V2融合世界标签体系/通用分类标签/食物/农产品/食用水果/槟榔青属果实 || 29229:V2融合世界标签体系/通用分类标签/食物/农产品/食用水果/槟榔青属果实
模具,2,8521:V2融合世界标签体系/通用分类标签/人造物体/块状物/立方体/模具 || 9063:V2融合世界标签体系/通用分类标签/人造物体/成形工具/模具
横向稳定杆,2,8375:V2融合世界标签体系/通用分类标签/人造物体/器具/棒/横向稳定杆 || 10478:V2融合世界标签体系/通用分类标签/人造物体/稳定器/横向稳定杆
樱花,2,22058:V2融合世界标签体系/通用分类标签/植物/樱花 || 24449:V2融合世界标签体系/通用分类标签/自然景观/植物结构/植物器官/生殖结构/花/樱花
橄榄球头盔,2,7841:V2融合世界标签体系/通用分类标签/人造物体/商品/消费品/可穿戴设备/头具/兜鍪/橄榄球头盔 || 10907:V2融合世界标签体系/通用分类标签/人造物体/覆盖物/可穿戴设备/头具/兜鍪/橄榄球头盔
橄榄球运动员,2,1664:V2融合世界标签体系/通用分类标签/人物与人体/职业身份/运动员/橄榄球运动员 || 2532:V2融合世界标签体系/通用分类标签/人物与人体/参赛者/参与者/橄榄球运动员
橙味利口酒,2,29540:V2融合世界标签体系/通用分类标签/食物/致醉物/利口酒/橙味利口酒 || 29541:V2融合世界标签体系/通用分类标签/食物/致醉物/利口酒/橙味利口酒/橙味利口酒
橙顶灶莺,2,14448:V2融合世界标签体系/通用分类标签/动物/鸟类/鸣禽/莺类鸣禽/新世界林莺/橙顶灶莺 || 14842:V2融合世界标签体系/通用分类标签/动物/鸟类/雀形目鸟类/霸鹟科鸟类/橙顶灶莺
橡皮布防水衣,2,8022:V2融合世界标签体系/通用分类标签/人造物体/商品/消费品/可穿戴设备/衣服/外衣/外套/防水的/橡皮布防水衣 || 11088:V2融合世界标签体系/通用分类标签/人造物体/覆盖物/可穿戴设备/衣服/外衣/外套/防水的/橡皮布防水衣
橡胶软管,2,11571:V2融合世界标签体系/通用分类标签/人造物体/道路/通道/导管/管/软管/橡胶软管 || 11572:V2融合世界标签体系/通用分类标签/人造物体/道路/通道/导管/管/软管/橡胶软管
檀香李,2,20431:V2融合世界标签体系/通用分类标签/植物/乔木灌木林木/乔木/檀香李 || 24382:V2融合世界标签体系/通用分类标签/自然景观/植物结构/植物器官/生殖结构/果子/檀香李
欢呼,2,2913:V2融合世界标签体系/通用分类标签/人物与人体/欢呼 || 19785:V2融合世界标签体系/通用分类标签/文字与信息图形/批准/欢呼
欧歌鸫,2,14531:V2融合世界标签体系/通用分类标签/动物/鸟类/鸣禽/鸫/欧歌鸫 || 14532:V2融合世界标签体系/通用分类标签/动物/鸟类/鸣禽/鸫/欧歌鸫
欧洲酸樱桃,2,20274:V2融合世界标签体系/通用分类标签/植物/乔木灌木林木/乔木/开花乔木/果树/樱桃/欧洲酸樱桃 || 24383:V2融合世界标签体系/通用分类标签/自然景观/植物结构/植物器官/生殖结构/果子/欧洲酸樱桃
欧缬草,2,21778:V2融合世界标签体系/通用分类标签/植物/显花植物/开花植物/开花植物/欧缬草 || 21779:V2融合世界标签体系/通用分类标签/植物/显花植物/开花植物/开花植物/欧缬草/欧缬草
歌唱,2,26342:V2融合世界标签体系/通用分类标签/行为动作/声乐/歌唱 || 30052:V2融合世界标签体系/通用分类标签/声音/人类声音/人声/歌唱
正多边形,2,30798:V2融合世界标签体系/通用分类标签/属性与状态/人物形象/平面图形/多角形/正多边形 || 30799:V2融合世界标签体系/通用分类标签/属性与状态/人物形象/平面图形/多角形/正多边形/正多边形
正装鞋,2,8178:V2融合世界标签体系/通用分类标签/人造物体/商品/消费品/可穿戴设备/鞋子/正装鞋 || 11244:V2融合世界标签体系/通用分类标签/人造物体/覆盖物/可穿戴设备/鞋子/正装鞋
步行者,2,1678:V2融合世界标签体系/通用分类标签/人物与人体/职业身份/运动员/赛跑者/一英里赛跑运动员/四分钟一英里者/步行者 || 11381:V2融合世界标签体系/通用分类标签/人造物体/覆盖物/足部装备/鞋/步行者
步行街,2,17371:V2融合世界标签体系/通用分类标签/建筑与基础设施/路桥隧道工程/公路/通道/街道/步行街 || 22059:V2融合世界标签体系/通用分类标签/植物/步行街
武术家,2,910:V2融合世界标签体系/通用分类标签/交通工具/武术家 || 2914:V2融合世界标签体系/通用分类标签/人物与人体/武术家
武术馆,2,17267:V2融合世界标签体系/通用分类标签/建筑与基础设施/文化体育建筑/体育馆/武术馆 || 18950:V2融合世界标签体系/通用分类标签/文化艺术与媒介/武术馆
毁坏,2,23579:V2融合世界标签体系/通用分类标签/组织机构与社会事件/收场/毁坏 || 26836:V2融合世界标签体系/通用分类标签/行为动作/状态变化/终止/毁坏
母亲,2,1987:V2融合世界标签体系/通用分类标签/人物与人体/亲属/上升的/祖先/生父/双亲之一/妈妈/母亲 || 2702:V2融合世界标签体系/通用分类标签/人物与人体/宗教人士/宗教人士/上级/女修道院院长/母亲
母牛,2,12375:V2融合世界标签体系/通用分类标签/动物/哺乳动物/有胎盘的/有蹄哺乳动物/偶蹄动物/反刍动物/牛科动物/牛属动物/家牛/母牛 || 12476:V2融合世界标签体系/通用分类标签/动物/哺乳动物/有胎盘的/母牛
母牛的颈铃,2,7338:V2融合世界标签体系/通用分类标签/人造物体/信号装置/钟/母牛的颈铃 || 8539:V2融合世界标签体系/通用分类标签/人造物体/声学装置/钟/母牛的颈铃
母羊,2,3174:V2融合世界标签体系/通用分类标签/人物与人体/非洲人/母羊 || 12397:V2融合世界标签体系/通用分类标签/动物/哺乳动物/有胎盘的/有蹄哺乳动物/偶蹄动物/反刍动物/牛科动物/绵羊/母羊
母鸡,2,14655:V2融合世界标签体系/通用分类标签/动物/鸟类/母鸡 || 15582:V2融合世界标签体系/通用分类标签/动物/雌性/母鸡
毒品,2,31826:V2融合世界标签体系/通用分类标签/材料与物质/毒品 || 31833:V2融合世界标签体系/通用分类标签/材料与物质/毒品/毒品
比基尼上衣,2,9844:V2融合世界标签体系/通用分类标签/人造物体/比基尼上衣 || 9845:V2融合世界标签体系/通用分类标签/人造物体/比基尼上衣
比基尼泳裤,2,7965:V2融合世界标签体系/通用分类标签/人造物体/商品/消费品/可穿戴设备/衣服/不可言说之物/内裤/比基尼泳裤 || 11031:V2融合世界标签体系/通用分类标签/人造物体/覆盖物/可穿戴设备/衣服/不可言说之物/内裤/比基尼泳裤
毕业典礼,2,26730:V2融合世界标签体系/通用分类标签/行为动作/毕业典礼 || 26731:V2融合世界标签体系/通用分类标签/行为动作/毕业典礼
毛圈布,2,7725:V2融合世界标签体系/通用分类标签/人造物体/台布/毛圈布 || 7727:V2融合世界标签体系/通用分类标签/人造物体/台布/毛巾布/毛圈布
毛棉织物,2,6074:V2融合世界标签体系/通用分类标签/人造物体/服饰全品/帽子/毛棉织物 || 7728:V2融合世界标签体系/通用分类标签/人造物体/台布/毛棉织物
毛皮,2,8080:V2融合世界标签体系/通用分类标签/人造物体/商品/消费品/可穿戴设备/衣服/毛皮 || 11146:V2融合世界标签体系/通用分类标签/人造物体/覆盖物/可穿戴设备/衣服/毛皮
毛皮大衣,2,8013:V2融合世界标签体系/通用分类标签/人造物体/商品/消费品/可穿戴设备/衣服/外衣/外套/毛皮大衣 || 11079:V2融合世界标签体系/通用分类标签/人造物体/覆盖物/可穿戴设备/衣服/外衣/外套/毛皮大衣
毛皮海豹,2,12508:V2融合世界标签体系/通用分类标签/动物/哺乳动物/有胎盘的/水栖哺乳动物/鳍足动物/海豹/小耳朵海豹/毛皮海豹 || 12509:V2融合世界标签体系/通用分类标签/动物/哺乳动物/有胎盘的/水栖哺乳动物/鳍足动物/海豹/小耳朵海豹/毛皮海豹
毛绒玩具,2,6653:V2融合世界标签体系/通用分类标签/人造物体/益智玩具/毛绒玩具 || 10186:V2融合世界标签体系/通用分类标签/人造物体/玩具/毛绒玩具
民间艺术家,2,32961:V2融合世界标签体系/IP 分类标签/真人与人物 IP/历史古人/艺术家/民间艺术家 || 32962:V2融合世界标签体系/IP 分类标签/真人与人物 IP/历史古人/艺术家/民间艺术家
气球,2,985:V2融合世界标签体系/通用分类标签/交通工具/航空器/轻于空气航空器/气球 || 10187:V2融合世界标签体系/通用分类标签/人造物体/玩具/气球
气球拱门,2,9847:V2融合世界标签体系/通用分类标签/人造物体/气球拱门 || 9848:V2融合世界标签体系/通用分类标签/人造物体/气球拱门
氢氧化物,2,31694:V2融合世界标签体系/通用分类标签/材料与物质/化合物/氢氧化物 || 31695:V2融合世界标签体系/通用分类标签/材料与物质/化合物/氢氧化物
水上运动品牌,2,32565:V2融合世界标签体系/IP 分类标签/品牌 IP/体育运动品牌/水上运动品牌 || 32635:V2融合世界标签体系/IP 分类标签/品牌 IP/户外装备品牌/水上运动品牌
水仙女,2,21167:V2融合世界标签体系/通用分类标签/植物/水生植物/水仙女 || 21198:V2融合世界标签体系/通用分类标签/植物/水生植物/睡莲/水仙女
水兵,2,2395:V2融合世界标签体系/通用分类标签/人物与人体/劳动者/技术工人/军事人员群体/水兵 || 2397:V2融合世界标签体系/通用分类标签/人物与人体/劳动者/技术工人/军事人员群体/水兵
水平仪,2,5504:V2融合世界标签体系/通用分类标签/人造物体/工业机械设备/水平仪 || 10649:V2融合世界标签体系/通用分类标签/人造物体/表面/水平仪
水彩插图,2,19086:V2融合世界标签体系/通用分类标签/文化艺术与媒介/表征/例证/水彩插图 || 19087:V2融合世界标签体系/通用分类标签/文化艺术与媒介/表征/例证/水彩插图
水晶,2,31897:V2融合世界标签体系/通用分类标签/材料与物质/矿物/水晶 || 31898:V2融合世界标签体系/通用分类标签/材料与物质/矿物/水晶/水晶
水果市场,2,16955:V2融合世界标签体系/通用分类标签/建筑与基础设施/商业办公建筑/市场/水果市场 || 22062:V2融合世界标签体系/通用分类标签/植物/水果市场
水果摊,2,9352:V2融合世界标签体系/通用分类标签/人造物体/支持/水果摊 || 15727:V2融合世界标签体系/通用分类标签/场景/室内场景/商店/摊子/售货处/水果摊
水果盘,2,4357:V2融合世界标签体系/通用分类标签/人造物体/厨房餐厨用品/餐具/陶瓷餐具/盘/上菜盘/水果盘 || 8863:V2融合世界标签体系/通用分类标签/人造物体/容器/水果盘
水果蛋糕,2,24559:V2融合世界标签体系/通用分类标签/节日与符号/庆典仪式元素/蛋糕/水果蛋糕 || 24560:V2融合世界标签体系/通用分类标签/节日与符号/庆典仪式元素/蛋糕/水果蛋糕
水沟/跑道,2,10730:V2融合世界标签体系/通用分类标签/人造物体/装置/球场/水沟/跑道 || 11530:V2融合世界标签体系/通用分类标签/人造物体/道路/水路/沟渠/水沟/跑道
水滴,2,31358:V2融合世界标签体系/通用分类标签/时间数量与度量/不定量/少量/液滴/小液滴/水滴 || 31839:V2融合世界标签体系/通用分类标签/材料与物质/水滴
水盆,2,8705:V2融合世界标签体系/通用分类标签/人造物体/容器/器皿/水盆 || 8708:V2融合世界标签体系/通用分类标签/人造物体/容器/器皿/水盆/水盆
水禽,2,14656:V2融合世界标签体系/通用分类标签/动物/鸟类/水禽 || 14669:V2融合世界标签体系/通用分类标签/动物/鸟类/水禽/水禽
水稻田,2,16174:V2融合世界标签体系/通用分类标签/场景/自然户外场景/田野/水稻田 || 29843:V2融合世界标签体系/通用分类标签/食物/食品/谷物/大米/水稻田
水路,2,11527:V2融合世界标签体系/通用分类标签/人造物体/道路/水路 || 24466:V2融合世界标签体系/通用分类标签/自然景观/水路
水轮,2,9547:V2融合世界标签体系/通用分类标签/人造物体/机制/机械装置/机器/车轮/水轮 || 9550:V2融合世界标签体系/通用分类标签/人造物体/机制/机械装置/机器/车轮/水轮
水面,2,2923:V2融合世界标签体系/通用分类标签/人物与人体/水面 || 24468:V2融合世界标签体系/通用分类标签/自然景观/水面
汉堡包,2,28995:V2融合世界标签体系/通用分类标签/食物/一道菜/零食/三明治/汉堡包 || 33010:V2融合世界标签体系/IP 分类标签/真人与人物 IP/政治与社会人物/政府官员/推事/首席大法官/汉堡包
汉服,2,2924:V2融合世界标签体系/通用分类标签/人物与人体/汉服 || 9854:V2融合世界标签体系/通用分类标签/人造物体/汉服
池,2,9245:V2融合世界标签体系/通用分类标签/人造物体/挖掘/池 || 23937:V2融合世界标签体系/通用分类标签/自然景观/水文水体/湖泊/池
污染,2,26819:V2融合世界标签体系/通用分类标签/行为动作/状态变化/污染 || 30997:V2融合世界标签体系/通用分类标签/属性与状态/形势/不洁/污染
汤勺,2,4486:V2融合世界标签体系/通用分类标签/人造物体/厨房餐厨用品/汤勺 || 8703:V2融合世界标签体系/通用分类标签/人造物体/容器/器皿/杓/汤勺
汤锅,2,4285:V2融合世界标签体系/通用分类标签/人造物体/厨房餐厨用品/炊具/壶/汤锅 || 4495:V2融合世界标签体系/通用分类标签/人造物体/厨房餐厨用品/汤锅
汽车,2,1157:V2融合世界标签体系/通用分类标签/交通工具/道路机动车/汽车 || 17694:V2融合世界标签体系/通用分类标签/建筑与基础设施/区/室/包房/汽车
汽车修理工,2,916:V2融合世界标签体系/通用分类标签/交通工具/汽车修理工 || 2410:V2融合世界标签体系/通用分类标签/人物与人体/劳动者/技术工人/匠人/汽车修理工
汽车展厅,2,921:V2融合世界标签体系/通用分类标签/交通工具/汽车展厅 || 17597:V2融合世界标签体系/通用分类标签/建筑与基础设施/区/全景监狱/展厅/汽车展厅
汽车模型,2,923:V2融合世界标签体系/通用分类标签/交通工具/汽车模型 || 924:V2融合世界标签体系/通用分类标签/交通工具/汽车模型
沙丁鱼,2,13421:V2融合世界标签体系/通用分类标签/动物/水生非哺乳生物/硬骨鱼/真骨鱼/软鳍鱼/鲱科鱼/沙丁鱼 || 29432:V2融合世界标签体系/通用分类标签/食物/海鲜/咸水鱼/沙丁鱼
沙丘,2,24236:V2融合世界标签体系/通用分类标签/自然景观/天然高地/山脊/沙丘 || 24470:V2融合世界标签体系/通用分类标签/自然景观/沙丘
沙发床,2,4742:V2融合世界标签体系/通用分类标签/人造物体/家具大件/沙发/沙发床 || 8489:V2融合世界标签体系/通用分类标签/人造物体/坐椅/椅子/沙发床
沙堡,2,18648:V2融合世界标签体系/通用分类标签/文化艺术与媒介/视觉艺术/雕塑/沙堡 || 18651:V2融合世界标签体系/通用分类标签/文化艺术与媒介/视觉艺术/雕塑/沙雕/沙堡
沙尔瓦裤,2,8119:V2融合世界标签体系/通用分类标签/人造物体/商品/消费品/可穿戴设备/衣服/裤子/沙尔瓦裤 || 11185:V2融合世界标签体系/通用分类标签/人造物体/覆盖物/可穿戴设备/衣服/裤子/沙尔瓦裤
沙拉酱,2,28408:V2融合世界标签体系/通用分类标签/食物/调味品/汁/沙拉酱 || 28433:V2融合世界标签体系/通用分类标签/食物/调味品/沙拉酱
沙槌,2,3243:V2融合世界标签体系/通用分类标签/人造物体/中西乐器/打击乐器/沙槌 || 29896:V2融合世界标签体系/通用分类标签/声音/乐器/打击乐/沙锤类摇响器/沙槌
沙洲,2,24239:V2融合世界标签体系/通用分类标签/自然景观/天然高地/山脊/酒吧/沙洲 || 24293:V2融合世界标签体系/通用分类标签/自然景观/机制/屏障/酒吧/沙洲
沙洲鲨,2,13445:V2融合世界标签体系/通用分类标签/动物/水生非哺乳生物/软骨鱼/板鳃类鱼/鲨鱼/真鲨/沙洲鲨 || 13446:V2融合世界标签体系/通用分类标签/动物/水生非哺乳生物/软骨鱼/板鳃类鱼/鲨鱼/真鲨/沙洲鲨
沙滩排球,2,24759:V2融合世界标签体系/通用分类标签/行为动作/休闲娱乐动作/游戏/体育游戏/场地球类运动/排球/沙滩排球 || 24760:V2融合世界标签体系/通用分类标签/行为动作/休闲娱乐动作/游戏/体育游戏/场地球类运动/沙滩排球
沙滩装,2,7927:V2融合世界标签体系/通用分类标签/人造物体/商品/消费品/可穿戴设备/沙滩装 || 10993:V2融合世界标签体系/通用分类标签/人造物体/覆盖物/可穿戴设备/沙滩装
沙漠,2,16145:V2融合世界标签体系/通用分类标签/场景/自然户外场景/沙漠 || 23725:V2融合世界标签体系/通用分类标签/自然景观/地质地貌/沙漠
沙漠公路,2,17352:V2融合世界标签体系/通用分类标签/建筑与基础设施/路桥隧道工程/公路/沙漠公路 || 17353:V2融合世界标签体系/通用分类标签/建筑与基础设施/路桥隧道工程/公路/沙漠公路
沙漠植被,2,22072:V2融合世界标签体系/通用分类标签/植物/沙漠植被 || 32215:V2融合世界标签体系/通用分类标签/知识与学科/沙漠植被
沙箱,2,8864:V2融合世界标签体系/通用分类标签/人造物体/容器/沙箱 || 22968:V2融合世界标签体系/通用分类标签/真菌与微生物/菌类/霉菌/沙箱
沙蝰,2,13746:V2融合世界标签体系/通用分类标签/动物/爬行动物/蛇类/游蛇科蛇/沙蝰 || 13783:V2融合世界标签体系/通用分类标签/动物/爬行动物/蛇类/蝰蛇/沙蝰
沙质的,2,31143:V2融合世界标签体系/通用分类标签/属性与状态/沙质的 || 31144:V2融合世界标签体系/通用分类标签/属性与状态/沙质的
沙钱,2,13190:V2融合世界标签体系/通用分类标签/动物/水生非哺乳生物/棘皮动物/海胆/沙钱 || 27852:V2融合世界标签体系/通用分类标签/食物/烘焙甜品点心/饼干/沙钱
沙雕,2,18649:V2融合世界标签体系/通用分类标签/文化艺术与媒介/视觉艺术/雕塑/沙雕 || 18650:V2融合世界标签体系/通用分类标签/文化艺术与媒介/视觉艺术/雕塑/沙雕
河狸,2,11831:V2融合世界标签体系/通用分类标签/动物/哺乳动物/啮齿动物/河狸 || 31652:V2融合世界标签体系/通用分类标签/材料与物质/动物材料/动物产品/兽皮/兽皮/河狸
河蚌,2,15458:V2融合世界标签体系/通用分类标签/动物/无脊椎动物/贝类水产/双壳类/河蚌 || 15459:V2融合世界标签体系/通用分类标签/动物/无脊椎动物/贝类水产/双壳类/河蚌/河蚌
河谷,2,24130:V2融合世界标签体系/通用分类标签/自然景观/凹陷地/V形谷/河谷 || 24144:V2融合世界标签体系/通用分类标签/自然景观/凹陷地/河谷
河豚,2,13238:V2融合世界标签体系/通用分类标签/动物/水生非哺乳生物/硬骨鱼/真骨鱼/棘鳍目鱼/愈颌目/河豚 || 29433:V2融合世界标签体系/通用分类标签/食物/海鲜/咸水鱼/河豚
油布雨衣,2,8023:V2融合世界标签体系/通用分类标签/人造物体/商品/消费品/可穿戴设备/衣服/外衣/外套/防水的/橡皮布防水衣/油布雨衣 || 11089:V2融合世界标签体系/通用分类标签/人造物体/覆盖物/可穿戴设备/衣服/外衣/外套/防水的/橡皮布防水衣/油布雨衣
油桃,2,20284:V2融合世界标签体系/通用分类标签/植物/乔木灌木林木/乔木/开花乔木/果树/油桃 || 29237:V2融合世界标签体系/通用分类标签/食物/农产品/食用水果/油桃
油炸食品,2,29421:V2融合世界标签体系/通用分类标签/食物/油炸食品 || 29422:V2融合世界标签体系/通用分类标签/食物/油炸食品
油菜籽,2,24420:V2融合世界标签体系/通用分类标签/自然景观/植物结构/植物器官/生殖结构/果子/种子/富油种子/油菜籽 || 31407:V2融合世界标签体系/通用分类标签/时间数量与度量/分子/大分子/脂质/油脂/食用脂肪/植物油/油菜籽
沼泽兰,2,21652:V2融合世界标签体系/通用分类标签/植物/显花植物/开花植物/开花植物/兰科植物/沼泽兰 || 21653:V2融合世界标签体系/通用分类标签/植物/显花植物/开花植物/开花植物/兰科植物/沼泽兰
法式城堡,2,17396:V2融合世界标签体系/通用分类标签/建筑与基础设施/H类住宅/乡村别墅/法式城堡 || 17470:V2融合世界标签体系/通用分类标签/建筑与基础设施/住宅/住处/H类住宅/乡村别墅/法式城堡
法式面包,2,27821:V2融合世界标签体系/通用分类标签/食物/烘焙甜品点心/面包/白面包/法式面包 || 27959:V2融合世界标签体系/通用分类标签/食物/烘焙甜品点心/法式面包
泡泡果,2,20288:V2融合世界标签体系/通用分类标签/植物/乔木灌木林木/乔木/开花乔木/果树/番荔枝/泡泡果 || 29238:V2融合世界标签体系/通用分类标签/食物/农产品/食用水果/泡泡果
波尔多红葡萄酒,2,29625:V2融合世界标签体系/通用分类标签/食物/致醉物/葡萄酒/波尔多/波尔多红葡萄酒 || 29649:V2融合世界标签体系/通用分类标签/食物/致醉物/葡萄酒/红葡萄酒/波尔多红葡萄酒
波洛领带,2,8145:V2融合世界标签体系/通用分类标签/人造物体/商品/消费品/可穿戴设备/衣服/颈部服饰/领带/波洛领带 || 11211:V2融合世界标签体系/通用分类标签/人造物体/覆盖物/可穿戴设备/衣服/颈部服饰/领带/波洛领带
泥土地,2,22073:V2融合世界标签体系/通用分类标签/植物/泥土地 || 31841:V2融合世界标签体系/通用分类标签/材料与物质/泥土地
注射器,2,4028:V2融合世界标签体系/通用分类标签/人造物体/医疗器械/医疗仪器/注射器 || 4126:V2融合世界标签体系/通用分类标签/人造物体/医疗器械/注射器
注解,2,20007:V2融合世界标签体系/通用分类标签/文字与信息图形/陈述/注解 || 26741:V2融合世界标签体系/通用分类标签/行为动作/注解
泳衣,2,8081:V2融合世界标签体系/通用分类标签/人造物体/商品/消费品/可穿戴设备/衣服/泳衣 || 11147:V2融合世界标签体系/通用分类标签/人造物体/覆盖物/可穿戴设备/衣服/泳衣
泳裤,2,8120:V2融合世界标签体系/通用分类标签/人造物体/商品/消费品/可穿戴设备/衣服/裤子/泳裤 || 11186:V2融合世界标签体系/通用分类标签/人造物体/覆盖物/可穿戴设备/衣服/裤子/泳裤
洋葱圈,2,29425:V2融合世界标签体系/通用分类标签/食物/洋葱圈 || 29426:V2融合世界标签体系/通用分类标签/食物/洋葱圈
洗发水,2,9875:V2融合世界标签体系/通用分类标签/人造物体/洗发水 || 31708:V2融合世界标签体系/通用分类标签/材料与物质/化合物/配制品/去污剂/洗发水
洗浴,2,8710:V2融合世界标签体系/通用分类标签/人造物体/容器/器皿/洗浴 || 17769:V2融合世界标签体系/通用分类标签/建筑与基础设施/区/室/洗浴
洗涤剂,2,31709:V2融合世界标签体系/通用分类标签/材料与物质/化合物/配制品/去污剂/洗涤剂 || 31719:V2融合世界标签体系/通用分类标签/材料与物质/化学制剂/润湿剂/洗涤剂
洗车,2,938:V2融合世界标签体系/通用分类标签/交通工具/洗车 || 10723:V2融合世界标签体系/通用分类标签/人造物体/装置/洗车
洛基,2,2934:V2融合世界标签体系/通用分类标签/人物与人体/洛基 || 2935:V2融合世界标签体系/通用分类标签/人物与人体/洛基
洞穴,2,16157:V2融合世界标签体系/通用分类标签/场景/自然户外场景/洞穴 || 23726:V2融合世界标签体系/通用分类标签/自然景观/地质地貌/洞穴
活力,2,18445:V2融合世界标签体系/通用分类标签/文化艺术与媒介/影视视频/动画/活泼/活力 || 30404:V2融合世界标签体系/通用分类标签/声音/活力
活动,2,18737:V2融合世界标签体系/通用分类标签/文化艺术与媒介/事业/活动 || 26666:V2融合世界标签体系/通用分类标签/行为动作/旅行/旅程/远征/活动
派克大衣,2,8002:V2融合世界标签体系/通用分类标签/人造物体/商品/消费品/可穿戴设备/衣服/外衣/外套/夹克/派克大衣 || 11068:V2融合世界标签体系/通用分类标签/人造物体/覆盖物/可穿戴设备/衣服/外衣/外套/夹克/派克大衣
流体,2,31843:V2融合世界标签体系/通用分类标签/材料与物质/流体 || 31845:V2融合世界标签体系/通用分类标签/材料与物质/流体
流浪狗,2,11947:V2融合世界标签体系/通用分类标签/动物/哺乳动物/犬科动物/家犬/流浪狗 || 15483:V2融合世界标签体系/通用分类标签/动物/流浪狗
流苏,2,10110:V2融合世界标签体系/通用分类标签/人造物体/点缀/装饰/流苏 || 32217:V2融合世界标签体系/通用分类标签/知识与学科/流苏
流苏兰,2,21654:V2融合世界标签体系/通用分类标签/植物/显花植物/开花植物/开花植物/兰科植物/流苏兰 || 21655:V2融合世界标签体系/通用分类标签/植物/显花植物/开花植物/开花植物/兰科植物/流苏兰/流苏兰
浆果,2,24384:V2融合世界标签体系/通用分类标签/自然景观/植物结构/植物器官/生殖结构/果子/浆果 || 29239:V2融合世界标签体系/通用分类标签/食物/农产品/食用水果/浆果
浮子,2,9932:V2融合世界标签体系/通用分类标签/人造物体/浮子 || 9938:V2融合世界标签体系/通用分类标签/人造物体/浮子/浮子
浮游动物,2,13507:V2融合世界标签体系/通用分类标签/动物/水生非哺乳生物/浮游动物 || 15484:V2融合世界标签体系/通用分类标签/动物/浮游动物
浴室柜,2,7354:V2融合世界标签体系/通用分类标签/人造物体/储藏柜/浴室柜 || 7355:V2融合世界标签体系/通用分类标签/人造物体/储藏柜/浴室柜
浴室配件,2,2937:V2融合世界标签体系/通用分类标签/人物与人体/浴室配件 || 26750:V2融合世界标签体系/通用分类标签/行为动作/浴室配件
浴室门,2,18310:V2融合世界标签体系/通用分类标签/建筑与基础设施/辎重/屏障/可移动屏障/浴室门 || 18323:V2融合世界标签体系/通用分类标签/建筑与基础设施/辎重/屏障/可移动屏障/门/浴室门
浴巾,2,7641:V2融合世界标签体系/通用分类标签/人造物体/台布/一块布/毛巾/浴巾 || 8213:V2融合世界标签体系/通用分类标签/人造物体/商品/纺织品/大型白色家电/亚麻制品/浴室亚麻布/浴巾
浴帘,2,8586:V2融合世界标签体系/通用分类标签/人造物体/家具/垂挂织物/浴帘 || 10801:V2融合世界标签体系/通用分类标签/人造物体/覆盖物/保护/屏幕/垂挂织物/浴帘
浴衣,2,8138:V2融合世界标签体系/通用分类标签/人造物体/商品/消费品/可穿戴设备/衣服/长袍/浴衣 || 11204:V2融合世界标签体系/通用分类标签/人造物体/覆盖物/可穿戴设备/衣服/长袍/浴衣
海军呢短大衣,2,8004:V2融合世界标签体系/通用分类标签/人造物体/商品/消费品/可穿戴设备/衣服/外衣/外套/夹克/海军呢短大衣 || 11070:V2融合世界标签体系/通用分类标签/人造物体/覆盖物/可穿戴设备/衣服/外衣/外套/夹克/海军呢短大衣
海冰,2,24483:V2融合世界标签体系/通用分类标签/自然景观/海冰 || 24484:V2融合世界标签体系/通用分类标签/自然景观/海冰
海参,2,13185:V2融合世界标签体系/通用分类标签/动物/水生非哺乳生物/棘皮动物/海参 || 15436:V2融合世界标签体系/通用分类标签/动物/无脊椎动物/贝类水产/单壳软体动物/海参
海棠果,2,20294:V2融合世界标签体系/通用分类标签/植物/乔木灌木林木/乔木/开花乔木/果树/苹果树/海棠果 || 29274:V2融合世界标签体系/通用分类标签/食物/农产品/食用水果/苹果/海棠果
海湾大桥,2,18122:V2融合世界标签体系/通用分类标签/建筑与基础设施/桥/海湾大桥 || 18123:V2融合世界标签体系/通用分类标签/建筑与基础设施/桥/海湾大桥
海滨别墅,2,17423:V2融合世界标签体系/通用分类标签/建筑与基础设施/H类住宅/海滨别墅 || 17497:V2融合世界标签体系/通用分类标签/建筑与基础设施/住宅/住处/H类住宅/海滨别墅
海滨地带,2,24488:V2融合世界标签体系/通用分类标签/自然景观/海滨地带 || 32218:V2融合世界标签体系/通用分类标签/知识与学科/海滨地带
海滩小屋,2,17923:V2融合世界标签体系/通用分类标签/建筑与基础设施/庇护所/海滩小屋 || 18138:V2融合世界标签体系/通用分类标签/建筑与基础设施/海滩小屋
海牛,2,12478:V2融合世界标签体系/通用分类标签/动物/哺乳动物/有胎盘的/水栖哺乳动物/海牛 || 12480:V2融合世界标签体系/通用分类标签/动物/哺乳动物/有胎盘的/水栖哺乳动物/海牛/海牛
海盗,2,837:V2融合世界标签体系/通用分类标签/交通工具/容器/船/海盗 || 2597:V2融合世界标签体系/通用分类标签/人物与人体/坏人/作恶者/校长/犯人/小偷/掠夺者/海盗
海螺,2,15437:V2融合世界标签体系/通用分类标签/动物/无脊椎动物/贝类水产/单壳软体动物/海螺 || 15443:V2融合世界标签体系/通用分类标签/动物/无脊椎动物/贝类水产/单壳软体动物/海螺
海象,2,12505:V2融合世界标签体系/通用分类标签/动物/哺乳动物/有胎盘的/水栖哺乳动物/鳍足动物/海象 || 12516:V2融合世界标签体系/通用分类标签/动物/哺乳动物/有胎盘的/水栖哺乳动物/鳍足动物/海豹/无耳海豹/海象
海豹皮,2,8085:V2融合世界标签体系/通用分类标签/人造物体/商品/消费品/可穿戴设备/衣服/海豹皮 || 11151:V2融合世界标签体系/通用分类标签/人造物体/覆盖物/可穿戴设备/衣服/海豹皮
海雀,2,14130:V2融合世界标签体系/通用分类标签/动物/鸟类/海鸟/海雀 || 14135:V2融合世界标签体系/通用分类标签/动物/鸟类/海鸟/海雀/海雀
海雕,2,14297:V2融合世界标签体系/通用分类标签/动物/鸟类/猛禽/朱庇特之鸟/海雕 || 14323:V2融合世界标签体系/通用分类标签/动物/鸟类/猛禽/鹰/海雕
海鞘,2,15541:V2融合世界标签体系/通用分类标签/动物/脊索动物/被囊动物/海鞘 || 15542:V2融合世界标签体系/通用分类标签/动物/脊索动物/被囊动物/海鞘/海鞘
海鳟,2,13305:V2融合世界标签体系/通用分类标签/动物/水生非哺乳生物/硬骨鱼/真骨鱼/棘鳍目鱼/鲈形亚目鱼/石首鱼科的鱼/海鳟 || 13431:V2融合世界标签体系/通用分类标签/动物/水生非哺乳生物/硬骨鱼/鲑鱼/河鳟/海鳟
涂抹物,2,26058:V2融合世界标签体系/通用分类标签/行为动作/位置变化/涂抹物 || 28442:V2融合世界标签体系/通用分类标签/食物/调味品/涂抹物
涂鸦,2,10096:V2融合世界标签体系/通用分类标签/人造物体/点缀/涂鸦 || 25834:V2融合世界标签体系/通用分类标签/行为动作/艺术表演动作/绘画/涂鸦
消防员,2,1783:V2融合世界标签体系/通用分类标签/人物与人体/职业身份/消防员 || 26031:V2融合世界标签体系/通用分类标签/行为动作/休养/消防员
消防站,2,10743:V2融合世界标签体系/通用分类标签/人造物体/装置/车站/消防站 || 18139:V2融合世界标签体系/通用分类标签/建筑与基础设施/消防站
涡卷形装饰,2,10097:V2融合世界标签体系/通用分类标签/人造物体/点缀/涡卷形装饰 || 18148:V2融合世界标签体系/通用分类标签/建筑与基础设施/涡卷形装饰
淋浴房门,2,18311:V2融合世界标签体系/通用分类标签/建筑与基础设施/辎重/屏障/可移动屏障/淋浴房门 || 18324:V2融合世界标签体系/通用分类标签/建筑与基础设施/辎重/屏障/可移动屏障/门/淋浴房门
淡啤酒,2,29664:V2融合世界标签体系/通用分类标签/食物/致醉物/酿造饮料/啤酒/拉格啤酒/淡啤酒 || 32220:V2融合世界标签体系/通用分类标签/知识与学科/淡啤酒
深海水下区域,2,16624:V2融合世界标签体系/通用分类标签/场景/深海水下区域 || 24492:V2融合世界标签体系/通用分类标签/自然景观/深海水下区域
混凝土,2,7183:V2融合世界标签体系/通用分类标签/人造物体/人行道/混凝土 || 8991:V2融合世界标签体系/通用分类标签/人造物体/建材/混凝土
混凝土搅拌机,2,5522:V2融合世界标签体系/通用分类标签/人造物体/工业机械设备/混凝土搅拌机 || 9709:V2融合世界标签体系/通用分类标签/人造物体/机器/混凝土搅拌机
清洁,2,18762:V2融合世界标签体系/通用分类标签/文化艺术与媒介/体育锻炼/健美运动/举重动作/清洁 || 25549:V2融合世界标签体系/通用分类标签/行为动作/日常生活动作/清洁
清洁垫,2,8388:V2融合世界标签体系/通用分类标签/人造物体/器具/清洁工具/清洁垫 || 10580:V2融合世界标签体系/通用分类标签/人造物体/缓冲材料/垫子/清洁垫
渔村,2,15489:V2融合世界标签体系/通用分类标签/动物/渔村 || 15490:V2融合世界标签体系/通用分类标签/动物/渔村
温莎领结,2,8146:V2融合世界标签体系/通用分类标签/人造物体/商品/消费品/可穿戴设备/衣服/颈部服饰/领带/温莎领结 || 11212:V2融合世界标签体系/通用分类标签/人造物体/覆盖物/可穿戴设备/衣服/颈部服饰/领带/温莎领结
游乐设施,2,18154:V2融合世界标签体系/通用分类标签/建筑与基础设施/游乐设施 || 26032:V2融合世界标签体系/通用分类标签/行为动作/休养/游乐设施
游戏手柄,2,5916:V2融合世界标签体系/通用分类标签/人造物体/数码 3C 电子/游戏手柄 || 10002:V2融合世界标签体系/通用分类标签/人造物体/游戏手柄
游泳,2,24936:V2融合世界标签体系/通用分类标签/行为动作/休闲娱乐动作/游泳 || 25086:V2融合世界标签体系/通用分类标签/行为动作/体育运动动作/水上运动/游泳
游泳池,2,9247:V2融合世界标签体系/通用分类标签/人造物体/挖掘/池/游泳池 || 10704:V2融合世界标签体系/通用分类标签/人造物体/装置/体育设备/游泳池
湖区,2,24493:V2融合世界标签体系/通用分类标签/自然景观/湖区 || 32067:V2融合世界标签体系/通用分类标签/知识与学科/地区/湖区
湖湾,2,23943:V2融合世界标签体系/通用分类标签/自然景观/水文水体/湖泊/湖湾 || 24105:V2融合世界标签体系/通用分类标签/自然景观/休会期/湖湾
湿,2,31027:V2融合世界标签体系/通用分类标签/属性与状态/形势/湿润/湿 || 31161:V2融合世界标签体系/通用分类标签/属性与状态/湿
湿地,2,16159:V2融合世界标签体系/通用分类标签/场景/自然户外场景/湿地 || 23949:V2融合世界标签体系/通用分类标签/自然景观/水文水体/湿地
滑板公园,2,10724:V2融合世界标签体系/通用分类标签/人造物体/装置/滑板公园 || 31956:V2融合世界标签体系/通用分类标签/知识与学科/一块土地/公园/滑板公园
滑水板,2,9092:V2融合世界标签体系/通用分类标签/人造物体/扁平立体/板/滑水板 || 11415:V2融合世界标签体系/通用分类标签/人造物体/跑步者/滑雪板/滑水板
滑雪,2,24954:V2融合世界标签体系/通用分类标签/行为动作/休闲娱乐动作/滑雪 || 26264:V2融合世界标签体系/通用分类标签/行为动作/去/滑雪
滑雪夹克,2,8003:V2融合世界标签体系/通用分类标签/人造物体/商品/消费品/可穿戴设备/衣服/外衣/外套/夹克/派克大衣/滑雪夹克 || 11069:V2融合世界标签体系/通用分类标签/人造物体/覆盖物/可穿戴设备/衣服/外衣/外套/夹克/派克大衣/滑雪夹克
滑雪服,2,7921:V2融合世界标签体系/通用分类标签/人造物体/商品/消费品/可穿戴设备/打扮/运动休闲服/滑雪服 || 10987:V2融合世界标签体系/通用分类标签/人造物体/覆盖物/可穿戴设备/打扮/运动休闲服/滑雪服
滑雪板,2,6671:V2融合世界标签体系/通用分类标签/人造物体/益智玩具/滑雪板 || 11414:V2融合世界标签体系/通用分类标签/人造物体/跑步者/滑雪板
滤器,2,10015:V2融合世界标签体系/通用分类标签/人造物体/滤器 || 11445:V2融合世界标签体系/通用分类标签/人造物体/过滤器/滤网/滤器
滤网,2,4504:V2融合世界标签体系/通用分类标签/人造物体/厨房餐厨用品/滤网 || 11442:V2融合世界标签体系/通用分类标签/人造物体/过滤器/滤网
滨藜,2,20630:V2融合世界标签体系/通用分类标签/植物/乔木灌木林木/灌木/滨藜 || 22504:V2融合世界标签体系/通用分类标签/植物/草本植物/滨藜
漂浮物,2,31531:V2融合世界标签体系/通用分类标签/时间数量与度量/时间间隔/漂浮物 || 32228:V2融合世界标签体系/通用分类标签/知识与学科/漂浮物
漆姑草,2,21788:V2融合世界标签体系/通用分类标签/植物/显花植物/开花植物/开花植物/漆姑草 || 21790:V2融合世界标签体系/通用分类标签/植物/显花植物/开花植物/开花植物/漆姑草
漏斗,2,8273:V2融合世界标签体系/通用分类标签/人造物体/器具/器具/漏斗 || 30885:V2融合世界标签体系/通用分类标签/属性与状态/圆形/圆锥体/漏斗
演员,2,1810:V2融合世界标签体系/通用分类标签/人物与人体/职业身份/演员 || 3080:V2融合世界标签体系/通用分类标签/人物与人体/表演者/表演者/演员
演示,2,25942:V2融合世界标签体系/通用分类标签/行为动作/仪式/演示 || 26006:V2融合世界标签体系/通用分类标签/行为动作/休养/娱乐/演出/演示
漫画书,2,18551:V2融合世界标签体系/通用分类标签/文化艺术与媒介/文学出版/杂志/漫画书 || 18805:V2融合世界标签体系/通用分类标签/文化艺术与媒介/出版物/漫画书
漱口水,2,10016:V2融合世界标签体系/通用分类标签/人造物体/漱口水 || 31867:V2融合世界标签体系/通用分类标签/材料与物质/混合物/溶体/漱口水
潜水,2,24963:V2融合世界标签体系/通用分类标签/行为动作/休闲娱乐动作/潜水 || 26772:V2融合世界标签体系/通用分类标签/行为动作/潜水
潜水员,2,2789:V2融合世界标签体系/通用分类标签/人物与人体/探险者/潜水员 || 14141:V2融合世界标签体系/通用分类标签/动物/鸟类/海鸟/潜鸟目海鸟/潜水员
潮池,2,24464:V2融合世界标签体系/通用分类标签/自然景观/水坑/潮池 || 24495:V2融合世界标签体系/通用分类标签/自然景观/潮池
灌木,2,20504:V2融合世界标签体系/通用分类标签/植物/乔木灌木林木/灌木 || 22092:V2融合世界标签体系/通用分类标签/植物/灌木
灌溉系统,2,10025:V2融合世界标签体系/通用分类标签/人造物体/灌溉系统 || 18164:V2融合世界标签体系/通用分类标签/建筑与基础设施/灌溉系统
火坑,2,24133:V2融合世界标签体系/通用分类标签/自然景观/凹陷地/中空的/坑/火坑 || 24134:V2融合世界标签体系/通用分类标签/自然景观/凹陷地/中空的/坑/火坑
火山口湖,2,23945:V2融合世界标签体系/通用分类标签/自然景观/水文水体/湖泊/火山口湖 || 23946:V2融合世界标签体系/通用分类标签/自然景观/水文水体/湖泊/火山口湖
火把莲,2,22508:V2融合世界标签体系/通用分类标签/植物/草本植物/火把莲 || 22509:V2融合世界标签体系/通用分类标签/植物/草本植物/火把莲/火把莲
火灾报警,2,9199:V2融合世界标签体系/通用分类标签/人造物体/报警系统/火灾报警 || 19623:V2融合世界标签体系/通用分类标签/文字与信息图形/信号/警报/火灾报警
火炉,2,7218:V2融合世界标签体系/通用分类标签/人造物体/仪器/火炉 || 17621:V2融合世界标签体系/通用分类标签/建筑与基础设施/区/围场/房间/火炉
火焰,2,944:V2融合世界标签体系/通用分类标签/交通工具/火焰 || 26249:V2融合世界标签体系/通用分类标签/行为动作/化学加工/化学反应/氧化/燃烧/火/火焰
火箭,2,9665:V2融合世界标签体系/通用分类标签/人造物体/机器/发动机/发动机/反作用推进发动机/喷气发动机/火箭 || 22511:V2融合世界标签体系/通用分类标签/植物/草本植物/火箭
火蜥蜴,2,11716:V2融合世界标签体系/通用分类标签/动物/两栖动物/火蜥蜴 || 32346:V2融合世界标签体系/通用分类标签/知识与学科/神话生物/神话怪物/火蜥蜴
火警钟,2,7339:V2融合世界标签体系/通用分类标签/人造物体/信号装置/钟/火警钟 || 8540:V2融合世界标签体系/通用分类标签/人造物体/声学装置/钟/火警钟
火锅,2,27471:V2融合世界标签体系/通用分类标签/食物/中式菜肴汤品/火锅 || 28920:V2融合世界标签体系/通用分类标签/食物/一道菜/炖菜/火锅
灯,2,7400:V2融合世界标签体系/通用分类标签/人造物体/光源/灯 || 10028:V2融合世界标签体系/通用分类标签/人造物体/灯
灯芯绒裤,2,8124:V2融合世界标签体系/通用分类标签/人造物体/商品/消费品/可穿戴设备/衣服/裤子/灯芯绒裤 || 11190:V2融合世界标签体系/通用分类标签/人造物体/覆盖物/可穿戴设备/衣服/裤子/灯芯绒裤
灰泥,2,31868:V2融合世界标签体系/通用分类标签/材料与物质/混合物/灰泥 || 31869:V2融合世界标签体系/通用分类标签/材料与物质/混合物/灰泥/灰泥
灰白喉林莺,2,14458:V2融合世界标签体系/通用分类标签/动物/鸟类/鸣禽/莺类鸣禽/灰白喉林莺 || 14481:V2融合世界标签体系/通用分类标签/动物/鸟类/鸣禽/雀科鸟/新世界雀鹀/灰白喉林莺
灰鲭鲨,2,13455:V2融合世界标签体系/通用分类标签/动物/水生非哺乳生物/软骨鱼/板鳃类鱼/鲨鱼/鲭鲨/灰鲭鲨 || 17083:V2融合世界标签体系/通用分类标签/建筑与基础设施/宗教祭祀建筑/神社/灰鲭鲨
炒锅,2,4296:V2融合世界标签体系/通用分类标签/人造物体/厨房餐厨用品/炊具/平底锅/炒锅 || 4522:V2融合世界标签体系/通用分类标签/人造物体/厨房餐厨用品/炒锅
炒面,2,28914:V2融合世界标签体系/通用分类标签/食物/一道菜/炒面 || 29450:V2融合世界标签体系/通用分类标签/食物/炒面
炸鸡,2,14068:V2融合世界标签体系/通用分类标签/动物/鸟类/家禽/炸鸡 || 29452:V2融合世界标签体系/通用分类标签/食物/炸鸡
点式打印机,2,9643:V2融合世界标签体系/通用分类标签/人造物体/机器/印刷机/打印机/点式打印机 || 10365:V2融合世界标签体系/通用分类标签/人造物体/电子设备/外围设备/打印机/点式打印机
点球,2,26198:V2融合世界标签体系/通用分类标签/行为动作/划水动作/一击/踢/点球 || 26778:V2融合世界标签体系/通用分类标签/行为动作/点球
点缀,2,10033:V2融合世界标签体系/通用分类标签/人造物体/点缀 || 26779:V2融合世界标签体系/通用分类标签/行为动作/点缀
烈性苹果酒,2,29569:V2融合世界标签体系/通用分类标签/食物/致醉物/烈性苹果酒 || 29678:V2融合世界标签体系/通用分类标签/食物/苹果酒/烈性苹果酒
烈酒,2,28687:V2融合世界标签体系/通用分类标签/食物/饮品类/烈酒 || 29588:V2融合世界标签体系/通用分类标签/食物/致醉物/烈性酒/烈酒
烟嘴,2,8440:V2融合世界标签体系/通用分类标签/人造物体/固定装置/夹具/烟嘴 || 11565:V2融合世界标签体系/通用分类标签/人造物体/道路/通道/导管/管/烟嘴
烟斗,2,11566:V2融合世界标签体系/通用分类标签/人造物体/道路/通道/导管/管/烟斗 || 26302:V2融合世界标签体系/通用分类标签/行为动作/呼吸/吸烟/烟斗
烟花表演,2,26025:V2融合世界标签体系/通用分类标签/行为动作/休养/娱乐/演出/演示/烟花表演 || 26780:V2融合世界标签体系/通用分类标签/行为动作/烟花表演
烟草卷,2,31821:V2融合世界标签体系/通用分类标签/材料与物质/植物材料/植物产品/烟草/烟草卷 || 31835:V2融合世界标签体系/通用分类标签/材料与物质/毒品/毒品/烟草/烟草卷
烤土豆,2,29111:V2融合世界标签体系/通用分类标签/食物/农产品/蔬菜/根菜类/土豆/烤土豆 || 29133:V2融合世界标签体系/通用分类标签/食物/农产品/蔬菜/茄科蔬菜/土豆/烤土豆
烤肉转架,2,5116:V2融合世界标签体系/通用分类标签/人造物体/家用电器/厨房用具/炉/烤肉转架 || 15796:V2融合世界标签体系/通用分类标签/场景/室内场景/餐厅/烤肉转架
烤面包机,2,1419:V2融合世界标签体系/通用分类标签/人物与人体/人物关系与群体/朋友/烤面包机 || 5119:V2融合世界标签体系/通用分类标签/人造物体/家用电器/厨房用具/烤面包机
烤鳗鱼,2,15492:V2融合世界标签体系/通用分类标签/动物/烤鳗鱼 || 29858:V2融合世界标签体系/通用分类标签/食物/食用鱼肉/烤鳗鱼
烧杯,2,4144:V2融合世界标签体系/通用分类标签/人造物体/医疗器械/烧杯 || 8692:V2融合世界标签体系/通用分类标签/人造物体/容器/器皿/广口容器/烧杯
热带雨林,2,24065:V2融合世界标签体系/通用分类标签/自然景观/生态环境/森林/热带雨林 || 24066:V2融合世界标签体系/通用分类标签/自然景观/生态环境/森林/热带雨林
热情,2,31077:V2融合世界标签体系/通用分类标签/属性与状态/感受/快乐/热情 || 31083:V2融合世界标签体系/通用分类标签/属性与状态/感受/热情
热水器,2,83:V2融合世界标签体系/通用分类标签/交通工具/军用交通载具/坦克/热水器 || 5254:V2融合世界标签体系/通用分类标签/人造物体/家用电器/热水器
热狗,2,1908:V2融合世界标签体系/通用分类标签/人物与人体/不受欢迎的人/令人不快的人/利己主义者/暴露癖者/热狗 || 28998:V2融合世界标签体系/通用分类标签/食物/一道菜/零食/三明治/热狗
烹饪,2,25558:V2融合世界标签体系/通用分类标签/行为动作/日常生活动作/烹饪 || 26820:V2融合世界标签体系/通用分类标签/行为动作/状态变化/烹饪
焊工,2,2411:V2融合世界标签体系/通用分类标签/人物与人体/劳动者/技术工人/匠人/焊工 || 2442:V2融合世界标签体系/通用分类标签/人物与人体/劳动者/焊工
焊接,2,25380:V2融合世界标签体系/通用分类标签/行为动作/工作学习动作/焊接 || 26404:V2融合世界标签体系/通用分类标签/行为动作/完整性变化/焊接
焦糖,2,29379:V2融合世界标签体系/通用分类标签/食物/摩托人力车/甜食/糖制食品/焦糖 || 29689:V2融合世界标签体系/通用分类标签/食物/调味剂/增甜/精制糖/焦糖
焦糖布丁,2,28821:V2融合世界标签体系/通用分类标签/食物/一道菜/卡仕达酱/焦糖布丁 || 29778:V2融合世界标签体系/通用分类标签/食物/路线/点心/焦糖布丁
煎饼,2,24563:V2融合世界标签体系/通用分类标签/节日与符号/庆典仪式元素/蛋糕/煎饼 || 27226:V2融合世界标签体系/通用分类标签/食物/中式主食面点/煎饼
煤气炉,2,5106:V2融合世界标签体系/通用分类标签/人造物体/家用电器/厨房用具/厨房炉灶/煤气炉 || 7329:V2融合世界标签体系/通用分类标签/人造物体/保温器/煤气炉
照明/照明设备,2,7226:V2融合世界标签体系/通用分类标签/人造物体/仪器/照明/照明设备 || 16627:V2融合世界标签体系/通用分类标签/场景/照明/照明设备
照相亭,2,10134:V2融合世界标签体系/通用分类标签/人造物体/照相亭 || 17731:V2融合世界标签体系/通用分类标签/建筑与基础设施/区/室/壁橱/亭/照相亭
燕麦,2,20909:V2融合世界标签体系/通用分类标签/植物/农作物/燕麦 || 22093:V2融合世界标签体系/通用分类标签/植物/燕麦
爆发,2,26405:V2融合世界标签体系/通用分类标签/行为动作/完整性变化/爆发 || 26569:V2融合世界标签体系/通用分类标签/行为动作/排放/爆发
爆炸,2,30012:V2融合世界标签体系/通用分类标签/声音/事物声音/爆炸 || 30441:V2融合世界标签体系/通用分类标签/声音/爆炸
爆炸头假发,2,7903:V2融合世界标签体系/通用分类标签/人造物体/商品/消费品/可穿戴设备/打扮/假发/爆炸头假发 || 10969:V2融合世界标签体系/通用分类标签/人造物体/覆盖物/可穿戴设备/打扮/假发/爆炸头假发
爆竹,2,24536:V2融合世界标签体系/通用分类标签/节日与符号/庆典仪式元素/烟花/爆竹 || 24537:V2融合世界标签体系/通用分类标签/节日与符号/庆典仪式元素/烟花/爆竹
爆米花,2,21268:V2融合世界标签体系/通用分类标签/植物/草本竹藤植物/牧草/谷类禾草/玉米/爆米花 || 29850:V2融合世界标签体系/通用分类标签/食物/食品/谷物/玉米/爆米花
爱人,2,2950:V2融合世界标签体系/通用分类标签/人物与人体/爱人 || 2958:V2融合世界标签体系/通用分类标签/人物与人体/爱人/爱人
爱尔兰人,2,2183:V2融合世界标签体系/通用分类标签/人物与人体/住户/欧洲人/爱尔兰人 || 29575:V2融合世界标签体系/通用分类标签/食物/致醉物/烈性酒/威士忌/爱尔兰人
父亲,2,1981:V2融合世界标签体系/通用分类标签/人物与人体/亲属/上升的/父亲 || 19379:V2融合世界标签体系/通用分类标签/文字与信息图形/文字内容/标题/父亲
版画,2,18634:V2融合世界标签体系/通用分类标签/文化艺术与媒介/视觉艺术/版画 || 32468:V2融合世界标签体系/IP 分类标签/作品与文化资产 IP/名画/版画
牙买加短裤,2,8123:V2融合世界标签体系/通用分类标签/人造物体/商品/消费品/可穿戴设备/衣服/裤子/泳裤/牙买加短裤 || 11189:V2融合世界标签体系/通用分类标签/人造物体/覆盖物/可穿戴设备/衣服/裤子/泳裤/牙买加短裤
牙膏,2,10156:V2融合世界标签体系/通用分类标签/人造物体/牙膏 || 31707:V2融合世界标签体系/通用分类标签/材料与物质/化合物/配制品/去污剂/洁牙剂/牙膏
牛亚科,2,15039:V2融合世界标签体系/通用分类标签/动物/农场动物/牛亚科 || 31540:V2融合世界标签体系/通用分类标签/时间数量与度量/牛亚科
牛仔竞技,2,17640:V2融合世界标签体系/通用分类标签/建筑与基础设施/区/围场/笔/牛仔竞技 || 26009:V2融合世界标签体系/通用分类标签/行为动作/休养/娱乐/演出/演示/展览/牛仔竞技
牛奶,2,28320:V2融合世界标签体系/通用分类标签/食物/肉蛋奶食材/乳制品/牛奶 || 28696:V2融合世界标签体系/通用分类标签/食物/饮品类/牛奶
牛排,2,29511:V2融合世界标签体系/通用分类标签/食物/肉/切割/牛排 || 29512:V2融合世界标签体系/通用分类标签/食物/肉/切割/牛排
牛科动物,2,12351:V2融合世界标签体系/通用分类标签/动物/哺乳动物/有胎盘的/有蹄哺乳动物/偶蹄动物/反刍动物/牛科动物 || 12698:V2融合世界标签体系/通用分类标签/动物/哺乳动物/牛科动物
牛蒡,2,20532:V2融合世界标签体系/通用分类标签/植物/乔木灌木林木/灌木/亚灌木/牛蒡 || 20533:V2融合世界标签体系/通用分类标签/植物/乔木灌木林木/灌木/亚灌木/牛蒡/牛蒡
牡丹鹦鹉,2,15004:V2融合世界标签体系/通用分类标签/动物/鸟类/鹦鹉/牡丹鹦鹉 || 15008:V2融合世界标签体系/通用分类标签/动物/鸟类/鹦鹉/长尾小鹦鹉/牡丹鹦鹉
牢房,2,17534:V2融合世界标签体系/通用分类标签/建筑与基础设施/住宅/块状物/牢房 || 17773:V2融合世界标签体系/通用分类标签/建筑与基础设施/区/室/牢房
牧场工人,2,2284:V2融合世界标签体系/通用分类标签/人物与人体/创造者/农场主/牧场工人 || 2466:V2融合世界标签体系/通用分类标签/人物与人体/劳动者/职员/劳动男子/体力劳动者/帮工/牧场工人
牧场式住宅,2,17424:V2融合世界标签体系/通用分类标签/建筑与基础设施/H类住宅/牧场式住宅 || 17498:V2融合世界标签体系/通用分类标签/建筑与基础设施/住宅/住处/H类住宅/牧场式住宅
牧师,2,2078:V2融合世界标签体系/通用分类标签/人物与人体/会长/精神领袖/牧师 || 2083:V2融合世界标签体系/通用分类标签/人物与人体/会长/精神领袖/牧师/牧师
牧羊人,2,2084:V2融合世界标签体系/通用分类标签/人物与人体/会长/精神领袖/牧师/牧羊人 || 2465:V2融合世界标签体系/通用分类标签/人物与人体/劳动者/职员/劳动男子/体力劳动者/帮工/牧人/牧羊人
特写,2,2960:V2融合世界标签体系/通用分类标签/人物与人体/特写 || 18997:V2融合世界标签体系/通用分类标签/文化艺术与媒介/特写
特技,2,15495:V2融合世界标签体系/通用分类标签/动物/特技 || 26369:V2融合世界标签体系/通用分类标签/行为动作/完成/壮举/特技
特雷门琴,2,3260:V2融合世界标签体系/通用分类标签/人造物体/中西乐器/电子乐器/特雷门琴 || 29923:V2融合世界标签体系/通用分类标签/声音/乐器/特雷门琴
犬种,2,15496:V2融合世界标签体系/通用分类标签/动物/犬种 || 15497:V2融合世界标签体系/通用分类标签/动物/犬种
狐獴,2,12601:V2融合世界标签体系/通用分类标签/动物/哺乳动物/有胎盘的/食肉动物/灵猫科动物/狐獴 || 12603:V2融合世界标签体系/通用分类标签/动物/哺乳动物/有胎盘的/食肉动物/灵猫科动物/狐獴/狐獴
独奏,2,26251:V2融合世界标签体系/通用分类标签/行为动作/单独行动/独奏 || 26771:V2融合世界标签体系/通用分类标签/行为动作/演出/独奏
独木舟,2,802:V2融合世界标签体系/通用分类标签/交通工具/容器/小船/小船/独木舟 || 17924:V2融合世界标签体系/通用分类标签/建筑与基础设施/庇护所/独木舟
独立日,2,23599:V2融合世界标签体系/通用分类标签/组织机构与社会事件/独立日 || 31449:V2融合世界标签体系/通用分类标签/时间数量与度量/基本量/一段时间/日历日/假日/国定假日/独立日
狭下摆裙,2,8056:V2融合世界标签体系/通用分类标签/人造物体/商品/消费品/可穿戴设备/衣服/女裙/狭下摆裙 || 11122:V2融合世界标签体系/通用分类标签/人造物体/覆盖物/可穿戴设备/衣服/女裙/狭下摆裙
狮子狗,2,11886:V2融合世界标签体系/通用分类标签/动物/哺乳动物/犬科动物/家犬/小型狗/狮子狗 || 11948:V2融合世界标签体系/通用分类标签/动物/哺乳动物/犬科动物/家犬/狮子狗
狼,2,1572:V2融合世界标签体系/通用分类标签/人物与人体/性别与生理属性/男性/成年雄性/玩弄女性者/狼 || 12048:V2融合世界标签体系/通用分类标签/动物/哺乳动物/犬科动物/狼
猎物,2,1919:V2融合世界标签体系/通用分类标签/人物与人体/不幸的人/受害人/猎物 || 15498:V2融合世界标签体系/通用分类标签/动物/猎物
猎犬,2,11952:V2融合世界标签体系/通用分类标签/动物/哺乳动物/犬科动物/家犬/猎犬 || 12014:V2融合世界标签体系/通用分类标签/动物/哺乳动物/犬科动物/家犬/猎犬/猎犬
玉米片,2,29005:V2融合世界标签体系/通用分类标签/食物/一道菜/零食/玉米片 || 29006:V2融合世界标签体系/通用分类标签/食物/一道菜/零食/玉米片/玉米片
玉米穗轴,2,12161:V2融合世界标签体系/通用分类标签/动物/哺乳动物/马科动物/家马/挽马/玉米穗轴 || 14665:V2融合世界标签体系/通用分类标签/动物/鸟类/水禽/天鹅/玉米穗轴
王座厅,2,17778:V2融合世界标签体系/通用分类标签/建筑与基础设施/区/室/王座厅 || 18171:V2融合世界标签体系/通用分类标签/建筑与基础设施/王座厅
玩乒乓球,2,26851:V2融合世界标签体系/通用分类标签/行为动作/玩乒乓球 || 26852:V2融合世界标签体系/通用分类标签/行为动作/玩乒乓球
玩具,2,10169:V2融合世界标签体系/通用分类标签/人造物体/玩具 || 10207:V2融合世界标签体系/通用分类标签/人造物体/玩具
玩具枪,2,26853:V2融合世界标签体系/通用分类标签/行为动作/玩具枪 || 26854:V2融合世界标签体系/通用分类标签/行为动作/玩具枪
玩杂耍,2,26020:V2融合世界标签体系/通用分类标签/行为动作/休养/娱乐/演出/演示/演出/玩杂耍 || 26864:V2融合世界标签体系/通用分类标签/行为动作/玩杂耍
环圈,2,7294:V2融合世界标签体系/通用分类标签/人造物体/体育器材/篮球器材/环圈 || 9996:V2融合世界标签体系/通用分类标签/人造物体/游戏器材/球门/环圈
环绕式物品,2,8088:V2融合世界标签体系/通用分类标签/人造物体/商品/消费品/可穿戴设备/衣服/环绕式物品 || 11154:V2融合世界标签体系/通用分类标签/人造物体/覆盖物/可穿戴设备/衣服/环绕式物品
玻璃地板,2,10656:V2融合世界标签体系/通用分类标签/人造物体/表面/水平仪/地板/玻璃地板 || 10657:V2融合世界标签体系/通用分类标签/人造物体/表面/水平仪/地板/玻璃地板
玻璃墙,2,17567:V2融合世界标签体系/通用分类标签/建筑与基础设施/分隔物/墙/玻璃墙 || 17576:V2融合世界标签体系/通用分类标签/建筑与基础设施/分隔物/玻璃墙
玻璃屋,2,17427:V2融合世界标签体系/通用分类标签/建筑与基础设施/H类住宅/玻璃屋 || 17501:V2融合世界标签体系/通用分类标签/建筑与基础设施/住宅/住处/H类住宅/玻璃屋
玻璃建筑,2,18173:V2融合世界标签体系/通用分类标签/建筑与基础设施/玻璃建筑 || 18174:V2融合世界标签体系/通用分类标签/建筑与基础设施/玻璃建筑
玻璃水瓶,2,8736:V2融合世界标签体系/通用分类标签/人造物体/容器/器皿/瓶/玻璃水瓶 || 8737:V2融合世界标签体系/通用分类标签/人造物体/容器/器皿/瓶/玻璃水瓶
玻璃珠,2,6915:V2融合世界标签体系/通用分类标签/人造物体/箱包首饰/珠宝首饰/珠子/玻璃珠 || 10210:V2融合世界标签体系/通用分类标签/人造物体/玻璃珠
玻璃碗,2,8749:V2融合世界标签体系/通用分类标签/人造物体/容器/器皿/碗/玻璃碗 || 8750:V2融合世界标签体系/通用分类标签/人造物体/容器/器皿/碗/玻璃碗
玻璃窗,2,10211:V2融合世界标签体系/通用分类标签/人造物体/玻璃窗 || 18046:V2融合世界标签体系/通用分类标签/建筑与基础设施/支承结构/构架/窗户/玻璃窗
玻璃罐,2,8693:V2融合世界标签体系/通用分类标签/人造物体/容器/器皿/广口容器/玻璃罐 || 8716:V2融合世界标签体系/通用分类标签/人造物体/容器/器皿/玻璃罐
玻璃花瓶,2,8695:V2融合世界标签体系/通用分类标签/人造物体/容器/器皿/广口容器/花瓶/玻璃花瓶 || 8696:V2融合世界标签体系/通用分类标签/人造物体/容器/器皿/广口容器/花瓶/玻璃花瓶
玻璃门,2,18312:V2融合世界标签体系/通用分类标签/建筑与基础设施/辎重/屏障/可移动屏障/玻璃门 || 18325:V2融合世界标签体系/通用分类标签/建筑与基础设施/辎重/屏障/可移动屏障/门/玻璃门
珍珠奶茶,2,29472:V2融合世界标签体系/通用分类标签/食物/珍珠奶茶 || 29473:V2融合世界标签体系/通用分类标签/食物/珍珠奶茶
珍珠菜,2,20534:V2融合世界标签体系/通用分类标签/植物/乔木灌木林木/灌木/亚灌木/珍珠菜 || 22519:V2融合世界标签体系/通用分类标签/植物/草本植物/珍珠菜
珠宝店,2,15741:V2融合世界标签体系/通用分类标签/场景/室内场景/商店/珠宝店 || 18085:V2融合世界标签体系/通用分类标签/建筑与基础设施/机构/商业机构/商业机构/珠宝店
珠饰头饰,2,7847:V2融合世界标签体系/通用分类标签/人造物体/商品/消费品/可穿戴设备/头具/珠饰头饰 || 10913:V2融合世界标签体系/通用分类标签/人造物体/覆盖物/可穿戴设备/头具/珠饰头饰
班卓琴,2,3222:V2融合世界标签体系/通用分类标签/人造物体/中西乐器/弦乐器/班卓琴 || 29919:V2融合世界标签体系/通用分类标签/声音/乐器/拨弦乐器/班卓琴
班图人,2,3176:V2融合世界标签体系/通用分类标签/人物与人体/非洲人/班图人 || 19955:V2融合世界标签体系/通用分类标签/文字与信息图形/自然语言/尼日尔-科尔多凡语系/尼日尔-刚果语系/班图人
班级,2,2970:V2融合世界标签体系/通用分类标签/人物与人体/班级 || 31178:V2融合世界标签体系/通用分类标签/属性与状态/班级
班轮,2,10822:V2融合世界标签体系/通用分类标签/人造物体/覆盖物/保护/班轮 || 26978:V2融合世界标签体系/通用分类标签/行为动作/触摸/击打/班轮
球拍,2,6689:V2融合世界标签体系/通用分类标签/人造物体/益智玩具/球拍 || 8230:V2融合世界标签体系/通用分类标签/人造物体/器具/体育用具/球拍
球童,2,1496:V2融合世界标签体系/通用分类标签/人物与人体/基础年龄属性/少年/球童 || 2337:V2融合世界标签体系/通用分类标签/人物与人体/劳动者/助手/出席者/球童
球门,2,9995:V2融合世界标签体系/通用分类标签/人造物体/游戏器材/球门 || 31179:V2融合世界标签体系/通用分类标签/属性与状态/球门
理发师,2,2402:V2融合世界标签体系/通用分类标签/人物与人体/劳动者/技术工人/匠人/发型师/理发师 || 33142:V2融合世界标签体系/IP 分类标签/真人与人物 IP/音乐艺人/作曲家/理发师
琵嘴鸭,2,2444:V2融合世界标签体系/通用分类标签/人物与人体/劳动者/琵嘴鸭 || 14704:V2融合世界标签体系/通用分类标签/动物/鸟类/水禽/水禽/雁形目鸟/鸭/琵嘴鸭
琵琶,2,3224:V2融合世界标签体系/通用分类标签/人造物体/中西乐器/弦乐器/琵琶 || 6698:V2融合世界标签体系/通用分类标签/人造物体/益智玩具/琵琶
瓜叶菊,2,21796:V2融合世界标签体系/通用分类标签/植物/显花植物/开花植物/开花植物/瓜叶菊 || 21797:V2融合世界标签体系/通用分类标签/植物/显花植物/开花植物/开花植物/瓜叶菊
瓜果类,2,21113:V2融合世界标签体系/通用分类标签/植物/水果浆果类/瓜果类 || 21373:V2融合世界标签体系/通用分类标签/植物/蔬菜类/瓜果类
瓷器,2,32514:V2融合世界标签体系/IP 分类标签/作品与文化资产 IP/文物与馆藏 IP/陶瓷器/瓷/瓷器 || 32516:V2融合世界标签体系/IP 分类标签/作品与文化资产 IP/文物与馆藏 IP/陶瓷器/瓷器
瓷砖,2,8512:V2融合世界标签体系/通用分类标签/人造物体/块状物/厚板/瓦/瓷砖 || 8513:V2融合世界标签体系/通用分类标签/人造物体/块状物/厚板/瓦/瓷砖
瓷砖墙,2,17568:V2融合世界标签体系/通用分类标签/建筑与基础设施/分隔物/墙/瓷砖墙 || 17577:V2融合世界标签体系/通用分类标签/建筑与基础设施/分隔物/瓷砖墙
甜叶菊,2,22523:V2融合世界标签体系/通用分类标签/植物/草本植物/甜叶菊 || 22524:V2融合世界标签体系/通用分类标签/植物/草本植物/甜叶菊
甜椒,2,29139:V2融合世界标签体系/通用分类标签/食物/农产品/蔬菜/茄科蔬菜/胡椒/甜椒 || 29141:V2融合世界标签体系/通用分类标签/食物/农产品/蔬菜/茄科蔬菜/胡椒/甜椒/甜椒
甜橙,2,20253:V2融合世界标签体系/通用分类标签/植物/乔木灌木林木/乔木/开花乔木/果树/柑橘属/柑桔/甜橙 || 29209:V2融合世界标签体系/通用分类标签/食物/农产品/食用水果/柑橘属/柑橘/甜橙
甜食,2,29354:V2融合世界标签体系/通用分类标签/食物/摩托人力车/甜食 || 33100:V2融合世界标签体系/IP 分类标签/真人与人物 IP/科学文化人物/科学家/语言学家/语音学家/甜食
生日蜡烛,2,24572:V2融合世界标签体系/通用分类标签/节日与符号/庆典仪式元素/蜡烛/生日蜡烛 || 24573:V2融合世界标签体系/通用分类标签/节日与符号/庆典仪式元素/蜡烛/生日蜡烛
田野/场地/野外,2,18176:V2融合世界标签体系/通用分类标签/建筑与基础设施/田野/场地/野外 || 26874:V2融合世界标签体系/通用分类标签/行为动作/田野/场地/野外
田间道路,2,11532:V2融合世界标签体系/通用分类标签/人造物体/道路/田间道路 || 17356:V2融合世界标签体系/通用分类标签/建筑与基础设施/路桥隧道工程/公路/田间道路
田鼠,2,11812:V2融合世界标签体系/通用分类标签/动物/哺乳动物/啮齿动物/家鼠/田鼠 || 11826:V2融合世界标签体系/通用分类标签/动物/哺乳动物/啮齿动物/林鼠/田鼠
电,2,18177:V2融合世界标签体系/通用分类标签/建筑与基础设施/电 || 26875:V2融合世界标签体系/通用分类标签/行为动作/电
电动机,2,9684:V2融合世界标签体系/通用分类标签/人造物体/机器/发动机/电动机 || 9710:V2融合世界标签体系/通用分类标签/人造物体/机器/电动机
电吉他,2,3206:V2融合世界标签体系/通用分类标签/人造物体/中西乐器/弦乐器/六弦琴/电吉他 || 29916:V2融合世界标签体系/通用分类标签/声音/乐器/拨弦乐器/吉他/电吉他
电商平台品牌,2,32545:V2融合世界标签体系/IP 分类标签/品牌 IP/互联网与软件品牌/电商平台品牌 || 32786:V2融合世界标签体系/IP 分类标签/品牌 IP/零售与电商品牌/电商平台品牌
电影海报,2,10420:V2融合世界标签体系/通用分类标签/人造物体/电影海报 || 19014:V2融合世界标签体系/通用分类标签/文化艺术与媒介/电影海报
电影票,2,19743:V2融合世界标签体系/通用分类标签/文字与信息图形/商业文件/券/电影票 || 19744:V2融合世界标签体系/通用分类标签/文字与信息图形/商业文件/券/电影票
电报,2,8944:V2融合世界标签体系/通用分类标签/人造物体/导体/电报 || 19628:V2融合世界标签体系/通用分类标签/文字与信息图形/信息/电报
电梯,2,11593:V2融合世界标签体系/通用分类标签/人造物体/道路/通道/走廊/轴杆/电梯 || 26436:V2融合世界标签体系/通用分类标签/行为动作/帮/电梯
电梯门,2,18326:V2融合世界标签体系/通用分类标签/建筑与基础设施/辎重/屏障/可移动屏障/门/电梯门 || 18327:V2融合世界标签体系/通用分类标签/建筑与基础设施/辎重/屏障/可移动屏障/门/电梯门
电灯开关,2,9446:V2融合世界标签体系/通用分类标签/人造物体/机制/控制/开关/电灯开关 || 9455:V2融合世界标签体系/通用分类标签/人造物体/机制/控制/电灯开关
电灶,2,5107:V2融合世界标签体系/通用分类标签/人造物体/家用电器/厨房用具/厨房炉灶/电灶 || 5172:V2融合世界标签体系/通用分类标签/人造物体/家用电器/大型白色家电/电灶
电炉,2,5120:V2融合世界标签体系/通用分类标签/人造物体/家用电器/厨房用具/电炉 || 17626:V2融合世界标签体系/通用分类标签/建筑与基础设施/区/围场/房间/火炉/电炉
电脑机箱,2,8888:V2融合世界标签体系/通用分类标签/人造物体/容器/盒子/电脑机箱 || 10424:V2融合世界标签体系/通用分类标签/人造物体/电脑机箱
电脑桌,2,9786:V2融合世界标签体系/通用分类标签/人造物体/桌子/书桌/电脑桌 || 9821:V2融合世界标签体系/通用分类标签/人造物体/桌子/电脑桌
电脑椅,2,8491:V2融合世界标签体系/通用分类标签/人造物体/坐椅/椅子/电脑椅 || 8492:V2融合世界标签体系/通用分类标签/人造物体/坐椅/椅子/电脑椅
电视塔,2,17850:V2融合世界标签体系/通用分类标签/建筑与基础设施/塔/电视塔 || 18179:V2融合世界标签体系/通用分类标签/建筑与基础设施/电视塔
电视柜,2,4897:V2融合世界标签体系/通用分类标签/人造物体/家具大件/电视柜 || 7357:V2融合世界标签体系/通用分类标签/人造物体/储藏柜/电视柜
电视演员,2,3088:V2融合世界标签体系/通用分类标签/人物与人体/表演者/表演者/电视演员 || 3089:V2融合世界标签体系/通用分类标签/人物与人体/表演者/表演者/电视演员
电视节目,2,18674:V2融合世界标签体系/通用分类标签/文化艺术与媒介/音乐音频/广播/电视节目 || 18675:V2融合世界标签体系/通用分类标签/文化艺术与媒介/音乐音频/广播/电视节目
电话亭,2,17732:V2融合世界标签体系/通用分类标签/建筑与基础设施/区/室/壁橱/亭/电话亭 || 18180:V2融合世界标签体系/通用分类标签/建筑与基础设施/电话亭
电话机,2,8564:V2融合世界标签体系/通用分类标签/人造物体/媒介/电信/电话机 || 30478:V2融合世界标签体系/通用分类标签/声音/电话机
电链锯,2,7516:V2融合世界标签体系/通用分类标签/人造物体/动力工具/动力锯/电链锯 || 9629:V2融合世界标签体系/通用分类标签/人造物体/机器/动力工具/动力锯/电链锯
电锤,2,7510:V2融合世界标签体系/通用分类标签/人造物体/动力工具/动力锤/电锤 || 9623:V2融合世界标签体系/通用分类标签/人造物体/机器/动力工具/动力锤/电锤
男子的礼服大衣,2,8016:V2融合世界标签体系/通用分类标签/人造物体/商品/消费品/可穿戴设备/衣服/外衣/外套/男子的礼服大衣 || 11082:V2融合世界标签体系/通用分类标签/人造物体/覆盖物/可穿戴设备/衣服/外衣/外套/男子的礼服大衣
男式内衣,2,7956:V2融合世界标签体系/通用分类标签/人造物体/商品/消费品/可穿戴设备/衣服/不可言说之物/内衣/男式内衣 || 11022:V2融合世界标签体系/通用分类标签/人造物体/覆盖物/可穿戴设备/衣服/不可言说之物/内衣/男式内衣
男式泳裤,2,8084:V2融合世界标签体系/通用分类标签/人造物体/商品/消费品/可穿戴设备/衣服/泳衣/男式泳裤 || 11150:V2融合世界标签体系/通用分类标签/人造物体/覆盖物/可穿戴设备/衣服/泳衣/男式泳裤
男式睡衣上衣,2,7930:V2融合世界标签体系/通用分类标签/人造物体/商品/消费品/可穿戴设备/男式睡衣上衣 || 10996:V2融合世界标签体系/通用分类标签/人造物体/覆盖物/可穿戴设备/男式睡衣上衣
男式紧身裤,2,8089:V2融合世界标签体系/通用分类标签/人造物体/商品/消费品/可穿戴设备/衣服/男式紧身裤 || 11155:V2融合世界标签体系/通用分类标签/人造物体/覆盖物/可穿戴设备/衣服/男式紧身裤
男用假发,2,7904:V2融合世界标签体系/通用分类标签/人造物体/商品/消费品/可穿戴设备/打扮/假发/男用假发 || 10970:V2融合世界标签体系/通用分类标签/人造物体/覆盖物/可穿戴设备/打扮/假发/男用假发
男童军,2,1500:V2融合世界标签体系/通用分类标签/人物与人体/基础年龄属性/少年/童子军/男童军 || 2875:V2融合世界标签体系/通用分类标签/人物与人体/无辜者/男童军
男装,2,7933:V2融合世界标签体系/通用分类标签/人造物体/商品/消费品/可穿戴设备/男装 || 10999:V2融合世界标签体系/通用分类标签/人造物体/覆盖物/可穿戴设备/男装
番茄汤,2,28892:V2融合世界标签体系/通用分类标签/食物/一道菜/汤/番茄汤 || 28949:V2融合世界标签体系/通用分类标签/食物/一道菜/番茄汤
登山,2,24994:V2融合世界标签体系/通用分类标签/行为动作/休闲娱乐动作/登山 || 26055:V2融合世界标签体系/通用分类标签/行为动作/位置变化/上升/登山
登山包,2,8619:V2融合世界标签体系/通用分类标签/人造物体/容器/包/帆布背包/登山包 || 8868:V2融合世界标签体系/通用分类标签/人造物体/容器/登山包
登陆,2,10680:V2融合世界标签体系/通用分类标签/人造物体/表面/水平仪/平台/登陆 || 18181:V2融合世界标签体系/通用分类标签/建筑与基础设施/登陆
白噪声,2,30494:V2融合世界标签体系/通用分类标签/声音/白噪声 || 30495:V2融合世界标签体系/通用分类标签/声音/白噪声
白宫,2,16768:V2融合世界标签体系/通用分类标签/建筑与基础设施/公共服务建筑/政府建筑/白宫 || 31592:V2融合世界标签体系/通用分类标签/时间数量与度量/行政单位/部门/政府部门/联邦部门/行政部门/白宫
白尾海雕,2,14298:V2融合世界标签体系/通用分类标签/动物/鸟类/猛禽/朱庇特之鸟/海雕/白尾海雕 || 14299:V2融合世界标签体系/通用分类标签/动物/鸟类/猛禽/朱庇特之鸟/海雕/白尾海雕
白色,2,9949:V2融合世界标签体系/通用分类标签/人造物体/游戏器材/一件/白色 || 31269:V2融合世界标签体系/通用分类标签/属性与状态/视觉属性/颜色/无彩色/白色
白金,2,31632:V2融合世界标签体系/通用分类标签/材料与物质/元素/金属/贵金属/白金 || 31853:V2融合世界标签体系/通用分类标签/材料与物质/混合物/合金/白金
白鹈鹕,2,14145:V2融合世界标签体系/通用分类标签/动物/鸟类/海鸟/鹈形目海鸟/塘鹅/白鹈鹕 || 14146:V2融合世界标签体系/通用分类标签/动物/鸟类/海鸟/鹈形目海鸟/塘鹅/白鹈鹕
百叶窗,2,2985:V2融合世界标签体系/通用分类标签/人物与人体/百叶窗 || 18047:V2融合世界标签体系/通用分类标签/建筑与基础设施/支承结构/构架/窗户/百叶窗
百洁垫,2,8389:V2融合世界标签体系/通用分类标签/人造物体/器具/清洁工具/清洁垫/百洁垫 || 10581:V2融合世界标签体系/通用分类标签/人造物体/缓冲材料/垫子/清洁垫/百洁垫
百金花,2,20536:V2融合世界标签体系/通用分类标签/植物/乔木灌木林木/灌木/亚灌木/百金花 || 21801:V2融合世界标签体系/通用分类标签/植物/显花植物/开花植物/开花植物/百金花
皮划艇,2,914:V2融合世界标签体系/通用分类标签/交通工具/水上交通工具/皮划艇 || 953:V2融合世界标签体系/通用分类标签/交通工具/皮划艇
皮肤病,2,31058:V2融合世界标签体系/通用分类标签/属性与状态/形势/生理状态/病理状态/不健康/生病/皮肤病 || 31060:V2融合世界标签体系/通用分类标签/属性与状态/形势/生理状态/病理状态/不健康/生病/皮肤病/皮肤病
盆栽植物,2,22172:V2融合世界标签体系/通用分类标签/植物/盆栽植物 || 22173:V2融合世界标签体系/通用分类标签/植物/盆栽植物
盐湖,2,23947:V2融合世界标签体系/通用分类标签/自然景观/水文水体/湖泊/盐湖 || 23948:V2融合世界标签体系/通用分类标签/自然景观/水文水体/湖泊/盐湖
盐盒式房屋,2,17428:V2融合世界标签体系/通用分类标签/建筑与基础设施/H类住宅/盐盒式房屋 || 17502:V2融合世界标签体系/通用分类标签/建筑与基础设施/住宅/住处/H类住宅/盐盒式房屋
监控器,2,10405:V2融合世界标签体系/通用分类标签/人造物体/电子设备/监控器 || 10407:V2融合世界标签体系/通用分类标签/人造物体/电子设备/监控器
盔甲,2,10825:V2融合世界标签体系/通用分类标签/人造物体/覆盖物/保护/盔甲 || 10829:V2融合世界标签体系/通用分类标签/人造物体/覆盖物/保护/盔甲/全套铠甲/盔甲
盘子,2,4332:V2融合世界标签体系/通用分类标签/人造物体/厨房餐厨用品/餐具/盘子 || 29745:V2融合世界标签体系/通用分类标签/食物/路线/主菜/盘子
直排轮滑鞋,2,7257:V2融合世界标签体系/通用分类标签/人造物体/体育器材/冰鞋/直排轮滑鞋 || 7258:V2融合世界标签体系/通用分类标签/人造物体/体育器材/冰鞋/直排轮滑鞋/直排轮滑鞋
相扑,2,25957:V2融合世界标签体系/通用分类标签/行为动作/休养/体育/接触性运动/摔跤运动/相扑 || 26424:V2融合世界标签体系/通用分类标签/行为动作/岗位/体育运动/相扑
盾叶鬼臼,2,22536:V2融合世界标签体系/通用分类标签/植物/草本植物/盾叶鬼臼 || 24389:V2融合世界标签体系/通用分类标签/自然景观/植物结构/植物器官/生殖结构/果子/盾叶鬼臼
眼镜店,2,15747:V2融合世界标签体系/通用分类标签/场景/室内场景/商店/眼镜店 || 18086:V2融合世界标签体系/通用分类标签/建筑与基础设施/机构/商业机构/商业机构/眼镜店
着陆甲板,2,10672:V2融合世界标签体系/通用分类标签/人造物体/表面/水平仪/平台/平台/着陆甲板 || 10673:V2融合世界标签体系/通用分类标签/人造物体/表面/水平仪/平台/平台/着陆甲板
睡眠者,2,2032:V2融合世界标签体系/通用分类标签/人物与人体/休息者/睡眠者 || 9378:V2融合世界标签体系/通用分类标签/人造物体/支持/结构构件/支撑/睡眠者
睡袋,2,6738:V2融合世界标签体系/通用分类标签/人造物体/益智玩具/睡袋 || 8627:V2融合世界标签体系/通用分类标签/人造物体/容器/包/睡袋
矢量卡通插图,2,19088:V2融合世界标签体系/通用分类标签/文化艺术与媒介/表征/例证/矢量卡通插图 || 19089:V2融合世界标签体系/通用分类标签/文化艺术与媒介/表征/例证/矢量卡通插图
矢量图标,2,19110:V2融合世界标签体系/通用分类标签/文化艺术与媒介/表征/图标/矢量图标 || 19582:V2融合世界标签体系/通用分类标签/文字与信息图形/信号/代号/图标/矢量图标
短+的,2,31185:V2融合世界标签体系/通用分类标签/属性与状态/短+的 || 31186:V2融合世界标签体系/通用分类标签/属性与状态/短+的
短信,2,19630:V2融合世界标签体系/通用分类标签/文字与信息图形/信息/短信 || 19911:V2融合世界标签体系/通用分类标签/文字与信息图形/短信
短吻鳄,2,13896:V2融合世界标签体系/通用分类标签/动物/爬行动物/双孔亚纲动物/鳄类动物/短吻鳄 || 31657:V2融合世界标签体系/通用分类标签/材料与物质/动物材料/动物产品/兽皮/皮/短吻鳄
短夹克,2,8009:V2融合世界标签体系/通用分类标签/人造物体/商品/消费品/可穿戴设备/衣服/外衣/外套/夹克/短夹克 || 11075:V2融合世界标签体系/通用分类标签/人造物体/覆盖物/可穿戴设备/衣服/外衣/外套/夹克/短夹克
短袜,2,8187:V2融合世界标签体系/通用分类标签/人造物体/商品/消费品/可穿戴设备/鞋子/袜类/袜子/短袜 || 11253:V2融合世界标签体系/通用分类标签/人造物体/覆盖物/可穿戴设备/鞋子/袜类/袜子/短袜
石斑鱼,2,13331:V2融合世界标签体系/通用分类标签/动物/水生非哺乳生物/硬骨鱼/真骨鱼/棘鳍目鱼/鲈形亚目鱼/鮨/海鲈/石斑鱼 || 13333:V2融合世界标签体系/通用分类标签/动物/水生非哺乳生物/硬骨鱼/真骨鱼/棘鳍目鱼/鲈形亚目鱼/鮨/海鲈/石斑鱼/石斑鱼
石榴,2,20289:V2融合世界标签体系/通用分类标签/植物/乔木灌木林木/乔木/开花乔木/果树/石榴 || 29267:V2融合世界标签体系/通用分类标签/食物/农产品/食用水果/石榴
石碑,2,7608:V2融合世界标签体系/通用分类标签/人造物体/古代/石碑 || 8994:V2融合世界标签体系/通用分类标签/人造物体/建材/石头/石碑
石磨,2,22175:V2融合世界标签体系/通用分类标签/植物/石磨 || 31889:V2融合世界标签体系/通用分类标签/材料与物质/石磨
石膏,2,11306:V2融合世界标签体系/通用分类标签/人造物体/覆盖物/布罩/敷料/绑带/石膏 || 31900:V2融合世界标签体系/通用分类标签/材料与物质/矿物/石膏
石雕,2,18652:V2融合世界标签体系/通用分类标签/文化艺术与媒介/视觉艺术/雕塑/石雕 || 18653:V2融合世界标签体系/通用分类标签/文化艺术与媒介/视觉艺术/雕塑/石雕
石首鱼,2,13306:V2融合世界标签体系/通用分类标签/动物/水生非哺乳生物/硬骨鱼/真骨鱼/棘鳍目鱼/鲈形亚目鱼/石首鱼科的鱼/石首鱼 || 13309:V2融合世界标签体系/通用分类标签/动物/水生非哺乳生物/硬骨鱼/真骨鱼/棘鳍目鱼/鲈形亚目鱼/石首鱼科的鱼/石首鱼
矿泉水,2,28632:V2融合世界标签体系/通用分类标签/食物/饮品类/饮用水/矿泉水 || 28705:V2融合世界标签体系/通用分类标签/食物/饮品类/矿泉水
砖,2,2681:V2融合世界标签体系/通用分类标签/人物与人体/好人/砖 || 18429:V2融合世界标签体系/通用分类标签/文化艺术与媒介/传统工艺/陶瓷/砖
砰声,2,30390:V2融合世界标签体系/通用分类标签/声音/来源不明声音/通用撞击声/砰声 || 30391:V2融合世界标签体系/通用分类标签/声音/来源不明声音/通用撞击声/砰声
破坏,2,26407:V2融合世界标签体系/通用分类标签/行为动作/完整性变化/破坏 || 30504:V2融合世界标签体系/通用分类标签/声音/破坏
破损的,2,966:V2融合世界标签体系/通用分类标签/交通工具/破损的 || 19026:V2融合世界标签体系/通用分类标签/文化艺术与媒介/破损的
破碎,2,30505:V2融合世界标签体系/通用分类标签/声音/破碎 || 30506:V2融合世界标签体系/通用分类标签/声音/破碎
砹,2,31626:V2融合世界标签体系/通用分类标签/材料与物质/元素/砹 || 31723:V2融合世界标签体系/通用分类标签/材料与物质/卤素/砹
硬衬布衬裙,2,7967:V2融合世界标签体系/通用分类标签/人造物体/商品/消费品/可穿戴设备/衣服/不可言说之物/半身衬裙/硬衬布衬裙 || 11033:V2融合世界标签体系/通用分类标签/人造物体/覆盖物/可穿戴设备/衣服/不可言说之物/半身衬裙/硬衬布衬裙
碗,2,4363:V2融合世界标签体系/通用分类标签/人造物体/厨房餐厨用品/餐具/陶瓷餐具/盘/碗 || 8748:V2融合世界标签体系/通用分类标签/人造物体/容器/器皿/碗
磨刀石,2,8995:V2融合世界标签体系/通用分类标签/人造物体/建材/石头/磨刀石 || 8996:V2融合世界标签体系/通用分类标签/人造物体/建材/石头/磨刀石/磨刀石
磨石,2,8997:V2融合世界标签体系/通用分类标签/人造物体/建材/石头/磨石 || 11604:V2融合世界标签体系/通用分类标签/人造物体/重量/负荷/磨石
礁,2,9766:V2融合世界标签体系/通用分类标签/人造物体/条带/礁 || 24237:V2融合世界标签体系/通用分类标签/自然景观/天然高地/山脊/礁
礼品卡,2,968:V2融合世界标签体系/通用分类标签/交通工具/礼品卡 || 969:V2融合世界标签体系/通用分类标签/交通工具/礼品卡
礼品盒,2,3828:V2融合世界标签体系/通用分类标签/人造物体/包装与容器/礼品盒 || 8909:V2融合世界标签体系/通用分类标签/人造物体/容器/礼品盒
礼品篮,2,8910:V2融合世界标签体系/通用分类标签/人造物体/容器/礼品篮 || 10473:V2融合世界标签体系/通用分类标签/人造物体/礼品篮
礼品袋,2,8628:V2融合世界标签体系/通用分类标签/人造物体/容器/包/礼品袋 || 8911:V2融合世界标签体系/通用分类标签/人造物体/容器/礼品袋
社区,2,2993:V2融合世界标签体系/通用分类标签/人物与人体/社区 || 25779:V2融合世界标签体系/通用分类标签/行为动作/社交互动动作/聚会/社区
社区服务中心,2,17456:V2融合世界标签体系/通用分类标签/建筑与基础设施/中心/社区服务中心 || 18192:V2融合世界标签体系/通用分类标签/建筑与基础设施/社区服务中心
祈祷垫,2,8579:V2融合世界标签体系/通用分类标签/人造物体/家具/地毯/祈祷垫 || 11273:V2融合世界标签体系/通用分类标签/人造物体/覆盖物/地板蒙布/地毯/祈祷垫
祖母绿,2,6906:V2融合世界标签体系/通用分类标签/人造物体/箱包首饰/珠宝首饰/宝石/祖母绿 || 31903:V2融合世界标签体系/通用分类标签/材料与物质/祖母绿
祭司,2,2085:V2融合世界标签体系/通用分类标签/人物与人体/会长/精神领袖/祭司 || 30897:V2融合世界标签体系/通用分类标签/属性与状态/圣秩/祭司
禅意庭园,2,22185:V2融合世界标签体系/通用分类标签/植物/种植园/日式庭园/禅意庭园 || 22186:V2融合世界标签体系/通用分类标签/植物/种植园/禅意庭园
秃头的,2,31187:V2融合世界标签体系/通用分类标签/属性与状态/秃头的 || 31188:V2融合世界标签体系/通用分类标签/属性与状态/秃头的
秃鹫,2,14304:V2融合世界标签体系/通用分类标签/动物/鸟类/猛禽/秃鹫 || 14315:V2融合世界标签体系/通用分类标签/动物/鸟类/猛禽/秃鹫/旧大陆秃鹫/秃鹫
秋葵浓汤,2,28893:V2融合世界标签体系/通用分类标签/食物/一道菜/汤/秋葵浓汤 || 31736:V2融合世界标签体系/通用分类标签/材料与物质/地球/土/秋葵浓汤
种植,2,22177:V2融合世界标签体系/通用分类标签/植物/种植 || 26361:V2融合世界标签体系/通用分类标签/行为动作/安置/种植
种植园,2,22179:V2融合世界标签体系/通用分类标签/植物/种植园 || 30740:V2融合世界标签体系/通用分类标签/属性与状态/不动产/不动产/种植园
种类,2,31189:V2融合世界标签体系/通用分类标签/属性与状态/种类 || 32347:V2融合世界标签体系/通用分类标签/知识与学科/种类
科幻电影,2,18466:V2融合世界标签体系/通用分类标签/文化艺术与媒介/影视视频/电影/科幻电影 || 18467:V2融合世界标签体系/通用分类标签/文化艺术与媒介/影视视频/电影/科幻电影
秘书,2,2058:V2融合世界标签体系/通用分类标签/人物与人体/会长/头部/秘书 || 2343:V2融合世界标签体系/通用分类标签/人物与人体/劳动者/助手/秘书
秤,2,7088:V2融合世界标签体系/通用分类标签/人造物体/乐器/器械/仪器/秤 || 9222:V2融合世界标签体系/通用分类标签/人造物体/指示器/秤
秧鸡,2,14221:V2融合世界标签体系/通用分类标签/动物/鸟类/涉禽/秧鸡 || 14227:V2融合世界标签体系/通用分类标签/动物/鸟类/涉禽/秧鸡/秧鸡
积木,2,6747:V2融合世界标签体系/通用分类标签/人造物体/益智玩具/积木 || 18203:V2融合世界标签体系/通用分类标签/建筑与基础设施/积木
移除,2,26912:V2融合世界标签体系/通用分类标签/行为动作/移除 || 30976:V2融合世界标签体系/通用分类标签/属性与状态/布局/间距/距离/移除
程序,2,970:V2融合世界标签体系/通用分类标签/交通工具/程序 || 19996:V2融合世界标签体系/通用分类标签/文字与信息图形/陈述/公告/程序
稳定器,2,9290:V2融合世界标签体系/通用分类标签/人造物体/操纵台面/稳定器 || 10475:V2融合世界标签体系/通用分类标签/人造物体/稳定器
稳定的,2,31190:V2融合世界标签体系/通用分类标签/属性与状态/稳定的 || 31191:V2融合世界标签体系/通用分类标签/属性与状态/稳定的
稻田,2,18204:V2融合世界标签体系/通用分类标签/建筑与基础设施/稻田 || 31960:V2融合世界标签体系/通用分类标签/知识与学科/一块土地/稻田
稻草,2,31756:V2融合世界标签体系/通用分类标签/材料与物质/天然纤维/天然纤维/植物纤维/稻草 || 31819:V2融合世界标签体系/通用分类标签/材料与物质/植物材料/植物产品/植物纤维/稻草
空中飞人秋千,2,9573:V2融合世界标签体系/通用分类标签/人造物体/机制/机械装置/秋千/空中飞人秋千 || 10201:V2融合世界标签体系/通用分类标签/人造物体/玩具/秋千/空中飞人秋千
空想家,2,2891:V2融合世界标签体系/通用分类标签/人物与人体/智力/空想家 || 2997:V2融合世界标签体系/通用分类标签/人物与人体/空想家
穿孔,2,3001:V2融合世界标签体系/通用分类标签/人物与人体/穿孔 || 9022:V2融合世界标签体系/通用分类标签/人造物体/开口/孔洞/穿孔
穿衣,2,25585:V2融合世界标签体系/通用分类标签/行为动作/日常生活动作/穿衣 || 26915:V2融合世界标签体系/通用分类标签/行为动作/穿衣
穿越,2,26675:V2融合世界标签体系/通用分类标签/行为动作/旅行/穿越 || 32262:V2融合世界标签体系/通用分类标签/知识与学科/点/穿越
窃笑,2,19659:V2融合世界标签体系/通用分类标签/文字与信息图形/听觉交流/话语/笑/窃笑 || 30063:V2融合世界标签体系/通用分类标签/声音/人类声音/人声/笑声/窃笑
窗户,2,10333:V2融合世界标签体系/通用分类标签/人造物体/电子器件/指示器/窗户 || 18021:V2融合世界标签体系/通用分类标签/建筑与基础设施/支承结构/构架/窗户
立法者,2,2071:V2融合世界标签体系/通用分类标签/人物与人体/会长/立法者 || 2072:V2融合世界标签体系/通用分类标签/人物与人体/会长/立法者/立法者
竹,2,22543:V2融合世界标签体系/通用分类标签/植物/草本植物/禾本科植物/竹 || 31806:V2融合世界标签体系/通用分类标签/材料与物质/植物材料/木/竹
竹林,2,24068:V2融合世界标签体系/通用分类标签/自然景观/生态环境/森林/竹林 || 24069:V2融合世界标签体系/通用分类标签/自然景观/生态环境/森林/竹林
笔记本电脑键盘,2,10372:V2融合世界标签体系/通用分类标签/人造物体/电子设备/外围设备/数据输入装置/小键盘/笔记本电脑键盘 || 11617:V2融合世界标签体系/通用分类标签/人造物体/键盘/小键盘/笔记本电脑键盘
笔记本键盘,2,10373:V2融合世界标签体系/通用分类标签/人造物体/电子设备/外围设备/数据输入装置/小键盘/笔记本键盘 || 11618:V2融合世界标签体系/通用分类标签/人造物体/键盘/小键盘/笔记本键盘
笛鲷,2,13311:V2融合世界标签体系/通用分类标签/动物/水生非哺乳生物/硬骨鱼/真骨鱼/棘鳍目鱼/鲈形亚目鱼/笛鲷 || 13353:V2融合世界标签体系/通用分类标签/动物/水生非哺乳生物/硬骨鱼/真骨鱼/棘鳍目鱼/鲈形亚目鱼/鲷/笛鲷
笼,2,17642:V2融合世界标签体系/通用分类标签/建筑与基础设施/区/围场/笼 || 17643:V2融合世界标签体系/通用分类标签/建筑与基础设施/区/围场/笼/笼
筒仓,2,17187:V2融合世界标签体系/通用分类标签/建筑与基础设施/工业与仓储建筑/仓库/筒仓 || 17853:V2融合世界标签体系/通用分类标签/建筑与基础设施/塔/筒仓
签名,2,25919:V2融合世界标签体系/通用分类标签/行为动作/书写/签名 || 32348:V2融合世界标签体系/通用分类标签/知识与学科/签名
箔,2,1220:V2融合世界标签体系/通用分类标签/人物与人体/人体部位/手臂/刀/击剑用剑/箔 || 9105:V2融合世界标签体系/通用分类标签/人造物体/扁平立体/金属薄板/箔
管,2,11553:V2融合世界标签体系/通用分类标签/人造物体/道路/通道/导管/管 || 18212:V2融合世界标签体系/通用分类标签/建筑与基础设施/管
管子,2,3277:V2融合世界标签体系/通用分类标签/人造物体/中西乐器/管乐器/管子 || 3283:V2融合世界标签体系/通用分类标签/人造物体/中西乐器/管乐器/管子
管钟,2,3244:V2融合世界标签体系/通用分类标签/人造物体/中西乐器/打击乐器/管钟 || 29897:V2融合世界标签体系/通用分类标签/声音/乐器/打击乐/管钟
管风琴,2,3284:V2融合世界标签体系/通用分类标签/人造物体/中西乐器/管乐器/管风琴 || 29942:V2融合世界标签体系/通用分类标签/声音/乐器/音乐键盘/管风琴
箭,2,19576:V2融合世界标签体系/通用分类标签/文字与信息图形/信号/代号/书写符号/标记/箭 || 30519:V2融合世界标签体系/通用分类标签/声音/箭
篝火,2,16630:V2融合世界标签体系/通用分类标签/场景/篝火 || 16631:V2融合世界标签体系/通用分类标签/场景/篝火
篮球投篮,2,26235:V2融合世界标签体系/通用分类标签/行为动作/力图/篮球投篮 || 26237:V2融合世界标签体系/通用分类标签/行为动作/力图/篮球投篮/篮球投篮
米哈拉布,2,10070:V2融合世界标签体系/通用分类标签/人造物体/点缀/人物形象/米哈拉布 || 17610:V2融合世界标签体系/通用分类标签/建筑与基础设施/区/围场/休会期/米哈拉布
类型,2,19028:V2融合世界标签体系/通用分类标签/文化艺术与媒介/类型 || 19598:V2融合世界标签体系/通用分类标签/文字与信息图形/信号/代号/类型
粉底,2,10480:V2融合世界标签体系/通用分类标签/人造物体/粉底 || 10489:V2融合世界标签体系/通用分类标签/人造物体/粉底
粗呢大衣,2,8017:V2融合世界标签体系/通用分类标签/人造物体/商品/消费品/可穿戴设备/衣服/外衣/外套/粗呢大衣 || 11083:V2融合世界标签体系/通用分类标签/人造物体/覆盖物/可穿戴设备/衣服/外衣/外套/粗呢大衣
粗绳,2,10533:V2融合世界标签体系/通用分类标签/人造物体/线/粗绳 || 10540:V2融合世界标签体系/通用分类标签/人造物体/线/粗绳
粽子,2,22200:V2融合世界标签体系/通用分类标签/植物/粽子 || 29486:V2融合世界标签体系/通用分类标签/食物/粽子
精品酒店,2,15782:V2融合世界标签体系/通用分类标签/场景/室内场景/酒店/精品酒店 || 15783:V2融合世界标签体系/通用分类标签/场景/室内场景/酒店/精品酒店
精纺毛料,2,7746:V2融合世界标签体系/通用分类标签/人造物体/台布/精纺毛料 || 10552:V2融合世界标签体系/通用分类标签/人造物体/线/索/纱/精纺毛料
糖衣/酥皮,2,10120:V2融合世界标签体系/通用分类标签/人造物体/点缀/配菜装饰/配料/糖衣/酥皮 || 29832:V2融合世界标签体系/通用分类标签/食物/食品/混合物/生面团/糕点面团/糖衣/酥皮
紧急服务,2,18932:V2融合世界标签体系/通用分类标签/文化艺术与媒介/服务/紧急服务 || 30522:V2融合世界标签体系/通用分类标签/声音/紧急服务
紧身短上衣,2,8010:V2融合世界标签体系/通用分类标签/人造物体/商品/消费品/可穿戴设备/衣服/外衣/外套/夹克/紧身短上衣 || 11076:V2融合世界标签体系/通用分类标签/人造物体/覆盖物/可穿戴设备/衣服/外衣/外套/夹克/紧身短上衣
紧身裤袜,2,8181:V2融合世界标签体系/通用分类标签/人造物体/商品/消费品/可穿戴设备/鞋子/袜类/紧身裤袜 || 11247:V2融合世界标签体系/通用分类标签/人造物体/覆盖物/可穿戴设备/鞋子/袜类/紧身裤袜
紫花苜蓿,2,22236:V2融合世界标签体系/通用分类标签/植物/草本植物/三叶草/紫花苜蓿 || 29867:V2融合世界标签体系/通用分类标签/食物/饲料/饲料/紫花苜蓿
紫貂皮大衣,2,8015:V2融合世界标签体系/通用分类标签/人造物体/商品/消费品/可穿戴设备/衣服/外衣/外套/毛皮大衣/紫貂皮大衣 || 11081:V2融合世界标签体系/通用分类标签/人造物体/覆盖物/可穿戴设备/衣服/外衣/外套/毛皮大衣/紫貂皮大衣
繁荣,2,30523:V2融合世界标签体系/通用分类标签/声音/繁荣 || 30524:V2融合世界标签体系/通用分类标签/声音/繁荣
红地毯,2,8580:V2融合世界标签体系/通用分类标签/人造物体/家具/地毯/红地毯 || 11274:V2融合世界标签体系/通用分类标签/人造物体/覆盖物/地板蒙布/地毯/红地毯
红果植物,2,20672:V2融合世界标签体系/通用分类标签/植物/乔木灌木林木/灌木/鼠李/红果植物 || 21974:V2融合世界标签体系/通用分类标签/植物/有毒植物/升麻/红果植物
红茶,2,29488:V2融合世界标签体系/通用分类标签/食物/红茶 || 29723:V2融合世界标签体系/通用分类标签/食物/调味剂/芳草/茶/红茶
红葱头,2,24312:V2融合世界标签体系/通用分类标签/自然景观/植物结构/植物器官/(花草的)茎/块茎植物/红葱头 || 29121:V2融合世界标签体系/通用分类标签/食物/农产品/蔬菜/洋葱/红葱头
红隼,2,14331:V2融合世界标签体系/通用分类标签/动物/鸟类/猛禽/鹰/猎鹰/红隼 || 14332:V2融合世界标签体系/通用分类标签/动物/鸟类/猛禽/鹰/猎鹰/红隼
约德尔唱法,2,26344:V2融合世界标签体系/通用分类标签/行为动作/声乐/歌唱/约德尔唱法 || 30057:V2融合世界标签体系/通用分类标签/声音/人类声音/人声/歌唱/约德尔唱法
约束衣,2,8092:V2融合世界标签体系/通用分类标签/人造物体/商品/消费品/可穿戴设备/衣服/约束衣 || 11158:V2融合世界标签体系/通用分类标签/人造物体/覆盖物/可穿戴设备/衣服/约束衣
纱笼,2,8057:V2融合世界标签体系/通用分类标签/人造物体/商品/消费品/可穿戴设备/衣服/女裙/纱笼 || 11123:V2融合世界标签体系/通用分类标签/人造物体/覆盖物/可穿戴设备/衣服/女裙/纱笼
纳税人,2,2965:V2融合世界标签体系/通用分类标签/人物与人体/现金经手人/付款人/纳税人 || 2966:V2融合世界标签体系/通用分类标签/人物与人体/现金经手人/付款人/纳税人/纳税人
纸巾,2,7643:V2融合世界标签体系/通用分类标签/人造物体/台布/一块布/毛巾/纸巾 || 10521:V2融合世界标签体系/通用分类标签/人造物体/纸巾
纸杯,2,4350:V2融合世界标签体系/通用分类标签/人造物体/厨房餐厨用品/餐具/陶瓷餐具/杯/纸杯 || 4351:V2融合世界标签体系/通用分类标签/人造物体/厨房餐厨用品/餐具/陶瓷餐具/杯/纸杯
纸杯蛋糕,2,24567:V2融合世界标签体系/通用分类标签/节日与符号/庆典仪式元素/蛋糕/纸杯蛋糕 || 28022:V2融合世界标签体系/通用分类标签/食物/烘焙甜品点心/纸杯蛋糕
纸灯笼,2,7414:V2融合世界标签体系/通用分类标签/人造物体/光源/灯/纸灯笼 || 24532:V2融合世界标签体系/通用分类标签/节日与符号/庆典仪式元素/灯笼/纸灯笼
纸盒,2,8900:V2融合世界标签体系/通用分类标签/人造物体/容器/盒子/纸盒 || 31332:V2融合世界标签体系/通用分类标签/时间数量与度量/不定量/一容器之量/纸盒
纸风车,2,9556:V2融合世界标签体系/通用分类标签/人造物体/机制/机械装置/机器/车轮/纸风车 || 10202:V2融合世界标签体系/通用分类标签/人造物体/玩具/纸风车
纺纱,2,10537:V2融合世界标签体系/通用分类标签/人造物体/线/粗绳/细绳/纺纱 || 23602:V2融合世界标签体系/通用分类标签/组织机构与社会事件/纺纱
纽芬兰,2,12038:V2融合世界标签体系/通用分类标签/动物/哺乳动物/犬科动物/家犬/纽芬兰 || 23995:V2融合世界标签体系/通用分类标签/自然景观/海岸与岛屿/岛屿/纽芬兰
线虫,2,15140:V2融合世界标签体系/通用分类标签/动物/幼虫/线虫 || 15428:V2融合世界标签体系/通用分类标签/动物/无脊椎动物/虫/线虫
细条纹,2,7945:V2融合世界标签体系/通用分类标签/人造物体/商品/消费品/可穿戴设备/衣服/一套衣服/细条纹 || 11011:V2融合世界标签体系/通用分类标签/人造物体/覆盖物/可穿戴设备/衣服/一套衣服/细条纹
细胞,2,31113:V2融合世界标签体系/通用分类标签/属性与状态/无定形/隔间/细胞 || 31553:V2融合世界标签体系/通用分类标签/时间数量与度量/细胞
结,2,3007:V2融合世界标签体系/通用分类标签/人物与人体/结 || 3373:V2融合世界标签体系/通用分类标签/人造物体/五金工具/紧固件/结
绗缝,2,7753:V2融合世界标签体系/通用分类标签/人造物体/台布/绗缝 || 19206:V2融合世界标签体系/通用分类标签/文化艺术与媒介/针线工艺/刺绣品/针脚/刺绣针法/绗缝
绘画,2,18635:V2融合世界标签体系/通用分类标签/文化艺术与媒介/视觉艺术/绘画 || 25820:V2融合世界标签体系/通用分类标签/行为动作/艺术表演动作/绘画
给,2,26923:V2融合世界标签体系/通用分类标签/行为动作/给 || 26924:V2融合世界标签体系/通用分类标签/行为动作/给
绵枣儿,2,22132:V2融合世界标签体系/通用分类标签/植物/球根植物/百合科植物/绵枣儿 || 24313:V2融合世界标签体系/通用分类标签/自然景观/植物结构/植物器官/(花草的)茎/块茎植物/绵枣儿
绿头鸭,2,14671:V2融合世界标签体系/通用分类标签/动物/鸟类/水禽/水禽/雁形目鸟/绿头鸭 || 14707:V2融合世界标签体系/通用分类标签/动物/鸟类/水禽/水禽/雁形目鸟/鸭/绿头鸭
绿蛇,2,13756:V2融合世界标签体系/通用分类标签/动物/爬行动物/蛇类/游蛇科蛇/绿蛇 || 13759:V2融合世界标签体系/通用分类标签/动物/爬行动物/蛇类/游蛇科蛇/绿蛇
缝纫机,2,5383:V2融合世界标签体系/通用分类标签/人造物体/家用电器/缝纫机 || 29991:V2融合世界标签体系/通用分类标签/声音/事物声音/机制/缝纫机
罂粟,2,21830:V2融合世界标签体系/通用分类标签/植物/显花植物/开花植物/开花植物/罂粟 || 21840:V2融合世界标签体系/通用分类标签/植物/显花植物/开花植物/开花植物/罂粟/罂粟
网球网,2,9994:V2融合世界标签体系/通用分类标签/人造物体/游戏器材/球网/网球网 || 10583:V2融合世界标签体系/通用分类标签/人造物体/网球网
网眼织物,2,7762:V2融合世界标签体系/通用分类标签/人造物体/台布/网眼织物 || 7765:V2融合世界标签体系/通用分类标签/人造物体/台布/网眼织物
罩袍,2,8018:V2融合世界标签体系/通用分类标签/人造物体/商品/消费品/可穿戴设备/衣服/外衣/外套/罩袍 || 11084:V2融合世界标签体系/通用分类标签/人造物体/覆盖物/可穿戴设备/衣服/外衣/外套/罩袍
罩裙,2,8058:V2融合世界标签体系/通用分类标签/人造物体/商品/消费品/可穿戴设备/衣服/女裙/罩裙 || 11124:V2融合世界标签体系/通用分类标签/人造物体/覆盖物/可穿戴设备/衣服/女裙/罩裙
羊毛衫,2,8047:V2融合世界标签体系/通用分类标签/人造物体/商品/消费品/可穿戴设备/衣服/套头衫/羊毛衫 || 11113:V2融合世界标签体系/通用分类标签/人造物体/覆盖物/可穿戴设备/衣服/套头衫/羊毛衫
羊皮大衣,2,8019:V2融合世界标签体系/通用分类标签/人造物体/商品/消费品/可穿戴设备/衣服/外衣/外套/羊皮大衣 || 11085:V2融合世界标签体系/通用分类标签/人造物体/覆盖物/可穿戴设备/衣服/外衣/外套/羊皮大衣
羊膜动物,2,15537:V2融合世界标签体系/通用分类标签/动物/脊索动物/有颅动物/羊膜动物 || 15538:V2融合世界标签体系/通用分类标签/动物/脊索动物/有颅动物/羊膜动物
羊茅,2,21247:V2融合世界标签体系/通用分类标签/植物/草本竹藤植物/牧草/羊茅 || 21248:V2融合世界标签体系/通用分类标签/植物/草本竹藤植物/牧草/羊茅
羊角号,2,9202:V2融合世界标签体系/通用分类标签/人造物体/报警系统/角/羊角号 || 29926:V2融合世界标签体系/通用分类标签/声音/乐器/羊角号
美国人,2,2190:V2融合世界标签体系/通用分类标签/人物与人体/住户/美国人 || 2206:V2融合世界标签体系/通用分类标签/人物与人体/住户/美国人
美国短毛猫,2,15521:V2融合世界标签体系/通用分类标签/动物/美国短毛猫 || 32375:V2融合世界标签体系/通用分类标签/知识与学科/美国短毛猫
羽毛球,2,6783:V2融合世界标签体系/通用分类标签/人造物体/益智玩具/羽毛球 || 24764:V2融合世界标签体系/通用分类标签/行为动作/休闲娱乐动作/游戏/体育游戏/场地球类运动/羽毛球
翅膀,2,2575:V2融合世界标签体系/通用分类标签/人物与人体/器官/翅膀 || 31340:V2融合世界标签体系/通用分类标签/时间数量与度量/不定量/少量/一份食物/翅膀
翻石鹬,2,14172:V2融合世界标签体系/通用分类标签/动物/鸟类/涉禽/千鸟/翻石鹬 || 14173:V2融合世界标签体系/通用分类标签/动物/鸟类/涉禽/千鸟/翻石鹬/翻石鹬
老人,2,2663:V2融合世界标签体系/通用分类标签/人物与人体/大人/老人 || 19942:V2融合世界标签体系/通用分类标签/文字与信息图形/老人
老年人,2,1828:V2融合世界标签体系/通用分类标签/人物与人体/职业身份/老年人 || 2731:V2融合世界标签体系/通用分类标签/人物与人体/年龄层/老年人
老照片,2,19122:V2融合世界标签体系/通用分类标签/文化艺术与媒介/表征/图画/老照片 || 19136:V2融合世界标签体系/通用分类标签/文化艺术与媒介/表征/老照片
考古发掘,2,19189:V2融合世界标签体系/通用分类标签/文化艺术与媒介/通过移除创造/挖掘/考古发掘 || 19190:V2融合世界标签体系/通用分类标签/文化艺术与媒介/通过移除创造/挖掘/考古发掘
耙子,2,2607:V2融合世界标签体系/通用分类标签/人物与人体/坏人/浪荡子/耙子 || 10593:V2融合世界标签体系/通用分类标签/人造物体/耙子
耳塞,2,10270:V2融合世界标签体系/通用分类标签/人造物体/电力设备/换能器/电声传感器/受话器/耳塞 || 18282:V2融合世界标签体系/通用分类标签/建筑与基础设施/辎重/堵塞/塞子/耳塞
耳机,2,5952:V2融合世界标签体系/通用分类标签/人造物体/数码 3C 电子/耳机 || 30681:V2融合世界标签体系/通用分类标签/声音/频道/声音重放/耳机
耳环,2,3846:V2融合世界标签体系/通用分类标签/人造物体/包装与容器/耳环 || 6916:V2融合世界标签体系/通用分类标签/人造物体/箱包首饰/珠宝首饰/耳环
耳鸣,2,19943:V2融合世界标签体系/通用分类标签/文字与信息图形/耳鸣 || 30529:V2融合世界标签体系/通用分类标签/声音/耳鸣
联系,2,975:V2融合世界标签体系/通用分类标签/交通工具/联系 || 26938:V2融合世界标签体系/通用分类标签/行为动作/联系
肉店,2,15748:V2融合世界标签体系/通用分类标签/场景/室内场景/商店/肉店 || 18088:V2融合世界标签体系/通用分类标签/建筑与基础设施/机构/商业机构/商业机构/肉店
肉桂,2,24219:V2融合世界标签体系/通用分类标签/自然景观/天然覆盖物/树皮/肉桂 || 29739:V2融合世界标签体系/通用分类标签/食物/调味剂/香料/肉桂
肉汁,2,28416:V2融合世界标签体系/通用分类标签/食物/调味品/汁/肉汁 || 29819:V2融合世界标签体系/通用分类标签/食物/食品/果汁/肉汁
肌肉车,2,1110:V2融合世界标签体系/通用分类标签/交通工具/轮式车辆/自行式车辆/机动车/机动车/高性能汽车/肌肉车 || 1117:V2融合世界标签体系/通用分类标签/交通工具/轮式车辆/自行式车辆/机动车/高性能汽车/肌肉车
肚子,2,1205:V2融合世界标签体系/通用分类标签/人物与人体/人体部位/内脏器官/肚子 || 3022:V2融合世界标签体系/通用分类标签/人物与人体/肚子
肢端,2,2626:V2融合世界标签体系/通用分类标签/人物与人体/外部身体部位/肢端 || 18822:V2融合世界标签体系/通用分类标签/文化艺术与媒介/区域/肢端
肩,2,3023:V2融合世界标签体系/通用分类标签/人物与人体/肩 || 11309:V2融合世界标签体系/通用分类标签/人造物体/覆盖物/布罩/肩
肩垫,2,8174:V2融合世界标签体系/通用分类标签/人造物体/商品/消费品/可穿戴设备/防护服装/肩垫 || 11240:V2融合世界标签体系/通用分类标签/人造物体/覆盖物/可穿戴设备/防护服装/肩垫
背带裤,2,8127:V2融合世界标签体系/通用分类标签/人造物体/商品/消费品/可穿戴设备/衣服/裤子/背带裤 || 11193:V2融合世界标签体系/通用分类标签/人造物体/覆盖物/可穿戴设备/衣服/裤子/背带裤
胎面,2,9390:V2融合世界标签体系/通用分类标签/人造物体/支持/结构构件/胎面 || 11464:V2融合世界标签体系/通用分类标签/人造物体/连接/交汇处/接触/胎面
胡桃夹子,2,8358:V2融合世界标签体系/通用分类标签/人造物体/器具/棒/杠杆/复式杠杆/胡桃夹子 || 14517:V2融合世界标签体系/通用分类标签/动物/鸟类/鸣禽/鸦科鸟类/胡桃夹子
胡萝卜蛋糕,2,24568:V2融合世界标签体系/通用分类标签/节日与符号/庆典仪式元素/蛋糕/胡萝卜蛋糕 || 24569:V2融合世界标签体系/通用分类标签/节日与符号/庆典仪式元素/蛋糕/胡萝卜蛋糕
胶囊,2,8915:V2融合世界标签体系/通用分类标签/人造物体/容器/胶囊 || 31829:V2融合世界标签体系/通用分类标签/材料与物质/毒品/医药/丸药/胶囊
胶带,2,3648:V2融合世界标签体系/通用分类标签/人造物体/办公文具/胶带 || 9759:V2融合世界标签体系/通用分类标签/人造物体/条带/带子/胶带
胶片相机,2,9272:V2融合世界标签体系/通用分类标签/人造物体/摄影设备/照相机/胶片相机 || 9279:V2融合世界标签体系/通用分类标签/人造物体/摄影设备/胶片相机
能源,2,26799:V2融合世界标签体系/通用分类标签/行为动作/物理现象/能源 || 31570:V2融合世界标签体系/通用分类标签/时间数量与度量/能源
脚尖,2,2619:V2融合世界标签体系/通用分类标签/人物与人体/外部身体部位/成员/手指/脚尖 || 2636:V2融合世界标签体系/通用分类标签/人物与人体/外部身体部位/肢端/脚尖
脚手架,2,10682:V2融合世界标签体系/通用分类标签/人造物体/表面/水平仪/平台/脚手架 || 18226:V2融合世界标签体系/通用分类标签/建筑与基础设施/脚手架
脸,2,3029:V2融合世界标签体系/通用分类标签/人物与人体/脸 || 10623:V2融合世界标签体系/通用分类标签/人造物体/表面/侧面/前面/脸
腊肠犬,2,12036:V2融合世界标签体系/通用分类标签/动物/哺乳动物/犬科动物/家犬/猎犬/腊肠犬 || 12037:V2融合世界标签体系/通用分类标签/动物/哺乳动物/犬科动物/家犬/猎犬/腊肠犬/腊肠犬
腕带,2,9745:V2融合世界标签体系/通用分类标签/人造物体/条带/乐队/腕带 || 9746:V2融合世界标签体系/通用分类标签/人造物体/条带/乐队/腕带
腰,2,2500:V2融合世界标签体系/通用分类标签/人物与人体/区域/腰 || 3031:V2融合世界标签体系/通用分类标签/人物与人体/腰
腰果,2,20214:V2融合世界标签体系/通用分类标签/植物/乔木灌木林木/乔木/开花乔木/坚果树/腰果 || 24415:V2融合世界标签体系/通用分类标签/自然景观/植物结构/植物器官/生殖结构/果子/种子/坚果/食用坚果/腰果
臂带,2,9748:V2融合世界标签体系/通用分类标签/人造物体/条带/乐队/臂带 || 9749:V2融合世界标签体系/通用分类标签/人造物体/条带/乐队/臂带
自动售货机,2,9697:V2融合世界标签体系/通用分类标签/人造物体/机器/投币式机器/自动售货机 || 9698:V2融合世界标签体系/通用分类标签/人造物体/机器/投币式机器/自动售货机/自动售货机
自动手枪,2,1273:V2融合世界标签体系/通用分类标签/人物与人体/人体部位/手臂/手枪/一件/半自动枪炮/自动枪/自动手枪 || 1283:V2融合世界标签体系/通用分类标签/人物与人体/人体部位/手臂/手枪/一件/手枪/自动手枪
自动步枪,2,1271:V2融合世界标签体系/通用分类标签/人物与人体/人体部位/手臂/手枪/一件/半自动枪炮/自动枪/机关枪/自动步枪 || 1274:V2融合世界标签体系/通用分类标签/人物与人体/人体部位/手臂/手枪/一件/半自动枪炮/自动枪/自动步枪
自动调整条款,2,19549:V2融合世界标签体系/通用分类标签/文字与信息图形/书面交流/部分/文章/自动调整条款 || 19664:V2融合世界标签体系/通用分类标签/文字与信息图形/听觉交流/部分/文章/自动调整条款
自尊,2,31075:V2融合世界标签体系/通用分类标签/属性与状态/感受/幸福/自尊 || 31085:V2融合世界标签体系/通用分类标签/属性与状态/感受/自豪/自尊
自然历史博物馆,2,16724:V2融合世界标签体系/通用分类标签/建筑与基础设施/公共服务建筑/博物馆/自然历史博物馆 || 16725:V2融合世界标签体系/通用分类标签/建筑与基础设施/公共服务建筑/博物馆/自然历史博物馆
自然灾害,2,23158:V2融合世界标签体系/通用分类标签/组织机构与社会事件/事故与灾害事件/自然灾害 || 24076:V2融合世界标签体系/通用分类标签/自然景观/自然灾害
自行车道,2,11533:V2融合世界标签体系/通用分类标签/人造物体/道路/自行车道 || 18229:V2融合世界标签体系/通用分类标签/建筑与基础设施/自行车道
臭菘,2,21181:V2融合世界标签体系/通用分类标签/植物/水生植物/沼泽植物/臭菘 || 21182:V2融合世界标签体系/通用分类标签/植物/水生植物/沼泽植物/臭菘
舞会礼服,2,7916:V2融合世界标签体系/通用分类标签/人造物体/商品/消费品/可穿戴设备/打扮/夜礼服/舞会礼服 || 10982:V2融合世界标签体系/通用分类标签/人造物体/覆盖物/可穿戴设备/打扮/夜礼服/舞会礼服
舞台,2,271:V2融合世界标签体系/通用分类标签/交通工具/畜力与传统载具/马车/四乘驾/舞台 || 10684:V2融合世界标签体系/通用分类标签/人造物体/表面/水平仪/平台/舞台
舞台灯,2,8426:V2融合世界标签体系/通用分类标签/人造物体/固定物/照明器材/灯具/舞台灯 || 16634:V2融合世界标签体系/通用分类标签/场景/舞台灯
舞蹈室,2,17787:V2融合世界标签体系/通用分类标签/建筑与基础设施/区/室/舞蹈室 || 17788:V2融合世界标签体系/通用分类标签/建筑与基础设施/区/室/舞蹈室
航天服,2,8164:V2融合世界标签体系/通用分类标签/人造物体/商品/消费品/可穿戴设备/防护服装/增压服/航天服 || 11230:V2融合世界标签体系/通用分类标签/人造物体/覆盖物/可穿戴设备/防护服装/增压服/航天服
航空发动机,2,979:V2融合世界标签体系/通用分类标签/交通工具/航空器/航空发动机 || 9683:V2融合世界标签体系/通用分类标签/人造物体/机器/发动机/发动机/航空发动机
航空器,2,977:V2融合世界标签体系/通用分类标签/交通工具/航空器 || 982:V2融合世界标签体系/通用分类标签/交通工具/航空器
航行,2,26674:V2融合世界标签体系/通用分类标签/行为动作/旅行/水路旅行/航行 || 26947:V2融合世界标签体系/通用分类标签/行为动作/航行
船,2,824:V2融合世界标签体系/通用分类标签/交通工具/容器/船 || 915:V2融合世界标签体系/通用分类标签/交通工具/水上交通工具/船
艺术家,2,32944:V2融合世界标签体系/IP 分类标签/真人与人物 IP/历史古人/艺术家 || 33101:V2融合世界标签体系/IP 分类标签/真人与人物 IP/科学文化人物/艺术家
艺术工作室,2,19067:V2融合世界标签体系/通用分类标签/文化艺术与媒介/艺术工作室 || 19068:V2融合世界标签体系/通用分类标签/文化艺术与媒介/艺术工作室
艾蒿,2,20544:V2融合世界标签体系/通用分类标签/植物/乔木灌木林木/灌木/亚灌木/蒿属植物/艾蒿 || 20545:V2融合世界标签体系/通用分类标签/植物/乔木灌木林木/灌木/亚灌木/蒿属植物/艾蒿/艾蒿
节拍,2,19644:V2融合世界标签体系/通用分类标签/文字与信息图形/听觉交流/节拍 || 32357:V2融合世界标签体系/通用分类标签/知识与学科/线/小径/节拍
芦笋,2,22570:V2融合世界标签体系/通用分类标签/植物/草本植物/芦笋 || 29127:V2融合世界标签体系/通用分类标签/食物/农产品/蔬菜/芦笋
芭比娃娃,2,10183:V2融合世界标签体系/通用分类标签/人造物体/玩具/娃娃/芭比娃娃 || 10608:V2融合世界标签体系/通用分类标签/人造物体/芭比娃娃
芭蕾短裙,2,8059:V2融合世界标签体系/通用分类标签/人造物体/商品/消费品/可穿戴设备/衣服/女裙/芭蕾短裙 || 11125:V2融合世界标签体系/通用分类标签/人造物体/覆盖物/可穿戴设备/衣服/女裙/芭蕾短裙
花卉市场,2,16956:V2融合世界标签体系/通用分类标签/建筑与基础设施/商业办公建筑/市场/花卉市场 || 16957:V2融合世界标签体系/通用分类标签/建筑与基础设施/商业办公建筑/市场/花卉市场
花园,2,16167:V2融合世界标签体系/通用分类标签/场景/自然户外场景/田野/宅基地附属范围/花园 || 22187:V2融合世界标签体系/通用分类标签/植物/种植园/花园
花店,2,15749:V2融合世界标签体系/通用分类标签/场景/室内场景/商店/花店 || 18089:V2融合世界标签体系/通用分类标签/建筑与基础设施/机构/商业机构/商业机构/花店
花栗鼠,2,11824:V2融合世界标签体系/通用分类标签/动物/哺乳动物/啮齿动物/松鼠/花栗鼠 || 15558:V2融合世界标签体系/通用分类标签/动物/野生动物/啮齿目动物/花栗鼠
花样滑冰运动员,2,1674:V2融合世界标签体系/通用分类标签/人物与人体/职业身份/运动员/花样滑冰运动员 || 26949:V2融合世界标签体系/通用分类标签/行为动作/花样滑冰运动员
花椰菜,2,22330:V2融合世界标签体系/通用分类标签/植物/草本植物/十字花科植物/花椰菜 || 29072:V2融合世界标签体系/通用分类标签/食物/农产品/蔬菜/十字花科蔬菜/花椰菜
花瓶/瓶,2,8753:V2融合世界标签体系/通用分类标签/人造物体/容器/器皿/花瓶/瓶 || 8917:V2融合世界标签体系/通用分类标签/人造物体/容器/花瓶/瓶
花田,2,22209:V2融合世界标签体系/通用分类标签/植物/花田 || 22210:V2融合世界标签体系/通用分类标签/植物/花田
花童,2,1550:V2融合世界标签体系/通用分类标签/人物与人体/性别与生理属性/女性/女儿/花童 || 3120:V2融合世界标签体系/通用分类标签/人物与人体/资本家/商业人士/商人/供应商/花童
花箱,2,8922:V2融合世界标签体系/通用分类标签/人造物体/容器/花箱 || 22211:V2融合世界标签体系/通用分类标签/植物/花箱
花篮,2,8836:V2融合世界标签体系/通用分类标签/人造物体/容器/手提篮/花篮 || 8923:V2融合世界标签体系/通用分类标签/人造物体/容器/花篮
花蜜,2,29412:V2融合世界标签体系/通用分类标签/食物/果汁/花蜜 || 31942:V2融合世界标签体系/通用分类标签/材料与物质/身体物质/液态体液/分泌/花蜜
苏打水,2,28758:V2融合世界标签体系/通用分类标签/食物/饮品类/苏打水 || 31932:V2融合世界标签体系/通用分类标签/材料与物质/苏打水
苏打饼干,2,27855:V2融合世界标签体系/通用分类标签/食物/烘焙甜品点心/饼干/苏打饼干 || 28058:V2融合世界标签体系/通用分类标签/食物/烘焙甜品点心/苏打饼干
苏格兰短裙,2,8060:V2融合世界标签体系/通用分类标签/人造物体/商品/消费品/可穿戴设备/衣服/女裙/苏格兰短裙 || 11126:V2融合世界标签体系/通用分类标签/人造物体/覆盖物/可穿戴设备/衣服/女裙/苏格兰短裙
苔藓植物,2,22212:V2融合世界标签体系/通用分类标签/植物/苔藓植物 || 31515:V2融合世界标签体系/通用分类标签/时间数量与度量/无维管生物/苔藓植物
英俊的,2,31228:V2融合世界标签体系/通用分类标签/属性与状态/英俊的 || 31229:V2融合世界标签体系/通用分类标签/属性与状态/英俊的
英国车库音乐,2,19712:V2融合世界标签体系/通用分类标签/文字与信息图形/听觉交流/音乐流派/电子音乐/电子舞曲/英国车库音乐 || 19715:V2融合世界标签体系/通用分类标签/文字与信息图形/听觉交流/音乐流派/电子音乐/英国车库音乐
茶,2,20650:V2融合世界标签体系/通用分类标签/植物/乔木灌木林木/灌木/茶 || 29721:V2融合世界标签体系/通用分类标签/食物/调味剂/芳草/茶
茶会礼服,2,7872:V2融合世界标签体系/通用分类标签/人造物体/商品/消费品/可穿戴设备/女装/女服/女夜礼服/茶会礼服 || 10938:V2融合世界标签体系/通用分类标签/人造物体/覆盖物/可穿戴设备/女装/女服/女夜礼服/茶会礼服
茶包,2,8630:V2融合世界标签体系/通用分类标签/人造物体/容器/包/茶包 || 29725:V2融合世界标签体系/通用分类标签/食物/调味剂/芳草/茶/茶包
茶园,2,30741:V2融合世界标签体系/通用分类标签/属性与状态/不动产/不动产/种植园/茶园 || 30742:V2融合世界标签体系/通用分类标签/属性与状态/不动产/不动产/种植园/茶园
草原,2,16197:V2融合世界标签体系/通用分类标签/场景/自然户外场景/草原 || 24074:V2融合世界标签体系/通用分类标签/自然景观/生态环境/草原
草原火箭花,2,21850:V2融合世界标签体系/通用分类标签/植物/显花植物/开花植物/开花植物/草原火箭花 || 21851:V2融合世界标签体系/通用分类标签/植物/显花植物/开花植物/开花植物/草原火箭花
草地,2,16191:V2融合世界标签体系/通用分类标签/场景/自然户外场景/田野/草地 || 31230:V2融合世界标签体系/通用分类标签/属性与状态/草地
草坪婚礼,2,15687:V2融合世界标签体系/通用分类标签/场景/宗教庆典场景/婚礼/草坪婚礼 || 16635:V2融合世界标签体系/通用分类标签/场景/草坪婚礼
草裙,2,8061:V2融合世界标签体系/通用分类标签/人造物体/商品/消费品/可穿戴设备/衣服/女裙/草裙 || 11127:V2融合世界标签体系/通用分类标签/人造物体/覆盖物/可穿戴设备/衣服/女裙/草裙
荔枝,2,20297:V2融合世界标签体系/通用分类标签/植物/乔木灌木林木/乔木/开花乔木/果树/荔枝 || 29281:V2融合世界标签体系/通用分类标签/食物/农产品/食用水果/荔枝
莎丽,2,7878:V2融合世界标签体系/通用分类标签/人造物体/商品/消费品/可穿戴设备/女装/女服/莎丽 || 10944:V2融合世界标签体系/通用分类标签/人造物体/覆盖物/可穿戴设备/女装/女服/莎丽
莳萝,2,22578:V2融合世界标签体系/通用分类标签/植物/草本植物/莳萝 || 29726:V2融合世界标签体系/通用分类标签/食物/调味剂/芳草/莳萝
莴苣,2,22579:V2融合世界标签体系/通用分类标签/植物/草本植物/莴苣 || 22580:V2融合世界标签体系/通用分类标签/植物/草本植物/莴苣/莴苣
获任命者,2,3034:V2融合世界标签体系/通用分类标签/人物与人体/获任命者 || 33014:V2融合世界标签体系/IP 分类标签/真人与人物 IP/政治与社会人物/政府官员/获任命者
菊花,2,21852:V2融合世界标签体系/通用分类标签/植物/显花植物/开花植物/开花植物/菊花 || 24458:V2融合世界标签体系/通用分类标签/自然景观/植物结构/植物器官/生殖结构/花/菊花
菠菜,2,22597:V2融合世界标签体系/通用分类标签/植物/草本植物/蔬菜/菠菜 || 29093:V2融合世界标签体系/通用分类标签/食物/农产品/蔬菜/叶菜/菠菜
菱形格纹,2,8188:V2融合世界标签体系/通用分类标签/人造物体/商品/消费品/可穿戴设备/鞋子/袜类/袜子/菱形格纹 || 11254:V2融合世界标签体系/通用分类标签/人造物体/覆盖物/可穿戴设备/鞋子/袜类/袜子/菱形格纹
萨尔萨舞,2,25857:V2融合世界标签体系/通用分类标签/行为动作/艺术表演动作/舞蹈/萨尔萨舞 || 30556:V2融合世界标签体系/通用分类标签/声音/萨尔萨舞
萨摩耶犬,2,2521:V2融合世界标签体系/通用分类标签/人物与人体/原住民/俄罗斯人或俄语/萨摩耶犬 || 11899:V2融合世界标签体系/通用分类标签/动物/哺乳动物/犬科动物/家犬/尖嘴犬/萨摩耶犬
落地扇,2,10432:V2融合世界标签体系/通用分类标签/人造物体/电风扇/落地扇 || 10612:V2融合世界标签体系/通用分类标签/人造物体/落地扇
落地窗,2,18050:V2融合世界标签体系/通用分类标签/建筑与基础设施/支承结构/构架/窗户/落地窗 || 18232:V2融合世界标签体系/通用分类标签/建筑与基础设施/落地窗
葡萄柚,2,20259:V2融合世界标签体系/通用分类标签/植物/乔木灌木林木/乔木/开花乔木/果树/柑橘属/葡萄柚 || 29219:V2融合世界标签体系/通用分类标签/食物/农产品/食用水果/柑橘属/葡萄柚
葡萄水仙,2,22108:V2融合世界标签体系/通用分类标签/植物/球根植物/百合科植物/五色水仙/葡萄水仙 || 22133:V2融合世界标签体系/通用分类标签/植物/球根植物/百合科植物/葡萄水仙
葡萄酒,2,28767:V2融合世界标签体系/通用分类标签/食物/饮品类/葡萄酒 || 29602:V2融合世界标签体系/通用分类标签/食物/致醉物/葡萄酒
葡萄酒杯,2,8858:V2融合世界标签体系/通用分类标签/人造物体/容器/杯子/葡萄酒杯 || 8860:V2融合世界标签体系/通用分类标签/人造物体/容器/杯子/葡萄酒杯
蒙哈榭葡萄酒,2,29615:V2融合世界标签体系/通用分类标签/食物/致醉物/葡萄酒/勃艮第/蒙哈榭葡萄酒 || 29639:V2融合世界标签体系/通用分类标签/食物/致醉物/葡萄酒/白葡萄酒/蒙哈榭葡萄酒
蒸锅,2,4310:V2融合世界标签体系/通用分类标签/人造物体/厨房餐厨用品/炊具/蒸锅 || 4594:V2融合世界标签体系/通用分类标签/人造物体/厨房餐厨用品/蒸锅
蓝宝石,2,6908:V2融合世界标签体系/通用分类标签/人造物体/箱包首饰/珠宝首饰/宝石/蓝宝石 || 31893:V2融合世界标签体系/通用分类标签/材料与物质/矿物/刚玉/蓝宝石
蓝莓,2,20652:V2融合世界标签体系/通用分类标签/植物/乔木灌木林木/灌木/蓝莓 || 29247:V2融合世界标签体系/通用分类标签/食物/农产品/食用水果/浆果/蓝莓
蔓越莓,2,20653:V2融合世界标签体系/通用分类标签/植物/乔木灌木林木/灌木/蔓越莓 || 29248:V2融合世界标签体系/通用分类标签/食物/农产品/食用水果/浆果/蔓越莓
蔬菜,2,22593:V2融合世界标签体系/通用分类标签/植物/草本植物/蔬菜 || 29055:V2融合世界标签体系/通用分类标签/食物/农产品/蔬菜
蔬菜市场,2,16958:V2融合世界标签体系/通用分类标签/建筑与基础设施/商业办公建筑/市场/蔬菜市场 || 22714:V2融合世界标签体系/通用分类标签/植物/蔬菜市场
蕨类植物,2,21414:V2融合世界标签体系/通用分类标签/植物/不开花植物/蕨类植物 || 22724:V2融合世界标签体系/通用分类标签/植物/蕨类植物
蕾丝头巾,2,7989:V2融合世界标签体系/通用分类标签/人造物体/商品/消费品/可穿戴设备/衣服/围巾/蕾丝头巾 || 11055:V2融合世界标签体系/通用分类标签/人造物体/覆盖物/可穿戴设备/衣服/围巾/蕾丝头巾
薄纱,2,7682:V2融合世界标签体系/通用分类标签/人造物体/台布/啮合/薄纱 || 7770:V2融合世界标签体系/通用分类标签/人造物体/台布/薄纱
薯蓣,2,24309:V2融合世界标签体系/通用分类标签/自然景观/植物结构/植物器官/(花草的)茎/块根/薯蓣 || 29115:V2融合世界标签体系/通用分类标签/食物/农产品/蔬菜/根菜类/甘薯/薯蓣
藤,2,7121:V2融合世界标签体系/通用分类标签/人造物体/乐器/器械/刑具/开关/藤 || 24317:V2融合世界标签体系/通用分类标签/自然景观/植物结构/植物器官/(花草的)茎/手杖/藤
虎猫,2,12110:V2融合世界标签体系/通用分类标签/动物/哺乳动物/猫科动物/猫/野猫/虎猫 || 12111:V2融合世界标签体系/通用分类标签/动物/哺乳动物/猫科动物/猫/野猫/虎猫
虚拟主播,2,33115:V2融合世界标签体系/IP 分类标签/真人与人物 IP/网络内容创作者/虚拟主播 || 33119:V2融合世界标签体系/IP 分类标签/真人与人物 IP/虚拟偶像/虚拟主播
虻,2,15233:V2融合世界标签体系/通用分类标签/动物/无脊椎动物/节肢动物/昆虫/双翅昆虫/苍蝇/牛虻/虻 || 15237:V2融合世界标签体系/通用分类标签/动物/无脊椎动物/节肢动物/昆虫/双翅昆虫/虱蝇/虻
蚊子,2,15238:V2融合世界标签体系/通用分类标签/动物/无脊椎动物/节肢动物/昆虫/双翅昆虫/蚊子 || 30369:V2融合世界标签体系/通用分类标签/声音/昆虫/蚊子
蛇,2,15563:V2融合世界标签体系/通用分类标签/动物/野生动物/蛇 || 32397:V2融合世界标签体系/通用分类标签/知识与学科/蛇
蛋糕,2,24543:V2融合世界标签体系/通用分类标签/节日与符号/庆典仪式元素/蛋糕 || 27775:V2融合世界标签体系/通用分类标签/食物/烘焙甜品点心/蛋糕
蛋糕预拌粉,2,29399:V2融合世界标签体系/通用分类标签/食物/方便食品/预拌混凝土/蛋糕预拌粉 || 29827:V2融合世界标签体系/通用分类标签/食物/食品/混合物/混合物/预拌混凝土/蛋糕预拌粉
蛹,2,15341:V2融合世界标签体系/通用分类标签/动物/无脊椎动物/节肢动物/昆虫/蛹 || 15342:V2融合世界标签体系/通用分类标签/动物/无脊椎动物/节肢动物/昆虫/蛹/蛹
蜀葵,2,20664:V2融合世界标签体系/通用分类标签/植物/乔木灌木林木/灌木/锦葵/蜀葵 || 20666:V2融合世界标签体系/通用分类标签/植物/乔木灌木林木/灌木/锦葵/蜀葵
蜂巢,2,18057:V2融合世界标签体系/通用分类标签/建筑与基础设施/支承结构/构架/蜂巢 || 18233:V2融合世界标签体系/通用分类标签/建筑与基础设施/蜂巢
蜂鸣器,2,9442:V2融合世界标签体系/通用分类标签/人造物体/机制/控制/开关/按钮/蜂鸣器 || 30557:V2融合世界标签体系/通用分类标签/声音/蜂鸣器
蜉蝣,2,15343:V2融合世界标签体系/通用分类标签/动物/无脊椎动物/节肢动物/昆虫/蜉蝣 || 15344:V2融合世界标签体系/通用分类标签/动物/无脊椎动物/节肢动物/昆虫/蜉蝣/蜉蝣
蜜月,2,31429:V2融合世界标签体系/通用分类标签/时间数量与度量/基本量/一段时间/休假时间/闲暇/休假/蜜月 || 31470:V2融合世界标签体系/通用分类标签/时间数量与度量/基本量/一段时间/蜜月
蝇兰,2,21685:V2融合世界标签体系/通用分类标签/植物/显花植物/开花植物/开花植物/兰科植物/蝇兰 || 21686:V2融合世界标签体系/通用分类标签/植物/显花植物/开花植物/开花植物/兰科植物/蝇兰
蝇量级,2,1962:V2融合世界标签体系/通用分类标签/人物与人体/交战者/拳击手/蝇量级 || 1966:V2融合世界标签体系/通用分类标签/人物与人体/交战者/摔跤手/蝇量级
蝴蝶兰,2,21671:V2融合世界标签体系/通用分类标签/植物/显花植物/开花植物/开花植物/兰科植物/红门兰/蝴蝶兰 || 21687:V2融合世界标签体系/通用分类标签/植物/显花植物/开花植物/开花植物/兰科植物/蝴蝶兰
蝴蝶结领带,2,8147:V2融合世界标签体系/通用分类标签/人造物体/商品/消费品/可穿戴设备/衣服/颈部服饰/领带/蝴蝶结领带 || 11213:V2融合世界标签体系/通用分类标签/人造物体/覆盖物/可穿戴设备/衣服/颈部服饰/领带/蝴蝶结领带
蝴蝶馆,2,18234:V2融合世界标签体系/通用分类标签/建筑与基础设施/蝴蝶馆 || 18235:V2融合世界标签体系/通用分类标签/建筑与基础设施/蝴蝶馆
蝴蝶鱼,2,13320:V2融合世界标签体系/通用分类标签/动物/水生非哺乳生物/硬骨鱼/真骨鱼/棘鳍目鱼/鲈形亚目鱼/蝴蝶鱼 || 13323:V2融合世界标签体系/通用分类标签/动物/水生非哺乳生物/硬骨鱼/真骨鱼/棘鳍目鱼/鲈形亚目鱼/蝴蝶鱼/蝴蝶鱼
螨,2,15412:V2融合世界标签体系/通用分类标签/动物/无脊椎动物/节肢动物/蛛形纲动物/螨 || 15416:V2融合世界标签体系/通用分类标签/动物/无脊椎动物/节肢动物/蛛形纲动物/螨/螨
螺丝刀,2,5580:V2融合世界标签体系/通用分类标签/人造物体/工业机械设备/螺丝刀 || 9169:V2融合世界标签体系/通用分类标签/人造物体/手工工具/螺丝刀
蟑螂,2,15307:V2融合世界标签体系/通用分类标签/动物/无脊椎动物/节肢动物/昆虫/网翅目昆虫/蟑螂 || 24188:V2融合世界标签体系/通用分类标签/自然景观/天然覆盖物/体表覆盖物/头发/发型/蟑螂
血压计,2,4206:V2融合世界标签体系/通用分类标签/人造物体/医疗器械/血压计 || 7074:V2融合世界标签体系/通用分类标签/人造物体/乐器/器械/仪器/标准度量/压力表/血压计
血管,2,18214:V2融合世界标签体系/通用分类标签/建筑与基础设施/管/容器/血管 || 18215:V2融合世界标签体系/通用分类标签/建筑与基础设施/管/容器/血管/血管
行李,2,1546:V2融合世界标签体系/通用分类标签/人物与人体/性别与生理属性/女性/女人/行李 || 7419:V2融合世界标签体系/通用分类标签/人造物体/军需品/行李
街头小贩,2,3125:V2融合世界标签体系/通用分类标签/人物与人体/资本家/商业人士/商人/街头小贩 || 22742:V2融合世界标签体系/通用分类标签/植物/街头小贩
街头摄影,2,24741:V2融合世界标签体系/通用分类标签/行为动作/休闲娱乐动作/摄影/街头摄影 || 24742:V2融合世界标签体系/通用分类标签/行为动作/休闲娱乐动作/摄影/街头摄影
街头艺术家,2,32971:V2融合世界标签体系/IP 分类标签/真人与人物 IP/历史古人/艺术家/街头艺术家 || 32972:V2融合世界标签体系/IP 分类标签/真人与人物 IP/历史古人/艺术家/街头艺术家
街头食品,2,22743:V2融合世界标签体系/通用分类标签/植物/街头食品 || 22744:V2融合世界标签体系/通用分类标签/植物/街头食品
街市,2,22745:V2融合世界标签体系/通用分类标签/植物/街市 || 22746:V2融合世界标签体系/通用分类标签/植物/街市
街景,2,22747:V2融合世界标签体系/通用分类标签/植物/街景 || 22748:V2融合世界标签体系/通用分类标签/植物/街景
街道,2,17367:V2融合世界标签体系/通用分类标签/建筑与基础设施/路桥隧道工程/公路/通道/街道 || 17368:V2融合世界标签体系/通用分类标签/建筑与基础设施/路桥隧道工程/公路/通道/街道
衣柜,2,4951:V2融合世界标签体系/通用分类标签/人造物体/家具大件/衣柜 || 7571:V2融合世界标签体系/通用分类标签/人造物体/压机/衣柜
衣领,2,8196:V2融合世界标签体系/通用分类标签/人造物体/商品/消费品/可穿戴设备/颈饰/衣领 || 11262:V2融合世界标签体系/通用分类标签/人造物体/覆盖物/可穿戴设备/颈饰/衣领
补丁,2,7646:V2融合世界标签体系/通用分类标签/人造物体/台布/一块布/补丁 || 19524:V2融合世界标签体系/通用分类标签/文字与信息图形/书面交流/手写/字迹/编码系统/代码/软件/补丁
表演者,2,3041:V2融合世界标签体系/通用分类标签/人物与人体/表演者 || 3048:V2融合世界标签体系/通用分类标签/人物与人体/表演者/表演者
表面,2,10614:V2融合世界标签体系/通用分类标签/人造物体/表面 || 32289:V2融合世界标签体系/通用分类标签/知识与学科/界限/表面
衬衣,2,8096:V2融合世界标签体系/通用分类标签/人造物体/商品/消费品/可穿戴设备/衣服/衬衣 || 11162:V2融合世界标签体系/通用分类标签/人造物体/覆盖物/可穿戴设备/衣服/衬衣
衬衫式女上衣,2,7856:V2融合世界标签体系/通用分类标签/人造物体/商品/消费品/可穿戴设备/女装/上衣/女式衬衫/衬衫式女上衣 || 10922:V2融合世界标签体系/通用分类标签/人造物体/覆盖物/可穿戴设备/女装/上衣/女式衬衫/衬衫式女上衣
袜类,2,8180:V2融合世界标签体系/通用分类标签/人造物体/商品/消费品/可穿戴设备/鞋子/袜类 || 11246:V2融合世界标签体系/通用分类标签/人造物体/覆盖物/可穿戴设备/鞋子/袜类
装备,2,8149:V2融合世界标签体系/通用分类标签/人造物体/商品/消费品/可穿戴设备/装备 || 11215:V2融合世界标签体系/通用分类标签/人造物体/覆盖物/可穿戴设备/装备
装甲运兵车,2,700:V2融合世界标签体系/通用分类标签/交通工具/军用车/装甲运兵车 || 1121:V2融合世界标签体系/通用分类标签/交通工具/轮式车辆/自行式车辆/装甲运兵车
装置,2,10700:V2融合世界标签体系/通用分类标签/人造物体/装置 || 26842:V2融合世界标签体系/通用分类标签/行为动作/状态变化/装置
装配,2,25407:V2融合世界标签体系/通用分类标签/行为动作/工作学习动作/装配 || 31594:V2融合世界标签体系/通用分类标签/时间数量与度量/装配
装饰画,2,6982:V2融合世界标签体系/通用分类标签/人造物体/艺术品与工艺品/绘画作品/装饰画 || 19140:V2融合世界标签体系/通用分类标签/文化艺术与媒介/表征/装饰画
装饰线脚,2,10116:V2融合世界标签体系/通用分类标签/人造物体/点缀/装饰线脚 || 19013:V2融合世界标签体系/通用分类标签/文化艺术与媒介/用原材料制作/装饰线脚
裤装套装,2,7939:V2融合世界标签体系/通用分类标签/人造物体/商品/消费品/可穿戴设备/衣服/一套衣服/休闲长裤套装/裤装套装 || 11005:V2融合世界标签体系/通用分类标签/人造物体/覆盖物/可穿戴设备/衣服/一套衣服/休闲长裤套装/裤装套装
裸子植物,2,20468:V2融合世界标签体系/通用分类标签/植物/乔木灌木林木/乔木/裸子植物 || 21960:V2融合世界标签体系/通用分类标签/植物/显花植物/裸子植物
裸颈鹳,2,14256:V2融合世界标签体系/通用分类标签/动物/鸟类/涉禽/鹳/裸颈鹳 || 14257:V2融合世界标签体系/通用分类标签/动物/鸟类/涉禽/鹳/裸颈鹳
褐砂石,2,17433:V2融合世界标签体系/通用分类标签/建筑与基础设施/H类住宅/联排住宅/褐砂石 || 17507:V2融合世界标签体系/通用分类标签/建筑与基础设施/住宅/住处/H类住宅/联排住宅/褐砂石
襁褓,2,8132:V2融合世界标签体系/通用分类标签/人造物体/商品/消费品/可穿戴设备/衣服/襁褓 || 11198:V2融合世界标签体系/通用分类标签/人造物体/覆盖物/可穿戴设备/衣服/襁褓
襟翼,2,23543:V2融合世界标签体系/通用分类标签/组织机构与社会事件/动物组织/襟翼 || 30566:V2融合世界标签体系/通用分类标签/声音/襟翼
西塔琴,2,3226:V2融合世界标签体系/通用分类标签/人造物体/中西乐器/弦乐器/西塔琴 || 29920:V2融合世界标签体系/通用分类标签/声音/乐器/拨弦乐器/西塔琴
西瓜,2,21341:V2融合世界标签体系/通用分类标签/植物/草本竹藤植物/藤本植物/葫芦/甜瓜/西瓜 || 29261:V2融合世界标签体系/通用分类标签/食物/农产品/食用水果/甜瓜/西瓜
西餐厅,2,15801:V2融合世界标签体系/通用分类标签/场景/室内场景/餐厅/西餐厅 || 15802:V2融合世界标签体系/通用分类标签/场景/室内场景/餐厅/西餐厅
覆盖物,2,10746:V2融合世界标签体系/通用分类标签/人造物体/覆盖物 || 10845:V2融合世界标签体系/通用分类标签/人造物体/覆盖物/保护/覆盖物
观赏鱼,2,15533:V2融合世界标签体系/通用分类标签/动物/脊索动物/有颅动物/水生脊椎动物/鱼/观赏鱼 || 15534:V2融合世界标签体系/通用分类标签/动物/脊索动物/有颅动物/水生脊椎动物/鱼/观赏鱼
规划者,2,3097:V2融合世界标签体系/通用分类标签/人物与人体/规划者 || 5762:V2融合世界标签体系/通用分类标签/人造物体/数码 3C 电子/笔记本电脑/规划者
角色扮演,2,26971:V2融合世界标签体系/通用分类标签/行为动作/角色扮演 || 26972:V2融合世界标签体系/通用分类标签/行为动作/角色扮演
角鸮,2,14289:V2融合世界标签体系/通用分类标签/动物/鸟类/猛禽/夜鸟/角鸮 || 14291:V2融合世界标签体系/通用分类标签/动物/鸟类/猛禽/夜鸟/角鸮
触地,2,26376:V2融合世界标签体系/通用分类标签/行为动作/完成/成就/成功/比分/触地 || 26887:V2融合世界标签体系/通用分类标签/行为动作/着陆/触地
言语,2,19645:V2融合世界标签体系/通用分类标签/文字与信息图形/听觉交流/言语 || 30064:V2融合世界标签体系/通用分类标签/声音/人类声音/人声/言语
警卫室,2,17434:V2融合世界标签体系/通用分类标签/建筑与基础设施/H类住宅/警卫室 || 17508:V2融合世界标签体系/通用分类标签/建筑与基础设施/住宅/住处/H类住宅/警卫室
警告标志,2,19867:V2融合世界标签体系/通用分类标签/文字与信息图形/标志/警告标志 || 19868:V2融合世界标签体系/通用分类标签/文字与信息图形/标志/警告标志
警察局,2,10744:V2融合世界标签体系/通用分类标签/人造物体/装置/车站/警察局 || 18238:V2融合世界标签体系/通用分类标签/建筑与基础设施/警察局
计算机房,2,11402:V2融合世界标签体系/通用分类标签/人造物体/计算机房 || 17792:V2融合世界标签体系/通用分类标签/建筑与基础设施/区/室/计算机房
讨论,2,26982:V2融合世界标签体系/通用分类标签/行为动作/讨论 || 26983:V2融合世界标签体系/通用分类标签/行为动作/讨论
训练场,2,1021:V2融合世界标签体系/通用分类标签/交通工具/训练场 || 15548:V2融合世界标签体系/通用分类标签/动物/训练场
记号笔,2,3684:V2融合世界标签体系/通用分类标签/人造物体/办公文具/记号笔 || 19599:V2融合世界标签体系/通用分类标签/文字与信息图形/信号/代号/记号笔
诊所,2,23221:V2融合世界标签体系/通用分类标签/组织机构与社会事件/组织机构/医疗机构/诊所 || 23223:V2融合世界标签体系/通用分类标签/组织机构与社会事件/组织机构/医疗机构/诊所
试管,2,4224:V2融合世界标签体系/通用分类标签/人造物体/医疗器械/试管 || 11569:V2融合世界标签体系/通用分类标签/人造物体/道路/通道/导管/管/试管
诱惑,2,31273:V2融合世界标签体系/通用分类标签/属性与状态/诱惑 || 32403:V2融合世界标签体系/通用分类标签/知识与学科/诱惑
说唱歌手,2,11405:V2融合世界标签体系/通用分类标签/人造物体/说唱歌手 || 33150:V2融合世界标签体系/IP 分类标签/真人与人物 IP/音乐艺人/歌手/说唱歌手
调味汁瓶,2,8755:V2融合世界标签体系/通用分类标签/人造物体/容器/器皿/花瓶/瓶/调味汁瓶 || 8919:V2融合世界标签体系/通用分类标签/人造物体/容器/花瓶/瓶/调味汁瓶
调车机车,2,1072:V2融合世界标签体系/通用分类标签/交通工具/轮式车辆/自行式车辆/发动机/调车机车 || 1073:V2融合世界标签体系/通用分类标签/交通工具/轮式车辆/自行式车辆/发动机/调车机车
谷物,2,24428:V2融合世界标签体系/通用分类标签/自然景观/植物结构/植物器官/生殖结构/果子/种子/谷物 || 29840:V2融合世界标签体系/通用分类标签/食物/食品/谷物
谷蛾,2,15368:V2融合世界标签体系/通用分类标签/动物/无脊椎动物/节肢动物/昆虫/鳞翅目昆虫/蛾/谷蛾 || 15369:V2融合世界标签体系/通用分类标签/动物/无脊椎动物/节肢动物/昆虫/鳞翅目昆虫/蛾/谷蛾/谷蛾
豆,2,22625:V2融合世界标签体系/通用分类标签/植物/草本植物/豆科植物/豆 || 24432:V2融合世界标签体系/通用分类标签/自然景观/植物结构/植物器官/生殖结构/果子/种子/豆
豆袋椅,2,8494:V2融合世界标签体系/通用分类标签/人造物体/坐椅/椅子/豆袋椅 || 8497:V2融合世界标签体系/通用分类标签/人造物体/坐椅/豆袋椅
豪华游艇,2,182:V2融合世界标签体系/通用分类标签/交通工具/水上载具/游艇/豪华游艇 || 183:V2融合世界标签体系/通用分类标签/交通工具/水上载具/游艇/豪华游艇
贝斯手,2,3065:V2融合世界标签体系/通用分类标签/人物与人体/表演者/表演者/乐器演奏者/贝斯手 || 3066:V2融合世界标签体系/通用分类标签/人物与人体/表演者/表演者/乐器演奏者/贝斯手
贝都因人,2,2853:V2融合世界标签体系/通用分类标签/人物与人体/旅行者/漫游者/游牧者/贝都因人 || 2982:V2融合世界标签体系/通用分类标签/人物与人体/白人/闪米特人/阿拉伯人/贝都因人
财产,2,3104:V2融合世界标签体系/通用分类标签/人物与人体/财产 || 31787:V2融合世界标签体系/通用分类标签/材料与物质/有形资产/财产
货币,2,31489:V2融合世界标签体系/通用分类标签/时间数量与度量/度量/标准/交换媒介/货币 || 31491:V2融合世界标签体系/通用分类标签/时间数量与度量/度量/标准/交换媒介/货币
购物,2,8221:V2融合世界标签体系/通用分类标签/人造物体/商品/购物 || 25603:V2融合世界标签体系/通用分类标签/行为动作/日常生活动作/购物
贯叶连翘,2,20548:V2融合世界标签体系/通用分类标签/植物/乔木灌木林木/灌木/亚灌木/贯叶连翘 || 20551:V2融合世界标签体系/通用分类标签/植物/乔木灌木林木/灌木/亚灌木/贯叶连翘/贯叶连翘
资本家,2,2667:V2融合世界标签体系/通用分类标签/人物与人体/大人/资本家 || 3106:V2融合世界标签体系/通用分类标签/人物与人体/资本家
赌场,2,18093:V2融合世界标签体系/通用分类标签/建筑与基础设施/机构/商业机构/赌场 || 18248:V2融合世界标签体系/通用分类标签/建筑与基础设施/赌场
走廊,2,11583:V2融合世界标签体系/通用分类标签/人造物体/道路/通道/走廊 || 18252:V2融合世界标签体系/通用分类标签/建筑与基础设施/走廊
起落架,2,9397:V2融合世界标签体系/通用分类标签/人造物体/支持/起落架 || 9398:V2融合世界标签体系/通用分类标签/人造物体/支持/起落架/起落架
超市,2,16959:V2融合世界标签体系/通用分类标签/建筑与基础设施/商业办公建筑/市场/超市 || 18260:V2融合世界标签体系/通用分类标签/建筑与基础设施/超市
超市货架,2,9341:V2融合世界标签体系/通用分类标签/人造物体/支持/搁板/超市货架 || 9399:V2融合世界标签体系/通用分类标签/人造物体/支持/超市货架
超短裙,2,8063:V2融合世界标签体系/通用分类标签/人造物体/商品/消费品/可穿戴设备/衣服/女裙/超短裙 || 11129:V2融合世界标签体系/通用分类标签/人造物体/覆盖物/可穿戴设备/衣服/女裙/超短裙
超级碗,2,24840:V2融合世界标签体系/通用分类标签/行为动作/休闲娱乐动作/游戏/超级碗 || 24841:V2融合世界标签体系/通用分类标签/行为动作/休闲娱乐动作/游戏/超级碗
超级英雄,2,3129:V2融合世界标签体系/通用分类标签/人物与人体/超级英雄 || 26995:V2融合世界标签体系/通用分类标签/行为动作/超级英雄
超长款服装,2,8064:V2融合世界标签体系/通用分类标签/人造物体/商品/消费品/可穿戴设备/衣服/女裙/超长款服装 || 11130:V2融合世界标签体系/通用分类标签/人造物体/覆盖物/可穿戴设备/衣服/女裙/超长款服装
越野摩托车,2,611:V2融合世界标签体系/通用分类标签/交通工具/非机动车/自行车/越野摩托车 || 2838:V2融合世界标签体系/通用分类标签/人物与人体/旅行者/搬运者/越野摩托车
足球,2,6801:V2融合世界标签体系/通用分类标签/人造物体/益智玩具/足球 || 9987:V2融合世界标签体系/通用分类标签/人造物体/游戏器材/球/足球
足球场,2,16636:V2融合世界标签体系/通用分类标签/场景/足球场 || 17256:V2融合世界标签体系/通用分类标签/建筑与基础设施/文化体育建筑/体育场/足球场
足球守门员,2,32922:V2融合世界标签体系/IP 分类标签/真人与人物 IP/体育明星/足球运动员/足球守门员 || 32923:V2融合世界标签体系/IP 分类标签/真人与人物 IP/体育明星/足球运动员/足球守门员
足球比赛,2,23610:V2融合世界标签体系/通用分类标签/组织机构与社会事件/足球比赛 || 24842:V2融合世界标签体系/通用分类标签/行为动作/休闲娱乐动作/游戏/足球比赛
足球赛,2,24775:V2融合世界标签体系/通用分类标签/行为动作/休闲娱乐动作/游戏/体育游戏/户外游戏/场地运动/橄榄球/英式足球/足球赛 || 24776:V2融合世界标签体系/通用分类标签/行为动作/休闲娱乐动作/游戏/体育游戏/户外游戏/场地运动/橄榄球/足球赛
足球队,2,1406:V2融合世界标签体系/通用分类标签/人物与人体/人物关系与群体/团队/足球队 || 31613:V2融合世界标签体系/通用分类标签/时间数量与度量/足球队
足袋,2,8189:V2融合世界标签体系/通用分类标签/人造物体/商品/消费品/可穿戴设备/鞋子/袜类/袜子/足袋 || 11255:V2融合世界标签体系/通用分类标签/人造物体/覆盖物/可穿戴设备/鞋子/袜类/袜子/足袋
跑步机,2,7347:V2融合世界标签体系/通用分类标签/人造物体/健身设备/跑步机 || 9708:V2融合世界标签体系/通用分类标签/人造物体/机器/机器/研磨器/跑步机
跑过,2,19168:V2融合世界标签体系/通用分类标签/文化艺术与媒介/跑过 || 31936:V2融合世界标签体系/通用分类标签/材料与物质/跑过
路线,2,11514:V2融合世界标签体系/通用分类标签/人造物体/道路/小径/路线 || 29743:V2融合世界标签体系/通用分类标签/食物/路线
路障,2,18345:V2融合世界标签体系/通用分类标签/建筑与基础设施/辎重/屏障/路障 || 18346:V2融合世界标签体系/通用分类标签/建筑与基础设施/辎重/屏障/路障
跳板,2,9096:V2融合世界标签体系/通用分类标签/人造物体/扁平立体/板/跳板 || 9097:V2融合世界标签体系/通用分类标签/人造物体/扁平立体/板/跳板/跳板
跳绳,2,10539:V2融合世界标签体系/通用分类标签/人造物体/线/粗绳/跳绳 || 24844:V2融合世界标签体系/通用分类标签/行为动作/休闲娱乐动作/游戏/跳绳
跳跃,2,26599:V2融合世界标签体系/通用分类标签/行为动作/推进/跳跃 || 27001:V2融合世界标签体系/通用分类标签/行为动作/跳跃
踏板车/摩托车,2,1122:V2融合世界标签体系/通用分类标签/交通工具/轮式车辆/踏板车/摩托车 || 1123:V2融合世界标签体系/通用分类标签/交通工具/轮式车辆/踏板车/摩托车
身体,2,18269:V2融合世界标签体系/通用分类标签/建筑与基础设施/身体 || 23611:V2融合世界标签体系/通用分类标签/组织机构与社会事件/身体
身体乳,2,9888:V2融合世界标签体系/通用分类标签/人造物体/洗漱用品/乳液/身体乳 || 11420:V2融合世界标签体系/通用分类标签/人造物体/身体乳
车床,2,5435:V2融合世界标签体系/通用分类标签/人造物体/工业机械设备/机床/成形机/车床 || 5607:V2融合世界标签体系/通用分类标签/人造物体/工业机械设备/车床
车库门,2,18329:V2融合世界标签体系/通用分类标签/建筑与基础设施/辎重/屏障/可移动屏障/门/车库门 || 18330:V2融合世界标签体系/通用分类标签/建筑与基础设施/辎重/屏障/可移动屏障/门/车库门
车轮,2,9544:V2融合世界标签体系/通用分类标签/人造物体/机制/机械装置/机器/车轮 || 9558:V2融合世界标签体系/通用分类标签/人造物体/机制/机械装置/机器/车轮/车轮
轨道,2,11418:V2融合世界标签体系/通用分类标签/人造物体/跑道/轨道 || 32358:V2融合世界标签体系/通用分类标签/知识与学科/线/小径/轨道
转子,2,8378:V2融合世界标签体系/通用分类标签/人造物体/器具/棒/转子 || 9485:V2融合世界标签体系/通用分类标签/人造物体/机制/旋转机构/转子
轮廓,2,19795:V2融合世界标签体系/通用分类标签/文字与信息图形/指示/标记/等距线/轮廓 || 32296:V2融合世界标签体系/通用分类标签/知识与学科/界限/轮廓
轮缘,2,30895:V2融合世界标签体系/通用分类标签/属性与状态/圆形/轮缘 || 31204:V2融合世界标签体系/通用分类标签/属性与状态/线/分界线/轮缘
轮胎工具,2,8373:V2融合世界标签体系/通用分类标签/人造物体/器具/棒/杠杆/轮胎工具 || 9170:V2融合世界标签体系/通用分类标签/人造物体/手工工具/轮胎工具
轴杆,2,8332:V2融合世界标签体系/通用分类标签/人造物体/器具/杆/轴杆 || 11590:V2融合世界标签体系/通用分类标签/人造物体/道路/通道/走廊/轴杆
辐刨,2,7475:V2融合世界标签体系/通用分类标签/人造物体/切割器具/切削工具/刃具/木工刨/辐刨 || 9155:V2融合世界标签体系/通用分类标签/人造物体/手工工具/木工刨/辐刨
辫子,2,24189:V2融合世界标签体系/通用分类标签/自然景观/天然覆盖物/体表覆盖物/头发/发型/辫子 || 24190:V2融合世界标签体系/通用分类标签/自然景观/天然覆盖物/体表覆盖物/头发/发型/辫子/辫子
边柜,2,7358:V2融合世界标签体系/通用分类标签/人造物体/储藏柜/边柜 || 7359:V2融合世界标签体系/通用分类标签/人造物体/储藏柜/边柜
边桌,2,9826:V2融合世界标签体系/通用分类标签/人造物体/桌子/边桌 || 11436:V2融合世界标签体系/通用分类标签/人造物体/边桌
边缘,2,10626:V2融合世界标签体系/通用分类标签/人造物体/表面/侧面/边缘 || 19171:V2融合世界标签体系/通用分类标签/文化艺术与媒介/边缘
边车,2,1145:V2融合世界标签体系/通用分类标签/交通工具/边车 || 29566:V2融合世界标签体系/通用分类标签/食物/致醉物/混合饮料/鸡尾酒/边车
迎婴派对,2,19172:V2融合世界标签体系/通用分类标签/文化艺术与媒介/迎婴派对 || 25785:V2融合世界标签体系/通用分类标签/行为动作/社交互动动作/聚会/迎婴派对
运动,2,3137:V2融合世界标签体系/通用分类标签/人物与人体/运动 || 27017:V2融合世界标签体系/通用分类标签/行为动作/运动
运动休闲服,2,7920:V2融合世界标签体系/通用分类标签/人造物体/商品/消费品/可穿戴设备/打扮/运动休闲服 || 10986:V2融合世界标签体系/通用分类标签/人造物体/覆盖物/可穿戴设备/打扮/运动休闲服
运动会,2,3138:V2融合世界标签体系/通用分类标签/人物与人体/运动会 || 27018:V2融合世界标签体系/通用分类标签/行为动作/运动会
运动套装,2,8133:V2融合世界标签体系/通用分类标签/人造物体/商品/消费品/可穿戴设备/衣服/运动套装 || 11199:V2融合世界标签体系/通用分类标签/人造物体/覆盖物/可穿戴设备/衣服/运动套装
运动服装,2,7922:V2融合世界标签体系/通用分类标签/人造物体/商品/消费品/可穿戴设备/打扮/运动服装 || 10988:V2融合世界标签体系/通用分类标签/人造物体/覆盖物/可穿戴设备/打扮/运动服装
连体丝袜,2,7975:V2融合世界标签体系/通用分类标签/人造物体/商品/消费品/可穿戴设备/衣服/不可言说之物/连体丝袜 || 11041:V2融合世界标签体系/通用分类标签/人造物体/覆盖物/可穿戴设备/衣服/不可言说之物/连体丝袜
连裤袜,2,8183:V2融合世界标签体系/通用分类标签/人造物体/商品/消费品/可穿戴设备/鞋子/袜类/紧身裤袜/连裤袜 || 11249:V2融合世界标签体系/通用分类标签/人造物体/覆盖物/可穿戴设备/鞋子/袜类/紧身裤袜/连裤袜
连身短衣裤,2,8134:V2融合世界标签体系/通用分类标签/人造物体/商品/消费品/可穿戴设备/衣服/连身短衣裤 || 11200:V2融合世界标签体系/通用分类标签/人造物体/覆盖物/可穿戴设备/衣服/连身短衣裤
迪斯科舞,2,19721:V2融合世界标签体系/通用分类标签/文字与信息图形/听觉交流/音乐流派/迪斯科舞 || 19972:V2融合世界标签体系/通用分类标签/文字与信息图形/表现风格/音乐流派/通俗音乐/迪斯科舞
迷幻摇滚,2,19695:V2融合世界标签体系/通用分类标签/文字与信息图形/听觉交流/音乐流派/摇滚音乐/迷幻摇滚 || 19973:V2融合世界标签体系/通用分类标签/文字与信息图形/表现风格/音乐流派/通俗音乐/迷幻摇滚
追随者,2,2859:V2融合世界标签体系/通用分类标签/人物与人体/旅行者/追随者 || 3140:V2融合世界标签体系/通用分类标签/人物与人体/追随者
选择器,2,3143:V2融合世界标签体系/通用分类标签/人物与人体/选择器 || 9447:V2融合世界标签体系/通用分类标签/人造物体/机制/控制/开关/选择器
通心粉,2,1576:V2融合世界标签体系/通用分类标签/人物与人体/性别与生理属性/男性/成年雄性/花花公子/通心粉 || 29344:V2融合世界标签体系/通用分类标签/食物/意大利面食/通心粉
通风口,2,9023:V2融合世界标签体系/通用分类标签/人造物体/开口/孔洞/通风口 || 31109:V2融合世界标签体系/通用分类标签/属性与状态/无定形/开口/通风口
通风机,2,11501:V2融合世界标签体系/通用分类标签/人造物体/通风机 || 11502:V2融合世界标签体系/通用分类标签/人造物体/通风机
遛狗,2,24680:V2融合世界标签体系/通用分类标签/行为动作/交通出行动作/步行/遛狗 || 24681:V2融合世界标签体系/通用分类标签/行为动作/交通出行动作/步行/遛狗
遮光物,2,10846:V2融合世界标签体系/通用分类标签/人造物体/覆盖物/保护/遮光物 || 30784:V2融合世界标签体系/通用分类标签/属性与状态/亮度/夜色/半暗/遮光物
邮件,2,19631:V2融合世界标签体系/通用分类标签/文字与信息图形/信息/邮件 || 19632:V2融合世界标签体系/通用分类标签/文字与信息图形/信息/邮件
邮票,2,9064:V2融合世界标签体系/通用分类标签/人造物体/成形工具/模具/邮票 || 19578:V2融合世界标签体系/通用分类标签/文字与信息图形/信号/代号/代币/邮票
配偶,2,1420:V2融合世界标签体系/通用分类标签/人物与人体/人物关系与群体/朋友/配偶 || 15553:V2融合世界标签体系/通用分类标签/动物/配偶
配料,2,10119:V2融合世界标签体系/通用分类标签/人造物体/点缀/配菜装饰/配料 || 29790:V2融合世界标签体系/通用分类标签/食物/配料
酒店,2,15765:V2融合世界标签体系/通用分类标签/场景/室内场景/酒店 || 16965:V2融合世界标签体系/通用分类标签/建筑与基础设施/商业办公建筑/酒店
酒店大堂,2,17795:V2融合世界标签体系/通用分类标签/建筑与基础设施/区/室/酒店大堂 || 18355:V2融合世界标签体系/通用分类标签/建筑与基础设施/酒店大堂
酒杯,2,4612:V2融合世界标签体系/通用分类标签/人造物体/厨房餐厨用品/酒杯 || 11599:V2融合世界标签体系/通用分类标签/人造物体/酒杯
酒架,2,18010:V2融合世界标签体系/通用分类标签/建筑与基础设施/支承结构/构架/支架/酒架 || 18011:V2融合世界标签体系/通用分类标签/建筑与基础设施/支承结构/构架/支架/酒架
酒柜,2,7360:V2融合世界标签体系/通用分类标签/人造物体/储藏柜/酒柜 || 11600:V2融合世界标签体系/通用分类标签/人造物体/酒柜
酸奶,2,28794:V2融合世界标签体系/通用分类标签/食物/饮品类/酸奶 || 29792:V2融合世界标签体系/通用分类标签/食物/酸奶
醋,2,28505:V2融合世界标签体系/通用分类标签/食物/调味品/醋 || 28514:V2融合世界标签体系/通用分类标签/食物/调味品/醋
释放,2,7808:V2融合世界标签体系/通用分类标签/人造物体/商品/产品/释放 || 26378:V2融合世界标签体系/通用分类标签/行为动作/完成/释放
里程碑,2,19608:V2融合世界标签体系/通用分类标签/文字与信息图形/信号/代号/记号笔/里程碑 || 23518:V2融合世界标签体系/通用分类标签/组织机构与社会事件/关头/里程碑
重金属音乐,2,19696:V2融合世界标签体系/通用分类标签/文字与信息图形/听觉交流/音乐流派/摇滚音乐/重金属音乐 || 19974:V2融合世界标签体系/通用分类标签/文字与信息图形/表现风格/音乐流派/通俗音乐/重金属音乐
野樱,2,20276:V2融合世界标签体系/通用分类标签/植物/乔木灌木林木/乔木/开花乔木/果树/樱桃/野樱 || 24443:V2融合世界标签体系/通用分类标签/自然景观/植物结构/植物器官/生殖结构/果子/野樱
野火,2,26350:V2融合世界标签体系/通用分类标签/行为动作/大火灾/野火 || 30543:V2融合世界标签体系/通用分类标签/声音/自然声音/火/野火
野生田野,2,16195:V2融合世界标签体系/通用分类标签/场景/自然户外场景/田野/野生田野 || 16196:V2融合世界标签体系/通用分类标签/场景/自然户外场景/田野/野生田野
野餐桌,2,9827:V2融合世界标签体系/通用分类标签/人造物体/桌子/野餐桌 || 16638:V2融合世界标签体系/通用分类标签/场景/野餐桌
野餐篮,2,8926:V2融合世界标签体系/通用分类标签/人造物体/容器/野餐篮 || 29794:V2融合世界标签体系/通用分类标签/食物/野餐篮
野鸡,2,15568:V2融合世界标签体系/通用分类标签/动物/野禽/野鸡 || 24802:V2融合世界标签体系/通用分类标签/行为动作/休闲娱乐动作/游戏/准许捕捉的鸟/雉科鸟类/野鸡
野鸭,2,14711:V2融合世界标签体系/通用分类标签/动物/鸟类/水禽/水禽/雁形目鸟/鸭/野鸭 || 14712:V2融合世界标签体系/通用分类标签/动物/鸟类/水禽/水禽/雁形目鸟/鸭/野鸭
金丝瓜,2,21297:V2融合世界标签体系/通用分类标签/植物/草本竹藤植物/藤本植物/南瓜藤/夏南瓜/金丝瓜 || 29102:V2融合世界标签体系/通用分类标签/食物/农产品/蔬菜/壁球运动/夏南瓜/金丝瓜
金合欢,2,20480:V2融合世界标签体系/通用分类标签/植物/乔木灌木林木/乔木/金合欢 || 20482:V2融合世界标签体系/通用分类标签/植物/乔木灌木林木/乔木/金合欢/金合欢
金属艺术家,2,3149:V2融合世界标签体系/通用分类标签/人物与人体/金属艺术家 || 32974:V2融合世界标签体系/IP 分类标签/真人与人物 IP/历史古人/艺术家/金属艺术家
金枪鱼,2,13342:V2融合世界标签体系/通用分类标签/动物/水生非哺乳生物/硬骨鱼/真骨鱼/棘鳍目鱼/鲈形亚目鱼/鲭亚目鱼/金枪鱼 || 21532:V2融合世界标签体系/通用分类标签/植物/多肉/仙人掌/仙人掌属植物/金枪鱼
金融机构,2,23383:V2融合世界标签体系/通用分类标签/组织机构与社会事件/组织机构/金融机构 || 23617:V2融合世界标签体系/通用分类标签/组织机构与社会事件/金融机构
金鳞鱼,2,13249:V2融合世界标签体系/通用分类标签/动物/水生非哺乳生物/硬骨鱼/真骨鱼/棘鳍目鱼/金鳞鱼 || 13250:V2融合世界标签体系/通用分类标签/动物/水生非哺乳生物/硬骨鱼/真骨鱼/棘鳍目鱼/金鳞鱼/金鳞鱼
针织品,2,8160:V2融合世界标签体系/通用分类标签/人造物体/商品/消费品/可穿戴设备/针织品 || 11226:V2融合世界标签体系/通用分类标签/人造物体/覆盖物/可穿戴设备/针织品
针鼹,2,12223:V2融合世界标签体系/通用分类标签/动物/哺乳动物/原兽类动物/单孔目动物/针鼹 || 12224:V2融合世界标签体系/通用分类标签/动物/哺乳动物/原兽类动物/单孔目动物/针鼹
钢,2,8252:V2融合世界标签体系/通用分类标签/人造物体/器具/削尖器/钢 || 31854:V2融合世界标签体系/通用分类标签/材料与物质/混合物/合金/钢
钢琴,2,6819:V2融合世界标签体系/通用分类标签/人造物体/益智玩具/钢琴 || 29946:V2融合世界标签体系/通用分类标签/声音/乐器/音乐键盘/钢琴
钢笔,2,3428:V2融合世界标签体系/通用分类标签/人造物体/办公文具/书写工具/笔/钢笔 || 3711:V2融合世界标签体系/通用分类标签/人造物体/办公文具/钢笔
钱包,2,3900:V2融合世界标签体系/通用分类标签/人造物体/包装与容器/钱包 || 8641:V2融合世界标签体系/通用分类标签/人造物体/容器/包/钱包
钳子,2,2485:V2融合世界标签体系/通用分类标签/人物与人体/劳动者/钳子 || 5616:V2融合世界标签体系/通用分类标签/人造物体/工业机械设备/钳子
钹,2,3254:V2融合世界标签体系/通用分类标签/人造物体/中西乐器/打击乐器/钹 || 29898:V2融合世界标签体系/通用分类标签/声音/乐器/打击乐/钹
铁,2,7303:V2融合世界标签体系/通用分类标签/人造物体/体育器材/高尔夫器材/俱乐部/铁 || 31635:V2融合世界标签体系/通用分类标签/材料与物质/元素/金属/铁
铁人三项,2,26729:V2融合世界标签体系/通用分类标签/行为动作/比赛/比赛/铁人三项 || 27040:V2融合世界标签体系/通用分类标签/行为动作/铁人三项
铁匠,2,2432:V2融合世界标签体系/通用分类标签/人物与人体/劳动者/技术工人/铁匠 || 2433:V2融合世界标签体系/通用分类标签/人物与人体/劳动者/技术工人/铁匠/铁匠
铁皮剪,2,7439:V2融合世界标签体系/通用分类标签/人造物体/切割器具/切削工具/刃具/一把剪刀/大剪刀/铁皮剪 || 8355:V2融合世界标签体系/通用分类标签/人造物体/器具/棒/杠杆/复式杠杆/一把剪刀/大剪刀/铁皮剪
铁线莲,2,21315:V2融合世界标签体系/通用分类标签/植物/草本竹藤植物/藤本植物/攀登者/铁线莲 || 21350:V2融合世界标签体系/通用分类标签/植物/草本竹藤植物/藤本植物/铁线莲
铁路轨道,2,1161:V2融合世界标签体系/通用分类标签/交通工具/铁路轨道 || 1162:V2融合世界标签体系/通用分类标签/交通工具/铁路轨道
铆钉,2,3339:V2融合世界标签体系/通用分类标签/人造物体/五金工具/紧固件/别针/铆钉 || 10126:V2融合世界标签体系/通用分类标签/人造物体/点缀/铆钉
铜管乐器,2,3292:V2融合世界标签体系/通用分类标签/人造物体/中西乐器/管乐器/铜管乐器 || 29935:V2融合世界标签体系/通用分类标签/声音/乐器/铜管乐器
银,2,31634:V2融合世界标签体系/通用分类标签/材料与物质/元素/金属/贵金属/银 || 31760:V2融合世界标签体系/通用分类标签/材料与物质/导体/银
银叶树,2,20319:V2融合世界标签体系/通用分类标签/植物/乔木灌木林木/乔木/开花乔木/银叶树 || 20484:V2融合世界标签体系/通用分类标签/植物/乔木灌木林木/乔木/银叶树
银器,2,4338:V2融合世界标签体系/通用分类标签/人造物体/厨房餐厨用品/餐具/银器 || 29969:V2融合世界标签体系/通用分类标签/声音/事物声音/家庭声音/银器
铿锵声,2,30601:V2融合世界标签体系/通用分类标签/声音/铿锵声 || 30602:V2融合世界标签体系/通用分类标签/声音/铿锵声
销售,2,19211:V2融合世界标签体系/通用分类标签/文化艺术与媒介/销售 || 25933:V2融合世界标签体系/通用分类标签/行为动作/交易/销售
锅柄状突出部,2,32160:V2融合世界标签体系/通用分类标签/知识与学科/手柄/锅柄状突出部 || 32427:V2融合世界标签体系/通用分类标签/知识与学科/锅柄状突出部
锡,2,8759:V2融合世界标签体系/通用分类标签/人造物体/容器/器皿/锡 || 31637:V2融合世界标签体系/通用分类标签/材料与物质/元素/金属/锡
锡兰醋栗,2,20488:V2融合世界标签体系/通用分类标签/植物/乔木灌木林木/乔木/锡兰醋栗 || 29290:V2融合世界标签体系/通用分类标签/食物/农产品/食用水果/锡兰醋栗
锤子,2,5643:V2融合世界标签体系/通用分类标签/人造物体/工业机械设备/锤子 || 29977:V2融合世界标签体系/通用分类标签/声音/事物声音/工具/锤子
锦鲤,2,13412:V2融合世界标签体系/通用分类标签/动物/水生非哺乳生物/硬骨鱼/真骨鱼/软鳍鱼/鲤形目鱼类/鲤科鱼/鲤鱼/锦鲤 || 13413:V2融合世界标签体系/通用分类标签/动物/水生非哺乳生物/硬骨鱼/真骨鱼/软鳍鱼/鲤形目鱼类/鲤科鱼/鲤鱼/锦鲤
键盘,2,5988:V2融合世界标签体系/通用分类标签/人造物体/数码 3C 电子/键盘 || 11615:V2融合世界标签体系/通用分类标签/人造物体/键盘
锯,2,9176:V2融合世界标签体系/通用分类标签/人造物体/手工工具/锯 || 27046:V2融合世界标签体系/通用分类标签/行为动作/锯
镶嵌,2,10127:V2融合世界标签体系/通用分类标签/人造物体/点缀/镶嵌 || 19214:V2融合世界标签体系/通用分类标签/文化艺术与媒介/镶嵌
长号,2,3302:V2融合世界标签体系/通用分类标签/人造物体/中西乐器/管乐器/铜管乐器/长号 || 29940:V2融合世界标签体系/通用分类标签/声音/乐器/铜管乐器/长号
长寿花水仙,2,22103:V2融合世界标签体系/通用分类标签/植物/球根植物/水仙属/喇叭水仙/长寿花水仙 || 22104:V2融合世界标签体系/通用分类标签/植物/球根植物/水仙属/长寿花水仙
长手套,2,7892:V2融合世界标签体系/通用分类标签/人造物体/商品/消费品/可穿戴设备/手部穿戴物/手套/长手套 || 10958:V2融合世界标签体系/通用分类标签/人造物体/覆盖物/可穿戴设备/手部穿戴物/手套/长手套
长板,2,1054:V2融合世界标签体系/通用分类标签/交通工具/轮式车辆/滑板/长板 || 9082:V2融合世界标签体系/通用分类标签/人造物体/扁平立体/板/冲浪板/长板
长笛,2,3303:V2融合世界标签体系/通用分类标签/人造物体/中西乐器/管乐器/长笛 || 6828:V2融合世界标签体系/通用分类标签/人造物体/益智玩具/长笛
长筒袜,2,8190:V2融合世界标签体系/通用分类标签/人造物体/商品/消费品/可穿戴设备/鞋子/袜类/长筒袜 || 11256:V2融合世界标签体系/通用分类标签/人造物体/覆盖物/可穿戴设备/鞋子/袜类/长筒袜
长绒地毯,2,8582:V2融合世界标签体系/通用分类标签/人造物体/家具/地毯/长绒地毯 || 11276:V2融合世界标签体系/通用分类标签/人造物体/覆盖物/地板蒙布/地毯/长绒地毯
长裙,2,8067:V2融合世界标签体系/通用分类标签/人造物体/商品/消费品/可穿戴设备/衣服/女裙/长裙 || 11133:V2融合世界标签体系/通用分类标签/人造物体/覆盖物/可穿戴设备/衣服/女裙/长裙
长途客车,2,678:V2融合世界标签体系/通用分类标签/交通工具/公共运输/公交车/长途客车 || 2066:V2融合世界标签体系/通用分类标签/人物与人体/会长/教练/长途客车
门把手,2,27049:V2融合世界标签体系/通用分类标签/行为动作/门把手 || 32161:V2融合世界标签体系/通用分类标签/知识与学科/手柄/门把手
门牌,2,9108:V2融合世界标签体系/通用分类标签/人造物体/扁平立体/铭牌/门牌 || 9109:V2融合世界标签体系/通用分类标签/人造物体/扁平立体/铭牌/门牌/门牌
闪电,2,19215:V2融合世界标签体系/通用分类标签/文化艺术与媒介/闪电 || 27052:V2融合世界标签体系/通用分类标签/行为动作/闪光/闪电
问候,2,26266:V2融合世界标签体系/通用分类标签/行为动作/去/问候 || 27053:V2融合世界标签体系/通用分类标签/行为动作/问候
阁楼,2,17570:V2融合世界标签体系/通用分类标签/建筑与基础设施/分隔物/墙/阁楼 || 17826:V2融合世界标签体系/通用分类标签/建筑与基础设施/地板/阁楼
阔幅地毯,2,8583:V2融合世界标签体系/通用分类标签/人造物体/家具/地毯/阔幅地毯 || 11277:V2融合世界标签体系/通用分类标签/人造物体/覆盖物/地板蒙布/地毯/阔幅地毯
防护服装,2,8161:V2融合世界标签体系/通用分类标签/人造物体/商品/消费品/可穿戴设备/防护服装 || 11227:V2融合世界标签体系/通用分类标签/人造物体/覆盖物/可穿戴设备/防护服装
防水外套,2,7830:V2融合世界标签体系/通用分类标签/人造物体/商品/消费品/可穿戴设备/外套服装/防水外套 || 10896:V2融合世界标签体系/通用分类标签/人造物体/覆盖物/可穿戴设备/外套服装/防水外套
防水夹克,2,8020:V2融合世界标签体系/通用分类标签/人造物体/商品/消费品/可穿戴设备/衣服/外衣/外套/防水夹克 || 11086:V2融合世界标签体系/通用分类标签/人造物体/覆盖物/可穿戴设备/衣服/外衣/外套/防水夹克
阿拉伯人,2,2980:V2融合世界标签体系/通用分类标签/人物与人体/白人/闪米特人/阿拉伯人 || 12140:V2融合世界标签体系/通用分类标签/动物/哺乳动物/马科动物/家马/坐骑/阿拉伯人
陀螺,2,18823:V2融合世界标签体系/通用分类标签/文化艺术与媒介/区域/陀螺 || 32293:V2融合世界标签体系/通用分类标签/知识与学科/界限/表面/陀螺
院子,2,8324:V2融合世界标签体系/通用分类标签/人造物体/器具/杆/杆/圆材/院子 || 17647:V2融合世界标签体系/通用分类标签/建筑与基础设施/区/围场/院子
隐睾公马,2,15079:V2融合世界标签体系/通用分类标签/动物/后代/幼年哺乳动物/雏马/小雄驹/隐睾公马 || 15577:V2融合世界标签体系/通用分类标签/动物/雄性/小雄驹/隐睾公马
障碍赛道,2,1173:V2融合世界标签体系/通用分类标签/交通工具/障碍赛道 || 10734:V2融合世界标签体系/通用分类标签/人造物体/装置/球场/障碍赛道
集合,2,10413:V2融合世界标签体系/通用分类标签/人造物体/电子设备/集合 || 23626:V2融合世界标签体系/通用分类标签/组织机构与社会事件/集合
集材机,2,2486:V2融合世界标签体系/通用分类标签/人物与人体/劳动者/集材机 || 3151:V2融合世界标签体系/通用分类标签/人物与人体/集材机
雏菊,2,21863:V2融合世界标签体系/通用分类标签/植物/显花植物/开花植物/开花植物/雏菊 || 21864:V2融合世界标签体系/通用分类标签/植物/显花植物/开花植物/开花植物/雏菊/雏菊
雕塑,2,6987:V2融合世界标签体系/通用分类标签/人造物体/艺术品与工艺品/雕塑 || 18638:V2融合世界标签体系/通用分类标签/文化艺术与媒介/视觉艺术/雕塑
雨披,2,8037:V2融合世界标签体系/通用分类标签/人造物体/商品/消费品/可穿戴设备/衣服/外衣/披风/雨披 || 11103:V2融合世界标签体系/通用分类标签/人造物体/覆盖物/可穿戴设备/衣服/外衣/披风/雨披
雨滴,2,23854:V2融合世界标签体系/通用分类标签/自然景观/天文天象气象/雨/雨滴 || 31360:V2融合世界标签体系/通用分类标签/时间数量与度量/不定量/少量/液滴/雨滴
雨靴,2,11356:V2融合世界标签体系/通用分类标签/人造物体/覆盖物/足部装备/皮靴/雨靴 || 11632:V2融合世界标签体系/通用分类标签/人造物体/雨靴
雪地服,2,8038:V2融合世界标签体系/通用分类标签/人造物体/商品/消费品/可穿戴设备/衣服/外衣/雪地服 || 11104:V2融合世界标签体系/通用分类标签/人造物体/覆盖物/可穿戴设备/衣服/外衣/雪地服
雪松,2,20097:V2融合世界标签体系/通用分类标签/植物/乔木灌木林木/针叶树/雪松 || 20102:V2融合世界标签体系/通用分类标签/植物/乔木灌木林木/针叶树/雪松
雪球,2,10198:V2融合世界标签体系/通用分类标签/人造物体/玩具/球/雪球 || 21935:V2融合世界标签体系/通用分类标签/植物/显花植物/开花植物/野花/沙地马鞭草/雪球
雪茄,2,31823:V2融合世界标签体系/通用分类标签/材料与物质/植物材料/植物产品/烟草/烟草卷/雪茄 || 31837:V2融合世界标签体系/通用分类标签/材料与物质/毒品/毒品/烟草/烟草卷/雪茄
零售,2,25936:V2融合世界标签体系/通用分类标签/行为动作/交易/销售/零售 || 26170:V2融合世界标签体系/通用分类标签/行为动作/出卖/零售
零食,2,28988:V2融合世界标签体系/通用分类标签/食物/一道菜/零食 || 29795:V2融合世界标签体系/通用分类标签/食物/零食
雷暴,2,23868:V2融合世界标签体系/通用分类标签/自然景观/天文天象气象/风暴/雷暴 || 30544:V2融合世界标签体系/通用分类标签/声音/自然声音/雷暴
雾号,2,19625:V2融合世界标签体系/通用分类标签/文字与信息图形/信号/警报/雾号 || 30647:V2融合世界标签体系/通用分类标签/声音/雾号
露背装,2,7925:V2融合世界标签体系/通用分类标签/人造物体/商品/消费品/可穿戴设备/服装/露背装 || 10991:V2融合世界标签体系/通用分类标签/人造物体/覆盖物/可穿戴设备/服装/露背装
露营,2,25048:V2融合世界标签体系/通用分类标签/行为动作/休闲娱乐动作/露营 || 27059:V2融合世界标签体系/通用分类标签/行为动作/露营
青铜雕像,2,18646:V2融合世界标签体系/通用分类标签/文化艺术与媒介/视觉艺术/雕塑/塑像/青铜雕像 || 18647:V2融合世界标签体系/通用分类标签/文化艺术与媒介/视觉艺术/雕塑/塑像/青铜雕像
青铜雕塑,2,18654:V2融合世界标签体系/通用分类标签/文化艺术与媒介/视觉艺术/雕塑/青铜雕塑 || 18655:V2融合世界标签体系/通用分类标签/文化艺术与媒介/视觉艺术/雕塑/青铜雕塑
非洲菊,2,21866:V2融合世界标签体系/通用分类标签/植物/显花植物/开花植物/开花植物/非洲菊 || 21867:V2融合世界标签体系/通用分类标签/植物/显花植物/开花植物/开花植物/非洲菊/非洲菊
面包师,2,2434:V2融合世界标签体系/通用分类标签/人物与人体/劳动者/技术工人/面包师 || 3126:V2融合世界标签体系/通用分类标签/人物与人体/资本家/商业人士/商人/面包师
面包果,2,20299:V2融合世界标签体系/通用分类标签/植物/乔木灌木林木/乔木/开花乔木/果树/面包果 || 29291:V2融合世界标签体系/通用分类标签/食物/农产品/食用水果/面包果
面包篮,2,8838:V2融合世界标签体系/通用分类标签/人造物体/容器/手提篮/面包篮 || 29805:V2融合世界标签体系/通用分类标签/食物/面包篮
面粉,2,28244:V2融合世界标签体系/通用分类标签/食物/生鲜食材/面粉 || 29853:V2融合世界标签体系/通用分类标签/食物/食品/面粉
面纱,2,8041:V2融合世界标签体系/通用分类标签/人造物体/商品/消费品/可穿戴设备/衣服/头部覆盖物/面纱 || 11107:V2融合世界标签体系/通用分类标签/人造物体/覆盖物/可穿戴设备/衣服/头部覆盖物/面纱
面试,2,3182:V2融合世界标签体系/通用分类标签/人物与人体/面试 || 27062:V2融合世界标签体系/通用分类标签/行为动作/面试
鞋子,2,8176:V2融合世界标签体系/通用分类标签/人造物体/商品/消费品/可穿戴设备/鞋子 || 11242:V2融合世界标签体系/通用分类标签/人造物体/覆盖物/可穿戴设备/鞋子
鞘,2,10853:V2融合世界标签体系/通用分类标签/人造物体/覆盖物/保护/鞘 || 10856:V2融合世界标签体系/通用分类标签/人造物体/覆盖物/保护/鞘/鞘
鞭子,2,29779:V2融合世界标签体系/通用分类标签/食物/路线/点心/鞭子 || 30649:V2融合世界标签体系/通用分类标签/声音/鞭子
韩式拌饭,2,27619:V2融合世界标签体系/通用分类标签/食物/中式菜肴汤品/韩式拌饭 || 29009:V2融合世界标签体系/通用分类标签/食物/一道菜/韩式拌饭
音乐剧 IP,2,32496:V2融合世界标签体系/IP 分类标签/作品与文化资产 IP/戏曲舞台作品 IP/音乐剧 IP || 32538:V2融合世界标签体系/IP 分类标签/作品与文化资产 IP/音乐作品 IP/音乐剧 IP
音乐工作室,2,19244:V2融合世界标签体系/通用分类标签/文化艺术与媒介/音乐工作室 || 19245:V2融合世界标签体系/通用分类标签/文化艺术与媒介/音乐工作室
音乐流派,2,19673:V2融合世界标签体系/通用分类标签/文字与信息图形/听觉交流/音乐流派 || 19966:V2融合世界标签体系/通用分类标签/文字与信息图形/表现风格/音乐流派
音频CD,2,5718:V2融合世界标签体系/通用分类标签/人造物体/数码 3C 电子/存储设备/光盘/CD/音频CD || 5723:V2融合世界标签体系/通用分类标签/人造物体/数码 3C 电子/存储设备/唱片/CD/音频CD
项链,2,3909:V2融合世界标签体系/通用分类标签/人造物体/包装与容器/项链 || 6919:V2融合世界标签体系/通用分类标签/人造物体/箱包首饰/珠宝首饰/项链
预拌混凝土,2,29398:V2融合世界标签体系/通用分类标签/食物/方便食品/预拌混凝土 || 29826:V2融合世界标签体系/通用分类标签/食物/食品/混合物/混合物/预拌混凝土
颈部服饰,2,8141:V2融合世界标签体系/通用分类标签/人造物体/商品/消费品/可穿戴设备/衣服/颈部服饰 || 11207:V2融合世界标签体系/通用分类标签/人造物体/覆盖物/可穿戴设备/衣服/颈部服饰
颈饰,2,8195:V2融合世界标签体系/通用分类标签/人造物体/商品/消费品/可穿戴设备/颈饰 || 11261:V2融合世界标签体系/通用分类标签/人造物体/覆盖物/可穿戴设备/颈饰
颤音琴,2,3255:V2融合世界标签体系/通用分类标签/人造物体/中西乐器/打击乐器/颤音琴 || 29893:V2融合世界标签体系/通用分类标签/声音/乐器/打击乐/槌击打击乐/颤音琴
风,2,25677:V2融合世界标签体系/通用分类标签/行为动作/社交互动动作/交谈/风 || 30545:V2融合世界标签体系/通用分类标签/声音/自然声音/风
风笛,2,3282:V2融合世界标签体系/通用分类标签/人造物体/中西乐器/管乐器/管子/风笛 || 29951:V2融合世界标签体系/通用分类标签/声音/乐器/风笛
风筝,2,10204:V2融合世界标签体系/通用分类标签/人造物体/玩具/风筝 || 14337:V2融合世界标签体系/通用分类标签/动物/鸟类/猛禽/鹰/风筝
风铃,2,10129:V2融合世界标签体系/通用分类标签/人造物体/点缀/风铃 || 29933:V2融合世界标签体系/通用分类标签/声音/乐器/钟/钟声/风铃
飞溅,2,19248:V2融合世界标签体系/通用分类标签/文化艺术与媒介/飞溅 || 26849:V2融合世界标签体系/通用分类标签/行为动作/状态变化/飞溅
飞盘,2,9482:V2融合世界标签体系/通用分类标签/人造物体/机制/旋转机构/回合/光盘/飞盘 || 10206:V2融合世界标签体系/通用分类标签/人造物体/玩具/飞盘
飞行,2,1184:V2融合世界标签体系/通用分类标签/交通工具/飞行 || 26677:V2融合世界标签体系/通用分类标签/行为动作/旅行/航空旅行/飞行
飞行员太阳镜,2,6931:V2融合世界标签体系/通用分类标签/人造物体/箱包首饰/眼镜/墨镜/飞行员太阳镜 || 6932:V2融合世界标签体系/通用分类标签/人造物体/箱包首饰/眼镜/墨镜/飞行员太阳镜
食肉动物,2,12591:V2融合世界标签体系/通用分类标签/动物/哺乳动物/有胎盘的/食肉动物 || 15153:V2融合世界标签体系/通用分类标签/动物/捕食动物/食肉动物
食虫动物,2,12614:V2融合世界标签体系/通用分类标签/动物/哺乳动物/有胎盘的/食虫动物 || 15587:V2融合世界标签体系/通用分类标签/动物/食虫动物
餐具垫,2,8217:V2融合世界标签体系/通用分类标签/人造物体/商品/纺织品/大型白色家电/亚麻制品/餐桌布草/餐具垫 || 10574:V2融合世界标签体系/通用分类标签/人造物体/缓冲材料/垫子/垫子/餐具垫
餐具柜,2,9098:V2融合世界标签体系/通用分类标签/人造物体/扁平立体/板/餐具柜 || 9099:V2融合世界标签体系/通用分类标签/人造物体/扁平立体/板/餐具柜
餐叉,2,4326:V2融合世界标签体系/通用分类标签/人造物体/厨房餐厨用品/餐具/叉/餐叉 || 4639:V2融合世界标签体系/通用分类标签/人造物体/厨房餐厨用品/餐叉
餐巾,2,4648:V2融合世界标签体系/通用分类标签/人造物体/厨房餐厨用品/餐巾 || 8218:V2融合世界标签体系/通用分类标签/人造物体/商品/纺织品/大型白色家电/亚麻制品/餐桌布草/餐巾
餐车,2,1044:V2融合世界标签体系/通用分类标签/交通工具/轮式车辆/卡丁车/餐车 || 1115:V2融合世界标签体系/通用分类标签/交通工具/轮式车辆/自行式车辆/机动车/餐车
饭团,2,27628:V2融合世界标签体系/通用分类标签/食物/中式菜肴汤品/饭团 || 29861:V2融合世界标签体系/通用分类标签/食物/饭团
饮食,2,29480:V2融合世界标签体系/通用分类标签/食物/票价/饮食 || 29483:V2融合世界标签体系/通用分类标签/食物/票价/饮食
饲料,2,29862:V2融合世界标签体系/通用分类标签/食物/饲料 || 29865:V2融合世界标签体系/通用分类标签/食物/饲料/饲料
馄饨,2,27320:V2融合世界标签体系/通用分类标签/食物/中式主食面点/馄饨 || 28906:V2融合世界标签体系/通用分类标签/食物/一道菜/汤/馄饨
首映,2,26024:V2融合世界标签体系/通用分类标签/行为动作/休养/娱乐/演出/演示/演出/首映 || 32452:V2融合世界标签体系/通用分类标签/知识与学科/首映
香料,2,29736:V2融合世界标签体系/通用分类标签/食物/调味剂/香料 || 31687:V2融合世界标签体系/通用分类标签/材料与物质/化合物/有保护能力的/香料
香蕉,2,22657:V2融合世界标签体系/通用分类标签/植物/草本植物/香蕉 || 29293:V2融合世界标签体系/通用分类标签/食物/农产品/食用水果/香蕉
马球杆,2,7273:V2融合世界标签体系/通用分类标签/人造物体/体育器材/棍棒/马球杆 || 8229:V2融合世界标签体系/通用分类标签/人造物体/器具/体育用具/木槌/马球杆
驮篮,2,8644:V2融合世界标签体系/通用分类标签/人造物体/容器/包/驮篮 || 8835:V2融合世界标签体系/通用分类标签/人造物体/容器/手提篮/柳条篮/驮篮
驾驶员,2,1873:V2融合世界标签体系/通用分类标签/人物与人体/职业身份/驾驶员 || 2489:V2融合世界标签体系/通用分类标签/人物与人体/劳动者/驾驶员
骑乘者,2,2862:V2融合世界标签体系/通用分类标签/人物与人体/旅行者/骑乘者 || 2865:V2融合世界标签体系/通用分类标签/人物与人体/旅行者/骑乘者
骑马斗牛士,2,2826:V2融合世界标签体系/通用分类标签/人物与人体/斗牛士/骑马斗牛士 || 2873:V2融合世界标签体系/通用分类标签/人物与人体/旅行者/骑乘者/骑手/骑马斗牛士
骨,2,23534:V2融合世界标签体系/通用分类标签/组织机构与社会事件/动物组织/结缔组织/骨 || 31672:V2融合世界标签体系/通用分类标签/材料与物质/动物材料/骨
高尔夫球,2,7313:V2融合世界标签体系/通用分类标签/人造物体/体育器材/高尔夫器材/高尔夫球 || 9991:V2融合世界标签体系/通用分类标签/人造物体/游戏器材/球/高尔夫球
高尔夫球包,2,7314:V2融合世界标签体系/通用分类标签/人造物体/体育器材/高尔夫器材/高尔夫球包 || 8645:V2融合世界标签体系/通用分类标签/人造物体/容器/包/高尔夫球包
高尔夫球座,2,3341:V2融合世界标签体系/通用分类标签/人造物体/五金工具/紧固件/别针/销钉/高尔夫球座 || 19250:V2融合世界标签体系/通用分类标签/文化艺术与媒介/高尔夫球座
高性能汽车,2,1109:V2融合世界标签体系/通用分类标签/交通工具/轮式车辆/自行式车辆/机动车/机动车/高性能汽车 || 1116:V2融合世界标签体系/通用分类标签/交通工具/轮式车辆/自行式车辆/机动车/高性能汽车
高跟鞋,2,11393:V2融合世界标签体系/通用分类标签/人造物体/覆盖物/足部装备/鞋/高跟鞋 || 11394:V2融合世界标签体系/通用分类标签/人造物体/覆盖物/足部装备/鞋/高跟鞋
魔术,2,18622:V2融合世界标签体系/通用分类标签/文化艺术与媒介/舞台表演/魔术 || 25874:V2融合世界标签体系/通用分类标签/行为动作/艺术表演动作/魔术
魔术师,2,2996:V2融合世界标签体系/通用分类标签/人物与人体/神秘学者/魔术师 || 3093:V2融合世界标签体系/通用分类标签/人物与人体/表演者/表演者/魔术师
鲤鱼,2,13411:V2融合世界标签体系/通用分类标签/动物/水生非哺乳生物/硬骨鱼/真骨鱼/软鳍鱼/鲤形目鱼类/鲤科鱼/鲤鱼 || 29436:V2融合世界标签体系/通用分类标签/食物/海鲜/淡水鱼/鲤鱼
鳃角金龟,2,15279:V2融合世界标签体系/通用分类标签/动物/无脊椎动物/节肢动物/昆虫/甲虫/鳃角金龟 || 15287:V2融合世界标签体系/通用分类标签/动物/无脊椎动物/节肢动物/昆虫/甲虫/鳃角金龟/金龟子/鳃角金龟
鸟笼,2,17645:V2融合世界标签体系/通用分类标签/建筑与基础设施/区/围场/笼/鸟笼 || 17649:V2融合世界标签体系/通用分类标签/建筑与基础设施/区/围场/鸟笼
鸠鸽,2,14888:V2融合世界标签体系/通用分类标签/动物/鸟类/鸡形目鸟/鸽形目鸟类/鸽子/鸠鸽 || 15591:V2融合世界标签体系/通用分类标签/动物/鸠鸽
鸵鸟,2,3189:V2融合世界标签体系/通用分类标签/人物与人体/鸵鸟 || 14038:V2融合世界标签体系/通用分类标签/动物/鸟类/不会飞的鸟/鸵鸟
鹅,2,14077:V2融合世界标签体系/通用分类标签/动物/鸟类/家禽/鹅 || 14717:V2融合世界标签体系/通用分类标签/动物/鸟类/水禽/水禽/雁形目鸟/鹅
鹌鹑,2,15569:V2融合世界标签体系/通用分类标签/动物/野禽/鹌鹑 || 24811:V2融合世界标签体系/通用分类标签/行为动作/休闲娱乐动作/游戏/准许捕捉的鸟/雉科鸟类/鹌鹑
鹦鹉,2,2912:V2融合世界标签体系/通用分类标签/人物与人体/模仿者/鹦鹉 || 14993:V2融合世界标签体系/通用分类标签/动物/鸟类/鹦鹉
鹪鹩,2,14843:V2融合世界标签体系/通用分类标签/动物/鸟类/雀形目鸟类/鹪鹩 || 14849:V2融合世界标签体系/通用分类标签/动物/鸟类/雀形目鸟类/鹪鹩/鹪鹩
鹿皮绔,2,8113:V2融合世界标签体系/通用分类标签/人造物体/商品/消费品/可穿戴设备/衣服/裤子/及膝短裤/鹿皮绔 || 11179:V2融合世界标签体系/通用分类标签/人造物体/覆盖物/可穿戴设备/衣服/裤子/及膝短裤/鹿皮绔
麝香玫瑰,2,20609:V2融合世界标签体系/通用分类标签/植物/乔木灌木林木/灌木/月季/麝香玫瑰 || 20668:V2融合世界标签体系/通用分类标签/植物/乔木灌木林木/灌木/锦葵/麝香玫瑰
麦克风,2,6006:V2融合世界标签体系/通用分类标签/人造物体/数码 3C 电子/麦克风 || 29999:V2融合世界标签体系/通用分类标签/声音/事物声音/杂项来源/音响设备/麦克风
黄色南瓜,2,21300:V2融合世界标签体系/通用分类标签/植物/草本竹藤植物/藤本植物/南瓜藤/夏南瓜/黄色南瓜 || 29103:V2融合世界标签体系/通用分类标签/食物/农产品/蔬菜/壁球运动/夏南瓜/黄色南瓜
黄蜂,2,2698:V2融合世界标签体系/通用分类标签/人物与人体/宗教人士/基督徒/新教徒/黄蜂 || 2984:V2融合世界标签体系/通用分类标签/人物与人体/白人/黄蜂
黄铜,2,10130:V2融合世界标签体系/通用分类标签/人造物体/点缀/黄铜 || 31859:V2融合世界标签体系/通用分类标签/材料与物质/混合物/合金/铜基合金/黄铜
黑板,2,3738:V2融合世界标签体系/通用分类标签/人造物体/办公文具/黑板 || 9110:V2融合世界标签体系/通用分类标签/人造物体/扁平立体/黑板
黑雁,2,14726:V2融合世界标签体系/通用分类标签/动物/鸟类/水禽/水禽/雁形目鸟/鹅/黑雁 || 14727:V2融合世界标签体系/通用分类标签/动物/鸟类/水禽/水禽/雁形目鸟/鹅/黑雁/黑雁
黑领结,2,8148:V2融合世界标签体系/通用分类标签/人造物体/商品/消费品/可穿戴设备/衣服/颈部服饰/领带/蝴蝶结领带/黑领结 || 11214:V2融合世界标签体系/通用分类标签/人造物体/覆盖物/可穿戴设备/衣服/颈部服饰/领带/蝴蝶结领带/黑领结
黑麦,2,24431:V2融合世界标签体系/通用分类标签/自然景观/植物结构/植物器官/生殖结构/果子/种子/谷物/黑麦 || 29581:V2融合世界标签体系/通用分类标签/食物/致醉物/烈性酒/威士忌/黑麦
鼓,2,6837:V2融合世界标签体系/通用分类标签/人造物体/益智玩具/鼓 || 29903:V2融合世界标签体系/通用分类标签/声音/乐器/打击乐/鼓
鼓掌,2,30076:V2融合世界标签体系/通用分类标签/声音/人类声音/双手/鼓掌 || 30077:V2融合世界标签体系/通用分类标签/声音/人类声音/双手/鼓掌/鼓掌
鼠标垫,2,10575:V2融合世界标签体系/通用分类标签/人造物体/缓冲材料/垫子/垫子/鼠标垫 || 10576:V2融合世界标签体系/通用分类标签/人造物体/缓冲材料/垫子/垫子/鼠标垫
齐特琴,2,3227:V2融合世界标签体系/通用分类标签/人造物体/中西乐器/弦乐器/齐特琴 || 29921:V2融合世界标签体系/通用分类标签/声音/乐器/拨弦乐器/齐特琴
齿轮,2,9563:V2融合世界标签体系/通用分类标签/人造物体/机制/机械装置/机器/车轮/齿轮 || 9588:V2融合世界标签体系/通用分类标签/人造物体/机制/齿轮
齿轮组,2,9591:V2融合世界标签体系/通用分类标签/人造物体/机制/齿轮/齿轮组 || 29992:V2融合世界标签体系/通用分类标签/声音/事物声音/机制/齿轮组
龟背竹,2,21325:V2融合世界标签体系/通用分类标签/植物/草本竹藤植物/藤本植物/木质藤本/龟背竹属/龟背竹 || 29295:V2融合世界标签体系/通用分类标签/食物/农产品/食用水果/龟背竹
