标签名,出现次数,位置(行号:路径)
屏幕,7,9717:通用分类标签/人造物体/电子器件/指示器/屏幕 || 9987:通用分类标签/人造物体/表面/屏幕 || 10131:通用分类标签/人造物体/覆盖物/保护/屏幕 || 10236:通用分类标签/人造物体/覆盖物/屏幕 || 10379:通用分类标签/人造物体/过滤器/滤网/屏幕 || 16330:通用分类标签/建筑与基础设施/分隔物/屏幕 || 16995:通用分类标签/建筑与基础设施/辎重/屏障/可移动屏障/门/屏幕
木材,7,2945:通用分类标签/人造物体/中西乐器/管乐器/木材 || 6930:通用分类标签/人造物体/体育器材/棒球器材/木材 || 6945:通用分类标签/人造物体/体育器材/高尔夫器材/高尔夫球杆/木材 || 7824:通用分类标签/人造物体/器具/木条/棍棒/板球棒/木材 || 8815:通用分类标签/人造物体/支持/结构构件/垂直方向/柱子/木材 || 8832:通用分类标签/人造物体/支持/结构构件/栋梁/木材 || 28119:通用分类标签/声音/事物声音/木材
水龙头,6,7966:通用分类标签/人造物体/固定物/卫生洁具/水龙头 || 8902:通用分类标签/人造物体/机制/控制/调节器/水龙头 || 10485:通用分类标签/人造物体/道路/通道/导管/管/滚边/排放管/水龙头 || 16958:通用分类标签/建筑与基础设施/辎重/堵塞/塞子/水龙头 || 28106:通用分类标签/声音/事物声音/家庭声音/水龙头 || 28505:通用分类标签/声音/来源不明声音/通用撞击声/水龙头
乐队,5,6556:通用分类标签/人造物体/箱包首饰/珠宝首饰/乐队 || 9161:通用分类标签/人造物体/条带/乐队 || 9506:通用分类标签/人造物体/点缀/装饰/乐队 || 9875:通用分类标签/人造物体/约束/乐队 || 21949:通用分类标签/组织机构与社会事件/音乐组织/乐团/乐队
信封,5,3137:通用分类标签/人造物体/办公文具/信封 || 8101:通用分类标签/人造物体/容器/信封 || 8113:通用分类标签/人造物体/容器/包/信封 || 10195:通用分类标签/人造物体/覆盖物/包装/信封 || 22633:通用分类标签/自然景观/天然覆盖物/信封
千斤顶,5,9371:通用分类标签/人造物体/游戏器材/球/千斤顶 || 9643:通用分类标签/人造物体/电力设备/千斤顶 || 12322:通用分类标签/动物/水生非哺乳生物/硬骨鱼/真骨鱼/棘鳍目鱼/鲈形亚目鱼/鲹/千斤顶 || 27383:通用分类标签/食物/农产品/食用水果/千斤顶 || 29358:通用分类标签/时间数量与度量/不定量/少量/千斤顶
壳,5,250:通用分类标签/交通工具/水上载具/小船/竞赛艇/壳 || 10094:通用分类标签/人造物体/覆盖物/保护/住房/壳 || 10168:通用分类标签/人造物体/覆盖物/保护/盾牌/壳 || 22637:通用分类标签/自然景观/天然覆盖物/壳 || 22640:通用分类标签/自然景观/天然覆盖物/容器盒/壳
大豆,5,19303:通用分类标签/植物/农作物/大豆 || 21057:通用分类标签/植物/草本植物/豆科植物/大豆 || 22849:通用分类标签/自然景观/植物结构/植物器官/生殖结构/果子/种子/豆/大豆 || 26613:通用分类标签/食物/调味品/大豆 || 27358:通用分类标签/食物/农产品/蔬菜/豆科植物/蚕豆/大豆
头部,5,1175:通用分类标签/人物与人体/人体部位/头部 || 1846:通用分类标签/人物与人体/会长/头部 || 8579:通用分类标签/人造物体/扁平立体/膜/头部 || 14001:通用分类标签/动物/家养动物/头部 || 16658:通用分类标签/建筑与基础设施/投影/头部
玉米,5,19447:通用分类标签/植物/农作物/玉米 || 19794:通用分类标签/植物/草本竹藤植物/牧草/谷类禾草/玉米 || 22845:通用分类标签/自然景观/植物结构/植物器官/生殖结构/果子/种子/谷物/种仁/玉米 || 27690:通用分类标签/食物/致醉物/烈性酒/威士忌/玉米 || 27952:通用分类标签/食物/食品/谷物/玉米
跑道,5,10034:通用分类标签/人造物体/表面/水平仪/平台/跑道 || 10045:通用分类标签/人造物体/表面/水平仪/铺装表面/跑道 || 10075:通用分类标签/人造物体/装置/球场/跑道 || 10353:通用分类标签/人造物体/跑道 || 16176:通用分类标签/建筑与基础设施/路桥隧道工程/公路/跑道
一股烟气,4,4708:通用分类标签/人造物体/家居软装小件/床上用品/一股烟气 || 8003:通用分类标签/人造物体/坐椅/一股烟气 || 25006:通用分类标签/行为动作/气流/阵风/一股烟气 || 27577:通用分类标签/食物/烘焙食品/糕点/一股烟气
亚麻,4,7253:通用分类标签/人造物体/台布/亚麻 || 19240:通用分类标签/植物/农作物/亚麻 || 20735:通用分类标签/植物/草本植物/亚麻 || 29759:通用分类标签/材料与物质/植物材料/植物产品/植物纤维/亚麻
伪装,4,7262:通用分类标签/人造物体/台布/伪装 || 7475:通用分类标签/人造物体/商品/消费品/可穿戴设备/打扮/伪装 || 10237:通用分类标签/人造物体/覆盖物/屏幕/伪装 || 28987:通用分类标签/属性与状态/外表/表象/伪装
兜帽,4,2354:通用分类标签/人物与人体/坏人/作恶者/校长/犯人/兜帽 || 7418:通用分类标签/人造物体/商品/消费品/可穿戴设备/头具/兜帽 || 10102:通用分类标签/人造物体/覆盖物/保护/兜帽 || 10191:通用分类标签/人造物体/覆盖物/兜帽
公寓,4,15003:通用分类标签/场景/自然户外场景/田野/公寓 || 16254:通用分类标签/建筑与基础设施/住宅/住处/H类住宅/公寓 || 16290:通用分类标签/建筑与基础设施/住宅/住处/公寓 || 16291:通用分类标签/建筑与基础设施/住宅/公寓
公鸡,4,2329:通用分类标签/人物与人体/器官/勃起器官/阴茎/公鸡 || 13009:通用分类标签/动物/鸟类/家禽/公鸡 || 13014:通用分类标签/动物/鸟类/家禽/原鸡/公鸡 || 13513:通用分类标签/动物/鸟类/公鸡
发动机,4,979:通用分类标签/交通工具/轮式车辆/自行式车辆/发动机 || 6776:通用分类标签/人造物体/乐器/器械/发动机 || 9092:通用分类标签/人造物体/机器/发动机 || 28281:通用分类标签/声音/发动机
囊地鼠,4,2004:通用分类标签/人物与人体/住户/美国人/囊地鼠 || 10809:通用分类标签/动物/哺乳动物/啮齿动物/家鼠/囊鼠/囊地鼠 || 10816:通用分类标签/动物/哺乳动物/啮齿动物/松鼠/囊地鼠 || 12807:通用分类标签/动物/爬行动物/龟鳖类/乌龟/陆龟/囊地鼠
围巾,4,5805:通用分类标签/人造物体/服饰全品/围巾 || 7447:通用分类标签/人造物体/商品/消费品/可穿戴设备/女装/女服/围巾 || 7552:通用分类标签/人造物体/商品/消费品/可穿戴设备/衣服/围巾 || 10388:通用分类标签/人造物体/连接/交汇处/关节/围巾
垃圾,4,778:通用分类标签/交通工具/垃圾 || 8400:通用分类标签/人造物体/容器/垃圾 || 14370:通用分类标签/动物/生物类群/动物组/垃圾 || 29699:通用分类标签/材料与物质/垃圾
头巾,4,5717:通用分类标签/人造物体/服饰全品/帽子/女帽/头巾 || 7427:通用分类标签/人造物体/商品/消费品/可穿戴设备/头具/头巾 || 7553:通用分类标签/人造物体/商品/消费品/可穿戴设备/衣服/围巾/头巾 || 9164:通用分类标签/人造物体/条带/乐队/头巾
女王,4,2521:通用分类标签/人物与人体/拟人化/女王 || 11081:通用分类标签/动物/哺乳动物/猫科动物/猫/家猫/女王 || 14141:通用分类标签/动物/无脊椎动物/节肢动物/昆虫/女王 || 29839:通用分类标签/材料与物质/纸/卡/扑克牌/人头牌/女王
学院,4,15572:通用分类标签/建筑与基础设施/公共服务建筑/学校/中学/学院 || 16589:通用分类标签/建筑与基础设施/复合体/学院 || 21933:通用分类标签/组织机构与社会事件/身体/学院 || 29560:通用分类标签/时间数量与度量/行政单位/部门/学院
容器,4,2508:通用分类标签/人物与人体/所有者/容器 || 8099:通用分类标签/人造物体/容器 || 16902:通用分类标签/建筑与基础设施/管/容器 || 30186:通用分类标签/知识与学科/配件/容器
弓,4,3051:通用分类标签/人造物体/五金工具/紧固件/结/弓 || 9491:通用分类标签/人造物体/点缀/弓 || 10612:通用分类标签/人造物体/武器/弓 || 29238:通用分类标签/属性与状态/线/曲线/弓
手套,4,5850:通用分类标签/人造物体/服饰全品/手套 || 6907:通用分类标签/人造物体/体育器材/拳击装备/手套 || 6928:通用分类标签/人造物体/体育器材/棒球器材/手套 || 7466:通用分类标签/人造物体/商品/消费品/可穿戴设备/手部穿戴物/手套
打印机,4,2193:通用分类标签/人物与人体/劳动者/技术工人/打印机 || 5459:通用分类标签/人造物体/数码 3C 电子/打印机 || 9075:通用分类标签/人造物体/机器/印刷机/打印机 || 28121:通用分类标签/声音/事物声音/机制/打印机
支架,4,6987:通用分类标签/人造物体/假牙/支架 || 8794:通用分类标签/人造物体/支持/支架 || 9226:通用分类标签/人造物体/桌子/支架 || 16715:通用分类标签/建筑与基础设施/支承结构/构架/支架
敬礼,4,18355:通用分类标签/文字与信息图形/感谢/迎接/敬礼 || 18364:通用分类标签/文字与信息图形/批准/识别/敬礼 || 24597:通用分类标签/行为动作/去/问候/敬礼 || 24672:通用分类标签/行为动作/姿势/敬礼
文件,4,2476:通用分类标签/人物与人体/布置/队列/形成物/文件 || 4376:通用分类标签/人造物体/家具大件/办公家具/文件 || 8616:通用分类标签/人造物体/手工工具/文件 || 18387:通用分类标签/文字与信息图形/指示/记录/文件
斑点,4,7045:通用分类标签/人造物体/光源/灯/斑点 || 9466:通用分类标签/人造物体/点缀/人物形象/标记行为/斑点 || 9470:通用分类标签/人造物体/点缀/人物形象/标记行为/斑点/斑疹/斑点 || 16780:通用分类标签/建筑与基础设施/机构/商业机构/斑点
日期,4,27395:通用分类标签/食物/农产品/食用水果/日期 || 29458:通用分类标签/时间数量与度量/基本量/一段时间/日历日/日期 || 29466:通用分类标签/时间数量与度量/基本量/一段时间/日历月/日期 || 29519:通用分类标签/时间数量与度量/时间单位/24小时/日期
板,4,8554:通用分类标签/人造物体/扁平立体/板 || 9201:通用分类标签/人造物体/桌子/板 || 9995:通用分类标签/人造物体/表面/板 || 29556:通用分类标签/时间数量与度量/行政单位/委员会/板
栗子,4,11155:通用分类标签/动物/哺乳动物/马科动物/家马/栗子 || 18929:通用分类标签/植物/乔木灌木林木/乔木/栗子 || 22823:通用分类标签/自然景观/植物结构/植物器官/生殖结构/果子/种子/坚果/食用坚果/栗子 || 29746:通用分类标签/材料与物质/植物材料/木/栗子
海豹,4,2174:通用分类标签/人物与人体/劳动者/技术工人/军事人员群体/水兵/海豹 || 3037:通用分类标签/人造物体/五金工具/紧固件/海豹 || 9348:通用分类标签/人造物体/海豹 || 11487:通用分类标签/动物/哺乳动物/有胎盘哺乳动物/水栖哺乳动物/鳍足动物/海豹
牦牛,4,11357:通用分类标签/动物/哺乳动物/有胎盘哺乳动物/有蹄哺乳动物/偶蹄动物/反刍动物/牛科动物/牛属动物/印度瘤牛/牦牛 || 11376:通用分类标签/动物/哺乳动物/有胎盘哺乳动物/有蹄哺乳动物/偶蹄动物/反刍动物/牛科动物/牛属动物/野牛/牦牛 || 13950:通用分类标签/动物/农场动物/牛亚科/牦牛 || 24067:通用分类标签/行为动作/社交互动动作/交谈/牦牛
竞速者,4,759:通用分类标签/交通工具/司机/竞速者 || 1027:通用分类标签/交通工具/轮式车辆/自行式车辆/机动车/竞速者 || 12717:通用分类标签/动物/爬行动物/蛇类/游蛇科蛇/竞速者 || 14374:通用分类标签/动物/竞速者
篮球,4,6422:通用分类标签/人造物体/益智玩具/篮球 || 6940:通用分类标签/人造物体/体育器材/篮球器材/篮球 || 9390:通用分类标签/人造物体/游戏器材/球/篮球 || 23157:通用分类标签/行为动作/休闲娱乐动作/游戏/体育游戏/场地球类运动/篮球
纹理,4,28897:通用分类标签/属性与状态/作品/纹理 || 28975:通用分类标签/属性与状态/声音属性/纹理 || 29262:通用分类标签/属性与状态/视觉属性/纹理 || 29289:通用分类标签/属性与状态/触觉属性/纹理
线,4,9900:通用分类标签/人造物体/线 || 21844:通用分类标签/组织机构与社会事件/企业/承运人/线 || 29227:通用分类标签/属性与状态/线 || 30158:通用分类标签/知识与学科/线
绵羊,4,2054:通用分类标签/人物与人体/傻瓜/绵羊 || 11377:通用分类标签/动物/哺乳动物/有胎盘哺乳动物/有蹄哺乳动物/偶蹄动物/反刍动物/牛科动物/绵羊 || 11386:通用分类标签/动物/哺乳动物/有胎盘哺乳动物/有蹄哺乳动物/偶蹄动物/反刍动物/牛科动物/绵羊/家羊/绵羊 || 13953:通用分类标签/动物/农场动物/绵羊
萝卜,4,20791:通用分类标签/植物/草本植物/十字花科植物/萝卜 || 22765:通用分类标签/自然景观/植物结构/植物器官/根/萝卜 || 27284:通用分类标签/食物/农产品/蔬菜/十字花科蔬菜/萝卜 || 27329:通用分类标签/食物/农产品/蔬菜/根菜类/萝卜
蚕豆,4,19573:通用分类标签/植物/农作物/蚕豆 || 27357:通用分类标签/食物/农产品/蔬菜/豆科植物/蚕豆 || 27366:通用分类标签/食物/农产品/蔬菜/豆科植物/蚕豆/菜豆/鲜豆/食荚豆/蚕豆 || 27971:通用分类标签/食物/饲料/蚕豆
角,4,8664:通用分类标签/人造物体/报警系统/角 || 29154:通用分类标签/属性与状态/无定形/角 || 29634:通用分类标签/材料与物质/动物材料/角 || 30083:通用分类标签/知识与学科/点/角
警报器,4,6717:通用分类标签/人造物体/乐器/器械/仪器/时计/时钟/警报器 || 8070:通用分类标签/人造物体/声学装置/警报器 || 8666:通用分类标签/人造物体/报警系统/警报器 || 28162:通用分类标签/声音/事物声音/警报器
通道,4,10471:通用分类标签/人造物体/道路/通道 || 16183:通用分类标签/建筑与基础设施/路桥隧道工程/公路/通道 || 16938:通用分类标签/建筑与基础设施/走廊/通道 || 25107:通用分类标签/行为动作/状态变化/通道
闪光,4,7245:通用分类标签/人造物体/台布/布料/补丁/闪光 || 25279:通用分类标签/行为动作/闪光 || 28994:通用分类标签/属性与状态/外表/面容/表达/闪光 || 29259:通用分类标签/属性与状态/视觉属性/亮度/闪光
丁字裤,3,7535:通用分类标签/人造物体/商品/消费品/可穿戴设备/衣服/贴身衣物/内裤/丁字裤 || 7925:通用分类标签/人造物体/器具/皮带/丁字裤 || 10309:通用分类标签/人造物体/覆盖物/足部装备/鞋/凉鞋/丁字裤
三柱门,3,6909:通用分类标签/人造物体/体育器材/板球装备/三柱门 || 8487:通用分类标签/人造物体/开口/三柱门 || 16979:通用分类标签/建筑与基础设施/辎重/屏障/可移动屏障/大门/三柱门
丝,3,7250:通用分类标签/人造物体/台布/丝 || 29624:通用分类标签/材料与物质/动物材料/动物产品/动物纤维/丝 || 29706:通用分类标签/材料与物质/天然纤维/动物纤维/丝
主人,3,2413:通用分类标签/人物与人体/大人/主人 || 2736:通用分类标签/人物与人体/表演者/主人 || 9029:通用分类标签/人造物体/机器/信息处理系统/主人
乒乓球,3,6189:通用分类标签/人造物体/益智玩具/乒乓球 || 9367:通用分类标签/人造物体/游戏器材/球/乒乓球 || 23220:通用分类标签/行为动作/休闲娱乐动作/游戏/桌上游戏/乒乓球
乒乓球拍,3,7781:通用分类标签/人造物体/器具/体育用具/乒乓球拍 || 7787:通用分类标签/人造物体/器具/体育用具/球拍/乒乓球拍 || 7826:通用分类标签/人造物体/器具/木条/棍棒/板球棒/桨/乒乓球拍
书,3,17374:通用分类标签/文化艺术与媒介/产品/书 || 17424:通用分类标签/文化艺术与媒介/出版物/书 || 18133:通用分类标签/文字与信息图形/书面交流/部分/书
云杉松,3,18589:通用分类标签/植物/乔木灌木林木/针叶树/云杉/云杉松 || 18611:通用分类标签/植物/乔木灌木林木/针叶树/松属植物/云杉松 || 18638:通用分类标签/植物/乔木灌木林木/针叶树/毒芹/云杉松
井,3,8166:通用分类标签/人造物体/容器/器皿/井 || 8688:通用分类标签/人造物体/挖掘/井 || 10519:通用分类标签/人造物体/道路/通道/走廊/轴杆/井
人物形象,3,9440:通用分类标签/人造物体/点缀/人物形象 || 17507:通用分类标签/文化艺术与媒介/插图/人物形象 || 28870:通用分类标签/属性与状态/人物形象
人行道,3,6828:通用分类标签/人造物体/人行道 || 10043:通用分类标签/人造物体/表面/水平仪/铺装表面/人行道 || 23069:通用分类标签/行为动作/交通出行动作/步行/人行道
仪式,3,21832:通用分类标签/组织机构与社会事件/事务/仪式 || 24318:通用分类标签/行为动作/仪式 || 24774:通用分类标签/行为动作/惯例/习俗/仪式
住所,3,8690:通用分类标签/人造物体/挖掘/住所 || 15455:通用分类标签/场景/栖息地/住所 || 16245:通用分类标签/建筑与基础设施/住宅/住处/H类住宅/住所
侦探,3,1751:通用分类标签/人物与人体/专家/调查员/侦探 || 2034:通用分类标签/人物与人体/保护者/保护器/执法人员/官员/侦探 || 10285:通用分类标签/人造物体/覆盖物/足部装备/套鞋/侦探
保姆,3,1337:通用分类标签/人物与人体/性别与生理属性/女性/女人/保姆 || 2396:通用分类标签/人物与人体/大人/专业人员/初级保健提供者/保姆 || 11344:通用分类标签/动物/哺乳动物/有胎盘哺乳动物/有蹄哺乳动物/偶蹄动物/反刍动物/牛科动物/山羊/保姆
停止,3,8941:通用分类标签/人造物体/机制/机械装置/停止 || 21908:通用分类标签/组织机构与社会事件/收场/停止 || 30067:通用分类标签/知识与学科/点/地形点/停止
傍晚,3,23250:通用分类标签/行为动作/休闲娱乐动作/阅读/时候/小时/傍晚 || 29434:通用分类标签/时间数量与度量/基本量/一段时间/傍晚 || 29468:通用分类标签/时间数量与度量/基本量/一段时间/日间/傍晚
储物柜,3,3007:通用分类标签/人造物体/五金工具/紧固件/储物柜 || 4428:通用分类标签/人造物体/家具大件/储物柜 || 16437:通用分类标签/建筑与基础设施/区/室/包房/储物柜
光盘,3,5378:通用分类标签/人造物体/数码 3C 电子/存储设备/光盘 || 8917:通用分类标签/人造物体/机制/旋转机构/回合/光盘 || 28769:通用分类标签/声音/频道/声音重放/光盘
公园,3,16067:通用分类标签/建筑与基础设施/文化体育建筑/体育场/公园 || 28903:通用分类标签/属性与状态/公园 || 29870:通用分类标签/知识与学科/土地块/公园
公牛,3,2035:通用分类标签/人物与人体/保护者/保护器/执法人员/官员/公牛 || 11328:通用分类标签/动物/哺乳动物/有胎盘哺乳动物/公牛 || 11362:通用分类标签/动物/哺乳动物/有胎盘哺乳动物/有蹄哺乳动物/偶蹄动物/反刍动物/牛科动物/牛属动物/家牛/公牛
内衣,3,5760:通用分类标签/人造物体/服饰全品/内衣 || 7527:通用分类标签/人造物体/商品/消费品/可穿戴设备/衣服/贴身衣物/内衣 || 7530:通用分类标签/人造物体/商品/消费品/可穿戴设备/衣服/贴身衣物/内衣/女内衣/内衣
冰,3,6566:通用分类标签/人造物体/箱包首饰/珠宝首饰/宝石/钻石/冰 || 16856:通用分类标签/建筑与基础设施/溜冰场/冰 || 27867:通用分类标签/食物/路线/点心/冷冻甜点/冰
冰淇淋甜筒,3,7991:通用分类标签/人造物体/圆锥体/冰淇淋甜筒 || 8103:通用分类标签/人造物体/容器/冰淇淋甜筒 || 27869:通用分类标签/食物/路线/点心/冷冻甜点/冰淇淋甜筒
冷凝器,3,6842:通用分类标签/人造物体/仪器/冷凝器 || 7020:通用分类标签/人造物体/光学设备/透镜/冷凝器 || 9641:通用分类标签/人造物体/电力设备/冷凝器
凉亭,3,7844:通用分类标签/人造物体/器具/杆/旋转轴/凉亭 || 16242:通用分类标签/建筑与基础设施/住宅/住处/H类住宅/乡村别墅/凉亭 || 16699:通用分类标签/建筑与基础设施/支承结构/构架/凉亭
凤凰木,3,18677:通用分类标签/植物/乔木灌木林木/乔木/凤凰木 || 18750:通用分类标签/植物/乔木灌木林木/乔木/开花乔木/凤凰木 || 19127:通用分类标签/植物/乔木灌木林木/灌木/开花灌木/凤凰木
刀片,3,7065:通用分类标签/人造物体/切割器具/刀片 || 8912:通用分类标签/人造物体/机制/旋转机构/刀片 || 22742:通用分类标签/自然景观/植物结构/植物器官/叶/刀片
划水动作,3,24531:通用分类标签/行为动作/划水动作 || 24974:通用分类标签/行为动作/机动动作/划水动作 || 25156:通用分类标签/行为动作/移动/划水动作
刺,3,2326:通用分类标签/人物与人体/器官/刺 || 2633:通用分类标签/人物与人体/植物过程/刺 || 24534:通用分类标签/行为动作/划水动作/一击/刺
刻度盘,3,8671:通用分类标签/人造物体/指示器/刻度盘 || 8890:通用分类标签/人造物体/机制/控制/开关/选择器/刻度盘 || 9982:通用分类标签/人造物体/表面/侧面/前面/脸/刻度盘
化妆刷,3,7130:通用分类标签/人造物体/化妆刷 || 7793:通用分类标签/人造物体/器具/刷/化妆刷 || 8860:通用分类标签/人造物体/敷抹器/化妆刷
区域,3,2270:通用分类标签/人物与人体/区域 || 17441:通用分类标签/文化艺术与媒介/区域 || 30068:通用分类标签/知识与学科/点/地形点/区域
卡丁车,3,959:通用分类标签/交通工具/轮式车辆/卡丁车 || 996:通用分类标签/交通工具/轮式车辆/自行式车辆/机动车/卡丁车 || 16702:通用分类标签/建筑与基础设施/支承结构/构架/卡丁车
卡片,3,9695:通用分类标签/人造物体/电力设备/电路/计算机电路/印刷电路/卡片 || 18127:通用分类标签/文字与信息图形/书面交流/通信/卡片 || 18392:通用分类标签/文字与信息图形/指示/身份证明/肯定身份识别/卡片
卡车,3,582:通用分类标签/交通工具/陆地民用车辆/货车/卡车 || 960:通用分类标签/交通工具/轮式车辆/卡丁车/卡车 || 1062:通用分类标签/交通工具/道路机动车/卡车
印刷,3,18103:通用分类标签/文字与信息图形/书面交流/手写/字迹/印刷 || 21962:通用分类标签/组织机构与社会事件/事业/印刷 || 24506:通用分类标签/行为动作/写/印刷
印刷品,3,7271:通用分类标签/人造物体/台布/印刷品 || 17489:通用分类标签/文化艺术与媒介/平面艺术/印刷品 || 18093:通用分类标签/文字与信息图形/书面交流/印刷品
卷尺,3,5140:通用分类标签/人造物体/工业机械设备/卷尺 || 6691:通用分类标签/人造物体/乐器/器械/仪器/卷尺 || 9181:通用分类标签/人造物体/条带/卷尺
压机,3,7172:通用分类标签/人造物体/压机 || 8080:通用分类标签/人造物体/媒介/印刷媒体/压机 || 9087:通用分类标签/人造物体/机器/压机
厕所,3,7960:通用分类标签/人造物体/固定物/卫生洁具/便桶椅/厕所 || 16460:通用分类标签/建筑与基础设施/区/室/厕所 || 17052:通用分类标签/建筑与基础设施/附属建筑/厕所
发电机,3,5149:通用分类标签/人造物体/工业机械设备/发电机 || 9103:通用分类标签/人造物体/机器/发动机/发电机 || 9710:通用分类标签/人造物体/电子器件/发电机
口哨声,3,2943:通用分类标签/人造物体/中西乐器/管乐器/口哨声 || 6975:通用分类标签/人造物体/信号装置/口哨声 || 28299:通用分类标签/声音/口哨声
合唱团,3,16358:通用分类标签/建筑与基础设施/区/合唱团 || 21952:通用分类标签/组织机构与社会事件/音乐组织/合唱/合唱团 || 28190:通用分类标签/声音/人类声音/人声/歌唱/合唱团
吞火表演者,3,1723:通用分类标签/人物与人体/不受欢迎的人/令人不快的人/牢骚满腹的人/吞火表演者 || 2029:通用分类标签/人物与人体/保护者/保护器/吞火表演者 || 2764:通用分类标签/人物与人体/表演者/吞火表演者
含羞草,3,19025:通用分类标签/植物/乔木灌木林木/乔木/金合欢/含羞草 || 19100:通用分类标签/植物/乔木灌木林木/灌木/含羞草 || 27667:通用分类标签/食物/致醉物/混合饮料/含羞草
吹风机,3,4806:通用分类标签/人造物体/家用电器/吹风机 || 7759:通用分类标签/人造物体/商品/消费品/耐用品/器具/干燥器/吹风机 || 10436:通用分类标签/人造物体/通风机/吹风机
呼吸器,3,7386:通用分类标签/人造物体/呼吸器 || 10106:通用分类标签/人造物体/覆盖物/保护/口罩/呼吸器 || 10501:通用分类标签/人造物体/道路/通道/导管/气道/呼吸器
响尾蛇,3,725:通用分类标签/交通工具/公共运输/列车/响尾蛇 || 6980:通用分类标签/人造物体/信号装置/钟/响尾蛇 || 12747:通用分类标签/动物/爬行动物/蛇类/蝰蛇/蝮蛇/响尾蛇
哼声,3,12229:通用分类标签/动物/水生非哺乳生物/硬骨鱼/真骨鱼/棘鳍目鱼/鲈形亚目鱼/哼声 || 24626:通用分类标签/行为动作/呼吸/哼声 || 28182:通用分类标签/声音/人类声音/人声/哼声
唇,3,2332:通用分类标签/人物与人体/器官/发音器官/咬合架/唇 || 2373:通用分类标签/人物与人体/外部身体部位/唇 || 22717:通用分类标签/自然景观/植物结构/唇
喇叭,3,2974:通用分类标签/人造物体/中西乐器/管乐器/铜管乐器/喇叭 || 8661:通用分类标签/人造物体/报警系统/喇叭 || 9665:通用分类标签/人造物体/电力设备/换能器/电声传感器/喇叭
喷雾,3,8106:通用分类标签/人造物体/容器/分配器/喷雾 || 28144:通用分类标签/声音/事物声音/液体/喷雾 || 29605:通用分类标签/材料与物质/农药/喷雾
圆锥体,3,7990:通用分类标签/人造物体/圆锥体 || 22767:通用分类标签/自然景观/植物结构/植物器官/生殖结构/圆锥体 || 28947:通用分类标签/属性与状态/圆形/圆锥体
圣诞树,3,9479:通用分类标签/人造物体/点缀/圣诞树 || 18603:通用分类标签/植物/乔木灌木林木/针叶树/冷杉/银冷杉/圣诞树 || 18703:通用分类标签/植物/乔木灌木林木/乔木/圣诞树
坐骑,3,11124:通用分类标签/动物/哺乳动物/马科动物/家马/坐骑 || 16707:通用分类标签/建筑与基础设施/支承结构/构架/安装/坐骑 || 22660:通用分类标签/自然景观/天然高地/坐骑
块状物,3,8044:通用分类标签/人造物体/块状物 || 8974:通用分类标签/人造物体/机制/机械装置/机器/块状物 || 16295:通用分类标签/建筑与基础设施/住宅/块状物
坟墓,3,16376:通用分类标签/建筑与基础设施/区/围场/房间/坟墓 || 29398:通用分类标签/时间数量与度量/关头/坟墓 || 30071:通用分类标签/知识与学科/点/地形点/坟墓
塑像,3,17310:通用分类标签/文化艺术与媒介/视觉艺术/雕塑/塑像 || 17676:通用分类标签/文化艺术与媒介/表征/仿真/人物/塑像 || 17721:通用分类标签/文化艺术与媒介/表征/塑像
外壳,3,10224:通用分类标签/人造物体/覆盖物/外壳 || 16704:通用分类标签/建筑与基础设施/支承结构/构架/外壳 || 22638:通用分类标签/自然景观/天然覆盖物/外壳
大学,3,16799:通用分类标签/建筑与基础设施/机构/大学 || 21680:通用分类标签/组织机构与社会事件/组织机构/教育机构/大学 || 21932:通用分类标签/组织机构与社会事件/身体/大学
大提琴,3,2894:通用分类标签/人造物体/中西乐器/弦乐器/弓弦乐器/大提琴 || 6252:通用分类标签/人造物体/益智玩具/大提琴 || 28024:通用分类标签/声音/乐器/弓弦乐器/大提琴
大麦,3,19312:通用分类标签/植物/农作物/大麦 || 19784:通用分类标签/植物/草本竹藤植物/牧草/谷类禾草/大麦 || 27949:通用分类标签/食物/食品/谷物/大麦
夹板,3,8551:通用分类标签/人造物体/扁平立体/层压材料/夹板 || 8965:通用分类标签/人造物体/机制/机械装置/夹板 || 10315:通用分类标签/人造物体/覆盖物/足部装备/鞋/夹板
婴儿床,3,7154:通用分类标签/人造物体/卧室家具/床/婴儿床 || 8074:通用分类标签/人造物体/婴儿床 || 16008:通用分类标签/建筑与基础设施/工业与仓储建筑/仓库/筒仓/婴儿床
守夜,3,14540:通用分类标签/场景/宗教庆典场景/宗教仪式/守夜 || 17753:通用分类标签/文化艺术与媒介/调查/守夜 || 29085:通用分类标签/属性与状态/形势/生理状态/清醒状态/守夜
安哥拉,3,11082:通用分类标签/动物/哺乳动物/猫科动物/猫/家猫/安哥拉 || 11319:通用分类标签/动物/哺乳动物/有胎盘哺乳动物/兔形目动物/兔科动物/兔/安哥拉 || 11347:通用分类标签/动物/哺乳动物/有胎盘哺乳动物/有蹄哺乳动物/偶蹄动物/反刍动物/牛科动物/山羊/家山羊/安哥拉
宝石,3,6560:通用分类标签/人造物体/箱包首饰/珠宝首饰/宝石 || 26055:通用分类标签/食物/烘焙甜品点心/面包/速发面包/宝石 || 29973:通用分类标签/知识与学科/宝石
宴会,3,24150:通用分类标签/行为动作/社交互动动作/聚会/宴会 || 24161:通用分类标签/行为动作/社交互动动作/聚会/晚宴/宴会 || 27234:通用分类标签/食物/餐食/宴会
小径,3,10440:通用分类标签/人造物体/道路/小径 || 16177:通用分类标签/建筑与基础设施/路桥隧道工程/公路/跑道/小径 || 30160:通用分类标签/知识与学科/线/小径
小提琴,3,2895:通用分类标签/人造物体/中西乐器/弦乐器/弓弦乐器/小提琴 || 6261:通用分类标签/人造物体/益智玩具/小提琴 || 28025:通用分类标签/声音/乐器/弓弦乐器/小提琴
小麦,3,19321:通用分类标签/植物/农作物/小麦 || 19790:通用分类标签/植物/草本竹藤植物/牧草/谷类禾草/小麦 || 27951:通用分类标签/食物/食品/谷物/小麦
尖钉,3,6905:通用分类标签/人造物体/体育器材/尖钉 || 16661:通用分类标签/建筑与基础设施/投影/尖钉 || 24856:通用分类标签/行为动作/排放/放电/尖钉
工作服,3,5832:通用分类标签/人造物体/服饰全品/工作服 || 7463:通用分类标签/人造物体/商品/消费品/可穿戴设备/工作服 || 7722:通用分类标签/人造物体/商品/消费品/可穿戴设备/防护服装/工作服
布丁,3,26113:通用分类标签/食物/烘焙甜品点心/布丁 || 27063:通用分类标签/食物/一道菜/布丁 || 27878:通用分类标签/食物/路线/点心/布丁
带子,3,7926:通用分类标签/人造物体/器具/皮带/带子 || 9184:通用分类标签/人造物体/条带/带子 || 9910:通用分类标签/人造物体/线/索/带子
平台,3,10015:通用分类标签/人造物体/表面/水平仪/平台 || 10318:通用分类标签/人造物体/覆盖物/足部装备/鞋/平台 || 16611:通用分类标签/建筑与基础设施/平台
平底玻璃杯,3,8329:通用分类标签/人造物体/容器/杯子/平底玻璃杯 || 13797:通用分类标签/动物/鸟类/鸡形目鸟/鸽形目鸟类/鸽子/家鸽/平底玻璃杯 || 17024:通用分类标签/建筑与基础设施/辎重/平底玻璃杯
幽灵,3,2664:通用分类标签/人物与人体/灵体/幽灵 || 30142:通用分类标签/知识与学科/知识/表征/外表/幻想/幻影/幽灵 || 31008:IP 分类标签/虚构角色 IP/志怪鬼怪形象/幽灵
床,3,4500:通用分类标签/人造物体/家具大件/床 || 7143:通用分类标签/人造物体/卧室家具/床 || 22583:通用分类标签/自然景观/凹陷地/床
库存,3,8764:通用分类标签/人造物体/支持/库存 || 20319:通用分类标签/植物/显花植物/开花植物/库存 || 27097:通用分类标签/食物/一道菜/汤/库存
座位,3,8766:通用分类标签/人造物体/支持/座位 || 10242:通用分类标签/人造物体/覆盖物/布罩/座位 || 29884:通用分类标签/知识与学科/中央/座位
弹性材料,3,7300:通用分类标签/人造物体/台布/弹性材料 || 8526:通用分类标签/人造物体/弹性装置/弹性材料 || 9166:通用分类标签/人造物体/条带/乐队/弹性材料
录像带,3,5385:通用分类标签/人造物体/数码 3C 电子/存储设备/唱片/带状材料/录像带 || 5387:通用分类标签/人造物体/数码 3C 电子/存储设备/唱片/录像/录像带 || 5393:通用分类标签/人造物体/数码 3C 电子/存储设备/带状材料/录像带
待洗衣物,3,7638:通用分类标签/人造物体/商品/消费品/可穿戴设备/衣服/待洗衣物 || 7777:通用分类标签/人造物体/商品/纺织品/大型白色家电/待洗衣物 || 17496:通用分类标签/文化艺术与媒介/待洗衣物
志愿者,3,1569:通用分类标签/人物与人体/职业身份/志愿者 || 2128:通用分类标签/人物与人体/劳动者/志愿者 || 2171:通用分类标签/人物与人体/劳动者/技术工人/军事人员群体/志愿者
手指,3,2386:通用分类标签/人物与人体/外部身体部位/肢端/手指 || 10260:通用分类标签/人造物体/覆盖物/手指 || 29323:通用分类标签/时间数量与度量/一定量/整数/手指
手杖,3,7833:通用分类标签/人造物体/器具/木条/手杖 || 14140:通用分类标签/动物/无脊椎动物/节肢动物/昆虫/噬菌体质粒/手杖 || 22734:通用分类标签/自然景观/植物结构/植物器官/(花草的)茎/手杖
打蛋器,3,4107:通用分类标签/人造物体/厨房餐厨用品/打蛋器 || 7814:通用分类标签/人造物体/器具/打的工具/打蛋器 || 7943:通用分类标签/人造物体/器具/厨房用具/厨房搅拌器/打蛋器
扫描仪,3,5468:通用分类标签/人造物体/数码 3C 电子/扫描仪 || 9652:通用分类标签/人造物体/电力设备/发射天线/定向天线/截抛物面天线/扫描仪 || 9763:通用分类标签/人造物体/电子设备/探测器/扫描仪
扬声器,3,1837:通用分类标签/人物与人体/会长/主持人/扬声器 || 1906:通用分类标签/人物与人体/传播者/发言者/扬声器 || 28772:通用分类标签/声音/频道/声音重放/扬声器
投影仪,3,5477:通用分类标签/人造物体/数码 3C 电子/投影仪 || 6758:通用分类标签/人造物体/乐器/器械/光学仪器/投影仪 || 7010:通用分类标签/人造物体/光学设备/投影仪
投掷者,3,1471:通用分类标签/人物与人体/职业身份/运动员/棒球手/投掷者 || 2210:通用分类标签/人物与人体/劳动者/投掷者 || 2515:通用分类标签/人物与人体/投掷者
投石索,3,10320:通用分类标签/人造物体/覆盖物/足部装备/鞋/投石索 || 10657:通用分类标签/人造物体/武器/投石索 || 27671:通用分类标签/食物/致醉物/混合饮料/海波杯饮料/投石索
披风,3,7595:通用分类标签/人造物体/商品/消费品/可穿戴设备/衣服/外衣/披风 || 18181:通用分类标签/文字与信息图形/信号/代号/披风 || 22645:通用分类标签/自然景观/天然覆盖物/披风
拖车,3,597:通用分类标签/交通工具/陆地民用车辆/货车/拖车 || 817:通用分类标签/交通工具/拖车 || 966:通用分类标签/交通工具/轮式车辆/拖车
拱,3,10468:通用分类标签/人造物体/道路/访问/入口/拱 || 16674:通用分类标签/建筑与基础设施/拱 || 29239:通用分类标签/属性与状态/线/曲线/拱
拱顶室,3,10125:通用分类标签/人造物体/覆盖物/保护/屋顶/拱顶室 || 16378:通用分类标签/建筑与基础设施/区/围场/房间/坟墓/拱顶室 || 16428:通用分类标签/建筑与基础设施/区/室/储藏室/金库/拱顶室
指示器,3,8670:通用分类标签/人造物体/指示器 || 9714:通用分类标签/人造物体/电子器件/指示器 || 18194:通用分类标签/文字与信息图形/信号/指示器
捧腹大笑,3,18241:通用分类标签/文字与信息图形/听觉交流/话语/笑/捧腹大笑 || 18430:通用分类标签/文字与信息图形/机智/笑料/捧腹大笑 || 28198:通用分类标签/声音/人类声音/人声/笑声/捧腹大笑
排水沟,3,8614:通用分类标签/人造物体/手工工具/排水沟 || 8695:通用分类标签/人造物体/挖掘/排水沟 || 10507:通用分类标签/人造物体/道路/通道/沟槽/排水沟
排球,3,6279:通用分类标签/人造物体/益智玩具/排球 || 9382:通用分类标签/人造物体/游戏器材/球/排球 || 23154:通用分类标签/行为动作/休闲娱乐动作/游戏/体育游戏/场地球类运动/排球
接待,3,17330:通用分类标签/文化艺术与媒介/音乐音频/广播/接待 || 18354:通用分类标签/文字与信息图形/感谢/迎接/接待 || 25197:通用分类标签/行为动作/获取/接待
接收器,3,2537:通用分类标签/人物与人体/收购方/接收器 || 9662:通用分类标签/人造物体/电力设备/换能器/电声传感器/受话器/接收器 || 9797:通用分类标签/人造物体/电子设备/集合/接收器
控制杆,3,7898:通用分类标签/人造物体/器具/棒/杠杆/控制杆 || 8896:通用分类标签/人造物体/机制/控制/控制杆 || 9760:通用分类标签/人造物体/电子设备/外围设备/数据输入装置/控制杆
搅拌器,3,7817:通用分类标签/人造物体/器具/搅拌器 || 7944:通用分类标签/人造物体/器具/厨房用具/厨房搅拌器/搅拌器 || 9764:通用分类标签/人造物体/电子设备/搅拌器
搪瓷,3,10228:通用分类标签/人造物体/覆盖物/外套/搪瓷 || 29646:通用分类标签/材料与物质/化合物/搪瓷 || 29857:通用分类标签/材料与物质/身体物质/固态物质/搪瓷
摇椅弧形底座,3,2116:通用分类标签/人物与人体/劳动者/助手/出席者/摇椅弧形底座 || 2752:通用分类标签/人物与人体/表演者/乐器演奏者/摇椅弧形底座 || 8793:通用分类标签/人造物体/支持/摇椅弧形底座
收音机,3,10425:通用分类标签/人造物体/通信系统/收音机 || 17331:通用分类标签/文化艺术与媒介/音乐音频/广播/收音机 || 28773:通用分类标签/声音/频道/声音重放/收音机
文学作品,3,17529:通用分类标签/文化艺术与媒介/文学作品 || 18116:通用分类标签/文字与信息图形/书面交流/文学作品 || 30220:IP 分类标签/内容作品 IP/文学作品
曲棍球,3,9383:通用分类标签/人造物体/游戏器材/球/曲棍球 || 23163:通用分类标签/行为动作/休闲娱乐动作/游戏/体育游戏/户外游戏/场地运动/曲棍球 || 23175:通用分类标签/行为动作/休闲娱乐动作/游戏/体育游戏/曲棍球
机制,3,8870:通用分类标签/人造物体/机制 || 22711:通用分类标签/自然景观/机制 || 28120:通用分类标签/声音/事物声音/机制
杠杆,3,7879:通用分类标签/人造物体/器具/棒/杠杆 || 8981:通用分类标签/人造物体/机制/机械装置/机器/杠杆 || 17025:通用分类标签/建筑与基础设施/辎重/平底玻璃杯/杠杆
杯子,3,4116:通用分类标签/人造物体/厨房餐厨用品/杯子 || 8323:通用分类标签/人造物体/容器/杯子 || 27664:通用分类标签/食物/致醉物/混合饮料/伴汁酒/杯子
果汁,3,26888:通用分类标签/食物/饮品类/果汁 || 27540:通用分类标签/食物/果汁 || 27923:通用分类标签/食物/食品/果汁
柜台,3,9196:通用分类标签/人造物体/柜台 || 9229:通用分类标签/人造物体/桌子/柜台 || 9363:通用分类标签/人造物体/游戏器材/柜台
栅栏,3,16971:通用分类标签/建筑与基础设施/辎重/屏障/击剑/栅栏 || 17016:通用分类标签/建筑与基础设施/辎重/屏障/栅栏 || 23519:通用分类标签/行为动作/冲突与执法动作/防御/军需品/栅栏
标志,3,9198:通用分类标签/人造物体/标志 || 18187:通用分类标签/文字与信息图形/信号/代号/记号笔/商标/标志 || 18431:通用分类标签/文字与信息图形/标志
校服,3,5872:通用分类标签/人造物体/服饰全品/校服 || 7410:通用分类标签/人造物体/商品/消费品/可穿戴设备/制服/校服 || 7502:通用分类标签/人造物体/商品/消费品/可穿戴设备/校服
桌面,3,9992:通用分类标签/人造物体/表面/工作台面/桌面 || 10001:通用分类标签/人造物体/表面/桌面 || 30104:通用分类标签/知识与学科/界限/表面/陀螺/桌面
桨,3,7825:通用分类标签/人造物体/器具/木条/棍棒/板球棒/桨 || 7872:通用分类标签/人造物体/器具/桨 || 8914:通用分类标签/人造物体/机制/旋转机构/刀片/桨
棍棒,3,6916:通用分类标签/人造物体/体育器材/棍棒 || 7821:通用分类标签/人造物体/器具/木条/棍棒 || 7874:通用分类标签/人造物体/器具/棍棒
棒球,3,6933:通用分类标签/人造物体/体育器材/棒球器材/棒球 || 9386:通用分类标签/人造物体/游戏器材/球/棒球 || 23499:通用分类标签/行为动作/体育运动动作/球类运动/棒球
模型,3,2119:通用分类标签/人物与人体/劳动者/助手/模型 || 17692:通用分类标签/文化艺术与媒介/表征/副本/模型 || 30114:通用分类标签/知识与学科/知识/主意/假设/模型
横木,3,7907:通用分类标签/人造物体/器具/棒/横木 || 8826:通用分类标签/人造物体/支持/结构构件/支撑/横杆/横木 || 17026:通用分类标签/建筑与基础设施/辎重/横木
樱桃,3,18816:通用分类标签/植物/乔木灌木林木/乔木/开花乔木/果树/樱桃 || 27427:通用分类标签/食物/农产品/食用水果/樱桃 || 29748:通用分类标签/材料与物质/植物材料/木/樱桃
橄榄,3,18829:通用分类标签/植物/乔木灌木林木/乔木/开花乔木/果树/橄榄树/橄榄 || 22796:通用分类标签/自然景观/植物结构/植物器官/生殖结构/果子/橄榄 || 26702:通用分类标签/食物/调味品/调味酱/橄榄
正方形,3,8626:通用分类标签/人造物体/手工工具/正方形 || 28881:通用分类标签/属性与状态/人物形象/平面图形/多角形/四角形/平行四边形/矩形/正方形 || 28883:通用分类标签/属性与状态/人物形象/平面图形/多角形/正多边形/正方形
水,3,10741:通用分类标签/动物/两栖动物/蟾蜍科动物/水 || 28512:通用分类标签/声音/水 || 29641:通用分类标签/材料与物质/化合物/二元化合物/水
水壶,3,4134:通用分类标签/人造物体/厨房餐厨用品/水壶 || 8226:通用分类标签/人造物体/容器/器皿/瓶/壶/水壶 || 8235:通用分类标签/人造物体/容器/器皿/瓶/烧瓶/水壶
水彩,3,6634:通用分类标签/人造物体/艺术品与工艺品/绘画作品/水彩 || 6656:通用分类标签/人造物体/药品与化学制品/涂料/水性涂料/水彩 || 29738:通用分类标签/材料与物质/染色材料/水彩
水彩画,3,6635:通用分类标签/人造物体/艺术品与工艺品/绘画作品/水彩画 || 17495:通用分类标签/文化艺术与媒介/平面艺术/水彩画 || 17565:通用分类标签/文化艺术与媒介/水彩画
水獭,3,5706:通用分类标签/人造物体/服饰全品/帽子/前舱口/水獭 || 11192:通用分类标签/动物/哺乳动物/鼬科动物/水獭 || 29619:通用分类标签/材料与物质/动物材料/动物产品/兽皮/水獭
沙龙,3,14584:通用分类标签/场景/室内场景/商店/沙龙 || 16435:通用分类标签/建筑与基础设施/区/室/前室/沙龙 || 16524:通用分类标签/建筑与基础设施/区/室/画廊/沙龙
洋葱,3,20610:通用分类标签/植物/球根植物/百合科植物/葱属植物/洋葱 || 22730:通用分类标签/自然景观/植物结构/植物器官/(花草的)茎/块茎植物/洋葱 || 27330:通用分类标签/食物/农产品/蔬菜/洋葱
淋浴,3,7968:通用分类标签/人造物体/固定物/卫生洁具/淋浴 || 16477:通用分类标签/建筑与基础设施/区/室/壁橱/亭/淋浴 || 17586:通用分类标签/文化艺术与媒介/洗/淋浴
游乐场,3,10513:通用分类标签/人造物体/道路/通道/走廊/拱廊/游乐场 || 15007:通用分类标签/场景/自然户外场景/田野/宅基地附属范围/游乐场 || 29874:通用分类标签/知识与学科/土地块/游乐场
湿地,3,15000:通用分类标签/场景/自然户外场景/湿地 || 22402:通用分类标签/自然景观/水文水体/湿地 || 30666:IP 分类标签/自然生态与动物 IP/湿地与水生态/湿地
滑板,3,686:通用分类标签/交通工具/非机动车/滑板 || 972:通用分类标签/交通工具/轮式车辆/滑板 || 6319:通用分类标签/人造物体/益智玩具/滑板
滚轮,3,8990:通用分类标签/人造物体/机制/机械装置/机器/车轮/滚轮 || 13503:通用分类标签/动物/鸟类/佛法僧目鸟类/滚轮 || 25217:通用分类标签/行为动作/触摸/击打/滚地球/滚轮
滴水声,3,16670:通用分类标签/建筑与基础设施/投影/滴水声 || 24426:通用分类标签/行为动作/位置变化/滴水声 || 28151:通用分类标签/声音/事物声音/液体/滴水声
滴答声,3,7327:通用分类标签/人造物体/台布/滴答声 || 14292:通用分类标签/动物/无脊椎动物/节肢动物/蛛形纲动物/螨/滴答声 || 28438:通用分类标签/声音/拟声法/咔嗒声/滴答声
演出,3,7921:通用分类标签/人造物体/器具/演出 || 24375:通用分类标签/行为动作/休养/娱乐/演出 || 25035:通用分类标签/行为动作/演出
火,3,16368:通用分类标签/建筑与基础设施/区/围场/休会期/壁炉/火 || 24578:通用分类标签/行为动作/化学加工/化学反应/氧化/燃烧/火 || 28645:通用分类标签/声音/自然声音/火
灯具,3,4554:通用分类标签/人造物体/家具大件/灯具 || 7969:通用分类标签/人造物体/固定物/灯具 || 7972:通用分类标签/人造物体/固定物/照明器材/灯具
灰色,3,7504:通用分类标签/人造物体/商品/消费品/可穿戴设备/灰色 || 11131:通用分类标签/动物/哺乳动物/马科动物/家马/坐骑/灰色 || 29285:通用分类标签/属性与状态/视觉属性/颜色/无彩色/灰色
烟草,3,19420:通用分类标签/植物/农作物/烟草 || 20959:通用分类标签/植物/草本植物/烟草 || 29762:通用分类标签/材料与物质/植物材料/植物产品/烟草
燕子,3,13345:通用分类标签/动物/鸟类/鸣禽/燕子 || 24904:通用分类标签/行为动作/摄取/燕子 || 29368:通用分类标签/时间数量与度量/不定量/少量/燕子
爪,3,2390:通用分类标签/人物与人体/外部身体部位/肢端/脊椎动物足部/动物足部/爪 || 9006:通用分类标签/人造物体/机制/机械装置/爪 || 16863:通用分类标签/建筑与基础设施/爪
牙医钻,3,10534:通用分类标签/人造物体/钻/牙医钻 || 28113:通用分类标签/声音/事物声音/工具/动力工具/钻头/牙医钻 || 28289:通用分类标签/声音/发动机/高频光引擎/牙医钻
猪,3,11440:通用分类标签/动物/哺乳动物/有胎盘哺乳动物/有蹄哺乳动物/偶蹄动物/猪 || 13951:通用分类标签/动物/农场动物/猪 || 21405:通用分类标签/真菌与微生物/菌类/霉菌/猪
猫,3,1383:通用分类标签/人物与人体/性别与生理属性/男性/成年雄性/猫 || 11076:通用分类标签/动物/哺乳动物/猫科动物/猫 || 13993:通用分类标签/动物/宠物/猫
王冠,3,7432:通用分类标签/人造物体/商品/消费品/可穿戴设备/头具/珠饰头饰/王冠 || 9632:通用分类标签/人造物体/用具/王权服饰/御宝/王冠 || 18183:通用分类标签/文字与信息图形/信号/代号/王冠
环,3,9691:通用分类标签/人造物体/电力设备/电路/环 || 18226:通用分类标签/文字与信息图形/听觉交流/环 || 28827:通用分类标签/属性与状态/三维形状/环
玻璃,3,4000:通用分类标签/人造物体/厨房餐厨用品/餐具/玻璃器皿/玻璃 || 28160:通用分类标签/声音/事物声音/玻璃 || 29941:通用分类标签/知识与学科/固体/玻璃
玻璃瓶,3,3483:通用分类标签/人造物体/包装与容器/玻璃瓶 || 8238:通用分类标签/人造物体/容器/器皿/瓶/玻璃瓶 || 8253:通用分类标签/人造物体/容器/器皿/花瓶/瓶/玻璃瓶
球,3,9366:通用分类标签/人造物体/游戏器材/球 || 9596:通用分类标签/人造物体/玩具/球 || 28950:通用分类标签/属性与状态/圆形/球
瑜伽,3,17403:通用分类标签/文化艺术与媒介/体育锻炼/瑜伽 || 23367:通用分类标签/行为动作/休闲娱乐动作/瑜伽 || 29172:通用分类标签/属性与状态/枢德/神学美德/印度教/瑜伽
瑜伽垫,3,6364:通用分类标签/人造物体/益智玩具/瑜伽垫 || 6893:通用分类标签/人造物体/体育器材/体操垫/瑜伽垫 || 10223:通用分类标签/人造物体/覆盖物/地板蒙布/瑜伽垫
甘蔗,3,19465:通用分类标签/植物/农作物/甘蔗 || 20988:通用分类标签/植物/草本植物/禾本科植物/甘蔗 || 22735:通用分类标签/自然景观/植物结构/植物器官/(花草的)茎/手杖/甘蔗
甘薯,3,2954:通用分类标签/人造物体/中西乐器/管乐器/甘薯 || 19474:通用分类标签/植物/农作物/甘薯 || 27324:通用分类标签/食物/农产品/蔬菜/根菜类/甘薯
甜菜,3,19483:通用分类标签/植物/农作物/甜菜 || 21039:通用分类标签/植物/草本植物/蔬菜/甜菜 || 27326:通用分类标签/食物/农产品/蔬菜/根菜类/甜菜
用餐者,3,340:通用分类标签/交通工具/畜力与传统载具/马车/用餐者 || 2017:通用分类标签/人物与人体/使用者/消费者/进食者/用餐者 || 14641:通用分类标签/场景/室内场景/餐厅/用餐者
电池,3,6107:通用分类标签/人造物体/武器与安防用品/火炮/电池 || 9678:通用分类标签/人造物体/电力设备/电池 || 16020:通用分类标签/建筑与基础设施/工业与仓储建筑/工厂/冲压磨机/电池
电视,3,9802:通用分类标签/人造物体/电子设备/集合/接收器/电视 || 10429:通用分类标签/人造物体/通信系统/电信系统/电视 || 17332:通用分类标签/文化艺术与媒介/音乐音频/广播/电视
电钻,3,5207:通用分类标签/人造物体/工业机械设备/电钻 || 9067:通用分类标签/人造物体/机器/动力工具/电钻 || 10535:通用分类标签/人造物体/钻/电钻
画廊,3,16523:通用分类标签/建筑与基础设施/区/室/画廊 || 17048:通用分类标签/建筑与基础设施/阳台/画廊 || 24148:通用分类标签/行为动作/社交互动动作/聚会/听众/画廊
画笔,3,3281:通用分类标签/人造物体/办公文具/画笔 || 7801:通用分类标签/人造物体/器具/刷/画笔 || 8862:通用分类标签/人造物体/敷抹器/画笔
盐,3,26668:通用分类标签/食物/调味品/盐 || 27816:通用分类标签/食物/调味剂/盐 || 29662:通用分类标签/材料与物质/化合物/盐
睡眠,3,23967:通用分类标签/行为动作/日常生活动作/睡眠 || 29109:通用分类标签/属性与状态/形势/生理状态/睡眠 || 29471:通用分类标签/时间数量与度量/基本量/一段时间/睡眠
睡衣,3,5926:通用分类标签/人造物体/服饰全品/睡衣 || 7508:通用分类标签/人造物体/商品/消费品/可穿戴设备/男式睡衣上衣/睡衣 || 7687:通用分类标签/人造物体/商品/消费品/可穿戴设备/衣服/裤子/睡衣
矢车菊,3,14117:通用分类标签/动物/无脊椎动物/节肢动物/昆虫/双翅昆虫/苍蝇/丽蝇/矢车菊 || 20362:通用分类标签/植物/显花植物/开花植物/矢车菊 || 20496:通用分类标签/植物/杂草/矢车菊
码头,3,8803:通用分类标签/人造物体/支持/码头 || 10025:通用分类标签/人造物体/表面/水平仪/平台/码头 || 16395:通用分类标签/建筑与基础设施/区/围场/码头
秋葵,3,20992:通用分类标签/植物/草本植物/秋葵 || 22779:通用分类标签/自然景观/植物结构/植物器官/生殖结构/果子/圆荚体/秋葵 || 27336:通用分类标签/食物/农产品/蔬菜/秋葵
种子,3,2303:通用分类标签/人物与人体/参赛者/参与者/种子 || 22806:通用分类标签/自然景观/植物结构/植物器官/生殖结构/果子/种子 || 22858:通用分类标签/自然景观/植物结构/植物器官/生殖结构/种子
种植者,3,2071:通用分类标签/人物与人体/创造者/农场主/种植者 || 2224:通用分类标签/人物与人体/劳动者/种植者 || 8390:通用分类标签/人造物体/容器/花盆/种植者
竖琴,3,2904:通用分类标签/人造物体/中西乐器/弦乐器/竖琴 || 8804:通用分类标签/人造物体/支持/竖琴 || 28064:通用分类标签/声音/乐器/竖琴
笔,3,3097:通用分类标签/人造物体/办公文具/书写工具/笔 || 13587:通用分类标签/动物/鸟类/水禽/天鹅/笔 || 16396:通用分类标签/建筑与基础设施/区/围场/笔
细绳,3,9905:通用分类标签/人造物体/线/粗绳/细绳 || 9921:通用分类标签/人造物体/线/索/细绳 || 30037:通用分类标签/知识与学科/收藏品集合/细绳
网球,3,6431:通用分类标签/人造物体/益智玩具/网球 || 9391:通用分类标签/人造物体/游戏器材/球/网球 || 23159:通用分类标签/行为动作/休闲娱乐动作/游戏/体育游戏/场地球类运动/网球
羊毛,3,7359:通用分类标签/人造物体/台布/羊毛 || 22626:通用分类标签/自然景观/天然覆盖物/体表覆盖物/头发/羊毛 || 29625:通用分类标签/材料与物质/动物材料/动物产品/动物纤维/羊毛
胡椒,3,19853:通用分类标签/植物/草本竹藤植物/藤本植物/胡椒 || 27344:通用分类标签/食物/农产品/蔬菜/茄科蔬菜/胡椒 || 27819:通用分类标签/食物/调味剂/胡椒
胡萝卜,3,20174:通用分类标签/植物/显花植物/开花植物/野花/胡萝卜 || 21007:通用分类标签/植物/草本植物/胡萝卜 || 27327:通用分类标签/食物/农产品/蔬菜/根菜类/胡萝卜
舌,3,2333:通用分类标签/人物与人体/器官/发音器官/咬合架/舌 || 2338:通用分类标签/人物与人体/器官/舌 || 10208:通用分类标签/人造物体/覆盖物/口盖/舌
芜菁,3,20786:通用分类标签/植物/草本植物/十字花科植物/芜菁植株/芜菁 || 27282:通用分类标签/食物/农产品/蔬菜/十字花科蔬菜/芜菁 || 27328:通用分类标签/食物/农产品/蔬菜/根菜类/芜菁
花生,3,19519:通用分类标签/植物/农作物/花生 || 21067:通用分类标签/植物/草本植物/豆科植物/花生 || 22780:通用分类标签/自然景观/植物结构/植物器官/生殖结构/果子/圆荚体/花生
芽,3,22757:通用分类标签/自然景观/植物结构/植物器官/幼芽/芽 || 22869:通用分类标签/自然景观/植物结构/植物器官/生殖结构/花/芽 || 27301:通用分类标签/食物/农产品/蔬菜/叶菜/芽
茶碟,3,4007:通用分类标签/人造物体/厨房餐厨用品/餐具/茶碟 || 6942:通用分类标签/人造物体/体育器材/茶碟 || 8922:通用分类标签/人造物体/机制/旋转机构/回合/光盘/茶碟
菊苣,3,21024:通用分类标签/植物/草本植物/菊苣 || 22764:通用分类标签/自然景观/植物结构/植物器官/根/菊苣 || 26820:通用分类标签/食物/饮品类/咖啡/咖啡代用品/菊苣
菜单,3,18413:通用分类标签/文字与信息图形/数据库/列表/菜单 || 18415:通用分类标签/文字与信息图形/数据库/列表/账单/菜单 || 27595:通用分类标签/食物/票价/菜单
萨克斯管,3,2074:通用分类标签/人物与人体/创造者/制造者/萨克斯管 || 2949:通用分类标签/人造物体/中西乐器/管乐器/木材/拍簧乐器/单簧乐器/萨克斯管 || 2966:通用分类标签/人造物体/中西乐器/管乐器/萨克斯管
葫芦,3,8244:通用分类标签/人造物体/容器/器皿/瓶/葫芦 || 19859:通用分类标签/植物/草本竹藤植物/藤本植物/葫芦 || 22856:通用分类标签/自然景观/植物结构/植物器官/生殖结构/果子/葫芦
蓝色,3,7511:通用分类标签/人造物体/商品/消费品/可穿戴设备/蓝色 || 14271:通用分类标签/动物/无脊椎动物/节肢动物/昆虫/鳞翅目昆虫/蝴蝶/灰蝶/蓝色 || 29280:通用分类标签/属性与状态/视觉属性/颜色/彩色/蓝色
薄荷,3,21041:通用分类标签/植物/草本植物/薄荷 || 27838:通用分类标签/食物/调味剂/芳草/薄荷 || 28008:通用分类标签/食物/甜食/糖制食品/薄荷
蘑菇,3,21466:通用分类标签/真菌与微生物/菌类/担子菌/伞菌/蘑菇 || 21479:通用分类标签/真菌与微生物/菌类/担子菌/蘑菇 || 27354:通用分类标签/食物/农产品/蔬菜/蘑菇
衣架,3,2257:通用分类标签/人物与人体/劳动者/衣架 || 4608:通用分类标签/人造物体/家具大件/衣架 || 8781:通用分类标签/人造物体/支持/悬挂工具/衣架
表征,3,17672:通用分类标签/文化艺术与媒介/表征 || 25208:通用分类标签/行为动作/表征 || 30138:通用分类标签/知识与学科/知识/表征
装饰,3,9505:通用分类标签/人造物体/点缀/装饰 || 18358:通用分类标签/文字与信息图形/扩张/装饰 || 25106:通用分类标签/行为动作/状态变化/装饰
计算器,3,1749:通用分类标签/人物与人体/专家/计算器 || 3339:通用分类标签/人造物体/办公文具/计算器 || 9142:通用分类标签/人造物体/机器/计算器
设计,3,17772:通用分类标签/文化艺术与媒介/通过心智活动创造/设计 || 23816:通用分类标签/行为动作/工作学习动作/设计 || 24216:通用分类标签/行为动作/艺术表演动作/绘画/学习/设计
调色板,3,3375:通用分类标签/人造物体/办公文具/调色板 || 8572:通用分类标签/人造物体/扁平立体/板/调色板 || 29009:通用分类标签/属性与状态/大小/范围/界限/调色板
豆科植物,3,21050:通用分类标签/植物/草本植物/豆科植物 || 22781:通用分类标签/自然景观/植物结构/植物器官/生殖结构/果子/圆荚体/豆科植物 || 27355:通用分类标签/食物/农产品/蔬菜/豆科植物
豌豆,3,19591:通用分类标签/植物/农作物/豌豆 || 22785:通用分类标签/自然景观/植物结构/植物器官/生殖结构/果子/圆荚体/豆科植物/豌豆 || 27368:通用分类标签/食物/农产品/蔬菜/豆科植物/豌豆
贝类,3,12650:通用分类标签/动物/水生非哺乳生物/贝类 || 14350:通用分类标签/动物/无脊椎动物/贝类水产/贝类 || 27565:通用分类标签/食物/海鲜/贝类
账单,3,18323:通用分类标签/文字与信息图形/商业文件/账单 || 18414:通用分类标签/文字与信息图形/数据库/列表/账单 || 18473:通用分类标签/文字与信息图形/法律文件/账单
货运飞机,3,918:通用分类标签/交通工具/航空器/货运飞机 || 934:通用分类标签/交通工具/航空器/重于空气航空器/飞机/货运飞机 || 945:通用分类标签/交通工具/货运飞机
跑步者,3,2584:通用分类标签/人物与人体/旅行者/跑步者 || 10220:通用分类标签/人造物体/覆盖物/地板蒙布/地毯/跑步者 || 10350:通用分类标签/人造物体/跑步者
钟,3,2929:通用分类标签/人造物体/中西乐器/打击乐器/钟 || 6978:通用分类标签/人造物体/信号装置/钟 || 28068:通用分类标签/声音/乐器/钟
钻头,3,7112:通用分类标签/人造物体/切割器具/钻头 || 9625:通用分类标签/人造物体/用具/平头钉/钻头 || 28112:通用分类标签/声音/事物声音/工具/动力工具/钻头
铜,3,14272:通用分类标签/动物/无脊椎动物/节肢动物/昆虫/鳞翅目昆虫/蝴蝶/灰蝶/铜 || 29601:通用分类标签/材料与物质/元素/金属/铜 || 29709:通用分类标签/材料与物质/导体/铜
隔间,3,9250:通用分类标签/人造物体/桌子/隔间 || 16448:通用分类标签/建筑与基础设施/区/室/包房/隔间 || 29155:通用分类标签/属性与状态/无定形/隔间
雄鹿,3,6889:通用分类标签/人造物体/体育器材/体操器械/跳马/雄鹿 || 11428:通用分类标签/动物/哺乳动物/有胎盘哺乳动物/有蹄哺乳动物/偶蹄动物/反刍动物/鹿/加拿大马鹿/雄鹿 || 11566:通用分类标签/动物/哺乳动物/有胎盘哺乳动物/雄鹿
鞋,3,8300:通用分类标签/人造物体/容器/容器盒/鞋 || 10178:通用分类标签/人造物体/覆盖物/保护/盾牌/壳/鞋 || 10301:通用分类标签/人造物体/覆盖物/足部装备/鞋
食堂,3,14645:通用分类标签/场景/室内场景/餐厅/食堂 || 16489:通用分类标签/建筑与基础设施/区/室/大厅/食堂 || 16539:通用分类标签/建筑与基础设施/区/室/食堂
餐桌,3,4671:通用分类标签/人造物体/家具大件/餐桌 || 9203:通用分类标签/人造物体/桌子/板/餐桌 || 10576:通用分类标签/人造物体/餐厅家具/餐桌
饺子,3,25534:通用分类标签/食物/中式主食面点/饺子 || 27527:通用分类标签/食物/意大利面食/饺子 || 27890:通用分类标签/食物/路线/点心/饺子
马球,3,2589:通用分类标签/人物与人体/旅行者/马球 || 9395:通用分类标签/人造物体/游戏器材/球/马球 || 23171:通用分类标签/行为动作/休闲娱乐动作/游戏/体育游戏/户外游戏/场地运动/马球
驴,3,11173:通用分类标签/动物/哺乳动物/马科动物/驴 || 11175:通用分类标签/动物/哺乳动物/马科动物/驴/家驴/驴 || 13958:通用分类标签/动物/农场动物/驴
骑马,3,23448:通用分类标签/行为动作/休闲娱乐动作/骑马 || 24598:通用分类标签/行为动作/去/骑马 || 24944:通用分类标签/行为动作/旅行/旅程/骑马
高粱,3,19609:通用分类标签/植物/农作物/高粱 || 19786:通用分类标签/植物/草本竹藤植物/牧草/谷类禾草/小米/高粱 || 27806:通用分类标签/食物/调味剂/增甜/糖浆/高粱
高领,3,7614:通用分类标签/人造物体/商品/消费品/可穿戴设备/衣服/套头衫/高领 || 7662:通用分类标签/人造物体/商品/消费品/可穿戴设备/衣服/衬衣/T恤/高领 || 9180:通用分类标签/人造物体/条带/乐队/高领
鲈鱼,3,8849:通用分类标签/人造物体/支持/鲈鱼 || 12300:通用分类标签/动物/水生非哺乳生物/硬骨鱼/真骨鱼/棘鳍目鱼/鲈形亚目鱼/鲈鱼 || 28974:通用分类标签/属性与状态/声音属性/沥青/鲈鱼
鸡尾酒,3,27022:通用分类标签/食物/饮品类/鸡尾酒 || 27674:通用分类标签/食物/致醉物/混合饮料/鸡尾酒 || 27863:通用分类标签/食物/路线/前菜/鸡尾酒
M1加兰德步枪,2,10631:通用分类标签/人造物体/武器/手枪/半自动枪炮/半自动枪械/M1加兰德步枪 || 10648:通用分类标签/人造物体/武器/手枪/来复枪/M1加兰德步枪
Sharpie记号笔,2,2267:通用分类标签/人物与人体/劳动者/Sharpie记号笔 || 3099:通用分类标签/人造物体/办公文具/书写工具/笔/Sharpie记号笔
一包,2,8152:通用分类标签/人造物体/容器/包/包装/包裹/包袱/一包 || 8537:通用分类标签/人造物体/恢复药/一包
一品脱的量,2,29377:通用分类标签/时间数量与度量/体积单位/一品脱的量 || 29379:通用分类标签/时间数量与度量/体积单位/液体单位/一品脱的量
一岁动物,2,11162:通用分类标签/动物/哺乳动物/马科动物/家马/短尾马/一岁动物 || 11309:通用分类标签/动物/哺乳动物/有胎盘哺乳动物/一岁动物
一种鸟,2,13111:通用分类标签/动物/鸟类/涉禽/一种鸟 || 13147:通用分类标签/动物/鸟类/涉禽/矶鹬/一种鸟
万寿菊,2,20185:通用分类标签/植物/显花植物/开花植物/万寿菊 || 20416:通用分类标签/植物/显花植物/开花植物/金盏花属/万寿菊
万神殿,2,15692:通用分类标签/建筑与基础设施/历史古迹地标/纪念碑/万神殿 || 15869:通用分类标签/建筑与基础设施/宗教祭祀建筑/寺庙/万神殿
三叶草饰,2,20701:通用分类标签/植物/草本植物/三叶草/三叶草饰 || 21079:通用分类标签/植物/草本植物/酢浆草/三叶草饰
三文鱼,2,12194:通用分类标签/动物/水生非哺乳生物/硬骨鱼/三文鱼 || 27961:通用分类标签/食物/食用鱼肉/三文鱼
三明治,2,25332:通用分类标签/食物/中式主食面点/三明治 || 27204:通用分类标签/食物/一道菜/零食/三明治
三色堇,2,20711:通用分类标签/植物/草本植物/中提琴/三色堇 || 20714:通用分类标签/植物/草本植物/中提琴/紫罗兰/三色堇
三角旗,2,18171:通用分类标签/文字与信息图形/信号/代号/奖项/三角旗 || 18203:通用分类标签/文字与信息图形/信号/视觉信号/旗帜/三角旗
上升,2,22557:通用分类标签/自然景观/侧面/上升 || 24419:通用分类标签/行为动作/位置变化/上升
上层鳉鱼,2,12362:通用分类标签/动物/水生非哺乳生物/硬骨鱼/真骨鱼/软鳍鱼/鲤形目鱼类/上层鳉鱼 || 12379:通用分类标签/动物/水生非哺乳生物/硬骨鱼/真骨鱼/软鳍鱼/鲤形目鱼类/鳉形鱼/上层鳉鱼
上帝,2,1895:通用分类标签/人物与人体/会长/贵族/男性贵族/上帝 || 17835:通用分类标签/文化艺术与媒介/上帝
上级,2,1835:通用分类标签/人物与人体/会长/上级 || 2455:通用分类标签/人物与人体/宗教人士/上级
下降,2,24286:通用分类标签/行为动作/下降 || 28814:通用分类标签/属性与状态/三维形状/中央凹陷/凹陷/下降
不幸,2,21913:通用分类标签/组织机构与社会事件/故障/不幸 || 28937:通用分类标签/属性与状态/命运/不幸
专员,2,1208:通用分类标签/人物与人体/人物关系与群体/同事/会员/专员 || 1753:通用分类标签/人物与人体/专家/专员
专家,2,1734:通用分类标签/人物与人体/专家 || 2402:通用分类标签/人物与人体/大人/专业人员/初级保健提供者/执业医务人员/医学博士/专家
专辑,2,17318:通用分类标签/文化艺术与媒介/音乐音频/专辑 || 30234:IP 分类标签/内容作品 IP/音乐作品/专辑
丘鹬,2,13113:通用分类标签/动物/鸟类/涉禽/丘鹬 || 13135:通用分类标签/动物/鸟类/涉禽/猎鸟/丘鹬
丝带,2,8866:通用分类标签/人造物体/文章/观念/丝带 || 9160:通用分类标签/人造物体/条带/丝带
两件套,2,7520:通用分类标签/人造物体/商品/消费品/可穿戴设备/衣服/套装/商务西装/两件套 || 7648:通用分类标签/人造物体/商品/消费品/可穿戴设备/衣服/泳衣/两件套
中士,2,2139:通用分类标签/人物与人体/劳动者/技术工人/军事人员群体/军官/士官/中士 || 2412:通用分类标签/人物与人体/大人/专业人员/律师/出庭律师/中士
中央处理器,2,9696:通用分类标签/人造物体/电力设备/电路/计算机电路/印刷电路/卡片/中央处理器 || 9749:通用分类标签/人造物体/电子设备/中央处理器
中庭,2,16410:通用分类标签/建筑与基础设施/区/天井/中庭 || 16898:通用分类标签/建筑与基础设施/空腔/房间/中庭
中心,2,16222:通用分类标签/建筑与基础设施/中心 || 16785:通用分类标签/建筑与基础设施/机构/商业机构/中心
中提琴,2,2889:通用分类标签/人造物体/中西乐器/弦乐器/弓弦乐器/中提琴 || 20710:通用分类标签/植物/草本植物/中提琴
中耕机,2,2067:通用分类标签/人物与人体/创造者/农场主/中耕机 || 9044:通用分类标签/人造物体/机器/农业机器/中耕机
主持人,2,1836:通用分类标签/人物与人体/会长/主持人 || 1916:通用分类标签/人物与人体/传播者/新闻工作者/电视新闻播音员/主持人
主管,2,1210:通用分类标签/人物与人体/人物关系与群体/同事/会员/委员会成员/主管 || 1838:通用分类标签/人物与人体/会长/主管
主菜,2,27033:通用分类标签/食物/一道菜/主菜 || 27855:通用分类标签/食物/路线/主菜
主题,2,18085:通用分类标签/文字与信息图形/主题 || 18219:通用分类标签/文字与信息图形/听觉交流/主题
乌鸫,2,13318:通用分类标签/动物/鸟类/鸣禽/新世界拟鹂/乌鸫 || 13444:通用分类标签/动物/鸟类/鸣禽/鸫/乌鸫
乒乓球台,2,6881:通用分类标签/人造物体/体育器材/乒乓球台 || 9204:通用分类标签/人造物体/桌子/乒乓球台
乘船游览,2,24937:通用分类标签/行为动作/旅行/旅程/乘船游览 || 24949:通用分类标签/行为动作/旅行/水路旅行/海上旅行/乘船游览
书写,2,23641:通用分类标签/行为动作/工作学习动作/书写 || 24298:通用分类标签/行为动作/书写
书包,2,3115:通用分类标签/人造物体/办公文具/书包 || 8111:通用分类标签/人造物体/容器/包/书包
书桌,2,4419:通用分类标签/人造物体/家具大件/书桌 || 9205:通用分类标签/人造物体/桌子/书桌
书法,2,17291:通用分类标签/文化艺术与媒介/视觉艺术/书法 || 24182:通用分类标签/行为动作/艺术表演动作/书法
书面协议,2,18466:通用分类标签/文字与信息图形/法律文件/书面协议 || 18560:通用分类标签/文字与信息图形/陈述/协定/书面协议
乳液,2,9301:通用分类标签/人造物体/洗漱用品/乳液 || 29609:通用分类标签/材料与物质/分泌液/乳液
争吵,2,7641:通用分类标签/人造物体/商品/消费品/可穿戴设备/衣服/护腿/争吵 || 13969:通用分类标签/动物/后代/争吵
事业,2,17365:通用分类标签/文化艺术与媒介/事业 || 21958:通用分类标签/组织机构与社会事件/事业
二极管,2,8420:通用分类标签/人造物体/导体/半导体/二极管 || 9730:通用分类标签/人造物体/电子器件/热电子真空管/二极管
二胡,2,2890:通用分类标签/人造物体/中西乐器/弦乐器/弓弦乐器/二胡 || 6198:通用分类标签/人造物体/益智玩具/二胡
云杉,2,18586:通用分类标签/植物/乔木灌木林木/针叶树/云杉 || 29741:通用分类标签/材料与物质/植物材料/木/云杉
五月甲虫,2,14167:通用分类标签/动物/无脊椎动物/节肢动物/昆虫/甲虫/鳃角金龟/金龟子/五月甲虫 || 14174:通用分类标签/动物/无脊椎动物/节肢动物/昆虫/甲虫/鳃角金龟/五月甲虫
井筒,2,8689:通用分类标签/人造物体/挖掘/井筒 || 10472:通用分类标签/人造物体/道路/通道/井筒
交通运输,2,10048:通用分类标签/人造物体/装置/交通运输 || 21959:通用分类标签/组织机构与社会事件/事业/交通运输
产品,2,7395:通用分类标签/人造物体/商品/产品 || 17373:通用分类标签/文化艺术与媒介/产品
亮度,2,28865:通用分类标签/属性与状态/亮度 || 29257:通用分类标签/属性与状态/视觉属性/亮度
人体模型,2,2106:通用分类标签/人物与人体/劳动者/助手/人体模型 || 17675:通用分类标签/文化艺术与媒介/表征/仿真/人物/人体模型
人心果,2,18664:通用分类标签/植物/乔木灌木林木/乔木/人心果 || 27377:通用分类标签/食物/农产品/食用水果/人心果
仔细考虑,2,22658:通用分类标签/自然景观/天然高地/前陆/仔细考虑 || 24765:通用分类标签/行为动作/思索/仔细考虑
代币,2,8918:通用分类标签/人造物体/机制/旋转机构/回合/光盘/代币 || 18164:通用分类标签/文字与信息图形/信号/代号/代币
代理人,2,1919:通用分类标签/人物与人体/传播者/谈判者/代表/代理人 || 2798:通用分类标签/人物与人体/资本家/商业人士/代理人
代表,2,1918:通用分类标签/人物与人体/传播者/谈判者/代表 || 2046:通用分类标签/人物与人体/倡导者/代言人/代表
仪器,2,6673:通用分类标签/人造物体/乐器/器械/仪器 || 6833:通用分类标签/人造物体/仪器
仪表板,2,10092:通用分类标签/人造物体/覆盖物/保护/仪表板 || 17923:通用分类标签/文字与信息图形/数字界面/控制面板/仪表板
任务,2,17366:通用分类标签/文化艺术与媒介/事业/任务 || 21946:通用分类标签/组织机构与社会事件/非政府组织/任务
企业,2,21702:通用分类标签/组织机构与社会事件/组织机构/企业 || 21840:通用分类标签/组织机构与社会事件/企业
休会期,2,16364:通用分类标签/建筑与基础设施/区/围场/休会期 || 22552:通用分类标签/自然景观/休会期
休假,2,29429:通用分类标签/时间数量与度量/基本量/一段时间/休假时间/休假 || 29432:通用分类标签/时间数量与度量/基本量/一段时间/休假时间/闲暇/休假
休息,2,8750:通用分类标签/人造物体/支持/休息 || 23886:通用分类标签/行为动作/日常生活动作/休息
优胜者,2,2294:通用分类标签/人物与人体/参赛者/优胜者 || 2310:通用分类标签/人物与人体/参赛者/挑战者/优胜者
会堂,2,16233:通用分类标签/建筑与基础设施/会堂 || 16424:通用分类标签/建筑与基础设施/区/室/会堂
会议,2,18229:通用分类标签/文字与信息图形/听觉交流/言语/会议 || 24142:通用分类标签/行为动作/社交互动动作/聚会/会议
会议厅,2,16360:通用分类标签/建筑与基础设施/区/听众席/会议厅 || 16482:通用分类标签/建筑与基础设施/区/室/大厅/会议厅
伞菌,2,21417:通用分类标签/真菌与微生物/菌类/伞菌 || 21438:通用分类标签/真菌与微生物/菌类/担子菌/伞菌
伤害,2,24693:通用分类标签/行为动作/完整性变化/伤害 || 29088:通用分类标签/属性与状态/形势/生理状态/病理状态/不健康/伤害
伤风,2,29102:通用分类标签/属性与状态/形势/生理状态/病理状态/不健康/生病/传染性疾病/伤风 || 29104:通用分类标签/属性与状态/形势/生理状态/病理状态/不健康/生病/呼吸疾病/伤风
位置,2,29051:通用分类标签/属性与状态/形势/位置 || 29868:通用分类标签/知识与学科/土地块/位置
低音吉他,2,2881:通用分类标签/人造物体/中西乐器/弦乐器/六弦琴/低音吉他 || 28051:通用分类标签/声音/乐器/拨弦乐器/吉他/低音吉他
低音提琴,2,2891:通用分类标签/人造物体/中西乐器/弦乐器/弓弦乐器/低音提琴 || 28023:通用分类标签/声音/乐器/弓弦乐器/低音提琴
住房,2,9617:通用分类标签/人造物体/用具/平头钉/住房 || 10093:通用分类标签/人造物体/覆盖物/保护/住房
体育运动,2,1447:通用分类标签/人物与人体/职业身份/运动员/体育运动 || 24733:通用分类标签/行为动作/岗位/体育运动
体重秤,2,6740:通用分类标签/人造物体/乐器/器械/仪器/秤/体重秤 || 29487:通用分类标签/时间数量与度量/度量/体重秤
供应,2,24470:通用分类标签/行为动作/供应 || 29342:通用分类标签/时间数量与度量/不定量/供应
侧面,2,9974:通用分类标签/人造物体/表面/侧面 || 22556:通用分类标签/自然景观/侧面
侵蚀,2,24574:通用分类标签/行为动作/化学加工/侵蚀 || 24645:通用分类标签/行为动作/地质作用/侵蚀
保护,2,10089:通用分类标签/人造物体/覆盖物/保护 || 24475:通用分类标签/行为动作/保护
保护者,2,2021:通用分类标签/人物与人体/保护者 || 8851:通用分类标签/人造物体/救援设备/保护者
保温杯,2,4012:通用分类标签/人造物体/厨房餐厨用品/餐具/陶瓷餐具/杯/保温杯 || 4044:通用分类标签/人造物体/厨房餐厨用品/保温杯
保险气袋,2,8112:通用分类标签/人造物体/容器/包/保险气袋 || 9876:通用分类标签/人造物体/约束/保险气袋
保险箱,2,8346:通用分类标签/人造物体/容器/盒子/保险箱 || 8365:通用分类标签/人造物体/容器/盒子/箱/保险箱
信箱,2,8510:通用分类标签/人造物体/开口/狭缝/投币口/信箱 || 10055:通用分类标签/人造物体/装置/保管人/储藏所/邮件投递点/信箱
修枝剪,2,7884:通用分类标签/人造物体/器具/棒/杠杆/复式杠杆/剪子/大剪刀/修枝剪刀/修枝剪 || 8643:通用分类标签/人造物体/手工工具/锯/手锯/修枝锯/修枝剪
修道院,2,15883:通用分类标签/建筑与基础设施/宗教祭祀建筑/教堂/修道院 || 16249:通用分类标签/建筑与基础设施/住宅/住处/H类住宅/住所/修道院回廊/修道院
修道院回廊,2,16248:通用分类标签/建筑与基础设施/住宅/住处/H类住宅/住所/修道院回廊 || 16412:通用分类标签/建筑与基础设施/区/天井/修道院回廊
俱乐部,2,16781:通用分类标签/建筑与基础设施/机构/商业机构/斑点/俱乐部 || 21884:通用分类标签/组织机构与社会事件/协会/俱乐部
倒挂金钟,2,19093:通用分类标签/植物/乔木灌木林木/灌木/倒挂金钟 || 20740:通用分类标签/植物/草本植物/倒挂金钟
假主教帽花,2,20117:通用分类标签/植物/显花植物/开花植物/野花/假主教帽花 || 20741:通用分类标签/植物/草本植物/假主教帽花
假靛蓝,2,19040:通用分类标签/植物/乔木灌木林木/假靛蓝 || 19152:通用分类标签/植物/乔木灌木林木/灌木/棉条/假靛蓝
停车标志,2,18432:通用分类标签/文字与信息图形/标志/停车标志 || 18440:通用分类标签/文字与信息图形/标志/道路标志/交通标志/停车标志
健身训练,2,14473:通用分类标签/场景/体育娱乐场景/健身训练 || 23458:通用分类标签/行为动作/体育运动动作/健身训练
储气罐,2,6675:通用分类标签/人造物体/乐器/器械/仪器/仪表/储气罐 || 10667:通用分类标签/人造物体/储罐容器/储气罐
儿童喊叫,2,28185:通用分类标签/声音/人类声音/人声/喊叫/儿童喊叫 || 28246:通用分类标签/声音/人类群体行为/儿童喊叫
充气艇,2,201:通用分类标签/交通工具/水上载具/充气艇 || 239:通用分类标签/交通工具/水上载具/小船/充气艇
充电器,2,5432:通用分类标签/人造物体/数码 3C 电子/充电器 || 11128:通用分类标签/动物/哺乳动物/马科动物/家马/坐骑/战马/充电器
先生,2,1377:通用分类标签/人物与人体/性别与生理属性/男性/成年雄性/先生 || 17974:通用分类标签/文字与信息图形/文字内容/标题/先生
先知,2,2444:通用分类标签/人物与人体/宗教人士/先知 || 2619:通用分类标签/人物与人体/智力/空想家/占卜者/先知
光,2,7004:通用分类标签/人造物体/光 || 7028:通用分类标签/人造物体/光源/光
克莱门氏小柑橘,2,18804:通用分类标签/植物/乔木灌木林木/乔木/开花乔木/果树/柑橘属/柑桔/克莱门氏小柑橘 || 27415:通用分类标签/食物/农产品/食用水果/柑橘属/橘子/克莱门氏小柑橘
兔,2,11310:通用分类标签/动物/哺乳动物/有胎盘哺乳动物/兔 || 11315:通用分类标签/动物/哺乳动物/有胎盘哺乳动物/兔形目动物/兔科动物/兔
兔子,2,11316:通用分类标签/动物/哺乳动物/有胎盘哺乳动物/兔形目动物/兔科动物/兔/兔子 || 11324:通用分类标签/动物/哺乳动物/有胎盘哺乳动物/兔形目动物/兔科动物/兔子
入口,2,8835:通用分类标签/人造物体/支持/结构构件/窗台/入口 || 10466:通用分类标签/人造物体/道路/访问/入口
全景,2,17697:通用分类标签/文化艺术与媒介/表征/图像/全景 || 30146:通用分类标签/知识与学科/知识/表征/知觉表象/视觉知觉/全景
八角,2,18667:通用分类标签/植物/乔木灌木林木/乔木/八角 || 27849:通用分类标签/食物/调味剂/香料/八角
公交车,2,703:通用分类标签/交通工具/公交车 || 716:通用分类标签/交通工具/公共运输/公交车
公共汽车,2,1011:通用分类标签/交通工具/轮式车辆/自行式车辆/机动车/公共汽车 || 1061:通用分类标签/交通工具/道路机动车/公共汽车
公立学校,2,15573:通用分类标签/建筑与基础设施/公共服务建筑/学校/公立学校 || 21679:通用分类标签/组织机构与社会事件/组织机构/教育机构/公立学校
共管公寓,2,16275:通用分类标签/建筑与基础设施/住宅/住处/共管公寓 || 16294:通用分类标签/建筑与基础设施/住宅/共管公寓
关头,2,21854:通用分类标签/组织机构与社会事件/关头 || 29394:通用分类标签/时间数量与度量/关头
关节,2,2055:通用分类标签/人物与人体/关节 || 10387:通用分类标签/人造物体/连接/交汇处/关节
写字台,2,8277:通用分类标签/人造物体/容器/容器盒/写字台 || 9206:通用分类标签/人造物体/桌子/书桌/写字台
军号,2,2973:通用分类标签/人造物体/中西乐器/管乐器/铜管乐器/军号 || 28076:通用分类标签/声音/乐器/铜管乐器/军号
军需品,2,7057:通用分类标签/人造物体/军需品 || 23514:通用分类标签/行为动作/冲突与执法动作/防御/军需品
军鼓,2,2924:通用分类标签/人造物体/中西乐器/打击乐器/膜质乐器/军鼓 || 28044:通用分类标签/声音/乐器/打击乐/鼓/军鼓
农场动物,2,11329:通用分类标签/动物/哺乳动物/有胎盘哺乳动物/农场动物 || 13946:通用分类标签/动物/农场动物
农贸市场,2,15767:通用分类标签/建筑与基础设施/商业办公建筑/市场/农贸市场 || 15775:通用分类标签/建筑与基础设施/商业办公建筑/市场/市场广场/农贸市场
冬南瓜,2,19819:通用分类标签/植物/草本竹藤植物/藤本植物/南瓜藤/冬南瓜 || 27306:通用分类标签/食物/农产品/蔬菜/壁球运动/冬南瓜
冬季风暴,2,22320:通用分类标签/自然景观/天文天象气象/风暴/冬季风暴 || 25056:通用分类标签/行为动作/物理现象/大气现象/冬季风暴
冬瓜,2,19863:通用分类标签/植物/草本竹藤植物/藤本植物/葫芦/甜瓜/冬瓜 || 27453:通用分类标签/食物/农产品/食用水果/甜瓜/冬瓜
冬青,2,18739:通用分类标签/植物/乔木灌木林木/乔木/开花乔木/冬青 || 29479:通用分类标签/时间数量与度量/寄生生物/寄生植物/冬青
冰川,2,22112:通用分类标签/自然景观/冰雪与极地/冰川 || 22327:通用分类标签/自然景观/水文水体/冰川
冰球运动员,2,1448:通用分类标签/人物与人体/职业身份/运动员/冰球运动员 || 2296:通用分类标签/人物与人体/参赛者/参与者/冰球运动员
冰箱,2,4733:通用分类标签/人造物体/家用电器/冰箱 || 4826:通用分类标签/人造物体/家用电器/大型白色家电/冰箱
冰雕,2,17307:通用分类标签/文化艺术与媒介/视觉艺术/雕塑/冰雕 || 17777:通用分类标签/文化艺术与媒介/通过移除创造/冰雕
冰雪赛事,2,21597:通用分类标签/组织机构与社会事件/体育事件/冰雪赛事 || 31074:IP 分类标签/赛事 IP/体育赛事/冰雪赛事
冰鞋,2,6898:通用分类标签/人造物体/体育器材/冰鞋 || 12422:通用分类标签/动物/水生非哺乳生物/软骨鱼/板鳃类鱼/鳐鱼/冰鞋
冲压机,2,9054:通用分类标签/人造物体/机器/动力工具/冲压机 || 9088:通用分类标签/人造物体/机器/压机/冲压机
冲浪板,2,6207:通用分类标签/人造物体/益智玩具/冲浪板 || 8557:通用分类标签/人造物体/扁平立体/板/冲浪板
决明属植物,2,18674:通用分类标签/植物/乔木灌木林木/乔木/决明属植物 || 18773:通用分类标签/植物/乔木灌木林木/乔木/开花乔木/月桂/决明属植物
冷却,2,8871:通用分类标签/人造物体/机制/冷却 || 25027:通用分类标签/行为动作/温度变化/冷却
冷杉,2,18597:通用分类标签/植物/乔木灌木林木/针叶树/冷杉 || 29742:通用分类标签/材料与物质/植物材料/木/冷杉
冻酸奶,2,27872:通用分类标签/食物/路线/点心/冷冻甜点/冻酸奶 || 27902:通用分类标签/食物/酸奶/冻酸奶
凉鞋,2,5769:通用分类标签/人造物体/服饰全品/凉鞋 || 10308:通用分类标签/人造物体/覆盖物/足部装备/鞋/凉鞋
凝乳,2,26538:通用分类标签/食物/肉蛋奶食材/乳制品/凝乳 || 27918:通用分类标签/食物/食品/凝乳
几内亚胡椒,2,18676:通用分类标签/植物/乔木灌木林木/乔木/几内亚胡椒 || 20758:通用分类标签/植物/草本植物/几内亚胡椒
凤蝶,2,7570:通用分类标签/人造物体/商品/消费品/可穿戴设备/衣服/外衣/外套/夹克/凤蝶 || 14252:通用分类标签/动物/无脊椎动物/节肢动物/昆虫/鳞翅目昆虫/蝴蝶/凤蝶
凳子,2,4437:通用分类标签/人造物体/家具大件/凳子 || 8004:通用分类标签/人造物体/坐椅/凳子
凸出,2,24416:通用分类标签/行为动作/伸出/凸出 || 28817:通用分类标签/属性与状态/三维形状/凸出
凸耳,2,7225:通用分类标签/人造物体/台布/布料/帆/纵帆/凸耳 || 16655:通用分类标签/建筑与基础设施/投影/凸耳
出口,2,7398:通用分类标签/人造物体/商品/出口 || 8489:通用分类标签/人造物体/开口/出口
出租马车,2,331:通用分类标签/交通工具/畜力与传统载具/马车/出租马车 || 11123:通用分类标签/动物/哺乳动物/马科动物/家马/出租马车
击打,2,24686:通用分类标签/行为动作/完成/成就/成功/击打 || 25214:通用分类标签/行为动作/触摸/击打
击球头盔,2,6920:通用分类标签/人造物体/体育器材/棒球器材/击球头盔 || 7420:通用分类标签/人造物体/商品/消费品/可穿戴设备/头具/兜鍪/击球头盔
击球手,2,1463:通用分类标签/人物与人体/职业身份/运动员/棒球手/击球手 || 27928:通用分类标签/食物/食品/混合物/击球手
击球手套,2,6921:通用分类标签/人造物体/体育器材/棒球器材/击球手套 || 7467:通用分类标签/人造物体/商品/消费品/可穿戴设备/手部穿戴物/手套/击球手套
凿子,2,5131:通用分类标签/人造物体/工业机械设备/凿子 || 7070:通用分类标签/人造物体/切割器具/切削工具/刃具/凿子
刀,2,7073:通用分类标签/人造物体/切割器具/切削工具/刃具/刀 || 10588:通用分类标签/人造物体/武器/刀
分开,2,7551:通用分类标签/人造物体/商品/消费品/可穿戴设备/衣服/分开 || 24694:通用分类标签/行为动作/完整性变化/分开
切割,2,23668:通用分类标签/行为动作/工作学习动作/切割 || 27626:通用分类标签/食物/肉/切割
切碎机,2,7074:通用分类标签/人造物体/切割器具/切削工具/刃具/刀/切碎机 || 7939:通用分类标签/人造物体/器具/厨房用具/切碎机
划艇,2,240:通用分类标签/交通工具/水上载具/小船/划艇 || 859:通用分类标签/交通工具/水上交通工具/划艇
列车,2,724:通用分类标签/交通工具/公共运输/列车 || 1075:通用分类标签/交通工具/铁路运输/列车
刚松,2,18612:通用分类标签/植物/乔木灌木林木/针叶树/松属植物/刚松 || 18631:通用分类标签/植物/乔木灌木林木/针叶树/松属植物/黄松/刚松
初学者,2,2445:通用分类标签/人物与人体/宗教人士/初学者 || 2512:通用分类标签/人物与人体/技能不熟练者/初学者
刨槽机,2,2176:通用分类标签/人物与人体/劳动者/技术工人/刨槽机 || 9056:通用分类标签/人造物体/机器/动力工具/刨槽机
别针,2,3008:通用分类标签/人造物体/五金工具/紧固件/别针 || 6559:通用分类标签/人造物体/箱包首饰/珠宝首饰/别针
刮铲,2,3982:通用分类标签/人造物体/厨房餐厨用品/炊具/车床工/刮铲 || 8590:通用分类标签/人造物体/手工工具/刮铲
制造,2,16339:通用分类标签/建筑与基础设施/制造 || 17616:通用分类标签/文化艺术与媒介/用原材料制作/制造
刺猬,2,10801:通用分类标签/动物/哺乳动物/啮齿动物/刺猬 || 11589:通用分类标签/动物/哺乳动物/有胎盘哺乳动物/食虫动物/刺猬
刺罂粟,2,20393:通用分类标签/植物/显花植物/开花植物/罂粟/刺罂粟 || 20762:通用分类标签/植物/草本植物/刺罂粟
刺菜蓟,2,21037:通用分类标签/植物/草本植物/蔬菜/刺菜蓟 || 27269:通用分类标签/食物/农产品/蔬菜/刺菜蓟
刺蜥,2,12836:通用分类标签/动物/爬行动物/双孔亚纲动物/蜥形动物/蜥蜴/飞蜥科动物/刺魔蜥/刺蜥 || 12841:通用分类标签/动物/爬行动物/双孔亚纲动物/蜥形动物/蜥蜴/鬣蜥科动物/刺蜥
刺身,2,25631:通用分类标签/食物/中式菜肴汤品/刺身 || 27038:通用分类标签/食物/一道菜/刺身
剃须刀,2,1378:通用分类标签/人物与人体/性别与生理属性/男性/成年雄性/剃须刀 || 7086:通用分类标签/人造物体/切割器具/切削工具/刃具/剃刀/剃须刀
前卫摇滚,2,18269:通用分类标签/文字与信息图形/听觉交流/音乐流派/摇滚音乐/前卫摇滚 || 18532:通用分类标签/文字与信息图形/表现风格/音乐流派/通俗音乐/前卫摇滚
前锋,2,1449:通用分类标签/人物与人体/职业身份/运动员/前锋 || 8943:通用分类标签/人造物体/机制/机械装置/前锋
副本,2,17688:通用分类标签/文化艺术与媒介/表征/副本 || 18384:通用分类标签/文字与信息图形/指示/记录/书面记录/副本
办公桌,2,4446:通用分类标签/人造物体/家具大件/办公桌 || 9208:通用分类标签/人造物体/桌子/书桌/办公桌
办公椅,2,4455:通用分类标签/人造物体/家具大件/办公椅 || 8010:通用分类标签/人造物体/坐椅/办公椅
加农炮,2,6103:通用分类标签/人造物体/武器与安防用品/火炮/加农炮 || 10618:通用分类标签/人造物体/武器/手枪/加农炮
加油器,2,197:通用分类标签/交通工具/水上载具/货船/加油器 || 2102:通用分类标签/人物与人体/劳动者/加油器
加湿器,2,4755:通用分类标签/人造物体/家用电器/加湿器 || 7756:通用分类标签/人造物体/商品/消费品/耐用品/器具/加湿器
加速器,2,6792:通用分类标签/人造物体/乐器/器械/科学仪器/加速器 || 7902:通用分类标签/人造物体/器具/棒/杠杆/脚踏杆/加速器
动力工具,2,9053:通用分类标签/人造物体/机器/动力工具 || 28111:通用分类标签/声音/事物声音/工具/动力工具
动物纤维,2,29623:通用分类标签/材料与物质/动物材料/动物产品/动物纤维 || 29705:通用分类标签/材料与物质/天然纤维/动物纤维
动画师,2,2195:通用分类标签/人物与人体/劳动者/技术工人/技术员/动画师 || 2268:通用分类标签/人物与人体/劳动者/动画师
动画电影,2,17129:通用分类标签/文化艺术与媒介/影视视频/电影/动画电影 || 30204:IP 分类标签/内容作品 IP/动漫作品/动画电影
助听器,2,8067:通用分类标签/人造物体/声学装置/助听器 || 9708:通用分类标签/人造物体/电子器件/助听器
劳动者,2,2096:通用分类标签/人物与人体/劳动者 || 14105:通用分类标签/动物/无脊椎动物/节肢动物/昆虫/劳动者
勃艮第白葡萄酒,2,27726:通用分类标签/食物/致醉物/葡萄酒/勃艮第/勃艮第白葡萄酒 || 27743:通用分类标签/食物/致醉物/葡萄酒/白葡萄酒/勃艮第白葡萄酒
包,2,8110:通用分类标签/人造物体/容器/包 || 30031:通用分类标签/知识与学科/收藏品集合/包
包/包装/包裹,2,8150:通用分类标签/人造物体/容器/包/包装/包裹 || 24572:通用分类标签/行为动作/包围/包/包装/包裹
包子,2,25341:通用分类标签/食物/中式主食面点/包子 || 26021:通用分类标签/食物/烘焙甜品点心/面包/包子
化学家,2,2399:通用分类标签/人物与人体/大人/专业人员/初级保健提供者/化学家 || 30833:IP 分类标签/真人与人物 IP/科学文化人物/科学家/化学家
化装服,2,7478:通用分类标签/人造物体/商品/消费品/可穿戴设备/打扮/伪装/化装服 || 7487:通用分类标签/人造物体/商品/消费品/可穿戴设备/打扮/剧装/化装服
化验,2,24566:通用分类标签/行为动作/力图/化验 || 30190:通用分类标签/知识与学科/问题解决/研究/化验
医院,2,14552:通用分类标签/场景/室内场景/医院 || 15530:通用分类标签/建筑与基础设施/公共服务建筑/医院
升麻,2,19042:通用分类标签/植物/乔木灌木林木/升麻 || 20454:通用分类标签/植物/有毒植物/升麻
半履带车,2,739:通用分类标签/交通工具/军用车/半履带车 || 993:通用分类标签/交通工具/轮式车辆/自行式车辆/履带车辆/半履带车
半挂牵引车,2,581:通用分类标签/交通工具/陆地民用车辆/货车/半挂牵引车 || 818:通用分类标签/交通工具/拖车/半挂牵引车
半独立式住宅,2,16256:通用分类标签/建筑与基础设施/住宅/住处/H类住宅/半独立式住宅 || 16276:通用分类标签/建筑与基础设施/住宅/住处/半独立式住宅
单板滑雪,2,24344:通用分类标签/行为动作/休养/体育/滑冰/单板滑雪 || 25031:通用分类标签/行为动作/滑动/单板滑雪
单簧管,2,2940:通用分类标签/人造物体/中西乐器/管乐器/单簧管 || 2948:通用分类标签/人造物体/中西乐器/管乐器/木材/拍簧乐器/单簧乐器/单簧管
单色,2,6631:通用分类标签/人造物体/艺术品与工艺品/绘画作品/单色 || 17711:通用分类标签/文化艺术与媒介/表征/图画/单色
单镜头反光相机,2,8720:通用分类标签/人造物体/摄影设备/照相机/单镜头反光相机 || 28129:通用分类标签/声音/事物声音/机制/相机/单镜头反光相机
南洋杉,2,18605:通用分类标签/植物/乔木灌木林木/针叶树/南洋杉 || 22813:通用分类标签/自然景观/植物结构/植物器官/生殖结构/果子/种子/坚果/食用坚果/南洋杉
南瓜,2,19822:通用分类标签/植物/草本竹藤植物/藤本植物/南瓜藤/南瓜 || 27286:通用分类标签/食物/农产品/蔬菜/南瓜
博若莱葡萄酒,2,27727:通用分类标签/食物/致醉物/葡萄酒/勃艮第/博若莱葡萄酒 || 27758:通用分类标签/食物/致醉物/葡萄酒/红葡萄酒/博若莱葡萄酒
卡丁车运动,2,24353:通用分类标签/行为动作/休养/体育/竞速运动/卡丁车运动 || 24362:通用分类标签/行为动作/休养/体育/赛车运动/卡丁车运动
卡夫坦长袍,2,7445:通用分类标签/人造物体/商品/消费品/可穿戴设备/女装/女服/卡夫坦长袍 || 7596:通用分类标签/人造物体/商品/消费品/可穿戴设备/衣服/外衣/披风/卡夫坦长袍
卡宴辣椒,2,27351:通用分类标签/食物/农产品/蔬菜/茄科蔬菜/胡椒/辣椒/辣味辣椒/卡宴辣椒 || 27797:通用分类标签/食物/调味剂/卡宴辣椒
卡纸板,2,29637:通用分类标签/材料与物质/包装材料/卡纸板 || 29840:通用分类标签/材料与物质/纸/卡纸板
卫生巾,2,7162:通用分类标签/人造物体/卫生巾 || 9935:通用分类标签/人造物体/缓冲材料/垫子/卫生巾
印度人,2,1939:通用分类标签/人物与人体/住户/亚洲人/印度人 || 2714:通用分类标签/人物与人体/美洲原住民/印度人
印度楝,2,18691:通用分类标签/植物/乔木灌木林木/乔木/印度楝 || 18753:通用分类标签/植物/乔木灌木林木/乔木/开花乔木/印度楝
印第安画笔花,2,20124:通用分类标签/植物/显花植物/开花植物/野花/印第安画笔花 || 20724:通用分类标签/植物/草本植物/乳草/印第安画笔花
卷,2,28820:通用分类标签/属性与状态/三维形状/圆柱/卷 || 28941:通用分类标签/属性与状态/圆形/卷
卷心菜,2,20776:通用分类标签/植物/草本植物/十字花科植物/卷心菜 || 27272:通用分类标签/食物/农产品/蔬菜/十字花科蔬菜/卷心菜
卷盘,2,8731:通用分类标签/人造物体/摄影设备/相纸/摄影胶片/卷盘 || 8949:通用分类标签/人造物体/机制/机械装置/卷绕器/卷盘
压力锅,2,4071:通用分类标签/人造物体/厨房餐厨用品/压力锅 || 8215:通用分类标签/人造物体/容器/器皿/消毒器/压力锅
原声吉他,2,2882:通用分类标签/人造物体/中西乐器/弦乐器/六弦琴/原声吉他 || 28052:通用分类标签/声音/乐器/拨弦乐器/吉他/原声吉他
原鸡,2,13013:通用分类标签/动物/鸟类/家禽/原鸡 || 13790:通用分类标签/动物/鸟类/鸡形目鸟/原鸡
厢式车,2,561:通用分类标签/交通工具/陆地民用车辆/房车/厢式车 || 583:通用分类标签/交通工具/陆地民用车辆/货车/厢式车
厨师,2,1520:通用分类标签/人物与人体/职业身份/厨师 || 2190:通用分类标签/人物与人体/劳动者/技术工人/厨师
厨房橱柜,2,6995:通用分类标签/人造物体/储藏柜/厨房橱柜 || 21829:通用分类标签/组织机构与社会事件/一帮人/厨房橱柜
厨房用具,2,4765:通用分类标签/人造物体/家用电器/厨房用具 || 7937:通用分类标签/人造物体/器具/厨房用具
厨房窗户,2,8492:通用分类标签/人造物体/开口/厨房窗户 || 16739:通用分类标签/建筑与基础设施/支承结构/构架/窗户/厨房窗户
参与者,2,1213:通用分类标签/人物与人体/人物关系与群体/同事/参与者 || 2295:通用分类标签/人物与人体/参赛者/参与者
及膝袜,2,7742:通用分类标签/人造物体/商品/消费品/可穿戴设备/鞋子/袜类/袜子/及膝袜 || 7749:通用分类标签/人造物体/商品/消费品/可穿戴设备/鞋子/袜类/长筒袜/及膝袜
双层巴士,2,717:通用分类标签/交通工具/公共运输/公交车/双层巴士 || 734:通用分类标签/交通工具/公共运输/双层巴士
双手,2,903:通用分类标签/交通工具/监护制度/双手 || 28210:通用分类标签/声音/人类声音/双手
双桅小帆船,2,209:通用分类标签/交通工具/水上载具/大型帆船/双桅小帆船 || 241:通用分类标签/交通工具/水上载具/小船/双桅小帆船
双簧管,2,2942:通用分类标签/人造物体/中西乐器/管乐器/双簧管 || 2952:通用分类标签/人造物体/中西乐器/管乐器/木材/拍簧乐器/双簧/双簧管
反射器,2,6808:通用分类标签/人造物体/乐器/器械/科学仪器/放大器/望远镜/天文望远镜/光学望远镜/反射器 || 7181:通用分类标签/人造物体/反射器
发夹,2,3010:通用分类标签/人造物体/五金工具/紧固件/别针/发夹 || 3021:通用分类标签/人造物体/五金工具/紧固件/夹子/发夹
发射,2,222:通用分类标签/交通工具/水上载具/小船/动力艇/发射 || 24867:通用分类标签/行为动作/推进/发射
发油,2,9321:通用分类标签/人造物体/洗漱用品/发油 || 9323:通用分类标签/人造物体/洗漱用品/发油/润发油/发油
取得,2,25193:通用分类标签/行为动作/获取/取得 || 29917:通用分类标签/知识与学科/取得
口琴,2,2964:通用分类标签/人造物体/中西乐器/管乐器/自由簧乐器/口琴 || 28021:通用分类标签/声音/乐器/口琴
口红,2,7197:通用分类标签/人造物体/口红 || 9311:通用分类标签/人造物体/洗漱用品/化妆品/化妆/口红
古典音乐,2,18258:通用分类标签/文字与信息图形/听觉交流/音乐流派/古典音乐 || 18530:通用分类标签/文字与信息图形/表现风格/音乐流派/古典音乐
古筝,2,2907:通用分类标签/人造物体/中西乐器/弦乐器/齐特琴/古筝 || 6225:通用分类标签/人造物体/益智玩具/古筝
古钢琴,2,2887:通用分类标签/人造物体/中西乐器/弦乐器/古钢琴 || 2910:通用分类标签/人造物体/中西乐器/打击乐器/古钢琴
叭喇狗,2,10901:通用分类标签/动物/哺乳动物/犬科动物/家犬/工作犬/叭喇狗 || 10962:通用分类标签/动物/哺乳动物/犬科动物/家犬/猎犬/㹴犬/叭喇狗
可乐饮料,2,20001:通用分类标签/植物/双子叶植物属/五桠果亚纲双子叶植物属/可乐饮料 || 27892:通用分类标签/食物/软饮料/可乐饮料
可可,2,18754:通用分类标签/植物/乔木灌木林木/乔木/开花乔木/可可 || 27920:通用分类标签/食物/食品/可可
台球台,2,9213:通用分类标签/人造物体/桌子/台球台 || 9360:通用分类标签/人造物体/游戏器材/台球台
叶,2,22741:通用分类标签/自然景观/植物结构/植物器官/叶 || 29842:通用分类标签/材料与物质/纸/叶
叶片,2,8955:通用分类标签/人造物体/机制/机械装置/叶片 || 9853:通用分类标签/人造物体/稳定器/安定翼/叶片
叶菜,2,27266:通用分类标签/食物/农产品/叶菜 || 27288:通用分类标签/食物/农产品/蔬菜/叶菜
吉他,2,6234:通用分类标签/人造物体/益智玩具/吉他 || 28050:通用分类标签/声音/乐器/拨弦乐器/吉他
吊坠,2,7971:通用分类标签/人造物体/固定物/照明器材/吊坠 || 9510:通用分类标签/人造物体/点缀/装饰/吊坠
吊床,2,7150:通用分类标签/人造物体/卧室家具/床/吊床 || 22147:通用分类标签/自然景观/地质地貌/丘陵/吊床
同伴,2,1373:通用分类标签/人物与人体/性别与生理属性/男性/同伴 || 2111:通用分类标签/人物与人体/劳动者/助手/出席者/同伴
同情者,2,1233:通用分类标签/人物与人体/人物关系与群体/朋友/同情者 || 1910:通用分类标签/人物与人体/传播者/同情者
同被花被,2,22635:通用分类标签/自然景观/天然覆盖物/同被花被 || 22754:通用分类标签/自然景观/植物结构/植物器官/同被花被
后代,2,1803:通用分类标签/人物与人体/亲属/后代 || 13968:通用分类标签/动物/后代
后视镜,2,7187:通用分类标签/人造物体/反射器/反射镜/汽车后视镜/后视镜 || 7190:通用分类标签/人造物体/反射器/后视镜
后面,2,9983:通用分类标签/人造物体/表面/侧面/后面 || 30101:通用分类标签/知识与学科/界限/表面/后面
向日葵,2,19276:通用分类标签/植物/农作物/向日葵 || 20280:通用分类标签/植物/显花植物/开花植物/向日葵
听诊器,2,3692:通用分类标签/人造物体/医疗器械/医疗仪器/听诊器 || 3708:通用分类标签/人造物体/医疗器械/听诊器
启动器,2,1843:通用分类标签/人物与人体/会长/启动器 || 9094:通用分类标签/人造物体/机器/发动机/电动机/启动器
吸入器,2,7387:通用分类标签/人造物体/呼吸器/吸入器 || 8105:通用分类标签/人造物体/容器/分配器/吸入器
吸引力,2,25054:通用分类标签/行为动作/物理现象/吸引力 || 28985:通用分类标签/属性与状态/外表/美/吸引力
吹哨者,2,10804:通用分类标签/动物/哺乳动物/啮齿动物/土拨鼠/吹哨者 || 13596:通用分类标签/动物/鸟类/水禽/雁形目鸟/鸭/吹哨者
呐喊者,2,13188:通用分类标签/动物/鸟类/涉禽/起重机/呐喊者 || 13580:通用分类标签/动物/鸟类/水禽/天鹅/呐喊者
呼呼声,2,14363:通用分类标签/动物/猫头鹰/呼呼声 || 28435:通用分类标签/声音/拟声法/呼呼声
咖啡壶,2,3952:通用分类标签/人造物体/厨房餐厨用品/炊具/壶/咖啡壶 || 4774:通用分类标签/人造物体/家用电器/厨房用具/咖啡壶
咖啡机,2,4775:通用分类标签/人造物体/家用电器/厨房用具/咖啡壶/咖啡机 || 4815:通用分类标签/人造物体/家用电器/咖啡机
咖啡杯,2,4015:通用分类标签/人造物体/厨房餐厨用品/餐具/陶瓷餐具/杯/咖啡杯 || 8261:通用分类标签/人造物体/容器/器皿/饮水器/圆筒形有柄大杯/咖啡杯
咯咯笑声,2,18240:通用分类标签/文字与信息图形/听觉交流/话语/笑/咯咯笑声 || 28196:通用分类标签/声音/人类声音/人声/笑声/咯咯笑声
咸水矮让木,2,18697:通用分类标签/植物/乔木灌木林木/乔木/咸水矮让木 || 19020:通用分类标签/植物/乔木灌木林木/乔木/酸枝木树/咸水矮让木
哈密瓜,2,19864:通用分类标签/植物/草本竹藤植物/藤本植物/葫芦/甜瓜/哈密瓜 || 27451:通用分类标签/食物/农产品/食用水果/甜瓜/哈密瓜
哈蒙德风琴,2,2937:通用分类标签/人造物体/中西乐器/电子乐器/哈蒙德风琴 || 28083:通用分类标签/声音/乐器/音乐键盘/管风琴/哈蒙德风琴
哑铃,2,6243:通用分类标签/人造物体/益智玩具/哑铃 || 6896:通用分类标签/人造物体/体育器材/健身重物/哑铃
唱片,2,5383:通用分类标签/人造物体/数码 3C 电子/存储设备/唱片 || 8084:通用分类标签/人造物体/媒介/唱片
啄木鸟,2,13475:通用分类标签/动物/鸟类/䴕形目鸟类/啄木鸟 || 13745:通用分类标签/动物/鸟类/雀形目鸟类/霸鹟科鸟类/啄木鸟
商标,2,18166:通用分类标签/文字与信息图形/信号/代号/商标 || 18186:通用分类标签/文字与信息图形/信号/代号/记号笔/商标
啤酒,2,26870:通用分类标签/食物/饮品类/啤酒 || 27770:通用分类标签/食物/致醉物/酿造饮料/啤酒
啤酒杯,2,8262:通用分类标签/人造物体/容器/器皿/饮水器/圆筒形有柄大杯/啤酒杯 || 8326:通用分类标签/人造物体/容器/杯子/啤酒杯
啦啦队员,2,1234:通用分类标签/人物与人体/人物关系与群体/朋友/啦啦队员 || 1844:通用分类标签/人物与人体/会长/啦啦队员
喂食器,2,14000:通用分类标签/动物/家养动物/喂食器 || 22425:通用分类标签/自然景观/水文水体/溪流/树枝/喂食器
喊叫,2,18237:通用分类标签/文字与信息图形/听觉交流/话语/喊叫 || 28184:通用分类标签/声音/人类声音/人声/喊叫
喜剧演员,2,2765:通用分类标签/人物与人体/表演者/喜剧演员 || 2774:通用分类标签/人物与人体/表演者/演员/喜剧演员
喷气发动机,2,916:通用分类标签/交通工具/航空器/航空发动机/喷气发动机 || 9097:通用分类标签/人造物体/机器/发动机/反作用推进发动机/喷气发动机
嗖嗖声,2,28439:通用分类标签/声音/拟声法/嗖嗖声 || 28626:通用分类标签/声音/箭/嗖嗖声
嘉年华,2,24378:通用分类标签/行为动作/休养/娱乐/演出/嘉年华 || 24401:通用分类标签/行为动作/休养/庆典/节/嘉年华
嘲鸫,2,9048:通用分类标签/人造物体/机器/农业机器/嘲鸫 || 13303:通用分类标签/动物/鸟类/鸣禽/嘲鸫
嘴,2,2669:通用分类标签/人物与人体/爱人/嘴 || 16933:通用分类标签/建筑与基础设施/走廊/孔口/嘴
器具,2,7755:通用分类标签/人造物体/商品/消费品/耐用品/器具 || 7779:通用分类标签/人造物体/器具
四分之一,2,17455:通用分类标签/文化艺术与媒介/四分之一 || 29319:通用分类标签/时间数量与度量/一定量/复数/实数/有理数/分数/四分之一
四轮驱动,2,998:通用分类标签/交通工具/轮式车辆/自行式车辆/机动车/四轮驱动 || 9025:通用分类标签/人造物体/机制/齿轮/传动系统/四轮驱动
回鹘豆,2,21053:通用分类标签/植物/草本植物/豆科植物/回鹘豆 || 22782:通用分类标签/自然景观/植物结构/植物器官/生殖结构/果子/圆荚体/豆科植物/回鹘豆
园丁,2,1739:通用分类标签/人物与人体/专家/园艺师/园丁 || 2248:通用分类标签/人物与人体/劳动者/职员/园丁
围场,2,16363:通用分类标签/建筑与基础设施/区/围场 || 16397:通用分类标签/建筑与基础设施/区/围场/笔/围场
固定装置,2,3019:通用分类标签/人造物体/五金工具/紧固件/固定装置 || 7976:通用分类标签/人造物体/固定装置
国家公园,2,28904:通用分类标签/属性与状态/公园/国家公园 || 30660:IP 分类标签/自然生态与动物 IP/自然景观/国家公园
国家首都,2,29887:通用分类标签/知识与学科/中央/座位/首都/国家首都 || 29956:通用分类标签/知识与学科/地区/行政区/市镇/城/国家首都
国际象棋,2,19798:通用分类标签/植物/草本竹藤植物/牧草/雀麦/国际象棋 || 23212:通用分类标签/行为动作/休闲娱乐动作/游戏/室内聚会游戏/桌游/国际象棋
图像,2,17492:通用分类标签/文化艺术与媒介/平面艺术/图像 || 17695:通用分类标签/文化艺术与媒介/表征/图像
图像扫描仪,2,9711:通用分类标签/人造物体/电子器件/图像扫描仪 || 9756:通用分类标签/人造物体/电子设备/外围设备/数据输入装置/图像扫描仪
图标,2,17705:通用分类标签/文化艺术与媒介/表征/图标 || 18167:通用分类标签/文字与信息图形/信号/代号/图标
图钉,2,3046:通用分类标签/人造物体/五金工具/紧固件/纸张紧固件/图钉 || 3058:通用分类标签/人造物体/五金工具/紧固件/钉子/平头钉/图钉
圆号,2,2975:通用分类标签/人造物体/中西乐器/管乐器/铜管乐器/圆号 || 28077:通用分类标签/声音/乐器/铜管乐器/圆号
圆形剧场,2,16068:通用分类标签/建筑与基础设施/文化体育建筑/体育场/圆形剧场 || 17049:通用分类标签/建筑与基础设施/阳台/画廊/圆形剧场
圆材,2,7859:通用分类标签/人造物体/器具/杆/圆材 || 29818:通用分类标签/材料与物质/矿物/圆材
圆柱体,2,8267:通用分类标签/人造物体/容器/圆柱体 || 28945:通用分类标签/属性与状态/圆形/圆柱体
圆桌,2,9216:通用分类标签/人造物体/桌子/圆桌 || 18231:通用分类标签/文字与信息图形/听觉交流/言语/会议/圆桌
圆珠笔,2,3173:通用分类标签/人造物体/办公文具/圆珠笔 || 7450:通用分类标签/人造物体/商品/消费品/可穿戴设备/女装/女服/女夜礼服/圆珠笔
圆锥帐篷,2,16278:通用分类标签/建筑与基础设施/住宅/住处/印第安棚屋/圆锥帐篷 || 16623:通用分类标签/建筑与基础设施/庇护所/可折叠庇护所/圆锥帐篷
圆顶,2,16629:通用分类标签/建筑与基础设施/庇护所/可折叠庇护所/帆布/圆顶 || 28816:通用分类标签/属性与状态/三维形状/中央凹陷/圆顶
圈,2,16769:通用分类标签/建筑与基础设施/支承结构/骨架/圈 || 29235:通用分类标签/属性与状态/线/曲线/封闭曲线/简单封闭性状/圈
土坚果,2,21424:通用分类标签/真菌与微生物/菌类/土坚果 || 22815:通用分类标签/自然景观/植物结构/植物器官/生殖结构/果子/种子/坚果/食用坚果/土坚果
土豆,2,19833:通用分类标签/植物/草本竹藤植物/藤本植物/土豆 || 27318:通用分类标签/食物/农产品/蔬菜/根菜类/土豆
圣女果,2,20933:通用分类标签/植物/草本植物/洋柿子/圣女果 || 27342:通用分类标签/食物/农产品/蔬菜/茄科蔬菜/番茄/圣女果
圣诞帽,2,5712:通用分类标签/人造物体/服饰全品/帽子/圣诞帽 || 7426:通用分类标签/人造物体/商品/消费品/可穿戴设备/头具/圣诞帽
圣诞球,2,9478:通用分类标签/人造物体/点缀/圣诞挂饰/圣诞球 || 28951:通用分类标签/属性与状态/圆形/球/圣诞球
地图,2,17719:通用分类标签/文化艺术与媒介/表征/地图 || 18324:通用分类标签/文字与信息图形/地图
地基,2,7542:通用分类标签/人造物体/商品/消费品/可穿戴设备/衣服/贴身衣物/地基 || 21937:通用分类标签/组织机构与社会事件/金融机构/地基
地堡/击球,2,16964:通用分类标签/建筑与基础设施/辎重/妨碍/危险/地堡/击球 || 23515:通用分类标签/行为动作/冲突与执法动作/防御/军需品/地堡/击球
地板,2,10004:通用分类标签/人造物体/表面/水平仪/地板 || 16556:通用分类标签/建筑与基础设施/地板
地毯,2,4464:通用分类标签/人造物体/家具大件/地毯 || 10213:通用分类标签/人造物体/覆盖物/地板蒙布/地毯
地球,2,22297:通用分类标签/自然景观/天文天象气象/行星/类地行星/地球 || 29689:通用分类标签/材料与物质/地球
地球仪,2,3191:通用分类标签/人造物体/办公文具/地球仪 || 9608:通用分类标签/人造物体/球体/地球仪
地窖,2,8691:通用分类标签/人造物体/挖掘/地窖 || 16350:通用分类标签/建筑与基础设施/区/储存空间/地窖
地衣,2,21427:通用分类标签/真菌与微生物/菌类/地衣 || 29108:通用分类标签/属性与状态/形势/生理状态/病理状态/不健康/生病/皮肤病/地衣
地铁列车,2,727:通用分类标签/交通工具/公共运输/列车/地铁列车 || 768:通用分类标签/交通工具/地铁列车
坑,2,8692:通用分类标签/人造物体/挖掘/坑 || 22577:通用分类标签/自然景观/凹陷地/中空地形/坑
坚果,2,8053:通用分类标签/人造物体/块状物/坚果 || 22811:通用分类标签/自然景观/植物结构/植物器官/生殖结构/果子/种子/坚果
垃圾桶,2,4473:通用分类标签/人造物体/家具大件/垃圾桶 || 8415:通用分类标签/人造物体/容器/垃圾桶
垃圾车,2,590:通用分类标签/交通工具/陆地民用车辆/货车/垃圾车 || 595:通用分类标签/交通工具/陆地民用车辆/货车/手拉车/垃圾车
垒位,2,8756:通用分类标签/人造物体/支持/垒位 || 10059:通用分类标签/人造物体/装置/军事设施/垒位
垒球,2,9376:通用分类标签/人造物体/游戏器材/球/垒球 || 23500:通用分类标签/行为动作/体育运动动作/球类运动/棒球/垒球
垫圈,2,2126:通用分类标签/人物与人体/劳动者/垫圈 || 3038:通用分类标签/人造物体/五金工具/紧固件/海豹/垫圈
垫子,2,9934:通用分类标签/人造物体/缓冲材料/垫子 || 29846:通用分类标签/材料与物质/纸/垫子
埃克斯穆尔,2,11136:通用分类标签/动物/哺乳动物/马科动物/家马/小型马/埃克斯穆尔 || 11384:通用分类标签/动物/哺乳动物/有胎盘哺乳动物/有蹄哺乳动物/偶蹄动物/反刍动物/牛科动物/绵羊/家羊/埃克斯穆尔
堆,2,8810:通用分类标签/人造物体/支持/结构构件/垂直方向/支柱/堆 || 30032:通用分类标签/知识与学科/收藏品集合/堆
塔巴斯科辣椒,2,26649:通用分类标签/食物/调味品/汁/辣酱/塔巴斯科辣椒 || 27349:通用分类标签/食物/农产品/蔬菜/茄科蔬菜/胡椒/辣椒/塔巴斯科辣椒
塞子,2,9655:通用分类标签/人造物体/电力设备/塞子 || 16953:通用分类标签/建筑与基础设施/辎重/堵塞/塞子
塞维利亚酸橙,2,18802:通用分类标签/植物/乔木灌木林木/乔木/开花乔木/果树/柑橘属/柑桔/塞维利亚酸橙 || 27408:通用分类标签/食物/农产品/食用水果/柑橘属/柑橘/塞维利亚酸橙
填料,2,24888:通用分类标签/行为动作/插入/填料 || 27929:通用分类标签/食物/食品/混合物/填料
墙,2,16319:通用分类标签/建筑与基础设施/分隔物/墙 || 16967:通用分类标签/建筑与基础设施/辎重/屏障/击剑/墙
墨西哥酸浆,2,21083:通用分类标签/植物/草本植物/酸浆/墨西哥酸浆 || 27340:通用分类标签/食物/农产品/蔬菜/茄科蔬菜/墨西哥酸浆
壁式烛台,2,7031:通用分类标签/人造物体/光源/光/壁式烛台 || 8758:通用分类标签/人造物体/支持/墙壁托架/壁式烛台
壁板,2,8459:通用分类标签/人造物体/建材/壁板 || 10356:通用分类标签/人造物体/跑道/轨道/壁板
壁橱,2,16351:通用分类标签/建筑与基础设施/区/储存空间/壁橱 || 16468:通用分类标签/建筑与基础设施/区/室/壁橱
壁灯,2,7042:通用分类标签/人造物体/光源/灯/壁灯 || 7973:通用分类标签/人造物体/固定物/照明器材/灯具/壁灯
壁画,2,17292:通用分类标签/文化艺术与媒介/视觉艺术/壁画 || 30241:IP 分类标签/艺术与文物 IP/名画/壁画
壶,2,3951:通用分类标签/人造物体/厨房餐厨用品/炊具/壶 || 8224:通用分类标签/人造物体/容器/器皿/瓶/壶
处方,2,18100:通用分类标签/文字与信息图形/书面交流/处方 || 18421:通用分类标签/文字与信息图形/方向/处方
复活节彩蛋,2,27088:通用分类标签/食物/一道菜/水煮嫩蛋/全熟水煮蛋/复活节彩蛋 || 27989:通用分类标签/食物/甜食/糖制食品/复活节彩蛋
夏南瓜,2,19823:通用分类标签/植物/草本竹藤植物/藤本植物/南瓜藤/夏南瓜 || 27310:通用分类标签/食物/农产品/蔬菜/壁球运动/夏南瓜
外套,2,7564:通用分类标签/人造物体/商品/消费品/可穿戴设备/衣服/外衣/外套 || 10225:通用分类标签/人造物体/覆盖物/外套
外科手术,2,16417:通用分类标签/建筑与基础设施/区/室/H类病房/外科手术 || 16480:通用分类标签/建筑与基础设施/区/室/外科手术
外表,2,28979:通用分类标签/属性与状态/外表 || 30139:通用分类标签/知识与学科/知识/表征/外表
大会堂,2,16235:通用分类标签/建筑与基础设施/会堂/大会堂 || 16485:通用分类标签/建筑与基础设施/区/室/大厅/大会堂
大厅,2,10516:通用分类标签/人造物体/道路/通道/走廊/甬道/大厅 || 16481:通用分类标签/建筑与基础设施/区/室/大厅
大型白色家电,2,4824:通用分类标签/人造物体/家用电器/大型白色家电 || 7762:通用分类标签/人造物体/商品/纺织品/大型白色家电
大气电,2,24855:通用分类标签/行为动作/排放/放电/大气电 || 25058:通用分类标签/行为动作/物理现象/大气现象/大气电
大白鹭,2,13175:通用分类标签/动物/鸟类/涉禽/苍鹭/大白鹭 || 13179:通用分类标签/动物/鸟类/涉禽/苍鹭/白鹭/大白鹭
大腿面,2,2379:通用分类标签/人物与人体/外部身体部位/成员/翼/大腿/大腿面 || 10201:通用分类标签/人造物体/覆盖物/口盖/大腿面
大花杓兰,2,20223:通用分类标签/植物/显花植物/开花植物/兰科植物/杓兰/大花杓兰 || 20225:通用分类标签/植物/显花植物/开花植物/兰科植物/杓兰/小花黄杓兰/大花杓兰
大蒜,2,20608:通用分类标签/植物/球根植物/百合科植物/葱属植物/大蒜 || 27808:通用分类标签/食物/调味剂/大蒜
大蚊,2,14110:通用分类标签/动物/无脊椎动物/节肢动物/昆虫/双翅昆虫/大蚊 || 14228:通用分类标签/动物/无脊椎动物/节肢动物/昆虫/蜻蛉目昆虫/大蚊
大黄,2,20843:通用分类标签/植物/草本植物/大黄 || 27314:通用分类标签/食物/农产品/蔬菜/大黄
大黄蜂,2,14206:通用分类标签/动物/无脊椎动物/节肢动物/昆虫/膜翅目昆虫/胡蜂/大黄蜂 || 14219:通用分类标签/动物/无脊椎动物/节肢动物/昆虫/膜翅目昆虫/蜂/大黄蜂
天窗,2,10124:通用分类标签/人造物体/覆盖物/保护/屋顶/天窗 || 16743:通用分类标签/建筑与基础设施/支承结构/构架/窗户/天窗
太阳鱼,2,12208:通用分类标签/动物/水生非哺乳生物/硬骨鱼/真骨鱼/棘鳍目鱼/愈颌目/太阳鱼 || 12236:通用分类标签/动物/水生非哺乳生物/硬骨鱼/真骨鱼/棘鳍目鱼/鲈形亚目鱼/太阳鱼
头具,2,7417:通用分类标签/人造物体/商品/消费品/可穿戴设备/头具 || 9618:通用分类标签/人造物体/用具/平头钉/头具
夹克,2,5823:通用分类标签/人造物体/服饰全品/夹克 || 7567:通用分类标签/人造物体/商品/消费品/可穿戴设备/衣服/外衣/外套/夹克
奇异果,2,1959:通用分类标签/人物与人体/住户/奇异果 || 27387:通用分类标签/食物/农产品/食用水果/奇异果
奔跑,2,24688:通用分类标签/行为动作/完成/成就/成功/比分/奔跑 || 28208:通用分类标签/声音/人类声音/人类移动/奔跑
奖项,2,18170:通用分类标签/文字与信息图形/信号/代号/奖项 || 24528:通用分类标签/行为动作/分配/分摊/补助金/奖项
套房,2,16293:通用分类标签/建筑与基础设施/住宅/公寓/套房 || 18221:通用分类标签/文字与信息图形/听觉交流/乐曲/套房
女儿,2,1364:通用分类标签/人物与人体/性别与生理属性/女性/女儿 || 1368:通用分类标签/人物与人体/性别与生理属性/女性/雌性后代/女儿
女士,2,1344:通用分类标签/人物与人体/性别与生理属性/女性/女人/女士 || 1891:通用分类标签/人物与人体/会长/贵族/女性贵族/女士
女夜礼服,2,7449:通用分类标签/人造物体/商品/消费品/可穿戴设备/女装/女服/女夜礼服 || 7490:通用分类标签/人造物体/商品/消费品/可穿戴设备/打扮/夜礼服/女夜礼服
女巫帽,2,5715:通用分类标签/人造物体/服饰全品/帽子/女巫帽 || 7428:通用分类标签/人造物体/商品/消费品/可穿戴设备/头具/女巫帽
女式睡裙,2,7507:通用分类标签/人造物体/商品/消费品/可穿戴设备/男式睡衣上衣/女式睡裙 || 7531:通用分类标签/人造物体/商品/消费品/可穿戴设备/衣服/贴身衣物/内衣/女内衣/女式睡裙
奶,2,27511:通用分类标签/食物/奶 || 27921:通用分类标签/食物/食品/奶
奶油,2,2627:通用分类标签/人物与人体/杰出人物/奶油 || 9325:通用分类标签/人造物体/洗漱用品/奶油
奶茶,2,26879:通用分类标签/食物/饮品类/奶茶 || 27607:通用分类标签/食物/红茶/奶茶
姐妹,2,1816:通用分类标签/人物与人体/亲属/女性亲属/姐妹 || 2460:通用分类标签/人物与人体/宗教人士/修女/姐妹
姜,2,20861:通用分类标签/植物/草本植物/姜 || 27809:通用分类标签/食物/调味剂/姜
姜黄,2,20863:通用分类标签/植物/草本植物/姜黄 || 27810:通用分类标签/食物/调味剂/姜黄
姿势,2,24668:通用分类标签/行为动作/姿势 || 28840:通用分类标签/属性与状态/不自然性/矫揉造作/姿势
婆婆纳,2,20134:通用分类标签/植物/显花植物/开花植物/野花/婆婆纳 || 20308:通用分类标签/植物/显花植物/开花植物/婆婆纳
婚礼花束,2,9495:通用分类标签/人造物体/点缀/插花/婚礼花束 || 9497:通用分类标签/人造物体/点缀/插花/花束/婚礼花束
婴儿摇篮,2,337:通用分类标签/交通工具/畜力与传统载具/马车/婴儿摇篮 || 8076:通用分类标签/人造物体/婴儿床/婴儿摇篮
媒介,2,8078:通用分类标签/人造物体/媒介 || 18335:通用分类标签/文字与信息图形/媒介
子弹,2,10607:通用分类标签/人造物体/武器/导弹/子弹 || 30685:IP 分类标签/武器 IP/军火/子弹
孤儿,2,1292:通用分类标签/人物与人体/基础年龄属性/儿童/孤儿 || 13971:通用分类标签/动物/后代/孤儿
学习者,2,2436:通用分类标签/人物与人体/学习者 || 2605:通用分类标签/人物与人体/智力/学习者
学位帽,2,5719:通用分类标签/人造物体/服饰全品/帽子/学位帽 || 8567:通用分类标签/人造物体/扁平立体/板/学位帽
学术会议,2,14952:通用分类标签/场景/教育文化场景/学术会议 || 21592:通用分类标签/组织机构与社会事件/会议与展览/学术会议
学生,2,1331:通用分类标签/人物与人体/基础年龄属性/青年/学生 || 1551:通用分类标签/人物与人体/职业身份/学生
安全泄放旋塞,2,8900:通用分类标签/人造物体/机制/控制/调节器/安全泄放旋塞 || 8907:通用分类标签/人造物体/机制/控制/阀门/安全泄放旋塞
完成,2,24676:通用分类标签/行为动作/完成 || 25095:通用分类标签/行为动作/状态变化/终止/完成
定居者,2,2227:通用分类标签/人物与人体/劳动者/职员/书记/定居者 || 2586:通用分类标签/人物与人体/旅行者/迁徙者/定居者
定时器,2,6701:通用分类标签/人造物体/乐器/器械/仪器/时计/定时器 || 8892:通用分类标签/人造物体/机制/控制/总督/定时器
定音鼓,2,2919:通用分类标签/人造物体/中西乐器/打击乐器/定音鼓 || 28048:通用分类标签/声音/乐器/打击乐/鼓/定音鼓
审判,2,17759:通用分类标签/文化艺术与媒介/调查/研究/实验/审判 || 24567:通用分类标签/行为动作/力图/审判
客厅,2,16439:通用分类标签/建筑与基础设施/区/室/包房/客厅 || 16501:通用分类标签/建筑与基础设施/区/室/接待室/客厅
客房,2,16457:通用分类标签/建筑与基础设施/区/室/卧室/客房 || 16496:通用分类标签/建筑与基础设施/区/室/客房
室内停车库,2,17062:通用分类标签/建筑与基础设施/附属建筑/车库/停车库/室内停车库 || 17063:通用分类标签/建筑与基础设施/附属建筑/车库/室内停车库
宴会厅,2,16361:通用分类标签/建筑与基础设施/区/听众席/会议厅/宴会厅 || 16486:通用分类标签/建筑与基础设施/区/室/大厅/宴会厅
家,2,6927:通用分类标签/人造物体/体育器材/棒球器材/垒/家 || 16281:通用分类标签/建筑与基础设施/住宅/住处/家
家庭成员,2,1560:通用分类标签/人物与人体/职业身份/家庭成员 || 1828:通用分类标签/人物与人体/亲属/家庭成员
家犬,2,10872:通用分类标签/动物/哺乳动物/犬科动物/家犬 || 10908:通用分类标签/动物/哺乳动物/犬科动物/家犬/工作犬/护卫犬/家犬
家蝇,2,14118:通用分类标签/动物/无脊椎动物/节肢动物/昆虫/双翅昆虫/苍蝇/家蝇 || 28482:通用分类标签/声音/昆虫/家蝇
容器盒,2,8271:通用分类标签/人造物体/容器/容器盒 || 22639:通用分类标签/自然景观/天然覆盖物/容器盒
宽边帽,2,5720:通用分类标签/人造物体/服饰全品/帽子/宽边帽 || 22446:通用分类标签/自然景观/海岸与岛屿/岛屿/宽边帽
导体,2,8418:通用分类标签/人造物体/导体 || 29708:通用分类标签/材料与物质/导体
导管,2,10473:通用分类标签/人造物体/道路/通道/导管 || 10481:通用分类标签/人造物体/道路/通道/导管/管/导管
寿司,2,25658:通用分类标签/食物/中式菜肴汤品/寿司 || 27060:通用分类标签/食物/一道菜/寿司
小丑,2,2053:通用分类标签/人物与人体/傻瓜/傻子/小丑 || 2767:通用分类标签/人物与人体/表演者/喜剧演员/丑角/小丑
小号,2,2977:通用分类标签/人造物体/中西乐器/管乐器/铜管乐器/小号 || 28078:通用分类标签/声音/乐器/铜管乐器/小号
小型摩托车,2,673:通用分类标签/交通工具/非机动车/自行车/小型摩托车 || 965:通用分类标签/交通工具/轮式车辆/小型摩托车
小型立式钢琴,2,2915:通用分类标签/人造物体/中西乐器/打击乐器/古钢琴/直立物/小型立式钢琴 || 2983:通用分类标签/人造物体/中西乐器/键盘乐器/大键琴/小型立式钢琴
小扁豆,2,22783:通用分类标签/自然景观/植物结构/植物器官/生殖结构/果子/圆荚体/豆科植物/小扁豆 || 27356:通用分类标签/食物/农产品/蔬菜/豆科植物/小扁豆
小报,2,8082:通用分类标签/人造物体/媒介/印刷媒体/新闻业/小报 || 17212:通用分类标签/文化艺术与媒介/文学出版/报纸/小报
小树林,2,20651:通用分类标签/植物/种植园/小树林 || 22514:通用分类标签/自然景观/生态环境/森林/小树林
小母马,2,13982:通用分类标签/动物/后代/幼年哺乳动物/雏马/小母马 || 14432:通用分类标签/动物/雌性/小母马
小海湾,2,22199:通用分类标签/自然景观/地质地貌/洞穴/小海湾 || 22553:通用分类标签/自然景观/休会期/小海湾
小烤盅,2,4027:通用分类标签/人造物体/厨房餐厨用品/餐具/陶瓷餐具/盘/小烤盅 || 27062:通用分类标签/食物/一道菜/小烤盅
小猫,2,11084:通用分类标签/动物/哺乳动物/猫科动物/猫/家猫/小猫 || 13977:通用分类标签/动物/后代/幼年哺乳动物/小猫
小白菜,2,20777:通用分类标签/植物/草本植物/十字花科植物/小白菜 || 27273:通用分类标签/食物/农产品/蔬菜/十字花科蔬菜/卷心菜/小白菜
小米,2,19785:通用分类标签/植物/草本竹藤植物/牧草/谷类禾草/小米 || 27950:通用分类标签/食物/食品/谷物/小米
小胡瓜,2,19826:通用分类标签/植物/草本竹藤植物/藤本植物/南瓜藤/夏南瓜/骨髓/小胡瓜 || 27311:通用分类标签/食物/农产品/蔬菜/壁球运动/夏南瓜/小胡瓜
小脚轮,2,7155:通用分类标签/人造物体/卧室家具/床/小脚轮 || 8991:通用分类标签/人造物体/机制/机械装置/机器/车轮/滚轮/小脚轮
小说,2,17469:通用分类标签/文化艺术与媒介/小说 || 18117:通用分类标签/文字与信息图形/书面交流/文学作品/小说
小飞虫,2,14111:通用分类标签/动物/无脊椎动物/节肢动物/昆虫/双翅昆虫/小飞虫 || 14127:通用分类标签/动物/无脊椎动物/节肢动物/昆虫/双翅昆虫/蚊子/小飞虫
小鼠,2,9712:通用分类标签/人造物体/电子器件/小鼠 || 14412:通用分类标签/动物/野生动物/啮齿目动物/小鼠
少量,2,29340:通用分类标签/时间数量与度量/不定量/一容器之量/少量 || 29346:通用分类标签/时间数量与度量/不定量/少量
尖牙,2,1100:通用分类标签/人物与人体/五官/牙齿/尖牙 || 18519:通用分类标签/文字与信息图形/自然语言/尼日尔-科尔多凡语系/尼日尔-刚果语系/班图人/尖牙
尤克里里,2,2884:通用分类标签/人造物体/中西乐器/弦乐器/六弦琴/尤克里里 || 28057:通用分类标签/声音/乐器/拨弦乐器/尤克里里
尿布,2,7288:通用分类标签/人造物体/台布/尿布 || 7636:通用分类标签/人造物体/商品/消费品/可穿戴设备/衣服/尿布
屋顶,2,10113:通用分类标签/人造物体/覆盖物/保护/屋顶 || 22644:通用分类标签/自然景观/天然覆盖物/屋顶
屏障,2,16965:通用分类标签/建筑与基础设施/辎重/屏障 || 22712:通用分类标签/自然景观/机制/屏障
屠夫,2,2192:通用分类标签/人物与人体/劳动者/技术工人/屠夫 || 2810:通用分类标签/人物与人体/资本家/商业人士/商人/屠夫
山地,2,14975:通用分类标签/场景/自然户外场景/山地 || 22163:通用分类标签/自然景观/地质地貌/山地
山峰,2,16664:通用分类标签/建筑与基础设施/投影/帽檐/山峰 || 22565:通用分类标签/自然景观/冠饰/山峰
山松,2,18616:通用分类标签/植物/乔木灌木林木/针叶树/松属植物/山松 || 18627:通用分类标签/植物/乔木灌木林木/针叶树/松属植物/白松/山松
山柳菊,2,20139:通用分类标签/植物/显花植物/开花植物/野花/山柳菊 || 20873:通用分类标签/植物/草本植物/山柳菊
山核桃,2,18757:通用分类标签/植物/乔木灌木林木/乔木/开花乔木/坚果树/山核桃 || 22817:通用分类标签/自然景观/植物结构/植物器官/生殖结构/果子/种子/坚果/食用坚果/山核桃
山猫,2,11085:通用分类标签/动物/哺乳动物/猫科动物/猫/家猫/山猫 || 11096:通用分类标签/动物/哺乳动物/猫科动物/猫/野猫/山猫
山竹,2,18783:通用分类标签/植物/乔木灌木林木/乔木/开花乔木/果树/山竹 || 27388:通用分类标签/食物/农产品/食用水果/山竹
山羊,2,11343:通用分类标签/动物/哺乳动物/有胎盘哺乳动物/有蹄哺乳动物/偶蹄动物/反刍动物/牛科动物/山羊 || 13947:通用分类标签/动物/农场动物/山羊
山脊,2,22664:通用分类标签/自然景观/天然高地/山脊 || 22680:通用分类标签/自然景观/山脊
山路,2,10448:通用分类标签/人造物体/道路/山路 || 16166:通用分类标签/建筑与基础设施/路桥隧道工程/公路/山路
岗位,2,24732:通用分类标签/行为动作/岗位 || 30079:通用分类标签/知识与学科/点/岗位
岩石,2,22685:通用分类标签/自然景观/岩石 || 29713:通用分类标签/材料与物质/岩石
岩鱼,2,12297:通用分类标签/动物/水生非哺乳生物/硬骨鱼/真骨鱼/棘鳍目鱼/鲈形亚目鱼/鮨/海鲈/岩鱼 || 12338:通用分类标签/动物/水生非哺乳生物/硬骨鱼/真骨鱼/棘鳍目鱼/鲉形鱼/鲉科鱼/岩鱼
岳父或公公,2,1794:通用分类标签/人物与人体/亲属/长辈/祖先/生父/双亲之一/父/岳父或公公 || 1821:通用分类标签/人物与人体/亲属/姻亲/岳父或公公
嵌齿,2,1101:通用分类标签/人物与人体/五官/牙齿/嵌齿 || 2105:通用分类标签/人物与人体/劳动者/助手/下属/嵌齿
巢,2,22699:通用分类标签/自然景观/巢 || 22704:通用分类标签/自然景观/巢/鸟巢/巢
工作室,2,16497:通用分类标签/建筑与基础设施/区/室/工作室 || 17483:通用分类标签/文化艺术与媒介/工作室
工作站,2,5450:通用分类标签/人造物体/数码 3C 电子/工作站 || 9039:通用分类标签/人造物体/机器/信息处理系统/数字计算机/工作站
工具套装,2,8280:通用分类标签/人造物体/容器/容器盒/工具套装 || 9613:通用分类标签/人造物体/用具/全套工具/工具套装
工匠,2,2181:通用分类标签/人物与人体/劳动者/技术工人/匠人/工匠 || 2409:通用分类标签/人物与人体/大人/专业人员/工匠
巧克力,2,26104:通用分类标签/食物/烘焙甜品点心/巧克力 || 27518:通用分类标签/食物/巧克力
布朗尼蛋糕,2,1316:通用分类标签/人物与人体/基础年龄属性/少年/童子军/女童子军/布朗尼蛋糕 || 26072:通用分类标签/食物/烘焙甜品点心/饼干/布朗尼蛋糕
帆布,2,7292:通用分类标签/人造物体/台布/帆布 || 16628:通用分类标签/建筑与基础设施/庇护所/可折叠庇护所/帆布
帆船运动,2,24735:通用分类标签/行为动作/岗位/帆船运动 || 24947:通用分类标签/行为动作/旅行/水路旅行/帆船运动
帝王蟹,2,14089:通用分类标签/动物/无脊椎动物/节肢动物/介虫/十足目动物/螃蟹/蜘蛛蟹/帝王蟹 || 14102:通用分类标签/动物/无脊椎动物/节肢动物/帝王蟹
帝王蟹/蟹,2,14086:通用分类标签/动物/无脊椎动物/节肢动物/介虫/十足目动物/螃蟹/帝王蟹/蟹 || 14095:通用分类标签/动物/无脊椎动物/节肢动物/介虫/短尾下目甲壳动物/帝王蟹/蟹
带,2,7708:通用分类标签/人造物体/商品/消费品/可穿戴设备/装备/带 || 9183:通用分类标签/人造物体/条带/带
带状材料,2,5384:通用分类标签/人造物体/数码 3C 电子/存储设备/唱片/带状材料 || 5391:通用分类标签/人造物体/数码 3C 电子/存储设备/带状材料
帷幔,2,7277:通用分类标签/人造物体/台布/啮合/帷幔 || 7296:通用分类标签/人造物体/台布/帷幔
帽檐,2,9985:通用分类标签/人造物体/表面/侧面/边缘/帽檐 || 16663:通用分类标签/建筑与基础设施/投影/帽檐
干草叉,2,7180:通用分类标签/人造物体/叉子/干草叉 || 8597:通用分类标签/人造物体/手工工具/干草叉
干衣机,2,4830:通用分类标签/人造物体/家用电器/大型白色家电/干衣机 || 4845:通用分类标签/人造物体/家用电器/干衣机
平头钉,2,3057:通用分类标签/人造物体/五金工具/紧固件/钉子/平头钉 || 9616:通用分类标签/人造物体/用具/平头钉
平头鱼,2,12247:通用分类标签/动物/水生非哺乳生物/硬骨鱼/真骨鱼/棘鳍目鱼/鲈形亚目鱼/平头鱼 || 12336:通用分类标签/动物/水生非哺乳生物/硬骨鱼/真骨鱼/棘鳍目鱼/鲉形鱼/平头鱼
平底锅,2,3964:通用分类标签/人造物体/厨房餐厨用品/炊具/平底锅 || 8303:通用分类标签/人造物体/容器/平底锅
幼兽,2,2514:通用分类标签/人物与人体/技能不熟练者/初学者/幼兽 || 13979:通用分类标签/动物/后代/幼年哺乳动物/幼兽
广告,2,18149:通用分类标签/文字与信息图形/促销/广告 || 21963:通用分类标签/组织机构与社会事件/事业/广告
广播员,2,1912:通用分类标签/人物与人体/传播者/广播员 || 8967:通用分类标签/人造物体/机制/机械装置/广播员
庆典,2,21834:通用分类标签/组织机构与社会事件/事务/庆典 || 24399:通用分类标签/行为动作/休养/庆典
庇护所,2,10145:通用分类标签/人造物体/覆盖物/保护/庇护所 || 16615:通用分类标签/建筑与基础设施/庇护所
床单,2,4715:通用分类标签/人造物体/家居软装小件/床上用品/床单 || 7765:通用分类标签/人造物体/商品/纺织品/大型白色家电/亚麻制品/亚麻布床单/床单
床垫,2,4509:通用分类标签/人造物体/家具大件/床垫 || 9938:通用分类标签/人造物体/缓冲材料/垫子/床垫
度假者,2,2563:通用分类标签/人物与人体/旅行者/度假者 || 2836:通用分类标签/人物与人体/非劳动者/度假者
开关,2,6770:通用分类标签/人造物体/乐器/器械/刑具/开关 || 8877:通用分类标签/人造物体/机制/控制/开关
开口,2,8486:通用分类标签/人造物体/开口 || 29145:通用分类标签/属性与状态/无定形/开口
开心果,2,18758:通用分类标签/植物/乔木灌木林木/乔木/开花乔木/坚果树/开心果 || 22820:通用分类标签/自然景观/植物结构/植物器官/生殖结构/果子/种子/坚果/食用坚果/开心果
开瓶器,2,4098:通用分类标签/人造物体/厨房餐厨用品/开瓶器 || 8599:通用分类标签/人造物体/手工工具/开启器/开瓶器
弓弦乐器,2,2888:通用分类标签/人造物体/中西乐器/弦乐器/弓弦乐器 || 28022:通用分类标签/声音/乐器/弓弦乐器
引文,2,18134:通用分类标签/文字与信息图形/书面交流/部分/引文 || 18569:通用分类标签/文字与信息图形/陈述/注解/引文
形象,2,28980:通用分类标签/属性与状态/外表/形象 || 30143:通用分类标签/知识与学科/知识/表征/形象
彩旗,2,7301:通用分类标签/人造物体/台布/彩旗 || 13395:通用分类标签/动物/鸟类/鸣禽/雀科鸟/彩旗
影棚肖像照,2,17704:通用分类标签/文化艺术与媒介/表征/图像/肖像/影棚肖像照 || 17712:通用分类标签/文化艺术与媒介/表征/图画/影棚肖像照
往返运输工具,2,735:通用分类标签/交通工具/公共运输/往返运输工具 || 8950:通用分类标签/人造物体/机制/机械装置/卷绕器/卷盘/往返运输工具
微波炉,2,4854:通用分类标签/人造物体/家用电器/微波炉 || 28105:通用分类标签/声音/事物声音/家庭声音/微波炉
微缩模型,2,6632:通用分类标签/人造物体/艺术品与工艺品/绘画作品/微缩模型 || 17691:通用分类标签/文化艺术与媒介/表征/副本/微缩模型
徽记,2,9444:通用分类标签/人造物体/点缀/人物形象/徽记 || 18496:通用分类标签/文字与信息图形/符号/徽记
心,2,1111:通用分类标签/人物与人体/人体部位/内脏器官/心 || 28884:通用分类标签/属性与状态/人物形象/平面图形/心
快乐鼠尾草,2,20938:通用分类标签/植物/草本植物/洋苏草/快乐鼠尾草 || 27844:通用分类标签/食物/调味剂/芳草/鼠尾草/快乐鼠尾草
快速帆船,2,212:通用分类标签/交通工具/水上载具/大型帆船/快速帆船 || 9690:通用分类标签/人造物体/电力设备/电路/快速帆船
急救,2,14492:通用分类标签/场景/医疗健康场景/急救 || 23853:通用分类标签/行为动作/应急救援动作/急救
总统,2,1852:通用分类标签/人物与人体/会长/头部/决策者/执行董事/企业高管/总统 || 1927:通用分类标签/人物与人体/传播者/谈判者/代表/国家元首/总统
悬挂系统,2,7124:通用分类标签/人造物体/力学系统/悬挂系统 || 29791:通用分类标签/材料与物质/混合物/悬挂系统
意大利面,2,25368:通用分类标签/食物/中式主食面点/意大利面 || 27525:通用分类标签/食物/意大利面食/意大利面
意大利面食,2,27068:通用分类标签/食物/一道菜/意大利面食 || 27524:通用分类标签/食物/意大利面食
慕斯,2,27074:通用分类标签/食物/一道菜/慕斯 || 27883:通用分类标签/食物/路线/点心/慕斯
慢炖锅,2,3971:通用分类标签/人造物体/厨房餐厨用品/炊具/慢炖锅 || 8193:通用分类标签/人造物体/容器/器皿/广口容器/慢炖锅
戏剧演员,2,2769:通用分类标签/人物与人体/表演者/戏剧演员 || 24152:通用分类标签/行为动作/社交互动动作/聚会/戏剧演员
战斧,2,7095:通用分类标签/人造物体/切割器具/切削工具/刃具/斧/大斧/战斧 || 10616:通用分类标签/人造物体/武器/战斧
户外舞台,2,10019:通用分类标签/人造物体/表面/水平仪/平台/户外舞台 || 10030:通用分类标签/人造物体/表面/水平仪/平台/舞台/户外舞台
房间,2,16372:通用分类标签/建筑与基础设施/区/围场/房间 || 16897:通用分类标签/建筑与基础设施/空腔/房间
手写/字迹,2,18102:通用分类标签/文字与信息图形/书面交流/手写/字迹 || 24792:通用分类标签/行为动作/手写/字迹
手术,2,14493:通用分类标签/场景/医疗健康场景/手术 || 23561:通用分类标签/行为动作/医疗护理动作/手术
手术刀,2,3695:通用分类标签/人造物体/医疗器械/医疗仪器/外科器械/手术刀 || 3762:通用分类标签/人造物体/医疗器械/手术刀
手枪用的皮套,2,7713:通用分类标签/人造物体/商品/消费品/可穿戴设备/装备/带/手枪用的皮套 || 10189:通用分类标签/人造物体/覆盖物/保护/鞘/手枪用的皮套
手球,2,9380:通用分类标签/人造物体/游戏器材/球/手球 || 23152:通用分类标签/行为动作/休闲娱乐动作/游戏/体育游戏/场地球类运动/手球
手电筒,2,7035:通用分类标签/人造物体/光源/光/手电筒 || 7051:通用分类标签/人造物体/光源/灯/电灯/手电筒
手镯,2,3465:通用分类标签/人造物体/包装与容器/手镯 || 6567:通用分类标签/人造物体/箱包首饰/珠宝首饰/手镯
手风琴,2,2984:通用分类标签/人造物体/中西乐器/键盘乐器/手风琴 || 28026:通用分类标签/声音/乐器/手风琴
扑面粉,2,9313:通用分类标签/人造物体/洗漱用品/化妆品/化妆/扑面粉 || 9341:通用分类标签/人造物体/洗漱用品/粉末/扑面粉
打字机,2,9070:通用分类标签/人造物体/机器/印刷机/串行打印机/打字机 || 28419:通用分类标签/声音/打字/打字机
打桩机,2,9124:通用分类标签/人造物体/机器/打桩机 || 13185:通用分类标签/动物/鸟类/涉禽/苍鹭/鹭鸶/打桩机
托架,2,8759:通用分类标签/人造物体/支持/墙壁托架/托架 || 30029:通用分类标签/知识与学科/收藏品集合/套件/托架
托盘,2,8404:通用分类标签/人造物体/容器/托盘 || 8601:通用分类标签/人造物体/手工工具/托盘
扳手,2,5158:通用分类标签/人造物体/工业机械设备/扳手 || 8602:通用分类标签/人造物体/手工工具/扳手
扶手,2,8753:通用分类标签/人造物体/支持/休息/扶手 || 17013:通用分类标签/建筑与基础设施/辎重/屏障/扶手
承运人,2,16717:通用分类标签/建筑与基础设施/支承结构/构架/支架/承运人 || 21843:通用分类标签/组织机构与社会事件/企业/承运人
技术,2,24446:通用分类标签/行为动作/使用/实际应用/技术 || 24737:通用分类标签/行为动作/岗位/职业/技术
技术员,2,1741:通用分类标签/人物与人体/专家/技术员 || 2194:通用分类标签/人物与人体/劳动者/技术工人/技术员
技术工人,2,1578:通用分类标签/人物与人体/职业身份/技术工人 || 2129:通用分类标签/人物与人体/劳动者/技术工人
投保人,2,2010:通用分类标签/人物与人体/使用者/消费者/主顾/投保人 || 2509:通用分类标签/人物与人体/所有者/容器/投保人
披萨,2,25377:通用分类标签/食物/中式主食面点/披萨 || 27076:通用分类标签/食物/一道菜/披萨
抱子甘蓝,2,20779:通用分类标签/植物/草本植物/十字花科植物/抱子甘蓝 || 27279:通用分类标签/食物/农产品/蔬菜/十字花科蔬菜/抱子甘蓝
抱枕,2,4518:通用分类标签/人造物体/家具大件/抱枕 || 9931:通用分类标签/人造物体/缓冲材料/坐垫/抱枕
抽油烟机,2,4872:通用分类标签/人造物体/家用电器/抽油烟机 || 10267:通用分类标签/人造物体/覆盖物/排气罩/抽油烟机
担架,2,780:通用分类标签/交通工具/垃圾/担架 || 16713:通用分类标签/建筑与基础设施/支承结构/构架/担架
拍卖,2,23230:通用分类标签/行为动作/休闲娱乐动作/游戏/纸牌游戏/桥/拍卖 || 24515:通用分类标签/行为动作/出卖/拍卖
拱廊,2,10512:通用分类标签/人造物体/道路/通道/走廊/拱廊 || 16681:通用分类标签/建筑与基础设施/拱廊
拳击手,2,1763:通用分类标签/人物与人体/交战者/拳击手 || 10918:通用分类标签/动物/哺乳动物/犬科动物/家犬/工作犬/拳击手
挂毯,2,9483:通用分类标签/人造物体/点缀/墙帏/挂毯 || 28977:通用分类标签/属性与状态/复杂性/挂毯
指导,2,25153:通用分类标签/行为动作/社会控制/指导 || 30827:IP 分类标签/真人与人物 IP/科学文化人物/教育家/教师/指导
指板,2,8456:通用分类标签/人造物体/建材/制材/条带/指板 || 10152:通用分类标签/人造物体/覆盖物/保护/指板
指甲油,2,9318:通用分类标签/人造物体/洗漱用品/化妆品/指甲油 || 10229:通用分类标签/人造物体/覆盖物/外套/搪瓷/指甲油
指针,2,8674:通用分类标签/人造物体/指示器/指针 || 10998:通用分类标签/动物/哺乳动物/犬科动物/家犬/猎犬/枪猎犬/指针
按键/钥匙,2,7891:通用分类标签/人造物体/器具/棒/杠杆/按键/钥匙 || 8685:通用分类标签/人造物体/按键/钥匙
挖掘,2,8687:通用分类标签/人造物体/挖掘 || 17779:通用分类标签/文化艺术与媒介/通过移除创造/挖掘
挞,2,27580:通用分类标签/食物/烘焙食品/糕点/挞 || 27583:通用分类标签/食物/烘焙食品/糕点/派/挞
挡泥板,2,10153:通用分类标签/人造物体/覆盖物/保护/挡泥板 || 17015:通用分类标签/建筑与基础设施/辎重/屏障/挡泥板
挽具,2,8788:通用分类标签/人造物体/支持/挽具 || 9621:通用分类标签/人造物体/用具/平头钉/挽具
捕手面罩,2,6929:通用分类标签/人造物体/体育器材/棒球器材/捕手面罩 || 10110:通用分类标签/人造物体/覆盖物/保护/口罩/面罩/捕手面罩
掀背车,2,1023:通用分类标签/交通工具/轮式车辆/自行式车辆/机动车/掀背车 || 17008:通用分类标签/建筑与基础设施/辎重/屏障/可移动屏障/门/车门/掀背车
掌声,2,18361:通用分类标签/文字与信息图形/批准/掌声 || 28250:通用分类标签/声音/人类群体行为/掌声
排列,2,16683:通用分类标签/建筑与基础设施/排列 || 17766:通用分类标签/文化艺术与媒介/通过心智活动创造/作曲/排列
接触,2,7024:通用分类标签/人造物体/光学设备/透镜/接触 || 10397:通用分类标签/人造物体/连接/交汇处/接触
控制台,2,6794:通用分类标签/人造物体/乐器/器械/科学仪器/控制台 || 10097:通用分类标签/人造物体/覆盖物/保护/住房/控制台
推,2,24863:通用分类标签/行为动作/推 || 24874:通用分类标签/行为动作/推进/推
推拉门,2,16997:通用分类标签/建筑与基础设施/辎重/屏障/可移动屏障/门/推拉门 || 28711:通用分类标签/声音/门/推拉门
描述,2,18563:通用分类标签/文字与信息图形/陈述/描述 || 30023:通用分类标签/知识与学科/描述
插座,2,8406:通用分类标签/人造物体/容器/插座 || 16899:通用分类标签/建筑与基础设施/空腔/插座
摄像机,2,5486:通用分类标签/人造物体/数码 3C 电子/摄像机 || 8714:通用分类标签/人造物体/摄影设备/摄像机
摄影,2,17164:通用分类标签/文化艺术与媒介/摄影 || 23126:通用分类标签/行为动作/休闲娱乐动作/摄影
摄影闪光灯,2,7044:通用分类标签/人造物体/光源/灯/摄影闪光灯 || 8715:通用分类标签/人造物体/摄影设备/摄影闪光灯
摩卡,2,26824:通用分类标签/食物/饮品类/咖啡/摩卡 || 27812:通用分类标签/食物/调味剂/摩卡
摩天轮,2,8925:通用分类标签/人造物体/机制/旋转机构/摩天轮 || 8935:通用分类标签/人造物体/机制/机械装置/乘坐/摩天轮
摩托车,2,822:通用分类标签/交通工具/摩托车 || 1068:通用分类标签/交通工具/道路机动车/摩托车
播种机,2,7949:通用分类标签/人造物体/器具/厨房用具/播种机 || 8972:通用分类标签/人造物体/机制/机械装置/播种机
擦子,2,7818:通用分类标签/人造物体/器具/擦子 || 7951:通用分类标签/人造物体/器具/厨房用具/擦子
攀岩,2,23291:通用分类标签/行为动作/休闲娱乐动作/攀岩 || 24336:通用分类标签/行为动作/休养/体育/攀岩
攀登者,2,1452:通用分类标签/人物与人体/职业身份/运动员/攀登者 || 19839:通用分类标签/植物/草本竹藤植物/藤本植物/攀登者
收割机,2,2237:通用分类标签/人物与人体/劳动者/职员/劳动男子/体力劳动者/帮工/农场工人/收割机 || 9049:通用分类标签/人造物体/机器/农业机器/收割机
收纳箱,2,4527:通用分类标签/人造物体/家具大件/收纳箱 || 8321:通用分类标签/人造物体/容器/收纳箱
收获,2,23717:通用分类标签/行为动作/工作学习动作/收获 || 24921:通用分类标签/行为动作/收获
收藏家,2,2212:通用分类标签/人物与人体/劳动者/收藏家 || 2534:通用分类标签/人物与人体/收藏家
收银机,2,8349:通用分类标签/人造物体/容器/盒子/保险箱/储钱罐/收银机 || 28122:通用分类标签/声音/事物声音/机制/收银机
改革者,2,1759:通用分类标签/人物与人体/争论者/改革者 || 6860:通用分类标签/人造物体/仪器/改革者
放大器,2,6795:通用分类标签/人造物体/乐器/器械/科学仪器/放大器 || 9774:通用分类标签/人造物体/电子设备/放大器
救命者,2,2117:通用分类标签/人物与人体/劳动者/助手/出席者/救命者 || 8852:通用分类标签/人造物体/救援设备/保护者/救命者
教区,2,24167:通用分类标签/行为动作/社交互动动作/聚会/社区/教区 || 29950:通用分类标签/知识与学科/地区/管辖权/教区
教学,2,23726:通用分类标签/行为动作/工作学习动作/教学 || 24738:通用分类标签/行为动作/岗位/职业/教学
教师,2,1587:通用分类标签/人物与人体/职业身份/教师 || 30826:IP 分类标签/真人与人物 IP/科学文化人物/教育家/教师
教授,2,2359:通用分类标签/人物与人体/坏人/作恶者/校长/犯人/小偷/掠夺者/海盗/教授 || 30825:IP 分类标签/真人与人物 IP/科学文化人物/教育家/学术人员/教授
教育机构,2,21670:通用分类标签/组织机构与社会事件/组织机构/教育机构 || 30896:IP 分类标签/教育与科普 IP/教育机构
散步,2,23072:通用分类标签/行为动作/交通出行动作/步行/散步 || 24935:通用分类标签/行为动作/旅行/散步
散步道,2,23073:通用分类标签/行为动作/交通出行动作/步行/散步道 || 24233:通用分类标签/行为动作/艺术表演动作/舞蹈/散步道
散热器,2,6970:通用分类标签/人造物体/保温器/散热器 || 8910:通用分类标签/人造物体/机制/散热器
数字,2,17900:通用分类标签/文字与信息图形/数字与编码/数字 || 22982:通用分类标签/节日与符号/文字与语言符号/数字
敲击声,2,28471:通用分类标签/声音/敲击声 || 28504:通用分类标签/声音/来源不明声音/通用撞击声/敲击声
文件夹,2,3227:通用分类标签/人造物体/办公文具/文件夹 || 10262:通用分类标签/人造物体/覆盖物/折叠物/文件夹
文章,2,8863:通用分类标签/人造物体/文章 || 18135:通用分类标签/文字与信息图形/书面交流/部分/文章
文身,2,9462:通用分类标签/人造物体/点缀/人物形象/文身 || 18197:通用分类标签/文字与信息图形/信号/文身
斑块,2,9468:通用分类标签/人造物体/点缀/人物形象/标记行为/斑点/斑块 || 15700:通用分类标签/建筑与基础设施/历史古迹地标/纪念碑/斑块
斑点钝口螈,2,10720:通用分类标签/动物/两栖动物/火蜥蜴/斑点钝口螈 || 10729:通用分类标签/动物/两栖动物/火蜥蜴/钝口螈/斑点钝口螈
斗牛,2,17728:通用分类标签/文化艺术与媒介/表征/斗牛 || 24359:通用分类标签/行为动作/休养/体育/血腥运动/斗牛
新婚夫妇,2,21837:通用分类标签/组织机构与社会事件/亲戚/新婚夫妇 || 24137:通用分类标签/行为动作/社交互动动作/聚会/夫妇/新婚夫妇
新郎,2,1215:通用分类标签/人物与人体/人物关系与群体/同事/参与者/新郎 || 1800:通用分类标签/人物与人体/亲属/伙伴/新婚/新郎
旅人,2,2568:通用分类标签/人物与人体/旅行者/旅人 || 2574:通用分类标签/人物与人体/旅行者/步行的人/旅人
旅游巴士,2,720:通用分类标签/交通工具/公共运输/公交车/旅游巴士 || 737:通用分类标签/交通工具/公共运输/旅游巴士
旋转磨石,2,7807:通用分类标签/人造物体/器具/削尖器/旋转磨石 || 8474:通用分类标签/人造物体/建材/石头/旋转磨石
旋转轴,2,7842:通用分类标签/人造物体/器具/杆/旋转轴 || 8929:通用分类标签/人造物体/机制/旋转轴
族长,2,1382:通用分类标签/人物与人体/性别与生理属性/男性/成年雄性/族长 || 1787:通用分类标签/人物与人体/亲属/长辈/父亲/族长
旗杆,2,7831:通用分类标签/人造物体/器具/木条/工作人员群体/旗杆 || 7847:通用分类标签/人造物体/器具/杆/旗杆
无人机,2,344:通用分类标签/交通工具/空中飞行器/无人机 || 6077:通用分类标签/人造物体/机器人与智能设备/无人机
无檐便帽,2,5727:通用分类标签/人造物体/服饰全品/帽子/无檐便帽 || 20900:通用分类标签/植物/草本植物/无檐便帽
无线电话,2,8087:通用分类标签/人造物体/媒介/电信/无线/无线电话 || 9786:通用分类标签/人造物体/电子设备/电话/无线电话
无花果,2,18881:通用分类标签/植物/乔木灌木林木/乔木/无花果树/无花果 || 27394:通用分类标签/食物/农产品/食用水果/无花果
日出,2,21890:通用分类标签/组织机构与社会事件/周期性事件/日出 || 23252:通用分类标签/行为动作/休闲娱乐动作/阅读/时候/小时/日出
日历,2,18411:通用分类标签/文字与信息图形/数据库/列表/日历 || 29906:通用分类标签/知识与学科/列阵/表格/日历
旱金莲,2,20902:通用分类标签/植物/草本植物/旱金莲 || 27813:通用分类标签/食物/调味剂/旱金莲
时钟,2,6709:通用分类标签/人造物体/乐器/器械/仪器/时计/时钟 || 28123:通用分类标签/声音/事物声音/机制/时钟
昆虫,2,14103:通用分类标签/动物/无脊椎动物/节肢动物/昆虫 || 28481:通用分类标签/声音/昆虫
星云,2,22232:通用分类标签/自然景观/天文天象气象/云/星云 || 29673:通用分类标签/材料与物质/化合物/配制品/星云
春卷,2,25386:通用分类标签/食物/中式主食面点/春卷 || 27083:通用分类标签/食物/一道菜/春卷
显微镜,2,3780:通用分类标签/人造物体/医疗器械/显微镜 || 6796:通用分类标签/人造物体/乐器/器械/科学仪器/放大器/显微镜
显示器,2,5504:通用分类标签/人造物体/数码 3C 电子/显示器 || 9721:通用分类标签/人造物体/电子器件/指示器/显示器
暗褐色,2,11130:通用分类标签/动物/哺乳动物/马科动物/家马/坐骑/暗褐色 || 29268:通用分类标签/属性与状态/视觉属性/颜色/彩色/棕色/浅棕色/暗褐色
暴露癖者,2,1719:通用分类标签/人物与人体/不受欢迎的人/令人不快的人/利己主义者/暴露癖者 || 2488:通用分类标签/人物与人体/强迫性人格者/暴露癖者
暴风雪,2,22324:通用分类标签/自然景观/天文天象气象/风暴/暴风雪 || 25059:通用分类标签/行为动作/物理现象/大气现象/暴风雪
月饼,2,22959:通用分类标签/节日与符号/庆典仪式元素/蛋糕/月饼 || 26153:通用分类标签/食物/烘焙甜品点心/月饼
朋克摇滚,2,18272:通用分类标签/文字与信息图形/听觉交流/音乐流派/摇滚音乐/朋克摇滚 || 18533:通用分类标签/文字与信息图形/表现风格/音乐流派/通俗音乐/朋克摇滚
服务器机房,2,16508:通用分类标签/建筑与基础设施/区/室/服务器机房 || 16546:通用分类标签/建筑与基础设施/区/服务器机房
服装,2,7494:通用分类标签/人造物体/商品/消费品/可穿戴设备/打扮/服装 || 7499:通用分类标签/人造物体/商品/消费品/可穿戴设备/服装
朝圣者,2,2441:通用分类标签/人物与人体/宗教人士/信仰者/朝圣者 || 2569:通用分类标签/人物与人体/旅行者/旅人/朝圣者
朝鲜蓟,2,21038:通用分类标签/植物/草本植物/蔬菜/朝鲜蓟 || 27315:通用分类标签/食物/农产品/蔬菜/朝鲜蓟
木偶,2,9582:通用分类标签/人造物体/玩具/娃娃/木偶 || 17677:通用分类标签/文化艺术与媒介/表征/仿真/人物/木偶
木兰,2,18774:通用分类标签/植物/乔木灌木林木/乔木/开花乔木/木兰 || 22649:通用分类标签/自然景观/天然覆盖物/树皮/木兰
木勺,2,3988:通用分类标签/人造物体/厨房餐厨用品/餐具/勺/木勺 || 18175:通用分类标签/文字与信息图形/信号/代号/奖项/奖品/安慰奖/木勺
木墙,2,16325:通用分类标签/建筑与基础设施/分隔物/墙/木墙 || 16334:通用分类标签/建筑与基础设施/分隔物/木墙
木屐,2,7734:通用分类标签/人造物体/商品/消费品/可穿戴设备/鞋子/木屐 || 10287:通用分类标签/人造物体/覆盖物/足部装备/木屐
木工,2,853:通用分类标签/交通工具/木工 || 2183:通用分类标签/人物与人体/劳动者/技术工人/匠人/木工
木炭,2,29593:通用分类标签/材料与物质/元素/碳/木炭 || 29808:通用分类标签/材料与物质/燃料/木炭
木瓜,2,18791:通用分类标签/植物/乔木灌木林木/乔木/开花乔木/果树/木瓜 || 27399:通用分类标签/食物/农产品/食用水果/木瓜
木芙蓉,2,19193:通用分类标签/植物/乔木灌木林木/灌木/锦葵/木槿属植物/木芙蓉 || 20332:通用分类标签/植物/显花植物/开花植物/木芙蓉
木茼蒿,2,19066:通用分类标签/植物/乔木灌木林木/灌木/亚灌木/木茼蒿 || 20333:通用分类标签/植物/显花植物/开花植物/木茼蒿
机动动作,2,24973:通用分类标签/行为动作/机动动作 || 25266:通用分类标签/行为动作/选择/决定/机动动作
机动车,2,855:通用分类标签/交通工具/机动车 || 995:通用分类标签/交通工具/轮式车辆/自行式车辆/机动车
机器,2,8973:通用分类标签/人造物体/机制/机械装置/机器 || 9027:通用分类标签/人造物体/机器
机器人,2,8931:通用分类标签/人造物体/机制/机器人 || 31144:IP 分类标签/科技与数字 IP/前沿科技/机器人
机械师,2,2131:通用分类标签/人物与人体/劳动者/技术工人/修理工/机械师 || 2185:通用分类标签/人物与人体/劳动者/技术工人/匠人/机械师
杂技,2,17261:通用分类标签/文化艺术与媒介/舞台表演/杂技 || 24192:通用分类标签/行为动作/艺术表演动作/杂技
杂烩,2,27084:通用分类标签/食物/一道菜/杂烩 || 27133:通用分类标签/食物/一道菜/炖菜/杂烩
杂用间,2,16509:通用分类标签/建筑与基础设施/区/室/杂用间 || 16547:通用分类标签/建筑与基础设施/区/杂用间
李子,2,18792:通用分类标签/植物/乔木灌木林木/乔木/开花乔木/果树/李子 || 27401:通用分类标签/食物/农产品/食用水果/李子
杏,2,18796:通用分类标签/植物/乔木灌木林木/乔木/开花乔木/果树/杏 || 27403:通用分类标签/食物/农产品/食用水果/杏
杏仁,2,22794:通用分类标签/自然景观/植物结构/植物器官/生殖结构/果子/核果/杏仁 || 22821:通用分类标签/自然景观/植物结构/植物器官/生殖结构/果子/种子/坚果/食用坚果/杏仁
杜宾犬,2,10911:通用分类标签/动物/哺乳动物/犬科动物/家犬/工作犬/护卫犬/宾莎犬/杜宾犬 || 14369:通用分类标签/动物/生物类群/动物组/品种/杜宾犬
杜松子,2,22792:通用分类标签/自然景观/植物结构/植物器官/生殖结构/果子/杜松子 || 27814:通用分类标签/食物/调味剂/杜松子
杜林标利口酒,2,27653:通用分类标签/食物/致醉物/利口酒/杜林标利口酒 || 27692:通用分类标签/食物/致醉物/烈性酒/威士忌/苏格兰威士忌/杜林标利口酒
条带,2,8455:通用分类标签/人造物体/建材/制材/条带 || 9159:通用分类标签/人造物体/条带
松果菊,2,20152:通用分类标签/植物/显花植物/开花植物/野花/松果菊 || 20334:通用分类标签/植物/显花植物/开花植物/松果菊
松焦油抹布,2,6931:通用分类标签/人造物体/体育器材/棒球器材/松焦油抹布 || 7242:通用分类标签/人造物体/台布/布料/破布/松焦油抹布
松香草,2,20303:通用分类标签/植物/显花植物/开花植物/复合材料/罗盘草/松香草 || 20910:通用分类标签/植物/草本植物/松香草
松香袋,2,6932:通用分类标签/人造物体/体育器材/棒球器材/松香袋 || 8127:通用分类标签/人造物体/容器/包/松香袋
板岩,2,8049:通用分类标签/人造物体/块状物/厚板/平板设备/板岩 || 29716:通用分类标签/材料与物质/岩石/板岩
板球,2,6910:通用分类标签/人造物体/体育器材/板球装备/板球 || 9385:通用分类标签/人造物体/游戏器材/球/板球
板球运动,2,14176:通用分类标签/动物/无脊椎动物/节肢动物/昆虫/直翅目昆虫/板球运动 || 28483:通用分类标签/声音/昆虫/板球运动
板球运动员,2,1460:通用分类标签/人物与人体/职业身份/运动员/板球运动员 || 2313:通用分类标签/人物与人体/参赛者/板球运动员
果冻,2,26162:通用分类标签/食物/烘焙甜品点心/果冻 || 27982:通用分类标签/食物/甜食/果酱/果酱蜜饯/果冻
枣,2,19148:通用分类标签/植物/乔木灌木林木/灌木/枣 || 27405:通用分类标签/食物/农产品/食用水果/枣
枪托底部,2,6912:通用分类标签/人造物体/体育器材/枪托底部 || 17558:通用分类标签/文化艺术与媒介/枪托底部
枫树,2,18847:通用分类标签/植物/乔木灌木林木/乔木/开花乔木/枫树 || 18890:通用分类标签/植物/乔木灌木林木/乔木/枫树
柏树,2,18633:通用分类标签/植物/乔木灌木林木/针叶树/柏树 || 29745:通用分类标签/材料与物质/植物材料/木/柏树
柏油碎石,2,6830:通用分类标签/人造物体/人行道/柏油碎石 || 10044:通用分类标签/人造物体/表面/水平仪/铺装表面/柏油碎石
柑橘属,2,18798:通用分类标签/植物/乔木灌木林木/乔木/开花乔木/果树/柑橘属 || 27406:通用分类标签/食物/农产品/食用水果/柑橘属
染发,2,25079:通用分类标签/行为动作/状态变化/染发 || 29736:通用分类标签/材料与物质/染色材料/染料/染发
柠檬,2,18806:通用分类标签/植物/乔木灌木林木/乔木/开花乔木/果树/柑橘属/柠檬 || 27413:通用分类标签/食物/农产品/食用水果/柑橘属/柠檬
柱子,2,8812:通用分类标签/人造物体/支持/结构构件/垂直方向/柱子 || 30118:通用分类标签/知识与学科/知识/主意/概括/柱子
柳兰,2,20495:通用分类标签/植物/杂草/柳兰 || 20915:通用分类标签/植物/草本植物/柳兰
柿子,2,18810:通用分类标签/植物/乔木灌木林木/乔木/开花乔木/果树/柿子 || 27438:通用分类标签/食物/农产品/食用水果/浆果/柿子
标枪,2,6915:通用分类标签/人造物体/体育器材/标枪 || 10609:通用分类标签/人造物体/武器/导弹/标枪
标签,2,18190:通用分类标签/文字与信息图形/信号/代号/记号笔/标签 || 30024:通用分类标签/知识与学科/描述/标签
标记,2,18160:通用分类标签/文字与信息图形/信号/代号/书写符号/标记 || 18370:通用分类标签/文字与信息图形/指示/标记
栎树,2,18715:通用分类标签/植物/乔木灌木林木/乔木/奎拉树/栎树 || 18893:通用分类标签/植物/乔木灌木林木/乔木/栎树
树懒,2,11561:通用分类标签/动物/哺乳动物/有胎盘哺乳动物/贫齿类动物/树懒 || 28844:通用分类标签/属性与状态/个性/不情愿/树懒
树枝,2,22424:通用分类标签/自然景观/水文水体/溪流/树枝 || 29557:通用分类标签/时间数量与度量/行政单位/树枝
树根,2,22758:通用分类标签/自然景观/植物结构/植物器官/树根 || 22761:通用分类标签/自然景观/植物结构/植物器官/根/树根
树皮,2,13990:通用分类标签/动物/宠物/狗/树皮 || 22648:通用分类标签/自然景观/天然覆盖物/树皮
树麻雀,2,13403:通用分类标签/动物/鸟类/鸣禽/雀科鸟/新世界雀鹀/树麻雀 || 13741:通用分类标签/动物/鸟类/雀形目鸟类/雀科鸟类/树麻雀
核桃,2,18759:通用分类标签/植物/乔木灌木林木/乔木/开花乔木/坚果树/核桃 || 22824:通用分类标签/自然景观/植物结构/植物器官/生殖结构/果子/种子/坚果/食用坚果/核桃
根,2,22759:通用分类标签/自然景观/植物结构/植物器官/根 || 29330:通用分类标签/时间数量与度量/一定量/根
格子,2,7310:通用分类标签/人造物体/台布/格子 || 16726:通用分类标签/建筑与基础设施/支承结构/构架/格子
格架,2,16727:通用分类标签/建筑与基础设施/支承结构/构架/格子/格架 || 16728:通用分类标签/建筑与基础设施/支承结构/构架/格架
桃,2,18812:通用分类标签/植物/乔木灌木林木/乔木/开花乔木/果树/桃 || 27422:通用分类标签/食物/农产品/食用水果/桃
桌布,2,4125:通用分类标签/人造物体/厨房餐厨用品/桌布 || 7773:通用分类标签/人造物体/商品/纺织品/大型白色家电/亚麻制品/餐桌布草/桌布
桌游,2,6288:通用分类标签/人造物体/益智玩具/桌游 || 23210:通用分类标签/行为动作/休闲娱乐动作/游戏/室内聚会游戏/桌游
桥,2,16811:通用分类标签/建筑与基础设施/桥 || 23229:通用分类标签/行为动作/休闲娱乐动作/游戏/纸牌游戏/桥
梅多克葡萄酒,2,27737:通用分类标签/食物/致醉物/葡萄酒/波尔多/梅多克葡萄酒 || 27760:通用分类标签/食物/致醉物/葡萄酒/红葡萄酒/梅多克葡萄酒
梨,2,18814:通用分类标签/植物/乔木灌木林木/乔木/开花乔木/果树/梨 || 27423:通用分类标签/食物/农产品/食用水果/梨
棉绒草,2,20296:通用分类标签/植物/显花植物/开花植物/复合材料/永久花/棉绒草 || 20919:通用分类标签/植物/草本植物/棉绒草
棉花,2,19375:通用分类标签/植物/农作物/棉花 || 29760:通用分类标签/材料与物质/植物材料/植物产品/植物纤维/棉花
棒棒糖,2,24991:通用分类标签/行为动作/棒棒糖 || 27987:通用分类标签/食物/甜食/糖制食品/棒棒糖
棒球投手,2,1475:通用分类标签/人物与人体/职业身份/运动员/棒球手/棒球投手 || 2516:通用分类标签/人物与人体/投掷者/棒球投手
棕榈,2,2271:通用分类标签/人物与人体/区域/棕榈 || 18944:通用分类标签/植物/乔木灌木林木/乔木/棕榈
森林,2,14985:通用分类标签/场景/自然户外场景/森林 || 22510:通用分类标签/自然景观/生态环境/森林
椅子,2,8011:通用分类标签/人造物体/坐椅/椅子 || 8771:通用分类标签/人造物体/支持/座位/椅子
椽子,2,2570:通用分类标签/人物与人体/旅行者/椽子 || 8833:通用分类标签/人造物体/支持/结构构件/栋梁/椽子
楔子,2,6953:通用分类标签/人造物体/体育器材/高尔夫器材/高尔夫球杆/铁/楔子 || 28877:通用分类标签/属性与状态/人物形象/平面图形/多角形/三角/楔子
榨汁机,2,2012:通用分类标签/人物与人体/使用者/消费者/榨汁机 || 4881:通用分类标签/人造物体/家用电器/榨汁机
榴莲,2,18815:通用分类标签/植物/乔木灌木林木/乔木/开花乔木/果树/榴莲 || 27425:通用分类标签/食物/农产品/食用水果/榴莲
槌棒,2,6935:通用分类标签/人造物体/体育器材/槌球装备/槌棒 || 7784:通用分类标签/人造物体/器具/体育用具/木槌/槌棒
槌球,2,6936:通用分类标签/人造物体/体育器材/槌球装备/槌球 || 9387:通用分类标签/人造物体/游戏器材/球/槌球
模具,2,8059:通用分类标签/人造物体/块状物/立方体/模具 || 8542:通用分类标签/人造物体/成形工具/模具
横向稳定杆,2,7906:通用分类标签/人造物体/器具/棒/横向稳定杆 || 9854:通用分类标签/人造物体/稳定器/横向稳定杆
橄榄球,2,9388:通用分类标签/人造物体/游戏器材/球/橄榄球 || 23164:通用分类标签/行为动作/休闲娱乐动作/游戏/体育游戏/户外游戏/场地运动/橄榄球
橄榄球运动员,2,1477:通用分类标签/人物与人体/职业身份/运动员/橄榄球运动员 || 2302:通用分类标签/人物与人体/参赛者/参与者/橄榄球运动员
橙顶灶莺,2,13373:通用分类标签/动物/鸟类/鸣禽/莺类鸣禽/新世界林莺/橙顶灶莺 || 13755:通用分类标签/动物/鸟类/雀形目鸟类/霸鹟科鸟类/橙顶灶莺
檀香李,2,18974:通用分类标签/植物/乔木灌木林木/乔木/檀香李 || 22798:通用分类标签/自然景观/植物结构/植物器官/生殖结构/果子/檀香李
欧楂果,2,18975:通用分类标签/植物/乔木灌木林木/乔木/欧楂果 || 27431:通用分类标签/食物/农产品/食用水果/欧楂果
欧洲酸樱桃,2,18822:通用分类标签/植物/乔木灌木林木/乔木/开花乔木/果树/樱桃/欧洲酸樱桃 || 22799:通用分类标签/自然景观/植物结构/植物器官/生殖结构/果子/欧洲酸樱桃
歌剧,2,17262:通用分类标签/文化艺术与媒介/舞台表演/歌剧 || 30216:IP 分类标签/内容作品 IP/戏曲舞台作品/歌剧
歌唱,2,24658:通用分类标签/行为动作/声乐/歌唱 || 28188:通用分类标签/声音/人类声音/人声/歌唱
歌曲,2,17338:通用分类标签/文化艺术与媒介/音乐音频/歌曲 || 30237:IP 分类标签/内容作品 IP/音乐作品/歌曲
步行者,2,1491:通用分类标签/人物与人体/职业身份/运动员/赛跑者/一英里赛跑运动员/四分钟一英里者/步行者 || 10323:通用分类标签/人造物体/覆盖物/足部装备/鞋/步行者
武术,2,23318:通用分类标签/行为动作/休闲娱乐动作/武术 || 24477:通用分类标签/行为动作/保护/自卫/武术
毁坏,2,21909:通用分类标签/组织机构与社会事件/收场/毁坏 || 25097:通用分类标签/行为动作/状态变化/终止/毁坏
母亲,2,1792:通用分类标签/人物与人体/亲属/长辈/祖先/生父/双亲之一/妈妈/母亲 || 2457:通用分类标签/人物与人体/宗教人士/上级/女修道院院长/母亲
母牛,2,11365:通用分类标签/动物/哺乳动物/有胎盘哺乳动物/有蹄哺乳动物/偶蹄动物/反刍动物/牛科动物/牛属动物/家牛/母牛 || 11461:通用分类标签/动物/哺乳动物/有胎盘哺乳动物/母牛
母羊,2,2856:通用分类标签/人物与人体/非洲人/母羊 || 11387:通用分类标签/动物/哺乳动物/有胎盘哺乳动物/有蹄哺乳动物/偶蹄动物/反刍动物/牛科动物/绵羊/母羊
母鸡,2,13576:通用分类标签/动物/鸟类/母鸡 || 14433:通用分类标签/动物/雌性/母鸡
毛圈布,2,7319:通用分类标签/人造物体/台布/毛圈布 || 7321:通用分类标签/人造物体/台布/毛巾布/毛圈布
毛棉织物,2,5731:通用分类标签/人造物体/服饰全品/帽子/毛棉织物 || 7322:通用分类标签/人造物体/台布/毛棉织物
毛笔,2,3096:通用分类标签/人造物体/办公文具/书写工具/毛笔 || 3254:通用分类标签/人造物体/办公文具/毛笔
毛绒玩具,2,6310:通用分类标签/人造物体/益智玩具/毛绒玩具 || 9586:通用分类标签/人造物体/玩具/毛绒玩具
气泡,2,10272:通用分类标签/人造物体/覆盖物/气泡 || 28953:通用分类标签/属性与状态/圆形/球/小球体/气泡
气球,2,920:通用分类标签/交通工具/航空器/轻于空气航空器/气球 || 9587:通用分类标签/人造物体/玩具/气球
氖,2,29590:通用分类标签/材料与物质/元素/氖 || 29778:通用分类标签/材料与物质/流体/毒气/惰性气体/氖
水上赛事,2,21599:通用分类标签/组织机构与社会事件/体育事件/水上赛事 || 31075:IP 分类标签/赛事 IP/体育赛事/水上赛事
水上飞机,2,144:通用分类标签/交通工具/水上载具/快艇/水上飞机 || 932:通用分类标签/交通工具/航空器/重于空气航空器/飞机/水上飞机
水仙女,2,19696:通用分类标签/植物/水生植物/水仙女 || 19726:通用分类标签/植物/水生植物/睡莲/水仙女
水坑,2,8485:通用分类标签/人造物体/建材/覆盖材料/水坑 || 22877:通用分类标签/自然景观/水坑
水平仪,2,5167:通用分类标签/人造物体/工业机械设备/水平仪 || 10002:通用分类标签/人造物体/表面/水平仪
水果摊,2,8802:通用分类标签/人造物体/支持/水果摊 || 14575:通用分类标签/场景/室内场景/商店/摊子/售货处/水果摊
水果盘,2,4025:通用分类标签/人造物体/厨房餐厨用品/餐具/陶瓷餐具/盘/上菜盘/水果盘 || 8337:通用分类标签/人造物体/容器/水果盘
水槽,2,7963:通用分类标签/人造物体/固定物/卫生洁具/水槽 || 25009:通用分类标签/行为动作/水槽
水沟/跑道,2,10072:通用分类标签/人造物体/装置/球场/水沟/跑道 || 10461:通用分类标签/人造物体/道路/水路/沟渠/水沟/跑道
水田芥,2,20780:通用分类标签/植物/草本植物/十字花科植物/水田芥 || 27292:通用分类标签/食物/农产品/蔬菜/叶菜/沙拉叶菜/水田芥
水稻田,2,15015:通用分类标签/场景/自然户外场景/田野/水稻田 || 27947:通用分类标签/食物/食品/谷物/大米/水稻田
水貂,2,7583:通用分类标签/人造物体/商品/消费品/可穿戴设备/衣服/外衣/外套/毛皮大衣/水貂 || 11195:通用分类标签/动物/哺乳动物/鼬科动物/水貂
水路,2,10458:通用分类标签/人造物体/道路/水路 || 22879:通用分类标签/自然景观/水路
水鸡,2,13169:通用分类标签/动物/鸟类/涉禽/秧鸡/白骨顶/水鸡 || 13589:通用分类标签/动物/鸟类/水禽/水鸡
汉堡,2,25395:通用分类标签/食物/中式主食面点/汉堡 || 27209:通用分类标签/食物/一道菜/零食/三明治/汉堡
池,2,8701:通用分类标签/人造物体/挖掘/池 || 22394:通用分类标签/自然景观/水文水体/湖泊/池
污染,2,25081:通用分类标签/行为动作/状态变化/污染 || 29049:通用分类标签/属性与状态/形势/不洁/污染
汤勺,2,4152:通用分类标签/人造物体/厨房餐厨用品/汤勺 || 8206:通用分类标签/人造物体/容器/器皿/杓/汤勺
汤锅,2,3955:通用分类标签/人造物体/厨房餐厨用品/炊具/壶/汤锅 || 4161:通用分类标签/人造物体/厨房餐厨用品/汤锅
汽笛,2,6976:通用分类标签/人造物体/信号装置/口哨声/汽笛 || 28301:通用分类标签/声音/口哨声/汽笛
汽车,2,1069:通用分类标签/交通工具/道路机动车/汽车 || 16445:通用分类标签/建筑与基础设施/区/室/包房/汽车
沙丁鱼,2,12385:通用分类标签/动物/水生非哺乳生物/硬骨鱼/真骨鱼/软鳍鱼/鲱科鱼/沙丁鱼 || 27558:通用分类标签/食物/海鲜/咸水鱼/沙丁鱼
沙丘,2,22666:通用分类标签/自然景观/天然高地/山脊/沙丘 || 22881:通用分类标签/自然景观/沙丘
沙发床,2,4408:通用分类标签/人造物体/家具大件/沙发/沙发床 || 8029:通用分类标签/人造物体/坐椅/椅子/沙发床
沙堡,2,17312:通用分类标签/文化艺术与媒介/视觉艺术/雕塑/沙堡 || 17314:通用分类标签/文化艺术与媒介/视觉艺术/雕塑/沙雕/沙堡
沙拉酱,2,26629:通用分类标签/食物/调味品/汁/沙拉酱 || 26654:通用分类标签/食物/调味品/沙拉酱
沙槌,2,2921:通用分类标签/人造物体/中西乐器/打击乐器/沙槌 || 28036:通用分类标签/声音/乐器/打击乐/沙锤类摇响器/沙槌
沙滩排球,2,23155:通用分类标签/行为动作/休闲娱乐动作/游戏/体育游戏/场地球类运动/排球/沙滩排球 || 23156:通用分类标签/行为动作/休闲娱乐动作/游戏/体育游戏/场地球类运动/沙滩排球
沙漠,2,14986:通用分类标签/场景/自然户外场景/沙漠 || 22183:通用分类标签/自然景观/地质地貌/沙漠
沙箱,2,8338:通用分类标签/人造物体/容器/沙箱 || 21404:通用分类标签/真菌与微生物/菌类/霉菌/沙箱
沙蝰,2,12709:通用分类标签/动物/爬行动物/蛇类/游蛇科蛇/沙蝰 || 12745:通用分类标签/动物/爬行动物/蛇类/蝰蛇/沙蝰
沙钱,2,12164:通用分类标签/动物/水生非哺乳生物/棘皮动物/海胆/沙钱 || 26073:通用分类标签/食物/烘焙甜品点心/饼干/沙钱
河岸,2,15802:通用分类标签/建筑与基础设施/商业办公建筑/银行/河岸 || 22561:通用分类标签/自然景观/侧面/河岸
河狸,2,10831:通用分类标签/动物/哺乳动物/啮齿动物/河狸 || 29620:通用分类标签/材料与物质/动物材料/动物产品/兽皮/河狸
河谷,2,22575:通用分类标签/自然景观/凹陷地/V形谷/河谷 || 22586:通用分类标签/自然景观/凹陷地/河谷
河豚,2,12210:通用分类标签/动物/水生非哺乳生物/硬骨鱼/真骨鱼/棘鳍目鱼/愈颌目/河豚 || 27559:通用分类标签/食物/海鲜/咸水鱼/河豚
油桃,2,18832:通用分类标签/植物/乔木灌木林木/乔木/开花乔木/果树/油桃 || 27433:通用分类标签/食物/农产品/食用水果/油桃
油画,2,6636:通用分类标签/人造物体/艺术品与工艺品/绘画作品/油画 || 17574:通用分类标签/文化艺术与媒介/油画
油菜籽,2,22835:通用分类标签/自然景观/植物结构/植物器官/生殖结构/果子/种子/富油种子/油菜籽 || 29413:通用分类标签/时间数量与度量/分子/大分子/脂质/油脂/食用脂肪/植物油/油菜籽
治疗,2,24104:通用分类标签/行为动作/社交互动动作/照护/治疗 || 24106:通用分类标签/行为动作/社交互动动作/照护/治疗/医疗护理/治疗
泄漏,2,24424:通用分类标签/行为动作/位置变化/泄漏 || 29149:通用分类标签/属性与状态/无定形/开口/小孔/泄漏
法式面包,2,26042:通用分类标签/食物/烘焙甜品点心/面包/白面包/法式面包 || 26180:通用分类标签/食物/烘焙甜品点心/法式面包
泡泡果,2,18835:通用分类标签/植物/乔木灌木林木/乔木/开花乔木/果树/番荔枝/泡泡果 || 27434:通用分类标签/食物/农产品/食用水果/泡泡果
注射器,2,3700:通用分类标签/人造物体/医疗器械/医疗仪器/注射器 || 3798:通用分类标签/人造物体/医疗器械/注射器
洗发水,2,9291:通用分类标签/人造物体/洗发水 || 29668:通用分类标签/材料与物质/化合物/配制品/去污剂/洗发水
洗浴,2,8212:通用分类标签/人造物体/容器/器皿/洗浴 || 16512:通用分类标签/建筑与基础设施/区/室/洗浴
洗涤剂,2,29669:通用分类标签/材料与物质/化合物/配制品/去污剂/洗涤剂 || 29679:通用分类标签/材料与物质/化学制剂/润湿剂/洗涤剂
洞穴,2,14998:通用分类标签/场景/自然户外场景/洞穴 || 22184:通用分类标签/自然景观/地质地貌/洞穴
活动,2,17371:通用分类标签/文化艺术与媒介/事业/活动 || 24942:通用分类标签/行为动作/旅行/旅程/远征/活动
派对帽,2,5733:通用分类标签/人造物体/服饰全品/帽子/派对帽 || 7429:通用分类标签/人造物体/商品/消费品/可穿戴设备/头具/派对帽
流行音乐,2,1795:通用分类标签/人物与人体/亲属/长辈/祖先/生父/双亲之一/父/流行音乐 || 18279:通用分类标签/文字与信息图形/听觉交流/音乐流派/流行音乐
浅滩,2,2089:通用分类标签/人物与人体/创造者/电影制作人/浅滩 || 15801:通用分类标签/建筑与基础设施/商业办公建筑/银行/沙岸/浅滩
浆果,2,22800:通用分类标签/自然景观/植物结构/植物器官/生殖结构/果子/浆果 || 27435:通用分类标签/食物/农产品/食用水果/浆果
浓汤,2,25676:通用分类标签/食物/中式菜肴汤品/浓汤 || 27104:通用分类标签/食物/一道菜/汤/浓汤
浣熊,2,11570:通用分类标签/动物/哺乳动物/有胎盘哺乳动物/食肉动物/浣熊 || 29621:通用分类标签/材料与物质/动物材料/动物产品/兽皮/浣熊
浴室门,2,16988:通用分类标签/建筑与基础设施/辎重/屏障/可移动屏障/浴室门 || 17001:通用分类标签/建筑与基础设施/辎重/屏障/可移动屏障/门/浴室门
海参,2,12159:通用分类标签/动物/水生非哺乳生物/棘皮动物/海参 || 14314:通用分类标签/动物/无脊椎动物/贝类水产/单壳软体动物/海参
海棠果,2,18841:通用分类标签/植物/乔木灌木林木/乔木/开花乔木/果树/苹果树/海棠果 || 27466:通用分类标签/食物/农产品/食用水果/苹果/海棠果
海洋无脊椎动物,2,12520:通用分类标签/动物/水生非哺乳生物/海洋无脊椎动物 || 14068:通用分类标签/动物/无脊椎动物/海洋无脊椎动物
海盗,2,269:通用分类标签/交通工具/水上载具/船/海盗 || 2358:通用分类标签/人物与人体/坏人/作恶者/校长/犯人/小偷/掠夺者/海盗
海豚,2,11478:通用分类标签/动物/哺乳动物/有胎盘哺乳动物/水栖哺乳动物/鲸目动物/鲸/齿鲸/海豚 || 12260:通用分类标签/动物/水生非哺乳生物/硬骨鱼/真骨鱼/棘鳍目鱼/鲈形亚目鱼/海豚
海象,2,11486:通用分类标签/动物/哺乳动物/有胎盘哺乳动物/水栖哺乳动物/鳍足动物/海象 || 11496:通用分类标签/动物/哺乳动物/有胎盘哺乳动物/水栖哺乳动物/鳍足动物/海豹/无耳海豹/海象
海雕,2,13235:通用分类标签/动物/鸟类/猛禽/朱庇特之鸟/海雕 || 13260:通用分类标签/动物/鸟类/猛禽/鹰/海雕
海鲈,2,12278:通用分类标签/动物/水生非哺乳生物/硬骨鱼/真骨鱼/棘鳍目鱼/鲈形亚目鱼/石首鱼科的鱼/石首鱼/海鲈 || 12296:通用分类标签/动物/水生非哺乳生物/硬骨鱼/真骨鱼/棘鳍目鱼/鲈形亚目鱼/鮨/海鲈
海鳟,2,12274:通用分类标签/动物/水生非哺乳生物/硬骨鱼/真骨鱼/棘鳍目鱼/鲈形亚目鱼/石首鱼科的鱼/海鳟 || 12395:通用分类标签/动物/水生非哺乳生物/硬骨鱼/鲑鱼/河鳟/海鳟
海鸥,2,13068:通用分类标签/动物/鸟类/海鸟/沿海潜水鸟/鸥/海鸥 || 13081:通用分类标签/动物/鸟类/海鸟/海燕/海鸥
涂抹物,2,24425:通用分类标签/行为动作/位置变化/涂抹物 || 26663:通用分类标签/食物/调味品/涂抹物
涂鸦,2,9498:通用分类标签/人造物体/点缀/涂鸦 || 24219:通用分类标签/行为动作/艺术表演动作/绘画/涂鸦
消声器,2,7559:通用分类标签/人造物体/商品/消费品/可穿戴设备/衣服/围巾/消声器 || 8069:通用分类标签/人造物体/声学装置/消声器
消防员,2,1596:通用分类标签/人物与人体/职业身份/消防员 || 24403:通用分类标签/行为动作/休养/消防员
消防站,2,10083:通用分类标签/人造物体/装置/车站/消防站 || 16838:通用分类标签/建筑与基础设施/消防站
涡卷形装饰,2,9499:通用分类标签/人造物体/点缀/涡卷形装饰 || 16847:通用分类标签/建筑与基础设施/涡卷形装饰
淋浴房门,2,16989:通用分类标签/建筑与基础设施/辎重/屏障/可移动屏障/淋浴房门 || 17002:通用分类标签/建筑与基础设施/辎重/屏障/可移动屏障/门/淋浴房门
混凝土,2,6832:通用分类标签/人造物体/人行道/混凝土 || 8472:通用分类标签/人造物体/建材/混凝土
混凝土搅拌机,2,5185:通用分类标签/人造物体/工业机械设备/混凝土搅拌机 || 9130:通用分类标签/人造物体/机器/混凝土搅拌机
混合物,2,27927:通用分类标签/食物/食品/混合物 || 29781:通用分类标签/材料与物质/混合物
清洁,2,17393:通用分类标签/文化艺术与媒介/体育锻炼/健美运动/举重动作/清洁 || 23940:通用分类标签/行为动作/日常生活动作/清洁
游泳,2,23327:通用分类标签/行为动作/休闲娱乐动作/游泳 || 23477:通用分类标签/行为动作/体育运动动作/水上运动/游泳
湖湾,2,22398:通用分类标签/自然景观/水文水体/湖泊/湖湾 || 22555:通用分类标签/自然景观/休会期/湖湾
滑冰,2,23336:通用分类标签/行为动作/休闲娱乐动作/滑冰 || 24342:通用分类标签/行为动作/休养/体育/滑冰
滑板公园,2,10067:通用分类标签/人造物体/装置/滑板公园 || 29871:通用分类标签/知识与学科/土地块/公园/滑板公园
滑水板,2,8570:通用分类标签/人造物体/扁平立体/板/滑水板 || 10352:通用分类标签/人造物体/跑步者/滑雪板/滑水板
滑雪,2,23345:通用分类标签/行为动作/休闲娱乐动作/滑雪 || 24594:通用分类标签/行为动作/去/滑雪
滑雪板,2,6328:通用分类标签/人造物体/益智玩具/滑雪板 || 10351:通用分类标签/人造物体/跑步者/滑雪板
滑雪道,2,15023:通用分类标签/场景/自然户外场景/田野/球场/滑雪道 || 16178:通用分类标签/建筑与基础设施/路桥隧道工程/公路/跑道/小径/滑雪道
滑雪鞋,2,7736:通用分类标签/人造物体/商品/消费品/可穿戴设备/鞋子/滑雪鞋 || 10288:通用分类标签/人造物体/覆盖物/足部装备/滑雪鞋
滤网,2,4170:通用分类标签/人造物体/厨房餐厨用品/滤网 || 10378:通用分类标签/人造物体/过滤器/滤网
滨藜,2,19161:通用分类标签/植物/乔木灌木林木/灌木/滨藜 || 20952:通用分类标签/植物/草本植物/滨藜
漏斗,2,7954:通用分类标签/人造物体/器具/漏斗 || 28948:通用分类标签/属性与状态/圆形/圆锥体/漏斗
演员,2,1623:通用分类标签/人物与人体/职业身份/演员 || 2772:通用分类标签/人物与人体/表演者/演员
演示,2,24319:通用分类标签/行为动作/仪式/演示 || 24380:通用分类标签/行为动作/休养/娱乐/演出/演示
演讲,2,23753:通用分类标签/行为动作/工作学习动作/演讲 || 29962:通用分类标签/知识与学科/地址/演讲
漫画,2,17219:通用分类标签/文化艺术与媒介/文学出版/漫画 || 30205:IP 分类标签/内容作品 IP/动漫作品/漫画
漫画书,2,17218:通用分类标签/文化艺术与媒介/文学出版/杂志/漫画书 || 17433:通用分类标签/文化艺术与媒介/出版物/漫画书
漱口水,2,9419:通用分类标签/人造物体/漱口水 || 29796:通用分类标签/材料与物质/混合物/溶体/漱口水
潜水,2,23354:通用分类标签/行为动作/休闲娱乐动作/潜水 || 25037:通用分类标签/行为动作/潜水
潜水员,2,2524:通用分类标签/人物与人体/探险者/潜水员 || 13091:通用分类标签/动物/鸟类/海鸟/潜鸟目海鸟/潜水员
潜水服,2,7652:通用分类标签/人造物体/商品/消费品/可穿戴设备/衣服/潜水服 || 7730:通用分类标签/人造物体/商品/消费品/可穿戴设备/防护服装/潜水服
火灾报警,2,8662:通用分类标签/人造物体/报警系统/火灾报警 || 18208:通用分类标签/文字与信息图形/信号/警报/火灾报警
火炉,2,6866:通用分类标签/人造物体/仪器/火炉 || 16380:通用分类标签/建筑与基础设施/区/围场/房间/火炉
火箭,2,9099:通用分类标签/人造物体/机器/发动机/反作用推进发动机/喷气发动机/火箭 || 20958:通用分类标签/植物/草本植物/火箭
火蜥蜴,2,10719:通用分类标签/动物/两栖动物/火蜥蜴 || 30154:通用分类标签/知识与学科/神话生物/神话怪物/火蜥蜴
火锅,2,25694:通用分类标签/食物/中式菜肴汤品/火锅 || 27135:通用分类标签/食物/一道菜/炖菜/火锅
火龙果,2,22801:通用分类标签/自然景观/植物结构/植物器官/生殖结构/果子/火龙果 || 27448:通用分类标签/食物/农产品/食用水果/火龙果
灯,2,7040:通用分类标签/人造物体/光源/灯 || 9431:通用分类标签/人造物体/灯
灰白喉林莺,2,13383:通用分类标签/动物/鸟类/鸣禽/莺类鸣禽/灰白喉林莺 || 13406:通用分类标签/动物/鸟类/鸣禽/雀科鸟/新世界雀鹀/灰白喉林莺
灰鲭鲨,2,12418:通用分类标签/动物/水生非哺乳生物/软骨鱼/板鳃类鱼/鲨鱼/鲭鲨/灰鲭鲨 || 15903:通用分类标签/建筑与基础设施/宗教祭祀建筑/神社/灰鲭鲨
炒锅,2,3966:通用分类标签/人造物体/厨房餐厨用品/炊具/平底锅/炒锅 || 4188:通用分类标签/人造物体/厨房餐厨用品/炒锅
炸薯条,2,27219:通用分类标签/食物/一道菜/零食/炸薯条 || 27320:通用分类标签/食物/农产品/蔬菜/根菜类/土豆/炸薯条
点,2,22659:通用分类标签/自然景观/天然高地/前陆/点 || 30061:通用分类标签/知识与学科/点
烈性苹果酒,2,27683:通用分类标签/食物/致醉物/烈性苹果酒 || 27789:通用分类标签/食物/苹果酒/烈性苹果酒
烈酒,2,26906:通用分类标签/食物/饮品类/烈酒 || 27701:通用分类标签/食物/致醉物/烈性酒/烈酒
烟嘴,2,7986:通用分类标签/人造物体/固定装置/夹具/烟嘴 || 10491:通用分类标签/人造物体/道路/通道/导管/管/烟嘴
烟斗,2,10492:通用分类标签/人造物体/道路/通道/导管/管/烟斗 || 24625:通用分类标签/行为动作/呼吸/吸烟/烟斗
烤盘,2,3976:通用分类标签/人造物体/厨房餐厨用品/炊具/烤盘 || 4206:通用分类标签/人造物体/厨房餐厨用品/烤盘
烤肉转架,2,4781:通用分类标签/人造物体/家用电器/厨房用具/炉/烤肉转架 || 14639:通用分类标签/场景/室内场景/餐厅/烤肉转架
烤面包机,2,1236:通用分类标签/人物与人体/人物关系与群体/朋友/烤面包机 || 4784:通用分类标签/人造物体/家用电器/厨房用具/烤面包机
烧杯,2,3816:通用分类标签/人造物体/医疗器械/烧杯 || 8196:通用分类标签/人造物体/容器/器皿/广口容器/烧杯
热情,2,29123:通用分类标签/属性与状态/感受/快乐/热情 || 29129:通用分类标签/属性与状态/感受/热情
热狗,2,1720:通用分类标签/人物与人体/不受欢迎的人/令人不快的人/利己主义者/暴露癖者/热狗 || 27213:通用分类标签/食物/一道菜/零食/三明治/热狗
烹饪,2,23949:通用分类标签/行为动作/日常生活动作/烹饪 || 25082:通用分类标签/行为动作/状态变化/烹饪
焊工,2,2188:通用分类标签/人物与人体/劳动者/技术工人/匠人/焊工 || 2217:通用分类标签/人物与人体/劳动者/焊工
焊接,2,23771:通用分类标签/行为动作/工作学习动作/焊接 || 24717:通用分类标签/行为动作/完整性变化/焊接
焦糖,2,27800:通用分类标签/食物/调味剂/增甜/精制糖/焦糖 || 27998:通用分类标签/食物/甜食/糖制食品/焦糖
焦糖布丁,2,27040:通用分类标签/食物/一道菜/卡仕达酱/焦糖布丁 || 27888:通用分类标签/食物/路线/点心/焦糖布丁
煎饼,2,22963:通用分类标签/节日与符号/庆典仪式元素/蛋糕/煎饼 || 25449:通用分类标签/食物/中式主食面点/煎饼
煤气炉,2,4772:通用分类标签/人造物体/家用电器/厨房用具/厨房炉灶/煤气炉 || 6973:通用分类标签/人造物体/保温器/煤气炉
爆发,2,24718:通用分类标签/行为动作/完整性变化/爆发 || 24857:通用分类标签/行为动作/排放/爆发
爆米花,2,19795:通用分类标签/植物/草本竹藤植物/牧草/谷类禾草/玉米/爆米花 || 27954:通用分类标签/食物/食品/谷物/玉米/爆米花
爱尔兰人,2,1979:通用分类标签/人物与人体/住户/欧洲人/爱尔兰人 || 27689:通用分类标签/食物/致醉物/烈性酒/威士忌/爱尔兰人
父亲,2,1786:通用分类标签/人物与人体/亲属/长辈/父亲 || 17975:通用分类标签/文字与信息图形/文字内容/标题/父亲
版画,2,17301:通用分类标签/文化艺术与媒介/视觉艺术/版画 || 30243:IP 分类标签/艺术与文物 IP/名画/版画
牙刷,2,7799:通用分类标签/人造物体/器具/刷/牙刷 || 9548:通用分类标签/人造物体/牙刷
牙膏,2,9557:通用分类标签/人造物体/牙膏 || 29667:通用分类标签/材料与物质/化合物/配制品/去污剂/洁牙剂/牙膏
牛仔,2,2242:通用分类标签/人物与人体/劳动者/职员/劳动男子/体力劳动者/帮工/牧场工人/牛仔 || 2779:通用分类标签/人物与人体/表演者/牛仔
牛仔竞技,2,16399:通用分类标签/建筑与基础设施/区/围场/笔/牛仔竞技 || 24383:通用分类标签/行为动作/休养/娱乐/演出/演示/展览/牛仔竞技
牛仔裤,2,5908:通用分类标签/人造物体/服饰全品/牛仔裤 || 7686:通用分类标签/人造物体/商品/消费品/可穿戴设备/衣服/裤子/牛仔裤
牛奶,2,26541:通用分类标签/食物/肉蛋奶食材/乳制品/牛奶 || 26915:通用分类标签/食物/饮品类/牛奶
牛科动物,2,11342:通用分类标签/动物/哺乳动物/有胎盘哺乳动物/有蹄哺乳动物/偶蹄动物/反刍动物/牛科动物 || 11672:通用分类标签/动物/哺乳动物/牛科动物
牡丹鹦鹉,2,13914:通用分类标签/动物/鸟类/鹦鹉/牡丹鹦鹉 || 13918:通用分类标签/动物/鸟类/鹦鹉/长尾小鹦鹉/牡丹鹦鹉
牢房,2,16297:通用分类标签/建筑与基础设施/住宅/块状物/牢房 || 16516:通用分类标签/建筑与基础设施/区/室/牢房
牧场工人,2,2069:通用分类标签/人物与人体/创造者/农场主/牧场工人 || 2241:通用分类标签/人物与人体/劳动者/职员/劳动男子/体力劳动者/帮工/牧场工人
牧师住宅,2,16251:通用分类标签/建筑与基础设施/住宅/住处/H类住宅/住所/教区牧师住宅/牧师住宅 || 16252:通用分类标签/建筑与基础设施/住宅/住处/H类住宅/住所/牧师住宅
牧羊人,2,1882:通用分类标签/人物与人体/会长/精神领袖/牧师/牧羊人 || 2240:通用分类标签/人物与人体/劳动者/职员/劳动男子/体力劳动者/帮工/牧人/牧羊人
特雷门琴,2,2938:通用分类标签/人造物体/中西乐器/电子乐器/特雷门琴 || 28063:通用分类标签/声音/乐器/特雷门琴
独奏,2,24581:通用分类标签/行为动作/单独行动/独奏 || 25036:通用分类标签/行为动作/演出/独奏
独木舟,2,244:通用分类标签/交通工具/水上载具/小船/独木舟 || 16644:通用分类标签/建筑与基础设施/庇护所/独木舟
狮子狗,2,10886:通用分类标签/动物/哺乳动物/犬科动物/家犬/小型狗/狮子狗 || 10946:通用分类标签/动物/哺乳动物/犬科动物/家犬/狮子狗
狼,2,1385:通用分类标签/人物与人体/性别与生理属性/男性/成年雄性/玩弄女性者/狼 || 11043:通用分类标签/动物/哺乳动物/犬科动物/狼
玉米穗轴,2,11153:通用分类标签/动物/哺乳动物/马科动物/家马/挽马/玉米穗轴 || 13585:通用分类标签/动物/鸟类/水禽/天鹅/玉米穗轴
王权服饰,2,7505:通用分类标签/人造物体/商品/消费品/可穿戴设备/王权服饰 || 9630:通用分类标签/人造物体/用具/王权服饰
环圈,2,6939:通用分类标签/人造物体/体育器材/篮球器材/环圈 || 9401:通用分类标签/人造物体/游戏器材/球门/环圈
玻璃墙,2,16326:通用分类标签/建筑与基础设施/分隔物/墙/玻璃墙 || 16335:通用分类标签/建筑与基础设施/分隔物/玻璃墙
玻璃罐,2,8197:通用分类标签/人造物体/容器/器皿/广口容器/玻璃罐 || 8218:通用分类标签/人造物体/容器/器皿/玻璃罐
玻璃门,2,16990:通用分类标签/建筑与基础设施/辎重/屏障/可移动屏障/玻璃门 || 17003:通用分类标签/建筑与基础设施/辎重/屏障/可移动屏障/门/玻璃门
珊瑚,2,14060:通用分类标签/动物/无脊椎动物/刺胞动物/珊瑚纲动物/珊瑚 || 29274:通用分类标签/属性与状态/视觉属性/颜色/彩色/粉红色/珊瑚
珍珠菜,2,19072:通用分类标签/植物/乔木灌木林木/灌木/亚灌木/珍珠菜 || 20966:通用分类标签/植物/草本植物/珍珠菜
珠宝店,2,14588:通用分类标签/场景/室内场景/商店/珠宝店 || 16794:通用分类标签/建筑与基础设施/机构/商业机构/珠宝店
班卓琴,2,2901:通用分类标签/人造物体/中西乐器/弦乐器/班卓琴 || 28059:通用分类标签/声音/乐器/拨弦乐器/班卓琴
班图人,2,2858:通用分类标签/人物与人体/非洲人/班图人 || 18518:通用分类标签/文字与信息图形/自然语言/尼日尔-科尔多凡语系/尼日尔-刚果语系/班图人
班轮,2,10157:通用分类标签/人造物体/覆盖物/保护/班轮 || 25218:通用分类标签/行为动作/触摸/击打/班轮
球场,2,10071:通用分类标签/人造物体/装置/球场 || 15018:通用分类标签/场景/自然户外场景/田野/球场
球拍,2,6346:通用分类标签/人造物体/益智玩具/球拍 || 7786:通用分类标签/人造物体/器具/体育用具/球拍
球童,2,1313:通用分类标签/人物与人体/基础年龄属性/少年/球童 || 2118:通用分类标签/人物与人体/劳动者/助手/出席者/球童
琥珀,2,29283:通用分类标签/属性与状态/视觉属性/颜色/彩色/黄色/琥珀 || 29654:通用分类标签/材料与物质/化合物/有机化合物/松香/天然树脂/琥珀
琵嘴鸭,2,2219:通用分类标签/人物与人体/劳动者/琵嘴鸭 || 13624:通用分类标签/动物/鸟类/水禽/雁形目鸟/鸭/琵嘴鸭
琵琶,2,2903:通用分类标签/人造物体/中西乐器/弦乐器/琵琶 || 6355:通用分类标签/人造物体/益智玩具/琵琶
瓜果类,2,19642:通用分类标签/植物/水果浆果类/瓜果类 || 19893:通用分类标签/植物/蔬菜类/瓜果类
瓮,2,3956:通用分类标签/人造物体/厨房餐厨用品/炊具/壶/瓮 || 8200:通用分类标签/人造物体/容器/器皿/广口容器/花瓶/瓮
瓷砖墙,2,16327:通用分类标签/建筑与基础设施/分隔物/墙/瓷砖墙 || 16336:通用分类标签/建筑与基础设施/分隔物/瓷砖墙
甜橙,2,18803:通用分类标签/植物/乔木灌木林木/乔木/开花乔木/果树/柑橘属/柑桔/甜橙 || 27409:通用分类标签/食物/农产品/食用水果/柑橘属/柑橘/甜橙
甜瓜,2,19860:通用分类标签/植物/草本竹藤植物/藤本植物/葫芦/甜瓜 || 27450:通用分类标签/食物/农产品/食用水果/甜瓜
田间道路,2,10463:通用分类标签/人造物体/道路/田间道路 || 16175:通用分类标签/建筑与基础设施/路桥隧道工程/公路/田间道路
田鼠,2,10813:通用分类标签/动物/哺乳动物/啮齿动物/家鼠/田鼠 || 10826:通用分类标签/动物/哺乳动物/啮齿动物/林鼠/田鼠
电动机,2,9093:通用分类标签/人造物体/机器/发动机/电动机 || 9131:通用分类标签/人造物体/机器/电动机
电吉他,2,2885:通用分类标签/人造物体/中西乐器/弦乐器/六弦琴/电吉他 || 28056:通用分类标签/声音/乐器/拨弦乐器/吉他/电吉他
电影,2,17117:通用分类标签/文化艺术与媒介/影视视频/电影 || 30209:IP 分类标签/内容作品 IP/影视作品/电影
电报,2,8431:通用分类标签/人造物体/导体/电报 || 18212:通用分类标签/文字与信息图形/信息/电报
电梯,2,10521:通用分类标签/人造物体/道路/通道/走廊/轴杆/电梯 || 24746:通用分类标签/行为动作/帮/电梯
电源线,2,8437:通用分类标签/人造物体/导体/电报/电源线 || 8439:通用分类标签/人造物体/导体/电源线
电灯开关,2,8888:通用分类标签/人造物体/机制/控制/开关/电灯开关 || 8897:通用分类标签/人造物体/机制/控制/电灯开关
电灶,2,4773:通用分类标签/人造物体/家用电器/厨房用具/厨房炉灶/电灶 || 4835:通用分类标签/人造物体/家用电器/大型白色家电/电灶
电炉,2,4785:通用分类标签/人造物体/家用电器/厨房用具/电炉 || 16385:通用分类标签/建筑与基础设施/区/围场/房间/火炉/电炉
电磁炉,2,3978:通用分类标签/人造物体/厨房餐厨用品/炊具/电磁炉 || 4983:通用分类标签/人造物体/家用电器/电磁炉
电脑桌,2,9209:通用分类标签/人造物体/桌子/书桌/电脑桌 || 9244:通用分类标签/人造物体/桌子/电脑桌
电脑游戏,2,23224:通用分类标签/行为动作/休闲娱乐动作/游戏/电脑游戏 || 30230:IP 分类标签/内容作品 IP/游戏作品/电脑游戏
电视剧,2,17135:通用分类标签/文化艺术与媒介/影视视频/电视剧 || 30210:IP 分类标签/内容作品 IP/影视作品/电视剧
电视柜,2,4563:通用分类标签/人造物体/家具大件/电视柜 || 7000:通用分类标签/人造物体/储藏柜/电视柜
电话机,2,8088:通用分类标签/人造物体/媒介/电信/电话机 || 28587:通用分类标签/声音/电话机
电风扇,2,5001:通用分类标签/人造物体/家用电器/电风扇 || 9809:通用分类标签/人造物体/电风扇
电饭煲,2,3979:通用分类标签/人造物体/厨房餐厨用品/炊具/电饭煲 || 5010:通用分类标签/人造物体/家用电器/电饭煲
男童军,2,1317:通用分类标签/人物与人体/基础年龄属性/少年/童子军/男童军 || 2602:通用分类标签/人物与人体/无辜者/男童军
画家,2,2202:通用分类标签/人物与人体/劳动者/技术工人/画家 || 11103:通用分类标签/动物/哺乳动物/猫科动物/猫/野猫/画家
界限,2,29008:通用分类标签/属性与状态/大小/范围/界限 || 30095:通用分类标签/知识与学科/界限
番石榴,2,18833:通用分类标签/植物/乔木灌木林木/乔木/开花乔木/果树/番石榴 || 27455:通用分类标签/食物/农产品/食用水果/番石榴
番茄汤,2,27107:通用分类标签/食物/一道菜/汤/番茄汤 || 27164:通用分类标签/食物/一道菜/番茄汤
番荔枝,2,18834:通用分类标签/植物/乔木灌木林木/乔木/开花乔木/果树/番荔枝 || 27456:通用分类标签/食物/农产品/食用水果/番荔枝
登山,2,23385:通用分类标签/行为动作/休闲娱乐动作/登山 || 24422:通用分类标签/行为动作/位置变化/上升/登山
登山包,2,8123:通用分类标签/人造物体/容器/包/帆布背包/登山包 || 8342:通用分类标签/人造物体/容器/登山包
登陆,2,10024:通用分类标签/人造物体/表面/水平仪/平台/登陆 || 16873:通用分类标签/建筑与基础设施/登陆
白宫,2,15594:通用分类标签/建筑与基础设施/公共服务建筑/政府建筑/白宫 || 29569:通用分类标签/时间数量与度量/行政单位/部门/政府部门/联邦部门/行政部门/白宫
白色,2,9356:通用分类标签/人造物体/游戏器材/棋子/白色 || 29286:通用分类标签/属性与状态/视觉属性/颜色/无彩色/白色
白金,2,29597:通用分类标签/材料与物质/元素/金属/贵金属/白金 || 29783:通用分类标签/材料与物质/混合物/合金/白金
百灵,2,13327:通用分类标签/动物/鸟类/鸣禽/新世界拟鹂/百灵 || 13351:通用分类标签/动物/鸟类/鸣禽/百灵
百金花,2,19074:通用分类标签/植物/乔木灌木林木/灌木/亚灌木/百金花 || 20361:通用分类标签/植物/显花植物/开花植物/百金花
皮划艇,2,860:通用分类标签/交通工具/水上交通工具/皮划艇 || 892:通用分类标签/交通工具/皮划艇
皮鞋,2,5917:通用分类标签/人造物体/服饰全品/皮鞋 || 10329:通用分类标签/人造物体/覆盖物/足部装备/鞋/皮鞋
盔甲,2,10160:通用分类标签/人造物体/覆盖物/保护/盔甲 || 10164:通用分类标签/人造物体/覆盖物/保护/盔甲/全套铠甲/盔甲
盖子,2,10273:通用分类标签/人造物体/覆盖物/盖子 || 21880:通用分类标签/组织机构与社会事件/动物组织/襟翼/保护褶/盖子
盘子,2,4002:通用分类标签/人造物体/厨房餐厨用品/餐具/盘子 || 27856:通用分类标签/食物/路线/主菜/盘子
直接复印件,2,6854:通用分类标签/人造物体/仪器/复制机/直接复印件 || 17690:通用分类标签/文化艺术与媒介/表征/副本/复印件/直接复印件
相扑,2,24334:通用分类标签/行为动作/休养/体育/接触性运动/摔跤运动/相扑 || 24734:通用分类标签/行为动作/岗位/体育运动/相扑
盾叶鬼臼,2,20982:通用分类标签/植物/草本植物/盾叶鬼臼 || 22805:通用分类标签/自然景观/植物结构/植物器官/生殖结构/果子/盾叶鬼臼
眼影,2,9316:通用分类标签/人造物体/洗漱用品/化妆品/化妆/眼影 || 9815:通用分类标签/人造物体/眼影
眼罩,2,10144:通用分类标签/人造物体/覆盖物/保护/屏幕/眼罩 || 10251:通用分类标签/人造物体/覆盖物/布罩/眼罩
眼镜店,2,14592:通用分类标签/场景/室内场景/商店/眼镜店 || 16795:通用分类标签/建筑与基础设施/机构/商业机构/眼镜店
睡眠者,2,1832:通用分类标签/人物与人体/休息者/睡眠者 || 8827:通用分类标签/人造物体/支持/结构构件/支撑/睡眠者
睡袋,2,6395:通用分类标签/人造物体/益智玩具/睡袋 || 8131:通用分类标签/人造物体/容器/包/睡袋
矢量图标,2,17706:通用分类标签/文化艺术与媒介/表征/图标/矢量图标 || 18169:通用分类标签/文字与信息图形/信号/代号/图标/矢量图标
短吻鳄,2,12855:通用分类标签/动物/爬行动物/双孔亚纲动物/鳄类动物/短吻鳄 || 29616:通用分类标签/材料与物质/动物材料/动物产品/兽皮/皮/短吻鳄
石榴,2,18836:通用分类标签/植物/乔木灌木林木/乔木/开花乔木/果树/石榴 || 27459:通用分类标签/食物/农产品/食用水果/石榴
石碑,2,7208:通用分类标签/人造物体/古代/石碑 || 8475:通用分类标签/人造物体/建材/石头/石碑
石膏,2,10250:通用分类标签/人造物体/覆盖物/布罩/敷料/绑带/石膏 || 29823:通用分类标签/材料与物质/矿物/石膏
矿泉水,2,26851:通用分类标签/食物/饮品类/饮用水/矿泉水 || 26924:通用分类标签/食物/饮品类/矿泉水
研究,2,17757:通用分类标签/文化艺术与媒介/调查/研究 || 30189:通用分类标签/知识与学科/问题解决/研究
砖,2,2434:通用分类标签/人物与人体/好人/砖 || 17100:通用分类标签/文化艺术与媒介/传统工艺/陶瓷/砖
砹,2,29591:通用分类标签/材料与物质/元素/砹 || 29683:通用分类标签/材料与物质/卤素/砹
碗,2,4031:通用分类标签/人造物体/厨房餐厨用品/餐具/陶瓷餐具/盘/碗 || 8248:通用分类标签/人造物体/容器/器皿/碗
磨石,2,8477:通用分类标签/人造物体/建材/石头/磨石 || 10530:通用分类标签/人造物体/重量/负荷/磨石
礁,2,9193:通用分类标签/人造物体/条带/礁 || 22667:通用分类标签/自然景观/天然高地/山脊/礁
礼品盒,2,3501:通用分类标签/人造物体/包装与容器/礼品盒 || 8381:通用分类标签/人造物体/容器/礼品盒
礼品袋,2,8132:通用分类标签/人造物体/容器/包/礼品袋 || 8383:通用分类标签/人造物体/容器/礼品袋
礼服,2,5953:通用分类标签/人造物体/服饰全品/礼服 || 7413:通用分类标签/人造物体/商品/消费品/可穿戴设备/外套服装/礼服
社区服务中心,2,16229:通用分类标签/建筑与基础设施/中心/社区服务中心 || 16884:通用分类标签/建筑与基础设施/社区服务中心
祭司,2,1883:通用分类标签/人物与人体/会长/精神领袖/祭司 || 28958:通用分类标签/属性与状态/圣秩/祭司
禅意庭园,2,20654:通用分类标签/植物/种植园/日式庭园/禅意庭园 || 20655:通用分类标签/植物/种植园/禅意庭园
秃鹫,2,13241:通用分类标签/动物/鸟类/猛禽/秃鹫 || 13252:通用分类标签/动物/鸟类/猛禽/秃鹫/旧大陆秃鹫/秃鹫
秋葵浓汤,2,27108:通用分类标签/食物/一道菜/汤/秋葵浓汤 || 29696:通用分类标签/材料与物质/地球/土/秋葵浓汤
种植,2,20646:通用分类标签/植物/种植 || 24675:通用分类标签/行为动作/安置/种植
种植园,2,20648:通用分类标签/植物/种植园 || 28831:通用分类标签/属性与状态/不动产/种植园
秘书,2,1858:通用分类标签/人物与人体/会长/头部/秘书 || 2123:通用分类标签/人物与人体/劳动者/助手/秘书
秤,2,6739:通用分类标签/人造物体/乐器/器械/仪器/秤 || 8682:通用分类标签/人造物体/指示器/秤
积木,2,6404:通用分类标签/人造物体/益智玩具/积木 || 31101:IP 分类标签/潮玩互动 IP/潮玩手办/积木
稳定器,2,8742:通用分类标签/人造物体/操纵台面/稳定器 || 9851:通用分类标签/人造物体/稳定器
空想家,2,2617:通用分类标签/人物与人体/智力/空想家 || 2704:通用分类标签/人物与人体/空想家
穿越,2,24951:通用分类标签/行为动作/旅行/穿越 || 30082:通用分类标签/知识与学科/点/穿越
窃笑,2,18242:通用分类标签/文字与信息图形/听觉交流/话语/笑/窃笑 || 28199:通用分类标签/声音/人类声音/人声/笑声/窃笑
窗户,2,9724:通用分类标签/人造物体/电子器件/指示器/窗户 || 16733:通用分类标签/建筑与基础设施/支承结构/构架/窗户
竹,2,20989:通用分类标签/植物/草本植物/禾本科植物/竹 || 29752:通用分类标签/材料与物质/植物材料/木/竹
笑,2,1712:通用分类标签/人物与人体/表情/笑 || 18239:通用分类标签/文字与信息图形/听觉交流/话语/笑
笛鲷,2,12279:通用分类标签/动物/水生非哺乳生物/硬骨鱼/真骨鱼/棘鳍目鱼/鲈形亚目鱼/笛鲷 || 12319:通用分类标签/动物/水生非哺乳生物/硬骨鱼/真骨鱼/棘鳍目鱼/鲈形亚目鱼/鲷/笛鲷
筒仓,2,16007:通用分类标签/建筑与基础设施/工业与仓储建筑/仓库/筒仓 || 16585:通用分类标签/建筑与基础设施/塔/筒仓
箔,2,8581:通用分类标签/人造物体/扁平立体/金属薄板/箔 || 10592:通用分类标签/人造物体/武器/刀/击剑用剑/箔
管,2,10479:通用分类标签/人造物体/道路/通道/导管/管 || 16901:通用分类标签/建筑与基础设施/管
管钟,2,2922:通用分类标签/人造物体/中西乐器/打击乐器/管钟 || 28037:通用分类标签/声音/乐器/打击乐/管钟
管风琴,2,2961:通用分类标签/人造物体/中西乐器/管乐器/管风琴 || 28082:通用分类标签/声音/乐器/音乐键盘/管风琴
箭,2,18163:通用分类标签/文字与信息图形/信号/代号/书写符号/标记/箭 || 28625:通用分类标签/声音/箭
米哈拉布,2,9472:通用分类标签/人造物体/点缀/人物形象/米哈拉布 || 16369:通用分类标签/建筑与基础设施/区/围场/休会期/米哈拉布
精纺毛料,2,7340:通用分类标签/人造物体/台布/精纺毛料 || 9920:通用分类标签/人造物体/线/索/纱/精纺毛料
糖衣/酥皮,2,9522:通用分类标签/人造物体/点缀/配菜装饰/配料/糖衣/酥皮 || 27934:通用分类标签/食物/食品/混合物/生面团/糕点面团/糖衣/酥皮
紧身衣,2,7655:通用分类标签/人造物体/商品/消费品/可穿戴设备/衣服/紧身衣 || 7739:通用分类标签/人造物体/商品/消费品/可穿戴设备/鞋子/袜类/紧身裤袜/紧身衣
紧身连衣裙,2,7457:通用分类标签/人造物体/商品/消费品/可穿戴设备/女装/女服/紧身连衣裙 || 7622:通用分类标签/人造物体/商品/消费品/可穿戴设备/衣服/女裙/抽褶裙/紧身连衣裙
紫花苜蓿,2,20702:通用分类标签/植物/草本植物/三叶草/紫花苜蓿 || 27970:通用分类标签/食物/饲料/紫花苜蓿
红旗,2,18204:通用分类标签/文字与信息图形/信号/视觉信号/旗帜/红旗 || 18209:通用分类标签/文字与信息图形/信号/警报/红旗
红果植物,2,19202:通用分类标签/植物/乔木灌木林木/灌木/鼠李/红果植物 || 20455:通用分类标签/植物/有毒植物/升麻/红果植物
红茶,2,27604:通用分类标签/食物/红茶 || 27834:通用分类标签/食物/调味剂/芳草/茶/红茶
红葱头,2,22731:通用分类标签/自然景观/植物结构/植物器官/(花草的)茎/块茎植物/红葱头 || 27331:通用分类标签/食物/农产品/蔬菜/洋葱/红葱头
约德尔唱法,2,24660:通用分类标签/行为动作/声乐/歌唱/约德尔唱法 || 28193:通用分类标签/声音/人类声音/人声/歌唱/约德尔唱法
纪录片,2,17154:通用分类标签/文化艺术与媒介/影视视频/纪录片 || 30211:IP 分类标签/内容作品 IP/影视作品/纪录片
纵帆船,2,215:通用分类标签/交通工具/水上载具/大型帆船/纵帆船 || 8332:通用分类标签/人造物体/容器/杯子/纵帆船
纸巾,2,7240:通用分类标签/人造物体/台布/布料/毛巾/纸巾 || 9890:通用分类标签/人造物体/纸巾
纸杯蛋糕,2,22967:通用分类标签/节日与符号/庆典仪式元素/蛋糕/纸杯蛋糕 || 26243:通用分类标签/食物/烘焙甜品点心/纸杯蛋糕
纸灯笼,2,7054:通用分类标签/人造物体/光源/灯/纸灯笼 || 22934:通用分类标签/节日与符号/庆典仪式元素/灯笼/纸灯笼
纸盒,2,8373:通用分类标签/人造物体/容器/盒子/纸盒 || 29341:通用分类标签/时间数量与度量/不定量/一容器之量/纸盒
纸风车,2,8993:通用分类标签/人造物体/机制/机械装置/机器/车轮/纸风车 || 9600:通用分类标签/人造物体/玩具/纸风车
纽芬兰,2,11034:通用分类标签/动物/哺乳动物/犬科动物/家犬/纽芬兰 || 22448:通用分类标签/自然景观/海岸与岛屿/岛屿/纽芬兰
线虫,2,14034:通用分类标签/动物/幼虫/线虫 || 14306:通用分类标签/动物/无脊椎动物/虫/线虫
线阵打印机,2,9074:通用分类标签/人造物体/机器/印刷机/冲击式打印机/线阵打印机 || 9078:通用分类标签/人造物体/机器/印刷机/打印机/点式打印机/线阵打印机
细胞,2,29156:通用分类标签/属性与状态/无定形/隔间/细胞 || 29537:通用分类标签/时间数量与度量/细胞
绑腿,2,7643:通用分类标签/人造物体/商品/消费品/可穿戴设备/衣服/护腿/绑腿 || 10330:通用分类标签/人造物体/覆盖物/足部装备/鞋/绑腿
绗缝,2,7347:通用分类标签/人造物体/台布/绗缝 || 17795:通用分类标签/文化艺术与媒介/针线工艺/刺绣品/针脚/刺绣针法/绗缝
绘画,2,17302:通用分类标签/文化艺术与媒介/视觉艺术/绘画 || 24205:通用分类标签/行为动作/艺术表演动作/绘画
绵枣儿,2,20602:通用分类标签/植物/球根植物/百合科植物/绵枣儿 || 22732:通用分类标签/自然景观/植物结构/植物器官/(花草的)茎/块茎植物/绵枣儿
综合运动会,2,21602:通用分类标签/组织机构与社会事件/体育事件/综合运动会 || 31077:IP 分类标签/赛事 IP/体育赛事/综合运动会
综艺,2,17163:通用分类标签/文化艺术与媒介/影视视频/综艺 || 30212:IP 分类标签/内容作品 IP/影视作品/综艺
绿头鸭,2,13593:通用分类标签/动物/鸟类/水禽/雁形目鸟/绿头鸭 || 13627:通用分类标签/动物/鸟类/水禽/雁形目鸟/鸭/绿头鸭
缝纫机,2,5046:通用分类标签/人造物体/家用电器/缝纫机 || 28131:通用分类标签/声音/事物声音/机制/缝纫机
网,2,7998:通用分类标签/人造物体/圈套/网 || 9402:通用分类标签/人造物体/游戏器材/球门/网
羊角号,2,8665:通用分类标签/人造物体/报警系统/角/羊角号 || 28066:通用分类标签/声音/乐器/羊角号
羊驼,2,11445:通用分类标签/动物/哺乳动物/有胎盘哺乳动物/有蹄哺乳动物/偶蹄动物/羊驼 || 29626:通用分类标签/材料与物质/动物材料/动物产品/动物纤维/羊毛/羊驼
羽毛球,2,6440:通用分类标签/人造物体/益智玩具/羽毛球 || 23160:通用分类标签/行为动作/休闲娱乐动作/游戏/体育游戏/场地球类运动/羽毛球
羽衣甘蓝,2,20784:通用分类标签/植物/草本植物/十字花科植物/羽衣甘蓝 || 27278:通用分类标签/食物/农产品/蔬菜/十字花科蔬菜/卷心菜/羽衣甘蓝
翅膀,2,2337:通用分类标签/人物与人体/器官/翅膀 || 29349:通用分类标签/时间数量与度量/不定量/少量/一份食物/翅膀
老妇人,2,1343:通用分类标签/人物与人体/性别与生理属性/女性/女人/太太/老妇人 || 1359:通用分类标签/人物与人体/性别与生理属性/女性/女人/老妇人
老年人,2,1641:通用分类标签/人物与人体/职业身份/老年人 || 2481:通用分类标签/人物与人体/年龄层/老年人
老照片,2,17716:通用分类标签/文化艺术与媒介/表征/图画/老照片 || 17730:通用分类标签/文化艺术与媒介/表征/老照片
耙子,2,2368:通用分类标签/人物与人体/坏人/浪荡子/耙子 || 9955:通用分类标签/人造物体/耙子
耳塞,2,9664:通用分类标签/人造物体/电力设备/换能器/电声传感器/受话器/耳塞 || 16960:通用分类标签/建筑与基础设施/辎重/堵塞/塞子/耳塞
耳机,2,5611:通用分类标签/人造物体/数码 3C 电子/耳机 || 28775:通用分类标签/声音/频道/声音重放/耳机
耳环,2,3519:通用分类标签/人造物体/包装与容器/耳环 || 6572:通用分类标签/人造物体/箱包首饰/珠宝首饰/耳环
职业,2,21935:通用分类标签/组织机构与社会事件/身体/职业群体/职业 || 24736:通用分类标签/行为动作/岗位/职业
肉店,2,14593:通用分类标签/场景/室内场景/商店/肉店 || 16797:通用分类标签/建筑与基础设施/机构/商业机构/肉店
肉桂,2,22651:通用分类标签/自然景观/天然覆盖物/树皮/肉桂 || 27850:通用分类标签/食物/调味剂/香料/肉桂
肉汁,2,26637:通用分类标签/食物/调味品/汁/肉汁 || 27925:通用分类标签/食物/食品/果汁/肉汁
肋骨,2,8838:通用分类标签/人造物体/支持/肋骨 || 21871:通用分类标签/组织机构与社会事件/动物组织/结缔组织/骨/肋骨
肢端,2,2382:通用分类标签/人物与人体/外部身体部位/肢端 || 17447:通用分类标签/文化艺术与媒介/区域/肢端
背心,2,7657:通用分类标签/人造物体/商品/消费品/可穿戴设备/衣服/背心 || 7669:通用分类标签/人造物体/商品/消费品/可穿戴设备/衣服/衬衣/背心
胎面,2,8837:通用分类标签/人造物体/支持/结构构件/胎面 || 10399:通用分类标签/人造物体/连接/交汇处/接触/胎面
胡桃夹子,2,7889:通用分类标签/人造物体/器具/棒/杠杆/复式杠杆/胡桃夹子 || 13440:通用分类标签/动物/鸟类/鸣禽/鸦科鸟类/胡桃夹子
胶囊,2,8387:通用分类标签/人造物体/容器/胶囊 || 29770:通用分类标签/材料与物质/毒品/医药/丸药/胶囊
胶带,2,3321:通用分类标签/人造物体/办公文具/胶带 || 9186:通用分类标签/人造物体/条带/带子/胶带
胶片相机,2,8726:通用分类标签/人造物体/摄影设备/照相机/胶片相机 || 8733:通用分类标签/人造物体/摄影设备/胶片相机
脚尖,2,2392:通用分类标签/人物与人体/外部身体部位/肢端/脚尖 || 10279:通用分类标签/人造物体/覆盖物/脚趾/脚尖
腰果,2,18764:通用分类标签/植物/乔木灌木林木/乔木/开花乔木/坚果树/腰果 || 22830:通用分类标签/自然景观/植物结构/植物器官/生殖结构/果子/种子/坚果/食用坚果/腰果
腿,2,2380:通用分类标签/人物与人体/外部身体部位/成员/翼/腿 || 27635:通用分类标签/食物/肉/切割/腿
自动手枪,2,10645:通用分类标签/人造物体/武器/手枪/半自动枪炮/自动枪/自动手枪 || 10656:通用分类标签/人造物体/武器/手枪/自动手枪
自尊,2,29121:通用分类标签/属性与状态/感受/幸福/自尊 || 29131:通用分类标签/属性与状态/感受/自豪/自尊
自治市镇,2,24168:通用分类标签/行为动作/社交互动动作/聚会/自治市镇 || 29959:通用分类标签/知识与学科/地区/行政区/自治市镇
自然保护区,2,22910:通用分类标签/自然景观/自然保护区 || 30661:IP 分类标签/自然生态与动物 IP/自然景观/自然保护区
自然景观,2,22100:通用分类标签/自然景观 || 30659:IP 分类标签/自然生态与动物 IP/自然景观
自然灾害,2,21587:通用分类标签/组织机构与社会事件/事故与灾害事件/自然灾害 || 22526:通用分类标签/自然景观/自然灾害
舞剧,2,17271:通用分类标签/文化艺术与媒介/舞台表演/舞剧 || 30217:IP 分类标签/内容作品 IP/戏曲舞台作品/舞剧
舞台,2,335:通用分类标签/交通工具/畜力与传统载具/马车/四乘驾/舞台 || 10028:通用分类标签/人造物体/表面/水平仪/平台/舞台
航空发动机,2,915:通用分类标签/交通工具/航空器/航空发动机 || 9117:通用分类标签/人造物体/机器/发动机/航空发动机
船,2,256:通用分类标签/交通工具/水上载具/船 || 861:通用分类标签/交通工具/水上交通工具/船
艺术展览,2,14954:通用分类标签/场景/教育文化场景/艺术展览 || 31114:IP 分类标签/乐园节庆 IP/展览节庆/艺术展览
节拍,2,18227:通用分类标签/文字与信息图形/听觉交流/节拍 || 30162:通用分类标签/知识与学科/线/小径/节拍
芦笋,2,21014:通用分类标签/植物/草本植物/芦笋 || 27337:通用分类标签/食物/农产品/蔬菜/芦笋
花园,2,15008:通用分类标签/场景/自然户外场景/田野/宅基地附属范围/花园 || 20656:通用分类标签/植物/种植园/花园
花店,2,14594:通用分类标签/场景/室内场景/商店/花店 || 16798:通用分类标签/建筑与基础设施/机构/商业机构/花店
花栗鼠,2,10819:通用分类标签/动物/哺乳动物/啮齿动物/松鼠/花栗鼠 || 14413:通用分类标签/动物/野生动物/啮齿目动物/花栗鼠
花椰菜,2,20790:通用分类标签/植物/草本植物/十字花科植物/花椰菜 || 27283:通用分类标签/食物/农产品/蔬菜/十字花科蔬菜/花椰菜
花盆,2,8255:通用分类标签/人造物体/容器/器皿/花盆 || 8389:通用分类标签/人造物体/容器/花盆
花童,2,1365:通用分类标签/人物与人体/性别与生理属性/女性/女儿/花童 || 2809:通用分类标签/人物与人体/资本家/商业人士/商人/供应商/花童
花篮,2,8311:通用分类标签/人造物体/容器/手提篮/花篮 || 8392:通用分类标签/人造物体/容器/花篮
花蜜,2,27542:通用分类标签/食物/果汁/花蜜 || 29860:通用分类标签/材料与物质/身体物质/液态体液/分泌/花蜜
苏打饼干,2,26076:通用分类标签/食物/烘焙甜品点心/饼干/苏打饼干 || 26279:通用分类标签/食物/烘焙甜品点心/苏打饼干
苔藓植物,2,20678:通用分类标签/植物/苔藓植物 || 29508:通用分类标签/时间数量与度量/无维管生物/苔藓植物
英国车库音乐,2,18290:通用分类标签/文字与信息图形/听觉交流/音乐流派/电子音乐/电子舞曲/英国车库音乐 || 18293:通用分类标签/文字与信息图形/听觉交流/音乐流派/电子音乐/英国车库音乐
茶,2,19181:通用分类标签/植物/乔木灌木林木/灌木/茶 || 27832:通用分类标签/食物/调味剂/芳草/茶
茶包,2,8134:通用分类标签/人造物体/容器/包/茶包 || 27836:通用分类标签/食物/调味剂/芳草/茶/茶包
茶壶,2,3960:通用分类标签/人造物体/厨房餐厨用品/炊具/壶/茶壶 || 4242:通用分类标签/人造物体/厨房餐厨用品/茶壶
草原,2,15036:通用分类标签/场景/自然户外场景/草原 || 22524:通用分类标签/自然景观/生态环境/草原
荔枝,2,18844:通用分类标签/植物/乔木灌木林木/乔木/开花乔木/果树/荔枝 || 27473:通用分类标签/食物/农产品/食用水果/荔枝
莳萝,2,21022:通用分类标签/植物/草本植物/莳萝 || 27837:通用分类标签/食物/调味剂/芳草/莳萝
菊花,2,20408:通用分类标签/植物/显花植物/开花植物/菊花 || 22872:通用分类标签/自然景观/植物结构/植物器官/生殖结构/花/菊花
菠菜,2,21040:通用分类标签/植物/草本植物/蔬菜/菠菜 || 27303:通用分类标签/食物/农产品/蔬菜/叶菜/菠菜
萨摩耶犬,2,2291:通用分类标签/人物与人体/原住民/俄罗斯人或俄语/萨摩耶犬 || 10898:通用分类标签/动物/哺乳动物/犬科动物/家犬/尖嘴犬/萨摩耶犬
葡萄,2,19855:通用分类标签/植物/草本竹藤植物/藤本植物/葡萄 || 27475:通用分类标签/食物/农产品/食用水果/葡萄
葡萄柚,2,18808:通用分类标签/植物/乔木灌木林木/乔木/开花乔木/果树/柑橘属/葡萄柚 || 27417:通用分类标签/食物/农产品/食用水果/柑橘属/葡萄柚
葡萄水仙,2,20579:通用分类标签/植物/球根植物/百合科植物/五色水仙/葡萄水仙 || 20603:通用分类标签/植物/球根植物/百合科植物/葡萄水仙
葡萄酒,2,26986:通用分类标签/食物/饮品类/葡萄酒 || 27715:通用分类标签/食物/致醉物/葡萄酒
蒙哈榭葡萄酒,2,27728:通用分类标签/食物/致醉物/葡萄酒/勃艮第/蒙哈榭葡萄酒 || 27752:通用分类标签/食物/致醉物/葡萄酒/白葡萄酒/蒙哈榭葡萄酒
蒸锅,2,3980:通用分类标签/人造物体/厨房餐厨用品/炊具/蒸锅 || 4260:通用分类标签/人造物体/厨房餐厨用品/蒸锅
蓝宝石,2,6564:通用分类标签/人造物体/箱包首饰/珠宝首饰/宝石/蓝宝石 || 29817:通用分类标签/材料与物质/矿物/刚玉/蓝宝石
蓝莓,2,19183:通用分类标签/植物/乔木灌木林木/灌木/蓝莓 || 27443:通用分类标签/食物/农产品/食用水果/浆果/蓝莓
蔓越莓,2,19184:通用分类标签/植物/乔木灌木林木/灌木/蔓越莓 || 27444:通用分类标签/食物/农产品/食用水果/浆果/蔓越莓
蔬菜,2,21036:通用分类标签/植物/草本植物/蔬菜 || 27267:通用分类标签/食物/农产品/蔬菜
蕨类植物,2,19934:通用分类标签/植物/不开花植物/蕨类植物 || 21164:通用分类标签/植物/蕨类植物
薄纱,2,7278:通用分类标签/人造物体/台布/啮合/薄纱 || 7363:通用分类标签/人造物体/台布/薄纱
薯蓣,2,22728:通用分类标签/自然景观/植物结构/植物器官/(花草的)茎/块根/薯蓣 || 27325:通用分类标签/食物/农产品/蔬菜/根菜类/甘薯/薯蓣
藤,2,6771:通用分类标签/人造物体/乐器/器械/刑具/开关/藤 || 22736:通用分类标签/自然景观/植物结构/植物器官/(花草的)茎/手杖/藤
藿香蓟,2,20414:通用分类标签/植物/显花植物/开花植物/藿香蓟 || 21044:通用分类标签/植物/草本植物/藿香蓟
虻,2,14120:通用分类标签/动物/无脊椎动物/节肢动物/昆虫/双翅昆虫/苍蝇/牛虻/虻 || 14124:通用分类标签/动物/无脊椎动物/节肢动物/昆虫/双翅昆虫/虱蝇/虻
蚊子,2,14125:通用分类标签/动物/无脊椎动物/节肢动物/昆虫/双翅昆虫/蚊子 || 28485:通用分类标签/声音/昆虫/蚊子
蛋糕,2,22944:通用分类标签/节日与符号/庆典仪式元素/蛋糕 || 25998:通用分类标签/食物/烘焙甜品点心/蛋糕
蜘蛛网,2,7364:通用分类标签/人造物体/台布/蜘蛛网 || 7997:通用分类标签/人造物体/圈套/缠结/蜘蛛网
蜜月,2,29433:通用分类标签/时间数量与度量/基本量/一段时间/休假时间/闲暇/休假/蜜月 || 29473:通用分类标签/时间数量与度量/基本量/一段时间/蜜月
蝇量级,2,1769:通用分类标签/人物与人体/交战者/拳击手/蝇量级 || 1773:通用分类标签/人物与人体/交战者/摔跤手/蝇量级
蝴蝶兰,2,20242:通用分类标签/植物/显花植物/开花植物/兰科植物/红门兰/蝴蝶兰 || 20257:通用分类标签/植物/显花植物/开花植物/兰科植物/蝴蝶兰
螺丝刀,2,5243:通用分类标签/人造物体/工业机械设备/螺丝刀 || 8633:通用分类标签/人造物体/手工工具/螺丝刀
螺旋桨,2,917:通用分类标签/交通工具/航空器/航空发动机/螺旋桨 || 9016:通用分类标签/人造物体/机制/机械装置/螺旋桨
蟑螂,2,14192:通用分类标签/动物/无脊椎动物/节肢动物/昆虫/网翅目昆虫/蟑螂 || 22622:通用分类标签/自然景观/天然覆盖物/体表覆盖物/头发/发型/蟑螂
血压计,2,3878:通用分类标签/人造物体/医疗器械/血压计 || 6725:通用分类标签/人造物体/乐器/器械/仪器/标准度量/压力表/血压计
行李,2,1361:通用分类标签/人物与人体/性别与生理属性/女性/女人/行李 || 7058:通用分类标签/人造物体/军需品/行李
街机游戏,2,17671:通用分类标签/文化艺术与媒介/街机游戏 || 30232:IP 分类标签/内容作品 IP/游戏作品/街机游戏
衣服,2,7512:通用分类标签/人造物体/商品/消费品/可穿戴设备/衣服 || 22654:通用分类标签/自然景观/天然覆盖物/衣服
衣柜,2,4617:通用分类标签/人造物体/家具大件/衣柜 || 7174:通用分类标签/人造物体/压机/衣柜
补丁,2,7243:通用分类标签/人造物体/台布/布料/补丁 || 18113:通用分类标签/文字与信息图形/书面交流/手写/字迹/编码系统/代码/软件/补丁
表格,2,18525:通用分类标签/文字与信息图形/表格 || 29905:通用分类标签/知识与学科/列阵/表格
表面,2,9972:通用分类标签/人造物体/表面 || 30098:通用分类标签/知识与学科/界限/表面
袜子,2,5989:通用分类标签/人造物体/服饰全品/袜子 || 7741:通用分类标签/人造物体/商品/消费品/可穿戴设备/鞋子/袜类/袜子
装甲运兵车,2,741:通用分类标签/交通工具/军用车/装甲运兵车 || 1035:通用分类标签/交通工具/轮式车辆/自行式车辆/装甲运兵车
装置,2,10047:通用分类标签/人造物体/装置 || 25103:通用分类标签/行为动作/状态变化/装置
装饰画,2,6637:通用分类标签/人造物体/艺术品与工艺品/绘画作品/装饰画 || 17734:通用分类标签/文化艺术与媒介/表征/装饰画
装饰线脚,2,9518:通用分类标签/人造物体/点缀/装饰线脚 || 17620:通用分类标签/文化艺术与媒介/用原材料制作/装饰线脚
裸子植物,2,19011:通用分类标签/植物/乔木灌木林木/乔木/裸子植物 || 20442:通用分类标签/植物/显花植物/裸子植物
裹身衣,2,7604:通用分类标签/人造物体/商品/消费品/可穿戴设备/衣服/外衣/披风/裹身衣 || 27215:通用分类标签/食物/一道菜/零食/三明治/裹身衣
裹身裙,2,7460:通用分类标签/人造物体/商品/消费品/可穿戴设备/女装/裹身裙 || 7629:通用分类标签/人造物体/商品/消费品/可穿戴设备/衣服/女裙/裹身裙
西塔琴,2,2905:通用分类标签/人造物体/中西乐器/弦乐器/西塔琴 || 28060:通用分类标签/声音/乐器/拨弦乐器/西塔琴
西瓜,2,19861:通用分类标签/植物/草本竹藤植物/藤本植物/葫芦/甜瓜/西瓜 || 27452:通用分类标签/食物/农产品/食用水果/甜瓜/西瓜
覆盖物,2,10086:通用分类标签/人造物体/覆盖物 || 10180:通用分类标签/人造物体/覆盖物/保护/覆盖物
规划者,2,2787:通用分类标签/人物与人体/规划者 || 5421:通用分类标签/人造物体/数码 3C 电子/笔记本电脑/规划者
触地,2,24689:通用分类标签/行为动作/完成/成就/成功/比分/触地 || 25142:通用分类标签/行为动作/着陆/触地
言语,2,18228:通用分类标签/文字与信息图形/听觉交流/言语 || 28200:通用分类标签/声音/人类声音/人声/言语
警察局,2,10084:通用分类标签/人造物体/装置/车站/警察局 || 16919:通用分类标签/建筑与基础设施/警察局
记号笔,2,3357:通用分类标签/人造物体/办公文具/记号笔 || 18185:通用分类标签/文字与信息图形/信号/代号/记号笔
设计师,2,2093:通用分类标签/人物与人体/创造者/设计师 || 2790:通用分类标签/人物与人体/规划者/设计师
试管,2,3896:通用分类标签/人造物体/医疗器械/试管 || 10495:通用分类标签/人造物体/道路/通道/导管/管/试管
谷物,2,22843:通用分类标签/自然景观/植物结构/植物器官/生殖结构/果子/种子/谷物 || 27944:通用分类标签/食物/食品/谷物
豆,2,21068:通用分类标签/植物/草本植物/豆科植物/豆 || 22847:通用分类标签/自然景观/植物结构/植物器官/生殖结构/果子/种子/豆
豆袋椅,2,8033:通用分类标签/人造物体/坐椅/椅子/豆袋椅 || 8036:通用分类标签/人造物体/坐椅/豆袋椅
贝都因人,2,2581:通用分类标签/人物与人体/旅行者/漫游者/游牧者/贝都因人 || 2691:通用分类标签/人物与人体/白人/闪米特人/阿拉伯人/贝都因人
财产,2,2794:通用分类标签/人物与人体/财产 || 29733:通用分类标签/材料与物质/有形资产/财产
购物,2,7778:通用分类标签/人造物体/商品/购物 || 23994:通用分类标签/行为动作/日常生活动作/购物
资本家,2,2421:通用分类标签/人物与人体/大人/资本家 || 2796:通用分类标签/人物与人体/资本家
赛车赛事,2,21603:通用分类标签/组织机构与社会事件/体育事件/赛车赛事 || 31079:IP 分类标签/赛事 IP/体育赛事/赛车赛事
赛车运动,2,24354:通用分类标签/行为动作/休养/体育/竞速运动/赛车运动 || 24361:通用分类标签/行为动作/休养/体育/赛车运动
走廊,2,10511:通用分类标签/人造物体/道路/通道/走廊 || 16931:通用分类标签/建筑与基础设施/走廊
走珠式用品,2,7545:通用分类标签/人造物体/商品/消费品/可穿戴设备/衣服/贴身衣物/地基/走珠式用品 || 8109:通用分类标签/人造物体/容器/分配器/走珠式用品
起重机,2,5261:通用分类标签/人造物体/工业机械设备/起重机 || 13187:通用分类标签/动物/鸟类/涉禽/起重机
超市,2,15783:通用分类标签/建筑与基础设施/商业办公建筑/市场/超市 || 16939:通用分类标签/建筑与基础设施/超市
超市货架,2,8792:通用分类标签/人造物体/支持/搁板/超市货架 || 8844:通用分类标签/人造物体/支持/超市货架
越野摩托车,2,675:通用分类标签/交通工具/非机动车/自行车/越野摩托车 || 2566:通用分类标签/人物与人体/旅行者/搬运者/越野摩托车
足球,2,6458:通用分类标签/人造物体/益智玩具/足球 || 9392:通用分类标签/人造物体/游戏器材/球/足球
足球赛,2,23169:通用分类标签/行为动作/休闲娱乐动作/游戏/体育游戏/户外游戏/场地运动/橄榄球/英式足球/足球赛 || 23170:通用分类标签/行为动作/休闲娱乐动作/游戏/体育游戏/户外游戏/场地运动/橄榄球/足球赛
跑步机,2,6991:通用分类标签/人造物体/健身设备/跑步机 || 9155:通用分类标签/人造物体/机器/研磨器/跑步机
路线,2,10445:通用分类标签/人造物体/道路/小径/路线 || 27854:通用分类标签/食物/路线
跳绳,2,9908:通用分类标签/人造物体/线/粗绳/跳绳 || 23235:通用分类标签/行为动作/休闲娱乐动作/游戏/跳绳
身体,2,16948:通用分类标签/建筑与基础设施/身体 || 21931:通用分类标签/组织机构与社会事件/身体
身体乳,2,9304:通用分类标签/人造物体/洗漱用品/乳液/身体乳 || 10357:通用分类标签/人造物体/身体乳
车床,2,5098:通用分类标签/人造物体/工业机械设备/机床/成形机/车床 || 5270:通用分类标签/人造物体/工业机械设备/车床
轨道,2,10355:通用分类标签/人造物体/跑道/轨道 || 30163:通用分类标签/知识与学科/线/小径/轨道
转子,2,7909:通用分类标签/人造物体/器具/棒/转子 || 8926:通用分类标签/人造物体/机制/旋转机构/转子
轮廓,2,18372:通用分类标签/文字与信息图形/指示/标记/等距线/轮廓 || 30105:通用分类标签/知识与学科/界限/轮廓
轮缘,2,28956:通用分类标签/属性与状态/圆形/轮缘 || 29229:通用分类标签/属性与状态/线/分界线/轮缘
轮胎工具,2,7904:通用分类标签/人造物体/器具/棒/杠杆/轮胎工具 || 8634:通用分类标签/人造物体/手工工具/轮胎工具
软糖,2,26288:通用分类标签/食物/烘焙甜品点心/软糖 || 28010:通用分类标签/食物/甜食/糖制食品/软糖
轴杆,2,7850:通用分类标签/人造物体/器具/杆/轴杆 || 10518:通用分类标签/人造物体/道路/通道/走廊/轴杆
辣椒,2,27195:通用分类标签/食物/一道菜/辣椒 || 27348:通用分类标签/食物/农产品/蔬菜/茄科蔬菜/胡椒/辣椒
辣椒酱,2,26647:通用分类标签/食物/调味品/汁/辣椒酱 || 26707:通用分类标签/食物/调味品/辣椒酱
运动衫,2,7355:通用分类标签/人造物体/台布/编织物/运动衫 || 7615:通用分类标签/人造物体/商品/消费品/可穿戴设备/衣服/套头衫/运动衫
运动裤,2,6016:通用分类标签/人造物体/服饰全品/运动裤 || 7689:通用分类标签/人造物体/商品/消费品/可穿戴设备/衣服/裤子/运动裤
运动鞋,2,6025:通用分类标签/人造物体/服饰全品/运动鞋 || 7751:通用分类标签/人造物体/商品/消费品/可穿戴设备/鞋子/运动鞋
运载火箭,2,461:通用分类标签/交通工具/航天载具/运载火箭 || 31125:IP 分类标签/科技与数字 IP/航天科技/运载火箭
连接,2,10384:通用分类标签/人造物体/连接 || 24461:通用分类标签/行为动作/使联合/连接
连衣裙,2,6034:通用分类标签/人造物体/服饰全品/连衣裙 || 7474:通用分类标签/人造物体/商品/消费品/可穿戴设备/打扮/习惯/连衣裙
迪斯科舞,2,18299:通用分类标签/文字与信息图形/听觉交流/音乐流派/迪斯科舞 || 18535:通用分类标签/文字与信息图形/表现风格/音乐流派/通俗音乐/迪斯科舞
迷幻摇滚,2,18273:通用分类标签/文字与信息图形/听觉交流/音乐流派/摇滚音乐/迷幻摇滚 || 18536:通用分类标签/文字与信息图形/表现风格/音乐流派/通俗音乐/迷幻摇滚
追随者,2,2587:通用分类标签/人物与人体/旅行者/追随者 || 2826:通用分类标签/人物与人体/追随者
通心粉,2,1389:通用分类标签/人物与人体/性别与生理属性/男性/成年雄性/花花公子/通心粉 || 27526:通用分类标签/食物/意大利面食/通心粉
通风口,2,8503:通用分类标签/人造物体/开口/孔洞/通风口 || 29152:通用分类标签/属性与状态/无定形/开口/通风口
遮光物,2,10181:通用分类标签/人造物体/覆盖物/保护/遮光物 || 28868:通用分类标签/属性与状态/亮度/夜色/半暗/遮光物
邮票,2,8543:通用分类标签/人造物体/成形工具/模具/邮票 || 18165:通用分类标签/文字与信息图形/信号/代号/代币/邮票
部分,2,17783:通用分类标签/文化艺术与媒介/部分 || 18132:通用分类标签/文字与信息图形/书面交流/部分
配件,2,17412:通用分类标签/文化艺术与媒介/元件/配件 || 30185:通用分类标签/知识与学科/配件
酒吧,2,16534:通用分类标签/建筑与基础设施/区/室/酒吧 || 22668:通用分类标签/自然景观/天然高地/山脊/酒吧
酒店,2,14609:通用分类标签/场景/室内场景/酒店 || 15788:通用分类标签/建筑与基础设施/商业办公建筑/酒店
酸奶,2,27013:通用分类标签/食物/饮品类/酸奶 || 27901:通用分类标签/食物/酸奶
释放,2,7397:通用分类标签/人造物体/商品/产品/释放 || 24691:通用分类标签/行为动作/完成/释放
里程碑,2,18193:通用分类标签/文字与信息图形/信号/代号/记号笔/里程碑 || 21855:通用分类标签/组织机构与社会事件/关头/里程碑
重金属音乐,2,18274:通用分类标签/文字与信息图形/听觉交流/音乐流派/摇滚音乐/重金属音乐 || 18537:通用分类标签/文字与信息图形/表现风格/音乐流派/通俗音乐/重金属音乐
野樱,2,18824:通用分类标签/植物/乔木灌木林木/乔木/开花乔木/果树/樱桃/野樱 || 22857:通用分类标签/自然景观/植物结构/植物器官/生殖结构/果子/野樱
野火,2,24665:通用分类标签/行为动作/大火灾/野火 || 28646:通用分类标签/声音/自然声音/火/野火
野餐,2,23421:通用分类标签/行为动作/休闲娱乐动作/野餐 || 27244:通用分类标签/食物/餐食/野餐
野鸡,2,14423:通用分类标签/动物/野禽/野鸡 || 23195:通用分类标签/行为动作/休闲娱乐动作/游戏/准许捕捉的鸟/雉科鸟类/野鸡
金丝瓜,2,19824:通用分类标签/植物/草本竹藤植物/藤本植物/南瓜藤/夏南瓜/金丝瓜 || 27312:通用分类标签/食物/农产品/蔬菜/壁球运动/夏南瓜/金丝瓜
金枪鱼,2,12308:通用分类标签/动物/水生非哺乳生物/硬骨鱼/真骨鱼/棘鳍目鱼/鲈形亚目鱼/鲭亚目鱼/金枪鱼 || 20047:通用分类标签/植物/多肉/仙人掌/仙人掌属植物/金枪鱼
金融机构,2,21810:通用分类标签/组织机构与社会事件/组织机构/金融机构 || 21936:通用分类标签/组织机构与社会事件/金融机构
钟鹊,2,13299:通用分类标签/动物/鸟类/鸣禽/伯劳/钟鹊 || 13343:通用分类标签/动物/鸟类/鸣禽/澳洲喜鹊/钟鹊
钢,2,7808:通用分类标签/人造物体/器具/削尖器/钢 || 29784:通用分类标签/材料与物质/混合物/合金/钢
钢丝背心,2,7658:通用分类标签/人造物体/商品/消费品/可穿戴设备/衣服/背心/钢丝背心 || 10165:通用分类标签/人造物体/覆盖物/保护/盔甲/全套铠甲/钢丝背心
钢琴,2,6476:通用分类标签/人造物体/益智玩具/钢琴 || 28086:通用分类标签/声音/乐器/音乐键盘/钢琴
钢笔,2,3102:通用分类标签/人造物体/办公文具/书写工具/笔/钢笔 || 3384:通用分类标签/人造物体/办公文具/钢笔
钱包,2,3573:通用分类标签/人造物体/包装与容器/钱包 || 8145:通用分类标签/人造物体/容器/包/钱包
钳子,2,2260:通用分类标签/人物与人体/劳动者/钳子 || 5279:通用分类标签/人造物体/工业机械设备/钳子
钹,2,2932:通用分类标签/人造物体/中西乐器/打击乐器/钹 || 28038:通用分类标签/声音/乐器/打击乐/钹
铁,2,6948:通用分类标签/人造物体/体育器材/高尔夫器材/高尔夫球杆/铁 || 29600:通用分类标签/材料与物质/元素/金属/铁
铅笔,2,3107:通用分类标签/人造物体/办公文具/书写工具/铅笔 || 3393:通用分类标签/人造物体/办公文具/铅笔
铆钉,2,3015:通用分类标签/人造物体/五金工具/紧固件/别针/铆钉 || 9528:通用分类标签/人造物体/点缀/铆钉
铜管乐器,2,2969:通用分类标签/人造物体/中西乐器/管乐器/铜管乐器 || 28075:通用分类标签/声音/乐器/铜管乐器
铲,2,8635:通用分类标签/人造物体/手工工具/铲 || 8637:通用分类标签/人造物体/手工工具/铲/手铲/铲
银,2,29599:通用分类标签/材料与物质/元素/金属/贵金属/银 || 29710:通用分类标签/材料与物质/导体/银
银叶树,2,18866:通用分类标签/植物/乔木灌木林木/乔木/开花乔木/银叶树 || 19026:通用分类标签/植物/乔木灌木林木/乔木/银叶树
银器,2,4008:通用分类标签/人造物体/厨房餐厨用品/餐具/银器 || 28109:通用分类标签/声音/事物声音/家庭声音/银器
锡,2,8257:通用分类标签/人造物体/容器/器皿/锡 || 29602:通用分类标签/材料与物质/元素/金属/锡
锡兰醋栗,2,19030:通用分类标签/植物/乔木灌木林木/乔木/锡兰醋栗 || 27482:通用分类标签/食物/农产品/食用水果/锡兰醋栗
锤子,2,5306:通用分类标签/人造物体/工业机械设备/锤子 || 28117:通用分类标签/声音/事物声音/工具/锤子
键盘,2,5647:通用分类标签/人造物体/数码 3C 电子/键盘 || 10540:通用分类标签/人造物体/键盘
长号,2,2979:通用分类标签/人造物体/中西乐器/管乐器/铜管乐器/长号 || 28080:通用分类标签/声音/乐器/铜管乐器/长号
长寿花水仙,2,20574:通用分类标签/植物/球根植物/水仙属/喇叭水仙/长寿花水仙 || 20575:通用分类标签/植物/球根植物/水仙属/长寿花水仙
长板,2,973:通用分类标签/交通工具/轮式车辆/滑板/长板 || 8560:通用分类标签/人造物体/扁平立体/板/冲浪板/长板
长笛,2,2980:通用分类标签/人造物体/中西乐器/管乐器/长笛 || 6485:通用分类标签/人造物体/益智玩具/长笛
长裤,2,6052:通用分类标签/人造物体/服饰全品/长裤 || 7690:通用分类标签/人造物体/商品/消费品/可穿戴设备/衣服/裤子/长裤
长途客车,2,723:通用分类标签/交通工具/公共运输/公交车/长途客车 || 1866:通用分类标签/人物与人体/会长/教练/长途客车
门,2,16991:通用分类标签/建筑与基础设施/辎重/屏障/可移动屏障/门 || 28710:通用分类标签/声音/门
阀门,2,5324:通用分类标签/人造物体/工业机械设备/阀门 || 8905:通用分类标签/人造物体/机制/控制/阀门
阁楼,2,16329:通用分类标签/建筑与基础设施/分隔物/墙/阁楼 || 16561:通用分类标签/建筑与基础设施/地板/阁楼
阿拉伯人,2,2689:通用分类标签/人物与人体/白人/闪米特人/阿拉伯人 || 11133:通用分类标签/动物/哺乳动物/马科动物/家马/坐骑/阿拉伯人
陀螺,2,17448:通用分类标签/文化艺术与媒介/区域/陀螺 || 30102:通用分类标签/知识与学科/界限/表面/陀螺
院子,2,7867:通用分类标签/人造物体/器具/杆/圆材/院子 || 16405:通用分类标签/建筑与基础设施/区/围场/院子
隐形轰炸机,2,924:通用分类标签/交通工具/航空器/重于空气航空器/军用飞机/轰炸机/隐形轰炸机 || 936:通用分类标签/交通工具/航空器/隐形飞机/隐形轰炸机
集材机,2,2261:通用分类标签/人物与人体/劳动者/集材机 || 2833:通用分类标签/人物与人体/集材机
雕塑,2,6642:通用分类标签/人造物体/艺术品与工艺品/雕塑 || 17305:通用分类标签/文化艺术与媒介/视觉艺术/雕塑
雨滴,2,22311:通用分类标签/自然景观/天文天象气象/雨/雨滴 || 29367:通用分类标签/时间数量与度量/不定量/少量/液滴/雨滴
雪球,2,9598:通用分类标签/人造物体/玩具/球/雪球 || 20158:通用分类标签/植物/显花植物/开花植物/野花/沙地马鞭草/雪球
零售,2,24314:通用分类标签/行为动作/交易/销售/零售 || 24516:通用分类标签/行为动作/出卖/零售
雷暴,2,22325:通用分类标签/自然景观/天文天象气象/风暴/雷暴 || 28647:通用分类标签/声音/自然声音/雷暴
露天市场,2,15777:通用分类标签/建筑与基础设施/商业办公建筑/市场/市场广场/露天市场 || 15785:通用分类标签/建筑与基础设施/商业办公建筑/市场/露天市场
露脐上衣,2,7441:通用分类标签/人造物体/商品/消费品/可穿戴设备/女装/上衣/露脐上衣 || 7732:通用分类标签/人造物体/商品/消费品/可穿戴设备/露脐上衣
面包师,2,2209:通用分类标签/人物与人体/劳动者/技术工人/面包师 || 2815:通用分类标签/人物与人体/资本家/商业人士/商人/面包师
面包果,2,18846:通用分类标签/植物/乔木灌木林木/乔木/开花乔木/果树/面包果 || 27483:通用分类标签/食物/农产品/食用水果/面包果
面粉,2,26465:通用分类标签/食物/生鲜食材/面粉 || 27957:通用分类标签/食物/食品/面粉
鞋盒,2,8377:通用分类标签/人造物体/容器/盒子/鞋盒 || 8397:通用分类标签/人造物体/容器/鞋盒
韩式拌饭,2,25842:通用分类标签/食物/中式菜肴汤品/韩式拌饭 || 27223:通用分类标签/食物/一道菜/韩式拌饭
音乐剧,2,17280:通用分类标签/文化艺术与媒介/舞台表演/音乐剧 || 30219:IP 分类标签/内容作品 IP/戏曲舞台作品/音乐剧
音乐流派,2,18251:通用分类标签/文字与信息图形/听觉交流/音乐流派 || 18529:通用分类标签/文字与信息图形/表现风格/音乐流派
音乐键盘,2,10543:通用分类标签/人造物体/键盘/音乐键盘 || 28081:通用分类标签/声音/乐器/音乐键盘
项链,2,3582:通用分类标签/人造物体/包装与容器/项链 || 6575:通用分类标签/人造物体/箱包首饰/珠宝首饰/项链
领巾,2,7554:通用分类标签/人造物体/商品/消费品/可穿戴设备/衣服/围巾/头巾/领巾 || 7701:通用分类标签/人造物体/商品/消费品/可穿戴设备/衣服/颈部服饰/领巾
领带,2,3591:通用分类标签/人造物体/包装与容器/领带 || 7702:通用分类标签/人造物体/商品/消费品/可穿戴设备/衣服/颈部服饰/领带
颤音琴,2,2933:通用分类标签/人造物体/中西乐器/打击乐器/颤音琴 || 28033:通用分类标签/声音/乐器/打击乐/槌击打击乐/颤音琴
风,2,24068:通用分类标签/行为动作/社交互动动作/交谈/风 || 28648:通用分类标签/声音/自然声音/风
风笛,2,2960:通用分类标签/人造物体/中西乐器/管乐器/管子/风笛 || 28091:通用分类标签/声音/乐器/风笛
风筝,2,9602:通用分类标签/人造物体/玩具/风筝 || 13273:通用分类标签/动物/鸟类/猛禽/鹰/风筝
风衣,2,7593:通用分类标签/人造物体/商品/消费品/可穿戴设备/衣服/外衣/外套/防水的/风衣 || 7594:通用分类标签/人造物体/商品/消费品/可穿戴设备/衣服/外衣/外套/风衣
风铃,2,9531:通用分类标签/人造物体/点缀/风铃 || 28073:通用分类标签/声音/乐器/钟/钟声/风铃
飞盘,2,8923:通用分类标签/人造物体/机制/旋转机构/回合/光盘/飞盘 || 9604:通用分类标签/人造物体/玩具/飞盘
食肉动物,2,11569:通用分类标签/动物/哺乳动物/有胎盘哺乳动物/食肉动物 || 14046:通用分类标签/动物/捕食动物/食肉动物
餐具垫,2,7774:通用分类标签/人造物体/商品/纺织品/大型白色家电/亚麻制品/餐桌布草/餐具垫 || 9944:通用分类标签/人造物体/缓冲材料/垫子/餐具垫
餐刀,2,4041:通用分类标签/人造物体/厨房餐厨用品/餐具/餐刀 || 4296:通用分类标签/人造物体/厨房餐厨用品/餐刀
餐叉,2,3996:通用分类标签/人造物体/厨房餐厨用品/餐具/叉/餐叉 || 4305:通用分类标签/人造物体/厨房餐厨用品/餐叉
餐巾,2,4314:通用分类标签/人造物体/厨房餐厨用品/餐巾 || 7775:通用分类标签/人造物体/商品/纺织品/大型白色家电/亚麻制品/餐桌布草/餐巾
餐车,2,963:通用分类标签/交通工具/轮式车辆/卡丁车/餐车 || 1005:通用分类标签/交通工具/轮式车辆/自行式车辆/机动车/餐车
餐食,2,27227:通用分类标签/食物/餐食 || 27914:通用分类标签/食物/食品/餐食
馄饨,2,25543:通用分类标签/食物/中式主食面点/馄饨 || 27121:通用分类标签/食物/一道菜/汤/馄饨
馒头,2,25561:通用分类标签/食物/中式主食面点/馒头 || 26068:通用分类标签/食物/烘焙甜品点心/面包/馒头
香料,2,27847:通用分类标签/食物/调味剂/香料 || 29648:通用分类标签/材料与物质/化合物/防护性化合物/香料
香蕉,2,21099:通用分类标签/植物/草本植物/香蕉 || 27485:通用分类标签/食物/农产品/食用水果/香蕉
马球杆,2,6918:通用分类标签/人造物体/体育器材/棍棒/马球杆 || 7785:通用分类标签/人造物体/器具/体育用具/木槌/马球杆
马裤,2,7691:通用分类标签/人造物体/商品/消费品/可穿戴设备/衣服/裤子/马裤 || 10300:通用分类标签/人造物体/覆盖物/足部装备/皮靴/马靴/马裤
驮篮,2,8148:通用分类标签/人造物体/容器/包/驮篮 || 8310:通用分类标签/人造物体/容器/手提篮/柳条篮/驮篮
驾驶员,2,1686:通用分类标签/人物与人体/职业身份/驾驶员 || 2264:通用分类标签/人物与人体/劳动者/驾驶员
骑马斗牛士,2,2554:通用分类标签/人物与人体/斗牛士/骑马斗牛士 || 2600:通用分类标签/人物与人体/旅行者/骑乘者/骑手/骑马斗牛士
骨,2,21869:通用分类标签/组织机构与社会事件/动物组织/结缔组织/骨 || 29635:通用分类标签/材料与物质/动物材料/骨
高尔夫手套,2,6957:通用分类标签/人造物体/体育器材/高尔夫器材/高尔夫手套 || 7471:通用分类标签/人造物体/商品/消费品/可穿戴设备/手部穿戴物/手套/高尔夫手套
高尔夫球,2,6958:通用分类标签/人造物体/体育器材/高尔夫器材/高尔夫球 || 9396:通用分类标签/人造物体/游戏器材/球/高尔夫球
高尔夫球包,2,6959:通用分类标签/人造物体/体育器材/高尔夫器材/高尔夫球包 || 8149:通用分类标签/人造物体/容器/包/高尔夫球包
高尔夫球杆,2,6944:通用分类标签/人造物体/体育器材/高尔夫器材/高尔夫球杆 || 21885:通用分类标签/组织机构与社会事件/协会/俱乐部/高尔夫球杆
魔术,2,17289:通用分类标签/文化艺术与媒介/舞台表演/魔术 || 24259:通用分类标签/行为动作/艺术表演动作/魔术
魔术师,2,2703:通用分类标签/人物与人体/神秘学者/魔术师 || 2784:通用分类标签/人物与人体/表演者/魔术师
鲤鱼,2,12376:通用分类标签/动物/水生非哺乳生物/硬骨鱼/真骨鱼/软鳍鱼/鲤形目鱼类/鲤科鱼/鲤鱼 || 27562:通用分类标签/食物/海鲜/淡水鱼/鲤鱼
鸟笼,2,16402:通用分类标签/建筑与基础设施/区/围场/笼/鸟笼 || 16407:通用分类标签/建筑与基础设施/区/围场/鸟笼
鸠鸽,2,13799:通用分类标签/动物/鸟类/鸡形目鸟/鸽形目鸟类/鸽子/鸠鸽 || 14441:通用分类标签/动物/鸠鸽
鸭,2,13030:通用分类标签/动物/鸟类/家禽/鸭 || 13594:通用分类标签/动物/鸟类/水禽/雁形目鸟/鸭
鹅,2,13032:通用分类标签/动物/鸟类/家禽/鹅 || 13636:通用分类标签/动物/鸟类/水禽/雁形目鸟/鹅
鹌鹑,2,14424:通用分类标签/动物/野禽/鹌鹑 || 23204:通用分类标签/行为动作/休闲娱乐动作/游戏/准许捕捉的鸟/雉科鸟类/鹌鹑
鹦鹉,2,2635:通用分类标签/人物与人体/模仿者/鹦鹉 || 13904:通用分类标签/动物/鸟类/鹦鹉
麝香玫瑰,2,19140:通用分类标签/植物/乔木灌木林木/灌木/月季/麝香玫瑰 || 19198:通用分类标签/植物/乔木灌木林木/灌木/锦葵/麝香玫瑰
麦克风,2,5665:通用分类标签/人造物体/数码 3C 电子/麦克风 || 28139:通用分类标签/声音/事物声音/杂项来源/音响设备/麦克风
黄色南瓜,2,19827:通用分类标签/植物/草本竹藤植物/藤本植物/南瓜藤/夏南瓜/黄色南瓜 || 27313:通用分类标签/食物/农产品/蔬菜/壁球运动/夏南瓜/黄色南瓜
黄蜂,2,2450:通用分类标签/人物与人体/宗教人士/基督徒/新教徒/黄蜂 || 2693:通用分类标签/人物与人体/白人/黄蜂
黄铜,2,9532:通用分类标签/人造物体/点缀/黄铜 || 29789:通用分类标签/材料与物质/混合物/合金/铜基合金/黄铜
黑客,2,2308:通用分类标签/人物与人体/参赛者/参与者/高尔夫球员/黑客 || 30822:IP 分类标签/真人与人物 IP/科学文化人物/工程师/黑客
黑板,2,3411:通用分类标签/人造物体/办公文具/黑板 || 8585:通用分类标签/人造物体/扁平立体/黑板
黑麦,2,22846:通用分类标签/自然景观/植物结构/植物器官/生殖结构/果子/种子/谷物/黑麦 || 27695:通用分类标签/食物/致醉物/烈性酒/威士忌/黑麦
鼓,2,6494:通用分类标签/人造物体/益智玩具/鼓 || 28043:通用分类标签/声音/乐器/打击乐/鼓
齐特琴,2,2906:通用分类标签/人造物体/中西乐器/弦乐器/齐特琴 || 28061:通用分类标签/声音/乐器/拨弦乐器/齐特琴
齿轮,2,8999:通用分类标签/人造物体/机制/机械装置/机器/车轮/齿轮 || 9023:通用分类标签/人造物体/机制/齿轮
齿轮组,2,9026:通用分类标签/人造物体/机制/齿轮/齿轮组 || 28132:通用分类标签/声音/事物声音/机制/齿轮组
龟背竹,2,19850:通用分类标签/植物/草本竹藤植物/藤本植物/木质藤本/龟背竹属/龟背竹 || 27487:通用分类标签/食物/农产品/食用水果/龟背竹
