domain,category,concept_count,decision,scene_groups,scope,reason,status
交通工具,交通工具 / 丢弃物,22,reject,[],交通工具 / 丢弃物,该分类主要涉及丢弃物，缺乏稳定、有用的场景或承载区域来源，属于抽象符号或孤立小物特写，不符合可编辑环境结构要求。,screened
交通工具,交通工具 / 个人水上摩托艇,17,keep,"[""水上环境"", ""交通场景"", ""水域活动""]",个人水上摩托艇在水域中的使用场景，如湖泊、河流、沿海区域等,个人水上摩托艇常见于水域环境，提供稳定且可编辑的水上承载面，适用于多种水上交通和休闲场景。,screened
交通工具,交通工具 / 二手车交易,22,hold,"[""二手车交易市场""]",二手车交易相关的场所和环境,分类名称指向具体交易场景，但缺乏明确的稳定场景来源或可编辑环境结构，无法确定其是否包含稳定有用的场景或承载区域。,screened
交通工具,交通工具 / 交通,28,keep,"[""交通环境"", ""道路交通"", ""公共出行""]",交通工具在交通环境中的使用场景，包括道路、车站、公共交通设施等,交通工具类别包含稳定且广泛的交通场景来源，如道路、车站、交通设施等，具有明确的承载和使用环境。,screened
交通工具,交通工具 / 交通拥堵,20,hold,[],交通工具 / 交通拥堵,分类名称模糊，无法确定具体场景或稳定来源，缺乏明确的场景或承载区域定义。,screened
交通工具,交通工具 / 代步车,16,keep,"[""道路交通环境"", ""城市街道"", ""公共场所""]",代步车在道路和公共空间中的使用场景,代步车常见于道路交通环境和公共场所，具有稳定的场景来源和可编辑的承载面,screened
交通工具,交通工具 / 停车收费,20,reject,[],停车收费相关场景,停车收费主要为抽象符号或文字标识，缺乏稳定、可编辑的场景或承载区域来源,screened
交通工具,交通工具 / 健身长凳,20,hold,[],交通工具 / 健身长凳,仅凭分类名称无法确定是否存在稳定有用的场景或承载区域来源,screened
交通工具,交通工具 / 储值卡,23,reject,[],交通工具 / 储值卡,该分类主要为抽象符号或纯文字，缺乏稳定有用的场景或承载区域来源。,screened
交通工具,交通工具 / 全地形车,23,keep,"[""自然环境"", ""地形道路"", ""野外作业""]",全地形车在各种地形和道路环境中的使用场景,全地形车可在多种复杂地形中行驶，具备稳定且广泛的场景来源,screened
交通工具,交通工具 / 公交车,27,keep,"[""公共交通环境"", ""城市道路"", ""交通站点""]",公交车在城市道路和交通站点中的运行及停靠场景,公交车作为常见交通工具，具有稳定的运行场景和承载环境，能提供丰富的交通环境来源,screened
交通工具,交通工具 / 公交车内部,19,keep,"[""公共交通环境"", ""室内空间"", ""工作场所""]",公交车内部的乘客场景、驾驶区域、座椅布局及车内设施,公交车内部具有稳定且丰富的场景来源，包含乘客、驾驶操作、车内设施等可编辑环境结构,screened
交通工具,交通工具 / 公交车窗户,20,keep,"[""公共交通环境"", ""室内空间"", ""车辆外部""]",公交车窗户在公共交通环境中的稳定出现场景，包括车辆外部和车内视角,公交车窗户是公共交通环境中的稳定组成部分，提供明确的场景和承载面来源,screened
交通工具,交通工具 / 公交车站室内,20,keep,"[""公交车站室内"", ""公共空间"", ""交通环境""]",公交车站室内的场景和设施,公交车站室内包含稳定且常见的场景来源，如站台、售票处、候车区等，具有明确的承载面和可编辑环境结构。,screened
交通工具,交通工具 / 公共服务车辆 / 工程抢险车,20,keep,"[""交通环境"", ""工作场所"", ""应急现场""]",工程抢险车在交通、应急和工作场景中的出现,工程抢险车常见于交通环境、工作场所和应急现场，具有稳定且多样的场景来源,screened
交通工具,交通工具 / 公共服务车辆 / 救护车,19,keep,"[""医疗场景"", ""道路环境"", ""应急场所""]",救护车在道路、医院或应急现场的使用场景,救护车常见于医疗急救场景和道路环境中，具有稳定且可编辑的承载面和空间来源,screened
交通工具,交通工具 / 公共服务车辆 / 洒水车,20,keep,"[""交通环境"", ""城市道路""]",洒水车在城市道路及公共区域作业的场景,洒水车常见于城市道路和交通环境中，提供稳定的场景和承载面，适用于公共空间的环境类图片召回,screened
交通工具,交通工具 / 公共服务车辆 / 消防车,20,keep,"[""交通环境"", ""公共设施"", ""应急场景""]",消防车在城市道路、消防站、应急响应场景中的出现,消防车在多种公共场景中具有稳定且可编辑的承载环境，如道路、街道、消防站等，能提供明确的场景来源。,screened
交通工具,交通工具 / 公共服务车辆 / 环卫车,15,keep,"[""城市道路"", ""公共区域"", ""环卫作业场景""]",环卫车在城市道路和公共区域执行清洁任务的场景,环卫车在城市道路和公共区域有稳定且持续的出现场景，提供明确的承载面和可编辑环境结构,screened
交通工具,交通工具 / 公共服务车辆 / 警车,16,keep,"[""交通环境"", ""公共空间""]",警车在道路、路口、执勤点等场景中的出现,警车常见于交通环境和公共空间，具有稳定且可编辑的场景来源,screened
交通工具,交通工具 / 公共服务车辆 / 运钞车,17,keep,"[""交通环境"", ""公共空间""]",运钞车在交通环境中出现的场景，如街道、银行周边、交通路口等,运钞车作为公共服务车辆，常出现在交通环境中，具有稳定的场景来源和承载面，可提供可编辑的环境结构。,screened
交通工具,交通工具 / 公共服务车辆 / 道路救援车,18,keep,"[""道路环境"", ""救援场景"", ""公共设施""]",道路救援车在道路及应急场景中的出现，提供稳定承载和可编辑环境,道路救援车在道路及应急场景中具有稳定且明确的来源，能提供可靠的场景和承载区域,screened
交通工具,交通工具 / 公共服务车辆 / 邮政车,16,keep,"[""交通环境"", ""公共服务场景""]",邮政车在城市道路、邮局站点、乡村道路等公共交通场景中的出现,邮政车常见于交通环境和公共服务场景，具有稳定且可编辑的承载面和使用场景,screened
交通工具,交通工具 / 公共运输 / 公交车,132,keep,"[""公共交通环境"", ""城市道路场景"", ""车站区域""]",公交车在城市道路、车站及公共交通环境中的运行和停靠场景,公交车作为公共运输工具，常出现在城市道路、车站等稳定且可编辑的场景中，具有明确的承载面和使用环境。,screened
交通工具,交通工具 / 公共运输 / 列车,114,keep,"[""交通环境"", ""车站场景"", ""城市轨道交通""]",列车在车站、轨道、线路等公共运输场景中的出现,列车作为公共运输工具，常见于车站、轨道和城市交通网络中，具有稳定且广泛的场景来源,screened
交通工具,交通工具 / 公共运输 / 区间车,18,keep,"[""公共交通环境"", ""城市道路场景"", ""交通站点区域""]",区间车在城市公共运输系统中的运行场景，包括道路、车站、公交线路等稳定环境,区间车作为公共运输工具，通常运行在明确的交通场景中，具有稳定且可编辑的承载与环境结构,screened
交通工具,交通工具 / 公共运输 / 双层巴士,20,keep,"[""公共交通"", ""城市道路"", ""交通环境""]",双层巴士在城市公共交通系统中的运行场景，包括车站、道路和行驶过程中的环境,双层巴士作为公共运输工具，常见于城市道路和公共交通场景，具有稳定且广泛的场景来源,screened
交通工具,交通工具 / 公共运输 / 往返运输工具,18,keep,"[""公共交通环境"", ""城市交通场景"", ""道路运输场景""]",包含公交车、地铁、出租车等往返运输工具在运行或停靠时的公共运输场景,公共运输工具在城市道路、车站、公交线路等场景中具有稳定且广泛的来源，能提供丰富的可编辑环境结构,screened
交通工具,交通工具 / 公共运输 / 快速公交,20,keep,"[""交通环境"", ""城市道路"", ""公共交通""]",快速公交在城市交通中的运行场景，包括站台、道路、轨道等环境,快速公交作为公共运输工具，具有稳定的交通环境来源，涵盖城市道路和公共交通场景,screened
交通工具,交通工具 / 公共运输 / 旅游巴士,19,keep,"[""公共交通"", ""旅游场景"", ""道路环境""]",旅游巴士在公共运输系统中的运行场景，包括道路、车站、旅游线路等环境,旅游巴士作为公共运输工具，常出现在道路、旅游线路和交通枢纽等稳定场景中，具有明确的承载和运行环境,screened
交通工具,交通工具 / 公共运输 / 水上巴士,20,keep,"[""水上环境"", ""公共运输场景"", ""交通水域""]",水上巴士在水域中的运行场景，包括码头、航道、河流、湖泊等公共运输环境,水上巴士作为公共运输工具，常出现在水域环境中，具有稳定且可编辑的场景来源,screened
交通工具,交通工具 / 军用交通载具 / 侦察机,18,keep,"[""军事场景"", ""空中环境"", ""作战区域""]",侦察机在军事行动中的空中作业场景,侦察机作为军用交通载具，常出现在军事场景和空中环境中，具有稳定且明确的场景来源。,screened
交通工具,交通工具 / 军用交通载具 / 军用卡车,20,keep,"[""军事基地"", ""战场环境"", ""野外作业场景""]",军用卡车在军事基地、战场或野外作业中的使用场景,军用卡车常见于军事基地、战场和野外作业场景，具有稳定的场景和承载功能,screened
交通工具,交通工具 / 军用交通载具 / 军用直升机,20,keep,"[""军事基地"", ""作战环境"", ""空中作业""]",军用直升机在军事基地、作战环境和空中作业中的使用场景,军用直升机常见于军事基地和作战环境中，具有稳定的场景和承载功能，能提供明确的可编辑环境结构。,screened
交通工具,交通工具 / 军用交通载具 / 军舰,161,keep,"[""海上环境"", ""军事基地"", ""港口区域""]",军舰在海洋、港口及军事设施中的使用场景,军舰作为海上交通工具，具有稳定的海洋和军事场景来源，能提供丰富的承载与环境结构信息,screened
交通工具,交通工具 / 军用交通载具 / 加油机,19,reject,[],加油机作为军用交通载具的附属设施,加油机属于功能性设备，缺乏稳定、可编辑的场景或承载环境来源，主要为抽象符号或孤立小物特写，不符合有实际场景支持的环境类分类标准,screened
交通工具,交通工具 / 军用交通载具 / 坦克,19,keep,"[""军事战场"", ""作战环境"", ""野外地形""]",军事场景中的坦克及其作战环境,坦克常见于军事战场和作战环境中，具有稳定的场景和承载面，能提供明确的可编辑环境结构。,screened
交通工具,交通工具 / 军用交通载具 / 战斗机,32,keep,"[""军事基地"", ""战场环境"", ""空中作战场景""]",战斗机在军事基地、战场或空中作战场景中的出现,战斗机通常出现在军事基地、战场或空中作战场景中，具有稳定且明确的场景来源,screened
交通工具,交通工具 / 军用交通载具 / 潜艇,35,keep,"[""水下环境"", ""海军基地"", ""海洋交通""]",潜艇作为水下军事交通工具，常见于海洋和海军活动场景,潜艇属于稳定存在的水下军事载具，具有明确的水下运行场景和承载环境,screened
交通工具,交通工具 / 军用交通载具 / 装甲车,19,keep,"[""军事基地"", ""战场环境"", ""野外作战场景""]",军用装甲车在军事基地、战场或野外作战场景中的出现,装甲车在军事场景中具有稳定且明确的承载和使用环境，能提供可靠的可编辑空间和场景来源,screened
交通工具,交通工具 / 军用交通载具 / 预警机,18,keep,"[""军事基地"", ""空中作战环境"", ""预警与指挥场景""]",军用预警机在军事基地或空中作战环境中的部署与运行场景,预警机作为军用交通载具，通常出现在军事基地或空中作战环境中，具有稳定且明确的场景来源。,screened
交通工具,交通工具 / 军用车 / 半履带车,16,keep,"[""军事训练场"", ""战场环境"", ""野外作业场景""]",军用车辆在军事或野外作业中的使用场景,半履带车常见于军事训练和野外作业场景，具有稳定的承载和使用环境,screened
交通工具,交通工具 / 军用车 / 悍马军车,13,keep,"[""军事场景"", ""野外作业环境"", ""作战区域""]",军用车辆在军事或野外作业中的使用场景,悍马军车常见于军事场景和野外作业环境，具有稳定的场景来源和承载功能。,screened
交通工具,交通工具 / 军用车 / 步兵战车,13,keep,"[""军事战场"", ""作战环境"", ""野外地形""]",军用车辆在战场或野外环境中的使用场景,步兵战车通常出现在军事战场或野外作战环境中，具有稳定的场景和承载面，适合作为可编辑环境结构的来源,screened
交通工具,交通工具 / 军用车 / 装甲运兵车,14,keep,"[""军事基地"", ""战场环境"", ""作战区域""]",军用车辆在军事部署和作战场景中的使用环境,装甲运兵车常见于军事基地和战场环境，具有稳定且明确的场景来源,screened
交通工具,交通工具 / 军用车 / 运兵工具,18,keep,"[""军事基地"", ""战场环境"", ""训练场地""]",军用车辆在军事或训练场景中的使用环境,军用车辆通常出现在军事基地、战场或训练场地等稳定场景中，具有明确的承载和使用环境,screened
交通工具,交通工具 / 划船训练机,23,hold,[],划船训练机作为交通工具的子类,分类名称不明确，无法确定是否存在稳定有用的场景或承载区域来源,screened
交通工具,交通工具 / 列车内部,10,keep,"[""室内环境"", ""列车内部"", ""交通环境""]",列车内部的各类设施、乘客场景及空间布局,列车内部具有稳定且丰富的场景来源，包含乘客活动、座椅、车厢结构等可编辑环境元素,screened
交通工具,交通工具 / 司机 / 公交车司机,22,hold,"[""公共交通环境""]",公交车司机在公共交通环境中的工作场景,分类中‘公交车司机’属于具体职业角色，缺乏稳定、通用的场景来源，无法确定其在不同环境中的普遍存在或可编辑性,screened
交通工具,交通工具 / 司机 / 汽车驾驶者,22,hold,[],交通工具 / 司机 / 汽车驾驶者,仅凭分类名称无法确定是否存在稳定有用的场景或承载区域来源。,screened
交通工具,交通工具 / 司机 / 竞速者,14,reject,[],交通工具 / 司机 / 竞速者,该分类主要涉及抽象符号、人物角色或品牌标志，缺乏稳定、可编辑的场景或承载环境来源。,screened
交通工具,交通工具 / 吊椅缆车 / 座椅式缆车,21,keep,"[""交通环境"", ""户外场所""]",座椅式缆车在山地或景区中的运行场景,吊椅缆车常见于山地旅游或景区，提供稳定的承载和运行环境，具有明确的交通与户外场景来源,screened
交通工具,交通工具 / 后方视野,23,hold,[],交通工具的后方视野,仅凭'后方视野'无法确定是否存在稳定有用的场景或承载区域来源,screened
交通工具,交通工具 / 商业街区,18,keep,"[""商业街区"", ""交通环境"", ""城市空间""]",交通工具在商业街区中的使用场景，如车辆停靠、行人通行、交通设施等,商业街区是交通工具常见且稳定的运行与停放环境，具有明确的场景来源和承载面,screened
交通工具,交通工具 / 商务人员,21,hold,[],交通工具 / 商务人员,仅凭分类名称无法确定具体场景或是否存在稳定有用的来源,screened
交通工具,交通工具 / 地效飞行器,21,hold,"[""空中飞行环境""]",地效飞行器在空中的运行场景,分类名称较新且缺乏明确的稳定场景来源，无法确定其是否包含可编辑的承载或环境结构。,screened
交通工具,交通工具 / 地铁列车,22,keep,"[""交通环境"", ""城市轨道交通""]",地铁列车在城市轨道交通系统中的运行场景,地铁列车属于稳定存在的交通环境载体，具有明确的运行场景和承载空间。,screened
交通工具,交通工具 / 地铁站站台,22,keep,"[""交通环境"", ""公共空间"", ""站台场景""]",地铁站站台作为公共交通节点，提供稳定承载和乘客活动的场景,地铁站站台具有稳定、持续的交通场景和公共使用环境，是典型且可编辑的承载区域,screened
交通工具,交通工具 / 垃圾堆积,20,reject,[],交通工具 / 垃圾堆积,该分类包含垃圾堆积，属于抽象符号或孤立小物特写，缺乏稳定有用的场景或承载区域来源。,screened
交通工具,交通工具 / 城市公交,14,keep,"[""城市交通环境"", ""公共交通场景""]",城市公交在道路、车站及公共交通网络中的运行和停靠场景,城市公交在固定路线和交通环境中具有稳定且广泛的场景来源，能提供丰富的承载面和可编辑环境结构,screened
交通工具,交通工具 / 多用途汽车,34,keep,"[""道路交通环境"", ""工作场所"", ""公共空间""]",多用途汽车在道路、停车场、城市道路等场景中的使用和停放环境,多用途汽车常见于道路交通环境和公共空间，具有稳定的场景来源和可编辑的承载面,screened
交通工具,交通工具 / 大理石雕塑,21,reject,[],交通工具 / 大理石雕塑,该分类主要为抽象符号或孤立小物特写，缺乏稳定有用的场景或承载区域来源。,screened
交通工具,交通工具 / 奥迪,17,reject,[],奥迪作为品牌标志或孤立小物特写,奥迪属于品牌标志或孤立小物特写，缺乏稳定有用的场景或承载区域来源,screened
交通工具,交通工具 / 学习卡片,19,reject,[],交通工具 / 学习卡片,学习卡片属于抽象符号或纯文字，缺乏稳定有用的场景或承载区域来源,screened
交通工具,交通工具 / 宇宙飞船 / 太空舱,22,keep,"[""太空环境"", ""轨道空间"", ""宇宙航行""]",宇宙飞船和太空舱在太空或轨道环境中的应用场景,太空舱作为交通工具在太空环境中具有稳定且明确的来源和承载场景,screened
交通工具,交通工具 / 室外机库,20,keep,"[""室外环境"", ""停车区域"", ""机库空间""]",交通工具在室外机库中的存放场景,室外机库提供稳定的承载和存放环境，适用于多种交通工具的存放场景,screened
交通工具,交通工具 / 家居装饰,18,hold,[],交通工具 / 家居装饰,无法确定该分类是否包含稳定有用的场景或承载区域来源,screened
交通工具,交通工具 / 工程车,13,keep,"[""工作场所"", ""施工环境"", ""交通道路""]",工程车在工作场所和施工环境中的使用场景,工程车常见于施工和工作场所，具有稳定的场景来源和承载环境,screened
交通工具,交通工具 / 废弃物品 / 带罩沙发,23,reject,[],该类别无稳定有用的场景或承载区域来源,'带罩沙发'属于家居家具，与'交通工具'无稳定关联，且无明确的场景或承载环境支持,screened
交通工具,交通工具 / 废弃物品 / 担架,20,reject,[],废弃物品/担架,担架属于孤立小物特写，缺乏稳定有用的场景或承载区域来源,screened
交通工具,交通工具 / 废弃状态,25,keep,"[""废弃场所"", ""城市角落"", ""交通设施废墟""]",废弃的交通工具在各类环境中的存在场景,废弃交通工具常出现在城市角落、交通设施废墟等稳定场景中，具有明确的承载和环境来源,screened
交通工具,交通工具 / 徽章标识,21,reject,[],交通工具 / 徽章标识,徽章标识通常为抽象符号或品牌标志，缺乏稳定有用的场景或承载区域来源。,screened
交通工具,交通工具 / 怀抱婴儿,24,reject,[],交通工具 / 怀抱婴儿,该分类属于抽象符号或特定情境下的孤立小物特写，缺乏稳定、通用的场景或承载区域来源。,screened
交通工具,交通工具 / 怪物卡车,18,hold,"[""交通环境""]",怪物卡车作为交通工具可能出现在特定场景中，但其存在缺乏稳定、普遍的场景来源,怪物卡车属于虚构或特殊设计的交通工具，缺乏稳定、普遍的场景来源，无法确定其在真实或常见环境中的可编辑承载区域,screened
交通工具,交通工具 / 悬浮滑板,38,hold,[],交通工具 / 悬浮滑板,仅凭分类名称无法确定是否存在稳定有用的场景或承载区域来源,screened
交通工具,交通工具 / 投掷物体,23,reject,[],交通工具 / 投掷物体,该分类主要涉及抽象符号或孤立小物特写，缺乏稳定有用的场景或承载区域来源。,screened
交通工具,交通工具 / 投递邮件,21,hold,[],交通工具 / 投递邮件,仅凭分类名称无法确定是否存在稳定有用的场景或承载区域来源,screened
交通工具,交通工具 / 拖车 / 半挂牵引车,24,keep,"[""道路交通环境"", ""运输场景""]",拖车和半挂牵引车在道路运输中的使用场景,半挂牵引车作为交通工具在道路交通环境中具有稳定且常见的使用场景，能提供明确的承载和运行环境,screened
交通工具,交通工具 / 推手推车,18,keep,"[""室内场景"", ""公共场所""]",推手推车在室内或公共场所的使用场景,推手推车常见于室内和公共场所，具有稳定的使用场景和承载区域,screened
交通工具,交通工具 / 推汽车,21,keep,"[""交通环境"", ""家庭场景""]",推汽车的使用场景，包括家庭院落、小区道路、停车场等常见环境,推汽车常见于家庭或社区环境，具有稳定且可编辑的承载面和场景来源,screened
交通工具,交通工具 / 携带方式,21,hold,[],交通工具的携带方式,仅凭分类名称无法确定是否存在稳定有用的场景或承载区域来源,screened
交通工具,交通工具 / 摩托车,15,keep,"[""交通环境"", ""道路场景""]",摩托车在道路、交通场景中的使用和停放环境,摩托车常见于交通道路和道路场景中，具有稳定的场景来源和可编辑环境结构,screened
交通工具,交通工具 / 旅行拖车,13,keep,"[""户外场地"", ""野外环境"", ""停车区域""]",旅行拖车在户外或野外的使用场景，如露营、公路旅行等,旅行拖车常见于户外和野外环境，具有稳定的场景来源和可编辑的承载面,screened
交通工具,交通工具 / 无人飞行器,21,keep,"[""空中交通环境"", ""城市空域"", ""飞行作业场景""]",无人飞行器在空中的运行与作业场景,无人飞行器常见于空中交通环境，具有稳定的飞行和作业场景来源,screened
交通工具,交通工具 / 普通列车,23,keep,"[""交通环境"", ""铁路场景""]",普通列车在铁路线路上运行的场景，包括车站、轨道、隧道等环境,列车作为交通工具，其运行场景具有稳定且广泛的交通环境来源，能提供可靠的承载与可编辑空间,screened
交通工具,交通工具 / 更换机油,21,reject,[],更换机油的场景,更换机油通常涉及具体维修操作，缺乏稳定、通用的场景或承载环境来源，属于抽象符号或特定操作行为，不符合环境类场景的判断标准。,screened
交通工具,交通工具 / 更换车轮,21,hold,[],交通工具 / 更换车轮,仅凭分类名称无法确定是否存在稳定有用的场景或承载区域来源,screened
交通工具,交通工具 / 木工制品 / 橱柜制品,25,reject,[],交通工具,该分类包含木工制品和橱柜制品，属于抽象符号或孤立小物特写，缺乏稳定有用的场景或承载区域来源。,screened
交通工具,交通工具 / 机动车,44,keep,"[""道路交通环境"", ""城市道路"", ""停车场""]",机动车在道路、停车场等交通场景中的使用和停放环境,机动车常见于道路交通环境和停车场，具有稳定且广泛的场景来源,screened
交通工具,交通工具 / 板球器材,28,reject,[],板球器材相关场景,板球器材属于特定运动设备，缺乏稳定、通用的交通工具场景来源，且与交通工具无直接关联,screened
交通工具,交通工具 / 武术人物,24,reject,[],交通工具,武术人物属于抽象符号或孤立小物特写，缺乏稳定有用的场景或承载区域来源。,screened
交通工具,交通工具 / 水上交通工具 / 充气艇,18,keep,"[""水上环境"", ""休闲娱乐场景"", ""水域交通""]",充气艇在水域中的使用场景，如湖泊、河流、海滩等,充气艇作为水上交通工具，常见于水域环境，提供稳定的承载和移动功能，具有明确的场景来源。,screened
交通工具,交通工具 / 水上交通工具 / 光船,21,reject,[],光船作为水上交通工具的抽象符号或纯文字表示,光船通常指无载货或无乘客的船只，属于抽象符号或纯文字描述，缺乏稳定、可编辑的场景或承载区域来源,screened
交通工具,交通工具 / 水上交通工具 / 划艇,20,keep,"[""水上环境"", ""水面活动""]",划艇出现在水面或水域环境中的场景，如湖泊、河流、海洋等,划艇作为水上交通工具，通常出现在稳定水面环境中，提供明确的场景和承载面来源,screened
交通工具,交通工具 / 水上交通工具 / 大型帆船,247,keep,"[""水上环境"", ""海洋场景"", ""航行场景""]",大型帆船在海洋或水域中的航行场景,大型帆船常见于海洋或水域环境中，提供稳定且可编辑的水上承载面和场景来源,screened
交通工具,交通工具 / 水上交通工具 / 天鹅船,18,hold,[],天鹅船作为水上交通工具的特定形态,分类名称具体但缺乏稳定、可复现的场景来源，无法确定其在实际环境中的常见承载或使用场景,screened
交通工具,交通工具 / 水上交通工具 / 客船,70,keep,"[""水上环境"", ""港口区域"", ""航行场景""]",客船在水域中的运行及停靠场景,客船常见于水域和港口，提供稳定且可编辑的水上场景来源,screened
交通工具,交通工具 / 水上交通工具 / 小船,600,keep,"[""水上环境"", ""水面交通""]",小船出现在河流、湖泊、海洋等水体中的场景,小船作为水上交通工具，常见于多种水面环境，提供稳定且可编辑的承载面和场景来源,screened
交通工具,交通工具 / 水上交通工具 / 巡逻舰,20,keep,"[""水域环境"", ""交通环境"", ""海上场景""]",巡逻舰在水域中的运行和作业场景,巡逻舰作为水上交通工具，通常出现在水域环境中，具有稳定的场景和承载面，可提供有效的可编辑环境结构。,screened
交通工具,交通工具 / 水上交通工具 / 帆船,69,keep,"[""水上环境"", ""航行场景"", ""海洋空间""]",帆船出现在海洋、湖泊等水域中的航行场景,帆船作为水上交通工具，具有稳定的水上航行场景来源，可提供丰富的承载面和环境结构,screened
交通工具,交通工具 / 水上交通工具 / 快艇,20,keep,"[""水上环境"", ""水域交通""]",快艇在水域中的行驶场景及相关环境,快艇作为水上交通工具，常见于水域环境中，提供稳定且可编辑的承载和运动场景,screened
交通工具,交通工具 / 水上交通工具 / 拖船,21,keep,"[""水上环境"", ""航道场景"", ""港口区域""]",拖船在水域中的运行和作业场景,拖船常见于水域和航道中，具有稳定的水上作业场景来源,screened
交通工具,交通工具 / 水上交通工具 / 摩托艇,19,keep,"[""水上环境"", ""水域交通""]",摩托艇在水域中的使用场景，如湖泊、河流、海洋等,摩托艇常见于水上环境，提供稳定且可编辑的承载面和场景来源,screened
交通工具,交通工具 / 水上交通工具 / 气垫船,20,keep,"[""水上环境"", ""交通场景"", ""开放水域""]",气垫船在水面或水域环境中的运行场景,气垫船作为水上交通工具，具有稳定的水面运行场景和承载环境，可提供有效的可编辑空间和场景来源,screened
交通工具,交通工具 / 水上交通工具 / 水上运动载具,20,keep,"[""水上环境"", ""水域活动"", ""运动载具场景""]",水上运动载具在水域中的使用场景，如湖泊、河流、海洋等环境下的运动活动,水上运动载具通常出现在稳定水域环境中，提供明确的场景和承载面，具有稳定的来源和可编辑性,screened
交通工具,交通工具 / 水上交通工具 / 渔船,14,keep,"[""水域环境"", ""渔业场景"", ""海上作业""]",渔船主要出现在水域环境，用于渔业捕捞和海上作业，提供稳定承载和可编辑空间,渔船在水域中具有稳定且常见的场景来源，能提供明确的承载面和可编辑环境结构,screened
交通工具,交通工具 / 水上交通工具 / 渡船,34,keep,"[""水上环境"", ""交通场景"", ""港口区域""]",渡船在水域中的运行场景及停靠环境,渡船作为水上交通工具，常见于河流、湖泊、港口等稳定水域场景，提供明确的承载和使用环境,screened
交通工具,交通工具 / 水上交通工具 / 渡轮,12,keep,"[""水上交通环境"", ""港口区域"", ""河流/湖泊场景""]",渡轮在水域中的运行场景及停靠环境,渡轮作为水上交通工具，通常出现在港口、河流或湖泊等稳定水域场景中，具有明确的承载和运行环境,screened
交通工具,交通工具 / 水上交通工具 / 游艇,16,keep,"[""水上环境"", ""休闲娱乐场景"", ""水域交通""]",游艇出现在水域中，常用于休闲、旅游或运输场景，提供稳定承载和可编辑环境,游艇作为水上交通工具，通常出现在水域环境中，具有稳定的承载面和可编辑的使用场景，符合多种实际应用场景。,screened
交通工具,交通工具 / 水上交通工具 / 潜水器,19,keep,"[""水下环境"", ""海洋环境""]",潜水器在水下作业或航行的场景,潜水器作为水上交通工具，常出现在水下环境和海洋场景中，具有稳定且可编辑的承载与操作空间。,screened
交通工具,交通工具 / 水上交通工具 / 皮划艇,18,keep,"[""水上环境"", ""自然水域"", ""休闲活动""]",皮划艇在湖泊、河流、海洋等水体中的使用场景,皮划艇常见于自然水域，提供稳定的水上承载和可编辑环境，适用于多种水上活动场景,screened
交通工具,交通工具 / 水上交通工具 / 破冰船,21,keep,"[""水域环境"", ""极地环境"", ""海上交通""]",破冰船在冰封水域中作业的场景,破冰船在极地或冰封海域中稳定运行，提供明确的水上交通和承载环境,screened
交通工具,交通工具 / 水上交通工具 / 船,398,keep,"[""水上环境"", ""港口区域"", ""航行场景""]",各类船只在水上的运行和停靠场景,船作为水上交通工具，具有稳定的水上场景来源，涵盖航行、停靠和港口环境等实际使用场景,screened
交通工具,交通工具 / 水上交通工具 / 货船,86,keep,"[""水上环境"", ""港口区域"", ""运输场景""]",货船在水域中的运行及停靠场景,货船作为水上交通工具，常出现在港口、航道等稳定水域场景中，提供明确的承载和运输环境,screened
交通工具,交通工具 / 水上交通工具 / 驳船,27,keep,"[""水上环境"", ""港口区域"", ""交通运输""]",驳船在水域及港口中的使用场景,驳船常见于水上运输和港口作业，具有稳定的水上场景来源,screened
交通工具,交通工具 / 汽车内部场景,20,keep,"[""车内环境"", ""室内空间"", ""驾驶场景""]",汽车内部的各种场景，如驾驶座、乘客区、仪表盘、中控台等,汽车内部场景包含稳定且常见的承载面和可编辑环境，如座椅、方向盘、控制面板等，具有明确的使用场景和可编辑性,screened
交通工具,交通工具 / 汽车内部装饰,18,keep,"[""车内环境"", ""室内空间"", ""交通工具内部""]",汽车内部的装饰元素和布局,汽车内部装饰通常存在于稳定且可编辑的车内场景中，提供明确的承载和视觉结构,screened
交通工具,交通工具 / 汽车制造,18,reject,[],汽车制造相关场景,该分类主要涉及抽象制造过程和品牌标志，缺乏稳定、可用的场景或承载环境来源。,screened
交通工具,交通工具 / 汽车型号,16,reject,[],汽车型号,仅提供抽象符号或孤立小物特写，缺乏稳定有用的场景或承载区域来源,screened
交通工具,交通工具 / 汽车换挡,27,reject,[],汽车换挡,仅涉及抽象操作符号，无稳定有用的场景或承载区域来源,screened
交通工具,交通工具 / 汽车模型,25,reject,[],汽车模型,仅提供抽象符号或孤立小物特写，缺乏稳定有用的场景或承载区域来源,screened
交通工具,交通工具 / 汽车比赛,19,keep,"[""交通环境"", ""赛事场景""]",汽车比赛相关的交通场景和赛事环境,汽车比赛通常发生在明确的交通环境中，如赛道、公路或赛事场地，具有稳定且可编辑的场景来源。,screened
交通工具,交通工具 / 汽车零件,18,hold,"[""汽车部件""]",汽车零件在汽车中的应用场景,分类名称未明确具体场景或承载环境，无法确定是否存在稳定有用的来源,screened
交通工具,交通工具 / 油轮,21,keep,"[""海洋环境"", ""港口区域"", ""海上交通""]",油轮作为海上交通工具，常出现在海洋、港口及海上运输场景中,油轮是稳定的海上交通工具，具有明确的海洋和港口场景来源,screened
交通工具,交通工具 / 海港,18,keep,"[""海港环境"", ""交通场景"", ""港口作业""]",海港相关的交通工具及其周围环境,海港场景包含稳定且丰富的交通来源和承载环境，适合召回相关图片,screened
交通工具,交通工具 / 海难 / 倾覆,23,reject,[],海难及倾覆场景中的交通工具,该分类主要描述抽象事故状态，缺乏稳定、可用的场景或承载环境来源，属于纯事件描述而非可编辑环境。,screened
交通工具,交通工具 / 滚装船,22,keep,"[""水上交通环境"", ""港口区域"", ""海洋运输场景""]",滚装船作为水上交通工具，常出现在港口、航道和海洋运输场景中，提供稳定的承载和运输环境,滚装船属于稳定存在的水上运输工具，常出现在港口和海洋运输场景中，具有明确的承载和使用环境,screened
交通工具,交通工具 / 火车内部,35,keep,"[""室内环境"", ""交通环境"", ""工作场所""]",火车内部的各类设施、乘客场景及空间布局,火车内部包含稳定且多样化的场景和承载区域，如座椅、车厢通道、控制台等，适用于多种可编辑环境。,screened
交通工具,交通工具 / 火车窗口,22,hold,[],交通工具 / 火车窗口,分类名称具体但缺乏明确的稳定场景或承载环境来源，无法确定其是否包含可编辑的环境结构。,screened
交通工具,交通工具 / 火车车厢,23,keep,"[""铁路环境"", ""室内车厢"", ""交通出行""]",火车车厢作为交通工具的组成部分，常见于铁路运输场景中，包含乘客空间、运行环境及车站相关区域,火车车厢具有稳定且广泛的场景来源，涵盖铁路运行、车站环境及乘客活动空间，能提供可靠的承载与编辑环境。,screened
交通工具,交通工具 / 火车轨道,22,keep,"[""交通环境"", ""铁路系统""]",火车轨道作为交通基础设施，常见于铁路沿线、车站及运输网络中,火车轨道是稳定存在的交通场景，具有明确的承载和运行环境，适用于多种交通场景的可视化表达,screened
交通工具,交通工具 / 特种工程车辆 / 农业车辆,22,keep,"[""农业作业场景"", ""农村地形环境"", ""农田作业空间""]",农业车辆在农田、农场等农业作业场景中的使用环境,农业车辆常见于农田、农场等特定农业作业场景，具有稳定且可编辑的承载面和使用环境,screened
交通工具,交通工具 / 特种工程车辆 / 压路机,22,keep,"[""施工场地"", ""道路工程"", ""建设现场""]",压路机在道路或建筑工地中的作业场景,压路机常用于道路施工和工程场地，具有稳定的作业环境和承载面，能提供明确的场景来源,screened
交通工具,交通工具 / 特种工程车辆 / 挖掘机,22,keep,"[""施工场地"", ""建筑工地"", ""户外作业环境""]",挖掘机在施工或建筑工地等特定场景中作为作业设备出现，提供稳定的工作环境和承载面,挖掘机在施工场地中具有稳定且反复出现的使用场景，能提供明确的承载和操作环境,screened
交通工具,交通工具 / 特种工程车辆 / 推土机,24,keep,"[""施工场地"", ""建筑工地"", ""地形改造环境""]",推土机在施工或工程作业中的使用场景,推土机常见于施工场地和建筑工地，提供稳定的工作环境和承载面，具有明确的场景来源,screened
交通工具,交通工具 / 特种工程车辆 / 摊铺机,22,keep,"[""施工场地"", ""道路作业环境"", ""工程现场""]",摊铺机在施工场地和道路作业环境中作为工程车辆使用，提供稳定的工作平台和承载面,摊铺机在工程作业中具有明确的稳定应用场景，常出现在施工场地和道路作业环境中，能提供可靠的承载与操作空间,screened
交通工具,交通工具 / 特种工程车辆 / 收割机,23,keep,"[""农田场景"", ""农业作业环境""]",收割机在农田中作业的场景,收割机常见于农田场景，提供稳定且可编辑的作业环境,screened
交通工具,交通工具 / 特种工程车辆 / 混凝土车,22,keep,"[""施工场地"", ""建筑工地"", ""道路运输""]",混凝土车在施工场地或道路运输中作为工程车辆出现，提供稳定承载和作业环境,混凝土车在建筑工地和道路运输中具有稳定且常见的使用场景，能提供明确的承载和作业环境,screened
交通工具,交通工具 / 特种工程车辆 / 清障车,22,keep,"[""道路环境"", ""交通事故现场"", ""工程作业区域""]",清障车在道路及作业场景中的出现场景,清障车常出现在道路环境和交通事故现场，具有稳定的场景来源和承载区域,screened
交通工具,交通工具 / 特种工程车辆 / 矿用车,24,keep,"[""矿山环境"", ""地下作业场景"", ""工程作业现场""]",矿用车在矿山或地下工程作业中的使用场景,矿用车常见于矿山和工程作业现场，具有稳定的场景和承载环境，能提供有效的可编辑区域。,screened
交通工具,交通工具 / 特种工程车辆 / 装载机,24,keep,"[""工地现场"", ""施工环境"", ""装载作业场景""]",装载机在工地或施工场地中的作业场景,装载机常见于工地现场，具有稳定的作业环境和承载功能，能提供明确的场景来源。,screened
交通工具,交通工具 / 特种工程车辆 / 起重车,25,keep,"[""工地现场"", ""建筑工地"", ""作业环境""]",起重车在建筑或工程作业中的使用场景,起重车常见于工地现场，提供稳定承载和作业环境，具有明确且稳定的场景来源,screened
交通工具,交通工具 / 电动踏板车,24,keep,"[""交通环境"", ""城市道路"", ""公共出行""]",电动踏板车在城市道路和公共出行场景中的使用环境,电动踏板车常见于城市道路和交通环境中，提供稳定且可编辑的承载面和使用场景,screened
交通工具,交通工具 / 电车 / 手推车,23,keep,"[""交通环境"", ""工作场所"", ""庭院园林""]",电车和手推车在交通、工作及庭院等场景中的使用环境,手推车和电车在多种场景中提供稳定承载和移动功能，具有明确的实用场景来源,screened
交通工具,交通工具 / 畜力与传统载具 / 牛车,21,keep,"[""农村道路"", ""农田运输"", ""传统村落""]",牛车在农村或传统村落中用于运输的场景,牛车常见于农村道路和农田运输场景，具有稳定且广泛的实用来源,screened
交通工具,交通工具 / 畜力与传统载具 / 独轮车,21,keep,"[""交通环境"", ""户外场景""]",独轮车在道路、公园、乡村等开放空间中的使用场景,独轮车作为一种实际存在的交通工具，常见于交通环境和户外场景中，提供稳定且可编辑的承载与移动结构,screened
交通工具,交通工具 / 畜力与传统载具 / 轿子,23,keep,"[""传统交通场景"", ""农村或历史环境""]",轿子作为传统载具出现在农村、历史场景或传统交通环境中,轿子作为一种传统交通工具，常出现在农村或历史场景中，具有稳定的场景来源和承载环境,screened
交通工具,交通工具 / 畜力与传统载具 / 雪橇,66,keep,"[""雪地环境"", ""极地场景"", ""冬季交通""]",雪橇主要出现在雪地或寒冷地区，常用于运输或娱乐，具有明确的场景和承载环境,雪橇在雪地或极地环境中具有稳定且常见的使用场景，能提供清晰的承载和环境结构,screened
交通工具,交通工具 / 畜力与传统载具 / 马车,197,keep,"[""交通环境"", ""农村场景"", ""历史场景""]",马车出现在传统交通和农村场景中，提供稳定承载和移动环境,马车作为传统载具，常见于交通环境和农村场景，具有稳定且可编辑的承载面和使用场景,screened
交通工具,交通工具 / 畜力与传统载具 / 驴车,16,keep,"[""农村道路"", ""农田运输"", ""传统村落""]",驴车常见于农村和传统村落的运输场景，用于农田或乡村道路的载物,驴车在农村和传统村落中作为稳定运输工具存在，具有明确的场景和承载环境,screened
交通工具,交通工具 / 皮划艇,23,keep,"[""水面环境"", ""自然水域"", ""户外休闲""]",皮划艇在水面环境中的使用场景，如湖泊、河流、池塘等,皮划艇通常出现在水面环境中，提供稳定的承载和使用场景，具有明确的场景来源,screened
交通工具,交通工具 / 皮革工艺,27,hold,[],交通工具 / 皮革工艺,仅凭分类名称无法确定是否存在稳定有用的场景或承载区域来源,screened
交通工具,交通工具 / 看护 / 双手,19,hold,[],交通工具中的看护类双人操作场景,分类名称模糊，无法确定具体场景或稳定来源，缺乏明确的场景或承载环境支持,screened
交通工具,交通工具 / 睫毛膏化妆,18,reject,[],交通工具 / 睫毛膏化妆,该分类包含抽象符号和纯文字，无稳定有用的场景或承载区域来源。,screened
交通工具,交通工具 / 砌砖工艺,22,reject,[],交通工具,砌砖工艺属于建筑施工范畴，与交通工具无稳定场景关联，缺乏可用的承载或环境来源。,screened
交通工具,交通工具 / 碰碰车,21,keep,"[""游乐场"", ""儿童活动区"", ""室内娱乐空间""]",碰碰车常见于游乐场或儿童娱乐设施中，提供互动和移动场景,碰碰车通常出现在游乐场或儿童活动区，具有稳定的场景来源和可编辑的交互环境,screened
交通工具,交通工具 / 空中飞行器 / 公务机,19,keep,"[""空中飞行环境"", ""机场区域"", ""航空运输场景""]",公务机在飞行、起降及机场相关场景中的出现,公务机常出现在空中飞行和机场环境中，具有稳定且可编辑的场景来源,screened
交通工具,交通工具 / 空中飞行器 / 教练机,18,keep,"[""飞行环境"", ""机场区域"", ""空中交通""]",教练机在飞行、机场及空中交通场景中的出现,教练机常出现在飞行训练和机场环境中，具有稳定且可编辑的空中场景来源,screened
交通工具,交通工具 / 空中飞行器 / 无人机,23,keep,"[""空中环境"", ""户外场景"", ""作业场景""]",无人机在空中的飞行场景及作业环境,无人机常见于空中飞行场景，具有稳定的空中承载和操作环境，可提供丰富的可编辑空间。,screened
交通工具,交通工具 / 空中飞行器 / 民航客机,53,keep,"[""机场环境"", ""空中交通"", ""航空运输""]",民航客机在机场、空中飞行过程及航空运输场景中的出现,民航客机在机场和空中飞行中具有稳定且广泛的场景来源，涵盖起降、巡航等典型环境。,screened
交通工具,交通工具 / 空中飞行器 / 滑翔机,17,keep,"[""空中环境"", ""飞行场景"", ""交通空域""]",滑翔机在空中的飞行场景及相关空域环境,滑翔机作为空中飞行器，其飞行场景具有稳定且可重复的来源，如空中飞行、空域活动等，属于典型的可编辑环境结构。,screened
交通工具,交通工具 / 空中飞行器 / 热气球,17,keep,"[""空中环境"", ""户外场景"", ""休闲活动""]",热气球主要出现在空中飞行场景中，常用于观光或庆典活动，具有稳定的空中承载和可编辑环境结构,热气球在空中飞行时提供明确的空中场景和承载面，适用于多种户外活动场景，具有稳定且可编辑的环境结构,screened
交通工具,交通工具 / 空中飞行器 / 直升机,23,keep,"[""空中交通环境"", ""机场区域"", ""城市上空""]",直升机在空中飞行、机场起降、空中作业等场景,直升机常出现在空中交通和机场环境中，提供稳定且可编辑的空中场景来源,screened
交通工具,交通工具 / 空中飞行器 / 轻型飞机,21,keep,"[""空中交通环境"", ""机场区域"", ""飞行场景""]",轻型飞机在空中的飞行活动及相关场景,轻型飞机作为空中飞行器，其飞行场景具有稳定且可编辑的环境来源，如机场、空域和飞行路径等。,screened
交通工具,交通工具 / 空中飞行器 / 运输机,16,keep,"[""空中交通环境"", ""机场区域"", ""飞行场景""]",运输机在空中飞行及机场相关场景,运输机在空中飞行和机场环境具有稳定且广泛的场景来源，可提供有效的承载与编辑空间,screened
交通工具,交通工具 / 空中飞行器 / 飞艇,16,keep,"[""空中环境"", ""飞行场景"", ""交通网络""]",飞艇作为空中飞行器，常出现在空中交通、气象观测或特殊活动场景中，提供稳定承载和移动平台,飞艇在空中飞行器中具有稳定且可重复出现的空中场景来源，可作为承载或移动平台提供有效视觉环境,screened
交通工具,交通工具 / 纸牌塔,18,reject,[],交通工具,纸牌塔是抽象符号，不提供稳定有用的场景或承载区域来源,screened
交通工具,交通工具 / 给汽车吸尘,19,reject,[],该分类无稳定有用的场景或承载区域来源,给汽车吸尘属于具体操作行为，缺乏稳定、普遍的场景或承载环境，无法作为通用场景类别召回,screened
交通工具,交通工具 / 翘轮动作,16,hold,[],交通工具 / 翘轮动作,仅凭分类名称无法确定具体场景或是否存在稳定有用的来源,screened
交通工具,交通工具 / 翻找废品,14,hold,[],交通工具 / 翻找废品,分类名称模糊，无法确定是否存在稳定有用的场景或承载区域来源,screened
交通工具,交通工具 / 肚脐部位,15,reject,[],交通工具,肚脐部位是人体部位，与交通工具无稳定场景或承载关系，属于抽象符号，不符合交通工具的场景来源,screened
交通工具,交通工具 / 自卸卡车,16,keep,"[""道路交通环境"", ""工地施工场景""]",自卸卡车在道路和工地中的使用场景,自卸卡车常见于道路交通和施工场地，具有稳定的场景和承载功能,screened
交通工具,交通工具 / 航天载具 / 卫星,18,keep,"[""太空环境"", ""轨道运行"", ""航天任务""]",卫星在太空中运行的场景，包括轨道、空间站对接、地球观测等稳定环境,卫星作为航天载具，具有明确且稳定的太空运行场景，提供可编辑的轨道和空间环境支撑,screened
交通工具,交通工具 / 航天载具 / 太空望远镜,27,keep,"[""太空环境"", ""天文观测场景""]",太空望远镜作为航天载具在轨道或深空中的运行与观测场景,太空望远镜运行于太空环境，提供稳定的天文观测场景，具有明确的承载面和可编辑空间,screened
交通工具,交通工具 / 航天载具 / 月球车,12,keep,"[""月球表面"", ""太空环境"", ""航天任务场景""]",月球车在月球表面的运行及航天任务中的应用场景,月球车作为航天载具，具有稳定且明确的月球表面运行场景，提供可编辑的承载与环境结构,screened
交通工具,交通工具 / 航天载具 / 火星车,12,keep,"[""火星表面"", ""太空探索环境"", ""行星探测场景""]",火星车在火星表面的运行与作业场景,火星车作为航天载具，其在火星表面的运行和作业提供了稳定且具有代表性的场景来源,screened
交通工具,交通工具 / 航天载具 / 空间站,15,keep,"[""空间环境"", ""轨道与轨道外环境"", ""太空场景""]",航天载具在空间站中的运行与驻留场景,空间站作为航天载具的稳定承载与运行环境，具有明确且持续的场景来源,screened
交通工具,交通工具 / 航天载具 / 航天飞机,14,keep,"[""太空环境"", ""航天发射场"", ""轨道运行空间""]",航天飞机在太空或地面发射场景中的运行与承载环境,航天飞机在太空和发射场环境中具有稳定且明确的场景来源，提供可编辑的承载与空间结构,screened
交通工具,交通工具 / 航天载具 / 行星探测器,43,keep,"[""太空环境"", ""行星探测场景""]",航天载具在行星探测任务中的应用场景,行星探测器在太空和行星表面具有稳定且明确的运行场景，属于可编辑的航天环境。,screened
交通工具,交通工具 / 航天载具 / 货运飞船,13,keep,"[""太空环境"", ""航天任务场景"", ""货运操作场景""]",航天载具在太空或轨道中的货运运输场景,货运飞船在太空环境中具有稳定且可编辑的承载和操作场景，符合航天任务中的实际使用场景,screened
交通工具,交通工具 / 航天载具 / 载人飞船,16,keep,"[""太空环境"", ""航天发射场"", ""轨道运行场景""]",载人飞船在太空或地面发射场景中的稳定存在环境,载人飞船在航天发射场和轨道运行中具有稳定且可编辑的场景来源，符合太空环境下的承载与操作需求,screened
交通工具,交通工具 / 航天载具 / 运载火箭,16,keep,"[""太空环境"", ""发射场"", ""轨道空间""]",运载火箭在发射、飞行及轨道运行过程中的场景,运载火箭具有明确的稳定场景来源，如发射场、太空环境和轨道运行，能提供可编辑的承载与空间结构,screened
交通工具,交通工具 / 航空器 / 固定翼飞机,15,keep,"[""空中交通环境"", ""机场区域"", ""飞行场景""]",固定翼飞机在空中的运行及机场相关场景,固定翼飞机具有稳定的空中运行场景和明确的机场承载环境，能提供丰富的可编辑空间和真实场景来源,screened
交通工具,交通工具 / 航空器 / 航空发动机,36,keep,"[""航空环境"", ""机场设施"", ""飞行场景""]",航空发动机在航空器中的应用场景，如机场、飞行中、维护场景等,航空发动机作为航空器的核心部件，常出现在飞行、机场维护和航空环境等稳定场景中，具有明确的承载和使用场景。,screened
交通工具,交通工具 / 航空器 / 货运飞机,37,keep,"[""航空运输环境"", ""机场区域"", ""空中交通场景""]",货运飞机在机场、空中运输及相关基础设施中的出现场景,货运飞机在机场和航空运输环境中具有稳定且可编辑的场景来源，能提供明确的承载面和空间结构。,screened
交通工具,交通工具 / 航空器 / 轻于空气航空器,17,keep,"[""空中环境"", ""飞行场景"", ""航空空间""]",轻于空气航空器在空中的运行和相关环境,轻于空气航空器如气球、飞艇等在空中具有稳定且可识别的运行场景，能提供明确的空中环境来源。,screened
交通工具,交通工具 / 航空器 / 重于空气航空器,171,keep,"[""空中交通环境"", ""机场区域"", ""飞行场景""]",重于空气航空器在空中的运行及相关场景,航空器在空中飞行具有稳定且广泛的场景来源，涵盖机场、飞行路径和空域等可编辑环境。,screened
交通工具,交通工具 / 航空器 / 隐形飞机,19,reject,[],隐形飞机,隐形飞机属于抽象符号或纯概念，缺乏稳定、可编辑的场景或承载区域来源。,screened
交通工具,交通工具 / 航空展,20,keep,"[""航空展现场"", ""展览空间"", ""公共交通环境""]",航空展相关的交通工具展示场景，包括飞机、无人机等在展览中的布置和环境,航空展提供稳定且丰富的交通工具展示场景，包含明确的承载面和可编辑环境结构,screened
交通工具,交通工具 / 航空线路,22,reject,[],航空线路,航空线路主要为抽象符号或文字标识，缺乏稳定、可编辑的场景或承载区域来源,screened
交通工具,交通工具 / 著名载具 / 著名列车,53,keep,"[""交通环境"", ""工作场所"", ""公共空间""]",著名列车在交通环境中的出现场景，如车站、轨道、城市交通网络等,著名列车作为交通工具在交通环境和公共空间中具有稳定且可编辑的场景来源,screened
交通工具,交通工具 / 著名载具 / 著名工程车辆,72,keep,"[""交通环境"", ""工作场所"", ""公共设施""]",著名工程车辆在交通或工程场景中的实际应用环境,著名工程车辆通常出现在交通或工程作业场景中，具有稳定的场景来源和承载环境,screened
交通工具,交通工具 / 著名载具 / 著名汽车,44,reject,[],著名汽车,仅包含抽象符号或品牌标志，缺乏稳定有用的场景或承载区域来源,screened
交通工具,交通工具 / 著名载具 / 著名潜水器,54,reject,[],著名潜水器,著名潜水器多为抽象符号或纯文字，缺乏稳定、可用的场景或承载区域来源。,screened
交通工具,交通工具 / 著名载具 / 著名航天器,147,keep,"[""太空环境"", ""航天发射场"", ""轨道运行场景""]",著名航天器在太空或地面发射场景中的出现,著名航天器通常出现在太空环境或航天发射场，具有稳定且可编辑的场景来源,screened
交通工具,交通工具 / 著名载具 / 著名船舰,159,keep,"[""海上环境"", ""港口场景"", ""航行场景""]",著名船舰在海洋、港口及航行中的实际场景,著名船舰通常出现在海上或港口等稳定场景中，具有明确的承载和环境来源,screened
交通工具,交通工具 / 著名载具 / 著名飞机,54,reject,[],著名飞机,著名飞机多为抽象符号或品牌标志，缺乏稳定、可用的场景或承载区域来源。,screened
交通工具,交通工具 / 著名载具 / 虚构载具,70,reject,[],虚构载具,虚构载具通常仅作为符号或抽象表现，缺乏稳定、可编辑的场景或承载环境来源。,screened
交通工具,交通工具 / 蒸汽火车,22,keep,"[""铁路环境"", ""交通场景"", ""工业历史场景""]",蒸汽火车出现的铁路运行环境及历史场景,蒸汽火车通常出现在铁路轨道、车站或工业历史场景中，具有稳定且可编辑的场景来源,screened
交通工具,交通工具 / 训练场,15,keep,"[""训练场"", ""工作场所"", ""交通环境""]",交通工具在训练场中的使用场景，包括车辆、设备的停放、操作和训练环境,训练场是交通工具稳定存在的典型场景，具有明确的承载和使用环境,screened
交通工具,交通工具 / 豪华汽车,19,keep,"[""道路环境"", ""城市交通"", ""高端场所""]",豪华汽车在道路、城市交通及高端场所中的使用场景,豪华汽车通常出现在道路环境和城市交通中，具有稳定的场景来源和承载面，适合召回其关联图片,screened
交通工具,交通工具 / 货物运输,13,keep,"[""交通环境"", ""运输场景"", ""货物承载""]",涉及货物运输的各类交通工具及其运行场景,货物运输类交通工具在交通环境中具有稳定且广泛的场景来源，如公路、铁路、港口等，能提供可靠的承载和运行背景。,screened
交通工具,交通工具 / 货运飞机,19,keep,"[""空中交通环境"", ""机场区域"", ""运输场景""]",货运飞机在空中的运行及机场相关场景,货运飞机具有稳定的空中交通场景和机场承载环境，能提供明确的可编辑空间和场景来源,screened
交通工具,交通工具 / 超越障碍训练场,17,hold,[],交通工具 / 超越障碍训练场,仅凭分类名称无法确定是否存在稳定有用的场景或承载区域来源,screened
交通工具,交通工具 / 车标,40,reject,[],车标,车标属于抽象符号和品牌标志，缺乏稳定有用的场景或承载区域来源,screened
交通工具,交通工具 / 车辆交易,18,reject,[],车辆交易相关场景,该分类主要涉及抽象交易行为，缺乏稳定、可用的场景或承载环境来源。,screened
交通工具,交通工具 / 车辆修复,20,keep,"[""维修车间"", ""工作场所"", ""交通设施""]",车辆修复相关的维修环境和工作场景,车辆修复通常发生在维修车间或工作场所，具有稳定且可编辑的承载和操作环境,screened
交通工具,交通工具 / 车辆加油,18,keep,"[""加油站点"", ""交通环境"", ""公共设施""]",车辆在加油站点的场景，包括加油站、加气站等基础设施环境,加油站点是交通工具车辆常见的稳定场景，具有明确的承载面和可编辑环境结构，符合稳定场景来源要求,screened
交通工具,交通工具 / 轨道交通 / 单轨列车,14,keep,"[""交通环境"", ""城市轨道交通""]",轨道交通中的单轨列车运行场景及车站环境,单轨列车作为交通工具，具有稳定的运行场景和承载环境，适用于交通环境中的场景召回,screened
交通工具,交通工具 / 轨道交通 / 地铁,46,keep,"[""城市交通环境"", ""地下空间"", ""轨道交通站点""]",地铁作为城市轨道交通的重要组成部分，常见于城市地下或地面车站，具有稳定的场景来源和可编辑环境结构,地铁属于稳定存在的交通场景，具有明确的地理空间和承载环境，可提供丰富的场景来源和可编辑区域,screened
交通工具,交通工具 / 轨道交通 / 普通铁路列车,21,keep,"[""铁路线路"", ""车站环境"", ""运行场景""]",普通铁路列车在轨道上的运行及车站相关环境,普通铁路列车具有稳定的运行场景和明确的承载环境，涵盖铁路线路、车站及运行过程，属于典型且持续存在的交通场景。,screened
交通工具,交通工具 / 轨道交通 / 有轨电车,28,keep,"[""交通环境"", ""城市道路"", ""公共交通""]",轨道交通中的有轨电车在城市道路和公共交通场景中的运行环境,有轨电车作为公共交通工具，常出现在城市道路和交通环境中，具有稳定且广泛的场景来源,screened
交通工具,交通工具 / 轨道交通 / 磁悬浮列车,16,keep,"[""交通环境"", ""轨道交通""]",磁悬浮列车作为轨道交通的一种，主要出现在城市或城际交通场景中，提供稳定运行的承载与移动环境,磁悬浮列车是轨道交通的重要组成部分，具有明确且稳定的运行场景，属于典型交通环境中的承载与移动结构,screened
交通工具,交通工具 / 轨道交通 / 缆车,17,keep,"[""交通环境"", ""山区地形""]",缆车运行的山区交通场景及承载面环境,缆车常见于山区地形，提供稳定且可编辑的交通场景和承载面来源,screened
交通工具,交通工具 / 轨道交通 / 轻轨,16,keep,"[""交通环境"", ""城市空间"", ""轨道交通场景""]",轨道交通相关的场景和环境，如轻轨线路、车站、隧道、站台等,轻轨作为公共交通工具，具有稳定的交通环境来源，涵盖城市交通场景和典型运营空间。,screened
交通工具,交通工具 / 轨道交通 / 高速列车,14,keep,"[""交通环境"", ""铁路系统"", ""高速运行场景""]",高速列车运行时的轨道、车站、站台及周边环境,高速列车作为轨道交通的重要组成部分，具有稳定且广泛的运行场景和承载环境，能提供清晰的交通与空间结构支持,screened
交通工具,交通工具 / 轮式车辆 / 卡丁车,80,keep,"[""交通环境"", ""户外场地""]",卡丁车出现在道路、赛道等交通或运动场景中，提供可编辑的行驶和停放环境,卡丁车作为轮式车辆，常见于道路、赛道等交通场景，具有稳定的行驶和停放环境，可作为可编辑的交通场景来源,screened
交通工具,交通工具 / 轮式车辆 / 小型摩托车,18,keep,"[""交通环境"", ""道路场景""]",小型摩托车在道路、交通场景中的使用和停放环境,小型摩托车常见于道路和交通环境中，具有稳定的场景来源和可编辑的承载面,screened
交通工具,交通工具 / 轮式车辆 / 拖车,18,keep,"[""交通环境"", ""工作场所"", ""运输场景""]",拖车在各种交通和运输场景中的出现，如公路运输、工地运输、物流场景等,拖车作为轮式车辆的一种，常见于交通和运输场景中，具有稳定的场景来源和承载功能,screened
交通工具,交通工具 / 轮式车辆 / 有轨车,62,keep,"[""交通环境"", ""城市道路"", ""公共交通""]",有轨车在城市交通中的运行场景，如地铁站、轨道线路、车站等,有轨车作为公共交通工具，常见于城市交通环境，具有稳定且广泛的场景来源,screened
交通工具,交通工具 / 轮式车辆 / 滑板,21,hold,[],轮式车辆/滑板的使用场景,滑板属于非传统轮式车辆，缺乏稳定且广泛的场景来源，无法确定其是否具备可编辑的承载或环境结构。,screened
交通工具,交通工具 / 轮式车辆 / 自行式车辆,1170,keep,"[""道路环境"", ""城市街道"", ""骑行场景""]",自行式车辆在道路和公共空间中的使用场景,自行式车辆如自行车常出现在道路、街道和骑行场景中，具有稳定且广泛的场景来源,screened
交通工具,交通工具 / 轮式车辆 / 踏板车,27,keep,"[""交通环境"", ""城市道路"", ""骑行场景""]",轮式车辆中的踏板车在交通环境中常见，如城市道路、骑行道等场景,踏板车常见于交通环境，具有稳定的使用场景和承载面，可作为可编辑环境的一部分,screened
交通工具,交通工具 / 轮式车辆 / 铁路车辆,23,keep,"[""铁路环境"", ""车站场景"", ""轨道运输""]",铁路车辆在轨道上的运行及车站相关场景,铁路车辆具有稳定的运行场景和明确的承载环境，如轨道、车站、线路等，能提供丰富的可编辑空间和场景来源。,screened
交通工具,交通工具 / 轮式车辆 / 马拉的有轮车,18,keep,"[""乡村场景"", ""历史环境"", ""传统交通""]",马拉的有轮车在传统乡村或历史场景中作为交通工具出现,马拉的有轮车在特定历史和乡村场景中具有稳定存在的来源，可作为承载和环境结构的参考,screened
交通工具,交通工具 / 轮椅车,18,keep,"[""室内环境"", ""公共空间"", ""无障碍设施""]",轮椅车在室内、公共空间及无障碍设施中的使用场景,轮椅车常见于室内环境、公共空间和无障碍设施中，提供稳定承载和使用场景,screened
交通工具,交通工具 / 轻轨列车,20,keep,"[""交通环境"", ""城市轨道交通""]",轻轨列车在城市交通网络中的运行场景,轻轨列车作为公共交通工具，具有稳定的运行环境和明确的交通场景来源,screened
交通工具,交通工具 / 运马拖车,19,keep,"[""交通环境"", ""工作场所""]",运马拖车在交通或工作场景中的使用环境,运马拖车属于交通工具，常见于特定交通或工作场景，具有稳定且可编辑的承载环境来源,screened
交通工具,交通工具 / 道路机动车 / 交通噪声,18,reject,[],交通噪声,交通噪声属于抽象符号和环境现象，缺乏稳定、可编辑的场景或承载区域来源,screened
交通工具,交通工具 / 道路机动车 / 公共汽车,22,keep,"[""道路交通环境"", ""城市公共空间""]",公共汽车在道路和城市交通场景中的出现,公共汽车作为道路机动车，常见于道路交通环境，具有稳定且广泛的场景来源,screened
交通工具,交通工具 / 道路机动车 / 卡车,36,keep,"[""道路交通环境"", ""运输场景""]",道路机动车中的卡车在道路行驶、运输作业等场景中的出现,卡车作为道路机动车，常见于道路交通环境，提供稳定且广泛的场景来源，具有明确的承载和使用场景,screened
交通工具,交通工具 / 道路机动车 / 应急车辆,46,keep,"[""道路交通环境"", ""应急现场""]",应急车辆在道路及现场的使用场景,应急车辆常见于道路交通环境和应急现场，具有稳定且广泛的场景来源,screened
交通工具,交通工具 / 道路机动车 / 摩托车,21,keep,"[""道路交通环境"", ""城市道路""]",摩托车在道路行驶、停放等场景中的常见环境,摩托车常见于道路交通环境，具有稳定的场景来源和可编辑的承载面,screened
交通工具,交通工具 / 道路机动车 / 汽车,49,keep,"[""道路环境"", ""交通场景"", ""城市道路""]",汽车在道路和交通环境中的常见使用场景,汽车作为道路机动车，具有稳定的道路行驶场景和承载环境，适用于多种交通场景。,screened
交通工具,交通工具 / 铁路轨道,18,keep,"[""交通环境"", ""铁路场景""]",铁路轨道作为交通基础设施，存在于铁路系统中的稳定场景，如车站、轨道沿线、桥梁等,铁路轨道是交通环境中稳定存在的基础设施，具有明确的场景来源和承载功能,screened
交通工具,交通工具 / 铁路运输 / 列车,40,keep,"[""铁路环境"", ""车站场景"", ""轨道运输""]",铁路运输中的列车及相关运行场景,列车运行涉及稳定的铁路环境和车站场景，具有明确的承载面和可编辑结构,screened
交通工具,交通工具 / 铁路运输 / 列车车轮尖啸声,22,reject,[],列车车轮尖啸声,仅包含声音描述，缺乏稳定、可编辑的场景或承载区域来源,screened
交通工具,交通工具 / 铁路运输 / 铁路货车,17,keep,"[""铁路运输环境"", ""车站场景"", ""货运线路""]",铁路货车在铁路运输中的实际运行和停靠场景,铁路货车作为铁路运输的重要组成部分，具有稳定的铁路运输场景和承载环境，能够提供可靠的可编辑空间和场景来源。,screened
交通工具,交通工具 / 陆地交通工具,39,keep,"[""道路交通环境"", ""城市道路"", ""停车场""]",陆地交通工具在道路、停车场等场景中的使用和存在,陆地交通工具常见于道路交通环境和停车场，具有稳定且广泛的场景来源,screened
交通工具,交通工具 / 陆地民用车辆 / MPV,24,keep,"[""室内停车场"", ""道路行驶环境"", ""家庭用车场景""]",陆地民用车辆中的MPV类交通工具在道路行驶、停车及家庭使用场景中的稳定来源,MPV作为常见陆地交通工具，具有明确的行驶和停放场景，涵盖道路、停车场及家庭使用环境，具备稳定且可编辑的场景来源,screened
交通工具,交通工具 / 陆地民用车辆 / 出租车,17,keep,"[""城市道路"", ""交通枢纽"", ""乘客出行场景""]",出租车在城市道路和交通节点中的运行场景,出租车常见于城市道路和交通枢纽，提供稳定且广泛的场景来源,screened
交通工具,交通工具 / 陆地民用车辆 / 客车,17,keep,"[""道路交通环境"", ""公共运输场景"", ""城市道路""]",客车在道路和公共交通场景中的稳定出现,客车常见于道路交通环境和公共运输场景，具有稳定的场景来源和承载面,screened
交通工具,交通工具 / 陆地民用车辆 / 房车,17,keep,"[""户外旅行场景"", ""家庭居住环境"", ""公路行驶环境""]",房车在户外旅行、家庭居住及公路行驶中的使用场景,房车作为陆地民用车辆，具有稳定的户外旅行和家庭居住场景来源，提供明确的承载与使用环境。,screened
交通工具,交通工具 / 陆地民用车辆 / 敞篷车,16,keep,"[""道路环境"", ""户外场景"", ""驾驶场景""]",敞篷车在道路、户外和驾驶场景中的稳定出现,敞篷车常见于道路行驶和户外驾驶场景，具有稳定的场景来源和承载环境,screened
交通工具,交通工具 / 陆地民用车辆 / 皮卡,18,keep,"[""道路环境"", ""工作场所"", ""农村地区""]",皮卡在道路、工地、农村等场景中的使用环境,皮卡常见于道路行驶、工地作业和农村运输场景，具有稳定的场景来源和承载环境,screened
交通工具,交通工具 / 陆地民用车辆 / 货车,395,keep,"[""道路交通环境"", ""运输场景"", ""工作场所""]",货车在道路、运输线路及物流作业中的使用场景,货车常见于道路交通环境，提供稳定承载和运输功能，具有明确的场景来源,screened
交通工具,交通工具 / 陆地民用车辆 / 越野车,15,keep,"[""野外环境"", ""越野道路"", ""自然地形""]",越野车在复杂地形和非铺装道路中的使用场景,越野车常见于野外、山地、泥地等非平坦道路环境，具有稳定的场景来源和可编辑的承载面,screened
交通工具,交通工具 / 陆地民用车辆 / 跑车,18,keep,"[""道路环境"", ""驾驶场景"", ""交通环境""]",跑车在道路和驾驶场景中的使用环境,跑车通常出现在道路环境和驾驶场景中，具有稳定的场景来源和可编辑的承载面。,screened
交通工具,交通工具 / 陆地民用车辆 / 轿车,21,keep,"[""道路环境"", ""城市道路"", ""交通场景""]",轿车在道路和交通场景中的常见使用环境,轿车通常出现在道路和交通场景中，具有稳定的场景来源和可编辑的承载环境,screened
交通工具,交通工具 / 陆地民用车辆 / 运动型多用途车,24,keep,"[""道路环境"", ""户外交通场景"", ""驾驶场景""]",运动型多用途车在道路和户外环境中的使用场景,运动型多用途车通常出现在道路、户外和驾驶场景中，具有稳定的场景来源和可编辑环境结构,screened
交通工具,交通工具 / 陆地民用车辆 / 面包车,20,keep,"[""道路交通环境"", ""工作场所"", ""公共空间""]",面包车在道路、停车场、社区道路等场景中的出现,面包车常见于道路交通环境，提供稳定承载和放置区域，具有明确的使用场景和空间背景,screened
交通工具,交通工具 / 陆地车辆,66,keep,"[""道路交通环境"", ""城市道路"", ""停车场""]",陆地车辆在道路、停车场等场景中的使用和停放环境,陆地车辆常见于道路交通环境和停车场，具有稳定且广泛的场景来源,screened
交通工具,交通工具 / 集装箱船,21,keep,"[""海上运输环境"", ""港口区域"", ""远洋航行场景""]",集装箱船作为海上运输工具，常出现在港口、海上航行及物流运输场景中,集装箱船具有稳定的海上运输场景和明确的承载环境，可提供可靠的可编辑空间和场景来源,screened
交通工具,交通工具 / 非机动车 / 三轮车,19,keep,"[""交通环境"", ""城市道路"", ""非机动车场景""]",三轮车在城市道路、社区道路等非机动车道上的使用场景,三轮车常见于交通环境中的非机动车道，具有稳定的场景来源和可编辑的承载面,screened
交通工具,交通工具 / 非机动车 / 人力车,18,keep,"[""城市道路"", ""居民区街道"", ""非机动车道""]",人力车在城市道路和居民区常见的使用场景,人力车在城市道路和居民区有稳定且常见的使用场景，提供明确的承载和交通环境来源,screened
交通工具,交通工具 / 非机动车 / 儿童骑乘车,18,keep,"[""儿童出行场景"", ""家庭环境"", ""非机动车场景""]",儿童骑乘车在家庭、社区或公共区域的使用场景,儿童骑乘车常见于家庭和社区环境，提供稳定且可编辑的承载与使用场景,screened
交通工具,交通工具 / 非机动车 / 滑板,31,keep,"[""交通环境"", ""城市街道"", ""休闲活动""]",滑板作为非机动车在城市街道、公园、校园等公共空间中的使用场景,滑板常见于城市街道、公园等交通或休闲环境中，具有稳定的场景来源和可编辑的承载面,screened
交通工具,交通工具 / 非机动车 / 滑板车,28,keep,"[""城市街道"", ""校园环境"", ""休闲场所""]",滑板车在城市街道、校园及休闲场所中的常见使用场景,滑板车常见于城市街道、校园和休闲场所，具有稳定的使用场景和承载环境，能提供有效的可编辑区域。,screened
交通工具,交通工具 / 非机动车 / 电动自行车,29,keep,"[""城市道路"", ""小区道路"", ""骑行环境""]",电动自行车在城市道路、小区道路及骑行环境中的使用场景,电动自行车常见于城市道路和小区道路，具有稳定的使用场景和承载环境，能提供有效的可编辑区域,screened
交通工具,交通工具 / 非机动车 / 自行车,223,keep,"[""道路环境"", ""城市街道"", ""骑行场景""]",自行车在道路、街道及骑行路径中的使用场景,自行车常见于道路和骑行场景，具有稳定的场景来源和可编辑环境结构,screened
交通工具,交通工具 / 非机动车 / 轮椅,18,keep,"[""室内环境"", ""室外环境"", ""公共空间""]",轮椅在各种场景中的使用环境，包括室内无障碍通道、室外公共区域、医院、学校等场所,轮椅作为常见辅助交通工具，常出现在多种稳定场景中，具有明确的承载和使用环境，可提供有效的可编辑区域和空间结构支持,screened
交通工具,交通工具 / 驾驶汽车,27,keep,"[""道路交通环境"", ""工作场所"", ""城市环境""]",驾驶汽车相关的道路场景、交通环境及使用场景,驾驶汽车通常出现在道路交通环境中，具有稳定且广泛的场景来源，可提供有效的承载和编辑空间,screened
交通工具,交通工具 / 驾驶车辆,26,keep,"[""道路交通环境"", ""城市道路"", ""交通出行场景""]",驾驶车辆在道路和交通环境中的使用场景,驾驶车辆通常出现在道路交通环境中，具有稳定且广泛的场景来源,screened
交通工具,交通工具 / 高速铁路,36,keep,"[""交通环境"", ""工作场所"", ""公共空间""]",高速铁路相关的交通场景和运行环境,高速铁路具有稳定的运行环境和明确的交通场景来源，涵盖车站、轨道、运行区域等可编辑环境结构。,screened
人物与人体,人物与人体 / 不受欢迎的人 / 令人不快的人,120,reject,[],令人不快的人,该类别主要涉及抽象符号或负面情绪表达，缺乏稳定、可用的场景或承载环境来源。,screened
人物与人体,人物与人体 / 不同寻常的人 / 古怪的人,20,hold,[],人物与人体 / 不同寻常的人 / 古怪的人,仅凭分类名称无法确定是否存在稳定有用的场景或承载区域来源,screened
人物与人体,人物与人体 / 不同寻常的人 / 流浪者,21,hold,[],人物与人体 / 不同寻常的人 / 流浪者,仅凭分类名称无法确定是否存在稳定有用的场景或承载区域来源,screened
人物与人体,人物与人体 / 不幸的人 / 受切断手术的人,17,reject,[],受切断手术的人,该类别主要涉及抽象符号或医疗场景中的孤立个体，缺乏稳定、普遍的场景或承载环境来源。,screened
人物与人体,人物与人体 / 不幸的人 / 受害人,37,reject,[],受害人,该类别多为抽象符号或负面标签，缺乏稳定、可用的场景或承载环境来源。,screened
人物与人体,人物与人体 / 不幸的人 / 无家可归者,18,hold,[],人物与人体 / 不幸的人 / 无家可归者,仅凭分类名称无法确定是否存在稳定有用的场景或承载区域来源。,screened
人物与人体,人物与人体 / 不幸的人 / 病人,18,reject,[],病人,病人类别多为抽象符号或孤立小物特写，缺乏稳定有用的场景或承载区域来源。,screened
人物与人体,人物与人体 / 专家 / 专员,14,hold,[],人物与人体 / 专家 / 专员,仅凭分类名称无法确定具体场景或稳定来源，缺乏明确的场景或承载环境支持。,screened
人物与人体,人物与人体 / 专家 / 医疗者,33,keep,"[""医疗场所"", ""医院环境"", ""诊疗场景""]",医疗者在医院、诊所等医疗环境中的工作场景,医疗者通常出现在医疗场所，具有稳定且持续的场景来源，如医院、诊所、病房等，能提供可靠的可编辑环境结构。,screened
人物与人体,人物与人体 / 专家 / 园艺师,17,hold,[],园艺师相关场景,仅凭分类名称无法确定是否存在稳定有用的场景或承载区域来源,screened
人物与人体,人物与人体 / 专家 / 室内设计师,19,keep,"[""室内设计环境"", ""工作场所"", ""办公空间""]",室内设计师通常在办公环境、设计工作室或住宅室内空间中工作，涉及设计图纸、模型展示和现场勘查等场景,室内设计师的工作场景稳定且具有明确的承载面和可编辑环境，如设计工作室、住宅空间、办公场所等，能提供丰富的视觉素材和可编辑结构,screened
人物与人体,人物与人体 / 专家 / 射手,19,reject,[],专家类人物,射手作为抽象符号或纯文字呈现，缺乏稳定有用的场景或承载区域来源,screened
人物与人体,人物与人体 / 专家 / 技术员,18,hold,[],技术员相关的场景,仅凭分类名称无法确定具体场景或是否存在稳定有用的来源,screened
人物与人体,人物与人体 / 专家 / 权威,59,hold,[],专家与权威人物的出现场景,仅凭分类名称无法确定具体场景或是否存在稳定有用的来源,screened
人物与人体,人物与人体 / 专家 / 电影服装设计师,20,reject,[],电影服装设计师,该类别主要为抽象符号和职业标识，缺乏稳定、可用的场景或承载环境来源。,screened
人物与人体,人物与人体 / 专家 / 观察者,20,hold,[],人物与人体 / 专家 / 观察者,仅凭分类名称无法确定是否存在稳定有用的场景或承载区域来源,screened
人物与人体,人物与人体 / 专家 / 计算器,20,reject,[],计算器相关场景,计算器属于抽象符号和孤立小物特写，缺乏稳定有用的场景或承载区域来源,screened
人物与人体,人物与人体 / 专家 / 调查员,19,hold,[],人物与人体 / 专家 / 调查员,仅凭分类名称无法确定是否存在稳定有用的场景或承载区域来源,screened
人物与人体,人物与人体 / 专家 / 黑带,20,reject,[],专家类人物的符号或头衔标识,黑带主要作为武术或专业资格的符号，缺乏稳定、可编辑的场景或承载环境来源,screened
人物与人体,人物与人体 / 业务主管,26,hold,[],人物与人体 / 业务主管,仅凭分类名称无法确定具体场景或稳定来源，缺乏明确的场景或承载环境支持。,screened
人物与人体,人物与人体 / 争论者 / 改革者,35,hold,[],人物与人体 / 争论者 / 改革者,仅凭分类名称无法确定是否存在稳定有用的场景或承载区域来源,screened
人物与人体,人物与人体 / 五官 / 嘴唇,20,reject,[],嘴唇,嘴唇属于人体五官的孤立部分，通常无稳定场景或承载区域，缺乏可编辑环境结构,screened
人物与人体,人物与人体 / 五官 / 牙齿,49,reject,[],人物与人体中的牙齿,牙齿属于抽象符号和孤立小物特写，缺乏稳定有用的场景或承载区域来源,screened
人物与人体,人物与人体 / 五官 / 眉毛,21,reject,[],眉毛作为人体五官的一部分，通常以特写或符号形式出现,眉毛属于人体五官的细部特征，多以抽象符号或特写呈现，缺乏稳定、可编辑的场景或承载环境来源,screened
人物与人体,人物与人体 / 五官 / 眼睛,24,reject,[],眼睛,眼睛属于抽象符号或纯文字，缺乏稳定有用的场景或承载区域来源,screened
人物与人体,人物与人体 / 五官 / 睫毛,21,reject,[],睫毛,睫毛属于人体五官的细小特征，通常为孤立特写或符号化表现，缺乏稳定、可编辑的场景或承载环境来源。,screened
人物与人体,人物与人体 / 五官 / 瞳孔,21,reject,[],瞳孔作为人体五官的抽象符号或特写,瞳孔属于纯文字或孤立小物特写，缺乏稳定有用的场景或承载区域来源,screened
人物与人体,人物与人体 / 五官 / 耳朵,20,reject,[],五官中的耳朵,耳朵作为人体五官，通常以抽象符号或特写形式出现，缺乏稳定、通用的场景或承载环境来源。,screened
人物与人体,人物与人体 / 五官 / 舌头,19,reject,[],舌头,舌头属于人体五官的孤立部分，通常无稳定场景或承载区域，缺乏可编辑的环境结构或实用场景,screened
人物与人体,人物与人体 / 五官 / 面部轮廓,23,hold,[],人物与人体中的面部轮廓,仅凭'面部轮廓'无法确定稳定可用的场景或承载环境来源，缺乏明确的视觉场景支持,screened
人物与人体,人物与人体 / 五官 / 额头,22,reject,[],额头,额头属于人体五官的抽象符号，缺乏稳定、可用的场景或承载区域来源。,screened
人物与人体,人物与人体 / 五官 / 鼻子,21,reject,[],五官中的鼻子,鼻子作为人体五官的组成部分，通常以孤立特写或符号形式出现，缺乏稳定、可编辑的场景或承载环境来源。,screened
人物与人体,人物与人体 / 交战者 / 拳击手,82,hold,[],交战者/拳击手,仅凭分类名称无法确定是否存在稳定有用的场景或承载区域来源,screened
人物与人体,人物与人体 / 交战者 / 摔跤手,57,hold,[],人物与人体 / 交战者 / 摔跤手,仅凭分类名称无法确定是否存在稳定有用的场景或承载区域来源。,screened
人物与人体,人物与人体 / 交战者 / 斗殴者,20,reject,[],交战者或斗殴者相关场景,该类别主要涉及抽象冲突或暴力行为，缺乏稳定、非偶然的场景或承载环境来源，且多为符号化或孤立表现，不符合有实际可编辑环境结构的场景要求。,screened
人物与人体,人物与人体 / 交战者 / 角斗士,16,hold,[],人物与人体 / 交战者 / 角斗士,仅凭分类名称无法确定是否存在稳定有用的场景或承载区域来源。,screened
人物与人体,人物与人体 / 产业工人,47,keep,"[""工作场所"", ""生产环境"", ""工业现场""]",产业工人在生产或工作场景中的常见环境,产业工人通常出现在工厂、车间等稳定的工作场所，具有明确的场景和承载环境,screened
人物与人体,人物与人体 / 产业工人 / 披肩斗篷,18,reject,[],披肩斗篷作为产业工人服饰的符号性表现,披肩斗篷多为抽象符号或品牌标志，缺乏稳定、通用的场景或承载环境来源,screened
人物与人体,人物与人体 / 亲属 / 伙伴,59,hold,[],人物与人体 / 亲属 / 伙伴,仅凭分类名称无法确定具体场景或稳定来源，缺乏明确的场景或承载环境支持。,screened
人物与人体,人物与人体 / 亲属 / 全血缘堂表亲,20,hold,[],亲属关系中的全血缘堂表亲,仅凭分类名称无法确定具体场景或稳定来源，缺乏可判断的场景或承载环境,screened
人物与人体,人物与人体 / 亲属 / 再从兄弟姐妹,18,hold,[],亲属关系中的兄弟姐妹,仅凭分类名称无法确定具体场景或稳定来源，缺乏明确的场景或承载环境支持,screened
人物与人体,人物与人体 / 亲属 / 后代,115,hold,[],亲属/后代关系,仅凭分类名称无法确定具体场景或稳定来源，缺乏可判断的场景或承载环境,screened
人物与人体,人物与人体 / 亲属 / 堂兄弟姐妹,23,hold,[],亲属关系中的堂兄弟姐妹,仅凭分类名称无法确定具体场景或稳定来源，缺乏可判断的场景或承载环境,screened
人物与人体,人物与人体 / 亲属 / 女性亲属,69,hold,[],女性亲属,仅凭分类名称无法确定具体场景或稳定来源，缺乏明确的场景或承载环境支持,screened
人物与人体,人物与人体 / 亲属 / 妻子,18,hold,[],亲属关系中的妻子角色,仅凭'妻子'这一概念无法确定稳定场景或承载环境来源，缺乏可召回的场景或空间结构,screened
人物与人体,人物与人体 / 亲属 / 姻亲,15,hold,[],亲属关系中的姻亲类别,仅凭分类名称无法确定具体场景或稳定来源，缺乏明确的场景或承载环境支持,screened
人物与人体,人物与人体 / 亲属 / 家庭成员,23,keep,"[""家庭场景"", ""室内环境"", ""日常生活""]",家庭成员相关的家庭生活场景,家庭成员在家庭场景中具有稳定且常见的存在来源，如客厅、卧室等室内环境,screened
人物与人体,人物与人体 / 亲属 / 平辈,32,hold,[],亲属平辈关系,仅凭分类名称无法确定具体场景或稳定来源,screened
人物与人体,人物与人体 / 亲属 / 母亲,19,hold,[],人物与人体 / 亲属 / 母亲,仅凭分类名称无法确定具体场景或稳定来源，缺乏明确的场景或承载环境支持。,screened
人物与人体,人物与人体 / 亲属 / 男性亲属,35,hold,[],男性亲属,仅凭分类名称无法确定具体场景或稳定来源，缺乏明确的场景或承载环境支持,screened
人物与人体,人物与人体 / 亲属 / 表兄弟姐妹,24,hold,[],亲属关系中的表兄弟姐妹,仅凭分类名称无法确定具体场景或稳定来源，缺乏可判断的场景或承载环境,screened
人物与人体,人物与人体 / 亲属 / 长辈,116,hold,[],亲属/长辈相关的家庭场景,仅凭分类名称无法确定具体场景或稳定来源，缺乏明确的场景或承载环境支持,screened
人物与人体,人物与人体 / 人体,38,keep,"[""人体活动场景"", ""日常行为环境"", ""人体与空间互动""]",涉及人体在各种场景中的自然姿态、动作和与环境的互动,人体作为活动主体，广泛存在于各类场景中，具有稳定且丰富的场景来源,screened
人物与人体,人物与人体 / 人体部位 / 内脏器官,204,reject,[],内脏器官,内脏器官属于抽象符号和纯文字，缺乏稳定有用的场景或承载区域来源。,screened
人物与人体,人物与人体 / 人体部位 / 口鼻部,20,hold,[],人物与人体 / 人体部位 / 口鼻部,仅凭分类名称无法确定是否存在稳定有用的场景或承载区域来源,screened
人物与人体,人物与人体 / 人体部位 / 头部,21,hold,[],人物与人体 / 人体部位 / 头部,仅凭分类名称无法确定是否存在稳定有用的场景或承载区域来源,screened
人物与人体,人物与人体 / 人体部位 / 头颈,25,hold,[],人物与人体 / 人体部位 / 头颈,仅凭分类名称无法确定是否存在稳定有用的场景或承载区域来源,screened
人物与人体,人物与人体 / 人体部位 / 手臂,19,hold,[],人物与人体 / 人体部位 / 手臂,仅凭分类名称无法确定是否存在稳定有用的场景或承载区域来源,screened
人物与人体,人物与人体 / 人体部位 / 手部,30,hold,[],人物与人体 / 人体部位 / 手部,仅凭分类名称无法确定是否存在稳定有用的场景或承载区域来源,screened
人物与人体,人物与人体 / 人体部位 / 皮肤,18,reject,[],皮肤,皮肤属于抽象符号和人体特写，缺乏稳定、可用的场景或承载区域来源。,screened
人物与人体,人物与人体 / 人体部位 / 眼部,23,reject,[],眼部,眼部属于抽象符号或孤立小物特写，缺乏稳定有用的场景或承载区域来源,screened
人物与人体,人物与人体 / 人体部位 / 肌肉,101,hold,[],人体部位中的肌肉,仅凭分类名称无法确定是否存在稳定有用的场景或承载区域来源,screened
人物与人体,人物与人体 / 人体部位 / 肘部,23,hold,[],人体部位,仅凭'肘部'无法确定稳定场景或承载环境来源，缺乏明确的场景关联,screened
人物与人体,人物与人体 / 人体部位 / 肩部,21,hold,[],人物与人体 / 人体部位 / 肩部,仅凭分类名称无法确定是否存在稳定有用的场景或承载区域来源,screened
人物与人体,人物与人体 / 人体部位 / 背部,21,hold,[],人物与人体 / 人体部位 / 背部,仅凭分类名称无法确定是否存在稳定有用的场景或承载区域来源,screened
人物与人体,人物与人体 / 人体部位 / 胸部,21,reject,[],胸部,胸部属于人体部位，通常为抽象符号或孤立特写，缺乏稳定、可用的场景或承载区域来源。,screened
人物与人体,人物与人体 / 人体部位 / 腹部,21,hold,[],人物与人体 / 人体部位 / 腹部,仅凭分类名称无法确定是否存在稳定有用的场景或承载区域来源,screened
人物与人体,人物与人体 / 人体部位 / 腿部,24,hold,[],人物与人体 / 人体部位 / 腿部,仅凭分类名称无法确定是否存在稳定有用的场景或承载区域来源,screened
人物与人体,人物与人体 / 人体部位 / 臀部,27,reject,[],臀部作为人体部位,臀部属于人体部位，通常为抽象符号或孤立特写，缺乏稳定、可用的场景或承载环境来源,screened
人物与人体,人物与人体 / 人体部位 / 足部,28,hold,[],人物与人体 / 人体部位 / 足部,仅凭分类名称无法确定是否存在稳定有用的场景或承载区域来源,screened
人物与人体,人物与人体 / 人体部位 / 躯干,22,hold,[],人体部位中的躯干部分,仅凭分类名称无法确定是否存在稳定有用的场景或承载区域来源,screened
人物与人体,人物与人体 / 人体部位 / 面部,27,keep,"[""面部表情"", ""人像场景"", ""人物特写""]",包含人物面部的各类场景和特写,面部是人物表达情绪和特征的重要部分，常见于多种场景中，具有稳定且广泛的来源,screened
人物与人体,人物与人体 / 人体部位 / 骨骼,123,reject,[],骨骼,骨骼属于抽象符号和人体解剖结构，缺乏稳定、可用的场景或承载区域来源。,screened
人物与人体,人物与人体 / 人物关系与群体 / 上下级,19,hold,[],人物与人体 / 人物关系与群体 / 上下级,仅凭分类名称无法确定具体场景或稳定来源，缺乏明确的场景或承载环境支持。,screened
人物与人体,人物与人体 / 人物关系与群体 / 亲子,19,keep,"[""家庭场景"", ""育儿环境"", ""亲子互动""]",涉及家庭中父母与子女之间的互动和关系场景,亲子关系常见于家庭场景中，具有稳定且持续的场景来源，如儿童玩耍、学习、喂食等，能提供丰富的可编辑环境结构。,screened
人物与人体,人物与人体 / 人物关系与群体 / 兄弟姐妹,16,hold,[],人物与人体 / 人物关系与群体 / 兄弟姐妹,仅凭分类名称无法确定是否存在稳定有用的场景或承载区域来源,screened
人物与人体,人物与人体 / 人物关系与群体 / 同事,123,keep,"[""工作场所"", ""办公室环境"", ""团队协作场景""]",同事关系在工作或团队协作场景中的常见表现,同事关系常见于办公或团队协作场景，具有稳定且可编辑的环境来源,screened
人物与人体,人物与人体 / 人物关系与群体 / 团队,115,keep,"[""工作场所"", ""会议环境"", ""团队活动""]",团队在各类实际场景中的出现，如办公室、会议、训练等,团队关系常见于多种实际场景中，具有稳定且可编辑的环境结构,screened
人物与人体,人物与人体 / 人物关系与群体 / 夫妻情侣,24,hold,[],人物与人体 / 人物关系与群体 / 夫妻情侣,仅凭分类名称无法确定具体场景或稳定来源，缺乏明确的场景化或环境支撑,screened
人物与人体,人物与人体 / 人物关系与群体 / 对手,16,hold,[],人物与人体 / 人物关系与群体 / 对手,仅凭分类名称无法确定具体场景或稳定来源，缺乏明确的场景或承载环境支持。,screened
人物与人体,人物与人体 / 人物关系与群体 / 师生,20,keep,"[""教室"", ""学校场景"", ""教育环境""]",师生关系常见的教育场景，如课堂、实验室、自习室等,师生关系常出现在学校或教育环境中，具有稳定且可编辑的场景来源,screened
人物与人体,人物与人体 / 人物关系与群体 / 战友,20,hold,[],人物与人体 / 人物关系与群体 / 战友,仅凭分类名称无法确定具体场景或稳定来源，缺乏明确的场景或承载环境支持。,screened
人物与人体,人物与人体 / 人物关系与群体 / 朋友,122,hold,[],人物与人体 / 人物关系与群体 / 朋友,仅凭分类名称无法确定具体场景或稳定来源，缺乏明确的场景或承载环境支持。,screened
人物与人体,人物与人体 / 人物关系与群体 / 群众,19,keep,"[""公共空间"", ""社会活动场景""]",群众在各类公共场合中的群体活动场景,群众在公共场所如街道、广场、集会等场景中具有稳定且广泛的来源，能提供丰富的社会互动和环境背景。,screened
人物与人体,人物与人体 / 人物关系与群体 / 邻居,19,keep,"[""居住社区"", ""邻里环境"", ""日常生活场景""]",涉及居民共同生活空间的邻里关系场景,邻居关系常见于居住社区中，具有稳定且持续的场景来源，能提供丰富的社会互动和生活环境背景。,screened
人物与人体,人物与人体 / 伊甸园场景,17,hold,[],伊甸园场景,仅凭名称无法确定是否存在稳定有用的场景来源或承载区域,screened
人物与人体,人物与人体 / 休息者 / 睡眠者,20,keep,"[""卧室"", ""床铺环境"", ""休息场景""]",与睡眠相关的室内环境和休息场景,睡眠者常见于卧室或床铺环境，具有稳定且普遍的场景来源,screened
人物与人体,人物与人体 / 会长 / 上级,17,reject,[],人物与人体 / 会长 / 上级,该分类主要为抽象符号或品牌标志，缺乏稳定、可用的场景或承载区域来源。,screened
人物与人体,人物与人体 / 会长 / 主持人,18,hold,[],人物与人体 / 会长 / 主持人,仅凭分类名称无法确定具体场景或稳定来源，缺乏明确的场景或承载环境支持。,screened
人物与人体,人物与人体 / 会长 / 主管,14,reject,[],人物与人体 / 会长 / 主管,该分类主要为抽象职位符号，缺乏稳定、可编辑的场景或承载环境来源。,screened
人物与人体,人物与人体 / 会长 / 勇士,17,reject,[],仅包含抽象符号或品牌标志,会长和勇士属于角色设定，缺乏稳定、可编辑的场景或承载环境来源,screened
人物与人体,人物与人体 / 会长 / 向导,19,hold,[],人物与人体 / 会长 / 向导,仅凭分类名称无法确定具体场景或稳定来源，缺乏明确的场景或承载环境支持。,screened
人物与人体,人物与人体 / 会长 / 启动器,18,reject,[],仅包含抽象符号或品牌标志，无稳定场景或承载区域来源,该分类为抽象角色或启动器，缺乏稳定、可编辑的场景或承载环境，属于纯符号或文字类，不符合有实际场景支持的环境分类要求,screened
人物与人体,人物与人体 / 会长 / 啦啦队员,14,hold,[],人物与人体中的会长及啦啦队员角色,仅凭分类名称无法确定是否存在稳定有用的场景或承载区域来源,screened
人物与人体,人物与人体 / 会长 / 城市经理,19,reject,[],城市经理作为职位标识，通常出现在办公或公共管理场景中，但缺乏稳定、可编辑的环境结构或承载面支持,城市经理属于抽象职位符号，缺乏稳定、可编辑的场景或承载环境来源,screened
人物与人体,人物与人体 / 会长 / 头部,124,reject,[],头部,仅提供抽象符号或孤立小物特写，缺乏稳定有用的场景或承载区域来源,screened
人物与人体,人物与人体 / 会长 / 指挥官,17,hold,[],人物与人体 / 会长 / 指挥官,仅凭分类名称无法确定具体场景或稳定来源，缺乏明确的场景或承载环境支持。,screened
人物与人体,人物与人体 / 会长 / 教练,94,hold,[],人物与人体 / 会长 / 教练,仅凭分类名称无法确定具体场景或稳定来源，缺乏明确的场景或承载环境支持。,screened
人物与人体,人物与人体 / 会长 / 立法者,34,hold,[],人物与人体 / 会长 / 立法者,仅凭分类名称无法确定是否存在稳定有用的场景或承载区域来源。,screened
人物与人体,人物与人体 / 会长 / 精神领袖,133,reject,[],人物与人体 / 会长 / 精神领袖,该分类主要为抽象符号或品牌标志，缺乏稳定、可编辑的场景或承载区域来源。,screened
人物与人体,人物与人体 / 会长 / 老板,21,hold,[],人物与人体 / 会长 / 老板,仅凭分类名称无法确定具体场景或稳定来源，缺乏明确的场景或承载环境支持。,screened
人物与人体,人物与人体 / 会长 / 贵族,115,hold,"[""贵族场景"", ""人物活动空间""]",贵族人物在正式场合或社交环境中的出现场景,仅凭‘会长/贵族’无法确定稳定、可编辑的场景来源，缺乏明确的环境或空间支撑,screened
人物与人体,人物与人体 / 会长 / 队长,18,hold,[],人物与人体 / 会长 / 队长,仅凭分类名称无法确定具体场景或稳定来源，缺乏明确的场景或承载环境支持。,screened
人物与人体,人物与人体 / 会长 / 雇主,19,hold,[],人物与人体 / 会长 / 雇主,仅凭分类名称无法确定具体场景或稳定来源，缺乏明确的场景或承载环境支持。,screened
人物与人体,人物与人体 / 会面场景,19,keep,"[""室内会面"", ""办公场所"", ""家庭空间""]",人物在不同室内环境中的会面场景,会面场景常见于多种室内环境，如办公室、家庭客厅等，具有稳定且丰富的场景来源,screened
人物与人体,人物与人体 / 传播者 / 作者,24,hold,[],作者作为传播者在文本或媒体中的角色,仅凭'作者'这一概念无法确定其具体场景或稳定来源，缺乏明确的场景或承载环境支持,screened
人物与人体,人物与人体 / 传播者 / 危言耸听者,18,reject,[],传播者类符号或文字表达,该类别主要为抽象符号或文字表达，缺乏稳定、可编辑的场景或承载环境来源,screened
人物与人体,人物与人体 / 传播者 / 发言者,39,hold,[],人物与人体中的传播者或发言者角色,仅凭分类名称无法确定具体场景或稳定来源，缺乏明确的场景或承载环境支持,screened
人物与人体,人物与人体 / 传播者 / 同情者,19,hold,[],人物与人体 / 传播者 / 同情者,仅凭分类名称无法确定是否存在稳定有用的场景或承载区域来源,screened
人物与人体,人物与人体 / 传播者 / 告密者,19,reject,[],传播者、告密者相关符号或文字,该类别主要为抽象符号或文字表达，缺乏稳定、可编辑的场景或承载环境来源。,screened
人物与人体,人物与人体 / 传播者 / 广播员,19,hold,[],传播者/广播员相关场景,仅凭分类名称无法确定具体场景或稳定来源，缺乏明确的场景或承载环境支持,screened
人物与人体,人物与人体 / 传播者 / 新闻工作者,20,keep,"[""新闻现场"", ""媒体环境"", ""公共传播场景""]",新闻工作者在新闻报道、采访、现场直播等场景中的出现,新闻工作者常出现在新闻现场、媒体环境或公共传播场景中，具有稳定且可编辑的场景来源,screened
人物与人体,人物与人体 / 传播者 / 谈判者,128,hold,[],人物与人体 / 传播者 / 谈判者,仅凭分类名称无法确定是否存在稳定有用的场景或承载区域来源。,screened
人物与人体,人物与人体 / 住户 / 乡下人,23,hold,[],乡下人相关的居住环境或生活场景,仅凭分类名称无法确定是否存在稳定有用的场景或承载区域来源,screened
人物与人体,人物与人体 / 住户 / 亚洲人,466,hold,[],亚洲人作为住户的场景,仅凭分类名称无法确定具体场景或稳定来源，缺乏明确的场景或承载环境支持,screened
人物与人体,人物与人体 / 住户 / 南岛人,16,hold,[],南岛人相关的居住环境或文化场景,仅凭分类名称无法确定是否存在稳定有用的场景或承载区域来源,screened
人物与人体,人物与人体 / 住户 / 奇异果,12,reject,[],奇异果作为人体的一部分或相关符号,奇异果是水果，不属于住户的稳定场景或承载环境，缺乏实际的场景来源或可编辑环境结构,screened
人物与人体,人物与人体 / 住户 / 居住者,17,keep,"[""室内"", ""家庭环境"", ""居住空间""]",与居住者相关的家庭或住宅场景,居住者常见于家庭和住宅环境中，提供稳定且广泛的场景来源,screened
人物与人体,人物与人体 / 住户 / 欧洲人,395,hold,[],欧洲人作为住户的居住场景,仅凭'欧洲人'无法确定具体场景或稳定来源，缺乏明确的场景或承载环境关联,screened
人物与人体,人物与人体 / 住户 / 美国人,276,hold,[],美国住户,仅凭分类名称无法确定具体场景或稳定来源，缺乏明确的场景或环境支撑,screened
人物与人体,人物与人体 / 体型与外貌 / 健壮,12,hold,[],体型与外貌中的健壮类型,仅凭'健壮'无法确定稳定场景或承载环境来源，缺乏明确的场景关联,screened
人物与人体,人物与人体 / 体型与外貌 / 匀称,20,hold,[],体型与外貌中的匀称特征,仅凭'匀称'无法确定具体场景或稳定来源，缺乏明确的场景或承载环境支持,screened
人物与人体,人物与人体 / 体型与外貌 / 汉服,131,hold,[],汉服相关的人物外貌表现,仅凭分类名称无法确定是否存在稳定有用的场景或承载区域来源,screened
人物与人体,人物与人体 / 体型与外貌 / 瘦弱,20,hold,[],体型与外貌中的瘦弱表现,仅凭'瘦弱'无法确定稳定场景或承载环境来源，缺乏明确的视觉场景支持,screened
人物与人体,人物与人体 / 体型与外貌 / 纤细,19,hold,[],体型与外貌中的纤细类型,仅凭'纤细'无法确定稳定或可用的场景来源，缺乏明确的承载面或环境结构支撑,screened
人物与人体,人物与人体 / 体型与外貌 / 肌肉发达,21,hold,[],体型与外貌相关的肌肉发达人物,仅凭分类名称无法确定是否存在稳定有用的场景或承载区域来源,screened
人物与人体,人物与人体 / 体型与外貌 / 肤色,24,reject,[],肤色相关的人体特征,肤色主要为抽象符号或纯文字描述，缺乏稳定、可用的场景或承载环境来源,screened
人物与人体,人物与人体 / 体型与外貌 / 肥胖,16,reject,[],肥胖相关的人体形态,肥胖主要表现为人体形态特征，缺乏稳定、可编辑的场景或承载环境来源，属于抽象符号类描述，无法提供实际可编辑的场景或空间结构。,screened
人物与人体,人物与人体 / 体型与外貌 / 胖瘦,22,hold,[],体型与外貌的胖瘦描述,仅凭'胖瘦'无法确定稳定场景或承载环境来源，缺乏具体可召回的场景或空间结构,screened
人物与人体,人物与人体 / 体型与外貌 / 腰,18,hold,[],体型与外貌中的腰相关特征,仅凭'腰'这一分类无法确定其在具体场景中的稳定来源或承载环境,screened
人物与人体,人物与人体 / 体型与外貌 / 身体比例,22,hold,[],体型与外貌相关的身体比例,仅凭分类名称无法确定是否存在稳定有用的场景或承载区域来源,screened
人物与人体,人物与人体 / 体型与外貌 / 面部特征,28,hold,[],人物与人体中的面部特征,仅凭分类名称无法确定是否存在稳定有用的场景或承载区域来源,screened
人物与人体,人物与人体 / 体型与外貌 / 高挑,12,hold,[],体型与外貌中的高挑特征,仅凭'高挑'无法确定稳定场景或承载环境来源，缺乏具体可召回的场景或空间结构,screened
人物与人体,人物与人体 / 体型与外貌 / 高矮,20,hold,[],体型与外貌的高矮特征,仅凭'高矮'无法确定稳定场景或承载环境来源，缺乏具体可召回的场景或空间结构,screened
人物与人体,人物与人体 / 体态姿势 / 倚靠,20,keep,"[""室内环境"", ""公共空间""]",人物在墙壁、柱子、家具等结构上倚靠的场景,倚靠行为常见于室内和公共空间，具有稳定且可编辑的场景来源,screened
人物与人体,人物与人体 / 体态姿势 / 坐姿,34,keep,"[""室内场所"", ""办公环境"", ""家庭空间""]",各种室内环境中人物以坐姿出现的场景,坐姿常见于多种室内场景，如办公室、家庭客厅等，具有稳定且广泛的场景来源,screened
人物与人体,人物与人体 / 体态姿势 / 奔跑姿态,16,hold,[],人物与人体 / 体态姿势 / 奔跑姿态,仅凭分类名称无法确定是否存在稳定有用的场景或承载区域来源。,screened
人物与人体,人物与人体 / 体态姿势 / 弯腰,20,hold,[],体态姿势中的弯腰动作,仅凭'弯腰'无法确定是否存在稳定有用的场景或承载区域来源,screened
人物与人体,人物与人体 / 体态姿势 / 手势姿态,56,hold,[],人物与人体 / 体态姿势 / 手势姿态,仅凭分类名称无法确定是否存在稳定有用的场景或承载区域来源,screened
人物与人体,人物与人体 / 体态姿势 / 爬行姿态,18,hold,[],体态姿势,仅凭'爬行姿态'无法确定稳定场景或承载环境来源，缺乏明确的场景关联,screened
人物与人体,人物与人体 / 体态姿势 / 站立,24,keep,"[""室内空间"", ""公共空间"", ""工作场所""]",站立姿态在各种场景中的常见表现,站立是人物在多种场景中常见的体态，具有稳定且广泛的场景来源,screened
人物与人体,人物与人体 / 体态姿势 / 舞蹈姿态,22,hold,[],人物与人体 / 体态姿势 / 舞蹈姿态,仅凭分类名称无法确定是否存在稳定有用的场景或承载区域来源。,screened
人物与人体,人物与人体 / 体态姿势 / 行走姿态,21,keep,"[""行走场景"", ""公共空间"", ""道路环境""]",各种人物在不同场景中的行走姿态,行走姿态常见于多种场景，如街道、室内走廊、公园等，具有稳定且广泛的来源,screened
人物与人体,人物与人体 / 体态姿势 / 跳跃姿态,21,hold,[],跳跃姿态,仅凭分类名称无法确定是否存在稳定有用的场景或承载区域来源,screened
人物与人体,人物与人体 / 体态姿势 / 蹲跪,14,hold,[],人物与人体 / 体态姿势 / 蹲跪,仅凭分类名称无法确定是否存在稳定有用的场景或承载区域来源,screened
人物与人体,人物与人体 / 体态姿势 / 躺卧,21,keep,"[""室内场景"", ""床铺环境"", ""休息空间""]",躺卧姿势常见于休息、睡眠或放松场景，如卧室、沙发、床铺等环境,躺卧姿势在多种室内和休息场景中稳定出现，具有明确的承载面和环境背景，可作为有效场景来源,screened
人物与人体,人物与人体 / 体态姿势 / 鞠躬,21,reject,[],体态姿势,鞠躬属于抽象体态符号，缺乏稳定、可用的场景或承载区域来源。,screened
人物与人体,人物与人体 / 体毛,23,reject,[],体毛相关符号或文字,体毛主要为抽象符号或纯文字，缺乏稳定、可用的场景或承载区域来源,screened
人物与人体,人物与人体 / 使用者 / 消费者,115,hold,[],使用者/消费者相关场景,仅凭分类名称无法确定具体场景或是否存在稳定有用的来源,screened
人物与人体,人物与人体 / 保护者 / 保护器,234,hold,[],人物与人体中的保护者相关类别,仅凭分类名称无法确定具体场景或稳定来源，缺乏明确的场景或承载环境支持,screened
人物与人体,人物与人体 / 信徒,22,hold,[],人物与人体 / 信徒,仅凭分类名称无法确定具体场景或是否存在稳定有用的来源,screened
人物与人体,人物与人体 / 候选人,20,hold,[],候选人相关场景,仅凭分类名称无法确定具体场景或是否存在稳定有用的来源,screened
人物与人体,人物与人体 / 倡导者 / 代言人,15,reject,[],代言人相关符号或文字,该类别主要为抽象符号、品牌标志或孤立人物特写，缺乏稳定、可用的场景或承载环境来源。,screened
人物与人体,人物与人体 / 倡导者 / 保护主义者,15,hold,[],人物与人体 / 倡导者 / 保护主义者,仅凭分类名称无法确定具体场景或稳定来源，缺乏明确的场景或承载环境支持。,screened
人物与人体,人物与人体 / 倡导者 / 联邦主义者,27,reject,[],倡导者类联邦主义相关符号或文字,该类别主要为抽象符号、文字或品牌标志，缺乏稳定、可用的场景或承载环境来源,screened
人物与人体,人物与人体 / 健康与身体状态 / 健康状态,20,hold,[],健康状态,仅凭分类名称无法确定具体场景或是否存在稳定有用的来源,screened
人物与人体,人物与人体 / 健康与身体状态 / 受伤状态,26,hold,[],受伤状态的相关场景,仅凭分类名称无法确定是否存在稳定有用的场景或承载区域来源,screened
人物与人体,人物与人体 / 健康与身体状态 / 患病状态,25,hold,[],患病状态,仅凭分类名称无法确定是否存在稳定有用的场景或承载区域来源,screened
人物与人体,人物与人体 / 健康与身体状态 / 残障状态,24,hold,[],残障状态相关的场景,仅凭分类名称无法确定具体场景或是否存在稳定有用的来源,screened
人物与人体,人物与人体 / 健康与身体状态 / 疲劳状态,23,hold,[],疲劳状态相关的场景,仅凭'疲劳状态'无法确定具体场景或稳定来源，缺乏明确的环境或承载面支持,screened
人物与人体,人物与人体 / 健康与身体状态 / 睡眠状态,23,keep,"[""卧室"", ""睡眠环境"", ""休息空间""]",与睡眠相关的室内场景和休息环境,睡眠状态常见于卧室等安静、私密的休息空间，具有稳定且普遍的场景来源,screened
人物与人体,人物与人体 / 健美运动员,19,hold,[],健美运动员相关场景,仅凭分类名称无法确定是否存在稳定有用的场景或承载区域来源,screened
人物与人体,人物与人体 / 健身活动,26,keep,"[""健身场所"", ""室内运动空间"", ""工作/生活区域""]",涉及人物进行健身活动的场景，如健身房、家庭锻炼区、公园运动区等,健身活动通常发生在有稳定场景和承载面的环境中，如健身房、家庭空间或户外公园，具备明确的可编辑环境结构。,screened
人物与人体,人物与人体 / 傻瓜 / 傻子,21,reject,[],人物与人体 / 傻瓜 / 傻子,该分类主要为抽象符号或纯文字表达，缺乏稳定、可用的场景或承载环境来源。,screened
人物与人体,人物与人体 / 傻瓜 / 绵羊,19,reject,[],人物与人体 / 傻瓜 / 绵羊,绵羊属于动物类别，不属于人物或人体范畴，且缺乏稳定、可用的场景或承载区域来源。,screened
人物与人体,人物与人体 / 关节类型 / 滑膜关节,61,reject,[],滑膜关节,滑膜关节属于人体解剖学中的抽象符号，缺乏稳定、可编辑的场景或承载环境来源。,screened
人物与人体,人物与人体 / 军事人员,25,keep,"[""军事场所"", ""作战环境"", ""训练场地""]",军事人员相关的场景和环境,军事人员通常出现在军事场所、作战环境或训练场地等稳定且具有明确场景的环境中，具备稳定的来源和可编辑性。,screened
人物与人体,人物与人体 / 军队,20,keep,"[""军事基地"", ""战场环境"", ""训练场所""]",军队相关的场景和环境，包括训练、部署、作战等场景,军队活动通常发生在具有稳定场景和承载结构的环境中，如军事基地、战场或训练场，具备明确的可编辑环境结构。,screened
人物与人体,人物与人体 / 创造者 / 农场主,72,keep,"[""农场环境"", ""农业生产场景"", ""农村生活空间""]",农场主在农业活动中的典型场景，包括耕作、管理牲畜、种植等与农场相关的日常行为,农场主通常出现在具有稳定农业场景的环境中，如农田、牧场、农舍等，这些场景具有持续性和可编辑性，能提供丰富的环境与行为参考,screened
人物与人体,人物与人体 / 创造者 / 制造者,73,hold,[],创造者与制造者相关的人体活动场景,仅凭分类名称无法确定具体场景或稳定来源，缺乏明确的场景或承载环境支持,screened
人物与人体,人物与人体 / 创造者 / 发明家,15,hold,[],发明家相关场景,仅凭分类名称无法确定是否存在稳定有用的场景或承载区域来源,screened
人物与人体,人物与人体 / 创造者 / 唱片制作人,18,reject,[],唱片制作人相关符号或文字,该类别主要为抽象符号、品牌标志或纯文字，缺乏稳定、可用的场景或承载区域来源,screened
人物与人体,人物与人体 / 创造者 / 嘻哈艺人,19,reject,[],嘻哈艺人相关符号或文字,该类别主要为抽象符号、品牌标志或孤立人物特写，缺乏稳定、可用的场景或承载环境来源。,screened
人物与人体,人物与人体 / 创造者 / 建筑师,18,hold,[],建筑师作为人物类别，缺乏明确的稳定场景或承载环境来源,仅凭‘建筑师’这一角色无法确定其与具体场景或环境的稳定关联，缺乏可召回的场景来源,screened
人物与人体,人物与人体 / 创造者 / 时装设计师,17,reject,[],时装设计师,该类别主要为抽象符号和品牌标志，缺乏稳定、可用的场景或承载区域来源。,screened
人物与人体,人物与人体 / 创造者 / 爵士艺术家,13,reject,[],爵士艺术家,该类别主要为抽象符号或品牌标志，缺乏稳定、可用的场景或承载区域来源。,screened
人物与人体,人物与人体 / 创造者 / 电影制作人,34,reject,[],电影制作人相关场景,电影制作人主要表现为抽象符号或品牌标志，缺乏稳定、可编辑的场景或承载环境来源,screened
人物与人体,人物与人体 / 创造者 / 编舞者,15,hold,[],创造者/编舞者相关场景,仅凭分类名称无法确定是否存在稳定有用的场景或承载区域来源,screened
人物与人体,人物与人体 / 创造者 / 融合爵士艺术家,12,reject,[],融合爵士艺术家,该类别主要为抽象符号或品牌标志，缺乏稳定、可用的场景或承载环境来源。,screened
人物与人体,人物与人体 / 创造者 / 设计师,16,hold,[],设计师相关的人体或创作场景,仅凭分类名称无法确定是否存在稳定有用的场景或承载区域来源,screened
人物与人体,人物与人体 / 动物臀部,18,reject,[],动物臀部,仅包含抽象符号或孤立小物特写，无稳定有用的场景或承载区域来源,screened
人物与人体,人物与人体 / 劳动者 / Sharpie记号笔,16,reject,[],Sharpie记号笔作为符号或工具,Sharpie记号笔属于抽象符号或孤立小物特写，缺乏稳定有用的场景或承载区域来源,screened
人物与人体,人物与人体 / 劳动者 / 仆人,19,hold,[],劳动者/仆人相关角色,仅凭分类名称无法确定具体场景或稳定来源，缺乏明确的场景或承载环境支持,screened
人物与人体,人物与人体 / 劳动者 / 修剪器,16,reject,[],修剪器相关场景,修剪器通常为抽象符号或孤立小物特写，缺乏稳定有用的场景或承载区域来源,screened
人物与人体,人物与人体 / 劳动者 / 办公室职员,20,keep,"[""办公场所"", ""室内工作环境""]",办公室职员在办公环境中的典型工作场景,办公室职员常见于办公场所，具有稳定且丰富的场景来源，能提供可靠的承载与可编辑环境,screened
人物与人体,人物与人体 / 劳动者 / 加油器,19,reject,[],加油器相关场景,加油器为孤立小物特写，无稳定有用的场景或承载区域来源,screened
人物与人体,人物与人体 / 劳动者 / 动画师,17,hold,[],劳动者/动画师类别,仅凭分类名称无法确定是否存在稳定有用的场景或承载区域来源,screened
人物与人体,人物与人体 / 劳动者 / 助手,227,hold,[],劳动者/助手相关的角色或行为场景,仅凭分类名称无法确定具体场景或是否存在稳定有用的来源,screened
人物与人体,人物与人体 / 劳动者 / 垫圈,11,hold,[],劳动者相关的垫圈,无法确定垫圈在劳动者场景中的稳定来源或具体使用环境,screened
人物与人体,人物与人体 / 劳动者 / 康伯鱼,15,reject,[],康伯鱼,康伯鱼是具体品牌或符号，无稳定场景或承载区域来源,screened
人物与人体,人物与人体 / 劳动者 / 志愿者,13,keep,"[""公共空间"", ""志愿服务场景""]",志愿者在公共空间或社区活动中出现的场景,志愿者通常出现在公共空间或社区服务场景中，具有稳定且可编辑的环境来源,screened
人物与人体,人物与人体 / 劳动者 / 技术工人,680,keep,"[""工作场所"", ""生产环境"", ""工业现场""]",技术工人在各类工作场景中的劳动环境与活动空间,技术工人通常出现在稳定的工作场所和生产环境中，具有明确的场景来源和可编辑的承载结构,screened
人物与人体,人物与人体 / 劳动者 / 投掷者,11,hold,[],劳动者/投掷者相关场景,仅凭分类名称无法确定具体场景或稳定来源，缺乏明确的场景或承载环境支持,screened
人物与人体,人物与人体 / 劳动者 / 护理人员,18,keep,"[""医疗场景"", ""护理环境"", ""医院室内""]",护理人员在医疗或护理相关场景中的工作环境,护理人员通常出现在医院、养老院等稳定场景中，具有明确的承载面和可编辑环境结构,screened
人物与人体,人物与人体 / 劳动者 / 收藏家,13,hold,[],劳动者/收藏家类别,仅凭分类名称无法确定是否存在稳定有用的场景或承载区域来源,screened
人物与人体,人物与人体 / 劳动者 / 服务员,14,keep,"[""服务场景"", ""餐饮环境"", ""室内工作场所""]",服务员在餐饮、零售或服务类场所中的工作场景,服务员常见于餐饮、零售等服务场景，具有稳定且可编辑的环境来源,screened
人物与人体,人物与人体 / 劳动者 / 染色器,12,reject,[],染色器相关场景,染色器为抽象符号或孤立小物特写，无稳定有用的场景或承载区域来源,screened
人物与人体,人物与人体 / 劳动者 / 洗涤器,23,reject,[],洗涤器,洗涤器通常为抽象符号或孤立小物特写，缺乏稳定有用的场景或承载区域来源。,screened
人物与人体,人物与人体 / 劳动者 / 炭炉,12,hold,[],劳动者/炭炉相关场景,仅凭'炭炉'无法确定稳定可用的场景或承载环境来源，缺乏明确的场景覆盖,screened
人物与人体,人物与人体 / 劳动者 / 焊工,20,keep,"[""工作场所"", ""生产环境"", ""工业现场""]",焊工主要出现在工业生产或维修现场，具有稳定的场景来源,焊工通常在工厂、车间或施工现场工作，具有明确且稳定的场景来源，符合可编辑环境结构要求,screened
人物与人体,人物与人体 / 劳动者 / 熔化工,19,hold,[],劳动者/熔化工,仅凭分类名称无法确定是否存在稳定有用的场景或承载区域来源,screened
人物与人体,人物与人体 / 劳动者 / 琵嘴鸭,16,reject,[],琵嘴鸭作为鸟类，不构成稳定场景或承载环境,琵嘴鸭是具体动物物种，属于生物个体，缺乏稳定、可编辑的场景或承载环境来源,screened
人物与人体,人物与人体 / 劳动者 / 瓦工,15,keep,"[""建筑工地"", ""施工环境"", ""户外劳动场景""]",瓦工在建筑工地或施工环境中进行劳动的场景,瓦工通常在建筑工地或施工环境中工作，具有稳定且常见的场景来源,screened
人物与人体,人物与人体 / 劳动者 / 硬草帽,58,hold,[],劳动者佩戴硬草帽的场景,仅凭'硬草帽'无法确定稳定或广泛的场景来源，缺乏明确的环境或承载结构支持,screened
人物与人体,人物与人体 / 劳动者 / 种植者,20,keep,"[""农田"", ""种植场景"", ""自然环境""]",种植者在农田或自然环境中进行种植活动的场景,种植者通常出现在农田或自然环境中，具有稳定且可编辑的场景来源，符合室内或户外劳动场景的覆盖需求,screened
人物与人体,人物与人体 / 劳动者 / 职员,267,keep,"[""工作场所"", ""办公环境"", ""生产现场""]",劳动者在工作或劳动场景中的常见环境,职员通常出现在办公或生产环境中，具有稳定且广泛的场景来源,screened
人物与人体,人物与人体 / 劳动者 / 衣架,18,reject,[],衣架相关场景,衣架属于孤立小物特写，缺乏稳定、可用的场景或承载区域来源,screened
人物与人体,人物与人体 / 劳动者 / 采石工,18,keep,"[""工作场所"", ""自然环境"", ""采石现场""]",采石工在采石现场或自然山体环境中进行劳动的场景,采石工通常在自然山体或露天矿区等具有稳定场景和承载面的环境中工作，具备明确的场景来源和可编辑环境结构,screened
人物与人体,人物与人体 / 劳动者 / 钳子,17,reject,[],钳子作为工具，通常出现在维修或工业场景中，但其本身不构成稳定场景或承载环境,钳子是孤立工具，缺乏稳定、可重复的场景或承载环境来源，仅作为符号或工具特写存在,screened
人物与人体,人物与人体 / 劳动者 / 集材机,19,reject,[],集材机相关场景,集材机属于机械设备，缺乏稳定、非偶然的场景或承载区域来源，主要为抽象符号或工业设备特写，不符合有实际可编辑环境结构的条件,screened
人物与人体,人物与人体 / 劳动者 / 雨刷,14,reject,[],雨刷,雨刷为抽象符号或孤立小物特写，无稳定有用的场景或承载区域来源,screened
人物与人体,人物与人体 / 劳动者 / 露天看台,19,keep,"[""露天看台"", ""公共空间"", ""户外环境""]",露天看台作为劳动者活动的常见场景，包含各类户外劳动或观察行为,露天看台是劳动者在户外环境中常见的承载与活动区域，具有稳定且可编辑的场景来源,screened
人物与人体,人物与人体 / 劳动者 / 驾驶员,28,keep,"[""交通环境"", ""工作场所""]",驾驶员在交通或工作场景中的出现,驾驶员通常出现在交通环境中，具有稳定且可编辑的场景来源,screened
人物与人体,人物与人体 / 劳工运动,18,hold,[],劳工运动相关的人体活动场景,仅凭分类名称无法确定具体场景或是否存在稳定有用的来源,screened
人物与人体,人物与人体 / 医务人员,130,keep,"[""医疗场所"", ""医院环境"", ""诊疗场景""]",医务人员在医疗环境中的工作场景,医务人员通常出现在医院、诊所等稳定医疗场景中，具有明确的场景和承载环境,screened
人物与人体,人物与人体 / 医学影像,18,reject,[],医学影像,主要提供抽象符号和纯文字内容，缺乏稳定有用的场景或承载区域来源。,screened
人物与人体,人物与人体 / 历史人物类别,57,hold,[],历史人物类别,仅凭分类名称无法确定具体场景或稳定来源，缺乏明确的场景或承载环境支持,screened
人物与人体,人物与人体 / 原住民 / 俄罗斯人或俄语,16,hold,[],俄罗斯人或俄语相关的人体与文化场景,仅凭分类名称无法确定具体场景或稳定来源，缺乏明确的可编辑环境或承载区域,screened
人物与人体,人物与人体 / 原住民 / 菲律宾人,19,hold,[],菲律宾人相关的人体与文化场景,仅凭分类名称无法确定是否存在稳定有用的场景或承载区域来源,screened
人物与人体,人物与人体 / 参赛者 / 优胜者,16,hold,[],参赛者或优胜者相关的人体场景,仅凭分类名称无法确定具体场景或稳定来源，缺乏明确的可编辑环境或承载区域,screened
人物与人体,人物与人体 / 参赛者 / 参与者,157,hold,[],参赛者或参与者,仅凭分类名称无法确定具体场景或稳定来源，缺乏明确的场景或承载环境支持,screened
人物与人体,人物与人体 / 参赛者 / 挑战者,43,hold,[],参赛者或挑战者相关的人体场景,仅凭分类名称无法确定具体场景或是否存在稳定有用的来源,screened
人物与人体,人物与人体 / 参赛者 / 板球运动员,15,hold,[],参赛者,仅凭分类名称无法确定是否存在稳定有用的场景或承载区域来源,screened
人物与人体,人物与人体 / 双子座主题,16,hold,[],双子座主题相关的人物与人体,仅凭分类名称无法确定具体场景或稳定来源，缺乏明确的场景或承载环境支持,screened
人物与人体,人物与人体 / 反对者,19,hold,[],人物与人体 / 反对者,仅凭分类名称无法确定具体场景或稳定来源，缺乏明确的场景或承载环境支持。,screened
人物与人体,人物与人体 / 发型与毛发 / 丸子头,21,hold,[],发型与毛发中的丸子头,仅凭'丸子头'无法确定其是否具有稳定可用的场景或承载环境来源,screened
人物与人体,人物与人体 / 发型与毛发 / 光头,18,keep,"[""人物外观"", ""发型场景""]",光头作为人物发型的一种，常见于各类人物场景中，如街头、工作、日常生活中,光头作为一种稳定的人发状态，常见于多种人物场景中，具有明确的视觉来源和可编辑性,screened
人物与人体,人物与人体 / 发型与毛发 / 刘海,19,reject,[],刘海,刘海属于发型的局部特征，缺乏稳定、广泛的场景或承载环境来源，多为人物特写或符号化表现，无实际可编辑的场景支撑。,screened
人物与人体,人物与人体 / 发型与毛发 / 卷发,19,hold,[],发型与毛发的卷发类型,仅凭'卷发'无法确定是否存在稳定有用的场景或承载区域来源,screened
人物与人体,人物与人体 / 发型与毛发 / 双马尾,20,hold,[],发型与毛发类别,仅凭'双马尾'无法确定稳定场景或承载环境来源，缺乏明确的场景关联,screened
人物与人体,人物与人体 / 发型与毛发 / 平头,18,hold,[],发型与毛发中的平头类型,仅凭'平头'无法确定是否存在稳定有用的场景或承载区域来源,screened
人物与人体,人物与人体 / 发型与毛发 / 整理头发,12,hold,[],发型与毛发的整理场景,仅凭分类名称无法确定是否存在稳定有用的场景或承载区域来源,screened
人物与人体,人物与人体 / 发型与毛发 / 盘发,54,hold,[],发型与毛发的盘发样式,仅凭'盘发'无法确定是否存在稳定有用的场景或承载区域来源,screened
人物与人体,人物与人体 / 发型与毛发 / 直发,19,hold,[],发型与毛发的直发类型,仅凭'直发'无法确定是否存在稳定有用的场景或承载区域来源,screened
人物与人体,人物与人体 / 发型与毛发 / 短发,19,hold,[],发型与毛发的短发类型,仅凭'短发'无法确定是否存在稳定有用的场景或承载区域来源,screened
人物与人体,人物与人体 / 发型与毛发 / 编发,50,hold,[],发型与毛发的编发相关场景,仅凭分类名称无法确定是否存在稳定有用的场景或承载区域来源,screened
人物与人体,人物与人体 / 发型与毛发 / 胡须,35,reject,[],胡须相关的人体特征,胡须多为抽象符号或孤立特写，缺乏稳定、通用的场景或承载环境来源,screened
人物与人体,人物与人体 / 发型与毛发 / 脏辫,18,hold,[],发型与毛发类别,仅凭'脏辫'无法确定其是否具有稳定场景或承载环境来源,screened
人物与人体,人物与人体 / 发型与毛发 / 长发,21,hold,[],发型与毛发的长发相关场景,仅凭'长发'无法确定是否存在稳定有用的场景或承载区域来源,screened
人物与人体,人物与人体 / 发型与毛发 / 马尾辫,18,hold,[],发型与毛发,仅凭'马尾辫'无法确定是否存在稳定有用的场景或承载区域来源,screened
人物与人体,人物与人体 / 发型样式,307,hold,[],发型样式,仅凭分类名称无法确定是否存在稳定有用的场景或承载区域来源,screened
人物与人体,人物与人体 / 发布会场景,19,keep,"[""发布会场景"", ""室内会议环境"", ""公共活动空间""]",发布会场景中的室内环境与人物互动空间,发布会场景具有稳定且常见的场景来源，包含明确的室内空间和人物活动结构，适合召回相关图片,screened
人物与人体,人物与人体 / 受气包,19,reject,[],人物与人体 / 受气包,该分类主要涉及抽象符号或孤立小物特写，缺乏稳定有用的场景或承载区域来源。,screened
人物与人体,人物与人体 / 右手投手,19,hold,[],人物与人体 / 右手投手,仅凭分类名称无法确定具体场景或稳定来源，缺乏明确的场景或承载环境支持。,screened
人物与人体,人物与人体 / 同居伴侣,21,hold,[],人物与人体 / 同居伴侣,仅凭分类名称无法确定具体场景或稳定来源，缺乏明确的场景或承载环境支持。,screened
人物与人体,人物与人体 / 同行,16,hold,[],人物与人体 / 同行,仅凭分类名称无法确定具体场景或稳定来源，缺乏明确的场景或承载环境支持。,screened
人物与人体,人物与人体 / 后方区域,17,keep,"[""后方区域"", ""人物场景"", ""空间环境""]",人物活动中的后方区域，如背景环境、视野延伸区域等,后方区域在人物场景中具有稳定存在的空间来源，可作为支撑或背景环境提供可编辑空间,screened
人物与人体,人物与人体 / 吐舌头,19,reject,[],人物与人体 / 吐舌头,该分类仅包含抽象表情符号或孤立的人体动作特写，缺乏稳定、可用的场景或承载环境来源。,screened
人物与人体,人物与人体 / 咳嗽动作,20,reject,[],咳嗽动作,咳嗽动作通常为抽象符号或孤立人体特写，缺乏稳定、可用的场景或承载区域来源。,screened
人物与人体,人物与人体 / 器官,11,reject,[],器官作为人体组成部分，通常以抽象符号或医学图像呈现,器官类别主要呈现为抽象符号、医学图示或文字标注，缺乏稳定、可编辑的场景或承载环境来源,screened
人物与人体,人物与人体 / 器官 / 刺,17,reject,[],器官类刺的抽象符号或医学图像,刺属于器官的抽象或医学描述，缺乏稳定、可编辑的场景或承载环境来源,screened
人物与人体,人物与人体 / 器官 / 勃起器官,17,reject,[],器官类符号或纯文字,该分类属于抽象符号或纯文字，缺乏稳定、可用的场景或承载区域来源。,screened
人物与人体,人物与人体 / 器官 / 发音器官,51,reject,[],发音器官,该分类主要涉及抽象符号或纯文字，缺乏稳定、可用的场景或承载区域来源。,screened
人物与人体,人物与人体 / 器官 / 受体,15,reject,[],器官/受体相关结构,该分类主要涉及抽象符号或医学概念，缺乏稳定、可编辑的场景或承载环境来源。,screened
人物与人体,人物与人体 / 器官 / 收缩器官,18,reject,[],器官类收缩结构,该类别主要为抽象生理结构，缺乏稳定、可编辑的场景或承载环境来源。,screened
人物与人体,人物与人体 / 器官 / 翅膀,18,reject,[],器官类结构,翅膀属于抽象符号或生物解剖结构，缺乏稳定、可用的场景或承载环境来源。,screened
人物与人体,人物与人体 / 器官 / 舌,28,reject,[],仅包含器官符号或解剖图示,舌作为器官通常以抽象符号或解剖图示呈现，缺乏稳定、可编辑的场景或承载环境来源,screened
人物与人体,人物与人体 / 回收人员,20,hold,[],回收人员,仅凭分类名称无法确定具体场景或稳定来源，缺乏明确的场景或承载环境支持,screened
人物与人体,人物与人体 / 国民 / 公民,21,keep,"[""公共空间"", ""社会场景"", ""日常生活""]",公民在公共场合或社会生活中的常见场景,公民在各类公共空间中具有稳定且广泛的出现场景，能提供丰富的社会与生活背景,screened
人物与人体,人物与人体 / 坏人 / 作恶者,164,reject,[],该类别主要涉及抽象符号或负面标签，缺乏稳定、可编辑的场景或承载环境来源,该类别多为抽象符号或负面标签，缺乏稳定、可编辑的场景或承载环境来源，无法提供实际的视觉场景或可编辑环境结构,screened
人物与人体,人物与人体 / 坏人 / 浪荡子,37,reject,[],坏人/浪荡子相关抽象符号或文字,该分类主要涉及抽象符号、纯文字或品牌标志，缺乏稳定、可用的场景或承载区域来源。,screened
人物与人体,人物与人体 / 垃圾收集员,20,keep,"[""城市街道"", ""公共区域"", ""垃圾处理环境""]",垃圾收集员在城市街道或公共区域执行任务的场景,垃圾收集员通常出现在城市街道或公共区域，具有稳定的场景来源和可编辑的环境结构,screened
人物与人体,人物与人体 / 基督诞生场景,22,hold,"[""宗教场景""]",基督诞生场景相关的宗教或文化场景,分类名称具体但缺乏明确的稳定场景来源，无法确定是否存在可编辑的承载环境或通用场景,screened
人物与人体,人物与人体 / 基础年龄属性 / 中年,19,hold,[],中年人物的常见生活场景,仅凭'中年'这一年龄属性无法确定具体场景或稳定来源，缺乏明确的场景化表现,screened
人物与人体,人物与人体 / 基础年龄属性 / 儿童,67,keep,"[""家庭环境"", ""幼儿园场景"", ""儿童活动空间""]",儿童出现在家庭、教育机构及日常活动场景中,儿童常见于家庭、幼儿园等具有稳定场景和承载环境的场所，能提供丰富的可编辑环境结构,screened
人物与人体,人物与人体 / 基础年龄属性 / 婴儿,28,keep,"[""家庭环境"", ""育儿场景""]",婴儿常见出现的家居和育儿场景,婴儿常出现在家庭环境中，如婴儿床、客厅、育儿室等，具有稳定且可编辑的场景来源,screened
人物与人体,人物与人体 / 基础年龄属性 / 少年,118,hold,[],少年相关的场景,仅凭'少年'这一年龄属性无法确定具体场景或稳定来源，缺乏明确的场景或承载环境支持,screened
人物与人体,人物与人体 / 基础年龄属性 / 幼儿,16,hold,[],幼儿相关的场景,仅凭'幼儿'这一属性无法确定稳定且可用的场景来源或承载环境,screened
人物与人体,人物与人体 / 基础年龄属性 / 老年,22,keep,"[""养老院"", ""家庭环境"", ""社区活动""]",老年相关的人类活动和生活环境,老年群体在养老院、家庭和社区中具有稳定且常见的场景来源，能提供可靠的承载与环境结构。,screened
人物与人体,人物与人体 / 基础年龄属性 / 青年,18,hold,[],青年人群的常见场景,仅凭'青年'这一年龄属性无法确定稳定或具体的场景来源或承载环境,screened
人物与人体,人物与人体 / 外部身体部位 / 人类的脸,17,keep,"[""面部场景"", ""室内环境"", ""社交场景""]",人类的脸在各种日常和社交场景中作为可见的外部身体部位出现,人脸在多种场景中稳定出现，如室内、社交互动、公共空间等，具有明确的场景来源和可编辑性,screened
人物与人体,人物与人体 / 外部身体部位 / 唇,25,reject,[],唇,唇属于人体外部身体部位，通常为纯文字或孤立特写，缺乏稳定、可用的场景或承载环境来源。,screened
人物与人体,人物与人体 / 外部身体部位 / 头,16,hold,[],人物与人体 / 外部身体部位 / 头,仅凭分类名称无法确定是否存在稳定有用的场景或承载区域来源,screened
人物与人体,人物与人体 / 外部身体部位 / 宫颈,18,reject,[],宫颈,宫颈属于人体内部器官，缺乏稳定、非偶然的场景或承载区域来源，仅存在于医学或解剖学语境中，不符合环境或可编辑结构的判断标准。,screened
人物与人体,人物与人体 / 外部身体部位 / 成员,59,hold,[],人物与人体的外部身体部位,仅凭分类名称无法确定具体场景或稳定来源，缺乏明确的场景或承载环境支持,screened
人物与人体,人物与人体 / 外部身体部位 / 肢端,107,hold,[],人物与人体的外部身体部位,仅凭分类名称无法确定具体场景或稳定来源，缺乏明确的场景或承载环境支持,screened
人物与人体,人物与人体 / 大人 / 专业人员,165,hold,[],专业人员,仅凭分类名称无法确定具体场景或是否存在稳定有用的来源,screened
人物与人体,人物与人体 / 大人 / 主人,19,hold,[],大人作为主人的场景,仅凭'主人'无法确定具体场景或稳定来源，缺乏明确的环境或承载结构支撑,screened
人物与人体,人物与人体 / 大人 / 有影响力的人,38,hold,[],大人中的有影响力的人,仅凭分类名称无法确定具体场景或稳定来源，缺乏明确的场景或承载环境支持,screened
人物与人体,人物与人体 / 大人 / 老人,33,keep,"[""室内环境"", ""家庭场景"", ""社区公共空间""]",老人在日常生活和家庭或社区中的活动场景,老人常见于家庭、社区等稳定场景，具有明确的承载和环境来源,screened
人物与人体,人物与人体 / 大人 / 资本家,19,reject,[],资本家相关符号或文字,该类别主要为抽象符号或品牌标志，缺乏稳定、可用的场景或承载区域来源,screened
人物与人体,人物与人体 / 大块头的人 / 巨人,20,hold,[],巨人相关场景,仅凭分类名称无法确定是否存在稳定有用的场景或承载区域来源,screened
人物与人体,人物与人体 / 头倒立,17,reject,[],头倒立作为一种人体姿态，通常为抽象或艺术表现，缺乏稳定、普遍的场景或承载环境来源,头倒立属于极端人体姿态，多见于特写或艺术表现，缺乏稳定、可编辑的场景或承载环境，无法提供通用的场景来源,screened
人物与人体,人物与人体 / 头撞,19,reject,[],头撞相关场景,头撞属于抽象符号或孤立事件，缺乏稳定、可用的场景或承载区域来源,screened
人物与人体,人物与人体 / 好人 / 佛,17,reject,[],佛,佛属于抽象符号和宗教标志，缺乏稳定、可用的场景或承载区域来源。,screened
人物与人体,人物与人体 / 好人 / 恩人,20,hold,[],人物与人体 / 好人 / 恩人,仅凭分类名称无法确定具体场景或稳定来源，缺乏明确的场景或承载环境支持。,screened
人物与人体,人物与人体 / 好人 / 砖,20,reject,[],砖,砖是抽象符号或孤立小物特写，无稳定有用的场景或承载区域来源,screened
人物与人体,人物与人体 / 姓名,29,reject,[],姓名,仅包含抽象文字或品牌标识，无稳定场景或承载区域来源,screened
人物与人体,人物与人体 / 学习者 / 书呆子,19,hold,[],学习者类人物,仅凭'书呆子'无法确定稳定场景或承载环境来源，缺乏明确的场景或空间关联,screened
人物与人体,人物与人体 / 宗教人士 / 上级,19,hold,[],宗教人士的上级,仅凭分类名称无法确定具体场景或稳定来源，缺乏明确的场景或承载环境支持,screened
人物与人体,人物与人体 / 宗教人士 / 佛教徒,18,hold,[],佛教徒,仅凭分类名称无法确定是否存在稳定有用的场景或承载区域来源,screened
人物与人体,人物与人体 / 宗教人士 / 信仰者,35,hold,[],宗教人士/信仰者相关场景,仅凭分类名称无法确定具体场景或是否存在稳定有用的来源,screened
人物与人体,人物与人体 / 宗教人士 / 修士,16,hold,[],宗教人士/修士相关场景,仅凭分类名称无法确定是否存在稳定有用的场景或承载区域来源,screened
人物与人体,人物与人体 / 宗教人士 / 修女,16,hold,[],宗教人士/修女,仅凭分类名称无法确定是否存在稳定有用的场景或承载区域来源,screened
人物与人体,人物与人体 / 宗教人士 / 先知,15,reject,[],宗教人士/先知的相关符号或文字标志,该类别主要为抽象符号、文字标志或品牌标识，缺乏稳定、可编辑的场景或承载环境来源。,screened
人物与人体,人物与人体 / 宗教人士 / 初学者,19,hold,[],宗教人士初学者的相关场景,仅凭分类名称无法确定是否存在稳定有用的场景或承载区域来源,screened
人物与人体,人物与人体 / 宗教人士 / 印度教徒,19,hold,[],宗教人士,仅凭分类名称无法确定具体场景或稳定来源，缺乏明确的场景或承载环境支持,screened
人物与人体,人物与人体 / 宗教人士 / 基督徒,15,hold,[],宗教人士中的基督徒,仅凭分类名称无法确定是否存在稳定有用的场景或承载区域来源,screened
人物与人体,人物与人体 / 宗教人士 / 穆斯林,52,hold,[],宗教人士,仅凭分类名称无法确定具体场景或稳定来源，缺乏明确的场景或承载环境支持,screened
人物与人体,人物与人体 / 客户,19,hold,[],人物与人体 / 客户,仅凭分类名称无法确定具体场景或是否存在稳定有用的来源,screened
人物与人体,人物与人体 / 容貌 / 下巴,23,reject,[],人物与人体的容貌特征,下巴属于人物容貌的抽象符号，缺乏稳定、可用的场景或承载区域来源,screened
人物与人体,人物与人体 / 容貌 / 两颊,22,reject,[],两颊作为人物容貌的一部分，通常以特写或符号形式出现,两颊属于人物容貌的抽象局部，缺乏稳定、可编辑的场景或承载环境来源，多为纯文字或符号化表现,screened
人物与人体,人物与人体 / 容貌 / 前部,20,hold,[],人物与人体的前部容貌,仅凭'前部'无法确定稳定场景或承载区域来源，缺乏明确的视觉环境支撑,screened
人物与人体,人物与人体 / 容貌 / 颌,20,reject,[],颌部轮廓或面部特征,颌部通常仅作为人物面容的抽象符号或特写，缺乏稳定、可编辑的场景或承载环境来源,screened
人物与人体,人物与人体 / 富人,39,hold,[],富人相关的人物场景,仅凭'富人'这一分类无法确定稳定或可编辑的场景来源，缺乏具体场景或承载环境的明确指向,screened
人物与人体,人物与人体 / 小物件,18,hold,[],人物与人体相关的小物件,仅凭分类名称无法确定是否存在稳定有用的场景或承载区域来源,screened
人物与人体,人物与人体 / 小腿胫部,18,reject,[],小腿胫部,仅包含人体局部，缺乏稳定场景或承载环境来源,screened
人物与人体,人物与人体 / 尾巴,17,reject,[],人物与人体 / 尾巴,尾巴为抽象符号或孤立小物特写，缺乏稳定有用的场景或承载区域来源,screened
人物与人体,人物与人体 / 居住场所,24,keep,"[""室内空间"", ""居住环境"", ""家庭场景""]",与人物居住相关的室内空间和生活场景,居住场所包含稳定且常见的室内场景，如客厅、卧室、厨房等，具有明确的场景来源和可编辑性,screened
人物与人体,人物与人体 / 左心室收缩,26,reject,[],左心室收缩,该分类属于人体解剖学中的抽象符号，缺乏稳定、可用的场景或承载环境来源。,screened
人物与人体,人物与人体 / 平民 / 乡下居民,11,keep,"[""乡村环境"", ""农村生活场景"", ""田园生活""]",乡下居民所处的乡村生活环境及日常活动场景,乡下居民常出现在乡村环境、农村生活场景中，具有稳定且丰富的场景来源,screened
人物与人体,人物与人体 / 年龄层 / 老年人,19,keep,"[""养老院"", ""社区活动场所"", ""家庭环境""]",老年人在日常生活和社交场景中的常见环境,老年人常出现在养老院、社区活动场所和家庭环境中，这些场景具有稳定且持续的来源，适合召回相关图片,screened
人物与人体,人物与人体 / 异装者,15,hold,[],人物与人体 / 异装者,仅凭分类名称无法确定是否存在稳定有用的场景或承载区域来源,screened
人物与人体,人物与人体 / 异议者,18,hold,[],人物与人体 / 异议者,仅凭分类名称无法确定具体场景或稳定来源，缺乏明确的场景或承载环境支持。,screened
人物与人体,人物与人体 / 弱者,22,hold,[],人物与人体 / 弱者,仅凭分类名称无法确定具体场景或是否存在稳定有用的来源,screened
人物与人体,人物与人体 / 强迫性人格者 / 暴露癖者,18,reject,[],该类别仅涉及抽象人格特征，无稳定、可编辑的场景或承载环境来源,暴露癖者属于人格障碍范畴，通常不对应任何稳定或可编辑的物理场景或环境结构,screened
人物与人体,人物与人体 / 性别与生理属性 / 女性,446,hold,[],性别与生理属性中的女性相关描述,仅凭'女性'这一属性无法确定稳定可用的场景或承载环境来源,screened
人物与人体,人物与人体 / 性别与生理属性 / 孕产状态,21,reject,[],性别与生理属性 / 孕产状态,该分类主要涉及抽象符号和纯文字描述，缺乏稳定、可编辑的场景或承载环境来源。,screened
人物与人体,人物与人体 / 性别与生理属性 / 生理发育阶段,20,hold,[],生理发育阶段,仅凭分类名称无法确定具体场景或稳定来源，缺乏明确的场景化或环境支撑,screened
人物与人体,人物与人体 / 性别与生理属性 / 男性,291,reject,[],男性相关属性,该分类仅涉及抽象生理属性，缺乏稳定、可编辑的场景或承载环境来源。,screened
人物与人体,人物与人体 / 想象生物 / 圣诞老人,15,reject,[],圣诞老人,仅提供抽象符号和品牌标志，缺乏稳定有用的场景或承载区域来源,screened
人物与人体,人物与人体 / 想象生物 / 虚构人物,16,reject,[],虚构人物,虚构人物通常只提供抽象符号或孤立小物特写，缺乏稳定有用的场景或承载区域来源。,screened
人物与人体,人物与人体 / 愚人,12,hold,[],人物与人体 / 愚人,仅凭分类名称无法确定具体场景或是否存在稳定有用的来源,screened
人物与人体,人物与人体 / 感知者 / 旁观者,20,hold,[],人物与人体 / 感知者 / 旁观者,仅凭分类名称无法确定是否存在稳定有用的场景或承载区域来源,screened
人物与人体,人物与人体 / 成功人士,18,hold,[],人物与人体 / 成功人士,仅凭分类名称无法确定具体场景或稳定来源，缺乏明确的场景或承载环境支持。,screened
人物与人体,人物与人体 / 战士 / 武士,19,hold,[],武士,仅凭分类名称无法确定是否存在稳定有用的场景或承载区域来源,screened
人物与人体,人物与人体 / 所有者 / 容器,17,hold,[],人物与人体所属的容器类别,仅凭分类名称无法确定具体场景或稳定来源，缺乏明确的场景或承载环境支持,screened
人物与人体,人物与人体 / 手倒立,15,hold,[],人物与人体 / 手倒立,仅凭分类名称无法确定是否存在稳定有用的场景或承载区域来源,screened
人物与人体,人物与人体 / 技能不熟练者 / 初学者,30,hold,[],初学者相关的场景,仅凭分类名称无法确定是否存在稳定有用的场景或承载区域来源,screened
人物与人体,人物与人体 / 投掷者 / 棒球投手,15,hold,[],人物与人体 / 投掷者 / 棒球投手,仅凭分类名称无法确定是否存在稳定有用的场景或承载区域来源。,screened
人物与人体,人物与人体 / 拟人化 / 化身,20,hold,[],拟人化化身相关场景,仅凭分类名称无法确定具体场景或是否存在稳定有用的来源,screened
人物与人体,人物与人体 / 拟人化 / 女王,18,reject,[],拟人化女王,仅提供抽象符号或纯文字形象，缺乏稳定、可用的场景或承载区域来源,screened
人物与人体,人物与人体 / 拳击者,18,hold,[],人物与人体 / 拳击者,仅凭分类名称无法确定是否存在稳定有用的场景或承载区域来源,screened
人物与人体,人物与人体 / 探险者 / 潜水员,19,keep,"[""水下环境"", ""海洋场景"", ""潜水活动""]",潜水员在水下探险的场景，包括海洋、海底地形、水下设施等,潜水员常出现在水下环境，提供稳定且丰富的场景和承载面，适合用于视觉编辑和概念关联。,screened
人物与人体,人物与人体 / 摆姿势拍照,19,hold,[],人物与人体 / 摆姿势拍照,仅凭分类名称无法确定是否存在稳定有用的场景或承载区域来源,screened
人物与人体,人物与人体 / 摔倒事件,17,hold,[],人物与人体 / 摔倒事件,仅凭分类名称无法确定是否存在稳定有用的场景或承载区域来源。,screened
人物与人体,人物与人体 / 摩托车赛车手,17,hold,[],人物与人体 / 摩托车赛车手,仅凭分类名称无法确定是否存在稳定有用的场景或承载区域来源。,screened
人物与人体,人物与人体 / 收藏家 / 邮票收藏家,14,reject,[],邮票收藏家相关场景,邮票收藏家主要涉及抽象符号和品牌标志，缺乏稳定、通用的场景或承载区域来源,screened
人物与人体,人物与人体 / 政治人物类别,20,hold,[],政治人物类别,仅凭分类名称无法确定具体场景或稳定来源，缺乏明确的场景或承载环境支持,screened
人物与人体,人物与人体 / 斗牛士 / 花镖手,19,reject,[],斗牛士和花镖手相关的符号或文字表现,该分类主要为抽象符号或特定文化形象，缺乏稳定、通用的场景或承载环境来源,screened
人物与人体,人物与人体 / 斗牛士 / 骑马斗牛士,18,hold,[],人物与人体 / 斗牛士 / 骑马斗牛士,仅凭分类名称无法确定是否存在稳定有用的场景或承载区域来源。,screened
人物与人体,人物与人体 / 斯拉夫人,34,hold,[],斯拉夫人相关的人体或人物场景,仅凭分类名称无法确定具体场景或是否存在稳定有用的来源,screened
人物与人体,人物与人体 / 旅行者 / 乘客,19,hold,[],旅行者或乘客相关的场景,仅凭分类名称无法确定具体场景或是否存在稳定有用的来源,screened
人物与人体,人物与人体 / 旅行者 / 外人,19,hold,[],旅行者或外人相关的场景,仅凭分类名称无法确定具体场景或是否存在稳定有用的来源,screened
人物与人体,人物与人体 / 旅行者 / 太空人,19,reject,[],太空人,太空人主要为抽象符号或孤立小物特写，缺乏稳定有用的场景或承载区域来源。,screened
人物与人体,人物与人体 / 旅行者 / 度假者,17,keep,"[""度假环境"", ""旅游景点"", ""休闲场所""]",与旅行者相关的度假场景和休闲环境,度假者通常出现在旅游景点、休闲场所和度假环境等稳定场景中，具有明确的场景来源。,screened
人物与人体,人物与人体 / 旅行者 / 搬运者,36,hold,[],人物与人体 / 旅行者 / 搬运者,仅凭分类名称无法确定是否存在稳定有用的场景或承载区域来源,screened
人物与人体,人物与人体 / 旅行者 / 摩托车手,16,hold,[],人物与人体 / 旅行者 / 摩托车手,仅凭分类名称无法确定是否存在稳定有用的场景或承载区域来源。,screened
人物与人体,人物与人体 / 旅行者 / 旅人,17,hold,[],旅人相关的场景,仅凭分类名称无法确定是否存在稳定有用的场景或承载区域来源,screened
人物与人体,人物与人体 / 旅行者 / 椽子,19,reject,[],人物与人体 / 旅行者 / 椽子,‘椽子’为建筑构件，属于建筑结构而非旅行者相关，无稳定场景或承载区域来源，不符合旅行者类别的语义和场景要求。,screened
人物与人体,人物与人体 / 旅行者 / 步行的人,75,keep,"[""步行场景"", ""城市街道"", ""公共空间""]",旅行者在城市或公共场所步行的场景,步行的人类活动常见于城市街道、公园等公共空间，具有稳定且广泛的场景来源,screened
人物与人体,人物与人体 / 旅行者 / 洗浴者,33,hold,[],旅行者在洗浴场景中的相关环境,仅凭分类名称无法确定是否存在稳定有用的场景或承载区域来源,screened
人物与人体,人物与人体 / 旅行者 / 漫游者,17,hold,[],旅行者或漫游者相关的人体场景,仅凭分类名称无法确定是否存在稳定有用的场景或承载区域来源,screened
人物与人体,人物与人体 / 旅行者 / 航空旅客,15,keep,"[""交通环境"", ""机场场景""]",航空旅客在机场或飞行过程中的典型场景,航空旅客常出现在机场、登机口、候机区等稳定且具有明确承载和交互环境的场景中，具备可编辑的环境结构和丰富的真实来源。,screened
人物与人体,人物与人体 / 旅行者 / 航行者,19,keep,"[""航行场景"", ""海上环境"", ""交通环境""]",与航行相关的场景，如船只、港口、海洋航行等,航行者通常出现在海上或港口等稳定场景中，具有明确的承载面和环境结构,screened
人物与人体,人物与人体 / 旅行者 / 跑步者,19,hold,[],旅行者跑步者,仅凭分类名称无法确定是否存在稳定有用的场景或承载区域来源,screened
人物与人体,人物与人体 / 旅行者 / 迁徙者,19,hold,[],旅行者与迁徙者相关的人体场景,仅凭分类名称无法确定具体场景或稳定来源，缺乏明确的可编辑环境结构或承载面,screened
人物与人体,人物与人体 / 旅行者 / 追随者,20,hold,[],人物与人体 / 旅行者 / 追随者,仅凭分类名称无法确定是否存在稳定有用的场景或承载区域来源,screened
人物与人体,人物与人体 / 旅行者 / 雪橇犬驾手,18,keep,"[""雪地环境"", ""户外旅行"", ""极地场景""]",雪橇犬驾手在雪地或极地旅行场景中出现的环境与活动,雪橇犬驾手通常出现在雪地或极地旅行场景中，具有稳定且可编辑的环境来源。,screened
人物与人体,人物与人体 / 旅行者 / 马球,19,reject,[],马球相关的人物场景,马球活动主要涉及特定运动场景和装备，缺乏稳定、普遍的场景或承载面来源，属于抽象符号或孤立小物特写，不符合有实际场景支撑的环境分类要求。,screened
人物与人体,人物与人体 / 旅行者 / 骑乘者,134,keep,"[""交通环境"", ""户外场景""]",骑乘者在道路、骑行道、公园等开放空间中的场景,骑乘者常见于交通环境和户外场景，具有稳定的场景来源和可编辑的承载面,screened
人物与人体,人物与人体 / 无辜者 / 男童军,18,hold,[],男童军相关的场景,仅凭分类名称无法确定是否存在稳定有用的场景或承载区域来源,screened
人物与人体,人物与人体 / 昆虫胸节,17,reject,[],昆虫胸节,昆虫胸节属于抽象符号或孤立小物特写，缺乏稳定有用的场景或承载区域来源。,screened
人物与人体,人物与人体 / 智者 / 学习者,96,hold,[],人物与人体 / 智者 / 学习者,仅凭分类名称无法确定具体场景或稳定来源，缺乏明确的场景或承载环境支持。,screened
人物与人体,人物与人体 / 智者 / 导师,19,hold,[],人物与人体 / 智者 / 导师,仅凭分类名称无法确定具体场景或稳定来源，缺乏明确的场景或承载环境支持。,screened
人物与人体,人物与人体 / 智者 / 指数,19,reject,[],指数,该分类属于抽象符号或纯文字，缺乏稳定、可用的场景或承载区域来源。,screened
人物与人体,人物与人体 / 智者 / 推理者,19,hold,[],人物与人体 / 智者 / 推理者,仅凭分类名称无法确定具体场景或稳定来源，缺乏明确的场景或承载环境支持。,screened
人物与人体,人物与人体 / 智者 / 空想家,19,hold,[],人物与人体 / 智者 / 空想家,仅凭分类名称无法确定是否存在稳定有用的场景或承载区域来源。,screened
人物与人体,人物与人体 / 未成年人,19,hold,[],未成年人相关场景,仅凭分类名称无法确定具体场景或是否存在稳定有用的来源,screened
人物与人体,人物与人体 / 本地人,20,hold,[],人物与人体 / 本地人,仅凭分类名称无法确定具体场景或稳定来源，缺乏明确的场景或承载环境信息。,screened
人物与人体,人物与人体 / 杰出人物 / 奶油,19,reject,[],奶油,奶油通常为抽象符号或纯文字，缺乏稳定有用的场景或承载区域来源,screened
人物与人体,人物与人体 / 模仿者 / 鹦鹉,16,reject,[],鹦鹉作为模仿者,鹦鹉主要提供抽象符号或孤立小物特写，缺乏稳定、可用的场景或承载区域来源,screened
人物与人体,人物与人体 / 武装人员,111,hold,[],人物与人体 / 武装人员,仅凭分类名称无法确定具体场景或稳定来源，缺乏明确的场景或承载环境支持。,screened
人物与人体,人物与人体 / 死者 / 僵尸,19,reject,[],僵尸相关符号或纯文字,僵尸属于抽象符号或纯文字，缺乏稳定、可用的场景或承载区域来源,screened
人物与人体,人物与人体 / 气球造型,15,reject,[],气球造型,气球造型多为抽象符号或孤立小物特写，缺乏稳定有用的场景或承载区域来源,screened
人物与人体,人物与人体 / 注册者 / 受教育者,29,hold,[],注册者与受教育者,仅凭分类名称无法确定具体场景或稳定来源，缺乏明确的场景或承载环境支持,screened
人物与人体,人物与人体 / 注册者 / 在校学生,15,hold,[],在校学生,仅凭分类名称无法确定具体场景或稳定来源，缺乏明确的场景或承载环境支持。,screened
人物与人体,人物与人体 / 洛基,17,reject,[],洛基作为角色的符号或文字表现,洛基属于抽象角色符号，缺乏稳定、可用的场景或承载环境来源,screened
人物与人体,人物与人体 / 流口水动作,17,reject,[],流口水动作,该动作多为抽象符号或孤立特写，缺乏稳定、可用的场景或承载环境来源。,screened
人物与人体,人物与人体 / 深色头发的人,18,reject,[],深色头发的人,该分类仅描述外观特征，缺乏稳定、可用的场景或承载环境来源。,screened
人物与人体,人物与人体 / 游泳浮板,19,hold,[],人物与人体 / 游泳浮板,仅凭分类名称无法确定是否存在稳定有用的场景或承载区域来源,screened
人物与人体,人物与人体 / 游行活动,17,keep,"[""公共空间"", ""游行场景"", ""社会活动""]",游行活动中的人员聚集与公共展示场景,游行活动通常发生在公共空间，具有稳定的场景和承载环境，能提供丰富的可编辑视觉内容,screened
人物与人体,人物与人体 / 滑雪赛事,16,keep,"[""滑雪场"", ""户外运动环境"", ""冬季体育场景""]",滑雪赛事相关的户外运动场景，包括滑雪道、雪地设施和比赛环境,滑雪赛事通常发生在特定的户外雪地环境中，具有稳定且可编辑的场景来源，如滑雪场和冬季运动区域。,screened
人物与人体,人物与人体 / 演艺人员,15,hold,[],演艺人员相关场景,仅凭分类名称无法确定具体场景或是否存在稳定有用的来源,screened
人物与人体,人物与人体 / 潜水长,17,reject,[],潜水长相关符号或文字,潜水长通常为抽象符号或品牌标志，缺乏稳定、可用的场景或承载区域来源,screened
人物与人体,人物与人体 / 激进分子 / 革命者,19,reject,[],革命者,该类别主要涉及抽象符号、政治标签或孤立人物特写，缺乏稳定、通用的场景或承载环境来源。,screened
人物与人体,人物与人体 / 火龙,19,reject,[],火龙作为抽象符号或纯文字出现,火龙属于抽象符号或纯文字，缺乏稳定、可用的场景或承载区域来源,screened
人物与人体,人物与人体 / 灵体 / 仙女,18,reject,[],灵体/仙女相关抽象符号或纯文字,该类别主要为抽象符号或纯文字，缺乏稳定、可用的场景或承载区域来源,screened
人物与人体,人物与人体 / 灵体 / 幽灵,18,reject,[],灵体/幽灵相关抽象符号或纯文字,幽灵属于抽象符号或纯文字，缺乏稳定、可编辑的场景或承载区域来源,screened
人物与人体,人物与人体 / 爱人 / 亲昵的人,18,hold,[],人物与人体 / 爱人 / 亲昵的人,仅凭分类名称无法确定具体场景或稳定来源，缺乏明确的场景或承载环境支持。,screened
人物与人体,人物与人体 / 爱人 / 仰慕者,16,reject,[],爱人/仰慕者相关抽象符号或文字,该分类主要涉及抽象情感关系，缺乏稳定、可编辑的场景或承载环境来源。,screened
人物与人体,人物与人体 / 爱人 / 嘴,17,reject,[],仅包含嘴的抽象符号或文字,嘴作为人体部位通常仅以符号或文字形式出现，缺乏稳定、可编辑的场景或承载环境来源,screened
人物与人体,人物与人体 / 爱人 / 未婚夫或未婚妻,14,hold,[],爱人/未婚夫或未婚妻,仅凭分类名称无法确定具体场景或稳定来源，缺乏可判断的场景或承载环境,screened
人物与人体,人物与人体 / 爱人 / 灵魂伴侣,18,reject,[],灵魂伴侣,该分类属于抽象符号和情感概念，缺乏稳定、可编辑的场景或承载区域来源。,screened
人物与人体,人物与人体 / 特写镜头,17,reject,[],特写镜头中的个体人体部分,仅包含抽象符号或孤立人体特写，缺乏稳定、可用的场景或承载区域来源,screened
人物与人体,人物与人体 / 玩耍活动,21,hold,[],人物与人体 / 玩耍活动,仅凭分类名称无法确定具体场景或是否存在稳定有用的来源,screened
人物与人体,人物与人体 / 现金经手人 / 付款人,18,reject,[],付款人相关场景,该类别主要为抽象符号或文字标识，缺乏稳定、可编辑的场景或承载环境来源。,screened
人物与人体,人物与人体 / 现金经手人 / 司库,38,reject,[],现金经手人,司库通常为抽象符号或品牌标志，缺乏稳定、可用的场景或承载区域来源,screened
人物与人体,人物与人体 / 班级群体,19,keep,"[""教室"", ""学校环境"", ""学习场景""]",班级群体在教育场景中的常见出现环境,班级群体通常出现在教室或学校环境中，具有稳定且可编辑的场景来源,screened
人物与人体,人物与人体 / 生日活动,14,keep,"[""生日宴会"", ""家庭聚会"", ""室内活动""]",与生日相关的室内场景和人物互动环境,生日活动通常发生在家庭或社交场所，具有稳定的场景来源和可编辑的环境结构。,screened
人物与人体,人物与人体 / 电视名人,12,reject,[],电视名人相关场景,电视名人主要为抽象符号或品牌标志，缺乏稳定、可用的场景或承载区域来源,screened
人物与人体,人物与人体 / 电视节目主持人,111,reject,[],电视节目主持人,主要为抽象符号或纯文字表现，缺乏稳定、可用的场景或承载区域来源,screened
人物与人体,人物与人体 / 白人 / 闪米特人,45,reject,[],白人/闪米特人相关的人体类别,该分类属于种族或族群标识，缺乏稳定、非偶然的场景或承载环境来源，主要为抽象符号或文字，不符合可编辑环境结构的要求。,screened
人物与人体,人物与人体 / 白人 / 黄蜂,14,reject,[],白人与黄蜂的关联场景,该分类包含抽象符号和孤立小物特写，缺乏稳定有用的场景或承载区域来源,screened
人物与人体,人物与人体 / 知名人物 / 企业家,228,hold,[],企业家相关的人物场景,仅凭分类名称无法确定是否存在稳定有用的场景或承载区域来源,screened
人物与人体,人物与人体 / 知名人物 / 体育明星,825,hold,[],体育明星,仅凭分类名称无法确定是否存在稳定有用的场景或承载区域来源,screened
人物与人体,人物与人体 / 知名人物 / 历史古人,949,hold,[],历史古人,仅凭分类名称无法确定具体场景或稳定来源，缺乏明确的场景或承载环境支持,screened
人物与人体,人物与人体 / 知名人物 / 名人,267,hold,[],名人相关场景,仅凭名称无法确定具体场景或稳定来源，缺乏明确的场景或承载环境支持,screened
人物与人体,人物与人体 / 知名人物 / 影视明星,531,hold,[],影视明星,仅凭分类名称无法确定具体场景或稳定来源，缺乏明确的场景或承载环境支持,screened
人物与人体,人物与人体 / 知名人物 / 政治与社会人物,314,reject,[],政治与社会人物,该类别主要提供抽象符号或品牌标志，缺乏稳定、可用的场景或承载区域来源。,screened
人物与人体,人物与人体 / 知名人物 / 真人团体组合,208,hold,[],名人团体的公开活动或集体形象,无法确定该类别是否包含稳定可用的场景或承载环境来源,screened
人物与人体,人物与人体 / 知名人物 / 科学文化人物,1025,hold,[],科学文化人物,仅凭分类名称无法确定具体场景或稳定来源，缺乏明确的场景或承载环境支持,screened
人物与人体,人物与人体 / 知名人物 / 网络内容创作者,323,hold,[],网络内容创作者相关的场景,仅凭分类名称无法确定具体场景或是否存在稳定有用的来源,screened
人物与人体,人物与人体 / 知名人物 / 行业标杆人物,326,hold,[],行业标杆人物,仅凭分类名称无法确定具体场景或稳定来源，缺乏明确的场景或承载环境支持,screened
人物与人体,人物与人体 / 知名人物 / 音乐艺人,490,reject,[],音乐艺人,音乐艺人通常只提供抽象符号或纯文字，缺乏稳定有用的场景或承载区域来源。,screened
人物与人体,人物与人体 / 矮小者 / 矮小个体,11,hold,[],矮小个体,仅凭分类名称无法确定是否存在稳定有用的场景或承载区域来源,screened
人物与人体,人物与人体 / 社交舞者 / 民间舞者,25,hold,[],民间舞者,仅凭分类名称无法确定具体场景或稳定来源，缺乏明确的场景或承载环境支持,screened
人物与人体,人物与人体 / 神秘学者 / 女巫,12,hold,[],人物与人体 / 神秘学者 / 女巫,仅凭分类名称无法确定是否存在稳定有用的场景或承载区域来源。,screened
人物与人体,人物与人体 / 神秘学者 / 魔术师,13,hold,[],神秘学者/魔术师相关角色,仅凭分类名称无法确定是否存在稳定有用的场景或承载区域来源,screened
人物与人体,人物与人体 / 神经结构 / 大脑,21,reject,[],神经结构大脑,大脑属于抽象符号和纯文字，缺乏稳定有用的场景或承载区域来源,screened
人物与人体,人物与人体 / 空想家 / 理想主义者,12,reject,[],该类别主要为抽象概念，缺乏稳定、具体的场景或承载环境来源,理想主义者属于抽象人格类型，通常表现为符号化或文字化表达，缺乏可编辑的物理场景或稳定环境支撑,screened
人物与人体,人物与人体 / 空气鼓演奏,12,reject,[],空气鼓演奏,该类别主要为抽象符号或孤立小物特写，缺乏稳定有用的场景或承载区域来源。,screened
人物与人体,人物与人体 / 穿戴造型 / 古装造型,13,hold,[],古装造型的相关场景,仅凭分类名称无法确定具体场景或是否存在稳定有用的来源,screened
人物与人体,人物与人体 / 穿戴造型 / 商务造型,11,hold,[],商务造型,仅凭分类名称无法确定具体场景或是否存在稳定有用的来源,screened
人物与人体,人物与人体 / 穿戴造型 / 日常造型,13,hold,[],日常造型,仅凭分类名称无法确定具体场景或是否存在稳定有用的来源,screened
人物与人体,人物与人体 / 穿戴造型 / 时尚,30,hold,[],时尚穿戴造型,仅凭分类名称无法确定具体场景或稳定来源，缺乏明确的场景或承载环境支持,screened
人物与人体,人物与人体 / 穿戴造型 / 民族服饰造型,205,keep,"[""民族节日场景"", ""文化仪式环境"", ""传统生活空间""]",民族服饰造型在文化活动、节庆或传统生活场景中的呈现,民族服饰造型通常与特定文化场景和环境相关，具有稳定且丰富的场景来源,screened
人物与人体,人物与人体 / 穿戴造型 / 礼服造型,12,hold,[],礼服造型,仅凭分类名称无法确定具体场景或稳定来源，缺乏明确的场景或承载环境支持,screened
人物与人体,人物与人体 / 穿戴造型 / 职业制服造型,11,hold,[],职业制服造型,仅凭分类名称无法确定具体场景或稳定来源，缺乏明确的场景或承载环境支持,screened
人物与人体,人物与人体 / 穿戴造型 / 舞台造型,13,hold,[],人物与人体在舞台上的穿戴造型,仅凭分类名称无法确定是否存在稳定有用的场景或承载区域来源,screened
人物与人体,人物与人体 / 穿戴造型 / 运动造型,13,keep,"[""运动场景"", ""体育活动"", ""户外环境""]",涉及人物穿戴的运动造型场景，如体育比赛、健身训练、户外运动等,运动造型通常出现在稳定且可编辑的运动场景中，具有明确的场景和承载环境，符合可召回的环境结构要求,screened
人物与人体,人物与人体 / 红发者,11,hold,[],红发者,仅凭分类名称无法确定具体场景或稳定来源,screened
人物与人体,人物与人体 / 纹身艺术家,12,reject,[],纹身艺术家相关场景,纹身艺术家主要提供抽象符号或纯文字表现，缺乏稳定、通用的场景或承载区域来源,screened
人物与人体,人物与人体 / 统治者 / 埃及法老,15,reject,[],埃及法老,该类别主要为抽象符号和历史形象，缺乏稳定、可用的场景或承载环境来源。,screened
人物与人体,人物与人体 / 统治者 / 谢赫,18,reject,[],谢赫相关符号或文字,谢赫主要为抽象符号或品牌标志，缺乏稳定、可用的场景或承载区域来源,screened
人物与人体,人物与人体 / 继承人 / 接收器,36,reject,[],继承人/接收器相关符号或文字,该分类多为抽象符号、纯文字或品牌标志，缺乏稳定、可用的场景或承载区域来源,screened
人物与人体,人物与人体 / 美洲原住民 / 印度人,58,reject,[],该类别涉及民族群体，缺乏稳定、通用的场景或承载环境来源,印度人属于特定民族群体，其相关图像多为符号、文字或孤立人物特写，缺乏稳定、可编辑的场景或承载环境来源,screened
人物与人体,人物与人体 / 翻白眼,11,reject,[],人物与人体 / 翻白眼,翻白眼为抽象表情动作，缺乏稳定有用的场景或承载区域来源，属于纯符号性表达,screened
人物与人体,人物与人体 / 耳甲腔,30,reject,[],耳甲腔,耳甲腔为人体内部结构，属于抽象符号和纯文字范畴，无稳定有用的场景或承载区域来源,screened
人物与人体,人物与人体 / 职业身份,1,hold,[],职业身份相关的场景,仅凭分类名称无法确定具体场景或是否存在稳定有用的来源,screened
人物与人体,人物与人体 / 职业身份 / 中年人,11,hold,[],中年人的职业身份相关场景,仅凭'中年人'的职业身份无法确定稳定或具体的场景来源，缺乏明确的场景或承载环境支撑,screened
人物与人体,人物与人体 / 职业身份 / 军人,11,keep,"[""军事基地"", ""战场环境"", ""训练场所""]",军人在军事相关场景中的活动和环境,军人通常出现在军事基地、战场或训练场所等稳定且具有明确场景的环境中，这些场景提供可靠的承载和可编辑环境。,screened
人物与人体,人物与人体 / 职业身份 / 军警人员,12,keep,"[""交通环境"", ""公共空间"", ""工作场所""]",军警人员在执勤、巡逻、执法等场景中的出现,军警人员常见于交通管理、公共安全等具有稳定场景的环境中，提供明确的可编辑空间和承载面,screened
人物与人体,人物与人体 / 职业身份 / 农林牧渔人员,14,keep,"[""农村场景"", ""农田环境"", ""农业生产场所""]",涉及农林牧渔人员的典型工作环境和场景,农林牧渔人员在农村和农田中具有稳定且广泛的场景来源，涵盖实际生产活动和工作环境。,screened
人物与人体,人物与人体 / 职业身份 / 农民,14,keep,"[""农村场景"", ""农田环境"", ""农业生产场所""]",农民在农村地区从事农业生产的典型场景,农民职业通常与农村场景、农田和农业生产活动紧密相关，具有稳定且广泛的场景来源,screened
人物与人体,人物与人体 / 职业身份 / 医护人员,218,keep,"[""医疗场所"", ""医院环境"", ""诊疗场景""]",医护人员在医疗环境中的工作场景,医护人员在医院、诊所等医疗场所中具有稳定且持续的场景来源，提供明确的承载面和可编辑环境结构。,screened
人物与人体,人物与人体 / 职业身份 / 厨师,11,keep,"[""厨房环境"", ""烹饪场景"", ""家庭厨房""]",厨师相关的职业场景，包括厨房操作、烹饪准备和餐饮服务环境,厨师通常在厨房环境中工作，具有稳定且常见的场景来源，如厨房台面、灶台、食材摆放等，能提供可靠的可编辑区域和支撑结构,screened
人物与人体,人物与人体 / 职业身份 / 司法人员,17,hold,[],职业身份 / 司法人员,仅凭分类名称无法确定是否存在稳定有用的场景或承载区域来源,screened
人物与人体,人物与人体 / 职业身份 / 商业服务人员,18,hold,[],职业身份 / 商业服务人员,仅凭分类名称无法确定具体场景或稳定来源，缺乏明确的场景或承载环境支持,screened
人物与人体,人物与人体 / 职业身份 / 婴幼儿,19,keep,"[""家庭环境"", ""育儿场景"", ""日常生活""]",婴幼儿在家庭和日常生活中出现的场景，如婴儿床、婴儿车、喂养场景等,婴幼儿常见于家庭和日常育儿场景，具有稳定且丰富的场景来源，能提供有效的承载和互动环境,screened
人物与人体,人物与人体 / 职业身份 / 学生,14,keep,"[""教室"", ""学校环境"", ""学习场所""]",学生常见出现的教育场景和学习环境,学生通常出现在教室、学校等稳定的学习场景中，具有明确的场景来源和可编辑性,screened
人物与人体,人物与人体 / 职业身份 / 宗教人员,34,hold,[],宗教人员的职业身份相关场景,仅凭分类名称无法确定具体场景或是否存在稳定有用的来源,screened
人物与人体,人物与人体 / 职业身份 / 家庭成员,19,keep,"[""家庭场景"", ""日常生活环境""]",家庭成员在家庭生活中的常见场景,家庭成员在家庭场景中具有稳定且持续的出现来源，能提供丰富的可编辑环境结构。,screened
人物与人体,人物与人体 / 职业身份 / 工人技师,221,keep,"[""工作场所"", ""生产环境"", ""工地场景""]",工人技师在各类工作现场的场景，如工厂、维修站、建筑工地等,工人技师通常出现在稳定的工作场所和生产环境中，具有明确的场景和承载面，能提供可编辑的环境结构。,screened
人物与人体,人物与人体 / 职业身份 / 工程师,14,hold,[],职业身份为工程师的人员相关场景,仅凭分类名称无法确定是否存在稳定有用的场景或承载区域来源,screened
人物与人体,人物与人体 / 职业身份 / 律师,18,hold,[],职业身份中的律师,仅凭分类名称无法确定是否存在稳定有用的场景或承载区域来源,screened
人物与人体,人物与人体 / 职业身份 / 志愿者,17,keep,"[""公共空间"", ""社区活动"", ""志愿服务场景""]",志愿者在社区、公共场所或公益活动中出现的场景,志愿者通常出现在公共空间和社区活动中，具有稳定且可编辑的场景来源,screened
人物与人体,人物与人体 / 职业身份 / 技术工人,19,keep,"[""工作场所"", ""生产环境"", ""工业现场""]",技术工人在各类工作场景中的实际作业环境,技术工人通常出现在稳定的工作场所和生产环境中，具有明确的场景来源和可编辑性,screened
人物与人体,人物与人体 / 职业身份 / 摄影师,16,hold,[],职业身份为摄影师的人员相关场景,仅凭'摄影师'这一职业身份无法确定其稳定存在的场景或承载环境，缺乏明确的场景来源,screened
人物与人体,人物与人体 / 职业身份 / 政法人员,19,keep,"[""办公场所"", ""司法环境"", ""公共机构""]",政法人员在办公、执法或公共服务场景中的工作环境,政法人员常出现在办公场所、法院、警察局等具有稳定场景和承载面的环境中，具备可编辑的环境结构,screened
人物与人体,人物与人体 / 职业身份 / 教师,174,keep,"[""教室"", ""学校环境"", ""教育场景""]",教师在教学场景中的典型工作环境,教师通常出现在教室或学校环境中，具有稳定且常见的场景来源,screened
人物与人体,人物与人体 / 职业身份 / 教师科研人员,20,keep,"[""教室"", ""实验室"", ""学术场所""]",教师科研人员在教学或研究场景中的典型工作环境,教师科研人员常出现在教室、实验室等具有稳定场景和承载面的环境中，能提供可靠的可编辑空间,screened
人物与人体,人物与人体 / 职业身份 / 消防员,18,keep,"[""消防现场"", ""应急环境"", ""公共安全场景""]",消防员在火灾、救援等应急场景中的工作环境,消防员常出现在火灾现场、应急救援环境等具有稳定场景和承载面的公共安全场景中，具备明确且持续的视觉来源。,screened
人物与人体,人物与人体 / 职业身份 / 渔民,19,keep,"[""水域环境"", ""渔业场景"", ""户外作业环境""]",渔民在水域或沿海区域从事捕捞活动的场景,渔民职业通常与水域环境密切相关，具有稳定且可重复的场景来源,screened
人物与人体,人物与人体 / 职业身份 / 游客,19,keep,"[""旅游景点"", ""公共空间"", ""休闲场所""]",游客在各类公共场所或旅游环境中的场景,游客常见于旅游景点、公共空间和休闲场所，具有稳定且广泛的场景来源,screened
人物与人体,人物与人体 / 职业身份 / 演员,16,hold,[],职业身份 / 演员,仅凭分类名称无法确定是否存在稳定有用的场景或承载区域来源,screened
人物与人体,人物与人体 / 职业身份 / 科研人员,19,keep,"[""科研实验室"", ""大学校园"", ""研究机构""]",科研人员常出现的科研环境和工作场景,科研人员通常出现在实验室、大学或研究机构等具有稳定场景和承载面的环境中，这些场景提供可靠的可编辑环境结构,screened
人物与人体,人物与人体 / 职业身份 / 程序员,368,keep,"[""办公场所"", ""工作环境"", ""室内空间""]",程序员在办公或工作场景中的典型环境,程序员通常在办公场所或工作环境中出现，具有稳定且常见的场景来源,screened
人物与人体,人物与人体 / 职业身份 / 老年人,14,keep,"[""养老院"", ""社区活动场所"", ""家庭环境""]",老年人在日常生活和社交场景中的常见环境,老年人常出现在养老院、社区活动场所和家庭环境中，这些场景具有稳定且持续的来源，适合召回相关图片,screened
人物与人体,人物与人体 / 职业身份 / 艺术从业者,18,hold,[],艺术从业者,仅凭分类名称无法确定具体场景或稳定来源，缺乏明确的场景或承载环境支持,screened
人物与人体,人物与人体 / 职业身份 / 艺术工作者,16,keep,"[""艺术创作场景"", ""工作室环境"", ""文化空间""]",艺术工作者在创作或展示活动中的典型环境,艺术工作者常出现在工作室、画室或文化展览空间等具有稳定场景和承载面的环境中，能提供丰富的可编辑环境结构。,screened
人物与人体,人物与人体 / 职业身份 / 行政人员,19,keep,"[""办公场所"", ""政府机构"", ""公共事务环境""]",行政人员在办公、会议、公共服务等场景中的工作环境,行政人员常见于办公场所和政府机构，具有稳定且广泛的场景来源,screened
人物与人体,人物与人体 / 职业身份 / 警察,18,keep,"[""公共空间"", ""交通环境"", ""工作场所""]",警察在执勤、巡逻、执法等场景中的出现,警察常见于公共空间、交通环境和工作场所，具有稳定且广泛的场景来源,screened
人物与人体,人物与人体 / 职业身份 / 记者,13,keep,"[""新闻现场"", ""采访环境"", ""公共空间""]",记者从事报道活动的典型场景，如新闻现场、采访地点、媒体机构等,记者通常出现在新闻现场或公共空间进行采访，具有稳定且可编辑的场景来源,screened
人物与人体,人物与人体 / 职业身份 / 设计师,14,hold,[],设计师职业身份,仅凭分类名称无法确定具体场景或稳定来源，缺乏明确的场景或承载环境支持,screened
人物与人体,人物与人体 / 职业身份 / 运动员,568,keep,"[""运动场所"", ""体育赛事"", ""训练环境""]",运动员在各类运动场景中的活动环境,运动员通常出现在运动场所、体育赛事或训练环境中，这些场景具有稳定且持续的来源，能提供丰富的可编辑环境结构。,screened
人物与人体,人物与人体 / 职业身份 / 音乐人,19,hold,[],音乐人相关的职业身份,仅凭分类名称无法确定是否存在稳定有用的场景或承载区域来源,screened
人物与人体,人物与人体 / 职业身份 / 飞行员,19,keep,"[""航空环境"", ""飞行场景"", ""机场与飞行器""]",飞行员在飞行、起飞、降落及机场相关场景中的工作环境,飞行员主要活动于航空环境和飞行器中，具有稳定且可编辑的场景来源,screened
人物与人体,人物与人体 / 职业身份 / 驾驶员,139,keep,"[""交通环境"", ""驾驶场景""]",驾驶员在道路、车辆或交通场景中的活动环境,驾驶员通常出现在交通环境中，具有稳定且可编辑的场景来源，如道路、车辆内部等。,screened
人物与人体,人物与人体 / 胸部,18,reject,[],胸部,胸部属于人体局部，通常为抽象符号或纯文字，缺乏稳定有用的场景或承载区域来源,screened
人物与人体,人物与人体 / 胸部脱毛,13,reject,[],胸部脱毛,该分类属于抽象符号或个人护理行为，缺乏稳定、通用的场景或承载环境来源。,screened
人物与人体,人物与人体 / 脊柱,23,reject,[],脊柱作为人体结构部分，通常以抽象符号或医学图像呈现,脊柱属于人体解剖结构，缺乏稳定、可编辑的场景或承载环境来源，主要表现为抽象符号或医学图像，不符合有实际场景支持的环境类分类标准,screened
人物与人体,人物与人体 / 脚后跟,38,reject,[],脚后跟,脚后跟属于人体局部，缺乏稳定、非偶然的场景或承载区域来源，仅作为人体部位存在，无法提供可编辑的环境结构或场景支撑。,screened
人物与人体,人物与人体 / 脸部特写,12,reject,[],脸部特写,仅提供抽象符号或孤立小物特写，缺乏稳定有用的场景或承载区域来源,screened
人物与人体,人物与人体 / 臀胯部,18,reject,[],臀胯部,该分类主要为人体部位，缺乏稳定、非偶然的场景或承载区域来源，属于抽象符号类，无实际可编辑环境结构。,screened
人物与人体,人物与人体 / 臀部,12,reject,[],臀部,臀部属于人体局部，缺乏稳定、非偶然的场景或承载区域来源，主要为抽象符号或孤立特写，不符合环境类场景的判断标准。,screened
人物与人体,人物与人体 / 获奖者,19,hold,[],人物与人体 / 获奖者,仅凭分类名称无法确定具体场景或稳定来源，缺乏明确的场景或承载环境支持。,screened
人物与人体,人物与人体 / 血管结构,21,reject,[],血管结构,血管结构多为抽象符号或纯文字，缺乏稳定、可用的场景或承载区域来源,screened
人物与人体,人物与人体 / 表情 / 专注,20,hold,[],人物与人体中的表情类别,仅凭'专注'表情无法确定稳定可用的场景或承载环境来源,screened
人物与人体,人物与人体 / 表情 / 兴奋,20,reject,[],表情类,兴奋表情多为抽象符号或孤立特写，缺乏稳定、可编辑的场景或承载环境来源,screened
人物与人体,人物与人体 / 表情 / 厌恶,19,reject,[],表情类别,仅包含抽象表情符号或文字，缺乏稳定可用的场景或承载区域来源,screened
人物与人体,人物与人体 / 表情 / 困惑,20,hold,[],人物与人体中的表情类别,仅凭'困惑'表情无法确定稳定可用的场景或承载环境来源，缺乏明确的场景关联,screened
人物与人体,人物与人体 / 表情 / 大笑,17,hold,[],表情类别,仅凭'大笑'无法确定是否存在稳定有用的场景或承载区域来源,screened
人物与人体,人物与人体 / 表情 / 害羞,19,reject,[],表情类符号或文字,仅包含抽象表情符号或文字，缺乏稳定、可用的场景或承载区域来源,screened
人物与人体,人物与人体 / 表情 / 平静,21,hold,[],表情类别中的平静状态,仅凭'平静'无法确定具体场景或稳定来源，缺乏明确的场景或承载环境支持,screened
人物与人体,人物与人体 / 表情 / 开心微笑,16,hold,[],表情类人物场景,仅凭'开心微笑'无法确定稳定场景或承载环境来源，缺乏具体场景支持,screened
人物与人体,人物与人体 / 表情 / 微笑,17,hold,[],人物与人体中的表情类别,仅凭'微笑'无法确定稳定可用的场景或承载环境来源，缺乏具体场景支持,screened
人物与人体,人物与人体 / 表情 / 恐惧,33,reject,[],表情类别,恐惧表情多为抽象符号或孤立特写，缺乏稳定可用的场景或承载区域来源,screened
人物与人体,人物与人体 / 表情 / 悲伤哭泣,20,reject,[],表情类符号或文字,悲伤哭泣表情多为抽象符号或纯文字，缺乏稳定、可用的场景或承载区域来源,screened
人物与人体,人物与人体 / 表情 / 惊讶,20,reject,[],表情类符号或文字,惊讶表情通常为抽象符号或纯文字，缺乏稳定、可用的场景或承载区域来源,screened
人物与人体,人物与人体 / 表情 / 愤怒,19,reject,[],表情类内容,愤怒表情多为抽象符号或孤立特写，缺乏稳定、可编辑的场景或承载环境来源,screened
人物与人体,人物与人体 / 表情 / 笑,17,reject,[],表情类内容,笑作为表情主要为抽象符号或纯文字表现，缺乏稳定、可编辑的场景或承载区域来源,screened
人物与人体,人物与人体 / 表情 / 紧张,18,reject,[],表情类,紧张表情多为抽象符号或孤立特写，缺乏稳定、可编辑的场景或承载环境来源,screened
人物与人体,人物与人体 / 表情 / 苦笑,19,reject,[],表情类符号或文字,苦笑属于抽象表情，缺乏稳定、可用的场景或承载区域来源，多为孤立符号或文字，无法提供可编辑的环境结构。,screened
人物与人体,人物与人体 / 表演者 / 主人,19,keep,"[""室内场景"", ""公共活动空间""]",人物在表演或主持活动的场景，如舞台、会议室、展览空间等,主人在表演或主持场景中通常有稳定且可编辑的环境来源，如舞台、活动室等，具备明确的场景支撑,screened
人物与人体,人物与人体 / 表演者 / 乐器演奏者,256,hold,[],人物与人体中的乐器演奏者,仅凭分类名称无法确定是否存在稳定有用的场景或承载区域来源,screened
人物与人体,人物与人体 / 表演者 / 剥离器,19,reject,[],剥离器,该类别多为抽象符号或孤立小物特写，缺乏稳定有用的场景或承载区域来源。,screened
人物与人体,人物与人体 / 表演者 / 吞火表演者,18,reject,[],吞火表演者,仅提供抽象符号和孤立小物特写，无稳定有用的场景或承载区域来源,screened
人物与人体,人物与人体 / 表演者 / 喜剧演员,36,hold,[],喜剧演员,仅凭分类名称无法确定是否存在稳定有用的场景或承载区域来源,screened
人物与人体,人物与人体 / 表演者 / 幽默作家,19,hold,[],人物与人体 / 表演者 / 幽默作家,仅凭分类名称无法确定是否存在稳定有用的场景或承载区域来源。,screened
人物与人体,人物与人体 / 表演者 / 戏剧演员,11,hold,[],人物与人体 / 表演者 / 戏剧演员,仅凭分类名称无法确定是否存在稳定有用的场景或承载区域来源,screened
人物与人体,人物与人体 / 表演者 / 木偶操纵者,17,hold,[],人物与人体 / 表演者 / 木偶操纵者,仅凭分类名称无法确定是否存在稳定有用的场景或承载区域来源,screened
人物与人体,人物与人体 / 表演者 / 杂耍演员,18,hold,[],杂耍演员,仅凭分类名称无法确定具体场景或稳定来源，缺乏明确的场景或承载环境支持,screened
人物与人体,人物与人体 / 表演者 / 演员,71,hold,[],人物与人体 / 表演者 / 演员,仅凭分类名称无法确定是否存在稳定有用的场景或承载区域来源,screened
人物与人体,人物与人体 / 表演者 / 演奏者,19,hold,[],人物与人体 / 表演者 / 演奏者,仅凭分类名称无法确定是否存在稳定有用的场景或承载区域来源,screened
人物与人体,人物与人体 / 表演者 / 牛仔,18,hold,[],人物与人体 / 表演者 / 牛仔,仅凭分类名称无法确定是否存在稳定有用的场景或承载区域来源,screened
人物与人体,人物与人体 / 表演者 / 电视演员,18,reject,[],电视演员,电视演员主要表现为抽象符号或纯文字，缺乏稳定、可用的场景或承载区域来源。,screened
人物与人体,人物与人体 / 表演者 / 职业舞者,15,hold,[],职业舞者,仅凭分类名称无法确定是否存在稳定有用的场景或承载区域来源,screened
人物与人体,人物与人体 / 表演者 / 街头表演者,15,keep,"[""街头环境"", ""公共空间"", ""城市场景""]",街头表演者出现在城市公共空间中的场景，如街道、广场、市场等,街头表演者通常出现在具有稳定公共场景的环境中，如街道、广场或市场，能提供丰富的可编辑环境和承载面,screened
人物与人体,人物与人体 / 表演者 / 音乐视频表演者,18,hold,[],音乐视频表演者,仅凭分类名称无法确定是否存在稳定有用的场景或承载区域来源,screened
人物与人体,人物与人体 / 表演者 / 魔术师,18,hold,[],人物与人体 / 表演者 / 魔术师,仅凭分类名称无法确定是否存在稳定有用的场景或承载区域来源,screened
人物与人体,人物与人体 / 裁决者,15,hold,[],人物与人体 / 裁决者,仅凭分类名称无法确定具体场景或稳定来源，缺乏明确的场景或承载环境支持。,screened
人物与人体,人物与人体 / 规划者 / 策划者,17,hold,[],规划者、策划者相关角色,仅凭分类名称无法确定其具体场景或稳定来源，缺乏明确的场景或承载环境支持,screened
人物与人体,人物与人体 / 规划者 / 设计师,14,hold,[],规划者和设计师的相关工作场景,仅凭分类名称无法确定具体场景或是否存在稳定有用的来源,screened
人物与人体,人物与人体 / 警卫,18,hold,[],人物与人体 / 警卫,仅凭分类名称无法确定是否存在稳定有用的场景或承载区域来源,screened
人物与人体,人物与人体 / 计算机用户,18,keep,"[""工作场所"", ""室内环境"", ""人机交互场景""]",计算机用户在使用设备时的典型环境,计算机用户常见于工作场所或室内环境，具有稳定且可编辑的场景来源,screened
人物与人体,人物与人体 / 访谈,11,hold,[],访谈场景,仅凭'访谈'无法确定具体场景或稳定来源，缺乏明确的环境或承载结构支撑,screened
人物与人体,人物与人体 / 资本家 / 商业人士,226,reject,[],资本家和商业人士的相关场景,该分类主要涉及抽象符号、品牌标志或孤立人物特写，缺乏稳定、可用的场景或承载环境来源。,screened
人物与人体,人物与人体 / 赛格威骑行,19,reject,[],赛格威骑行相关场景,赛格威骑行主要为抽象符号或孤立小物特写，缺乏稳定、通用的场景或承载区域来源,screened
人物与人体,人物与人体 / 蹦极跳,11,reject,[],蹦极跳相关场景,蹦极跳属于高风险运动，通常只出现在特定户外环境，缺乏稳定、普遍的场景或承载面来源，且主要为动态动作而非静态环境，不符合稳定场景或可编辑环境结构的定义。,screened
人物与人体,人物与人体 / 身体扭曲,19,hold,[],人物与人体 / 身体扭曲,仅凭分类名称无法确定是否存在稳定有用的场景或承载区域来源,screened
人物与人体,人物与人体 / 躺,19,hold,[],人物与人体中的躺姿相关场景,仅凭'躺'无法确定稳定或可用的场景来源，缺乏明确的承载面或环境结构,screened
人物与人体,人物与人体 / 转呼啦圈,19,reject,[],人物与人体 / 转呼啦圈,该分类主要为人物动作特写，缺乏稳定、通用的场景或承载环境来源，属于抽象符号或孤立动作，无明确可编辑的环境结构。,screened
人物与人体,人物与人体 / 运动,17,keep,"[""运动场景"", ""体育场地"", ""户外活动""]",涉及人物进行各种运动的场景，如跑步、打球、健身等,运动类场景具有稳定且广泛的来源，涵盖多种室内和室外环境，能提供丰富的可编辑空间和承载面。,screened
人物与人体,人物与人体 / 运动会,113,keep,"[""运动场地"", ""体育赛事"", ""公共活动空间""]",运动会相关的运动场地、赛事环境及公共参与场景,运动会通常发生在稳定且具有明确场景特征的场地中，如体育场、公园或比赛场馆，具备丰富的可编辑环境结构和承载面。,screened
人物与人体,人物与人体 / 追随者 / 浅黄褐色,18,hold,[],人物与人体 / 追随者 / 浅黄褐色,仅凭分类名称无法确定具体场景或稳定来源，缺乏明确的场景或承载环境关联,screened
人物与人体,人物与人体 / 追随者 / 门徒,16,hold,[],追随者、门徒等角色,仅凭分类名称无法确定是否存在稳定有用的场景或承载区域来源,screened
人物与人体,人物与人体 / 邻居,12,hold,[],人物与人体 / 邻居,仅凭分类名称无法确定具体场景或是否存在稳定有用的来源,screened
人物与人体,人物与人体 / 金发女性 / 铂金色金发,15,reject,[],铂金色金发女性,仅提供抽象的发色描述，缺乏稳定、可用的场景或承载环境来源。,screened
人物与人体,人物与人体 / 队列排列 / 队列,32,keep,"[""公共空间"", ""交通环境"", ""工作场所""]",队列排列在公共空间、交通环境和工作场所中常见，具有稳定场景来源,队列排列在公共场所如车站、商场、排队场景中具有稳定且普遍的场景来源，符合可编辑环境结构需求,screened
人物与人体,人物与人体 / 非劳动者 / 度假者,18,keep,"[""度假场景"", ""休闲环境"", ""自然环境""]",度假者出现在休闲、自然或旅游相关场景中,度假者通常出现在自然或休闲环境中，具有稳定的场景来源,screened
人物与人体,人物与人体 / 非劳动者 / 惰轮,38,hold,[],人物与人体 / 非劳动者 / 惰轮,仅凭分类名称无法确定其具体场景或是否存在稳定有用的来源,screened
人物与人体,人物与人体 / 非劳动者 / 退休人员,17,hold,[],退休人员相关场景,仅凭分类名称无法确定具体场景或是否存在稳定有用的来源,screened
人物与人体,人物与人体 / 非洲人 / 乌干达人,19,hold,[],乌干达人相关的人体与人物场景,仅凭分类名称无法确定是否存在稳定有用的场景或承载区域来源,screened
人物与人体,人物与人体 / 非洲人 / 冈比亚人,19,hold,[],冈比亚人相关的人体与人物场景,仅凭分类名称无法确定是否存在稳定有用的场景或承载区域来源,screened
人物与人体,人物与人体 / 非洲人 / 几内亚人,19,reject,[],几内亚人相关的人体图像,该分类仅涉及特定民族群体，缺乏稳定、通用的场景或承载环境来源，属于抽象符号或孤立个体特写，不符合可编辑环境结构的要求。,screened
人物与人体,人物与人体 / 非洲人 / 利比里亚人,19,hold,[],利比里亚人相关的人体场景,仅凭分类名称无法确定是否存在稳定有用的场景或承载区域来源,screened
人物与人体,人物与人体 / 非洲人 / 南非人,19,hold,[],南非人相关的人体场景,仅凭分类名称无法确定是否存在稳定有用的场景或承载区域来源,screened
人物与人体,人物与人体 / 非洲人 / 喀麦隆人,19,reject,[],喀麦隆人相关的人体图像,该分类主要涉及特定民族群体的个体形象，缺乏稳定、通用的场景或承载环境来源，属于抽象符号或文化特写，不符合环境类场景的可编辑性要求。,screened
人物与人体,人物与人体 / 非洲人 / 图阿雷格人,19,hold,[],非洲人 / 图阿雷格人,仅凭分类名称无法确定是否存在稳定有用的场景或承载区域来源,screened
人物与人体,人物与人体 / 非洲人 / 坦桑尼亚人,19,hold,[],坦桑尼亚人相关的人体场景,仅凭分类名称无法确定是否存在稳定有用的场景或承载区域来源,screened
人物与人体,人物与人体 / 非洲人 / 埃塞俄比亚人,19,reject,[],埃塞俄比亚人相关的人体图像,该分类仅涉及特定民族群体，缺乏稳定、通用的场景或承载环境来源，多为抽象符号或孤立人物特写，不符合环境类场景的判断标准。,screened
人物与人体,人物与人体 / 非洲人 / 塞内加尔人,19,hold,[],塞内加尔人相关的人体与人物场景,仅凭分类名称无法确定是否存在稳定有用的场景或承载区域来源,screened
人物与人体,人物与人体 / 非洲人 / 多哥人,19,hold,[],非非洲人或多哥人的相关人体表现,仅凭分类名称无法确定是否存在稳定有用的场景或承载区域来源,screened
人物与人体,人物与人体 / 非洲人 / 尼日利亚人,19,hold,[],尼日利亚人相关的人体场景,仅凭分类名称无法确定是否存在稳定有用的场景或承载区域来源,screened
人物与人体,人物与人体 / 非洲人 / 母羊,18,reject,[],非洲人 / 母羊,母羊不属于人物与人体范畴，类别含义混淆，缺乏稳定可用的场景或承载区域来源。,screened
人物与人体,人物与人体 / 非洲人 / 津巴布韦人,19,hold,[],非洲人 / 津巴布韦人,仅凭分类名称无法确定具体场景或稳定来源，缺乏明确的场景或承载环境支持。,screened
人物与人体,人物与人体 / 非洲人 / 班图人,17,hold,[],非洲人中的班图人相关群体,仅凭分类名称无法确定具体场景或稳定来源，缺乏明确的场景或承载环境支持,screened
人物与人体,人物与人体 / 非洲人 / 祖鲁人,18,reject,[],非洲人/祖鲁人相关的人体符号或文化标志,祖鲁人相关类别多为文化符号或纯文字标识，缺乏稳定、可编辑的场景或承载环境来源,screened
人物与人体,人物与人体 / 非洲人 / 肯尼亚人,19,hold,[],肯尼亚人相关的人体场景,仅凭分类名称无法确定是否存在稳定有用的场景或承载区域来源,screened
人物与人体,人物与人体 / 非洲人 / 苏丹人,19,hold,[],苏丹人相关的人体与人物场景,仅凭分类名称无法确定是否存在稳定有用的场景或承载区域来源,screened
人物与人体,人物与人体 / 非洲人 / 非洲黑人,15,hold,[],非洲黑人相关的人体表现,仅凭分类名称无法确定是否存在稳定有用的场景或承载区域来源,screened
人物与人体,人物与人体 / 面试,34,hold,[],人物与人体 / 面试,仅凭分类名称无法确定具体场景或稳定来源，缺乏明确的场景或承载环境支持。,screened
人物与人体,人物与人体 / 面部特写,16,reject,[],面部特写,仅提供抽象符号或孤立小物特写，缺乏稳定有用的场景或承载区域来源,screened
人物与人体,人物与人体 / 黑人,20,hold,[],人物与人体 / 黑人,仅凭分类名称无法确定具体场景或稳定来源，缺乏明确的场景或承载环境支持。,screened
人造物体,人造物体 / T字形物,48,hold,[],T字形物,仅凭分类名称无法确定其具体场景或是否存在稳定有用的来源,screened
人造物体,人造物体 / Wii主机,21,reject,[],Wii主机相关场景,Wii主机属于抽象符号和品牌标志，缺乏稳定、通用的场景或承载区域来源,screened
人造物体,人造物体 / Wii手柄,26,reject,[],Wii手柄作为孤立的电子游戏控制器,Wii手柄属于抽象符号和孤立小物特写，缺乏稳定、可用的场景或承载区域来源,screened
人造物体,人造物体 / iPhone智能手机,54,reject,[],iPhone智能手机,仅提供抽象符号和品牌标志，缺乏稳定有用的场景或承载区域来源,screened
人造物体,人造物体 / 个人漂浮装置,14,hold,[],个人漂浮装置,无法确定该类别是否具有稳定可用的场景或承载环境来源,screened
人造物体,人造物体 / 中西乐器 / 中国吹管乐器,42,keep,"[""室内演奏场景"", ""文化活动场景""]",中国吹管乐器在室内或文化活动中的演奏场景,中国吹管乐器常出现在室内演奏或文化活动中，具有稳定的场景来源,screened
人造物体,人造物体 / 中西乐器 / 中国弹拨乐器,33,keep,"[""室内演奏场景"", ""文化表演场景""]",中国弹拨乐器在室内或文化表演场景中的使用环境,中国弹拨乐器常出现在室内演奏或文化表演场景中，具有稳定的场景来源,screened
人造物体,人造物体 / 中西乐器 / 中国拉弦乐器,32,keep,"[""室内演奏场景"", ""文化表演场景""]",中国拉弦乐器在室内或文化表演场景中的使用环境,中国拉弦乐器常出现在室内演奏或文化表演场景中，具有稳定的场景来源,screened
人造物体,人造物体 / 中西乐器 / 低音乐器,20,hold,[],中西乐器中的低音乐器,仅凭分类名称无法确定是否存在稳定有用的场景或承载区域来源,screened
人造物体,人造物体 / 中西乐器 / 弦乐器,765,keep,"[""室内演奏场景"", ""音乐表演环境""]",弦乐器在室内或表演场景中的使用环境,弦乐器常出现在室内演奏或音乐表演场景中，具有稳定的场景来源,screened
人造物体,人造物体 / 中西乐器 / 打击乐器,426,keep,"[""表演场景"", ""音乐演奏环境""]",打击乐器在音乐表演或演奏场景中的使用环境,打击乐器常出现在表演或演奏场景中，具有稳定的场景来源和可编辑的环境结构,screened
人造物体,人造物体 / 中西乐器 / 民族打击乐器,30,hold,[],民族打击乐器,仅凭分类名称无法确定是否存在稳定有用的场景或承载区域来源,screened
人造物体,人造物体 / 中西乐器 / 电子乐器,58,hold,[],电子乐器类别,仅凭分类名称无法确定是否存在稳定有用的场景或承载区域来源,screened
人造物体,人造物体 / 中西乐器 / 管乐器,431,keep,"[""室内演奏场景"", ""音乐表演环境""]",管乐器在室内或表演场景中的使用环境,管乐器常出现在室内演奏或音乐表演场景中，具有稳定的场景来源,screened
人造物体,人造物体 / 中西乐器 / 键盘乐器,46,keep,"[""室内演奏场景"", ""音乐教室"", ""家庭客厅""]",键盘乐器在室内环境中的演奏和展示场景,键盘乐器常出现在室内演奏场景中，如音乐教室、家庭客厅等，具有稳定且可编辑的场景来源。,screened
人造物体,人造物体 / 中西乐器 / 音乐盒,23,hold,[],中西乐器 / 音乐盒,仅凭分类名称无法确定是否存在稳定有用的场景或承载区域来源,screened
人造物体,人造物体 / 临时脚手架,52,keep,"[""施工场景"", ""建筑工地""]",临时脚手架在建筑施工中的使用场景,临时脚手架常见于建筑工地，提供稳定的支撑和作业平台，属于典型的施工场景来源,screened
人造物体,人造物体 / 主板,15,hold,[],主板作为电子设备的核心部件，可能出现在计算机、服务器等设备中,仅凭'主板'这一名称无法确定其在具体场景中的稳定来源或承载环境，缺乏明确的场景关联,screened
人造物体,人造物体 / 乐器与器械 / 仪器,1323,keep,"[""实验室"", ""工作场所"", ""医疗环境""]",仪器类设备在实验室、工作场所和医疗环境中的稳定应用场景,仪器类设备常见于实验室、工作场所和医疗环境，具有稳定的场景和承载面，能提供有效的可编辑环境结构,screened
人造物体,人造物体 / 乐器与器械 / 光学仪器,266,keep,"[""实验室"", ""教学环境"", ""科研场所""]",光学仪器常出现在实验室、教学环境和科研场所等具有稳定场景的环境中,光学仪器通常与实验室、教学或科研场景相关，具有稳定且可编辑的环境来源,screened
人造物体,人造物体 / 乐器与器械 / 分析仪,51,hold,[],乐器与器械 / 分析仪,仅凭分类名称无法确定是否存在稳定有用的场景或承载区域来源,screened
人造物体,人造物体 / 乐器与器械 / 刑具,35,reject,[],刑具相关类别,刑具属于抽象符号和敏感内容，缺乏稳定、非偶然的场景或承载区域来源，不符合可编辑环境结构的要求。,screened
人造物体,人造物体 / 乐器与器械 / 制图仪器,35,keep,"[""办公环境"", ""实验室""]",制图仪器多出现在办公或实验室等需要精确绘图的场景中,制图仪器常用于办公或实验室环境，具有稳定的场景来源和可编辑的承载面,screened
人造物体,人造物体 / 乐器与器械 / 发动机,14,reject,[],发动机相关场景,发动机属于抽象机械符号，缺乏稳定、通用的场景或承载区域来源，主要出现在特定工业或机械环境中，不构成广泛适用的可编辑环境结构。,screened
人造物体,人造物体 / 乐器与器械 / 处刑工具,46,reject,[],处刑工具相关符号或抽象表示,该类别主要涉及抽象符号、纯文字或孤立小物特写，缺乏稳定、可用的场景或承载区域来源。,screened
人造物体,人造物体 / 乐器与器械 / 导航仪器,58,keep,"[""交通环境"", ""工作场所""]",导航仪器常见于交通环境和工作场所，如车辆、飞机、船舶等中的导航设备,导航仪器在交通环境和工作场所中具有稳定且普遍的场景来源，能提供可靠的承载与使用环境,screened
人造物体,人造物体 / 乐器与器械 / 抽出器,31,hold,[],乐器与器械下的抽出器,仅凭分类名称无法确定其是否具有稳定有用的场景或承载区域来源,screened
人造物体,人造物体 / 乐器与器械 / 测量仪器,18,keep,"[""实验室"", ""工作场所"", ""测量环境""]",测量仪器常出现在实验室、工作场所等需要精确测量的环境中，提供稳定承载和操作空间,测量仪器通常出现在实验室或工作场所等具有稳定环境和操作需求的场景中，具备明确的场景来源和可编辑性,screened
人造物体,人造物体 / 乐器与器械 / 科学仪器,269,keep,"[""实验室"", ""工作场所"", ""教学环境""]",科学仪器常见于实验室、科研或教学场景中，提供稳定且可编辑的承载环境,科学仪器多出现在实验室或教学环境中，具有稳定且可编辑的场景来源,screened
人造物体,人造物体 / 乐器与器械 / 绘图仪,15,keep,"[""工作场所"", ""室内""]",绘图仪常见于办公或设计类工作环境，提供绘图与操作的承载面,绘图仪作为工具类设备，通常出现在工作场所或室内设计环境中，具有稳定的使用场景和承载功能,screened
人造物体,人造物体 / 乐器与器械 / 鞭,25,reject,[],鞭类物品,鞭主要作为抽象符号或孤立小物特写出现，缺乏稳定有用的场景或承载区域来源,screened
人造物体,人造物体 / 书籍封面,18,reject,[],书籍封面,书籍封面通常为抽象符号或纯文字，缺乏稳定有用的场景或承载区域来源。,screened
人造物体,人造物体 / 乳霜,26,reject,[],乳霜,乳霜通常为纯文字、品牌标志或孤立小物特写，缺乏稳定有用的场景或承载区域来源。,screened
人造物体,人造物体 / 五斗柜 / 五斗橱,20,keep,"[""室内家具"", ""家居空间"", ""收纳场景""]",五斗柜作为室内家具，常见于家庭储物空间，提供稳定承载和收纳功能,五斗柜是常见室内家具，具有稳定结构和明确的收纳功能，可作为家居空间中的支撑与承载区域,screened
人造物体,人造物体 / 五斗柜 / 矮斗柜,18,keep,"[""室内空间"", ""家具承载面"", ""家居环境""]",五斗柜和矮斗柜作为室内家具，常出现在家居环境中，提供放置和支撑功能,矮斗柜作为常见室内家具，具有稳定的场景来源，可作为承载和放置区域的可靠来源,screened
人造物体,人造物体 / 五斗柜 / 高脚五斗柜,25,keep,"[""室内"", ""家居环境"", ""家具承载面""]",高脚五斗柜作为室内家具，常用于存储和放置物品，提供稳定承载区域,高脚五斗柜常见于家庭室内空间，具有稳定的承载和放置功能，可作为物品存储和摆放的支撑面,screened
人造物体,人造物体 / 五金器具,56,keep,"[""室内环境"", ""工作场所"", ""建筑设施""]",五金器具在各类人造环境中作为功能性设施存在，如墙面、地面、桌面等的安装或支撑,五金器具常见于室内和工作场所，具有稳定的场景来源和承载功能，可提供有效的编辑环境,screened
人造物体,人造物体 / 五金工具 / 园艺工具,166,keep,"[""庭院园林"", ""自然环境""]",园艺工具在庭院园林和自然环境中常见，提供稳定使用场景,园艺工具通常在庭院园林和自然环境中使用，具有稳定的场景来源和承载面,screened
人造物体,人造物体 / 五金工具 / 手动工具,76,keep,"[""工作场所"", ""维修环境"", ""室内空间""]",手动工具在各类工作或维修场景中的使用环境,手动工具常见于工作场所和维修环境，具有稳定的场景来源和可编辑的承载面,screened
人造物体,人造物体 / 五金工具 / 水暖五金,50,keep,"[""室内环境"", ""建筑设施"", ""工作场所""]",水暖五金在室内建筑和设施中的应用场景，如厨房、卫生间等,水暖五金常见于厨房和卫生间等室内场景，提供稳定且可编辑的承载与使用环境,screened
人造物体,人造物体 / 五金工具 / 测量工具,50,keep,"[""工作场所"", ""室内""]",测量工具在工作场所或室内环境中作为支撑或放置对象的场景,测量工具常出现在工作场所或室内环境中，具有稳定的使用场景和承载面，可作为可编辑环境的一部分。,screened
人造物体,人造物体 / 五金工具 / 电动工具,50,keep,"[""工作场所"", ""建筑工地"", ""家庭维修""]",电动工具在工作场所、建筑工地和家庭维修场景中的使用环境,电动工具常出现在工作场所、建筑工地和家庭维修场景中，具有稳定且广泛的场景来源,screened
人造物体,人造物体 / 五金工具 / 电工器材,50,keep,"[""工作场所"", ""室内环境"", ""建筑设施""]",电工器材常见于工作场所和室内建筑环境中，如家庭、工厂、维修点等,电工器材通常出现在工作场所或建筑设施中，具有稳定的场景来源和承载环境,screened
人造物体,人造物体 / 五金工具 / 紧固件,883,keep,"[""工作场所"", ""建筑工地"", ""室内维修环境""]",五金工具中的紧固件在各类维修、建造和安装场景中作为稳定支撑或连接件存在,紧固件在工作场所和建筑环境中常见，提供稳定连接和承载功能，具有明确的实用场景,screened
人造物体,人造物体 / 五金工具 / 锁具,61,keep,"[""室内环境"", ""建筑设施""]",锁具常见于住宅、办公楼、门厅等室内建筑场景中，作为门体的组成部分提供安全防护功能,锁具通常出现在室内建筑环境中，如门框、墙体或门体上，具有稳定的场景来源和可编辑的承载面，符合稳定场景需求,screened
人造物体,人造物体 / 五金工具 / 门窗五金,62,keep,"[""室内建筑环境"", ""门窗安装场景""]",门窗五金在建筑和室内环境中的实际应用场景,门窗五金常见于室内建筑和安装场景，具有稳定的场景来源和承载环境,screened
人造物体,人造物体 / 交通锥,23,keep,"[""交通环境"", ""道路施工场景""]",交通锥主要出现在道路施工、交通管制等场景中，提供明确的视觉和空间参考,交通锥在道路施工和交通管制场景中具有稳定且明确的来源，能提供可靠的承载和环境参考,screened
人造物体,人造物体 / 人行道 / 柏油,18,keep,"[""交通环境"", ""人行道场景""]",人行道及柏油路面的交通环境场景,人行道和柏油路面是常见且稳定的交通环境组成部分，具有明确的承载和使用场景。,screened
人造物体,人造物体 / 人行道 / 柏油碎石,20,keep,"[""人行道"", ""交通环境"", ""城市道路""]",人行道类场景，包含柏油碎石铺设的路面及其周边环境,人行道作为常见城市交通环境的一部分，具有稳定且广泛的场景来源，能提供可靠的承载和编辑空间,screened
人造物体,人造物体 / 人行道 / 沥青路面,50,keep,"[""交通环境"", ""道路表面""]",人行道及沥青路面作为城市道路的重要组成部分，提供行人通行和交通组织的基础环境,沥青路面是人行道中常见且稳定的承载面，具有明确的场景来源和可编辑性，适用于多种城市交通与公共空间场景,screened
人造物体,人造物体 / 人行道 / 混凝土,32,keep,"[""交通环境"", ""城市道路""]",人行道作为城市交通环境中的常见承载面，提供稳定且可编辑的地面结构,混凝土人行道是交通环境中稳定存在的承载面，具有明确的场景来源和可编辑性,screened
人造物体,人造物体 / 仪器,2,keep,"[""实验室"", ""工作场所"", ""医疗环境""]",仪器在实验室、工作场所和医疗环境中的稳定使用场景,仪器常出现在实验室、工作场所和医疗环境等具有稳定场景和承载面的场所，能提供可靠的可编辑环境结构。,screened
人造物体,人造物体 / 仪器 / X射线机,36,reject,[],X射线机相关场景,X射线机主要为抽象符号或孤立设备特写，缺乏稳定、通用的场景或承载环境来源。,screened
人造物体,人造物体 / 仪器 / 传真机,19,reject,[],传真机作为办公设备，通常出现在办公环境中,传真机属于具体办公仪器，缺乏稳定、广泛的场景或承载面来源，主要为孤立设备特写，无通用场景支持,screened
人造物体,人造物体 / 仪器 / 保育器,18,hold,[],保育器相关仪器,仅凭分类名称无法确定其具体应用场景或是否存在稳定有用的场景来源,screened
人造物体,人造物体 / 仪器 / 充气器,17,hold,[],人造物体 / 仪器 / 充气器,仅凭分类名称无法确定是否存在稳定有用的场景或承载区域来源。,screened
人造物体,人造物体 / 仪器 / 光学平台,22,keep,"[""实验室环境"", ""科研场所""]",光学平台常见于实验室或科研场景中的稳定承载与操作环境,光学平台通常作为实验或观测的稳定支撑结构，存在于实验室等科研场景中，具有稳定且可编辑的承载面,screened
人造物体,人造物体 / 仪器 / 冷凝器,22,reject,[],冷凝器作为仪器，通常出现在工业或实验室环境中，但其本身不构成稳定场景或承载面,冷凝器属于孤立仪器，缺乏稳定、普遍的场景或承载环境来源，仅作为设备存在，无法提供可编辑的环境结构,screened
人造物体,人造物体 / 仪器 / 净化器,21,keep,"[""室内环境"", ""工作场所""]",净化器常见于室内和工作场所，如家庭、办公室等空间，提供稳定使用场景,净化器通常部署在室内环境或工作场所，具有稳定的使用场景和承载面，可作为有效场景来源,screened
人造物体,人造物体 / 仪器 / 净水器,25,keep,"[""室内环境"", ""家庭空间""]",净水器常见于家庭厨房或卫生间等室内场景，提供稳定放置和使用环境,净水器通常安装在家庭室内环境中，具有稳定的承载和使用场景，符合可编辑环境结构要求,screened
人造物体,人造物体 / 仪器 / 分离器,16,hold,[],分离器类仪器,仅凭名称无法确定其具体应用场景或是否存在稳定有用的场景来源,screened
人造物体,人造物体 / 仪器 / 反应堆,22,reject,[],反应堆相关设备,反应堆主要为抽象符号或纯文字，缺乏稳定、可用的场景或承载区域来源,screened
人造物体,人造物体 / 仪器 / 发生器,28,hold,[],仪器/发生器类设备,仅凭分类名称无法确定是否存在稳定有用的场景或承载区域来源,screened
人造物体,人造物体 / 仪器 / 复制机,84,hold,[],复制机类设备,仅凭分类名称无法确定其具体应用场景或是否存在稳定有用的场景来源,screened
人造物体,人造物体 / 仪器 / 摆,64,hold,[],仪器摆类,仅凭分类名称无法确定其具体场景或是否存在稳定有用的来源,screened
人造物体,人造物体 / 仪器 / 改革者,22,reject,[],改革者相关仪器,该分类多为抽象符号或品牌标志，缺乏稳定、可用的场景或承载区域来源,screened
人造物体,人造物体 / 仪器 / 旗语,22,reject,[],旗语相关符号或文字,旗语主要为抽象符号或纯文字，缺乏稳定、可用的场景或承载区域来源,screened
人造物体,人造物体 / 仪器 / 日光信号仪,14,reject,[],日光信号仪相关符号或文字,日光信号仪多为抽象符号或纯文字标识，缺乏稳定、可用的场景或承载区域来源,screened
人造物体,人造物体 / 仪器 / 汽水柜台,22,keep,"[""零售环境"", ""室内空间"", ""服务场景""]",汽水柜台常见于便利店、饮料店等零售场所，提供商品展示和销售功能,汽水柜台作为零售设施，通常设置在室内服务场景中，具有稳定的承载和展示功能，能提供明确的可编辑环境结构,screened
人造物体,人造物体 / 仪器 / 滴定仪,23,reject,[],仅限于滴定仪作为仪器的符号或特写,滴定仪属于抽象仪器，缺乏稳定、通用的场景或承载环境来源，通常仅作为实验室中的孤立物体出现，无广泛适用的可编辑环境结构。,screened
人造物体,人造物体 / 仪器 / 滴注器,19,reject,[],滴注器相关场景,滴注器多为抽象符号或孤立小物特写，缺乏稳定、通用的场景或承载区域来源,screened
人造物体,人造物体 / 仪器 / 火炉,51,keep,"[""厨房环境"", ""室内空间"", ""家庭场景""]",火炉作为厨房或家庭中的常用设备，常见于室内空间中，提供稳定热源和承载区域,火炉常见于厨房或家庭环境中，具有稳定的场景来源和承载功能，可作为可编辑环境的一部分。,screened
人造物体,人造物体 / 仪器 / 热泵,26,hold,[],仪器类热泵,仅凭分类名称无法确定其是否包含稳定有用的场景或承载区域来源,screened
人造物体,人造物体 / 仪器 / 照明,72,keep,"[""室内照明环境"", ""工作场所"", ""交通环境""]",包含各种室内和工作场景中的照明设备，如台灯、吊灯、路灯等,照明仪器通常出现在多种稳定场景中，如室内、工作场所和交通环境，提供明确的承载和使用场景,screened
人造物体,人造物体 / 仪器 / 电报机,25,reject,[],电报机相关场景,电报机属于抽象符号和孤立小物特写，缺乏稳定、可用的场景或承载区域来源,screened
人造物体,人造物体 / 仪器 / 自动测序仪,25,reject,[],自动测序仪,自动测序仪属于抽象仪器，通常仅出现在实验室环境中，缺乏稳定、广泛的场景或承载面来源，且多为孤立设备特写，无通用可编辑环境结构。,screened
人造物体,人造物体 / 仪器 / 蒸馏器,25,hold,[],蒸馏器作为仪器，可能出现在实验室或化学工作台等场景,分类名称具体但缺乏明确的稳定场景来源，无法确定其是否具有普遍适用的承载或环境结构,screened
人造物体,人造物体 / 传感器 / 金属探测器,32,reject,[],金属探测器相关场景,金属探测器主要为抽象符号或孤立小物特写，缺乏稳定、通用的场景或承载区域来源,screened
人造物体,人造物体 / 体育健身器材,22,keep,"[""运动场所"", ""室内健身空间"", ""户外运动环境""]",体育健身器材在各类运动场景中的使用环境,体育健身器材常见于运动场所、室内健身空间和户外运动环境，具有稳定且广泛的场景来源,screened
人造物体,人造物体 / 体育健身器材 / 乒乓球台,58,keep,"[""室内体育空间"", ""家庭健身环境"", ""体育场馆""]",包含乒乓球台在室内或室外体育场所的使用场景,乒乓球台通常出现在室内体育空间或家庭健身环境中，具有稳定的场景和承载面，可作为可编辑环境的一部分。,screened
人造物体,人造物体 / 体育健身器材 / 体操器材,39,keep,"[""体育场馆"", ""室内健身空间"", ""训练环境""]",体育健身器材在体操训练场景中的稳定使用环境,体操器材通常出现在体育场馆或室内健身空间中，具有稳定的使用场景和承载结构，能提供有效的支撑与放置区域。,screened
人造物体,人造物体 / 体育健身器材 / 体操器械,195,keep,"[""体育场馆"", ""室内健身空间"", ""训练环境""]",体育健身器材中的体操器械在体育场馆或训练环境中常见，提供稳定支撑和使用场景,体操器械通常设置在体育场馆或训练环境中，具有稳定且反复出现的使用场景，能提供有效的承载和操作空间,screened
人造物体,人造物体 / 体育健身器材 / 体操垫,69,keep,"[""室内运动场景"", ""健身场所""]",体操垫常见于室内健身区域、体育场馆或家庭锻炼空间,体操垫通常出现在室内运动场景中，提供稳定的支撑和放置区域，具有明确的使用场景和承载功能,screened
人造物体,人造物体 / 体育健身器材 / 体育球,42,keep,"[""运动场地"", ""室内健身空间"", ""户外运动环境""]",体育球类在各类运动场景中的使用环境,体育球类常见于运动场地、健身空间和户外运动环境，具有稳定且广泛的场景来源,screened
人造物体,人造物体 / 体育健身器材 / 健腹轮,40,keep,"[""室内健身空间"", ""家庭锻炼环境""]",健腹轮通常出现在室内健身空间或家庭锻炼环境中，作为常见的健身器材使用,健腹轮是常见的健身器材，常出现在室内健身空间或家庭锻炼环境中，提供稳定且可编辑的使用场景,screened
人造物体,人造物体 / 体育健身器材 / 健身器械,79,keep,"[""健身场所"", ""室内运动环境"", ""体育设施""]",健身器械在健身房、运动场馆等场景中的稳定使用环境,健身器械常见于健身房、体育场馆等具有稳定使用场景的室内环境，提供明确的承载和使用结构,screened
人造物体,人造物体 / 体育健身器材 / 健身脚踏车,22,keep,"[""室内健身环境"", ""运动场所""]",健身脚踏车常见于家庭健身房、体育场馆或户外运动区域，提供稳定承载和运动场景,健身脚踏车通常出现在室内或室外运动空间，具有稳定的使用场景和承载结构，可作为可编辑环境的一部分,screened
人造物体,人造物体 / 体育健身器材 / 健身重物,66,keep,"[""健身场所"", ""室内训练环境""]",健身重物常用于健身房或训练室等场景，提供支撑和重量训练功能,健身重物常见于健身房或训练场所，具有稳定的使用场景和承载功能,screened
人造物体,人造物体 / 体育健身器材 / 冰雪运动器材,61,keep,"[""冰雪运动场地"", ""室外环境"", ""冬季活动场景""]",冰雪运动器材在自然或人工冰雪场地中的使用场景,冰雪运动器材通常出现在冰雪场地或冬季活动环境中，具有稳定且可编辑的承载面和使用场景。,screened
人造物体,人造物体 / 体育健身器材 / 冰鞋,154,hold,[],体育健身器材中的冰鞋,仅凭分类名称无法确定是否存在稳定有用的场景或承载区域来源,screened
人造物体,人造物体 / 体育健身器材 / 射弹,68,reject,[],射弹相关场景,射弹属于抽象符号或孤立小物特写，缺乏稳定有用的场景或承载区域来源,screened
人造物体,人造物体 / 体育健身器材 / 射箭器材,55,keep,"[""运动场地"", ""室外环境"", ""训练场所""]",射箭器材通常出现在室外或专门的运动场地，具有稳定的使用场景和承载环境,射箭器材常出现在室外运动场地或训练场所，具备稳定且可编辑的场景来源,screened
人造物体,人造物体 / 体育健身器材 / 尖钉,36,reject,[],尖钉作为体育健身器材的组成部分，通常用于特定训练场景,尖钉属于孤立小物特写，缺乏稳定、普遍的场景或承载区域来源，无法构成可编辑的环境结构,screened
人造物体,人造物体 / 体育健身器材 / 拉力器,48,keep,"[""健身场所"", ""室内训练环境""]",拉力器常见于健身房或家庭健身空间，提供稳定的支撑和承载面,拉力器常出现在健身场所或家庭训练环境中，具有稳定的使用场景和承载功能,screened
人造物体,人造物体 / 体育健身器材 / 拳击装备,36,keep,"[""体育训练场景"", ""健身房环境"", ""室内运动空间""]",拳击装备常出现在健身房、训练馆等体育训练环境中，提供稳定支撑和使用场景,拳击装备通常出现在健身房或训练场景中，具有稳定的使用环境和承载结构，能提供有效的可编辑区域。,screened
人造物体,人造物体 / 体育健身器材 / 板球装备,78,keep,"[""体育运动场景"", ""室外场地""]",板球装备在体育运动场景中的使用环境，如室外运动场、公园等,板球装备通常出现在室外运动场地，具有稳定的使用场景和承载环境，符合可编辑环境结构要求,screened
人造物体,人造物体 / 体育健身器材 / 枪托底部,61,reject,[],枪托底部,仅提供抽象符号或孤立小物特写，缺乏稳定有用的场景或承载区域来源,screened
人造物体,人造物体 / 体育健身器材 / 标枪,31,reject,[],标枪相关场景,标枪属于抽象符号和孤立小物特写，缺乏稳定有用的场景或承载区域来源,screened
人造物体,人造物体 / 体育健身器材 / 棍棒,52,keep,"[""运动场景"", ""室外环境"", ""健身场所""]",包含各种体育健身活动中使用的棍棒类器材，如武术、健身操等场景,棍棒类器材常见于运动和健身场景，具有稳定的使用环境和承载面，能提供有效的可编辑区域,screened
人造物体,人造物体 / 体育健身器材 / 棒球器材,300,keep,"[""运动场地"", ""室外环境"", ""体育活动场景""]",棒球器材在运动场地或室外环境中作为体育健身器材使用,棒球器材通常出现在运动场地或室外环境中，具有稳定的场景来源，可提供支撑和使用场景,screened
人造物体,人造物体 / 体育健身器材 / 槌球装备,45,keep,"[""体育健身场所"", ""室内运动环境""]",体育健身器材中的槌球装备在体育健身场所和室内运动环境中具有稳定来源,槌球装备通常出现在体育健身场所或室内运动环境中，具有稳定的场景来源,screened
人造物体,人造物体 / 体育健身器材 / 武术器材,59,keep,"[""训练场景"", ""室内健身空间""]",武术器材在训练或练习场景中的使用环境,武术器材常出现在训练场景和室内健身空间中，具有稳定且可重复的使用环境,screened
人造物体,人造物体 / 体育健身器材 / 水上运动器材,45,keep,"[""水上运动场景"", ""水域环境"", ""休闲运动空间""]",涉及水上运动的器材在水域或相关环境中使用,水上运动器材通常出现在水域环境或专门的运动场所，具有稳定且可编辑的场景来源,screened
人造物体,人造物体 / 体育健身器材 / 滑雪设备,51,keep,"[""滑雪场环境"", ""雪地场景"", ""户外运动空间""]",滑雪设备在雪地或滑雪场等典型场景中的使用环境,滑雪设备通常出现在滑雪场或雪地环境中，具有稳定且可编辑的场景来源,screened
人造物体,人造物体 / 体育健身器材 / 球类器材,78,keep,"[""运动场地"", ""室内健身空间"", ""户外运动环境""]",球类器材在各类运动场景中的使用环境,球类器材常见于运动场地、健身空间和户外环境，具有稳定且广泛的场景来源,screened
人造物体,人造物体 / 体育健身器材 / 瑜伽器材,38,keep,"[""室内健身空间"", ""瑜伽练习场景""]",瑜伽器材常出现在室内健身空间或专门的瑜伽练习场景中，提供稳定支撑和使用环境,瑜伽器材通常与室内健身空间或瑜伽练习场景相关，具有稳定且反复出现的使用环境,screened
人造物体,人造物体 / 体育健身器材 / 瑜伽球,31,keep,"[""室内空间"", ""健身环境""]",瑜伽球常见于室内健身区域或家庭锻炼空间,瑜伽球常作为健身器材出现在室内或家庭锻炼场景中，提供稳定且可编辑的承载面,screened
人造物体,人造物体 / 体育健身器材 / 田径器材,59,keep,"[""运动场地"", ""室外环境"", ""体育设施""]",田径器材通常出现在运动场地或室外环境中，如跑道、操场等，提供稳定承载和使用场景,田径器材常出现在运动场地或室外环境中，具有稳定且可编辑的使用场景，符合支撑和放置需求,screened
人造物体,人造物体 / 体育健身器材 / 篮球器材,80,keep,"[""体育场地"", ""室内运动空间"", ""室外运动环境""]",包含篮球场、体育馆、公园等常见体育健身场景中的篮球器材使用环境,篮球器材通常出现在体育场地或运动空间中，具有稳定且常见的场景来源,screened
人造物体,人造物体 / 体育健身器材 / 羽毛球器材,43,keep,"[""室内运动场景"", ""体育场馆环境""]",羽毛球器材在室内或室外体育场馆中的使用场景,羽毛球器材通常出现在室内或室外的体育场馆环境中，具有稳定且常见的使用场景,screened
人造物体,人造物体 / 体育健身器材 / 茶碟,31,hold,[],茶碟作为体育健身器材的子类，缺乏明确的稳定场景或承载环境支持,茶碟通常与饮茶场景相关，而非体育健身，分类归属不清，无法确定其稳定场景或可编辑环境结构,screened
人造物体,人造物体 / 体育健身器材 / 跑步机,22,keep,"[""室内健身环境"", ""工作场所"", ""家庭空间""]",跑步机常见于家庭、健身房或办公场所的室内环境，提供稳定的承载和使用场景,跑步机作为常见健身器材，通常出现在室内健身环境或家庭空间中，具有稳定且可编辑的使用场景,screened
人造物体,人造物体 / 体育健身器材 / 运动护具,75,keep,"[""运动场景"", ""体育训练环境""]",体育健身活动中使用的护具类物品，如护膝、护腕等，常见于运动训练、比赛或康复场景,运动护具常见于体育训练和比赛场景，提供稳定且可编辑的承载与使用环境,screened
人造物体,人造物体 / 体育健身器材 / 骑行器材,57,keep,"[""骑行环境"", ""室外空间"", ""交通场景""]",骑行器材在户外或道路场景中的使用环境,骑行器材通常出现在室外骑行环境，具有稳定的场景和承载面，适合召回相关图片,screened
人造物体,人造物体 / 体育健身器材 / 高尔夫器材,490,keep,"[""高尔夫球场"", ""户外运动场景"", ""休闲娱乐环境""]",高尔夫器材在高尔夫球场或户外运动场景中的使用环境,高尔夫器材通常出现在高尔夫球场等稳定且具有明确场景的户外环境中，提供清晰的承载和使用场景,screened
人造物体,人造物体 / 供能装置,58,keep,"[""室内工作场所"", ""生产环境"", ""交通设施""]",供能装置在各类人造环境中作为能源支持设施存在,供能装置如电源、电池、发电机等常见于室内工作场所、生产环境和交通设施中，提供稳定能源支持，具有明确的场景来源,screened
人造物体,人造物体 / 便利设施 / 男厕,26,keep,"[""室内空间"", ""公共设施"", ""男厕环境""]",男厕作为公共便利设施存在于室内空间，提供稳定且可编辑的承载与使用场景,男厕作为常见便利设施，具有稳定且明确的使用场景和承载环境，符合室内公共空间的可编辑结构需求,screened
人造物体,人造物体 / 保险箱,37,reject,[],保险箱,保险箱通常为孤立小物特写或品牌标志，缺乏稳定、通用的场景或承载区域来源,screened
人造物体,人造物体 / 信号装置,11,keep,"[""交通环境"", ""公共空间""]",信号装置在交通和公共空间中的稳定应用场景,信号装置常见于交通路口、道路交叉口等具有稳定场景和承载面的环境中，能提供明确的可编辑环境结构。,screened
人造物体,人造物体 / 信号装置 / 口哨声,27,reject,[],仅包含口哨声这一抽象声音符号,口哨声是抽象符号或纯声音，缺乏稳定、可编辑的场景或承载区域来源,screened
人造物体,人造物体 / 信号装置 / 蜂音器,27,reject,[],信号装置,蜂音器通常为抽象符号或孤立小物特写，缺乏稳定有用的场景或承载区域来源。,screened
人造物体,人造物体 / 信号装置 / 钟,122,hold,[],信号装置中的钟类物品,仅凭'钟'无法确定其是否具有稳定场景或承载区域来源，缺乏明确的使用环境或空间结构支撑,screened
人造物体,人造物体 / 倾卸装置,38,keep,"[""工地现场"", ""运输环境"", ""施工场景""]",倾卸装置常见于工地、运输或施工场景中，提供物料倾倒和堆放的结构支持,倾卸装置通常出现在工地或运输场景中，具有稳定的承载和操作环境，能提供明确的使用场景和可编辑空间,screened
人造物体,人造物体 / 假牙 / 义齿,35,reject,[],仅限于假牙或义齿的符号、文字或品牌标志,假牙和义齿属于个体医疗用品，通常为孤立小物特写，缺乏稳定、通用的场景或承载环境来源,screened
人造物体,人造物体 / 假牙 / 支架,30,reject,[],无稳定场景或承载区域,假牙支架属于抽象符号或医疗特写，缺乏稳定、通用的场景或承载环境来源,screened
人造物体,人造物体 / 偏转器,36,reject,[],偏转器,偏转器通常为抽象符号或孤立小物特写，缺乏稳定有用的场景或承载区域来源。,screened
人造物体,人造物体 / 储罐容器 / 储气罐,34,keep,"[""工业环境"", ""能源设施""]",储气罐常见于工业或能源相关场景，如加油站、天然气站等,储气罐作为工业设施，常出现在能源或工业环境中，具有稳定且可编辑的承载面和场景来源,screened
人造物体,人造物体 / 储罐容器 / 养鱼缸,30,keep,"[""室内环境"", ""水景场景"", ""家庭场景""]",养鱼缸常见于家庭、室内或水景环境中，提供稳定的承载和展示空间,养鱼缸作为常见室内容器，通常置于桌面、窗台或专门鱼缸架上，具有稳定的场景来源和可编辑环境结构,screened
人造物体,人造物体 / 储罐容器 / 化粪池,23,keep,"[""室外环境"", ""污水处理场景""]",化粪池主要出现在室外或污水处理相关区域，具有稳定的场景来源,化粪池作为典型的人造储罐容器，常见于室外或污水处理场景，具有稳定且可编辑的环境结构,screened
人造物体,人造物体 / 储罐容器 / 水箱,37,keep,"[""工业环境"", ""储水设施"", ""生产场所""]",储罐容器和水箱在工业、生产及基础设施中常见，提供稳定承载和存储功能,水箱和储罐容器在工业、生产及基础设施中常见，具有稳定且可编辑的承载和存储功能，属于典型场景来源,screened
人造物体,人造物体 / 储藏柜 / 医药箱,34,keep,"[""医疗场景"", ""室内空间"", ""储藏环境""]",医药箱常用于医疗或家庭储藏场景，具有稳定的使用环境和承载功能,医药箱常见于医院、诊所或家庭储藏空间，提供稳定且实用的存放和承载场景,screened
人造物体,人造物体 / 储藏柜 / 厨房橱柜,28,keep,"[""厨房环境"", ""室内空间"", ""储藏场景""]",厨房橱柜作为储藏和收纳功能的家具，常见于厨房场景中，提供稳定承载和放置区域,厨房橱柜是厨房中常见的稳定储藏设施，具有明确的使用场景和承载功能，能提供可靠的可编辑环境结构,screened
人造物体,人造物体 / 储藏柜 / 带架子的橱柜,29,keep,"[""室内空间"", ""储物环境"", ""家居场景""]",适用于家庭、办公室等室内环境中带有架子的储藏柜类家具,带架子的橱柜常见于家庭厨房或客厅，提供稳定储物和承载功能，具有明确的使用场景和支撑结构,screened
人造物体,人造物体 / 储藏柜 / 斗柜,32,keep,"[""室内空间"", ""储藏场景"", ""家居环境""]",储藏柜和斗柜在室内家居环境中常见，提供稳定储物功能，具有明确的承载和使用场景,斗柜作为常见家居储物设施，广泛存在于室内空间中，具备稳定且可编辑的承载面和使用场景,screened
人造物体,人造物体 / 储藏柜 / 浴室柜,27,keep,"[""浴室环境"", ""室内空间"", ""储物场景""]",浴室柜作为常见储物设施，常出现在浴室环境中，提供稳定且可编辑的承载面和存储功能,浴室柜是常见且稳定的室内储物设施，通常出现在浴室环境中，具有明确的场景来源和可编辑的承载面,screened
人造物体,人造物体 / 储藏柜 / 瓷器柜,31,keep,"[""室内空间"", ""储藏环境"", ""家居收纳""]",包含家庭或办公场所中用于存放瓷器的储藏柜类物品，适用于有明确收纳需求的室内场景,储藏柜作为常见家居设施，常出现在室内空间中，提供稳定可靠的承载与收纳功能，具有明确的使用场景和环境来源,screened
人造物体,人造物体 / 储藏柜 / 电视柜,31,keep,"[""室内空间"", ""家居环境"", ""家具设施""]",储藏柜和电视柜常见于家庭室内空间，提供储物和展示功能，具有稳定的场景来源,电视柜和储藏柜通常出现在家庭室内环境中，具备稳定的场景和承载功能，可作为可编辑环境的支撑区域,screened
人造物体,人造物体 / 储藏柜 / 边柜,30,keep,"[""室内空间"", ""家居储物"", ""家庭环境""]",储藏柜类物品在家庭室内环境中常见，提供稳定储物功能和承载面,边柜作为家居储物设施，常见于家庭室内空间，具有稳定且可编辑的承载区域，适用于多种场景,screened
人造物体,人造物体 / 储藏柜 / 酒柜,28,keep,"[""室内空间"", ""储藏场景"", ""家居环境""]",储藏柜和酒柜常见于家庭或商业室内空间，提供稳定存放和展示功能,酒柜和储藏柜通常出现在室内空间中，具有稳定的存放和展示功能，能提供明确的承载和使用场景,screened
人造物体,人造物体 / 充气制品,40,hold,[],充气制品类别,仅凭分类名称无法确定是否存在稳定有用的场景或承载区域来源,screened
人造物体,人造物体 / 光学设备 / 光学激射器,26,reject,[],光学激射器,光学激射器属于抽象符号和纯技术设备，缺乏稳定、通用的场景或承载环境来源。,screened
人造物体,人造物体 / 光学设备 / 取景器,22,reject,[],光学设备中的取景器,取景器属于抽象符号或孤立小物特写，缺乏稳定有用的场景或承载区域来源,screened
人造物体,人造物体 / 光学设备 / 投影仪,31,hold,[],光学设备中的投影仪,仅凭分类名称无法确定其是否包含稳定有用的场景或承载区域来源,screened
人造物体,人造物体 / 光学设备 / 自动对光装置,20,reject,[],光学设备中的自动对光装置,该类别主要为抽象符号或孤立小物特写，缺乏稳定、可用的场景或承载区域来源,screened
人造物体,人造物体 / 光学设备 / 透镜,320,hold,[],光学设备中的透镜,仅凭分类名称无法确定透镜是否具有稳定、可用的场景或承载环境来源,screened
人造物体,人造物体 / 光源 / 光,261,reject,[],光源类别,光源通常为抽象符号或纯文字，缺乏稳定、可用的场景或承载区域来源,screened
人造物体,人造物体 / 光源 / 床头灯,24,hold,[],床头灯作为光源的使用场景,仅凭'床头灯'无法确定其是否具有稳定、广泛的场景来源，缺乏明确的承载面或环境结构支持,screened
人造物体,人造物体 / 光源 / 灯,337,keep,"[""室内照明"", ""工作场所"", ""交通环境""]",各类照明场景中的光源设备,灯作为常见光源，广泛存在于室内、工作场所和交通环境中，提供稳定且可编辑的承载与照明场景,screened
人造物体,人造物体 / 军需品 / 行李,22,hold,[],行李类物品,仅凭分类名称无法确定是否存在稳定有用的场景或承载区域来源,screened
人造物体,人造物体 / 农业林业渔业设备 / 养殖设备,16,keep,"[""农业场所"", ""养殖环境"", ""农村空间""]",养殖设备在农业或农村场景中的实际应用环境,养殖设备通常出现在农业场所或养殖环境中，具有稳定且可重复的场景来源，能提供有效的承载和操作空间。,screened
人造物体,人造物体 / 农业林业渔业设备 / 农产品加工设备,22,keep,"[""农产品加工场景"", ""农业加工车间"", ""工作场所""]",涉及农产品加工的工业或农业环境，如加工厂、车间等,该类别包含稳定且常见的农业加工场景，如加工车间、生产线等，具有明确的承载面和可编辑环境结构。,screened
人造物体,人造物体 / 农业林业渔业设备 / 播种机械,18,keep,"[""农业作业场景"", ""农田环境"", ""播种作业区""]",农业作业中用于播种的机械设备在农田或农场中的实际应用场景,播种机械在农业作业中具有稳定且常见的使用场景，通常出现在农田或农场环境中，提供明确的承载和操作空间。,screened
人造物体,人造物体 / 农业林业渔业设备 / 收获机械,19,keep,"[""农田环境"", ""农业生产场景"", ""收获作业场景""]",农业收获过程中使用的机械设备在农田或农场中的实际应用场景,收获机械在农田环境中具有稳定且常见的使用场景，能提供可靠的承载和操作空间,screened
人造物体,人造物体 / 农业林业渔业设备 / 林业机械,16,keep,"[""林业作业环境"", ""自然环境"", ""野外工作场景""]",林业机械在森林或野外作业中的使用场景,林业机械通常出现在森林或野外作业环境中，具有稳定的场景和承载面，能够提供有效的可编辑环境结构。,screened
人造物体,人造物体 / 农业林业渔业设备 / 植保机械,15,keep,"[""农田环境"", ""农业生产场景"", ""农村作业空间""]",植保机械在农业作业中的使用场景，如喷洒、除草等操作环境,植保机械常见于农田和农业生产场景，具有稳定的场景来源和可编辑的作业环境,screened
人造物体,人造物体 / 农业林业渔业设备 / 渔业设备,16,keep,"[""水域环境"", ""渔业作业场景""]",渔业设备在水域及作业场景中的稳定使用环境,渔业设备通常出现在水域环境和渔业作业场景中，具有稳定且可编辑的承载与使用场景,screened
人造物体,人造物体 / 农业林业渔业设备 / 灌溉设备,18,keep,"[""农田环境"", ""灌溉场景"", ""农业设施""]",农田中用于水分输送和作物浇灌的设备与结构,灌溉设备常见于农田环境，提供稳定且可编辑的场景和承载面，具有明确的实用场景来源,screened
人造物体,人造物体 / 农业林业渔业设备 / 畜牧设备,22,keep,"[""农村牧场"", ""养殖环境"", ""农业生产场景""]",涉及畜牧设备的农村或牧场场景，如牛羊圈舍、喂养设施等,畜牧设备通常存在于农村牧场或养殖环境中，提供稳定且可编辑的承载与使用场景,screened
人造物体,人造物体 / 农业林业渔业设备 / 耕作机械,16,keep,"[""农田环境"", ""耕作场景"", ""农业作业区""]",涉及耕作机械的农业作业场景，如翻土、播种、收割等,耕作机械在农田环境中具有稳定且持续的使用场景，能提供明确的承载和操作空间,screened
人造物体,人造物体 / 农用犁,39,keep,"[""农田"", ""农业作业场景"", ""农村环境""]",农用犁在农田中用于耕作的场景,农用犁常见于农田耕作场景，提供稳定且可编辑的承载与操作环境,screened
人造物体,人造物体 / 冲浪装备,38,hold,[],冲浪装备,仅凭分类名称无法确定是否存在稳定有用的场景或承载区域来源,screened
人造物体,人造物体 / 冷却设备,27,keep,"[""工作场所"", ""工业环境""]",冷却设备在工业或生产环境中常见的应用场景,冷却设备通常出现在工作场所或工业环境中，提供稳定且可编辑的承载与功能场景,screened
人造物体,人造物体 / 减振器 / 冲击,29,reject,[],减振器相关场景,减振器通常为孤立部件，缺乏稳定、普遍的场景或承载环境来源，主要作为机械部件存在，不构成可编辑的环境结构或空间支撑。,screened
人造物体,人造物体 / 分划板,25,hold,[],分划板类别,仅凭分类名称无法确定其具体应用场景或是否存在稳定有用的场景来源,screened
人造物体,人造物体 / 切割器具 / 刀片,46,reject,[],刀片作为切割器具的组成部分，通常以符号或文字形式出现，缺乏稳定、可编辑的场景或承载环境,刀片多为抽象符号或孤立小物特写，无稳定可用的场景或承载区域来源,screened
人造物体,人造物体 / 切割器具 / 切削工具,640,keep,"[""厨房场景"", ""工作台面""]",切割器具在厨房或工作台等有明确承载面的环境中使用,切割器具通常出现在厨房或工作台等有稳定承载面的场景中，具备明确的使用环境和支撑结构,screened
人造物体,人造物体 / 切割器具 / 切纸器,19,hold,[],切割器具类物品,仅凭'切纸器'无法确定其是否具有稳定场景或承载区域来源,screened
人造物体,人造物体 / 切割器具 / 钻头,19,reject,[],切割器具/钻头相关场景,钻头属于抽象符号或孤立小物特写，缺乏稳定、可用的场景或承载区域来源,screened
人造物体,人造物体 / 刷子,16,hold,[],刷子类别,仅凭分类名称无法确定其是否包含稳定有用的场景或承载区域来源,screened
人造物体,人造物体 / 剃须用品,52,reject,[],剃须用品,剃须用品多为抽象符号或孤立小物特写，缺乏稳定有用的场景或承载区域来源。,screened
人造物体,人造物体 / 力学系统 / 悬挂系统,42,hold,[],悬挂系统,仅凭分类名称无法确定是否存在稳定有用的场景或承载区域来源,screened
人造物体,人造物体 / 力学系统 / 流水线,44,keep,"[""生产场所"", ""工作环境"", ""工业场景""]",流水线主要存在于工厂、生产线等生产环境中，提供稳定的工作流程和承载结构,流水线在生产场所中具有稳定且持续的场景来源，能提供明确的承载和操作环境,screened
人造物体,人造物体 / 力学系统 / 燃料喷射系统,37,reject,[],燃料喷射系统,燃料喷射系统主要为抽象符号或技术部件，缺乏稳定、通用的场景或承载环境来源。,screened
人造物体,人造物体 / 力学系统 / 联动装置,38,hold,[],联动装置,仅凭分类名称无法确定其具体场景或是否存在稳定有用的来源,screened
人造物体,人造物体 / 办公文具,64,keep,"[""办公桌面"", ""室内工作环境""]",办公文具在办公场景中的常见使用环境,办公文具常出现在办公桌面和室内工作环境中，具有稳定且普遍的场景来源,screened
人造物体,人造物体 / 办公文具 / 书写工具,391,keep,"[""办公桌面"", ""室内工作环境""]",办公文具中的书写工具在办公桌面或室内工作环境中常见,书写工具常出现在办公桌面或室内工作场景中，具有稳定且普遍的使用来源,screened
人造物体,人造物体 / 办公文具 / 书包,51,hold,[],办公文具类书包,仅凭分类名称无法确定是否存在稳定有用的场景或承载区域来源,screened
人造物体,人造物体 / 办公文具 / 书立,33,keep,"[""办公场景"", ""桌面环境""]",办公文具类中的书立在办公桌或文件架上常见，提供稳定支撑和文件分类功能,书立常见于办公桌面，提供稳定支撑和文件分类，属于稳定且可编辑的场景来源,screened
人造物体,人造物体 / 办公文具 / 便签纸,49,keep,"[""办公桌面"", ""室内工作环境""]",办公文具中的便签纸常用于办公桌面或工作场景中，作为记录和标记工具,便签纸常见于办公桌面和工作环境中，提供稳定且实用的场景来源,screened
人造物体,人造物体 / 办公文具 / 信封,49,keep,"[""办公场景"", ""桌面环境""]",办公文具中的信封在办公场景中常见，常放置于桌面或文件夹中,信封作为办公文具，在办公场景和桌面环境中具有稳定且常见的使用来源,screened
人造物体,人造物体 / 办公文具 / 修正用品,29,keep,"[""办公桌面"", ""室内工作环境""]",办公文具中的修正用品，如修正液、修正带等，常见于办公桌面或办公环境中,修正用品常出现在办公桌面或办公环境中，具有稳定且常见的使用场景,screened
人造物体,人造物体 / 办公文具 / 剪刀,50,keep,"[""办公场景"", ""桌面环境""]",办公文具类剪刀在办公场景中常见，常用于剪裁纸张等操作,剪刀作为办公文具，常出现在办公桌面或办公场景中，具有稳定且可编辑的使用环境,screened
人造物体,人造物体 / 办公文具 / 办公收纳盒,62,keep,"[""办公桌面"", ""办公空间""]",办公环境中用于收纳的物品，常见于办公桌或文件柜上,办公收纳盒常见于办公桌面或办公空间，提供稳定且实用的收纳场景,screened
人造物体,人造物体 / 办公文具 / 印章,59,hold,[],办公文具类中的印章,仅凭分类名称无法确定是否存在稳定有用的场景或承载区域来源,screened
人造物体,人造物体 / 办公文具 / 印章耗材,33,keep,"[""办公桌面"", ""办公环境""]",办公场景中用于印章操作的耗材类物品,印章耗材常出现在办公桌面和办公环境中，提供稳定且常见的使用场景和承载面,screened
人造物体,人造物体 / 办公文具 / 台历挂历,58,keep,"[""办公桌面"", ""室内环境""]",办公文具中的台历挂历在办公桌面或室内环境中常见,台历挂历常作为办公桌面的装饰或实用物品，具有稳定且常见的场景来源,screened
人造物体,人造物体 / 办公文具 / 圆珠笔,296,reject,[],圆珠笔作为办公文具，通常以孤立小物特写出现,圆珠笔属于抽象符号和孤立小物特写，缺乏稳定、可编辑的场景或承载区域来源,screened
人造物体,人造物体 / 办公文具 / 圆规,49,reject,[],仅包含圆规这一物品,圆规属于抽象符号和孤立小物特写，缺乏稳定有用的场景或承载区域来源,screened
人造物体,人造物体 / 办公文具 / 地球仪,50,reject,[],地球仪作为抽象符号或纯文字出现,地球仪通常为抽象符号或品牌标志，缺乏稳定、可用的场景或承载区域来源,screened
人造物体,人造物体 / 办公文具 / 尺子,59,hold,[],办公文具类尺子,仅凭'尺子'无法确定其是否具有稳定场景或承载区域来源,screened
人造物体,人造物体 / 办公文具 / 打孔器,50,reject,[],办公文具类打孔器,打孔器属于孤立小物特写，缺乏稳定有用的场景或承载区域来源,screened
人造物体,人造物体 / 办公文具 / 教学模型,47,hold,[],办公文具 / 教学模型,仅凭分类名称无法确定是否存在稳定有用的场景或承载区域来源,screened
人造物体,人造物体 / 办公文具 / 教学用品,70,keep,"[""教室"", ""办公空间"", ""学习环境""]",教学用品常见于教室、学习环境等场景，提供稳定使用场景,教学用品常出现在教室或学习环境中，具有稳定且可编辑的场景来源,screened
人造物体,人造物体 / 办公文具 / 文件夹,44,keep,"[""办公桌面"", ""室内工作环境""]",文件夹常见于办公桌面或文件整理场景,文件夹常出现在办公桌面或文件整理场景中，提供稳定且常见的承载区域,screened
人造物体,人造物体 / 办公文具 / 文件管理,44,keep,"[""办公桌面"", ""室内工作环境"", ""文件处理场景""]",办公环境中用于文件整理和管理的文具类物品,文件管理类文具常见于办公桌面和工作场景，提供稳定且可编辑的承载与使用环境,screened
人造物体,人造物体 / 办公文具 / 标签贴纸,40,keep,"[""办公桌面"", ""室内工作环境""]",办公文具中的标签贴纸常用于文件、设备或物品的标识，常见于办公桌面和室内工作场景,标签贴纸常出现在办公桌面和工作环境中，提供稳定且可编辑的承载区域，具有明确的场景来源,screened
人造物体,人造物体 / 办公文具 / 桌面文具,41,keep,"[""桌面"", ""办公环境"", ""工作场所""]",办公场景中用于桌面放置的文具类物品,桌面文具常见于办公环境，提供稳定且可编辑的放置区域，具有明确的场景来源,screened
人造物体,人造物体 / 办公文具 / 档案盒,51,keep,"[""办公桌面"", ""室内工作环境""]",档案盒常见于办公桌面或文件整理区域,档案盒常出现在办公环境中，作为文件存储和整理的稳定载体，具有明确的使用场景和承载功能,screened
人造物体,人造物体 / 办公文具 / 橡皮,50,hold,[],办公文具中的橡皮,仅凭'橡皮'无法确定其是否具有稳定场景或承载区域来源,screened
人造物体,人造物体 / 办公文具 / 毛笔,50,hold,[],办公文具类物品,仅凭'毛笔'无法确定其是否具有稳定场景或承载区域来源,screened
人造物体,人造物体 / 办公文具 / 活页本,52,keep,"[""办公桌面"", ""室内工作环境""]",办公文具中的活页本在办公桌面或工作环境中常见，提供稳定放置和使用场景,活页本常出现在办公桌面或工作环境中，具有稳定的使用场景和承载面，符合可编辑环境结构要求,screened
人造物体,人造物体 / 办公文具 / 画板,52,keep,"[""办公场景"", ""桌面环境"", ""学习工作空间""]",办公文具中的画板类物品常见于办公或学习场景，常放置在桌面或工作台上，提供稳定承载和使用空间,画板作为办公文具，常出现在办公或学习场景中，具有稳定的使用环境和承载面，可作为可编辑区域的来源,screened
人造物体,人造物体 / 办公文具 / 画笔,53,keep,"[""办公场景"", ""桌面环境"", ""书写环境""]",办公文具中的画笔类物品在办公场景中常见，常用于绘画或记录，具有稳定的使用场景和承载面,画笔作为办公文具，在办公桌或书写环境中常见，具有稳定且可编辑的使用场景，能提供有效的支撑和放置区域,screened
人造物体,人造物体 / 办公文具 / 白板,50,keep,"[""办公场所"", ""教室""]",办公文具中的白板在办公或教学环境中常见，提供书写和展示功能,白板作为办公或教学场景中的常见书写工具，具有稳定且可编辑的承载面，适用于多种办公和学习环境。,screened
人造物体,人造物体 / 办公文具 / 笔袋,49,keep,"[""办公场景"", ""桌面环境""]",办公文具中的笔袋常出现在办公桌或工作区域，作为书写工具的收纳载体,笔袋作为办公文具的一部分，常见于办公桌面或工作环境中，提供稳定且可编辑的承载区域,screened
人造物体,人造物体 / 办公文具 / 笔记本,51,keep,"[""办公桌面"", ""室内工作环境""]",办公文具中的笔记本在办公桌面或室内工作环境中常见，提供稳定使用场景,笔记本常出现在办公桌面或室内工作环境中，具有稳定且可编辑的承载面，符合办公场景需求,screened
人造物体,人造物体 / 办公文具 / 纸张本册,54,keep,"[""办公桌面"", ""室内工作环境""]",办公场景中用于书写、记录的纸张和本册类物品,纸张本册常见于办公桌面和室内工作环境，提供稳定书写和记录的承载面,screened
人造物体,人造物体 / 办公文具 / 美术用品,95,keep,"[""办公桌面"", ""室内工作环境"", ""学习场景""]",办公文具和美术用品在办公或学习场景中的使用环境,美术用品和办公文具常出现在办公桌面或学习场景中，具有稳定且常见的使用场景和承载面,screened
人造物体,人造物体 / 办公文具 / 胶带,31,reject,[],胶带作为办公文具的符号或小物特写,胶带多为孤立小物特写或品牌标志，缺乏稳定、可编辑的场景或承载区域来源,screened
人造物体,人造物体 / 办公文具 / 胶水,36,reject,[],胶水作为办公文具，通常以小物特写或符号形式出现,胶水属于抽象符号或孤立小物特写，缺乏稳定、可编辑的场景或承载区域来源,screened
人造物体,人造物体 / 办公文具 / 计算器,30,keep,"[""办公桌面"", ""工作场所""]",办公环境中常见的计算器使用场景,计算器常出现在办公桌面或工作场所，具有稳定的使用场景和承载环境,screened
人造物体,人造物体 / 办公文具 / 订书机,31,keep,"[""办公桌面"", ""室内工作环境""]",办公文具类物品在办公桌面上的使用场景,订书机常见于办公桌面，属于稳定且普遍的办公场景来源,screened
人造物体,人造物体 / 办公文具 / 记号笔,30,hold,[],办公文具中的记号笔,仅凭分类名称无法确定其是否包含稳定有用的场景或承载区域来源,screened
人造物体,人造物体 / 办公文具 / 证件卡,92,reject,[],证件卡相关场景,证件卡多为抽象符号或纯文字，缺乏稳定、可用的场景或承载区域来源,screened
人造物体,人造物体 / 办公文具 / 调色板,50,keep,"[""办公桌面"", ""室内工作环境""]",办公文具中的调色板常用于室内办公场景，作为色彩搭配和设计工作的工具,调色板常见于办公桌面，提供稳定且可编辑的色彩展示区域，属于典型的办公场景来源,screened
人造物体,人造物体 / 办公文具 / 财务用品,47,keep,"[""办公桌面"", ""工作场所""]",财务用品在办公环境中的使用场景，如办公桌、文件柜等载体,财务用品常出现在办公桌面或工作场所，具有稳定且常见的使用场景,screened
人造物体,人造物体 / 办公文具 / 钢笔,41,reject,[],钢笔相关场景,钢笔属于抽象符号或孤立小物特写，缺乏稳定有用的场景或承载区域来源,screened
人造物体,人造物体 / 办公文具 / 铅笔,50,hold,[],办公文具 / 铅笔,仅凭分类名称无法确定是否存在稳定有用的场景或承载区域来源,screened
人造物体,人造物体 / 办公文具 / 颜料,62,reject,[],颜料相关类别,颜料多为抽象符号或孤立小物特写，缺乏稳定有用的场景或承载区域来源,screened
人造物体,人造物体 / 办公文具 / 黑板,54,reject,[],黑板作为办公文具的一种，通常出现在教室或办公室等场景中,黑板属于抽象符号和教学工具，缺乏稳定、通用的场景或承载面来源，且多为孤立物体特写，不构成可编辑的环境结构。,screened
人造物体,人造物体 / 加力燃烧室,28,reject,[],加力燃烧室,加力燃烧室属于抽象符号和工程部件，缺乏稳定、通用的场景或承载环境来源。,screened
人造物体,人造物体 / 加热器 / 太阳能加热器,26,keep,"[""户外环境"", ""太阳能应用场景""]",太阳能加热器在户外或阳光充足场景中的应用,太阳能加热器通常出现在户外阳光照射的环境中，具有稳定的场景来源和可编辑的承载面,screened
人造物体,人造物体 / 加热器 / 对流式加热器,24,keep,"[""室内环境"", ""工作场所""]",对流式加热器常见于室内空间和工作场所，如家庭客厅、办公室等，提供稳定加热功能的场景,对流式加热器通常部署在室内环境或工作场所，具有稳定的使用场景和承载面，可作为有效场景来源,screened
人造物体,人造物体 / 加热器 / 小型空间加热器,31,keep,"[""室内空间"", ""小型居住环境""]",小型空间加热器常用于室内或封闭空间，如房间、小客厅、储物间等，提供局部加热功能,小型空间加热器常见于室内封闭空间，具有稳定的使用场景和承载环境，可作为室内加热场景的支撑来源,screened
人造物体,人造物体 / 加热器 / 散热器,26,keep,"[""室内环境"", ""工作场所""]",加热器和散热器在室内或工作场所中作为设备存在，提供热管理功能,散热器常见于室内或工作场所，作为稳定设备提供热管理功能，具有明确的场景来源,screened
人造物体,人造物体 / 加热器 / 炉子,30,keep,"[""厨房环境"", ""室内空间"", ""家庭用具场景""]",厨房或家庭中用于加热或烹饪的炉类设备,炉子常见于厨房等室内场景，提供稳定加热功能，具有明确的承载和使用环境,screened
人造物体,人造物体 / 加热器 / 煤气炉,30,keep,"[""厨房环境"", ""家庭室内"", ""烹饪场景""]",煤气炉常见于厨房环境中，作为家庭烹饪设备提供稳定加热来源,煤气炉通常出现在厨房场景中，具有稳定的使用环境和承载面，能提供明确的可编辑区域和实用场景,screened
人造物体,人造物体 / 包装与容器 / 塑料包装,63,hold,[],包装与容器类塑料制品,仅凭分类名称无法确定是否存在稳定有用的场景或承载区域来源,screened
人造物体,人造物体 / 包装与容器 / 塑料瓶,54,hold,[],包装与容器中的塑料瓶,仅凭分类名称无法确定是否存在稳定有用的场景或承载区域来源,screened
人造物体,人造物体 / 包装与容器 / 塑料箱,43,keep,"[""室内仓储"", ""物流场景"", ""临时堆放""]",塑料箱在仓储、物流和临时堆放场景中的常见使用,塑料箱在多种室内和物流场景中作为稳定承载和存储单元存在，具有明确的实用场景和可编辑环境结构,screened
人造物体,人造物体 / 包装与容器 / 太阳镜,40,reject,[],太阳镜相关场景,太阳镜多为抽象符号或孤立小物特写，缺乏稳定、通用的场景或承载区域来源,screened
人造物体,人造物体 / 包装与容器 / 戒指,44,reject,[],仅包含戒指这一单品,戒指属于抽象符号和孤立小物特写，缺乏稳定有用的场景或承载区域来源,screened
人造物体,人造物体 / 包装与容器 / 手提袋,40,hold,[],手提袋类物品,仅凭分类名称无法确定其是否包含稳定有用的场景或承载区域来源,screened
人造物体,人造物体 / 包装与容器 / 手镯,49,reject,[],仅包含手镯这类物品,手镯属于孤立小物特写，缺乏稳定、可用的场景或承载区域来源,screened
人造物体,人造物体 / 包装与容器 / 木箱,43,keep,"[""室内仓储"", ""物流运输"", ""货物堆放""]",木箱在仓储、运输和货物堆放等场景中作为稳定承载和存放物品的容器存在,木箱在多种场景中作为稳定容器和承载面存在，具有明确的实用场景和可编辑环境结构,screened
人造物体,人造物体 / 包装与容器 / 木质容器,51,keep,"[""室内环境"", ""家居场景""]",木质容器在家庭、商店等日常场景中常见，可作为物品放置或承载的载体,木质容器在多种室内场景中稳定出现，可作为物品承载或放置的结构，具有明确的使用场景和环境关联,screened
人造物体,人造物体 / 包装与容器 / 玻璃容器,49,keep,"[""室内场景"", ""食品展示环境""]",玻璃容器在室内及食品展示场景中作为承载或展示物的稳定来源,玻璃容器常见于室内和食品展示环境，提供稳定且可编辑的承载面，适用于多种场景,screened
人造物体,人造物体 / 包装与容器 / 玻璃瓶,47,hold,[],包装与容器中的玻璃瓶,仅凭分类名称无法确定是否存在稳定有用的场景或承载区域来源,screened
人造物体,人造物体 / 包装与容器 / 真空包装,40,reject,[],真空包装,真空包装多为抽象符号或孤立小物特写，缺乏稳定、可用的场景或承载区域来源。,screened
人造物体,人造物体 / 包装与容器 / 礼品包装,42,hold,[],礼品包装,仅凭分类名称无法确定是否存在稳定有用的场景或承载区域来源,screened
人造物体,人造物体 / 包装与容器 / 礼品盒,50,hold,[],礼品盒,仅凭名称无法确定是否存在稳定有用的场景或承载区域来源,screened
人造物体,人造物体 / 包装与容器 / 纸箱,51,keep,"[""室内仓储"", ""物流运输"", ""零售场景""]",纸箱在仓储、物流和零售环境中的常见使用场景,纸箱作为常见包装容器，广泛存在于室内仓储、物流运输和零售场景中，提供稳定承载和存放功能,screened
人造物体,人造物体 / 包装与容器 / 纸袋,40,hold,[],包装与容器中的纸袋,仅凭'纸袋'无法确定其是否具有稳定、可用的场景或承载区域来源,screened
人造物体,人造物体 / 包装与容器 / 纸质包装,45,keep,"[""室内场景"", ""零售环境""]",纸质包装常见于零售、办公及家庭场景中，如商品包装、快递包裹等,纸质包装在多种日常场景中稳定出现，如商店货架、快递收发、家庭收纳等，提供明确的承载和使用环境,screened
人造物体,人造物体 / 包装与容器 / 编织袋,49,keep,"[""购物场景"", ""户外使用场景"", ""运输场景""]",编织袋在购物、户外携带和运输中的常见使用场景,编织袋常见于购物、户外活动和货物运输等场景，提供稳定承载和放置功能,screened
人造物体,人造物体 / 包装与容器 / 耳环,49,reject,[],耳环相关包装与容器,耳环属于抽象符号或孤立小物特写，缺乏稳定有用的场景或承载区域来源,screened
人造物体,人造物体 / 包装与容器 / 胸针,51,reject,[],包装与容器,胸针属于抽象符号或孤立小物特写，缺乏稳定有用的场景或承载区域来源,screened
人造物体,人造物体 / 包装与容器 / 证件包,52,hold,[],证件包类物品,仅凭名称无法确定是否存在稳定有用的场景或承载区域来源,screened
人造物体,人造物体 / 包装与容器 / 软包装,45,hold,[],包装与容器中的软包装,仅凭分类名称无法确定是否存在稳定有用的场景或承载区域来源,screened
人造物体,人造物体 / 包装与容器 / 运输包装,60,keep,"[""运输场景"", ""物流环境""]",运输包装在物流、仓储、运输等场景中的使用,运输包装常见于物流和运输场景，提供稳定承载和保护功能，具有明确的实用场景来源,screened
人造物体,人造物体 / 包装与容器 / 运输托盘,68,keep,"[""运输场景"", ""仓储环境"", ""工业场所""]",运输托盘在物流、仓储、生产等场景中作为承载和运输工具存在,运输托盘常见于仓储、物流和工业运输场景，提供稳定承载面，具有明确且稳定的使用环境,screened
人造物体,人造物体 / 包装与容器 / 金属容器,54,keep,"[""室内仓储"", ""生产工作场所"", ""运输物流环境""]",金属容器在仓储、生产及物流场景中的稳定使用环境,金属容器常见于室内仓储、生产作业和物流运输场景，提供稳定承载和存储功能,screened
人造物体,人造物体 / 包装与容器 / 金属罐,71,keep,"[""室内货架"", ""食品零售环境"", ""厨房场景""]",金属罐在零售、厨房等场景中作为容器或存储物存在，提供稳定承载和放置区域,金属罐在多种日常场景中作为稳定容器存在，具有明确的承载和放置功能，适用于多种环境,screened
人造物体,人造物体 / 包装与容器 / 钥匙扣,42,reject,[],钥匙扣相关场景,钥匙扣多为抽象符号或孤立小物特写，缺乏稳定有用的场景或承载区域来源,screened
人造物体,人造物体 / 包装与容器 / 钱包,48,reject,[],钱包相关场景,钱包属于抽象符号和孤立小物特写，缺乏稳定、通用的场景或承载区域来源,screened
人造物体,人造物体 / 包装与容器 / 陶瓷容器,46,keep,"[""厨房场景"", ""家居环境"", ""日常使用场景""]",陶瓷容器在厨房、家居等日常环境中作为盛放或存储物品的稳定载体,陶瓷容器常见于厨房和家居环境中，提供稳定的放置和存储功能，具有明确的使用场景和承载面,screened
人造物体,人造物体 / 包装与容器 / 项链,49,reject,[],项链相关场景,项链多为纯文字、品牌标志或孤立小物特写，缺乏稳定有用的场景或承载区域来源,screened
人造物体,人造物体 / 包装与容器 / 领带,43,reject,[],领带相关场景,领带属于抽象符号和纯文字类物品，缺乏稳定、可用的场景或承载区域来源,screened
人造物体,人造物体 / 包装与容器 / 食品袋,50,hold,[],食品袋,仅凭分类名称无法确定是否存在稳定有用的场景或承载区域来源,screened
人造物体,人造物体 / 化妆刷,60,reject,[],化妆刷,化妆刷属于孤立小物特写，缺乏稳定有用的场景或承载区域来源,screened
人造物体,人造物体 / 化妆包,45,reject,[],化妆包,化妆包通常为孤立小物特写，缺乏稳定、通用的场景或承载区域来源。,screened
人造物体,人造物体 / 医疗器械,8,hold,[],医疗器械,仅凭分类名称无法确定是否存在稳定有用的场景或承载区域来源,screened
人造物体,人造物体 / 医疗器械 / CT设备,14,reject,[],医疗器械/CT设备,CT设备主要为抽象符号或纯文字，缺乏稳定、可用的场景或承载区域来源。,screened
人造物体,人造物体 / 医疗器械 / X射线设备,24,reject,[],医疗器械/X射线设备,X射线设备主要为抽象符号或纯文字，缺乏稳定、可用的场景或承载区域来源。,screened
人造物体,人造物体 / 医疗器械 / 体温计,22,reject,[],医疗器械/体温计,体温计主要为抽象符号或孤立小物特写，缺乏稳定、可用的场景或承载区域来源,screened
人造物体,人造物体 / 医疗器械 / 假肢,23,reject,[],医疗器械/假肢,假肢属于抽象符号和孤立小物特写，缺乏稳定、可用的场景或承载区域来源。,screened
人造物体,人造物体 / 医疗器械 / 内窥镜,18,reject,[],医疗器械/内窥镜,内窥镜主要为抽象符号或孤立小物特写，缺乏稳定、通用的场景或承载区域来源,screened
人造物体,人造物体 / 医疗器械 / 助行器,26,hold,[],医疗器械/助行器,仅凭分类名称无法确定是否存在稳定有用的场景或承载区域来源,screened
人造物体,人造物体 / 医疗器械 / 医学影像设备,50,hold,[],医疗器械/医学影像设备,仅凭分类名称无法确定是否存在稳定有用的场景或承载区域来源,screened
人造物体,人造物体 / 医疗器械 / 医用口罩,27,reject,[],医用口罩,医用口罩属于抽象符号和纯文字类，缺乏稳定、可用的场景或承载区域来源。,screened
人造物体,人造物体 / 医疗器械 / 医用手套,30,reject,[],医用手套,医用手套属于抽象符号和孤立小物特写，缺乏稳定有用的场景或承载区域来源。,screened
人造物体,人造物体 / 医疗器械 / 医用耗材,50,hold,[],医疗器械/医用耗材,仅凭分类名称无法确定是否存在稳定有用的场景或承载区域来源,screened
人造物体,人造物体 / 医疗器械 / 医疗仪器,303,hold,[],医疗仪器,仅凭分类名称无法确定是否存在稳定有用的场景或承载区域来源,screened
人造物体,人造物体 / 医疗器械 / 听诊器,18,reject,[],医疗器械/听诊器,听诊器主要为抽象符号或孤立小物特写，缺乏稳定、可用的场景或承载区域来源。,screened
人造物体,人造物体 / 医疗器械 / 呼吸机,16,reject,[],医疗器械/呼吸机,呼吸机主要为抽象符号或孤立小物特写，缺乏稳定、可用的场景或承载区域来源,screened
人造物体,人造物体 / 医疗器械 / 培养箱,17,hold,[],医疗器械/培养箱,仅凭分类名称无法确定是否存在稳定有用的场景或承载区域来源,screened
人造物体,人造物体 / 医疗器械 / 实验天平,18,reject,[],医疗器械/实验天平,实验天平属于抽象符号或孤立小物特写，缺乏稳定、通用的场景或承载区域来源。,screened
人造物体,人造物体 / 医疗器械 / 家庭医疗器械,40,keep,"[""家庭场景"", ""室内环境""]",家庭中使用的医疗器械，如血压计、体温计等,家庭医疗器械常见于家庭室内场景，提供稳定且可编辑的使用环境,screened
人造物体,人造物体 / 医疗器械 / 康复器械,87,hold,[],医疗器械/康复器械,仅凭分类名称无法确定是否存在稳定有用的场景或承载区域来源,screened
人造物体,人造物体 / 医疗器械 / 康复训练器,19,hold,[],医疗器械/康复训练器,仅凭分类名称无法确定是否存在稳定有用的场景或承载区域来源,screened
人造物体,人造物体 / 医疗器械 / 心电图机,16,reject,[],医疗器械/心电图机,心电图机主要为抽象符号或孤立设备特写，缺乏稳定、通用的场景或承载环境来源。,screened
人造物体,人造物体 / 医疗器械 / 手术刀,18,reject,[],医疗器械/手术刀,手术刀属于抽象符号和孤立小物特写，缺乏稳定有用的场景或承载区域来源。,screened
人造物体,人造物体 / 医疗器械 / 手术剪,17,reject,[],医疗器械中的手术剪,手术剪属于抽象符号和孤立小物特写，缺乏稳定、通用的场景或承载区域来源,screened
人造物体,人造物体 / 医疗器械 / 手术器械,85,hold,[],医疗器械/手术器械,仅凭分类名称无法确定是否存在稳定有用的场景或承载区域来源,screened
人造物体,人造物体 / 医疗器械 / 显微镜,18,reject,[],医疗器械/显微镜,显微镜主要为抽象符号或孤立小物特写，缺乏稳定、通用的场景或承载区域来源。,screened
人造物体,人造物体 / 医疗器械 / 检验分析仪,17,hold,[],医疗器械/检验分析仪,仅凭分类名称无法确定是否存在稳定有用的场景或承载区域来源,screened
人造物体,人造物体 / 医疗器械 / 检验设备,40,hold,[],医疗器械/检验设备,仅凭分类名称无法确定是否存在稳定有用的场景或承载区域来源,screened
人造物体,人造物体 / 医疗器械 / 治疗设备,40,hold,[],医疗器械/治疗设备,仅凭分类名称无法确定是否存在稳定有用的场景或承载区域来源,screened
人造物体,人造物体 / 医疗器械 / 注射器,21,reject,[],医疗器械/注射器,注射器属于抽象符号和孤立小物特写，缺乏稳定有用的场景或承载区域来源。,screened
人造物体,人造物体 / 医疗器械 / 注射泵,18,reject,[],医疗器械/注射泵,注射泵主要为抽象符号或孤立小物特写，缺乏稳定、可用的场景或承载区域来源。,screened
人造物体,人造物体 / 医疗器械 / 烧杯,18,reject,[],医疗器械中的烧杯,烧杯属于抽象符号或孤立小物特写，缺乏稳定、可用的场景或承载区域来源,screened
人造物体,人造物体 / 医疗器械 / 监护仪,19,reject,[],医疗器械/监护仪,监护仪主要为抽象符号或纯文字，缺乏稳定、可用的场景或承载区域来源,screened
人造物体,人造物体 / 医疗器械 / 监护设备,40,keep,"[""医疗场景"", ""医院环境"", ""监护区域""]",医疗环境中用于患者监护的设备，如心电监护仪、呼吸机等,监护设备通常出现在医院或医疗场景中，具有稳定且明确的使用环境和承载面，能提供可靠的可编辑区域。,screened
人造物体,人造物体 / 医疗器械 / 磁共振设备,19,reject,[],医疗器械/磁共振设备,磁共振设备主要为抽象符号或纯文字，缺乏稳定、可用的场景或承载区域来源。,screened
人造物体,人造物体 / 医疗器械 / 离心机,22,reject,[],医疗器械/离心机,离心机主要为抽象符号或孤立小物特写，缺乏稳定、通用的场景或承载区域来源,screened
人造物体,人造物体 / 医疗器械 / 移液器,21,reject,[],医疗器械/移液器,移液器主要为抽象符号或孤立小物特写，缺乏稳定、通用的场景或承载区域来源。,screened
人造物体,人造物体 / 医疗器械 / 绷带,19,reject,[],医疗器械/绷带,绷带属于抽象符号或孤立小物特写，缺乏稳定有用的场景或承载区域来源,screened
人造物体,人造物体 / 医疗器械 / 血压计,22,reject,[],医疗器械/血压计,血压计通常为孤立小物特写或品牌标志，缺乏稳定、通用的场景或承载区域来源,screened
人造物体,人造物体 / 医疗器械 / 血糖仪,15,reject,[],医疗器械/血糖仪,血糖仪主要为抽象符号或孤立小物特写，缺乏稳定、可用的场景或承载区域来源。,screened
人造物体,人造物体 / 医疗器械 / 诊断设备,10,hold,"[""医疗场景""]",医疗诊断设备在医院或诊所等医疗环境中的使用场景,分类名称较模糊，缺乏明确的稳定场景来源，无法确定是否包含可编辑的承载或环境结构,screened
人造物体,人造物体 / 医疗器械 / 试管,21,reject,[],医疗器械/试管,试管通常为孤立小物特写或纯文字符号，缺乏稳定、可用的场景或承载区域来源。,screened
人造物体,人造物体 / 医疗器械 / 超声设备,21,reject,[],医疗器械/超声设备,超声设备主要为抽象符号或纯文字，缺乏稳定、可用的场景或承载区域来源。,screened
人造物体,人造物体 / 医疗器械 / 输液泵,16,reject,[],医疗器械/输液泵,输液泵主要为抽象符号或孤立小物特写，缺乏稳定、可用的场景或承载区域来源。,screened
人造物体,人造物体 / 医疗器械 / 量筒,14,reject,[],医疗器械中的量筒,量筒属于抽象符号和孤立小物特写，缺乏稳定、可用的场景或承载区域来源,screened
人造物体,人造物体 / 医疗器械 / 麻醉机,19,reject,[],医疗器械/麻醉机,麻醉机属于抽象符号和孤立小物特写，缺乏稳定、可用的场景或承载区域来源,screened
人造物体,人造物体 / 卐字徽记,23,reject,[],仅包含符号和文字,‘卐字徽记’是抽象符号，缺乏稳定、可用的场景或承载区域来源，属于纯文字或品牌标志，不符合可编辑环境结构要求。,screened
人造物体,人造物体 / 卧室家具 / 床,314,keep,"[""卧室"", ""室内空间"", ""睡眠环境""]",卧室中的床类家具及其所在场景,床作为卧室核心家具，具有稳定且普遍的室内场景来源，能提供明确的承载和使用环境。,screened
人造物体,人造物体 / 卧室家具 / 床头柜,19,keep,"[""室内"", ""卧室"", ""桌面场景""]",卧室中的床头柜类家具，常见于室内空间，提供放置物品的稳定承载面,床头柜是卧室中常见的家具，通常稳定存在于室内场景，提供明确的放置和支撑功能,screened
人造物体,人造物体 / 卫生巾,44,reject,[],卫生巾,卫生巾属于纯文字或品牌标志类符号，缺乏稳定、可用的场景或承载区域来源。,screened
人造物体,人造物体 / 印章,43,reject,[],印章,印章通常为抽象符号或孤立小物特写，缺乏稳定有用的场景或承载区域来源。,screened
人造物体,人造物体 / 压力机 / 大型衣橱,27,hold,"[""大型衣橱""]",大型衣橱作为人造物体中的存储设施，可能存在于家庭或工业空间中,仅凭‘大型衣橱’这一名称无法确定其是否具备稳定、可编辑的场景来源，且缺乏明确的场景结构或承载环境支持,screened
人造物体,人造物体 / 压力机 / 衣柜,29,hold,[],压力机和衣柜的类别范围,仅凭分类名称无法确定是否存在稳定有用的场景或承载区域来源,screened
人造物体,人造物体 / 压板,29,hold,[],压板作为人造物体的子类，缺乏明确的稳定场景或承载环境来源,仅凭'压板'这一名称无法确定其具体应用场景或是否具备稳定、可编辑的环境结构,screened
人造物体,人造物体 / 原始石器,40,hold,[],原始石器,仅凭分类名称无法确定是否存在稳定有用的场景或承载区域来源,screened
人造物体,人造物体 / 厨房抽油烟机,34,keep,"[""厨房环境"", ""室内空间"", ""家庭场景""]",厨房环境中常见的固定设施，提供稳定承载和操作空间,厨房抽油烟机通常安装在厨房灶台上方，是稳定存在的厨房设备，能提供明确的使用场景和承载环境,screened
人造物体,人造物体 / 厨房餐厨用品,12,keep,"[""厨房环境"", ""室内空间"", ""家庭场景""]",厨房餐厨用品在家庭厨房中的常见使用场景,厨房餐厨用品通常出现在稳定的厨房环境中，提供明确的使用场景和承载面，具有稳定的来源和可编辑性。,screened
人造物体,人造物体 / 厨房餐厨用品 / 保温杯,57,keep,"[""厨房场景"", ""室内环境"", ""日常使用场景""]",厨房及日常生活中用于保温的饮品容器,保温杯常见于厨房和日常生活场景，提供稳定且普遍的使用环境和承载面,screened
人造物体,人造物体 / 厨房餐厨用品 / 保鲜用品,35,keep,"[""厨房场景"", ""室内环境"", ""家庭空间""]",厨房中用于食品保鲜的用品，如保鲜膜、保鲜盒等,保鲜用品常见于厨房场景，提供稳定且实用的存储和保鲜功能，具有明确的使用环境和承载区域。,screened
人造物体,人造物体 / 厨房餐厨用品 / 保鲜盒,41,keep,"[""厨房场景"", ""室内环境"", ""食物存储场景""]",厨房中用于存放食材或食物的容器类用品,保鲜盒常见于厨房场景，提供稳定的存储和承载功能，具有明确的使用环境和场景来源,screened
人造物体,人造物体 / 厨房餐厨用品 / 刀具,44,keep,"[""厨房场景"", ""室内环境"", ""使用场景""]",厨房中用于切割食材的刀具及其使用环境,刀具常见于厨房场景，具有稳定的使用环境和承载面，能提供明确的可编辑操作空间。,screened
人造物体,人造物体 / 厨房餐厨用品 / 削皮器,50,keep,"[""厨房场景"", ""室内环境""]",厨房中用于削皮的工具，常见于家庭厨房操作场景,削皮器通常出现在厨房环境中，提供稳定且常见的使用场景和承载面，符合室内厨房操作的典型场景,screened
人造物体,人造物体 / 厨房餐厨用品 / 压力锅,49,keep,"[""厨房环境"", ""家庭室内""]",厨房中用于烹饪的加热容器类用品,压力锅常见于厨房场景，提供稳定的烹饪承载和使用环境,screened
人造物体,人造物体 / 厨房餐厨用品 / 厨房收纳,38,keep,"[""厨房环境"", ""室内空间"", ""收纳场景""]",厨房中用于物品收纳的各类工具和装置,厨房收纳用品常见于厨房环境中，提供稳定的放置和存储区域，具有明确的使用场景和承载功能,screened
人造物体,人造物体 / 厨房餐厨用品 / 厨房收纳架,36,keep,"[""厨房环境"", ""室内空间"", ""收纳场景""]",厨房中用于物品存放的收纳架类设施,厨房收纳架常见于厨房环境中，提供稳定可靠的放置和收纳功能，具有明确的场景来源和实用价值,screened
人造物体,人造物体 / 厨房餐厨用品 / 厨房秤,28,keep,"[""厨房环境"", ""室内空间"", ""家庭场景""]",厨房环境中用于称重的器具,厨房秤常见于厨房场景，提供稳定且可编辑的承载面和使用环境,screened
人造物体,人造物体 / 厨房餐厨用品 / 开瓶器,29,keep,"[""厨房场景"", ""桌面环境""]",厨房中用于开启瓶盖的工具，常见于餐桌或厨房台面,开瓶器常出现在厨房或餐桌等稳定场景中，提供明确的使用环境和承载面,screened
人造物体,人造物体 / 厨房餐厨用品 / 打蛋器,25,keep,"[""厨房场景"", ""室内环境""]",厨房中用于打蛋的工具，常见于家庭厨房操作场景,打蛋器通常出现在厨房环境中，提供稳定的操作承载面，属于常见厨房使用场景,screened
人造物体,人造物体 / 厨房餐厨用品 / 杯壶,44,keep,"[""厨房场景"", ""室内环境"", ""用餐环境""]",厨房中用于盛装液体的杯壶类物品，常见于厨房台面或餐桌,杯壶类物品常出现在厨房或用餐场景中，提供稳定承载和使用环境，具有明确的场景来源,screened
人造物体,人造物体 / 厨房餐厨用品 / 杯子,58,keep,"[""厨房场景"", ""桌面环境"", ""家庭空间""]",厨房及家庭日常使用场景中的杯子放置或使用环境,杯子常见于厨房和家庭桌面，具有稳定的场景来源和可编辑的承载面,screened
人造物体,人造物体 / 厨房餐厨用品 / 桌布,45,keep,"[""桌面"", ""室内厨房""]",厨房环境中用于桌面的布料类物品,桌布常见于厨房桌面，提供稳定且实用的场景来源,screened
人造物体,人造物体 / 厨房餐厨用品 / 水壶,47,keep,"[""厨房环境"", ""室内空间"", ""家庭场景""]",厨房中用于盛装或加热水的器具，常见于家庭和餐饮场景,水壶常出现在厨房环境中，提供稳定且常见的使用场景和承载面，具有明确的实用性和可编辑性,screened
人造物体,人造物体 / 厨房餐厨用品 / 水果刀,31,hold,[],厨房餐厨用品中的水果刀,仅凭分类名称无法确定是否存在稳定有用的场景或承载区域来源,screened
人造物体,人造物体 / 厨房餐厨用品 / 汤勺,46,keep,"[""厨房场景"", ""饮食环境""]",厨房中用于舀取或搅拌汤类食物的餐具,汤勺常见于厨房场景，提供稳定的食物操作环境，具有明确的使用场景和承载面。,screened
人造物体,人造物体 / 厨房餐厨用品 / 汤锅,32,keep,"[""厨房环境"", ""室内空间"", ""烹饪场景""]",厨房中用于煮汤的锅具类物品,汤锅常见于厨房环境中，提供稳定的烹饪和承载区域，具有明确的使用场景和空间来源,screened
人造物体,人造物体 / 厨房餐厨用品 / 清洁用品,34,keep,"[""厨房环境"", ""室内空间"", ""清洁场景""]",厨房中用于清洁的用品，如抹布、清洁剂等，常见于厨房操作场景,清洁用品通常出现在厨房环境中，提供稳定且常见的使用场景和承载面，符合室内空间中的实用功能需求,screened
人造物体,人造物体 / 厨房餐厨用品 / 滤网,40,hold,[],厨房餐厨用品中的滤网,仅凭'滤网'无法确定其在具体场景中的稳定来源或承载环境,screened
人造物体,人造物体 / 厨房餐厨用品 / 漏勺,33,keep,"[""厨房场景"", ""烹饪环境""]",厨房中用于漏渣的厨具，常见于烹饪和食物处理场景,漏勺通常出现在厨房场景中，作为稳定且常见的厨房工具，提供明确的使用环境和承载面,screened
人造物体,人造物体 / 厨房餐厨用品 / 炊具,593,keep,"[""厨房环境"", ""室内空间"", ""烹饪场景""]",厨房中用于烹饪的器具，如锅、碗、铲等,炊具通常出现在厨房环境中，提供稳定且常见的使用场景和承载面，具有明确的实用性和可编辑性。,screened
人造物体,人造物体 / 厨房餐厨用品 / 炒锅,38,keep,"[""厨房环境"", ""烹饪场景"", ""室内灶台区域""]",厨房中用于炒制食物的锅具类物品，常见于灶台或操作台面上,炒锅通常出现在厨房环境中，作为烹饪工具具有稳定的场景来源和可编辑的承载面,screened
人造物体,人造物体 / 厨房餐厨用品 / 烘焙工具,49,keep,"[""厨房环境"", ""桌面场景"", ""家庭空间""]",厨房中用于烘焙的工具类物品，常见于家庭厨房或餐饮准备场景,烘焙工具通常出现在厨房环境中，提供稳定的使用场景和承载面，具有明确的实用性和可编辑性,screened
人造物体,人造物体 / 厨房餐厨用品 / 烘焙模具,48,keep,"[""厨房场景"", ""烘焙环境""]",厨房中用于烘焙的模具类工具，常见于家庭或专业厨房场景,烘焙模具常出现在厨房场景中，提供稳定的承载和使用环境，具有明确的实用场景来源,screened
人造物体,人造物体 / 厨房餐厨用品 / 烤盘,43,keep,"[""厨房场景"", ""室内环境"", ""烹饪环境""]",厨房中用于烘烤食物的烤盘类物品,烤盘常见于厨房场景，提供稳定的承载面，适用于烹饪和食物烘烤，具有明确的使用场景和环境支撑,screened
人造物体,人造物体 / 厨房餐厨用品 / 煎锅,40,keep,"[""厨房场景"", ""烹饪环境"", ""室内灶台区域""]",厨房中用于煎炒的厨具类物品，常见于灶台或操作台面上,煎锅通常出现在厨房场景中，具有稳定的使用环境和承载面，能提供明确的可编辑区域,screened
人造物体,人造物体 / 厨房餐厨用品 / 砂锅,24,keep,"[""厨房环境"", ""家庭室内""]",厨房中用于烹饪的砂锅类器具,砂锅常见于厨房场景，提供稳定烹饪承载面，具有明确的使用环境和场景来源,screened
人造物体,人造物体 / 厨房餐厨用品 / 砧板,45,keep,"[""厨房场景"", ""室内环境"", ""食物处理区域""]",厨房中用于切配食材的砧板类物品,砧板常见于厨房场景，提供稳定的食物处理承载面，具有明确且稳定的使用环境,screened
人造物体,人造物体 / 厨房餐厨用品 / 筷子,36,keep,"[""厨房场景"", ""用餐环境""]",厨房及用餐相关场景中，筷子作为餐具的使用环境,筷子常见于厨房和用餐场景，提供稳定且普遍的使用来源,screened
人造物体,人造物体 / 厨房餐厨用品 / 茶壶,50,keep,"[""厨房场景"", ""室内环境""]",厨房中用于泡茶的茶壶及其使用场景,茶壶常见于厨房场景，提供稳定且可编辑的使用环境，具有明确的承载和功能来源,screened
人造物体,人造物体 / 厨房餐厨用品 / 菜刀,41,keep,"[""厨房场景"", ""烹饪环境""]",厨房中用于切菜的工具，常见于厨房台面或操作区域,菜刀通常出现在厨房场景中，具有稳定的使用环境和承载面，能提供有效的可编辑区域。,screened
人造物体,人造物体 / 厨房餐厨用品 / 蒸笼,24,keep,"[""厨房环境"", ""室内空间"", ""烹饪场景""]",厨房中用于蒸煮食物的器具，常见于家庭或餐饮场所,蒸笼常出现在厨房环境中，提供稳定的蒸煮承载面，具有明确的使用场景和空间来源,screened
人造物体,人造物体 / 厨房餐厨用品 / 蒸锅,49,keep,"[""厨房环境"", ""室内空间"", ""烹饪场景""]",厨房中用于蒸煮的厨具类物品,蒸锅常见于厨房环境中，提供稳定的烹饪场景和承载面，具有明确的使用场景和可编辑性,screened
人造物体,人造物体 / 厨房餐厨用品 / 调味罐,43,keep,"[""厨房场景"", ""室内环境"", ""食物准备空间""]",厨房中用于存放调味品的容器类物品,调味罐常见于厨房场景，提供稳定且实用的存放和使用环境，具有明确的场景来源。,screened
人造物体,人造物体 / 厨房餐厨用品 / 酒杯,50,keep,"[""桌面"", ""厨房环境""]",厨房中用于饮酒的容器类用品,酒杯常见于厨房或餐厅桌面，具有稳定的使用场景和承载环境,screened
人造物体,人造物体 / 厨房餐厨用品 / 量杯量勺,27,keep,"[""厨房场景"", ""室内环境"", ""使用场景""]",厨房中用于测量液体或食物的工具,量杯量勺常见于厨房场景，提供稳定且可编辑的使用环境和承载面,screened
人造物体,人造物体 / 厨房餐厨用品 / 锅具,49,keep,"[""厨房环境"", ""烹饪场景"", ""室内空间""]",厨房中用于烹饪的锅具类物品，常见于灶台或台面等承载区域,锅具通常出现在厨房环境中，具有稳定的使用场景和承载面，能提供有效的可编辑区域,screened
人造物体,人造物体 / 厨房餐厨用品 / 锅铲,37,keep,"[""厨房场景"", ""烹饪环境"", ""室内灶台区域""]",厨房中用于烹饪和盛放食物的工具类物品,锅铲常见于厨房场景，提供稳定的烹饪和操作环境，具有明确的使用场景和承载面。,screened
人造物体,人造物体 / 厨房餐厨用品 / 餐具,1137,keep,"[""厨房桌面"", ""室内用餐场景"", ""家庭厨房环境""]",厨房中用于进食的各类器具，如碗、盘、筷子、勺子等，常见于家庭或餐厅场景,餐具在厨房和用餐场景中具有稳定且普遍的来源，能提供明确的承载和使用环境,screened
人造物体,人造物体 / 厨房餐厨用品 / 餐刀,28,hold,[],餐刀作为厨房用品的一部分，可能出现在厨房场景中,仅凭'餐刀'这一物品名称无法确定其是否具有稳定、可编辑的场景来源，缺乏明确的场景支撑,screened
人造物体,人造物体 / 厨房餐厨用品 / 餐叉,43,reject,[],餐叉作为孤立小物特写或品牌标志,餐叉属于抽象符号或孤立小物特写，缺乏稳定有用的场景或承载区域来源,screened
人造物体,人造物体 / 厨房餐厨用品 / 餐巾,41,hold,[],厨房餐厨用品中的餐巾,仅凭'餐巾'无法确定其是否具有稳定、可用的场景或承载区域来源，缺乏明确的环境关联,screened
人造物体,人造物体 / 厨房餐厨用品 / 餐盘,61,keep,"[""桌面"", ""厨房环境"", ""室内空间""]",厨房中用于盛放食物的餐盘，常见于餐桌或操作台面上,餐盘常见于厨房和餐桌等稳定场景，提供明确的承载和使用环境,screened
人造物体,人造物体 / 厨房餐厨用品 / 餐碗,37,keep,"[""厨房桌面"", ""室内用餐场景"", ""家庭厨房环境""]",厨房中用于盛放食物的餐碗类物品，常见于家庭或餐饮场景中,餐碗作为厨房常用物品，常出现在厨房桌面或用餐场景中，具有稳定且普遍的场景来源,screened
人造物体,人造物体 / 厨房餐厨用品 / 饭盒,51,keep,"[""厨房场景"", ""室内环境"", ""用餐场景""]",厨房中用于盛放食物的饭盒类用品,饭盒常见于厨房和用餐场景，提供稳定的食物承载和放置区域,screened
人造物体,人造物体 / 厨房餐厨用品 / 马克杯,51,keep,"[""厨房桌面"", ""室内场景""]",厨房环境中用于盛放饮品的马克杯,马克杯常见于厨房桌面和室内场景，提供稳定放置和使用场景,screened
人造物体,人造物体 / 去梗器,28,reject,[],去梗器,去梗器属于抽象符号或孤立小物特写，缺乏稳定有用的场景或承载区域来源,screened
人造物体,人造物体 / 叉子 / 干草叉,22,keep,"[""农业场景"", ""农田环境""]",农业中用于处理干草的工具场景,干草叉常见于农田和农业作业场景，提供稳定且可编辑的承载与操作环境,screened
人造物体,人造物体 / 反射器 / 反射镜,161,keep,"[""室内照明环境"", ""工作场所""]",反射器和反射镜在室内或工作场所中作为照明或视觉辅助工具的使用场景,反射镜在室内和工作场所中常作为功能性设备存在，提供稳定且可编辑的反射表面，具有明确的场景来源,screened
人造物体,人造物体 / 反射器 / 后视镜,26,keep,"[""交通环境"", ""车辆内部"", ""驾驶场景""]",后视镜常见于车辆驾驶场景，提供稳定可视环境和承载面,后视镜是交通环境中稳定存在的反射装置，具有明确的场景来源和可编辑结构,screened
人造物体,人造物体 / 反射器 / 太阳炉,22,reject,[],太阳炉相关结构,反射器类多为抽象符号或孤立小物特写，缺乏稳定、可用的场景或承载区域来源,screened
人造物体,人造物体 / 反射器 / 浴室镜,29,keep,"[""浴室环境"", ""室内空间"", ""反射类物体""]",浴室及室内环境中常见的反射器类物体，如浴室镜，提供稳定场景和可编辑的承载面,浴室镜是常见且稳定的室内场景元素，具有明确的使用环境和可编辑的反射特性,screened
人造物体,人造物体 / 反射器 / 观察镜,26,hold,[],反射器/观察镜类物体,仅凭分类名称无法确定其是否包含稳定有用的场景或承载区域来源,screened
人造物体,人造物体 / 发声器 / 号角,30,reject,[],发声器/号角,号角主要为抽象符号或孤立小物特写，缺乏稳定、可用的场景或承载区域来源。,screened
人造物体,人造物体 / 发声玩具,17,reject,[],发声玩具,发声玩具多为抽象符号或孤立小物特写，缺乏稳定有用的场景或承载区域来源。,screened
人造物体,人造物体 / 发声装置,37,hold,[],发声装置,仅凭分类名称无法确定是否存在稳定有用的场景或承载区域来源,screened
人造物体,人造物体 / 变形金刚,13,reject,[],变形金刚,变形金刚属于抽象符号和品牌标志，缺乏稳定有用的场景或承载区域来源。,screened
人造物体,人造物体 / 口红,34,reject,[],口红类别,口红属于纯文字或孤立小物特写，缺乏稳定有用的场景或承载区域来源,screened
人造物体,人造物体 / 古物,11,hold,[],人造物体 / 古物,仅凭分类名称无法确定是否存在稳定有用的场景或承载区域来源,screened
人造物体,人造物体 / 古物 / 古器,53,hold,"[""古物场景""]",古器在历史或文化场景中的出现环境,分类名称模糊，缺乏明确的稳定场景或承载环境来源，无法确定具体可召回的场景类型,screened
人造物体,人造物体 / 古物 / 石碑,42,keep,"[""自然环境"", ""庭院公园"", ""历史遗迹""]",石碑常见于庭院、公园、历史遗迹等场景，提供稳定承载和文化背景,石碑多出现在历史遗迹、庭院公园等稳定场景中，具有明确的承载面和环境背景,screened
人造物体,人造物体 / 台布 / 一种粗呢,26,hold,[],未明确具体场景或承载环境,仅凭'一种粗呢'无法确定其在具体场景中的稳定来源或承载区域,screened
人造物体,人造物体 / 台布 / 一种薄棉布,33,hold,[],台布作为一种薄棉布,仅凭名称无法确定其是否具有稳定场景或承载区域来源,screened
人造物体,人造物体 / 台布 / 上等亚麻布,26,hold,[],上等亚麻布作为台布的材质类别,仅凭名称无法确定其是否具有稳定场景或承载区域来源,screened
人造物体,人造物体 / 台布 / 丙烯腈系纤维,26,hold,[],丙烯腈系纤维台布,仅凭分类名称无法确定其是否具有稳定可用的场景或承载区域来源,screened
人造物体,人造物体 / 台布 / 丝,42,hold,[],台布类物品,仅凭'台布/丝'无法确定其具体应用场景或稳定来源，缺乏明确的场景或承载环境支持。,screened
人造物体,人造物体 / 台布 / 丝绒,27,hold,[],台布类物品,仅凭'丝绒台布'无法确定其是否具有稳定场景或承载区域来源，缺乏明确的使用环境或场景支撑。,screened
人造物体,人造物体 / 台布 / 乔其纱,25,hold,[],乔其纱台布类,仅凭名称无法确定其是否具有稳定场景或承载区域来源,screened
人造物体,人造物体 / 台布 / 亚麻,29,keep,"[""桌面"", ""室内""]",台布在桌面或室内场景中作为覆盖物使用,亚麻台布常见于室内桌面场景，提供稳定且可编辑的覆盖区域,screened
人造物体,人造物体 / 台布 / 亚麻毛织品,21,keep,"[""室内场景"", ""餐桌场景"", ""家居布艺""]",台布在室内餐桌等场景中作为覆盖物或装饰存在，具有稳定且常见的使用环境,亚麻毛织品台布常见于室内餐桌、餐椅等场景，提供稳定且可编辑的承载面，符合可编辑环境结构要求,screened
人造物体,人造物体 / 台布 / 人字呢,20,keep,"[""桌面"", ""室内""]",台布类物品在桌面或室内场景中的使用场景,台布作为桌面覆盖物，常见于室内场景中，提供稳定承载和装饰功能，具有明确的场景来源。,screened
人造物体,人造物体 / 台布 / 人造丝,23,hold,[],人造丝台布的使用场景,仅凭'人造丝'无法确定其具体应用场景或稳定来源，缺乏明确的场景或承载环境支持,screened
人造物体,人造物体 / 台布 / 人造革,24,hold,[],人造物体 / 台布 / 人造革,仅凭分类名称无法确定其是否包含稳定有用的场景或承载区域来源,screened
人造物体,人造物体 / 台布 / 仿薄软绸,25,hold,[],台布类物品,仅凭名称无法确定其是否具有稳定场景或承载区域来源,screened
人造物体,人造物体 / 台布 / 仿麂皮布,19,hold,[],台布类仿麂皮布,仅凭分类名称无法确定其是否具有稳定可用的场景或承载区域来源,screened
人造物体,人造物体 / 台布 / 伞盖,28,hold,[],台布和伞盖的使用场景,分类名称模糊，无法确定其是否包含稳定可用的场景或承载区域来源,screened
人造物体,人造物体 / 台布 / 伪装,27,reject,[],台布及伪装类物品,台布和伪装多为抽象符号或孤立小物特写，缺乏稳定、通用的场景或承载区域来源。,screened
人造物体,人造物体 / 台布 / 佩斯利纹,24,reject,[],佩斯利纹台布相关,佩斯利纹台布属于抽象图案装饰物，缺乏稳定、通用的场景或承载区域来源，主要为纯文字或图案特写，无实际使用环境支撑,screened
人造物体,人造物体 / 台布 / 僧侣布,22,hold,[],未明确具体场景或承载环境,仅凭'僧侣布'名称无法确定其典型使用场景或稳定来源,screened
人造物体,人造物体 / 台布 / 免烫整理,15,hold,[],台布类物品,仅凭分类名称无法确定其是否具有稳定可用的场景或承载区域来源,screened
人造物体,人造物体 / 台布 / 凸纹条格,23,hold,[],台布类物品,仅凭'凸纹条格'无法确定其是否具有稳定场景或承载区域来源,screened
人造物体,人造物体 / 台布 / 凸纹棉布,22,hold,[],台布类物品,仅凭'凸纹棉布'无法确定其是否具有稳定场景或承载区域来源,screened
人造物体,人造物体 / 台布 / 华达呢,24,keep,"[""桌面"", ""室内""]",台布在桌面或室内场景中作为覆盖物使用,台布常见于桌面或室内场景，提供稳定覆盖和视觉装饰，具有明确的场景来源,screened
人造物体,人造物体 / 台布 / 卡其布,24,hold,[],台布/卡其布相关场景,仅凭分类名称无法确定是否存在稳定有用的场景或承载区域来源,screened
人造物体,人造物体 / 台布 / 卡姆勒特织物,21,hold,[],台布及卡姆勒特织物相关类别,仅凭分类名称无法确定是否存在稳定有用的场景或承载区域来源,screened
人造物体,人造物体 / 台布 / 印刷品,21,hold,[],台布和印刷品的类别范围,仅凭分类名称无法确定是否存在稳定有用的场景或承载区域来源,screened
人造物体,人造物体 / 台布 / 印花棉布,18,hold,[],台布类物品,仅凭分类名称无法确定其是否包含稳定场景或承载区域来源,screened
人造物体,人造物体 / 台布 / 哔叽,22,hold,[],台布类物品,仅凭'哔叽'材质无法确定其在具体场景中的稳定来源或承载环境,screened
人造物体,人造物体 / 台布 / 啮合,90,reject,[],台布和啮合相关物品,台布和啮合属于抽象符号或孤立小物特写，缺乏稳定、可用的场景或承载区域来源,screened
人造物体,人造物体 / 台布 / 喘气,23,reject,[],台布/喘气,喘气为抽象符号或非实体存在，无稳定场景或承载区域来源,screened
人造物体,人造物体 / 台布 / 圈圈纱织物,19,hold,[],台布类圈圈纱织物,仅凭名称无法确定其是否具有稳定场景或承载区域来源,screened
人造物体,人造物体 / 台布 / 土布,24,hold,[],台布/土布的使用场景,仅凭'台布/土布'无法确定其稳定存在的场景或承载环境来源,screened
人造物体,人造物体 / 台布 / 埃尔特克斯网眼织物,24,reject,[],埃尔特克斯网眼织物,仅提供具体织物材质样本，缺乏稳定场景或承载区域来源,screened
人造物体,人造物体 / 台布 / 塔夫绸,19,hold,[],台布/塔夫绸类物品,仅凭分类名称无法确定其是否具有稳定可用的场景或承载区域来源,screened
人造物体,人造物体 / 台布 / 家具绒头织物,24,keep,"[""桌面"", ""室内""]",台布作为桌面覆盖物出现在室内家具场景中，提供稳定承载和装饰功能,台布常见于桌面和室内环境，提供稳定承载和装饰功能，属于稳定场景来源,screened
人造物体,人造物体 / 台布 / 小地毯,23,keep,"[""桌面"", ""室内""]",台布和小地毯常用于桌面或室内场景作为覆盖或装饰,台布和小地毯在室内场景中常见，提供稳定且可编辑的覆盖区域,screened
人造物体,人造物体 / 台布 / 尼农薄绸,24,hold,[],台布类物品,仅凭'台布/尼农薄绸'无法确定其在具体场景中的稳定来源或承载环境,screened
人造物体,人造物体 / 台布 / 尼龙,25,hold,[],台布类物品,仅凭'台布/尼龙'无法确定其在具体场景中的稳定来源或承载环境,screened
人造物体,人造物体 / 台布 / 尿布,23,reject,[],仅包含尿布等个人用品，无稳定场景或承载环境,尿布属于个人卫生用品，多为孤立小物特写，缺乏稳定、可编辑的场景或承载环境来源,screened
人造物体,人造物体 / 台布 / 山东绸,23,hold,[],未明确具体场景或承载环境,仅凭'山东绸'无法确定其在具体场景中的稳定来源或可编辑环境结构,screened
人造物体,人造物体 / 台布 / 巴蒂克印花布,22,hold,[],台布及巴蒂克印花布相关类别,仅凭分类名称无法确定其是否包含稳定有用的场景或承载区域来源,screened
人造物体,人造物体 / 台布 / 巴里纱,22,hold,[],台布/巴里纱类物品,仅凭分类名称无法确定其是否具有稳定可用的场景或承载区域来源,screened
人造物体,人造物体 / 台布 / 布料,557,keep,"[""桌面"", ""室内"", ""餐饮场景""]",台布和布料在桌面、室内及餐饮场景中作为覆盖或装饰性物品具有稳定来源,台布和布料常见于桌面、室内及餐饮场景，提供稳定且可编辑的承载与覆盖区域,screened
人造物体,人造物体 / 台布 / 帆布,26,hold,[],台布/帆布类物品,仅凭分类名称无法确定其是否具有稳定可用的场景或承载区域来源,screened
人造物体,人造物体 / 台布 / 带料,18,keep,"[""桌面"", ""室内场景"", ""餐饮环境""]",台布作为桌面覆盖物，常见于餐饮、室内用餐等场景，提供稳定承载和视觉背景,台布常用于桌面场景，具有稳定且常见的承载面来源，适用于多种室内和餐饮环境,screened
人造物体,人造物体 / 台布 / 席纹呢,23,hold,[],台布及席纹呢类物品,仅凭名称无法确定其是否具有稳定场景或承载区域来源,screened
人造物体,人造物体 / 台布 / 帷幔,24,hold,[],台布和帷幔的使用场景,分类名称模糊，无法确定其具体场景或稳定来源，缺乏明确的场景或承载区域支持,screened
人造物体,人造物体 / 台布 / 广东法兰绒,21,keep,"[""室内餐桌场景"", ""餐饮环境"", ""家居布置""]",台布在餐饮和家居场景中常见，常用于桌面覆盖，提供稳定承载面,台布作为餐桌覆盖物，常见于室内餐饮和家居场景，具有稳定且可编辑的承载区域,screened
人造物体,人造物体 / 台布 / 府绸,22,keep,"[""桌面"", ""室内""]",台布在桌面或室内场景中作为覆盖物使用,府绸台布常见于室内桌面场景，提供稳定且可编辑的覆盖区域,screened
人造物体,人造物体 / 台布 / 开司米,21,hold,[],台布类物品,仅凭'开司米'无法确定其在具体场景中的稳定来源或承载环境,screened
人造物体,人造物体 / 台布 / 弹性材料,24,hold,[],台布及弹性材料相关场景,仅凭分类名称无法确定是否存在稳定有用的场景或承载区域来源,screened
人造物体,人造物体 / 台布 / 彩旗,23,reject,[],无稳定场景或承载区域来源,彩旗多为抽象符号或孤立小物特写，缺乏稳定、可用的场景或承载面环境,screened
人造物体,人造物体 / 台布 / 提花织物,23,hold,[],台布及提花织物类,仅凭分类名称无法确定其是否包含稳定场景或承载区域来源,screened
人造物体,人造物体 / 台布 / 斜纹厚棉布,15,hold,[],台布类物品,仅凭'斜纹厚棉布'无法确定其在具体场景中的稳定来源或承载环境,screened
人造物体,人造物体 / 台布 / 斜纹织物,24,hold,[],台布及斜纹织物类,仅凭分类名称无法确定其是否具有稳定场景或承载区域来源,screened
人造物体,人造物体 / 台布 / 方格布,21,hold,[],台布/方格布,仅凭分类名称无法确定其是否具有稳定可用的场景或承载区域来源,screened
人造物体,人造物体 / 台布 / 条绒,47,keep,"[""桌面"", ""室内""]",台布在桌面或室内场景中作为覆盖物使用,条绒台布常见于室内桌面场景，提供稳定且可编辑的覆盖区域,screened
人造物体,人造物体 / 台布 / 柔软的织物,25,hold,[],台布作为柔软织物的使用场景,仅凭'台布/柔软的织物'无法确定其是否具有稳定、可编辑的场景来源，缺乏明确的场景或承载环境支撑,screened
人造物体,人造物体 / 台布 / 格子,43,hold,[],台布类物品,仅凭'格子'无法确定其在具体场景中的稳定来源或承载环境,screened
人造物体,人造物体 / 台布 / 棉,37,hold,[],台布类物品,仅凭'台布/棉'无法确定其是否具有稳定场景或承载区域来源,screened
人造物体,人造物体 / 台布 / 棉法兰绒,28,hold,[],台布类物品,仅凭'台布/棉法兰绒'无法确定其是否具有稳定场景或承载区域来源,screened
人造物体,人造物体 / 台布 / 棉织法兰绒,43,hold,[],台布类棉织法兰绒,仅凭分类名称无法确定其是否具有稳定可用的场景或承载区域来源,screened
人造物体,人造物体 / 台布 / 棉绒,37,hold,[],台布类物品,仅凭'台布/棉绒'无法确定其是否具有稳定场景或承载区域来源,screened
人造物体,人造物体 / 台布 / 棉缎,28,hold,[],台布类物品,仅凭'台布/棉缎'无法确定其是否具有稳定场景或承载区域来源,screened
人造物体,人造物体 / 台布 / 横棱绸,25,hold,[],台布类物品,仅凭'横棱绸'无法确定其是否具有稳定场景或承载区域来源,screened
人造物体,人造物体 / 台布 / 欧根纱,35,hold,[],台布类物品,仅凭'台布/欧根纱'无法确定其是否具有稳定场景或承载区域来源,screened
人造物体,人造物体 / 台布 / 毛圈布,38,hold,[],台布/毛圈布类物品,仅凭分类名称无法确定其是否具有稳定可用的场景或承载区域来源,screened
人造物体,人造物体 / 台布 / 毛巾布,32,hold,[],台布和毛巾布的使用场景,仅凭分类名称无法确定其是否包含稳定有用的场景或承载区域来源,screened
人造物体,人造物体 / 台布 / 毛棉织物,28,hold,[],台布及毛棉织物类物品,仅凭分类名称无法确定其是否具有稳定可用的场景或承载区域来源,screened
人造物体,人造物体 / 台布 / 毛毡,41,hold,[],台布/毛毡类物品,仅凭分类名称无法确定其是否具有稳定可用的场景或承载区域来源,screened
人造物体,人造物体 / 台布 / 毛海织物,22,hold,[],台布及毛海织物类,仅凭分类名称无法确定其是否包含稳定可用的场景或承载区域来源,screened
人造物体,人造物体 / 台布 / 氨纶,38,hold,[],台布类物品,仅凭'氨纶'无法确定其在具体场景中的稳定来源或承载环境,screened
人造物体,人造物体 / 台布 / 油布,28,hold,[],台布和油布的使用场景,仅凭分类名称无法确定其是否包含稳定有用的场景或承载区域来源,screened
人造物体,人造物体 / 台布 / 滴答声,22,reject,[],台布和滴答声相关的内容,台布属于具体物品，滴答声为抽象声音，缺乏稳定、可用的场景或承载区域来源,screened
人造物体,人造物体 / 台布 / 片材,33,keep,"[""桌面"", ""室内""]",台布作为桌面或家具上的覆盖物，常见于室内场景中，提供视觉覆盖和装饰功能,台布常见于桌面或家具表面，具有稳定且可重复的场景来源，属于室内环境中的典型覆盖物,screened
人造物体,人造物体 / 台布 / 牛仔布,35,hold,[],台布类物品,仅凭'牛仔布'无法确定其在具体场景中的稳定来源或承载环境,screened
人造物体,人造物体 / 台布 / 硫化纤维,18,hold,[],台布类物品,仅凭'硫化纤维'无法确定其在具体场景中的稳定来源或承载环境,screened
人造物体,人造物体 / 台布 / 硬布,23,keep,"[""桌面"", ""室内场景"", ""餐饮环境""]",台布和硬布在桌面、室内及餐饮场景中作为覆盖或装饰性物品存在，提供稳定承载面,台布和硬布常见于桌面、室内及餐饮场景，具有稳定且可编辑的承载区域，符合环境类场景需求,screened
人造物体,人造物体 / 台布 / 硬衬布,28,hold,[],台布和硬衬布的类别范围,仅凭分类名称无法确定其是否包含稳定有用的场景或承载区域来源,screened
人造物体,人造物体 / 台布 / 筛绢,23,hold,[],台布和筛绢的类别范围,仅凭分类名称无法确定其是否包含稳定有用的场景或承载区域来源,screened
人造物体,人造物体 / 台布 / 篮状编织,20,hold,[],台布类物品,分类名称不明确，无法确定其是否具有稳定场景或承载区域来源,screened
人造物体,人造物体 / 台布 / 粗斜纹棉布,71,hold,[],台布类物品,仅凭分类名称无法确定其是否具有稳定可用的场景或承载区域来源,screened
人造物体,人造物体 / 台布 / 粗红呢,23,hold,[],台布类物品,仅凭'粗红呢'无法确定其在具体场景中的稳定来源或承载环境,screened
人造物体,人造物体 / 台布 / 粗花呢,55,hold,[],台布类物品,仅凭'粗花呢'无法确定其在具体场景中的稳定来源或承载环境,screened
人造物体,人造物体 / 台布 / 粗麻布,22,hold,[],台布类粗麻布,仅凭分类名称无法确定其是否具有稳定可用的场景或承载区域来源,screened
人造物体,人造物体 / 台布 / 精纺毛料,36,hold,[],台布类精纺毛料,仅凭分类名称无法确定其是否具有稳定可用的场景或承载区域来源,screened
人造物体,人造物体 / 台布 / 细平布,28,keep,"[""桌面"", ""室内""]",台布在桌面或室内场景中作为覆盖物或装饰物的稳定来源,台布作为桌面覆盖物，在室内场景中具有稳定且常见的使用来源,screened
人造物体,人造物体 / 台布 / 细棉布,28,hold,[],台布类细棉布,仅凭分类名称无法确定其是否具有稳定可用的场景或承载区域来源,screened
人造物体,人造物体 / 台布 / 织带,49,hold,[],台布和织带的使用场景,仅凭分类名称无法确定其是否包含稳定有用的场景或承载区域来源,screened
人造物体,人造物体 / 台布 / 织锦,39,hold,[],台布及织锦类物品,仅凭分类名称无法确定其是否具有稳定可用的场景或承载区域来源,screened
人造物体,人造物体 / 台布 / 绒面呢,28,keep,"[""室内场景"", ""桌面场景"", ""餐饮环境""]",台布在室内、桌面及餐饮环境中常见，提供覆盖和装饰功能,绒面呢台布常见于室内餐桌、餐饮场景，具有稳定且可编辑的承载面来源,screened
人造物体,人造物体 / 台布 / 绗缝,34,hold,[],台布及絗缝相关物品,仅凭分类名称无法确定其具体应用场景或是否存在稳定有用的场景来源,screened
人造物体,人造物体 / 台布 / 绳绒织物,28,hold,[],台布及绳绒织物类,仅凭分类名称无法确定其是否包含稳定场景或承载区域来源,screened
人造物体,人造物体 / 台布 / 维耶勒呢,33,hold,[],台布类物品,仅凭'台布/维耶勒呢'无法确定其是否具有稳定场景或承载区域来源,screened
人造物体,人造物体 / 台布 / 缎,43,hold,[],台布类物品,仅凭'台布/缎'无法确定其稳定场景或承载来源，缺乏明确的使用环境或可编辑结构,screened
人造物体,人造物体 / 台布 / 缎子,75,hold,[],台布/缎子作为覆盖物或装饰物的使用场景,分类名称缺乏明确的场景或承载环境指向，无法确定其稳定来源或适用场景,screened
人造物体,人造物体 / 台布 / 编织物,79,keep,"[""桌面"", ""室内"", ""餐饮场景""]",台布和编织物在桌面、室内及餐饮场景中作为覆盖或装饰性物品存在，提供稳定承载和使用环境,台布和编织物常见于桌面和室内场景，具有稳定的使用来源和承载功能,screened
人造物体,人造物体 / 台布 / 网眼织物,54,hold,[],台布及网眼织物类,仅凭分类名称无法确定其是否包含稳定场景或承载区域来源,screened
人造物体,人造物体 / 台布 / 羊毛,44,hold,[],台布类物品,仅凭'台布/羊毛'无法确定其是否具有稳定场景或承载区域来源,screened
人造物体,人造物体 / 台布 / 聚酯,35,keep,"[""桌面"", ""室内""]",台布在桌面或室内场景中作为覆盖物或装饰物的稳定来源,台布常见于桌面或室内场景，提供稳定且可编辑的承载面，符合环境类场景的覆盖需求,screened
人造物体,人造物体 / 台布 / 莱尔线,22,reject,[],台布和莱尔线相关符号或文字,台布和莱尔线多为抽象符号或文字标识，缺乏稳定、可用的场景或承载区域来源,screened
人造物体,人造物体 / 台布 / 萨米特锦缎,16,hold,[],台布类物品,仅凭分类名称无法确定其是否具有稳定可用的场景或承载区域来源,screened
人造物体,人造物体 / 台布 / 薄纱,37,hold,[],台布/薄纱类物品,仅凭分类名称无法确定其是否具有稳定可用的场景或承载区域来源,screened
人造物体,人造物体 / 台布 / 蜘蛛网,24,reject,[],无稳定场景或承载区域来源,蜘蛛网属于自然现象，非人造物体，且缺乏稳定的人造场景或承载区域来源,screened
人造物体,人造物体 / 台布 / 蜡布,33,hold,[],台布和蜡布的使用场景,仅凭分类名称无法确定其具体应用场景或是否存在稳定有用的场景来源,screened
人造物体,人造物体 / 台布 / 衣料,36,keep,"[""室内餐桌场景"", ""餐饮环境""]",台布和衣料在餐饮、家居等场景中作为覆盖或装饰性物品出现,台布和衣料常见于室内餐桌、餐饮场景中，提供稳定且可编辑的承载与装饰来源,screened
人造物体,人造物体 / 台布 / 衬衫下摆,17,reject,[],该类别主要为衣物部件或装饰性元素,台布和衬衫下摆属于衣物或布料部件，缺乏稳定、可编辑的场景或承载环境来源，多为孤立小物特写，不符合有实际场景支撑的环境类要求,screened
人造物体,人造物体 / 台布 / 衬衫布,35,hold,[],台布和衬衫布的类别范围,仅凭分类名称无法确定是否存在稳定有用的场景或承载区域来源,screened
人造物体,人造物体 / 台布 / 轭,17,hold,[],台布/轭的使用场景,分类名称模糊，无法确定其具体场景或稳定来源,screened
人造物体,人造物体 / 台布 / 软垫材料,38,keep,"[""室内场景"", ""餐桌场景"", ""软质覆盖面""]",台布和软垫材料在室内场景中常见，用于餐桌、沙发等表面的覆盖与装饰,台布和软垫材料常用于室内场景中的桌面或家具表面，提供稳定且可编辑的承载区域,screened
人造物体,人造物体 / 台布 / 长毛绒,38,hold,[],台布类物品,仅凭'长毛绒'无法确定其是否具有稳定场景或承载区域来源,screened
人造物体,人造物体 / 台布 / 防水材质,37,hold,[],台布及防水材质相关物品,仅凭分类名称无法确定是否存在稳定有用的场景或承载区域来源,screened
人造物体,人造物体 / 台布 / 马毛,26,hold,[],台布及马毛相关物品,仅凭分类名称无法确定其是否包含稳定有用的场景或承载区域来源,screened
人造物体,人造物体 / 台布 / 马海毛粗呢,22,hold,[],台布类物品,仅凭分类名称无法确定其是否具有稳定可用的场景或承载区域来源,screened
人造物体,人造物体 / 台布 / 驼毛,18,hold,[],台布类物品,仅凭'驼毛'无法确定其在具体场景中的稳定来源或承载环境,screened
人造物体,人造物体 / 台布 / 高级细棉布,22,hold,[],台布类高级细棉布,仅凭分类名称无法确定其是否具有稳定可用的场景或承载区域来源,screened
人造物体,人造物体 / 台布 / 鲨鱼皮,20,hold,[],台布类物品,仅凭'鲨鱼皮'无法确定其具体场景或稳定来源，缺乏明确的场景或承载环境关联,screened
人造物体,人造物体 / 台布 / 鸬鹚,20,reject,[],台布/鸬鹚相关物品,台布属于具体物品，鸬鹚为生物，缺乏稳定、通用的场景或承载环境来源，不符合环境类场景的判断标准。,screened
人造物体,人造物体 / 台布 / 麦基诺厚呢,19,hold,[],台布类物品,仅凭名称无法确定其是否具有稳定可用的场景或承载区域来源,screened
人造物体,人造物体 / 台布 / 麦金托什雨衣,19,reject,[],麦金托什雨衣作为品牌标志或孤立物品特写,该分类包含品牌标志和孤立小物特写，缺乏稳定、可用的场景或承载区域来源,screened
人造物体,人造物体 / 台布 / 黑纱,19,reject,[],台布和黑纱相关的内容,台布和黑纱多为抽象符号或孤立小物特写，缺乏稳定、可用的场景或承载区域来源,screened
人造物体,人造物体 / 吊索,18,hold,[],吊索类物体,仅凭分类名称无法确定其具体应用场景或是否存在稳定有用的场景来源,screened
人造物体,人造物体 / 吹制玻璃,21,hold,[],吹制玻璃作为人造物体的一种，其具体应用场景不明确,仅凭'吹制玻璃'无法确定其是否具有稳定、可编辑的场景或承载环境来源,screened
人造物体,人造物体 / 吹风机,19,reject,[],吹风机,吹风机属于抽象符号或孤立小物特写，缺乏稳定有用的场景或承载区域来源。,screened
人造物体,人造物体 / 呼吸器 / 吸入器,19,reject,[],仅包含呼吸器或吸入器等设备,该类别主要为抽象符号或孤立小物特写，缺乏稳定、可用的场景或承载区域来源,screened
人造物体,人造物体 / 呼吸器 / 呼吸管,18,reject,[],呼吸器和呼吸管相关物品,呼吸器和呼吸管多为抽象符号或孤立小物特写，缺乏稳定、可用的场景或承载区域来源,screened
人造物体,人造物体 / 呼吸器 / 氧气面罩,16,reject,[],氧气面罩,仅提供抽象符号或孤立小物特写，缺乏稳定有用的场景或承载区域来源,screened
人造物体,人造物体 / 呼吸器 / 水中呼吸器,15,reject,[],水中呼吸器,水中呼吸器属于抽象符号或孤立小物特写，缺乏稳定有用的场景或承载区域来源。,screened
人造物体,人造物体 / 呼吸测醉器,14,reject,[],呼吸测醉器,呼吸测醉器主要为抽象符号或孤立小物特写，缺乏稳定、可用的场景或承载区域来源。,screened
人造物体,人造物体 / 唱片封面,18,reject,[],唱片封面,唱片封面多为抽象符号、纯文字或品牌标志，缺乏稳定有用的场景或承载区域来源,screened
人造物体,人造物体 / 商品 / 产品,40,hold,[],商品/产品类别,仅凭分类名称无法确定具体场景或是否存在稳定有用的来源,screened
人造物体,人造物体 / 商品 / 出口,17,hold,[],出口类商品,无法确定出口类商品是否包含稳定可用的场景或承载环境来源,screened
人造物体,人造物体 / 商品 / 消费品,5233,hold,[],消费品类别,仅凭分类名称无法确定具体场景或是否存在稳定有用的来源,screened
人造物体,人造物体 / 商品 / 清洁产品,24,hold,[],清洁产品类别,仅凭分类名称无法确定是否存在稳定有用的场景或承载区域来源,screened
人造物体,人造物体 / 商品 / 纺织品,168,keep,"[""室内场景"", ""家居环境""]",纺织品在家居和室内环境中的常见应用，如窗帘、床单、地毯等,纺织品在室内场景中具有稳定且广泛的来源，如家居装饰和日常用品，能提供明确的承载和使用环境,screened
人造物体,人造物体 / 商品 / 购物,18,hold,[],购物相关商品的出现场景,仅凭'购物'分类无法确定具体场景或稳定来源，缺乏明确的场景或承载环境支持,screened
人造物体,人造物体 / 器具 / 体育用具,150,keep,"[""体育活动场景"", ""运动场地""]",体育用具在实际运动或训练场景中的使用环境,体育用具通常出现在体育活动或训练场景中，具有稳定的使用场景和承载环境,screened
人造物体,人造物体 / 器具 / 刷,242,hold,[],器具类物品,仅凭'刷'这一名称无法确定其具体使用场景或是否具备稳定来源的承载环境,screened
人造物体,人造物体 / 器具 / 削尖器,62,reject,[],仅限于削尖器这一具体物品,削尖器属于抽象符号或孤立小物特写，缺乏稳定、可用的场景或承载区域来源,screened
人造物体,人造物体 / 器具 / 化妆工具,22,keep,"[""个人护理场景"", ""室内空间""]",化妆工具在个人护理和室内环境中的使用场景,化妆工具常见于个人护理场景和室内空间，具有稳定且普遍的来源,screened
人造物体,人造物体 / 器具 / 厨房用具,228,keep,"[""厨房环境"", ""室内空间"", ""家庭场景""]",厨房中使用的各类器具，如刀具、锅具、餐具等,厨房用具通常出现在稳定的厨房场景中，提供明确的使用环境和承载面，具有稳定的来源和可编辑性。,screened
人造物体,人造物体 / 器具 / 壁炉铁具,38,hold,[],壁炉铁具相关器具,仅凭分类名称无法确定是否存在稳定有用的场景或承载区域来源,screened
人造物体,人造物体 / 器具 / 打的工具,19,keep,"[""工作场所"", ""生产环境"", ""工具使用场景""]",与打的工具相关的工具在工作或生产环境中使用的场景,打的工具通常出现在工作场所或生产环境中，具有稳定的使用场景和承载面，能提供有效的可编辑环境结构。,screened
人造物体,人造物体 / 器具 / 拍打器,23,reject,[],该类别主要为抽象符号或孤立小物特写，缺乏稳定有用的场景或承载区域来源,拍打器通常为抽象符号或品牌标志，无稳定场景或承载面，不符合可编辑环境结构要求,screened
人造物体,人造物体 / 器具 / 拭子,17,hold,[],拭子类器具,仅凭名称无法确定其是否具有稳定可用的场景或承载区域来源,screened
人造物体,人造物体 / 器具 / 搅拌器,24,keep,"[""厨房环境"", ""室内工作场景""]",厨房或食品加工场景中用于混合或搅拌的器具,搅拌器常见于厨房环境中，提供稳定且可编辑的使用场景和承载面,screened
人造物体,人造物体 / 器具 / 擦子,19,reject,[],仅包含擦子这类孤立小物特写,擦子属于纯文字或孤立小物特写，缺乏稳定、可用的场景或承载区域来源,screened
人造物体,人造物体 / 器具 / 木条,217,hold,[],木条作为器具的使用场景,仅凭'木条'无法确定其具体应用场景或是否具备稳定可用的场景来源,screened
人造物体,人造物体 / 器具 / 杆,312,hold,[],杆类器具的使用场景,仅凭'杆'无法确定其具体应用场景或是否具备稳定来源,screened
人造物体,人造物体 / 器具 / 桨,15,hold,[],器具类中的桨,仅凭'桨'这一名称无法确定其稳定场景或承载环境来源，缺乏明确的场景关联,screened
人造物体,人造物体 / 器具 / 棍棒,13,reject,[],棍棒类物品,棍棒多为抽象符号或孤立小物特写，缺乏稳定有用的场景或承载区域来源。,screened
人造物体,人造物体 / 器具 / 棒,249,hold,[],器具类中的棒状物品,仅凭'棒'这一名称无法确定其具体应用场景或是否存在稳定有用的场景来源,screened
人造物体,人造物体 / 器具 / 清洁工具,44,keep,"[""室内环境"", ""清洁场景"", ""工作场所""]",清洁工具在室内及工作场所中的使用场景,清洁工具常见于室内环境和工作场所，提供稳定且可编辑的场景来源,screened
人造物体,人造物体 / 器具 / 漏斗,11,reject,[],漏斗作为器具，通常用于液体输送或过滤，缺乏稳定、普遍的场景或承载环境来源,漏斗属于孤立小物特写，缺乏稳定、普遍的场景或承载环境来源，无法提供可编辑的环境结构或支撑区域,screened
人造物体,人造物体 / 器具 / 演出,11,hold,[],演出相关的器具,无法确定演出器具是否包含稳定可用的场景或承载区域来源,screened
人造物体,人造物体 / 器具 / 火印,10,reject,[],火印相关符号或文字,火印通常为抽象符号或纯文字，缺乏稳定、可用的场景或承载区域来源,screened
人造物体,人造物体 / 器具 / 烛花剪,11,reject,[],仅限于烛花剪这一具体物品,烛花剪属于孤立小物特写，缺乏稳定、可用的场景或承载区域来源,screened
人造物体,人造物体 / 器具 / 皮带,44,reject,[],皮带相关物品,皮带多为抽象符号或孤立小物特写，缺乏稳定有用的场景或承载区域来源,screened
人造物体,人造物体 / 器具 / 针,32,reject,[],针类器具,针主要为抽象符号或孤立小物特写，缺乏稳定有用的场景或承载区域来源,screened
人造物体,人造物体 / 器具 / 钩,11,hold,[],器具类钩的使用场景,仅凭'钩'这一名称无法确定其具体应用场景或是否存在稳定有用的场景来源,screened
人造物体,人造物体 / 器具 / 黑板擦,11,reject,[],黑板擦相关场景,黑板擦属于孤立小物特写，缺乏稳定、通用的场景或承载区域来源,screened
人造物体,人造物体 / 围栏,15,keep,"[""户外环境"", ""庭院园林"", ""交通设施""]",围栏在户外、庭院或交通区域中的稳定存在场景,围栏常见于户外环境、庭院园林和交通设施中，提供稳定承载和边界定义，具有明确的场景来源,screened
人造物体,人造物体 / 固定物 / 卫生洁具,130,keep,"[""室内空间"", ""卫生间环境""]",卫生洁具在室内，尤其是卫生间场景中的稳定存在,卫生洁具如马桶、洗手台等在卫生间场景中具有稳定且普遍的来源，能提供可靠的承载和使用环境,screened
人造物体,人造物体 / 固定物 / 灯具,13,keep,"[""室内环境"", ""工作场所"", ""公共空间""]",各类室内和公共空间中的灯具设置,灯具常见于多种稳定场景中，提供照明和环境支撑，具有明确的场景来源,screened
人造物体,人造物体 / 固定物 / 照明器材,49,keep,"[""室内照明环境"", ""工作场所"", ""公共空间""]",包含各种室内和公共空间中的照明设备，如灯泡、灯具、吊灯、壁灯等,照明器材通常稳定存在于多种场景中，如室内、工作场所和公共空间，提供明确的承载和使用环境,screened
人造物体,人造物体 / 固定物 / 肥皂碟,15,hold,[],肥皂碟作为固定物的使用场景,仅凭名称无法确定其是否具有稳定、可用的场景或承载区域来源,screened
人造物体,人造物体 / 固定自行车,18,keep,"[""交通环境"", ""城市基础设施""]",固定自行车多出现在城市道路、自行车道或公共设施区域，作为交通基础设施的一部分,固定自行车常见于交通环境和城市基础设施中，提供稳定且可编辑的承载面和场景来源,screened
人造物体,人造物体 / 固定装置 / 卡盘,18,reject,[],卡盘作为固定装置，通常出现在机械或加工设备中，但缺乏稳定、普遍的场景来源,卡盘属于机械部件，多为孤立小物特写，无稳定可用的场景或承载面来源,screened
人造物体,人造物体 / 固定装置 / 台虎钳,16,keep,"[""工作场所"", ""机械加工环境"", ""固定装置""]",台虎钳常见于机械加工或维修工作场景，提供稳定支撑和夹持功能,台虎钳作为固定装置，常见于工作场所和机械加工环境中，具有稳定、可编辑的承载和操作场景,screened
人造物体,人造物体 / 固定装置 / 夹具,72,hold,[],夹具类固定装置,仅凭分类名称无法确定其是否包含稳定有用的场景或承载区域来源,screened
人造物体,人造物体 / 固定装置 / 面巾纸盒,14,reject,[],面巾纸盒相关场景,面巾纸盒多为孤立小物特写，缺乏稳定、广泛的场景或承载区域来源,screened
人造物体,人造物体 / 固定装置 / 鞋楦,16,reject,[],鞋楦,鞋楦属于抽象符号和孤立小物特写，无稳定有用的场景或承载区域来源。,screened
人造物体,人造物体 / 图章,62,reject,[],图章作为抽象符号或品牌标志出现,图章通常为纯文字或符号，缺乏稳定、可用的场景或承载区域来源,screened
人造物体,人造物体 / 圆锥体 / 冰淇淋甜筒,13,reject,[],冰淇淋甜筒,仅提供抽象符号或孤立小物特写，缺乏稳定有用的场景或承载区域来源,screened
人造物体,人造物体 / 圈套 / 套索陷阱,19,reject,[],圈套和套索陷阱,该类别主要为抽象符号或孤立小物特写，缺乏稳定、可用的场景或承载区域来源。,screened
人造物体,人造物体 / 圈套 / 捕鼠器,13,reject,[],仅限于捕鼠器等孤立小物特写,捕鼠器属于抽象符号或孤立小物特写，缺乏稳定、通用的场景或承载区域来源,screened
人造物体,人造物体 / 圈套 / 捕龙虾笼,11,hold,[],圈套类捕龙虾笼,仅凭分类名称无法确定其是否具有稳定可用的场景或承载区域来源,screened
人造物体,人造物体 / 圈套 / 缠结,17,hold,[],圈套和缠结类人造物体,仅凭名称无法确定是否存在稳定有用的场景或承载区域来源,screened
人造物体,人造物体 / 圈套 / 网,16,hold,[],圈套/网类物体,仅凭名称无法确定其是否包含稳定可用的场景或承载区域来源,screened
人造物体,人造物体 / 圣诞灯,28,reject,[],圣诞灯,圣诞灯多为抽象符号或孤立小物特写，缺乏稳定有用的场景或承载区域来源。,screened
人造物体,人造物体 / 坐椅,11,keep,"[""室内空间"", ""工作场所"", ""家庭环境""]",坐椅类物体在各类室内和使用场景中的出现,坐椅常见于多种室内场景，提供稳定承载和使用环境，具有明确的场景来源,screened
人造物体,人造物体 / 坐椅 / 一股烟气,22,reject,[],人造物体 / 坐椅 / 一股烟气,该分类包含抽象符号和孤立小物特写，无稳定有用的场景或承载区域来源。,screened
人造物体,人造物体 / 坐椅 / 凳子,77,keep,"[""室内空间"", ""家居环境"", ""休闲场所""]",坐椅和凳子在各类室内及公共空间中的使用场景,坐椅和凳子常见于室内空间，提供稳定坐姿支撑，具有明确的场景和承载功能,screened
人造物体,人造物体 / 坐椅 / 办公椅,26,keep,"[""办公场所"", ""室内空间"", ""工作环境""]",办公椅在办公场所中的常见使用场景,办公椅常见于办公场所，提供稳定的坐姿支撑和承载区域，具有明确且稳定的场景来源,screened
人造物体,人造物体 / 坐椅 / 椅子,339,keep,"[""室内"", ""工作场所"", ""家庭空间""]",坐椅类物品在各类室内和日常使用场景中的稳定出现,椅子作为常见家具，广泛存在于室内、工作场所和家庭空间中，提供稳定坐姿和承载功能，具有明确的场景来源,screened
人造物体,人造物体 / 坐椅 / 豆袋椅,18,keep,"[""室内空间"", ""休闲区域""]",豆袋椅常见于家庭客厅、休闲区等室内空间，提供坐卧功能,豆袋椅常出现在室内休闲区域，具有稳定的场景来源和可编辑的承载面,screened
人造物体,人造物体 / 坐椅 / 长凳,85,keep,"[""室内空间"", ""公共空间"", ""庭院环境""]",坐椅类物品在室内、公共空间及庭院等场景中常见，提供稳定的人体承载与使用环境,长凳作为常见家具，广泛存在于室内、公共空间和庭院等场景中，具有稳定的承载和使用来源,screened
人造物体,人造物体 / 坐椅 / 马桶座圈,17,reject,[],马桶座圈,仅提供孤立小物特写，无稳定有用的场景或承载区域来源,screened
人造物体,人造物体 / 块状物 / 印台,15,reject,[],印台相关符号或文字,印台多为抽象符号或纯文字，缺乏稳定、可用的场景或承载区域来源,screened
人造物体,人造物体 / 块状物 / 厚板,66,keep,"[""室内结构"", ""建筑承载面"", ""工作台面""]",厚板类物体在室内或建筑环境中作为支撑或承载面的使用场景,厚板类物体常见于室内结构、建筑表面或工作台面，提供稳定承载和放置区域，具有稳定的场景来源,screened
人造物体,人造物体 / 块状物 / 坚果,19,hold,[],坚果类物体,仅凭分类名称无法确定是否存在稳定有用的场景或承载区域来源,screened
人造物体,人造物体 / 块状物 / 多米诺骨牌,18,hold,[],块状物类,仅凭分类名称无法确定是否存在稳定有用的场景或承载区域来源,screened
人造物体,人造物体 / 块状物 / 砧座,13,hold,[],块状物类中的砧座,仅凭'砧座'无法确定其是否具有稳定场景或承载区域来源，缺乏明确的场景覆盖,screened
人造物体,人造物体 / 块状物 / 立方体,39,keep,"[""室内环境"", ""工作场所"", ""建筑结构""]",立方体类物体在各类人造环境中作为支撑或结构元素出现,立方体作为常见几何形态，广泛存在于室内、工作场所和建筑结构中，提供稳定承载和结构支撑，具有稳定且非偶然的场景来源,screened
人造物体,人造物体 / 块状物 / 铸块,16,hold,[],铸块作为块状物的实例,仅凭'铸块'名称无法确定其是否具有稳定、可用的场景或承载环境来源,screened
人造物体,人造物体 / 型锻工具,18,keep,"[""工作场所"", ""生产环境""]",型锻工具在生产或制造场景中的使用环境,型锻工具常见于生产或制造环境中，具有稳定的场景来源和承载面，适用于提供可编辑的工业操作场景,screened
人造物体,人造物体 / 基础设施,17,keep,"[""交通环境"", ""公共空间"", ""城市基础设施""]",包含道路、桥梁、路灯、公交站、停车场等公共设施和基础设施,基础设施类包含稳定且广泛存在的场景来源，如交通环境和公共空间，具有明确的承载和使用场景,screened
人造物体,人造物体 / 墙上插头,14,reject,[],墙上插头,墙上插头属于抽象符号和孤立小物特写，缺乏稳定有用的场景或承载区域来源,screened
人造物体,人造物体 / 增湿器,15,reject,[],增湿器,增湿器通常为孤立小物特写或品牌标志，缺乏稳定、广泛的场景或承载区域来源,screened
人造物体,人造物体 / 声学装置 / 助听器,13,reject,[],助听器相关场景,助听器主要为个人穿戴设备，缺乏稳定、普遍的场景或承载面来源，属于抽象符号或孤立小物特写，不符合有实际使用环境的条件,screened
人造物体,人造物体 / 声学装置 / 扩音喇叭,13,hold,"[""声学设备""]",扩音喇叭作为声学装置，可能出现在特定场景中，如户外活动、会议场所或公共广播系统,仅凭‘扩音喇叭’名称无法确定其是否具有稳定、可编辑的场景来源，且其使用场景较为特定，缺乏普遍适用的承载环境,screened
人造物体,人造物体 / 声学装置 / 消声器,14,reject,[],声学装置,消声器通常为抽象符号或孤立小物特写，缺乏稳定有用的场景或承载区域来源。,screened
人造物体,人造物体 / 声学装置 / 警报器,14,reject,[],警报器相关场景,警报器多为抽象符号或孤立小物特写，缺乏稳定、通用的场景或承载区域来源,screened
人造物体,人造物体 / 多层架类,18,keep,"[""室内空间"", ""仓储环境"", ""家居储物""]",多层架类在室内和仓储环境中作为储物结构存在，提供稳定承载和放置区域,多层架类在多种室内和仓储场景中作为稳定储物结构存在，具有明确的承载和放置功能,screened
人造物体,人造物体 / 失事残骸,32,hold,[],人造物体 / 失事残骸,仅凭分类名称无法确定是否存在稳定有用的场景或承载区域来源。,screened
人造物体,人造物体 / 头梳,10,reject,[],头梳,头梳属于孤立小物特写，缺乏稳定有用的场景或承载区域来源,screened
人造物体,人造物体 / 夹钳,13,reject,[],夹钳作为工具或设备，通常出现在实验室、工业现场等特定场景中，但缺乏稳定、普遍的场景来源,夹钳属于具体工具，多用于特定操作场景，缺乏稳定、普遍的场景或承载面来源，不符合环境类场景的定义,screened
人造物体,人造物体 / 奶嘴,14,reject,[],奶嘴,奶嘴属于孤立小物特写，缺乏稳定有用的场景或承载区域来源。,screened
人造物体,人造物体 / 娱乐用品 / 乒乓球,24,hold,[],娱乐用品中的乒乓球,仅凭分类名称无法确定是否存在稳定有用的场景或承载区域来源,screened
人造物体,人造物体 / 娱乐用品 / 二胡,22,reject,[],二胡相关场景,二胡属于抽象符号和乐器特写，缺乏稳定、通用的场景或承载环境来源,screened
人造物体,人造物体 / 娱乐用品 / 冲浪板,23,keep,"[""海滩环境"", ""水上活动场景"", ""休闲娱乐场景""]",冲浪板主要出现在海滩或水上娱乐场景中，具有稳定的使用环境和承载面,冲浪板常出现在海滩或水上活动场景中，具备稳定的使用环境和承载面，可作为可编辑的娱乐场景来源,screened
人造物体,人造物体 / 娱乐用品 / 卡牌,20,hold,[],娱乐用品中的卡牌类,仅凭'卡牌'无法确定其是否包含稳定场景或承载区域来源,screened
人造物体,人造物体 / 娱乐用品 / 古筝,24,reject,[],古筝相关场景,古筝属于抽象符号和孤立小物特写，缺乏稳定、通用的场景或承载区域来源,screened
人造物体,人造物体 / 娱乐用品 / 吉他,21,reject,[],仅包含吉他这一物品,吉他属于抽象符号和孤立小物特写，缺乏稳定、可用的场景或承载区域来源,screened
人造物体,人造物体 / 娱乐用品 / 哑铃,20,reject,[],哑铃作为健身器材，通常出现在健身房或家庭健身区,哑铃主要为抽象健身符号或孤立小物特写，缺乏稳定、通用的场景或承载面来源,screened
人造物体,人造物体 / 娱乐用品 / 大提琴,24,reject,[],大提琴作为乐器，通常出现在音乐演奏场景中，但缺乏稳定、普遍的承载或环境结构支持,大提琴属于抽象符号和孤立物品特写，缺乏稳定、可编辑的场景或承载环境来源,screened
人造物体,人造物体 / 娱乐用品 / 娃娃玩偶,23,hold,[],娱乐用品/娃娃玩偶,仅凭分类名称无法确定是否存在稳定有用的场景或承载区域来源,screened
人造物体,人造物体 / 娱乐用品 / 小提琴,23,reject,[],小提琴作为乐器，通常出现在音乐演奏场景中，但缺乏稳定、普遍的承载或环境结构支持,小提琴属于抽象符号和孤立物品特写，缺乏稳定、普遍的场景或承载环境来源,screened
人造物体,人造物体 / 娱乐用品 / 帐篷,23,keep,"[""户外场景"", ""野外环境"", ""露营场景""]",帐篷作为户外活动中的常见设施，适用于露营、野外生存等场景，提供遮蔽和承载功能,帐篷是户外活动中常见的支撑性结构，具有稳定的使用场景和承载功能，能提供有效的遮蔽和空间支持,screened
人造物体,人造物体 / 娱乐用品 / 户外玩具,27,keep,"[""户外场景"", ""庭院公园"", ""休闲娱乐""]",户外玩具在自然或开放空间中的使用场景,户外玩具常见于庭院、公园等开放环境，具有稳定的场景来源和可编辑的承载面,screened
人造物体,人造物体 / 娱乐用品 / 拼图,28,hold,[],娱乐用品中的拼图类物品,仅凭'拼图'分类无法确定其是否包含稳定场景或承载区域来源,screened
人造物体,人造物体 / 娱乐用品 / 排球,23,hold,[],娱乐用品中的排球,仅凭'排球'无法确定其稳定场景或承载环境来源，缺乏明确的使用场景或空间结构,screened
人造物体,人造物体 / 娱乐用品 / 早教玩具,28,hold,[],早教玩具,仅凭分类名称无法确定是否存在稳定有用的场景或承载区域来源,screened
人造物体,人造物体 / 娱乐用品 / 桌游,25,keep,"[""桌面"", ""室内"", ""家庭环境""]",桌游通常放置在桌面或家庭室内环境中，具有稳定的场景来源,桌游常出现在桌面或家庭室内环境中，提供明确且稳定的场景和承载面,screened
人造物体,人造物体 / 娱乐用品 / 棋类,14,hold,[],棋类,仅凭分类名称无法确定是否存在稳定有用的场景或承载区域来源,screened
人造物体,人造物体 / 娱乐用品 / 模型玩具,28,hold,[],娱乐用品/模型玩具,仅凭分类名称无法确定是否存在稳定有用的场景或承载区域来源,screened
人造物体,人造物体 / 娱乐用品 / 毛绒玩具,27,keep,"[""家庭场景"", ""儿童环境""]",毛绒玩具常见于家庭、儿童房间等生活场景中，提供陪伴和娱乐功能,毛绒玩具常出现在家庭和儿童环境中，具有稳定的场景来源和可编辑的承载面,screened
人造物体,人造物体 / 娱乐用品 / 滑板,18,hold,[],滑板相关场景,仅凭分类名称无法确定是否存在稳定有用的场景或承载区域来源,screened
人造物体,人造物体 / 娱乐用品 / 滑雪板,30,keep,"[""滑雪场地"", ""户外运动环境"", ""冰雪环境""]",滑雪板通常出现在滑雪场、山区或冰雪环境中的场景，具有稳定的使用场景和承载面,滑雪板常见于滑雪场等稳定场景，具备明确的使用环境和承载面，符合可编辑环境结构要求,screened
人造物体,人造物体 / 娱乐用品 / 玩偶,22,hold,[],娱乐用品中的玩偶类,仅凭分类名称无法确定是否存在稳定有用的场景或承载区域来源,screened
人造物体,人造物体 / 娱乐用品 / 球拍,24,reject,[],球拍相关场景,球拍通常为孤立小物特写或抽象符号，缺乏稳定、通用的场景或承载区域来源,screened
人造物体,人造物体 / 娱乐用品 / 琵琶,18,reject,[],仅包含琵琶这一乐器,琵琶属于抽象符号和孤立小物特写，缺乏稳定、可用的场景或承载区域来源,screened
人造物体,人造物体 / 娱乐用品 / 瑜伽垫,23,keep,"[""室内场景"", ""运动场景"", ""家居环境""]",瑜伽垫常见于室内或家庭运动空间，作为支撑和放置的表面，具有稳定场景来源,瑜伽垫常出现在室内或家庭运动场景中，提供稳定支撑和放置区域，具有明确且稳定的场景来源,screened
人造物体,人造物体 / 娱乐用品 / 电子琴,24,reject,[],电子琴作为电子乐器，通常出现在家庭或专业音乐空间中，但其本身不构成稳定场景或承载面,电子琴属于抽象符号和孤立物品，缺乏稳定、普遍的场景或承载环境来源,screened
人造物体,人造物体 / 娱乐用品 / 登山杖,23,hold,[],登山杖作为娱乐用品的一种，可能出现在户外登山等场景中,仅凭'登山杖'这一物品名称，无法确定其是否具有稳定、普遍的场景来源或承载环境，缺乏明确的场景支撑,screened
人造物体,人造物体 / 娱乐用品 / 睡袋,18,hold,[],娱乐用品中的睡袋,仅凭分类名称无法确定是否存在稳定有用的场景或承载区域来源,screened
人造物体,人造物体 / 娱乐用品 / 科学实验玩具,28,hold,[],科学实验玩具,仅凭分类名称无法确定是否存在稳定有用的场景或承载区域来源,screened
人造物体,人造物体 / 娱乐用品 / 积木,37,keep,"[""桌面"", ""室内"", ""儿童活动场景""]",积木常用于桌面或室内儿童活动场景，提供稳定放置和可编辑的结构环境,积木作为常见娱乐用品，常出现在桌面或室内儿童活动场景中，具有稳定且可编辑的承载面，符合环境类场景需求,screened
人造物体,人造物体 / 娱乐用品 / 积木拼装,20,keep,"[""桌面"", ""室内"", ""儿童活动空间""]",积木拼装类物品在桌面或儿童活动空间中的使用场景,积木拼装常出现在桌面或儿童活动空间，提供稳定可编辑的承载面和互动环境,screened
人造物体,人造物体 / 娱乐用品 / 笛子,11,reject,[],仅包含笛子这一具体物品,笛子属于抽象符号和孤立小物特写，缺乏稳定、可用的场景或承载区域来源,screened
人造物体,人造物体 / 娱乐用品 / 篮球,24,reject,[],仅限篮球作为孤立物品的符号或特写,篮球属于抽象符号或孤立小物特写，缺乏稳定、可用的场景或承载区域来源,screened
人造物体,人造物体 / 娱乐用品 / 网球,23,reject,[],网球相关场景,网球属于抽象符号和孤立小物特写，缺乏稳定有用的场景或承载区域来源,screened
人造物体,人造物体 / 娱乐用品 / 羽毛球,23,reject,[],羽毛球相关场景,羽毛球属于抽象符号和孤立小物特写，缺乏稳定有用的场景或承载区域来源,screened
人造物体,人造物体 / 娱乐用品 / 萨克斯,24,reject,[],仅包含萨克斯这一乐器,萨克斯属于抽象符号和孤立小物特写，缺乏稳定、可用的场景或承载区域来源,screened
人造物体,人造物体 / 娱乐用品 / 足球,23,keep,"[""运动场景"", ""室外场地"", ""公共活动空间""]",足球作为娱乐用品，常见于室外运动场景，如公园、运动场等，具有稳定的使用环境和承载面,足球常出现在室外运动场景中，具有明确且稳定的使用环境，可作为可编辑环境的支撑和承载区域,screened
人造物体,人造物体 / 娱乐用品 / 轨道玩具,18,hold,[],轨道玩具,仅凭分类名称无法确定是否存在稳定有用的场景或承载区域来源,screened
人造物体,人造物体 / 娱乐用品 / 过家家玩具,15,hold,[],娱乐用品/过家家玩具,仅凭分类名称无法确定是否存在稳定有用的场景或承载区域来源,screened
人造物体,人造物体 / 娱乐用品 / 遥控玩具,28,hold,[],遥控玩具,仅凭分类名称无法确定是否存在稳定有用的场景或承载区域来源,screened
人造物体,人造物体 / 娱乐用品 / 钓鱼竿,20,hold,[],娱乐用品中的钓鱼竿,仅凭分类名称无法确定是否存在稳定有用的场景或承载区域来源,screened
人造物体,人造物体 / 娱乐用品 / 钢琴,23,keep,"[""室内音乐环境"", ""家庭娱乐空间""]",钢琴常出现在家庭、音乐教室或表演场所，提供稳定演奏和承载场景,钢琴作为固定乐器，常出现在室内音乐环境和家庭娱乐空间，具有稳定且可编辑的承载与使用场景,screened
人造物体,人造物体 / 娱乐用品 / 长笛,31,reject,[],长笛相关场景,长笛属于抽象符号和孤立小物特写，缺乏稳定有用的场景或承载区域来源,screened
人造物体,人造物体 / 娱乐用品 / 音乐玩具,23,hold,[],音乐玩具,仅凭分类名称无法确定是否存在稳定有用的场景或承载区域来源,screened
人造物体,人造物体 / 娱乐用品 / 鼓,20,reject,[],仅包含鼓这一物品,鼓属于抽象符号或孤立小物特写，缺乏稳定、可用的场景或承载区域来源,screened
人造物体,人造物体 / 婴儿床 / 婴儿提篮,19,hold,[],婴儿床和婴儿提篮的类别范围,仅凭分类名称无法确定是否存在稳定有用的场景或承载区域来源,screened
人造物体,人造物体 / 婴儿床 / 婴儿摇篮,18,keep,"[""婴儿床场景"", ""室内睡眠环境"", ""家庭空间""]",包含婴儿床和婴儿摇篮在家庭室内环境中的使用场景，如卧室、婴儿房等,婴儿床和摇篮作为常见家庭家具，具有稳定且普遍的室内使用场景，提供明确的承载和放置环境，符合可编辑场景需求,screened
人造物体,人造物体 / 婴儿床 / 摇篮,18,keep,"[""婴儿床场景"", ""室内睡眠环境"", ""家庭空间""]",婴儿床及摇篮在家庭室内环境中的使用场景，包括婴儿睡眠区域和相关家具布置,婴儿床和摇篮作为常见家庭用品，通常出现在室内睡眠环境中，提供稳定支撑和承载区域，具有明确且稳定的场景来源。,screened
人造物体,人造物体 / 媒介 / 印刷媒体,78,hold,[],印刷媒体,仅凭分类名称无法确定是否存在稳定有用的场景或承载区域来源,screened
人造物体,人造物体 / 媒介 / 唱片,18,reject,[],仅限于唱片作为媒介的符号或文字表现,唱片属于抽象符号和品牌标志，缺乏稳定、可用的场景或承载区域来源,screened
人造物体,人造物体 / 媒介 / 电信,55,reject,[],电信相关符号、品牌标志或纯文字,该类别主要包含抽象符号、品牌标志或纯文字，缺乏稳定有用的场景或承载区域来源。,screened
人造物体,人造物体 / 媒介 / 电影胶片,21,reject,[],电影胶片,电影胶片属于抽象符号和纯文字类，缺乏稳定、可用的场景或承载区域来源。,screened
人造物体,人造物体 / 存储箱,28,keep,"[""室内存储"", ""仓库环境"", ""户外堆放""]",存储箱在各类空间中作为存储载体的使用场景,存储箱常见于室内、仓库及户外环境，提供稳定存储和承载功能，具有明确的场景来源,screened
人造物体,人造物体 / 宠物用品 / 宠物出行用品,15,keep,"[""宠物出行场景"", ""户外环境""]",宠物在出行过程中使用的用品，如宠物包、牵引绳、宠物车等,宠物出行用品通常出现在户外或交通环境中，具有稳定的场景来源和可编辑的承载面,screened
人造物体,人造物体 / 宠物用品 / 宠物智能设备,11,hold,[],宠物智能设备,仅凭分类名称无法确定是否存在稳定有用的场景或承载区域来源,screened
人造物体,人造物体 / 宠物用品 / 宠物服饰,14,hold,[],宠物服饰,仅凭分类名称无法确定是否存在稳定有用的场景或承载区域来源,screened
人造物体,人造物体 / 宠物用品 / 宠物玩具,13,keep,"[""家庭室内"", ""宠物活动空间""]",宠物玩具在家庭或宠物活动空间中的使用场景,宠物玩具常见于家庭室内环境，提供稳定且可编辑的放置和互动场景,screened
人造物体,人造物体 / 宠物用品 / 宠物窝垫,19,keep,"[""室内场景"", ""宠物活动区"", ""家居环境""]",宠物窝垫常见于室内家居环境，作为宠物休息和活动的承载区域,宠物窝垫通常设置在室内或家居环境中，提供稳定的休息和活动空间，具有明确的场景来源和承载功能,screened
人造物体,人造物体 / 宠物用品 / 宠物训练用品,16,hold,[],宠物训练用品,仅凭分类名称无法确定是否存在稳定有用的场景或承载区域来源,screened
人造物体,人造物体 / 宠物用品 / 宠物食具,26,keep,"[""室内环境"", ""宠物活动区""]",宠物食具在家庭或宠物护理场景中的使用环境,宠物食具常见于室内环境，如宠物窝旁或厨房区域，提供稳定且可编辑的承载面和使用场景,screened
人造物体,人造物体 / 宠物用品 / 宠物食品,42,hold,[],宠物食品,仅凭分类名称无法确定是否存在稳定有用的场景或承载区域来源,screened
人造物体,人造物体 / 宠物用品 / 清洁护理,20,keep,"[""室内环境"", ""家庭空间""]",宠物用品中的清洁护理类物品在家庭和室内环境中常见，如宠物洗护工具、清洁喷雾等,清洁护理类宠物用品通常出现在家庭室内环境，具有稳定的使用场景和承载面，可提供有效的可编辑区域。,screened
人造物体,人造物体 / 宠物用品 / 牵引用品,22,hold,[],牵引用品类别的具体使用场景,仅凭分类名称无法确定是否存在稳定有用的场景或承载区域来源,screened
人造物体,人造物体 / 客户端软件,17,reject,[],客户端软件,客户端软件多为抽象符号或纯文字，缺乏稳定有用的场景或承载区域来源。,screened
人造物体,人造物体 / 家具 / 猫家具,26,hold,[],猫家具,仅凭分类名称无法确定是否存在稳定有用的场景或承载区域来源,screened
人造物体,人造物体 / 家具 / 靠窗的座位,20,keep,"[""室内"", ""工作场所"", ""公共空间""]",靠窗的座位在室内或公共空间中常见，提供稳定场景和可编辑的承载面,靠窗的座位通常存在于室内或公共空间，具有稳定的场景来源和可编辑的承载面,screened
人造物体,人造物体 / 家具大件 / 书柜,20,keep,"[""室内"", ""书房"", ""家居环境""]",书柜常见于室内空间，尤其是书房或客厅，提供书籍存放和展示功能,书柜作为家具，常出现在室内场景中，具有稳定的放置位置和使用场景，能提供有效的承载与收纳功能,screened
人造物体,人造物体 / 家具大件 / 书桌,19,keep,"[""桌面"", ""室内环境"", ""学习工作场景""]",书桌作为支撑和放置物体的表面，常见于室内、学习或办公场景,书桌提供稳定承载面，常见于室内学习、办公等场景，具有明确且稳定的使用环境,screened
人造物体,人造物体 / 家具大件 / 储物柜,17,keep,"[""室内空间"", ""工作场所"", ""公共区域""]",储物柜常见于室内、办公或公共空间，提供稳定存储功能,储物柜在多种室内和公共场景中稳定存在，可作为承载和存储区域,screened
人造物体,人造物体 / 家具大件 / 儿童家具,20,keep,"[""室内环境"", ""儿童活动空间""]",儿童家具在家庭室内环境中的使用场景，如儿童房、学习区等,儿童家具通常出现在家庭室内环境，如儿童房或学习区，具有稳定且常见的场景来源,screened
人造物体,人造物体 / 家具大件 / 凳子,22,keep,"[""室内空间"", ""家居环境""]",凳子常见于室内家居环境，如客厅、餐厅、办公室等，提供坐卧或支撑功能,凳子作为常见家具，广泛存在于室内空间中，具有稳定的场景来源和可编辑的承载面,screened
人造物体,人造物体 / 家具大件 / 办公家具,40,keep,"[""办公场所"", ""室内空间"", ""工作环境""]",办公家具在办公场所和室内空间中的稳定使用场景,办公家具常见于办公场所，提供稳定的工作和支撑环境，具有明确的场景来源,screened
人造物体,人造物体 / 家具大件 / 办公桌,15,keep,"[""办公场所"", ""室内空间"", ""工作环境""]",办公桌在办公场所中的常见使用场景，提供稳定的工作承载面,办公桌常见于办公场所，具有稳定的使用场景和承载功能，能提供有效的可编辑环境结构,screened
人造物体,人造物体 / 家具大件 / 办公椅,15,keep,"[""办公场所"", ""室内空间"", ""工作环境""]",办公椅常见于办公室、会议室等办公场景，提供人体支撑和坐姿稳定性,办公椅广泛存在于办公场所，具有稳定的使用场景和承载功能，能提供明确的可编辑坐姿环境,screened
人造物体,人造物体 / 家具大件 / 地毯,19,keep,"[""室内"", ""家居环境""]",地毯作为室内地面覆盖物，常见于家庭、办公空间等场景,地毯常见于室内空间，提供地面覆盖和舒适性，具有稳定且广泛的场景来源,screened
人造物体,人造物体 / 家具大件 / 垃圾桶,19,keep,"[""室内环境"", ""公共空间""]",垃圾桶常见于室内和公共空间，提供稳定放置和承载功能,垃圾桶常见于室内和公共空间，具有稳定的放置场景和承载功能，符合可编辑环境结构要求,screened
人造物体,人造物体 / 家具大件 / 宠物窝,21,hold,[],宠物窝,仅凭分类名称无法确定是否存在稳定有用的场景或承载区域来源,screened
人造物体,人造物体 / 家具大件 / 屏风,18,keep,"[""室内空间"", ""客厅环境""]",屏风常见于室内隔断或客厅布置，提供空间分隔和视觉缓冲,屏风作为室内家具，常用于分隔空间，具有稳定的使用场景和承载环境,screened
人造物体,人造物体 / 家具大件 / 床,17,keep,"[""室内空间"", ""卧室环境"", ""睡眠场景""]",床作为卧室中的主要家具，提供睡眠和休息功能，常见于家庭住宅、酒店客房等室内空间,床是室内空间中稳定存在的家具，常用于睡眠和休息，具有明确的场景和承载功能,screened
人造物体,人造物体 / 家具大件 / 床具,20,keep,"[""室内空间"", ""卧室环境"", ""睡眠相关场景""]",床具类物品在卧室及休息空间中的稳定使用场景,床具通常存在于室内卧室环境，提供稳定的承载和休息功能，具有明确且持续的场景来源,screened
人造物体,人造物体 / 家具大件 / 床垫,13,keep,"[""卧室"", ""室内空间"", ""睡眠环境""]",床垫作为床具的一部分，常见于卧室和休息空间，提供支撑与承载功能,床垫是常见室内家具，稳定存在于卧室等休息场景中，提供明确的承载和使用环境,screened
人造物体,人造物体 / 家具大件 / 户外家具,20,keep,"[""庭院公园"", ""户外空间"", ""自然环境""]",户外家具在庭院、公园、自然环境中常见的支撑或放置场景,户外家具通常出现在庭院、公园等开放空间，具有稳定的场景和承载面，适合作为可编辑环境结构的来源,screened
人造物体,人造物体 / 家具大件 / 抱枕,21,keep,"[""室内"", ""沙发场景""]",抱枕常见于室内家具环境，如沙发、床铺旁等位置,抱枕常出现在室内家具场景中，提供稳定放置和舒适支撑，具有明确的场景来源,screened
人造物体,人造物体 / 家具大件 / 收纳箱,21,keep,"[""室内收纳场景"", ""家居存储环境""]",收纳箱在家庭或办公空间中作为存储工具出现的场景,收纳箱常见于室内空间，提供稳定的存储和承载功能，具有明确的使用场景和环境支撑,screened
人造物体,人造物体 / 家具大件 / 晾衣架,22,keep,"[""户外空间"", ""庭院园林"", ""晾晒场景""]",晾衣架主要出现在户外或庭院等有晾晒需求的环境中，提供衣物悬挂和支撑功能,晾衣架常见于户外或庭院等场景，具有稳定的承载和使用环境，能提供明确的放置与功能场景,screened
人造物体,人造物体 / 家具大件 / 架类,24,keep,"[""室内空间"", ""仓储环境"", ""展示区域""]",架类家具在室内、仓储或展示场景中的稳定存在,架类家具常见于室内、仓储或展示区域，提供稳定支撑和承载功能，具有明确的场景来源,screened
人造物体,人造物体 / 家具大件 / 柜类,17,keep,"[""室内空间"", ""家居环境"", ""储物场景""]",柜类家具在室内家居环境中作为储物和承载的稳定来源,柜类家具常见于室内空间，提供稳定储物和承载功能，具有明确且广泛的场景来源,screened
人造物体,人造物体 / 家具大件 / 桌类,21,keep,"[""桌面"", ""室内空间"", ""工作场所""]",包含各种场景下的桌子类家具，如家庭、办公室、教室等环境中的桌面使用场景,桌子作为常见支撑和放置平台，广泛存在于多种室内和工作场景中，具有稳定且非偶然的来源,screened
人造物体,人造物体 / 家具大件 / 梳妆台,24,keep,"[""室内"", ""个人护理空间""]",梳妆台常见于室内个人护理空间，提供稳定放置和使用场景,梳妆台通常出现在室内个人护理空间，具有稳定且常见的使用场景，可作为支撑和承载区域,screened
人造物体,人造物体 / 家具大件 / 椅凳,28,keep,"[""室内空间"", ""工作场所"", ""公共空间""]",椅凳类家具在各类室内和公共空间中的常见使用场景,椅凳作为常见家具，广泛存在于室内、工作场所和公共空间，提供稳定承载和坐卧功能，具有明确且稳定的场景来源,screened
人造物体,人造物体 / 家具大件 / 橱柜,15,keep,"[""厨房环境"", ""室内空间"", ""家庭场景""]",厨房及家庭室内环境中常见的橱柜结构,橱柜作为厨房中的稳定设施，提供明确的承载和放置区域，具有稳定的场景来源,screened
人造物体,人造物体 / 家具大件 / 沙发,90,keep,"[""室内"", ""客厅""]",沙发作为室内家具，常见于客厅、休息区等空间，提供坐卧和社交功能,沙发常见于室内空间，具有稳定且普遍的场景来源，能提供明确的承载和使用环境,screened
人造物体,人造物体 / 家具大件 / 灯具,16,keep,"[""室内环境"", ""工作场所"", ""住宅空间""]",灯具在各类室内空间中作为照明设施存在，提供稳定光源和承载面,灯具常见于室内、工作场所和住宅空间，具有稳定的场景来源和可编辑的照明环境,screened
人造物体,人造物体 / 家具大件 / 电视柜,21,keep,"[""室内空间"", ""客厅环境""]",电视柜常见于家庭客厅，作为家具提供放置和承载功能,电视柜是室内常见家具，通常稳定存在于客厅等家庭空间，提供明确的承载和放置区域,screened
人造物体,人造物体 / 家具大件 / 窗帘,17,keep,"[""室内空间"", ""家居环境""]",窗帘作为室内装饰和遮挡物，常见于房间、客厅、卧室等空间，提供遮蔽和视觉调节功能,窗帘常见于室内空间，具有稳定的场景来源和实用功能，能提供明确的承载与环境结构,screened
人造物体,人造物体 / 家具大件 / 置物架,21,keep,"[""室内空间"", ""家居环境"", ""收纳场景""]",置物架常见于室内家居环境，用于物品收纳，提供稳定支撑和放置区域,置物架在多种室内场景中稳定存在，可作为物品承载和放置的结构，具有明确的使用场景和环境支撑,screened
人造物体,人造物体 / 家具大件 / 花器,12,keep,"[""室内"", ""庭院园林""]",花器在室内或庭院园林中作为装饰或承载植物的常见场景,花器常见于室内和庭院园林场景，提供稳定且可编辑的承载面，具有明确的使用环境,screened
人造物体,人造物体 / 家具大件 / 茶几,16,keep,"[""室内"", ""桌面""]",茶几常见于家庭或办公室内作为放置物品的表面,茶几作为常见家具，通常出现在室内环境，提供稳定放置区域，具有明确的场景来源,screened
人造物体,人造物体 / 家具大件 / 衣帽架,23,keep,"[""室内空间"", ""衣物存放场景""]",衣帽架常见于室内空间，用于衣物悬挂和存放，提供稳定承载区域,衣帽架常见于室内空间，可作为衣物悬挂和存放的稳定承载区域，具有明确的使用场景和环境结构,screened
人造物体,人造物体 / 家具大件 / 衣架,28,hold,[],衣架作为悬挂物品，可能出现在衣橱、阳台、房间等空间中,仅凭'衣架'无法确定其是否具有稳定、普遍的场景来源，缺乏明确的承载面或环境结构支撑,screened
人造物体,人造物体 / 家具大件 / 衣柜,24,keep,"[""室内空间"", ""家居环境"", ""卧室场景""]",衣柜常见于室内卧室或衣帽间，提供衣物收纳和存储功能，具有稳定的场景来源,衣柜作为家居家具，常见于室内卧室或衣帽间，具有稳定且广泛的场景来源，能提供可靠的承载与放置环境,screened
人造物体,人造物体 / 家具大件 / 装饰摆件,28,hold,[],装饰摆件,仅凭分类名称无法确定是否存在稳定有用的场景或承载区域来源,screened
人造物体,人造物体 / 家具大件 / 货架,25,keep,"[""室内空间"", ""仓储环境"", ""货架场景""]",货架类家具在室内、仓储或展示环境中作为存储和承载的结构存在,货架作为常见存储结构，广泛存在于室内和仓储场景中，提供稳定承载面，符合可编辑环境需求,screened
人造物体,人造物体 / 家具大件 / 边几,22,keep,"[""桌面"", ""室内""]",边几作为桌面类家具，常见于室内空间，提供放置功能,边几常见于室内场景，具有稳定放置功能，可作为桌面延伸或支撑区域,screened
人造物体,人造物体 / 家具大件 / 镜子,22,hold,[],镜子作为家具大件的子类,仅凭分类名称无法确定镜子是否具有稳定可用的场景或承载区域来源,screened
人造物体,人造物体 / 家具大件 / 靠垫,30,keep,"[""室内"", ""家具环境""]",靠垫常见于室内家具场景，如沙发、床铺旁等位置，提供舒适支撑和装饰功能,靠垫常见于室内家具场景，如沙发、床铺旁等位置，提供舒适支撑和装饰功能，具有稳定且普遍的场景来源,screened
人造物体,人造物体 / 家具大件 / 鞋柜,24,keep,"[""室内空间"", ""家居环境"", ""收纳场景""]",鞋柜常见于室内家居环境，提供收纳功能和稳定承载面,鞋柜作为家居收纳家具，常见于室内空间，具有稳定承载和放置功能，能提供有效的使用场景,screened
人造物体,人造物体 / 家具大件 / 餐桌,24,keep,"[""室内用餐场景"", ""家庭厨房环境"", ""餐厅空间""]",餐桌类物体在家庭、餐厅等室内空间中作为用餐承载面的稳定存在,餐桌常见于家庭厨房、餐厅等室内场景，提供稳定用餐承载面，具有明确且广泛的场景来源,screened
人造物体,人造物体 / 家具大件 / 餐椅,25,keep,"[""室内用餐场景"", ""家庭客厅场景"", ""餐厅环境""]",餐椅在家庭、餐厅等室内用餐场景中作为餐桌的配套支撑物存在，提供稳定放置和使用环境,餐椅常见于室内用餐场景，能提供稳定支撑和使用空间，属于典型的生活场景来源,screened
人造物体,人造物体 / 家居软装小件 / 墙面装饰,34,hold,[],墙面装饰,仅凭分类名称无法确定是否存在稳定有用的场景或承载区域来源,screened
人造物体,人造物体 / 家居软装小件 / 床上用品,157,keep,"[""卧室"", ""床上场景"", ""家居软装""]",床上用品在卧室等家居环境中作为软装元素出现，提供稳定使用场景和承载面,床上用品在卧室场景中具有稳定、常见的使用来源，能提供明确的承载和放置环境,screened
人造物体,人造物体 / 家居软装小件 / 收纳用品,37,keep,"[""室内空间"", ""收纳场景""]",家居环境中用于收纳的各类小件物品，如收纳盒、收纳袋等,收纳用品常见于室内空间，提供稳定的放置和收纳场景，具有明确的使用环境和承载功能,screened
人造物体,人造物体 / 家居软装小件 / 时钟,29,hold,[],时钟类物品,仅凭分类名称无法确定是否存在稳定有用的场景或承载区域来源,screened
人造物体,人造物体 / 家居软装小件 / 灯饰,66,keep,"[""室内环境"", ""家居场景""]",家居软装小件中的灯饰在室内环境中常见，如客厅、卧室等空间中作为照明或装饰存在,灯饰在多种室内场景中稳定出现，提供明确的照明和装饰功能，具有稳定的场景来源,screened
人造物体,人造物体 / 家居软装小件 / 相框,35,keep,"[""室内场景"", ""墙面展示""]",相框常见于室内墙面，用于装饰或展示照片，具有稳定展示场景,相框常见于室内墙面，提供稳定展示场景，属于典型家居软装元素,screened
人造物体,人造物体 / 家居软装小件 / 窗帘地毯,82,keep,"[""室内环境"", ""家居空间""]",窗帘地毯常见于室内家居空间，提供遮蔽与装饰功能，具有稳定场景来源,窗帘地毯作为家居软装小件，常见于室内空间，具有稳定且广泛的场景来源，能提供有效的承载与环境背景,screened
人造物体,人造物体 / 家居软装小件 / 花器摆件,38,keep,"[""室内环境"", ""家居装饰""]",家居软装小件中的花器摆件在室内场景中作为装饰性物品出现,花器摆件常见于室内家居环境，提供稳定装饰场景和承载面，符合稳定场景来源的判断标准,screened
人造物体,人造物体 / 家居软装小件 / 门帘,29,hold,[],家居软装小件中的门帘,仅凭'门帘'无法确定其是否具有稳定可用的场景或承载区域来源，缺乏明确的环境结构支持。,screened
人造物体,人造物体 / 家居软装小件 / 靠垫抱枕,35,keep,"[""室内空间"", ""家居环境""]",靠垫抱枕常见于室内家居场景，如客厅、卧室等，提供舒适性和装饰性支撑,靠垫抱枕常见于室内家居场景，如客厅、卧室等，提供舒适性和装饰性支撑，具有稳定且普遍的场景来源,screened
人造物体,人造物体 / 家居软装小件 / 香薰用品,33,keep,"[""室内环境"", ""家居空间""]",香薰用品在家居环境中的使用场景，如客厅、卧室等,香薰用品常见于室内家居空间，提供稳定且可编辑的环境背景，适用于多种家居场景,screened
人造物体,人造物体 / 家用电器 / 个护电器,31,hold,[],个护电器类别,仅凭分类名称无法确定是否存在稳定有用的场景或承载区域来源,screened
人造物体,人造物体 / 家用电器 / 冰箱,25,keep,"[""室内厨房"", ""家庭空间""]",冰箱常见于家庭厨房环境中，作为食物存储和冷藏设备,冰箱是家庭厨房中稳定存在的电器，提供明确的存储和使用场景,screened
人造物体,人造物体 / 家用电器 / 冷柜,19,keep,"[""室内厨房"", ""家庭空间""]",冷柜常见于家庭厨房等室内场景，提供稳定承载和存储功能,冷柜作为家用电器，常出现在家庭厨房中，具有稳定的使用场景和承载功能，符合室内环境的可编辑需求,screened
人造物体,人造物体 / 家用电器 / 加湿器,19,hold,[],家用电器/加湿器,仅凭分类名称无法确定是否存在稳定有用的场景或承载区域来源,screened
人造物体,人造物体 / 家用电器 / 卷发棒,14,reject,[],仅限于卷发棒这一具体物品,卷发棒属于抽象符号和孤立小物特写，缺乏稳定、可用的场景或承载区域来源,screened
人造物体,人造物体 / 家用电器 / 厨房大电,36,keep,"[""厨房环境"", ""室内空间"", ""家庭场景""]",厨房中使用的大型电器，如冰箱、烤箱、微波炉等,厨房大电类电器常见于家庭厨房场景，提供稳定且可编辑的承载与使用环境,screened
人造物体,人造物体 / 家用电器 / 厨房小电,77,keep,"[""厨房场景"", ""家庭室内""]",厨房小电类电器在家庭厨房环境中的使用场景,厨房小电电器常见于家庭厨房场景，具有稳定且广泛的来源，能提供可靠的承载和使用环境,screened
人造物体,人造物体 / 家用电器 / 厨房用具,272,keep,"[""厨房环境"", ""室内空间"", ""家庭场景""]",厨房中使用的各类电器用具，如电饭煲、微波炉、烤箱等,厨房用具通常出现在稳定的厨房场景中，提供明确的使用环境和承载面，具有稳定的来源和可编辑性。,screened
人造物体,人造物体 / 家用电器 / 取暖器,11,keep,"[""室内环境"", ""家庭空间""]",家用电器中的取暖器常出现在家庭室内空间，用于提供取暖功能，具有稳定的使用场景和承载环境,取暖器常见于家庭室内环境，提供稳定且可编辑的使用场景，符合室内空间的承载需求,screened
人造物体,人造物体 / 家用电器 / 吸尘器,11,keep,"[""室内环境"", ""家庭空间""]",吸尘器常见于家庭室内环境，用于清洁地面，提供稳定使用场景,吸尘器通常出现在家庭室内环境，具有稳定的使用场景和承载面，可作为家庭清洁场景的代表性设备,screened
人造物体,人造物体 / 家用电器 / 吹风机,14,hold,[],家用电器/吹风机,仅凭分类名称无法确定是否存在稳定有用的场景或承载区域来源,screened
人造物体,人造物体 / 家用电器 / 咖啡机,13,keep,"[""厨房场景"", ""家庭空间""]",咖啡机常见于家庭厨房环境中，作为日常使用电器提供稳定场景支持,咖啡机常出现在家庭厨房场景中，具有稳定的使用环境和承载面，可作为家庭生活场景的典型代表,screened
人造物体,人造物体 / 家用电器 / 大型白色家电,111,keep,"[""家庭客厅"", ""厨房环境"", ""室内空间""]",大型白色家电在家庭日常生活场景中的常见部署位置,大型白色家电如冰箱、洗衣机等通常稳定存在于家庭客厅或厨房环境中，提供明确的承载和使用场景,screened
人造物体,人造物体 / 家用电器 / 家庭音响,31,keep,"[""家庭环境"", ""室内空间""]",家庭音响在家庭环境中常见，常用于客厅、卧室等室内空间,家庭音响通常部署在家庭室内空间，提供稳定且常见的使用场景,screened
人造物体,人造物体 / 家用电器 / 干衣机,26,keep,"[""家庭室内"", ""洗衣场景""]",家庭中用于衣物干燥的电器设备,干衣机常见于家庭室内环境，提供稳定的衣物干燥场景和承载面，具有明确的使用场景和可编辑环境结构,screened
人造物体,人造物体 / 家用电器 / 影音家电,44,keep,"[""室内环境"", ""家庭空间""]",家用电器在家庭场景中的使用环境，如客厅、卧室等,影音家电通常出现在家庭室内环境中，提供稳定且常见的使用场景和承载面,screened
人造物体,人造物体 / 家用电器 / 微波炉,27,hold,[],家用电器中的微波炉,仅凭分类名称无法确定是否存在稳定有用的场景或承载区域来源,screened
人造物体,人造物体 / 家用电器 / 扫地机器人,24,hold,[],家用电器中的扫地机器人,仅凭分类名称无法确定其是否包含稳定有用的场景或承载区域来源,screened
人造物体,人造物体 / 家用电器 / 抽油烟机,32,keep,"[""厨房环境"", ""室内空间"", ""家庭场景""]",抽油烟机常见于厨房环境中，作为家庭厨房的固定设施提供油烟处理功能,抽油烟机通常安装在厨房灶台上方，是厨房中稳定存在的功能性设备，具有明确的场景来源和承载环境。,screened
人造物体,人造物体 / 家用电器 / 榨汁机,30,hold,[],家用电器/榨汁机,仅凭分类名称无法确定是否存在稳定有用的场景或承载区域来源,screened
人造物体,人造物体 / 家用电器 / 洗碗机,31,keep,"[""厨房环境"", ""家庭空间""]",洗碗机常见于厨房场景，作为家庭电器提供稳定使用环境,洗碗机通常安装在厨房中，具有稳定的使用场景和承载环境，符合家庭日常生活的实际需求,screened
人造物体,人造物体 / 家用电器 / 洗衣机,27,keep,"[""家庭厨房"", ""室内环境""]",洗衣机在家庭中的使用场景，如厨房或洗衣间,洗衣机常见于家庭厨房或洗衣间，提供稳定的家庭使用场景和承载环境,screened
人造物体,人造物体 / 家用电器 / 清洁电器,28,keep,"[""室内环境"", ""家庭空间""]",家用电器中的清洁电器，如吸尘器、扫地机器人等在家庭场景中的使用环境,清洁电器常见于家庭室内环境，提供稳定且可编辑的使用场景，如客厅、厨房等,screened
人造物体,人造物体 / 家用电器 / 烤箱,29,keep,"[""厨房"", ""家庭空间"", ""室内环境""]",烤箱常见于厨房场景，作为家庭电器提供稳定使用环境,烤箱通常出现在厨房中，具有稳定的使用场景和承载环境，符合室内家庭空间的可编辑需求,screened
人造物体,人造物体 / 家用电器 / 热水器,26,keep,"[""室内环境"", ""厨房场景""]",家用电器中的热水器通常出现在家庭厨房或卫生间等室内空间，提供稳定使用场景和承载环境,热水器常安装在家庭厨房或卫生间，具有稳定的使用场景和承载环境，符合室内场景的可编辑需求,screened
人造物体,人造物体 / 家用电器 / 照明电器,31,keep,"[""室内环境"", ""家居空间""]",家用电器中的照明电器在家庭室内场景中常见，如客厅、卧室等区域的灯具,照明电器通常出现在家庭室内场景中，提供稳定且普遍的光照环境，具有明确的承载和使用场景,screened
人造物体,人造物体 / 家用电器 / 熨斗,22,reject,[],仅限于熨斗作为家电的使用场景,熨斗属于孤立小物特写，缺乏稳定、广泛的场景或承载区域来源,screened
人造物体,人造物体 / 家用电器 / 燃气灶,22,keep,"[""厨房环境"", ""室内空间"", ""家庭场景""]",厨房中常见的燃气灶设备及其使用场景,燃气灶通常出现在厨房环境中，提供稳定且常见的使用场景和承载面，符合可编辑环境结构的需求,screened
人造物体,人造物体 / 家用电器 / 环境电器,32,keep,"[""室内环境"", ""家庭空间"", ""居住场景""]",家用电器在家庭环境中的使用场景，如厨房、客厅、卧室等,环境电器如空调、热水器等常见于家庭室内空间，提供稳定且持续的场景来源,screened
人造物体,人造物体 / 家用电器 / 生活小电,30,keep,"[""家庭室内"", ""厨房场景"", ""日常生活环境""]",家用电器在家庭日常生活中的使用场景,生活小电类电器常见于家庭室内场景，如厨房、客厅等，提供稳定且多样化的使用环境,screened
人造物体,人造物体 / 家用电器 / 电动剃须刀,21,hold,[],家用电器/电动剃须刀,仅凭分类名称无法确定是否存在稳定有用的场景或承载区域来源,screened
人造物体,人造物体 / 家用电器 / 电压力锅,21,keep,"[""厨房场景"", ""家庭室内""]",电压力锅常见于家庭厨房环境中，用于食物烹饪,电压力锅通常出现在家庭厨房中，提供稳定的烹饪场景和承载面，符合室内使用环境的可编辑性需求,screened
人造物体,人造物体 / 家用电器 / 电水壶,21,keep,"[""厨房"", ""家庭空间""]",电水壶常见于厨房环境中，作为家庭日常使用的电器提供稳定使用场景,电水壶通常出现在厨房场景中，具有稳定的使用环境和承载面，符合家庭日常使用场景的可编辑性需求,screened
人造物体,人造物体 / 家用电器 / 电热毯,20,hold,[],家用电器中的电热毯,仅凭分类名称无法确定是否存在稳定有用的场景或承载区域来源,screened
人造物体,人造物体 / 家用电器 / 电熨斗,20,reject,[],电熨斗相关场景,电熨斗主要为抽象符号或孤立小物特写，缺乏稳定、通用的场景或承载区域来源,screened
人造物体,人造物体 / 家用电器 / 电磁炉,20,keep,"[""厨房环境"", ""室内空间"", ""家庭场景""]",电磁炉常见于厨房环境中，作为家庭烹饪设备提供稳定使用场景,电磁炉通常出现在厨房场景中，具有稳定的使用环境和承载面，可作为家庭烹饪场景的重要组成部分,screened
人造物体,人造物体 / 家用电器 / 电视机,22,keep,"[""室内环境"", ""家庭空间""]",电视机常见于家庭客厅或卧室等室内场景，提供稳定观看环境,电视机通常安装在家庭室内场景中，具有稳定的观看和承载环境，符合可编辑场景需求,screened
人造物体,人造物体 / 家用电器 / 电风扇,18,keep,"[""室内环境"", ""家居空间""]",电风扇常见于家庭室内空间，如客厅、卧室等，提供通风功能，具有稳定场景来源,电风扇常出现在家庭室内环境中，具备稳定且可编辑的承载和使用场景,screened
人造物体,人造物体 / 家用电器 / 电饭煲,16,hold,[],家用电器中的电饭煲,仅凭分类名称无法确定是否存在稳定有用的场景或承载区域来源,screened
人造物体,人造物体 / 家用电器 / 破壁机,12,hold,[],家用电器中的破壁机,仅凭分类名称无法确定其是否具有稳定可用的场景或承载区域来源,screened
人造物体,人造物体 / 家用电器 / 空气净化器,15,keep,"[""室内环境"", ""家居空间""]",空气净化器常见于家庭室内环境，如客厅、卧室等，提供稳定且可编辑的承载与使用场景,空气净化器通常部署在家庭室内空间，具有稳定的使用场景和承载环境，符合可编辑环境结构要求,screened
人造物体,人造物体 / 家用电器 / 空调,21,keep,"[""室内环境"", ""家庭空间""]",家用空调通常出现在家庭室内空间，如客厅、卧室等，提供稳定使用场景和承载环境,空调作为家用电器，常见于家庭室内环境，具有稳定且普遍的使用场景，可作为支撑和放置的环境来源,screened
人造物体,人造物体 / 家用电器 / 缝纫机,20,hold,[],家用电器中的缝纫机,仅凭分类名称无法确定其是否具有稳定可用的场景或承载区域来源,screened
人造物体,人造物体 / 家用电器 / 蒸箱,22,hold,[],家用电器中的蒸箱,仅凭分类名称无法确定其是否具有稳定可用的场景或承载环境来源,screened
人造物体,人造物体 / 家用电器 / 裤子熨压机,27,reject,[],裤子熨压机,仅提供抽象符号或孤立小物特写，无稳定有用的场景或承载区域来源,screened
人造物体,人造物体 / 家用电器 / 除湿机,22,hold,[],家用电器中的除湿机,仅凭分类名称无法确定其是否包含稳定有用的场景或承载区域来源,screened
人造物体,人造物体 / 容器 / 一种大垃圾桶,20,keep,"[""室内环境"", ""公共空间""]",大垃圾桶常见于室内和公共空间，如走廊、楼道、小区出入口等，提供稳定承载和放置场景,大垃圾桶在多种室内和公共空间中稳定存在，具有明确的承载和放置功能，符合可编辑环境结构需求,screened
人造物体,人造物体 / 容器 / 便壶,26,keep,"[""室内场景"", ""桌面""]",便壶作为容器类物品，常见于室内环境和桌面场景中，可作为放置或承载物品的区域,便壶常出现在室内桌面或厨房环境中，具有稳定的场景来源，可作为支撑或放置区域,screened
人造物体,人造物体 / 容器 / 信封,15,hold,[],容器类信封,仅凭名称无法确定是否存在稳定有用的场景或承载区域来源,screened
人造物体,人造物体 / 容器 / 储存环,18,keep,"[""室内储物空间"", ""工作场所"", ""家庭环境""]",包含各种用于存放物品的容器类人造物体，如柜子、箱子、抽屉、储物罐等,容器类储存环在多种室内和工作场景中普遍存在，提供稳定且可编辑的存储与承载区域,screened
人造物体,人造物体 / 容器 / 冰淇淋甜筒,17,hold,[],容器类物体,仅凭名称无法确定是否存在稳定有用的场景或承载区域来源,screened
人造物体,人造物体 / 容器 / 分配器,87,keep,"[""室内环境"", ""工作场所"", ""厨房场景""]",容器类分配器在室内和工作场景中的稳定使用环境,容器类分配器常见于厨房、办公室等场景，提供稳定放置和分配功能，具有明确的使用场景和承载环境,screened
人造物体,人造物体 / 容器 / 包,779,keep,"[""室内容器"", ""日常物品摆放""]",包含日常生活中用于盛放或收纳物品的容器类物体，如盒子、袋子、篮子等,容器类物体常见于多种室内场景中，具有稳定的放置和承载功能，能提供明确的可编辑环境结构。,screened
人造物体,人造物体 / 容器 / 午餐盒,18,keep,"[""桌面"", ""室内"", ""餐饮场景""]",午餐盒作为容器常出现在桌面或餐食场景中，具有稳定的使用环境,午餐盒常见于桌面或餐饮场景，提供明确的承载和使用环境,screened
人造物体,人造物体 / 容器 / 卡匣,18,hold,[],容器类卡匣,仅凭名称无法确定其是否具有稳定可用的场景或承载区域来源,screened
人造物体,人造物体 / 容器 / 听头,47,reject,[],容器类听头,听头多为抽象符号或孤立小物特写，缺乏稳定有用的场景或承载区域来源,screened
人造物体,人造物体 / 容器 / 喷壶,25,keep,"[""户外场景"", ""庭院园林"", ""自然环境""]",喷壶常见于户外和庭院环境中，用于浇水或灌溉，具有明确的使用场景和承载面,喷壶常出现在户外和庭院中，作为灌溉工具，具有稳定且可识别的使用场景和环境背景,screened
人造物体,人造物体 / 容器 / 器皿,2163,keep,"[""室内厨房"", ""餐桌场景"", ""储物空间""]",容器类器皿在日常家居和厨房场景中的稳定使用环境,容器类器皿常见于厨房、餐桌等日常场景，具有稳定的承载和使用来源,screened
人造物体,人造物体 / 容器 / 回收箱,23,keep,"[""室内环境"", ""公共空间""]",回收箱常见于室内和公共空间，如小区、街道、办公室等，提供稳定承载和放置场景,回收箱在多种场景中作为稳定容器存在，具有明确的放置和承载功能,screened
人造物体,人造物体 / 容器 / 圆柱体,25,keep,"[""桌面"", ""室内"", ""工作场所""]",圆柱体容器在各类场景中的稳定放置或承载环境,圆柱体容器如瓶子、罐子等在桌面、室内或工作场所中常见，具有稳定的放置和承载场景,screened
人造物体,人造物体 / 容器 / 圆锉,24,reject,[],圆锉作为工具，通常出现在工具箱或工作台等场景中，但其本身不构成稳定场景或承载面,圆锉是工具类物品，主要作为操作工具使用，缺乏稳定、普遍的场景或承载环境来源，不符合可编辑环境结构的定义,screened
人造物体,人造物体 / 容器 / 圣物匣,20,hold,[],容器类物品,仅凭名称无法确定是否存在稳定有用的场景或承载区域来源,screened
人造物体,人造物体 / 容器 / 垃圾,28,keep,"[""室内环境"", ""公共空间""]",垃圾容器在家庭、社区、公共场所等场景中常见，提供稳定承载和放置功能,垃圾容器常见于室内和公共空间，具有稳定的场景来源和承载功能,screened
人造物体,人造物体 / 容器 / 垃圾桶,35,keep,"[""室内环境"", ""公共空间"", ""垃圾处理场景""]",垃圾桶常见于室内和公共空间，作为垃圾收纳容器提供稳定承载和放置区域,垃圾桶在多种场景中作为稳定容器存在，具有明确的承载和放置功能，适用于室内和公共空间环境,screened
人造物体,人造物体 / 容器 / 垃圾箱,27,keep,"[""室内环境"", ""公共空间"", ""庭院环境""]",垃圾箱常见于室内、公共空间和庭院等场景，提供稳定承载和放置区域,垃圾箱作为常见容器，广泛存在于多种场景中，具有稳定的放置环境和实用功能,screened
人造物体,人造物体 / 容器 / 垃圾铲,25,reject,[],垃圾铲相关场景,垃圾铲属于孤立小物特写，缺乏稳定有用的场景或承载区域来源,screened
人造物体,人造物体 / 容器 / 外挂油箱,19,hold,[],容器类外挂油箱,仅凭名称无法确定其在具体场景中的稳定来源或承载环境,screened
人造物体,人造物体 / 容器 / 奉献盘,21,keep,"[""桌面"", ""室内"", ""餐饮场景""]",容器类用于盛放食物或物品的场景，如餐桌上、厨房中、仪式场合等,奉献盘常见于餐饮或仪式场景，具有稳定的场景来源和承载功能,screened
人造物体,人造物体 / 容器 / 容器盒,520,keep,"[""室内收纳场景"", ""办公环境"", ""家居储物""]",容器盒在各类室内和家居环境中作为收纳或存储工具出现,容器盒常见于室内收纳、办公和家居储物场景，提供稳定且可编辑的承载区域,screened
人造物体,人造物体 / 容器 / 尿壶,21,reject,[],尿壶作为纯符号或孤立小物特写，无稳定场景或承载区域来源,尿壶属于抽象符号或孤立小物特写，缺乏稳定、可用的场景或承载环境来源,screened
人造物体,人造物体 / 容器 / 工作袋,23,keep,"[""工作场所"", ""日常携带场景""]",工作袋在工作场所中作为容器使用，常用于存放工具或物品，具有稳定场景来源,工作袋在工作场所中作为容器使用，常用于存放工具或物品，具有稳定场景来源,screened
人造物体,人造物体 / 容器 / 平底锅,43,keep,"[""厨房场景"", ""烹饪环境"", ""家庭厨房""]",平底锅常出现在厨房中，用于烹饪和加热食物，具有稳定的使用场景和承载面,平底锅是厨房中常见的烹饪工具，通常放置在灶台或台面上，具有明确且稳定的使用场景和承载环境,screened
人造物体,人造物体 / 容器 / 废物容器,23,keep,"[""室内环境"", ""公共空间""]",各类场所中常见的废物容器，如垃圾桶、回收箱等,废物容器常见于室内和公共空间，提供稳定且普遍的承载与放置场景,screened
人造物体,人造物体 / 容器 / 手提篮,125,keep,"[""日常携带场景"", ""户外使用场景""]",手提篮在日常携带和户外使用中常见，具有明确的承载和放置场景,手提篮常用于携带物品，具有稳定且常见的使用场景，如购物、户外活动等，能提供有效的承载和放置区域,screened
人造物体,人造物体 / 容器 / 托盘,24,keep,"[""桌面"", ""室内"", ""工作场所""]",托盘作为承载物出现在多种室内和工作场景中，如厨房、办公室、仓库等,托盘作为常见容器，常用于承载物品，在多种场景中具有稳定且可编辑的放置结构,screened
人造物体,人造物体 / 容器 / 抽屉,23,keep,"[""室内家具"", ""办公环境""]",抽屉作为容器出现在室内家具或办公场景中，提供稳定放置和收纳功能,抽屉作为常见容器，常出现在室内家具和办公环境中，提供稳定支撑和收纳功能，具有明确的场景来源,screened
人造物体,人造物体 / 容器 / 掩体,20,keep,"[""室内环境"", ""军事场景"", ""隐蔽场景""]",容器和掩体在各种场景中作为支撑、遮蔽或存储用途出现,容器和掩体在多种场景中提供稳定承载或隐蔽功能，具有广泛且稳定的来源,screened
人造物体,人造物体 / 容器 / 插座,26,reject,[],插座作为电气设备的连接点，通常出现在室内电气环境或家庭电路中,插座属于抽象电气符号，缺乏稳定、可编辑的场景或承载面来源，无法提供通用的视觉环境支持,screened
人造物体,人造物体 / 容器 / 摇酒器,62,keep,"[""室内场景"", ""酒吧环境"", ""社交场景""]",摇酒器常见于酒吧、家庭聚会等室内社交场景，提供稳定放置和使用环境,摇酒器常出现在酒吧或家庭聚会等场景中，具有稳定的放置和使用环境，能提供明确的承载与交互场景,screened
人造物体,人造物体 / 容器 / 摸彩袋,20,hold,[],容器类物品,仅凭'摸彩袋'无法确定其是否具有稳定场景或承载区域来源,screened
人造物体,人造物体 / 容器 / 收件盘,21,keep,"[""桌面"", ""室内"", ""工作场所""]",收件盘常见于桌面或室内环境，作为物品放置和接收的载体,收件盘通常出现在桌面或室内场景中，提供稳定的放置和接收区域，具有明确的使用场景和承载功能,screened
人造物体,人造物体 / 容器 / 收纳箱,22,keep,"[""室内收纳"", ""家居空间"", ""工作场所""]",各类室内环境中用于存放物品的收纳箱,收纳箱常见于家居、办公等场景，提供稳定的放置和存储功能，具有明确的使用场景和承载区域,screened
人造物体,人造物体 / 容器 / 料槽,18,keep,"[""工业环境"", ""生产场所""]",料槽常见于工业生产、仓储或加工场景中，作为物料存储或传输的容器,料槽在工业环境中具有稳定且常见的来源，可作为物料承载和传输的结构，属于典型生产场景中的容器类设施,screened
人造物体,人造物体 / 容器 / 杯子,224,hold,[],容器类物品,仅凭'杯子'无法确定其是否具有稳定场景或承载区域来源,screened
人造物体,人造物体 / 容器 / 水果盘,44,keep,"[""桌面"", ""室内"", ""厨房场景""]",水果盘作为容器常出现在桌面或厨房环境中，提供放置水果的稳定承载面,水果盘常见于桌面或厨房场景，具有稳定的放置和承载功能，能提供可编辑的放置区域,screened
人造物体,人造物体 / 容器 / 沙箱,30,keep,"[""桌面"", ""室内""]",容器类物体在桌面或室内环境中的使用场景,沙箱作为容器类物体，常见于桌面或室内环境，提供稳定承载和放置区域，具有明确的使用场景,screened
人造物体,人造物体 / 容器 / 火药瓶,36,reject,[],火药瓶作为抽象符号或孤立小物特写,火药瓶通常为纯文字、品牌标志或孤立小物特写，缺乏稳定有用的场景或承载区域来源,screened
人造物体,人造物体 / 容器 / 灰盘,25,keep,"[""桌面"", ""室内"", ""餐饮场景""]",灰盘常见于桌面或餐饮场景中，作为食物或物品的承载容器,灰盘作为常见容器，常出现在桌面或餐饮场景中，具有稳定且普遍的场景来源,screened
人造物体,人造物体 / 容器 / 烟斗斗钵,35,hold,[],容器类物品,仅凭名称无法确定是否存在稳定有用的场景或承载区域来源,screened
人造物体,人造物体 / 容器 / 烟灰缸,26,keep,"[""室内场景"", ""桌面场景"", ""家居环境""]",烟灰缸常见于室内、桌面或家居环境中，作为烟具容器存在稳定场景来源,烟灰缸常出现在室内桌面或家居环境中，具有稳定的场景和承载面来源,screened
人造物体,人造物体 / 容器 / 热水瓶,23,keep,"[""室内场景"", ""家庭环境"", ""厨房场景""]",热水瓶常见于家庭厨房或室内储物空间，作为容器具备稳定放置和使用场景,热水瓶作为容器类物品，常出现在家庭厨房或室内储物环境中，具有稳定的放置和使用场景，可提供有效的承载与交互区域,screened
人造物体,人造物体 / 容器 / 煤斗,36,keep,"[""工业场所"", ""生产环境""]",煤斗主要出现在工业或生产环境中，作为煤炭存储和运输的容器,煤斗常见于工业生产现场，具有稳定的场景来源和承载功能，属于典型的工作场所容器,screened
人造物体,人造物体 / 容器 / 猫砂箱,15,keep,"[""室内环境"", ""家庭空间"", ""宠物相关场景""]",猫砂箱常见于家庭室内环境，作为宠物用品提供稳定承载和使用场景,猫砂箱作为家庭中常见的容器类物品，通常出现在室内环境，具有稳定的使用场景和承载功能，可作为宠物护理的支撑区域,screened
人造物体,人造物体 / 容器 / 痰盂,29,reject,[],无稳定场景或承载区域来源,痰盂属于抽象符号或孤立小物特写，缺乏稳定、普遍的场景或承载环境来源,screened
人造物体,人造物体 / 容器 / 登山包,36,keep,"[""户外登山场景"", ""徒步环境""]",登山包在户外登山、徒步等场景中作为携带物品出现，提供稳定承载和放置功能,登山包在户外登山和徒步场景中具有稳定且常见的使用来源，能提供明确的承载和放置环境,screened
人造物体,人造物体 / 容器 / 盐罐,37,hold,[],容器类物品,仅凭'盐罐'无法确定其是否具有稳定场景或承载区域来源,screened
人造物体,人造物体 / 容器 / 盒子,1084,keep,"[""桌面"", ""室内"", ""工作场所""]",盒子类容器在各种室内和工作场景中作为承载或存储工具出现,盒子作为常见容器，在桌面、室内和工作场所中具有稳定且普遍的使用场景，能提供明确的承载和放置区域,screened
人造物体,人造物体 / 容器 / 磁瓶,36,keep,"[""室内环境"", ""工作场所""]",磁瓶常用于存储或放置物品的场景，如办公室、实验室、家庭储物空间等,磁瓶作为容器类物品，常见于多种室内和工作场景中，提供稳定存储和放置功能，具有明确的场景来源,screened
人造物体,人造物体 / 容器 / 礼品盒,37,keep,"[""室内展示"", ""礼品赠送场景""]",礼品盒在室内展示或赠送场景中作为容器使用,礼品盒常见于室内展示和赠送场景，提供稳定且可编辑的承载区域,screened
人造物体,人造物体 / 容器 / 礼品篮,36,keep,"[""室内陈列"", ""家居场景""]",礼品篮作为容器出现在家庭、商店或展览等室内环境中，常用于展示或收纳礼品,礼品篮在多种室内场景中作为稳定容器存在，具有明确的承载和展示功能,screened
人造物体,人造物体 / 容器 / 礼品袋,37,hold,[],礼品袋作为容器类物品，可能出现在礼品包装、零售场景中,仅凭'礼品袋'无法确定其是否具有稳定、广泛的场景来源，缺乏明确的承载面或使用环境支撑,screened
人造物体,人造物体 / 容器 / 筒形罐,33,keep,"[""室内储物"", ""厨房环境"", ""工作台面""]",筒形罐作为容器在室内、厨房及工作台等场景中常见，可提供稳定放置和存储功能,筒形罐在多种日常场景中作为容器存在，具有稳定的放置和存储功能，适用于室内储物和厨房环境。,screened
人造物体,人造物体 / 容器 / 篮式容器,37,keep,"[""室内空间"", ""运动场景"", ""体育活动""]",篮式容器在室内、运动或体育活动中作为承载或存放工具的场景,篮式容器常见于室内和体育活动中，具有稳定的场景来源和可编辑的承载面,screened
人造物体,人造物体 / 容器 / 纸板箱,37,keep,"[""室内仓储"", ""物流运输"", ""包装场景""]",纸板箱在仓储、运输和包装场景中的常见使用,纸板箱作为常见容器，广泛存在于室内仓储、物流运输和包装场景中，提供稳定承载和放置区域,screened
人造物体,人造物体 / 容器 / 胶囊,34,hold,[],容器类胶囊,仅凭名称无法确定是否存在稳定有用的场景或承载区域来源,screened
人造物体,人造物体 / 容器 / 花盆,22,keep,"[""室内"", ""庭院公园""]",花盆作为容器出现在室内或庭院环境中，提供植物生长的承载面,花盆常见于室内和庭院公园，具有稳定的承载和植物生长场景，可作为支撑和放置区域,screened
人造物体,人造物体 / 容器 / 花箱,25,keep,"[""庭院园林"", ""自然环境""]",花箱常见于庭院园林和自然环境中，作为植物种植的容器，提供稳定承载和展示空间,花箱在庭院园林和自然环境中具有稳定且常见的使用场景，能提供明确的承载与展示功能,screened
人造物体,人造物体 / 容器 / 花篮,23,keep,"[""室内装饰"", ""庭院园林""]",花篮作为容器常用于室内或户外装饰场景，提供放置植物或花卉的承载面,花篮在多种场景中作为稳定容器存在，具有明确的承载和装饰功能,screened
人造物体,人造物体 / 容器 / 藏骨堂,19,hold,[],容器类物体在藏骨堂中的应用,分类名称‘藏骨堂’缺乏明确、稳定的场景来源，无法确定其对应的可编辑环境结构或承载面，无法判断是否存在稳定有用的场景来源。,screened
人造物体,人造物体 / 容器 / 货运集装箱,26,keep,"[""运输场景"", ""港口环境"", ""物流仓储""]",货运集装箱在运输、仓储和物流场景中的稳定使用环境,货运集装箱在运输、港口和仓储场景中具有稳定且广泛的来源，能提供明确的承载和环境结构,screened
人造物体,人造物体 / 容器 / 邮寄者,23,hold,[],容器类邮寄相关物体,无法确定‘邮寄者’是否具有稳定、可编辑的场景来源或承载环境,screened
人造物体,人造物体 / 容器 / 野餐篮,26,keep,"[""户外场景"", ""野餐环境"", ""自然环境""]",野餐篮常出现在户外、自然环境中，用于盛放食物和物品，具有明确的使用场景和承载功能,野餐篮作为户外使用的容器，常见于自然环境和户外活动场景，具有稳定且可编辑的承载区域来源,screened
人造物体,人造物体 / 容器 / 面包盒,23,keep,"[""厨房场景"", ""家庭收纳场景""]",面包盒常见于厨房和家庭收纳环境，提供稳定放置和存储功能,面包盒常出现在厨房和家庭收纳场景中，具有稳定的使用环境和承载功能,screened
人造物体,人造物体 / 容器 / 鞋盒,24,keep,"[""室内收纳场景"", ""家居存储环境""]",鞋盒作为容器常用于室内收纳和存储场景，适用于家庭、办公等空间,鞋盒作为常见容器，常出现在室内收纳场景中，提供稳定且可编辑的存储和承载区域,screened
人造物体,人造物体 / 容器 / 骰子盒,25,hold,[],容器类物品,仅凭'骰子盒'无法确定是否存在稳定有用的场景或承载区域来源,screened
人造物体,人造物体 / 对话气泡,21,reject,[],对话气泡,对话气泡属于抽象符号和纯文字元素，缺乏稳定、可用的场景或承载区域来源。,screened
人造物体,人造物体 / 导体 / 半导体,70,reject,[],导体和半导体相关材料,该类别主要涉及抽象材料属性，缺乏稳定、可编辑的场景或承载环境来源。,screened
人造物体,人造物体 / 导体 / 导线,93,hold,[],导线类物体,仅凭分类名称无法确定其是否包含稳定有用的场景或承载区域来源,screened
人造物体,人造物体 / 导体 / 电报,135,reject,[],电报作为抽象符号或纯文字出现,电报属于抽象符号或纯文字，缺乏稳定、可用的场景或承载区域来源,screened
人造物体,人造物体 / 导体 / 电源线,21,reject,[],电源线,电源线主要为抽象符号或孤立小物特写，缺乏稳定有用的场景或承载区域来源。,screened
人造物体,人造物体 / 导体 / 避雷导体,20,reject,[],避雷导体,避雷导体多为抽象符号或孤立小物特写，缺乏稳定、可用的场景或承载区域来源。,screened
人造物体,人造物体 / 导航工具,25,keep,"[""交通环境"", ""室内导航""]",导航工具在交通环境和室内空间中的使用场景,导航工具常出现在交通环境和室内空间中，提供稳定且可编辑的场景来源,screened
人造物体,人造物体 / 导航系统 / 全球定位系统,17,reject,[],全球定位系统,全球定位系统主要提供抽象符号和纯文字信息，缺乏稳定、可用的场景或承载区域来源。,screened
人造物体,人造物体 / 射击杖,26,hold,[],射击杖,仅凭分类名称无法确定其具体场景或是否存在稳定有用的来源,screened
人造物体,人造物体 / 小型抓钩,19,hold,[],小型抓钩,仅凭分类名称无法确定其是否存在稳定有用的场景或承载区域来源,screened
人造物体,人造物体 / 小工具,47,hold,[],人造物体 / 小工具,仅凭分类名称无法确定具体场景或是否存在稳定有用的来源,screened
人造物体,人造物体 / 层架,45,keep,"[""室内空间"", ""存储环境""]",层架类物体在室内及存储场景中的常见应用,层架作为常见存储设施，广泛存在于室内空间和收纳场景中，提供稳定承载和放置区域,screened
人造物体,人造物体 / 层状物,47,keep,"[""室内空间"", ""工作场所"", ""建筑结构""]",层状物在各类空间中的稳定存在形式，如书架、货架、层板等,层状物在室内、工作场所和建筑结构中普遍存在，提供稳定承载和分层功能，具有明确的场景来源,screened
人造物体,人造物体 / 屏幕截图,38,reject,[],屏幕截图,屏幕截图属于抽象符号和纯文字，缺乏稳定有用的场景或承载区域来源。,screened
人造物体,人造物体 / 屏障,20,keep,"[""交通环境"", ""建筑设施""]",屏障类物体在交通、建筑等场景中的稳定存在,屏障类物体如护栏、隔离带等在交通和建筑环境中具有稳定且常见的来源,screened
人造物体,人造物体 / 屏障 / 冷却,94,hold,[],屏障类冷却相关物体,分类名称模糊，无法确定是否存在稳定有用的场景或承载区域来源,screened
人造物体,人造物体 / 屏障 / 影片传送体制,28,reject,[],影片传送体制,该类别主要为抽象符号或纯文字，缺乏稳定、可用的场景或承载区域来源。,screened
人造物体,人造物体 / 屏障 / 控制,470,hold,[],屏障类控制装置,分类名称模糊，无法确定具体场景或稳定来源,screened
人造物体,人造物体 / 屏障 / 散热器,22,hold,[],屏障类散热器,分类名称模糊，无法确定是否存在稳定有用的场景或承载区域来源,screened
人造物体,人造物体 / 屏障 / 旋转机构,245,hold,[],旋转机构在人造物体中的应用,仅凭分类名称无法确定其是否包含稳定可用的场景或承载区域来源,screened
人造物体,人造物体 / 屏障 / 旋转轴,20,hold,[],旋转轴作为人造物体的结构部件,分类名称无法确定具体场景或稳定来源，缺乏明确的场景或承载环境支持,screened
人造物体,人造物体 / 屏障 / 机器人,23,hold,[],机器人作为屏障的场景,分类名称中‘机器人’作为‘屏障’缺乏明确的稳定场景来源，无法确定其在具体环境中的可编辑承载或使用结构。,screened
人造物体,人造物体 / 屏障 / 机械装置,1897,keep,"[""交通环境"", ""工作场所"", ""生产环境""]",包含道路、工厂、车间等场景中的机械屏障类物体,机械装置在交通和生产环境中常作为稳定屏障存在，具有明确的场景来源,screened
人造物体,人造物体 / 屏障 / 磁带驱动器,28,reject,[],磁带驱动器相关场景,磁带驱动器属于抽象符号和孤立小物特写，缺乏稳定、通用的场景或承载区域来源,screened
人造物体,人造物体 / 屏障 / 转向系统,28,reject,[],转向系统,转向系统通常为抽象符号或机械部件，缺乏稳定、通用的场景或承载区域来源。,screened
人造物体,人造物体 / 屏障 / 齿轮,48,hold,[],屏障和齿轮的类别范围,仅凭分类名称无法确定是否存在稳定有用的场景或承载区域来源,screened
人造物体,人造物体 / 工业机械设备 / 农业机械,43,keep,"[""农业作业场景"", ""农田环境"", ""工作场所""]",农业机械在农田或农业作业中的使用场景,农业机械常见于农田作业场景，具有稳定且广泛的场景来源，能提供可靠的承载和操作环境,screened
人造物体,人造物体 / 工业机械设备 / 凿子,34,reject,[],凿子作为工具，通常出现在特定工业或维修场景中，但缺乏稳定、普遍的场景来源,凿子属于孤立工具特写，缺乏稳定、普遍的场景或承载面来源，仅作为符号或工具存在，不符合有稳定场景的环境类要求,screened
人造物体,人造物体 / 工业机械设备 / 制冷设备,30,keep,"[""工业环境"", ""生产场所"", ""工作场所""]",制冷设备在工业或生产环境中常见的应用场景,制冷设备通常出现在工业生产或工作场所，具有稳定的场景和承载环境，能提供有效的可编辑区域。,screened
人造物体,人造物体 / 工业机械设备 / 动力设备,49,keep,"[""工业场所"", ""生产环境"", ""工作场所""]",工业机械设备中的动力设备，如发动机、电机、泵等在工厂或生产现场的使用场景,动力设备通常存在于工业生产环境中，提供稳定且可编辑的承载与运行场景,screened
人造物体,人造物体 / 工业机械设备 / 包装设备,35,hold,[],包装设备,仅凭分类名称无法确定是否存在稳定有用的场景或承载区域来源,screened
人造物体,人造物体 / 工业机械设备 / 印刷设备,31,keep,"[""工业车间"", ""生产场所"", ""工作环境""]",印刷设备在工业生产环境中的典型应用场景,印刷设备常见于工业车间和生产场所，具有稳定的场景来源和可编辑的承载环境,screened
人造物体,人造物体 / 工业机械设备 / 卷尺,51,reject,[],卷尺作为测量工具，通常出现在施工或测量场景中,卷尺属于抽象符号和孤立小物特写，缺乏稳定、广泛的场景或承载区域来源,screened
人造物体,人造物体 / 工业机械设备 / 发电机,50,keep,"[""工业场所"", ""生产环境"", ""工作场所""]",发电机在工业或生产环境中作为能源设备出现，常用于工厂、电站等场景,发电机通常部署在工业场所或生产环境中，具有稳定的承载和使用场景，能提供可靠的能源支持,screened
人造物体,人造物体 / 工业机械设备 / 扳手,51,reject,[],扳手作为工具，通常出现在维修或操作场景中，但缺乏稳定、普遍的场景承载环境,扳手属于孤立工具，缺乏稳定、普遍的场景或承载面来源，仅在特定维修场景中出现，不构成可编辑环境结构,screened
人造物体,人造物体 / 工业机械设备 / 机床,141,keep,"[""工业车间"", ""生产场所"", ""工作环境""]",机床常见于工业生产环境，如车间、工厂等稳定场景,机床通常出现在工业生产场所，具有稳定的承载面和使用环境，能提供有效的可编辑区域,screened
人造物体,人造物体 / 工业机械设备 / 水平仪,46,reject,[],水平仪作为抽象符号或纯文字出现,水平仪主要为抽象符号或纯文字，缺乏稳定、可用的场景或承载区域来源,screened
人造物体,人造物体 / 工业机械设备 / 水泵,42,hold,[],工业机械设备中的水泵,仅凭分类名称无法确定是否存在稳定有用的场景或承载区域来源,screened
人造物体,人造物体 / 工业机械设备 / 泵阀设备,38,keep,"[""工业场所"", ""生产环境"", ""机械设施""]",工业机械设备中与泵阀相关的设备在工厂、车间等生产环境中常见,泵阀设备通常存在于工业生产环境中，提供稳定且可编辑的承载和操作场景,screened
人造物体,人造物体 / 工业机械设备 / 混凝土搅拌机,35,keep,"[""工地现场"", ""建筑施工环境"", ""工业作业场所""]",混凝土搅拌机常见于建筑工地和施工环境中，提供稳定的工作场景和承载面,混凝土搅拌机通常出现在工地现场，具有稳定的工业场景和承载环境，符合可编辑环境结构要求,screened
人造物体,人造物体 / 工业机械设备 / 焊机,34,reject,[],焊机相关场景,焊机主要为抽象符号或孤立小物特写，缺乏稳定、通用的场景或承载区域来源,screened
人造物体,人造物体 / 工业机械设备 / 物流仓储设备,31,keep,"[""仓储环境"", ""工业厂房"", ""物流作业场景""]",物流仓储设备在工业仓储和物流作业中的典型应用场景,物流仓储设备常见于仓储环境和工业厂房中，具有稳定且可编辑的承载和操作场景,screened
人造物体,人造物体 / 工业机械设备 / 环保设备,30,keep,"[""工业环境"", ""生产场所"", ""环保设施""]",环保设备在工业生产或环保处理场景中的应用,环保设备通常存在于工业或生产环境中，提供稳定且可编辑的承载与操作场景,screened
人造物体,人造物体 / 工业机械设备 / 电钻,32,reject,[],电钻作为工业机械设备，通常出现在工厂或施工场景中,电钻属于孤立工具，缺乏稳定、普遍的场景或承载面来源，主要为符号或特写，不构成可编辑环境结构,screened
人造物体,人造物体 / 工业机械设备 / 电锯,31,reject,[],电锯作为工业机械设备，通常出现在工厂或施工场地等特定场景中,电锯主要为抽象符号或孤立小物特写，缺乏稳定、普遍的场景或承载面来源，无法提供可编辑的环境结构,screened
人造物体,人造物体 / 工业机械设备 / 矿山机械,30,keep,"[""矿山环境"", ""工业现场"", ""生产场所""]",矿山机械在实际工业场景中的应用和运行环境,矿山机械通常存在于稳定的矿山生产环境中，具有明确的场景和承载结构，能提供可靠的可编辑环境来源。,screened
人造物体,人造物体 / 工业机械设备 / 磨床,34,reject,[],磨床相关工业场景,磨床属于具体工业设备，通常仅作为孤立物体出现，缺乏稳定、普遍的场景或承载环境来源,screened
人造物体,人造物体 / 工业机械设备 / 空压机,32,keep,"[""工业场所"", ""生产环境"", ""工作场所""]",空压机常见于工业生产、制造车间等有机械运作的环境,空压机作为工业机械设备，通常存在于生产或工作场所，提供稳定且可编辑的承载与运行环境,screened
人造物体,人造物体 / 工业机械设备 / 纺织设备,44,hold,[],纺织设备,仅凭分类名称无法确定是否存在稳定有用的场景或承载区域来源,screened
人造物体,人造物体 / 工业机械设备 / 自动化设备,43,keep,"[""工业场所"", ""生产环境"", ""工作车间""]",自动化设备在工业生产或制造环境中的应用场景,自动化设备常见于工业场所，提供稳定且可编辑的生产环境场景,screened
人造物体,人造物体 / 工业机械设备 / 螺丝刀,30,reject,[],螺丝刀作为工具，通常出现在工具箱或工作台等场景中，但其本身不构成稳定场景或承载环境,螺丝刀属于孤立小物特写，缺乏稳定、非偶然的场景或承载区域来源,screened
人造物体,人造物体 / 工业机械设备 / 角磨机,33,reject,[],角磨机作为工业工具，通常出现在维修或施工场景中，但其本身不构成稳定场景或承载面,角磨机属于孤立工具，缺乏稳定、普遍的场景或承载环境来源，仅作为操作对象存在，不符合提供可编辑环境结构的要求,screened
人造物体,人造物体 / 工业机械设备 / 起重机,34,keep,"[""工业场所"", ""工作环境"", ""建筑工地""]",起重机械在工业或建筑工地等场景中作为稳定设备存在，提供承载和操作空间,起重机常见于工业场所和建筑工地，具有稳定的承载和操作场景，能提供有效的可编辑环境结构,screened
人造物体,人造物体 / 工业机械设备 / 车床,33,reject,[],车床相关工业设备,车床主要为抽象符号或孤立小物特写，缺乏稳定、可用的场景或承载区域来源,screened
人造物体,人造物体 / 工业机械设备 / 输送设备,31,keep,"[""工业场所"", ""生产环境"", ""工作车间""]",工业机械设备中的输送设备在生产或工作场所中作为稳定载体和运行环境存在,输送设备常见于工业生产环境，提供稳定运行和承载功能，具有明确的场景来源,screened
人造物体,人造物体 / 工业机械设备 / 钳子,31,reject,[],钳子相关场景,钳子多为抽象符号或孤立小物特写，缺乏稳定有用的场景或承载区域来源,screened
人造物体,人造物体 / 工业机械设备 / 铣床,32,keep,"[""工业车间"", ""生产场所"", ""工作环境""]",铣床常见于工业制造和加工车间，提供稳定的机械操作环境,铣床作为工业机械设备，通常出现在生产场所，具有稳定的场景和承载结构，可作为可编辑环境的支撑来源,screened
人造物体,人造物体 / 工业机械设备 / 锉刀,34,reject,[],锉刀相关场景,锉刀属于孤立小物特写，缺乏稳定有用的场景或承载区域来源,screened
人造物体,人造物体 / 工业机械设备 / 锤子,32,reject,[],锤子作为工业机械设备的单品，通常出现在特定操作场景中，但缺乏稳定、普遍的场景承载环境,锤子属于孤立工具，缺乏稳定、普遍的场景或承载面来源，仅作为符号或特写存在，不符合环境类场景的判断标准,screened
人造物体,人造物体 / 工业机械设备 / 锯子,30,reject,[],锯子作为工业机械设备的典型代表,锯子属于孤立小物特写，缺乏稳定、广泛的场景或承载面来源，主要为工具使用场景，不构成可编辑环境结构。,screened
人造物体,人造物体 / 工业机械设备 / 阀门,30,hold,[],工业机械设备中的阀门,仅凭分类名称无法确定是否存在稳定有用的场景或承载区域来源,screened
人造物体,人造物体 / 工业机械设备 / 食品加工设备,52,keep,"[""食品加工环境"", ""工业生产场所""]",食品加工设备在工业生产环境中的使用场景,食品加工设备通常出现在工业生产场所，具有稳定的场景和承载面，能提供有效的可编辑环境结构。,screened
人造物体,人造物体 / 工具柄,31,hold,[],工具柄类物体,仅凭'工具柄'无法确定其具体应用场景或稳定来源，缺乏明确的场景或承载环境支持,screened
人造物体,人造物体 / 工程建筑设备 / 压实设备,31,keep,"[""施工场地"", ""工程作业环境"", ""建筑工地""]",压实设备在工程建筑施工中的使用场景,压实设备常见于施工场地和工程作业环境，提供稳定的工作场景和承载面，具有明确的实用场景来源,screened
人造物体,人造物体 / 工程建筑设备 / 挖掘设备,30,keep,"[""施工场地"", ""工地环境"", ""工程作业场景""]",挖掘设备在施工和工程作业中的典型应用场景,挖掘设备常见于施工场地和工程作业场景，具有稳定且广泛的场景来源,screened
人造物体,人造物体 / 工程建筑设备 / 混凝土设备,31,keep,"[""建筑工地"", ""施工环境"", ""工程现场""]",混凝土设备在工程建筑中的实际应用场景，如施工场地、建筑工地等,混凝土设备常见于建筑工地和施工环境，具有稳定且可编辑的承载面和场景来源,screened
人造物体,人造物体 / 工程建筑设备 / 破碎筛分设备,32,keep,"[""工业环境"", ""生产场所"", ""破碎筛分场景""]",破碎筛分设备在工业生产中的应用场景，如矿山、建材工厂等,破碎筛分设备通常存在于工业生产环境中，提供稳定的承载和操作场景，具有明确的实用场景来源,screened
人造物体,人造物体 / 工程建筑设备 / 装载设备,30,keep,"[""工作场所"", ""交通环境"", ""生产现场""]",装载设备在工程建筑、交通或生产场景中的稳定使用环境,装载设备常见于工作场所、交通和生产现场，具有稳定的场景和承载功能,screened
人造物体,人造物体 / 工程建筑设备 / 起重设备,30,keep,"[""工作场所"", ""建筑工地""]",起重设备在工程建筑和施工环境中的使用场景,起重设备常见于建筑工地和工程作业现场，提供稳定的工作场景和承载环境,screened
人造物体,人造物体 / 工程建筑设备 / 道路施工设备,30,keep,"[""交通环境"", ""施工场景""]",道路施工设备在交通环境和施工场景中的稳定出现,道路施工设备常见于交通施工场景，具有稳定且可编辑的承载环境,screened
人造物体,人造物体 / 工程建筑设备 / 钻探设备,30,keep,"[""工程现场"", ""钻探作业环境"", ""野外作业场景""]",钻探设备在工程建筑和野外作业中的实际应用场景,钻探设备通常出现在工程建筑和野外作业现场，具有稳定的场景和承载环境，能够提供有效的可编辑区域。,screened
人造物体,人造物体 / 工程建筑设备 / 高空作业设备,31,keep,"[""高空作业场景"", ""工程作业环境"", ""建筑施工现场""]",高空作业设备在工程建筑中的实际应用场景,高空作业设备常见于建筑施工和工程作业现场，具有稳定且明确的使用场景和承载环境。,screened
人造物体,人造物体 / 废气排放,34,reject,[],废气排放,废气排放主要为抽象符号或纯文字，缺乏稳定有用的场景或承载区域来源,screened
人造物体,人造物体 / 康复器具 / 一包,25,reject,[],仅包含一包这类物品,一包属于抽象符号或孤立小物特写，缺乏稳定有用的场景或承载区域来源,screened
人造物体,人造物体 / 康复器具 / 假体,38,hold,[],康复器具/假体,仅凭分类名称无法确定是否存在稳定有用的场景或承载区域来源,screened
人造物体,人造物体 / 建材 / 制材,140,keep,"[""建筑施工"", ""室内装修"", ""建造环境""]",涉及建筑材料和制材的建筑及装修场景,制材作为建材的一部分，常见于建筑施工和室内装修场景，具有稳定且广泛的来源,screened
人造物体,人造物体 / 建材 / 壁板,34,keep,"[""室内墙面"", ""建筑结构""]",壁板作为室内墙面或建筑结构的一部分，常见于住宅、办公室等室内空间,壁板作为建筑建材，常用于室内墙面覆盖，提供稳定承载和装饰功能，具有明确的场景来源,screened
人造物体,人造物体 / 建材 / 实体设施,38,keep,"[""建筑设施"", ""室内环境"", ""公共空间""]",包含各类实体建筑材料构成的设施，如墙体、楼板、楼梯、通道等稳定结构,建材实体设施在建筑和空间中具有稳定存在的场景和承载功能，适用于多种环境结构,screened
人造物体,人造物体 / 建材 / 屋面材料,108,keep,"[""建筑屋顶"", ""室内结构"", ""自然覆盖环境""]",屋面材料在建筑屋顶、室内结构及自然覆盖环境中的应用,屋面材料常见于建筑屋顶和结构覆盖场景，具有稳定且广泛的场景来源,screened
人造物体,人造物体 / 建材 / 屋面瓦片,36,keep,"[""屋顶场景"", ""建筑外立面""]",屋面瓦片作为建筑屋顶的覆盖材料，常见于各类建筑的屋顶结构中,屋面瓦片是建筑屋顶的常见组成部分，具有稳定的场景来源，可提供可靠的承载和环境结构支持,screened
人造物体,人造物体 / 建材 / 建筑块,38,keep,"[""建筑环境"", ""室内空间"", ""构造场景""]",建筑块作为构建建筑或结构的单元，常见于室内、室外构造场景中,建筑块是建筑结构中的常见组成部分，可稳定存在于多种建筑和构造场景中，提供明确的承载与放置环境。,screened
人造物体,人造物体 / 建材 / 水泥,33,keep,"[""建筑结构"", ""道路基础"", ""地面铺装""]",水泥作为建筑材料广泛用于建筑结构、道路基础和地面铺装等场景,水泥作为常见建材，具有稳定且广泛的场景来源，如建筑墙体、地面、道路等，能提供可靠的承载和环境结构支持,screened
人造物体,人造物体 / 建材 / 混凝土,34,keep,"[""建筑结构"", ""道路基础"", ""地形承载""]",混凝土作为建筑和基础设施的常见材料，广泛用于墙体、路面、桥梁等结构中,混凝土是建筑和基础设施中稳定存在的材料，常作为结构支撑和承载面，具有明确且广泛的场景来源,screened
人造物体,人造物体 / 建材 / 石头,211,keep,"[""自然环境"", ""建筑结构""]",石头作为建筑材料或自然地貌中的组成部分，常见于建筑、地形和自然环境,石头在建筑和自然环境中具有稳定且广泛的来源，可作为承载面或结构材料,screened
人造物体,人造物体 / 建材 / 砂浆,33,keep,"[""建筑施工"", ""室内装修""]",建筑施工和室内装修场景中使用的砂浆材料,砂浆作为建材在建筑施工和装修中具有稳定且普遍的使用场景，能提供可靠的承载和附着环境,screened
人造物体,人造物体 / 建材 / 绝缘材料,36,keep,"[""建筑结构"", ""室内环境"", ""施工场景""]",建材中的绝缘材料在建筑和室内环境中作为结构或覆盖材料使用,绝缘材料常用于建筑墙体、屋顶等结构中，提供稳定且实用的承载与环境适应功能,screened
人造物体,人造物体 / 建材 / 覆盖材料,36,keep,"[""室内覆盖"", ""建筑表面"", ""地面材料""]",各类建筑中用于覆盖地面或墙面的建材，如地板、地砖、墙纸等,覆盖材料在多种建筑场景中具有稳定且普遍的来源，可提供明确的承载和环境结构支持,screened
人造物体,人造物体 / 开口 / 三柱门,37,keep,"[""建筑入口"", ""室内空间"", ""公共设施""]",三柱门作为建筑或空间的开口结构，常见于室内或室外入口处，提供通行和分隔功能,三柱门作为建筑结构的一部分，常见于建筑入口、室内空间或公共设施中，具有稳定的场景来源和承载功能,screened
人造物体,人造物体 / 开口 / 公交车窗,34,keep,"[""公共交通环境"", ""车辆外部场景""]",公交车窗作为公共交通工具的开口结构，存在于公交车辆的外部场景中，提供稳定可见的承载面和可编辑环境结构,公交车窗是公共交通环境中的稳定结构，具有明确的场景来源和可编辑空间，符合室内/室外环境类场景的覆盖要求,screened
人造物体,人造物体 / 开口 / 出口,38,keep,"[""交通环境"", ""建筑设施"", ""室内空间""]",出口类结构在建筑、交通和室内空间中的稳定存在,出口类结构在建筑、交通和室内空间中具有稳定且常见的场景来源，能提供明确的承载和可编辑环境。,screened
人造物体,人造物体 / 开口 / 办公室的窗户,35,keep,"[""办公场所"", ""室内环境"", ""建筑结构""]",办公室中的窗户作为室内开口，提供采光和视野，具有稳定场景来源,办公室窗户是办公场所中常见的开口结构，具有稳定的室内场景和承载功能，可作为可编辑环境的支撑来源,screened
人造物体,人造物体 / 开口 / 厨房窗户,38,keep,"[""厨房环境"", ""室内空间"", ""家庭场景""]",厨房中具有开口结构的窗户类人造物体,厨房窗户作为室内空间中的开口结构，提供稳定的场景和承载面，具有明确的使用场景和环境来源,screened
人造物体,人造物体 / 开口 / 喷口,37,hold,[],开口类结构,仅凭'喷口'无法确定其是否具有稳定场景或承载区域来源,screened
人造物体,人造物体 / 开口 / 孔,33,keep,"[""建筑结构"", ""设备设施"", ""工业环境""]",包含各类开口或孔洞的人造结构，如门窗、管道、通风口、机械孔等,开口和孔在建筑、设备及工业环境中普遍存在，提供稳定且可编辑的承载与结构来源,screened
人造物体,人造物体 / 开口 / 孔洞,214,keep,"[""建筑结构"", ""室内设施"", ""工业环境""]",包含各类人造开口或孔洞，如门窗、管道口、通风孔、设备孔等,孔洞在建筑和工业环境中普遍存在，提供稳定且可编辑的承载或结构来源,screened
人造物体,人造物体 / 开口 / 枪口,31,reject,[],枪口,枪口属于抽象符号和孤立小物特写，缺乏稳定有用的场景或承载区域来源。,screened
人造物体,人造物体 / 开口 / 汽车车窗,33,keep,"[""交通环境"", ""汽车内部""]",汽车车窗作为车辆的一部分，常见于交通环境和汽车内部场景，提供稳定的承载与可视区域,汽车车窗是汽车中稳定存在的开口结构，常见于交通环境和车辆内部，具有明确的场景来源和可编辑空间,screened
人造物体,人造物体 / 开口 / 浴室窗户,33,keep,"[""浴室环境"", ""室内空间""]",浴室中的开口结构，如窗户，提供可视和通风功能,浴室窗户是浴室环境中稳定存在的开口结构，具有明确的场景和功能来源,screened
人造物体,人造物体 / 开口 / 狭缝,32,hold,[],开口/狭缝类结构,仅凭名称无法确定是否存在稳定有用的场景或承载区域来源,screened
人造物体,人造物体 / 开口 / 颈部,33,hold,[],开口和颈部类人造物体,仅凭分类名称无法确定其具体场景或是否存在稳定有用的来源,screened
人造物体,人造物体 / 开口 / 飞机窗口,34,reject,[],飞机窗口,飞机窗口属于抽象符号和孤立小物特写，缺乏稳定有用的场景或承载区域来源。,screened
人造物体,人造物体 / 开槽机,36,reject,[],开槽机相关场景,开槽机属于特定工业设备，通常仅出现在工厂或生产环境中，缺乏稳定、普遍的场景来源，且多为孤立物体特写，无明确承载或可编辑环境结构。,screened
人造物体,人造物体 / 引诱物 / 带钩的鱼饵,112,reject,[],带钩的鱼饵,仅提供抽象符号或孤立小物特写，缺乏稳定有用的场景或承载区域来源,screened
人造物体,人造物体 / 弯曲工具,49,hold,[],弯曲工具,仅凭分类名称无法确定是否存在稳定有用的场景或承载区域来源,screened
人造物体,人造物体 / 弹性装置 / 发条,46,hold,[],弹性装置,仅凭'发条'无法确定其稳定场景或承载环境来源，缺乏明确的场景关联,screened
人造物体,人造物体 / 弹性装置 / 弹性材料,29,keep,"[""室内环境"", ""运动场景"", ""弹性材料应用""]",包含各类弹性材料在室内、运动或功能场景中的应用，如弹簧、橡胶垫、减震装置等,弹性材料在多种场景中提供稳定支撑和缓冲功能，具有稳定的来源和实用价值,screened
人造物体,人造物体 / 录音机 / 卡带录音机,22,keep,"[""室内场景"", ""家庭环境"", ""电子设备使用场景""]",卡带录音机常见于家庭或室内环境，用于音频播放，提供稳定使用场景,卡带录音机通常出现在家庭或室内环境中，具有稳定的使用场景和承载面，可作为可编辑环境的一部分,screened
人造物体,人造物体 / 录音机 / 磁性录音机,38,keep,"[""室内环境"", ""工作场所""]",磁性录音机通常出现在室内或工作场所等有稳定承载面的环境中，可作为设备放置的场景来源,磁性录音机作为具体设备，常出现在室内或工作场所，具有稳定的场景来源和承载面，符合可编辑环境结构的特征,screened
人造物体,人造物体 / 录音机 / 示波记录仪,23,reject,[],录音机和示波记录仪相关场景,示波记录仪属于专业仪器，通常出现在实验室或工程环境中，但其使用场景稳定且不普遍，缺乏广泛适用的承载面或可编辑环境结构，属于抽象符号类设备，不构成稳定场景来源。,screened
人造物体,人造物体 / 录音机 / 黑匣子,13,reject,[],录音机和黑匣子相关抽象符号或孤立小物特写,该分类主要包含抽象符号、纯文字或孤立小物特写，缺乏稳定、可用的场景或承载区域来源。,screened
人造物体,人造物体 / 徒步装备,51,keep,"[""自然环境"", ""徒步场景""]",徒步装备在自然环境中的使用场景,徒步装备通常出现在自然环境中，如山地、森林、野外等，具有稳定的场景来源和可编辑的承载面。,screened
人造物体,人造物体 / 成形工具 / 模具,27,hold,[],成形工具/模具类,仅凭分类名称无法确定其具体应用场景或是否存在稳定有用的场景来源,screened
人造物体,人造物体 / 戳记,28,reject,[],戳记相关符号或文字标记,戳记多为抽象符号或纯文字标志，缺乏稳定、可用的场景或承载区域来源,screened
人造物体,人造物体 / 户外露营装备 / 垂钓装备,81,keep,"[""户外场景"", ""垂钓环境"", ""自然水域""]",包含在户外露营场景中用于垂钓的装备，如鱼竿、鱼饵、钓箱等,垂钓装备通常出现在自然水域或户外露营环境中，具有稳定且可重复的场景来源,screened
人造物体,人造物体 / 户外露营装备 / 帐篷天幕,20,keep,"[""户外露营环境"", ""自然环境"", ""临时搭建空间""]",户外露营场景中用于遮蔽风雨的帐篷天幕及其相关使用环境,帐篷天幕常见于户外露营场景，提供稳定遮蔽功能，具有明确的场景来源和可编辑环境结构,screened
人造物体,人造物体 / 户外露营装备 / 户外水具,17,keep,"[""户外露营场景"", ""自然环境"", ""野外水源区域""]",户外露营中与水相关的装备，如水壶、水袋、净水器等在自然环境中的使用场景,户外水具通常出现在露营或野外活动场景中，具有稳定的使用环境和承载面，能提供可靠的场景来源,screened
人造物体,人造物体 / 户外露营装备 / 户外照明,20,keep,"[""户外环境"", ""露营场景"", ""夜间照明""]",户外露营场景中的照明设备，如头灯、营地灯等,户外露营装备中的照明设备通常出现在露营或野外环境中，提供稳定可靠的照明支持，具有明确的场景和承载面。,screened
人造物体,人造物体 / 户外露营装备 / 攀岩装备,20,keep,"[""户外露营环境"", ""攀岩场景"", ""自然地形环境""]",包含攀岩活动相关的户外场景和自然环境中的装备使用场景,攀岩装备通常出现在户外自然地形中，具有稳定的场景来源和可编辑的承载环境,screened
人造物体,人造物体 / 户外露营装备 / 救生装备,19,keep,"[""户外露营环境"", ""自然环境"", ""紧急救援场景""]",户外露营中用于安全防护的救生装备，如救生绳、救生圈等，常见于野外、水域或紧急情况下的使用场景,救生装备在户外露营和自然环境中具有稳定且明确的使用场景，能提供可靠的承载与安全功能,screened
人造物体,人造物体 / 户外露营装备 / 炉具炊具,19,keep,"[""户外露营场景"", ""野外烹饪环境""]",户外露营中用于加热或烹饪的设备，如炉具、炊具等,炉具炊具常见于户外露营场景，提供稳定且可编辑的烹饪承载区域,screened
人造物体,人造物体 / 户外露营装备 / 登山装备,20,keep,"[""户外环境"", ""登山场景"", ""自然地形""]",登山装备在户外自然环境中使用的场景,登山装备通常出现在户外登山场景中，具有稳定的自然环境来源和可编辑的承载面。,screened
人造物体,人造物体 / 户外露营装备 / 睡眠装备,20,keep,"[""户外露营环境"", ""自然环境"", ""睡眠场景""]",户外露营中用于睡眠的装备，如帐篷、睡袋、睡垫等,睡眠装备通常出现在户外露营场景中，具有稳定的自然环境和承载面来源，能提供明确的使用场景和可编辑环境结构。,screened
人造物体,人造物体 / 户外露营装备 / 野餐装备,20,keep,"[""户外场景"", ""露营环境"", ""自然环境""]",包含在户外露营场景中用于野餐的各类装备，如野餐垫、餐具、折叠桌等,野餐装备常见于户外自然环境中，提供稳定承载和使用场景，具有明确的实用性和可编辑性,screened
人造物体,人造物体 / 户外露营装备 / 露营桌椅,19,keep,"[""户外露营场景"", ""自然环境"", ""临时搭建空间""]",露营桌椅在户外露营场景中作为支撑和放置区域的稳定存在,露营桌椅在户外露营场景中提供稳定支撑和放置功能，属于典型且常见的户外使用环境,screened
人造物体,人造物体 / 手写笔,20,reject,[],手写笔相关,手写笔属于抽象符号或孤立小物特写，缺乏稳定有用的场景或承载区域来源,screened
人造物体,人造物体 / 手工工具 / 刮刀,24,keep,"[""工作场所"", ""维修环境""]",刮刀常见于维修、手工操作等场景，常作为工具在工作台或地面使用,刮刀常出现在维修或手工操作场景中，具有稳定的使用环境和承载面，可作为工作场所中的工具类来源,screened
人造物体,人造物体 / 手工工具 / 刮铲,28,keep,"[""工作场所"", ""维修环境""]",刮铲常用于维修、清洁等场景，常见于工作场所或工具间,刮铲常出现在维修或清洁场景中，具有稳定的使用环境和承载面，可作为工作场所的典型工具来源,screened
人造物体,人造物体 / 手工工具 / 剥线钳,18,reject,[],仅包含剥线钳这一具体工具,剥线钳属于孤立小物特写，缺乏稳定、广泛的场景或承载区域来源,screened
人造物体,人造物体 / 手工工具 / 割管器,19,reject,[],割管器相关场景,割管器属于孤立小物特写，缺乏稳定、广泛的场景或承载区域来源,screened
人造物体,人造物体 / 手工工具 / 割草打边机,15,keep,"[""庭院公园"", ""户外环境"", ""草坪维护""]",割草打边机常见于庭院、草坪等户外维护场景，提供稳定使用环境和承载面,割草打边机通常用于庭院或草坪维护，具有明确的户外使用场景和稳定承载环境,screened
人造物体,人造物体 / 手工工具 / 喷砂机,18,reject,[],喷砂机相关场景,喷砂机属于抽象符号和孤立小物特写，缺乏稳定、通用的场景或承载区域来源,screened
人造物体,人造物体 / 手工工具 / 大针眼缝针,20,reject,[],手工工具类缝针,大针眼缝针多为抽象符号或孤立小物特写，缺乏稳定、可用的场景或承载区域来源,screened
人造物体,人造物体 / 手工工具 / 尖钻,15,reject,[],仅包含尖钻这一具体工具,尖钻属于抽象符号或孤立小物特写，缺乏稳定、可用的场景或承载区域来源,screened
人造物体,人造物体 / 手工工具 / 干草叉,21,keep,"[""农业场景"", ""农田环境"", ""手工作业场景""]",干草叉常见于农业和手工作业环境中，用于干草处理，具有明确的使用场景和承载面,干草叉在农业场景中具有稳定且明确的使用来源，属于典型的手工工具，能提供可靠的场景和承载环境,screened
人造物体,人造物体 / 手工工具 / 开启器,39,hold,[],手工工具类开启器,仅凭分类名称无法确定其具体应用场景或是否存在稳定有用的场景来源,screened
人造物体,人造物体 / 手工工具 / 手用钳子,34,hold,[],手工工具类,仅凭'手用钳子'无法确定其是否具有稳定场景或承载区域来源,screened
人造物体,人造物体 / 手工工具 / 托盘,27,keep,"[""桌面"", ""工作场所"", ""厨房环境""]",托盘常用于放置物品的支撑面，常见于厨房、工作台等场景,托盘作为承载和放置物品的工具，具有稳定的使用场景和承载面，适用于多种室内环境。,screened
人造物体,人造物体 / 手工工具 / 扳手,120,keep,"[""工作场所"", ""维修环境""]",扳手常见于维修、建筑或工业作业场景中，作为工具在可编辑的物理环境中使用,扳手作为手工工具，常出现在维修或工作场景中，具有稳定的使用环境和承载面，能提供有效的可编辑区域。,screened
人造物体,人造物体 / 手工工具 / 抹子,23,hold,[],手工工具类物品,仅凭'抹子'无法确定其具体使用场景或稳定来源，缺乏明确的场景或承载环境支持,screened
人造物体,人造物体 / 手工工具 / 抹灰工托板,22,keep,"[""施工现场"", ""建筑工地""]",抹灰工托板主要出现在建筑施工和装修现场，作为工人操作时的支撑和承载工具,抹灰工托板在建筑施工场景中具有稳定且常见的使用来源，属于典型的施工环境中的实用工具,screened
人造物体,人造物体 / 手工工具 / 挖洞器,23,keep,"[""挖掘场景"", ""户外作业环境""]",挖掘类手工工具在户外或作业场景中的使用环境,挖洞器通常出现在户外挖掘或施工场景中，具有稳定的使用环境和承载面，能提供有效的场景来源。,screened
人造物体,人造物体 / 手工工具 / 排水沟,23,reject,[],排水沟,排水沟属于抽象符号或孤立小物特写，缺乏稳定有用的场景或承载区域来源。,screened
人造物体,人造物体 / 手工工具 / 撒布器,23,hold,[],手工工具类撒布器,仅凭分类名称无法确定其具体应用场景或是否存在稳定有用的场景来源,screened
人造物体,人造物体 / 手工工具 / 文件,21,keep,"[""办公桌面"", ""室内工作环境""]",文件类手工工具在办公或学习场景中的使用环境,文件类手工工具常见于办公桌面或室内工作环境，具有稳定且普遍的场景来源,screened
人造物体,人造物体 / 手工工具 / 斜切盒,23,hold,[],手工工具类物品,仅凭'斜切盒'无法确定其是否具有稳定场景或承载区域来源,screened
人造物体,人造物体 / 手工工具 / 斜角规,23,reject,[],手工工具类,斜角规为抽象符号或孤立小物特写，缺乏稳定有用的场景或承载区域来源,screened
人造物体,人造物体 / 手工工具 / 杵,21,hold,[],手工工具类,仅凭'杵'无法确定其具体使用场景或稳定来源，缺乏明确的场景或承载环境支持,screened
人造物体,人造物体 / 手工工具 / 榔头,60,keep,"[""工作场所"", ""建筑工地"", ""室内环境""]",榔头常出现在工作场所、建筑工地等具有实际使用场景的环境中，提供稳定承载和操作空间,榔头作为手工工具，常用于建筑或维修场景，具有稳定且可编辑的使用环境来源,screened
人造物体,人造物体 / 手工工具 / 正方形,23,hold,[],正方形手工工具,仅凭名称无法确定是否存在稳定有用的场景或承载区域来源,screened
人造物体,人造物体 / 手工工具 / 水管工助手,17,hold,[],手工工具类在实际施工或维修场景中的应用,分类名称无法明确指向稳定可用的场景或承载环境，缺乏具体场景来源,screened
人造物体,人造物体 / 手工工具 / 电烙铁,23,reject,[],电烙铁作为工具，通常出现在工作台或电子维修场景中，但其本身不构成稳定场景或承载面,电烙铁属于孤立工具，缺乏稳定、普遍的场景或承载环境来源，仅作为操作对象存在，不符合提供可编辑环境结构的要求,screened
人造物体,人造物体 / 手工工具 / 直尺,23,reject,[],直尺作为抽象符号或孤立小物特写,直尺通常为纯文字或孤立小物特写，缺乏稳定有用的场景或承载区域来源,screened
人造物体,人造物体 / 手工工具 / 穿索针,24,reject,[],仅包含穿索针这一具体物品,穿索针属于孤立小物特写，缺乏稳定、可用的场景或承载区域来源,screened
人造物体,人造物体 / 手工工具 / 管道疏通器,23,hold,[],手工工具类物品,无法确定管道疏通器是否具有稳定可用的场景或承载环境来源,screened
人造物体,人造物体 / 手工工具 / 船用钩篙,20,keep,"[""船舶环境"", ""海上作业""]",船用钩篙在船舶或海上作业场景中的使用环境,船用钩篙常见于船舶环境和海上作业场景，提供稳定且明确的承载与操作场景,screened
人造物体,人造物体 / 手工工具 / 螺丝刀,25,hold,[],手工工具类物品,仅凭分类名称无法确定是否存在稳定有用的场景或承载区域来源,screened
人造物体,人造物体 / 手工工具 / 轮胎工具,18,reject,[],轮胎工具,轮胎工具多为抽象符号或孤立小物特写，缺乏稳定有用的场景或承载区域来源。,screened
人造物体,人造物体 / 手工工具 / 铲,42,hold,[],手工工具类,仅凭'铲'无法确定其具体使用场景或稳定来源，缺乏明确的场景或承载环境支持,screened
人造物体,人造物体 / 手工工具 / 锥子,38,hold,[],手工工具类锥子,仅凭名称无法确定是否存在稳定有用的场景或承载区域来源,screened
人造物体,人造物体 / 手工工具 / 锯,63,hold,[],手工工具类,仅凭'锯'无法确定其具体使用场景或稳定来源，缺乏明确的场景或承载环境支持,screened
人造物体,人造物体 / 手工工具 / 雕刻刀,23,hold,[],手工工具类雕刻刀,仅凭分类名称无法确定是否存在稳定有用的场景或承载区域来源,screened
人造物体,人造物体 / 手工模型,38,hold,[],手工模型,仅凭分类名称无法确定其具体场景或是否存在稳定有用的来源,screened
人造物体,人造物体 / 手柄 / 圆形把手,24,hold,[],圆形把手作为手柄的形态,仅凭名称无法确定其在具体场景中的稳定来源或承载环境,screened
人造物体,人造物体 / 手柄 / 扫帚柄,28,keep,"[""室内环境"", ""清洁工具场景"", ""手持物体""]",扫帚柄常见于室内清洁场景，作为扫帚的支撑部分，常出现在家庭、办公室等空间中,扫帚柄作为清洁工具的组成部分，常出现在室内清洁场景中，具有稳定的使用环境和承载结构,screened
人造物体,人造物体 / 手柄 / 斧头柄,27,hold,[],斧头柄作为工具部件，可能出现在工具使用场景中,仅凭‘斧头柄’无法确定其是否具有稳定、普遍的场景来源，缺乏明确的承载或使用环境支撑,screened
人造物体,人造物体 / 手柄 / 锅柄状突出部,24,hold,[],锅柄状突出部,仅凭名称无法确定其是否具有稳定可用的场景或承载区域来源,screened
人造物体,人造物体 / 手柄 / 门把手,27,keep,"[""室内门厅"", ""建筑设施"", ""日常使用环境""]",门把手常见于建筑入口、室内门厅等场景，提供稳定承载和操作交互的结构,门把手作为常见设施，广泛存在于室内门厅和建筑设施中，具有稳定且可编辑的使用场景,screened
人造物体,人造物体 / 打字机,27,reject,[],打字机相关场景,打字机主要为抽象符号或孤立小物特写，缺乏稳定、广泛的场景或承载区域来源,screened
人造物体,人造物体 / 投影设备,33,keep,"[""室内展示"", ""会议环境"", ""教育场景""]",投影设备常用于室内空间中的展示、教学或会议场景，提供稳定的投影承载与视觉输出环境,投影设备通常部署在室内会议、教室或展示空间中，具有稳定的使用场景和承载环境，可作为可编辑的视觉区域。,screened
人造物体,人造物体 / 护发素,29,reject,[],护发素,护发素属于纯文字或品牌标志类物品，缺乏稳定、可用的场景或承载区域来源。,screened
人造物体,人造物体 / 护目镜 / 墨镜,28,reject,[],护目镜和墨镜作为个人防护或装饰性物品，通常以孤立状态出现，缺乏稳定、可编辑的场景或承载环境,护目镜和墨镜多为个体佩戴物品，缺乏稳定、可编辑的场景或承载区域，无法提供有效的环境结构或使用场景,screened
人造物体,人造物体 / 护目镜片,28,reject,[],护目镜片,护目镜片属于抽象符号和孤立小物特写，缺乏稳定有用的场景或承载区域来源。,screened
人造物体,人造物体 / 报警系统 / 喇叭,20,reject,[],报警系统中的喇叭,喇叭通常为孤立小物特写或品牌标志，缺乏稳定、可用的场景或承载区域来源,screened
人造物体,人造物体 / 报警系统 / 火灾报警,28,keep,"[""室内环境"", ""建筑设施"", ""消防场景""]",火灾报警系统在建筑内部的安装和运行场景,火灾报警系统通常部署在室内建筑环境中，具有稳定的场景来源和明确的承载面，适用于多种实际场景,screened
人造物体,人造物体 / 报警系统 / 自动报警器,27,keep,"[""室内环境"", ""工作场所""]",报警系统中的自动报警器通常部署在室内或工作场所，提供稳定场景和承载面支持,自动报警器常见于室内或工作场所，具有稳定的场景来源和可编辑的环境结构,screened
人造物体,人造物体 / 报警系统 / 角,44,hold,[],报警系统中的角类结构,仅凭'角'无法确定其在报警系统中的具体场景或稳定来源,screened
人造物体,人造物体 / 报警系统 / 警报器,26,reject,[],报警系统,警报器通常为抽象符号或孤立小物特写，缺乏稳定有用的场景或承载区域来源。,screened
人造物体,人造物体 / 披萨刀,25,reject,[],披萨刀,披萨刀属于孤立小物特写，缺乏稳定有用的场景或承载区域来源,screened
人造物体,人造物体 / 披萨锅,22,hold,[],披萨锅,仅凭分类名称无法确定其是否包含稳定有用的场景或承载区域来源,screened
人造物体,人造物体 / 拖把,27,reject,[],拖把作为清洁工具，通常出现在家庭或工作场所的地面或清洁区域,拖把主要为清洁工具，缺乏稳定、普遍的场景或承载面来源，多为孤立物品特写，不构成可编辑的环境结构,screened
人造物体,人造物体 / 拨子 / 吉他拨片,29,reject,[],仅限于吉他拨片的符号或文字特写,吉他拨片属于孤立小物特写，缺乏稳定、可编辑的场景或承载区域来源,screened
人造物体,人造物体 / 指示器 / 刻度盘,24,hold,[],指示器类刻度盘,仅凭分类名称无法确定其是否包含稳定有用的场景或承载区域来源,screened
人造物体,人造物体 / 指示器 / 引火火焰,28,reject,[],指示器/引火火焰,引火火焰属于抽象符号和纯文字，缺乏稳定有用的场景或承载区域来源。,screened
人造物体,人造物体 / 指示器 / 指时针,21,reject,[],指示器类物品,指时针通常为抽象符号或纯文字，缺乏稳定、可用的场景或承载区域来源,screened
人造物体,人造物体 / 指示器 / 指针,103,reject,[],指示器和指针类,指针多为抽象符号或孤立小物特写，缺乏稳定有用的场景或承载区域来源,screened
人造物体,人造物体 / 指示器 / 燃料指示器,23,reject,[],燃料指示器,燃料指示器通常为抽象符号或孤立小物特写，缺乏稳定有用的场景或承载区域来源。,screened
人造物体,人造物体 / 指示器 / 秤,28,keep,"[""称重场景"", ""工作场所"", ""商业环境""]",包含用于称重的秤类设备及其常见使用环境,秤作为稳定称重工具，常见于称重场景和工作场所，具有明确的承载和使用场景,screened
人造物体,人造物体 / 指示器 / 风向标,28,reject,[],风向标作为抽象符号或孤立小物特写，无稳定场景或承载区域来源,风向标通常为孤立符号或纯文字，缺乏稳定、可编辑的场景或承载环境,screened
人造物体,人造物体 / 按键 / 钥匙,28,reject,[],按键和钥匙的抽象符号或孤立特写,该分类主要为抽象符号、纯文字或孤立小物特写，缺乏稳定、可用的场景或承载区域来源,screened
人造物体,人造物体 / 挖掘坑洞 / 井,27,keep,"[""挖掘场景"", ""工地环境"", ""地下空间""]",挖掘坑洞和井类的人造结构，包括施工、农业、水利等场景中的实际坑洞和井体,挖掘坑洞和井类结构通常存在于工地、农田或地下设施中，具有稳定且可编辑的场景来源，能提供明确的承载和操作环境。,screened
人造物体,人造物体 / 挖掘坑洞 / 井筒,23,hold,[],挖掘坑洞 / 井筒,仅凭分类名称无法确定是否存在稳定有用的场景或承载区域来源,screened
人造物体,人造物体 / 挖掘坑洞 / 住所,22,hold,[],挖掘坑洞与住所相关的结构或空间,分类名称模糊，无法确定是否存在稳定有用的场景或承载区域来源,screened
人造物体,人造物体 / 挖掘坑洞 / 地窖,24,keep,"[""地下空间"", ""建筑结构"", ""工作场所""]",挖掘坑洞和地窖类的人造地下空间结构,地窖和挖掘坑洞属于稳定的地下人造结构，常见于建筑和工作场所，具有明确的承载和使用场景。,screened
人造物体,人造物体 / 挖掘坑洞 / 坑,25,hold,[],挖掘坑洞,仅凭分类名称无法确定是否存在稳定有用的场景或承载区域来源,screened
人造物体,人造物体 / 挖掘坑洞 / 开矿,27,hold,[],挖掘坑洞 / 开矿,仅凭分类名称无法确定是否存在稳定有用的场景或承载区域来源,screened
人造物体,人造物体 / 挖掘坑洞 / 挖掘成的洞,22,hold,[],挖掘成的洞,仅凭分类名称无法确定是否存在稳定有用的场景或承载区域来源,screened
人造物体,人造物体 / 挖掘坑洞 / 排水沟,80,keep,"[""交通环境"", ""生产工作场所""]",排水沟在交通或生产环境中作为排水设施存在,排水沟常见于交通道路或生产工作场所，具有稳定且可编辑的承载和环境结构,screened
人造物体,人造物体 / 挖掘坑洞 / 池,80,keep,"[""挖掘坑洞"", ""自然环境"", ""施工场景""]",挖掘坑洞类人造结构，如土坑、水池等，常见于施工、农业、园林或自然地形中,挖掘坑洞类结构通常存在于施工、农业或园林场景中，提供稳定承载和可编辑环境，具有明确的场景来源,screened
人造物体,人造物体 / 挖掘坑洞 / 钻孔,26,reject,[],钻孔和挖掘坑洞相关的人造结构,该分类主要涉及抽象符号或孤立小物特写，缺乏稳定、可用的场景或承载区域来源,screened
人造物体,人造物体 / 捣具,28,hold,[],捣具类别,仅凭分类名称无法确定其具体应用场景或是否存在稳定有用的场景来源,screened
人造物体,人造物体 / 捣固器,28,reject,[],捣固器相关场景,捣固器属于特定工业设备，缺乏稳定、普遍的场景或承载环境来源，主要为孤立物体特写，无广泛适用的场景或可编辑环境结构。,screened
人造物体,人造物体 / 接合器,28,hold,[],接合器类别,仅凭分类名称无法确定其具体应用场景或是否存在稳定有用的场景来源,screened
人造物体,人造物体 / 搓衣板,25,hold,[],搓衣板作为具体生活用品，可能出现在家庭洗衣场景中,仅凭'搓衣板'无法确定其稳定出现的场景或承载环境，缺乏明确的场景来源,screened
人造物体,人造物体 / 摄影设备,2,hold,[],摄影设备,仅凭分类名称无法确定是否存在稳定有用的场景或承载区域来源,screened
人造物体,人造物体 / 摄影设备 / 光度计,31,reject,[],摄影设备中的光度计,光度计通常为抽象符号或孤立小物特写，缺乏稳定、可用的场景或承载区域来源,screened
人造物体,人造物体 / 摄影设备 / 场记板,18,reject,[],摄影设备中的场记板,场记板为纯文字或符号标识，缺乏稳定、可编辑的场景或承载环境来源,screened
人造物体,人造物体 / 摄影设备 / 摄像机,33,hold,[],摄影设备/摄像机,仅凭分类名称无法确定是否存在稳定有用的场景或承载区域来源,screened
人造物体,人造物体 / 摄影设备 / 摄影闪光灯,26,reject,[],摄影闪光灯,摄影闪光灯通常为孤立小物特写或抽象符号，缺乏稳定、通用的场景或承载区域来源。,screened
人造物体,人造物体 / 摄影设备 / 放大机,24,reject,[],摄影设备类,放大机通常为抽象符号或孤立小物特写，缺乏稳定有用的场景或承载区域来源,screened
人造物体,人造物体 / 摄影设备 / 照相机,220,reject,[],摄影设备,照相机主要为抽象符号或孤立小物特写，缺乏稳定、可用的场景或承载区域来源。,screened
人造物体,人造物体 / 摄影设备 / 相纸,76,reject,[],相纸相关场景,相纸属于抽象符号和纯文字，缺乏稳定、可用的场景或承载区域来源,screened
人造物体,人造物体 / 摄影设备 / 胶片相机,27,reject,[],胶片相机,胶片相机多为抽象符号或孤立小物特写，缺乏稳定、通用的场景或承载区域来源。,screened
人造物体,人造物体 / 攀冰,26,hold,[],攀冰相关的人造物体,无法确定攀冰场景中是否存在稳定有用的来源或承载环境,screened
人造物体,人造物体 / 支撑物 / 一级台阶,25,keep,"[""室内楼梯"", ""建筑入口"", ""交通通道""]",一级台阶作为支撑物出现在建筑或空间过渡区域，提供稳定承载和结构支撑,一级台阶常见于建筑入口、室内过渡或交通通道，具有稳定且可编辑的承载结构，属于典型支撑场景,screened
人造物体,人造物体 / 支撑物 / 主轴承,28,reject,[],主轴承通常为机械部件，缺乏稳定、通用的场景或承载面来源,主轴承属于机械部件，多用于设备内部，缺乏稳定、可编辑的场景或承载面来源，不符合支撑物类别的实用场景要求,screened
人造物体,人造物体 / 支撑物 / 书夹,28,hold,[],书夹作为支撑物的使用场景,仅凭'书夹'名称无法确定其是否具有稳定、可编辑的场景或承载区域来源,screened
人造物体,人造物体 / 支撑物 / 休息,82,keep,"[""室内休息区"", ""公共空间休息区"", ""工作场所休息区""]",包含各种提供休息功能的支撑物，如座椅、靠垫、长椅等，常见于室内、公共场所和工作场所,休息类支撑物在多种场景中稳定存在，能提供明确的承载和使用场景,screened
人造物体,人造物体 / 支撑物 / 半径,28,hold,[],支撑物类中的半径结构,仅凭'半径'无法确定其具体形态或稳定场景来源，缺乏明确的场景或承载结构支持,screened
人造物体,人造物体 / 支撑物 / 后板,28,keep,"[""室内空间"", ""家具设施""]",后板作为支撑物出现在室内家具或设备中，提供稳定承载面,后板作为支撑结构在室内家具或设备中常见，具有稳定承载功能，属于典型支撑物场景,screened
人造物体,人造物体 / 支撑物 / 垒位,20,keep,"[""支撑结构"", ""放置场景"", ""户外环境""]",各类需要支撑或堆叠的物体，如垒位、台阶、支架等在实际场景中的应用,垒位作为支撑物，常见于户外或公共空间中，可提供稳定承载面，具有明确的场景来源和实用价值,screened
人造物体,人造物体 / 支撑物 / 墙壁托架,73,keep,"[""室内空间"", ""建筑结构""]",墙壁托架作为支撑物出现在室内或建筑环境中，提供稳定承载面,墙壁托架在室内和建筑结构中常见，可作为稳定支撑来源，具备稳定且非偶然的场景来源,screened
人造物体,人造物体 / 支撑物 / 壁炉柴架,28,keep,"[""室内环境"", ""家庭空间"", ""取暖场景""]",壁炉柴架常见于家庭或室内取暖场景，提供支撑和放置柴火的结构,壁炉柴架作为室内支撑物，具有稳定且常见的使用场景，能提供明确的承载和放置功能,screened
人造物体,人造物体 / 支撑物 / 家具腿,27,keep,"[""家具支撑结构"", ""室内家具部件"", ""可编辑承载面""]",包含各类家具的支撑腿或底部结构，如桌子、椅子、柜子等的腿部设计，提供稳定支撑和放置基础,家具腿作为常见支撑结构，广泛存在于室内家具中，提供稳定承载和可编辑的物理结构，具有稳定且普遍的场景来源,screened
人造物体,人造物体 / 支撑物 / 尾座,24,keep,"[""机械装置"", ""工业设备""]",尾座作为支撑物出现在机械或工业设备中，提供稳定支撑结构,尾座在机械装置中作为稳定支撑物存在，具有明确的场景来源和结构功能,screened
人造物体,人造物体 / 支撑物 / 库存,27,keep,"[""仓库环境"", ""库存区域"", ""存储空间""]",库存相关的存储空间和支撑结构，如货架、托盘、存储架等,库存类支撑物常见于仓库和存储区域，提供稳定支撑和承载功能，具有明确且稳定的场景来源,screened
人造物体,人造物体 / 支撑物 / 座位,266,keep,"[""室内场所"", ""工作场所"", ""公共空间""]",各类室内和公共空间中的座位类支撑物,座位类物品常见于多种稳定场景中，提供明确的承载和使用环境,screened
人造物体,人造物体 / 支撑物 / 悬挂工具,64,hold,[],支撑物类中的悬挂工具,分类名称模糊，无法确定具体悬挂场景或稳定来源,screened
人造物体,人造物体 / 支撑物 / 扶栏支柱,28,keep,"[""交通环境"", ""建筑设施"", ""公共空间""]",扶栏支柱常见于交通设施、建筑出入口、楼梯或公共区域等有明确支撑和承载功能的场景,扶栏支柱在多种稳定场景中作为支撑结构存在，具有明确的承载和安全功能，可提供可靠的可编辑环境结构,screened
人造物体,人造物体 / 支撑物 / 拉条,97,hold,[],支撑物类拉条,仅凭分类名称无法确定其具体应用场景或是否存在稳定有用的场景来源,screened
人造物体,人造物体 / 支撑物 / 挽具,27,hold,[],支撑物类,仅凭分类名称无法确定其具体场景或是否存在稳定有用的来源,screened
人造物体,人造物体 / 支撑物 / 搁板,80,keep,"[""桌面"", ""室内"", ""工作场所""]",各类室内或工作场景中作为支撑或放置的搁板类物体,搁板作为常见支撑物，广泛存在于室内和工作场所，提供稳定放置和承载功能,screened
人造物体,人造物体 / 支撑物 / 摇椅弧形底座,21,keep,"[""室内环境"", ""休闲场所""]",摇椅弧形底座常见于室内或户外休闲空间，作为支撑结构提供稳定承载面,摇椅弧形底座作为支撑物，常见于室内或户外休闲空间，具有稳定承载功能，可作为可编辑环境的支撑区域,screened
人造物体,人造物体 / 支撑物 / 支架,119,keep,"[""桌面"", ""工作场所"", ""工业环境""]",支撑物类支架在各类场景中作为支撑或承载结构存在,支架类支撑物在多种场景中提供稳定支撑，具有广泛且稳定的来源,screened
人造物体,人造物体 / 支撑物 / 桥墩,23,keep,"[""交通环境"", ""水域边沿""]",桥墩作为支撑物出现在交通水域边沿的场景中，提供稳定承载和结构支撑,桥墩是交通水域环境中常见的稳定支撑结构，具有明确且稳定的场景来源,screened
人造物体,人造物体 / 支撑物 / 水果摊,25,keep,"[""街头市集"", ""零售摊位"", ""公共空间""]",水果摊作为支撑物出现在街头市集或公共空间中，提供稳定承载和展示功能,水果摊在街头市集等公共空间中具有稳定存在的场景，提供明确的支撑和承载功能，符合可编辑环境结构要求,screened
人造物体,人造物体 / 支撑物 / 码头,28,keep,"[""交通环境"", ""港口场景""]",码头作为支撑物，常见于港口、水域边沿等交通与物流场景，提供稳定承载和结构支撑,码头是交通环境中的稳定支撑结构，具有明确的承载功能和场景来源,screened
人造物体,人造物体 / 支撑物 / 竖琴,25,reject,[],仅包含竖琴这一具体物品,竖琴属于抽象符号和孤立小物特写，缺乏稳定、可用的场景或承载区域来源,screened
人造物体,人造物体 / 支撑物 / 结构构件,595,keep,"[""室内结构"", ""建筑构件"", ""支撑环境""]",包含各类支撑性结构，如柱子、支架、框架等，广泛存在于建筑和室内空间中,该分类涵盖多种稳定存在的支撑结构，具有明确且广泛的场景来源，适用于多种环境和空间结构,screened
人造物体,人造物体 / 支撑物 / 肋骨,26,hold,[],支撑物类,仅凭'肋骨'无法确定其在具体场景中的稳定来源或承载结构,screened
人造物体,人造物体 / 支撑物 / 背部,49,hold,[],支撑物类中的背部相关结构,仅凭'背部'无法确定稳定或可用的场景来源或承载结构,screened
人造物体,人造物体 / 支撑物 / 蛋糕架,24,hold,[],蛋糕架作为支撑物的使用场景,仅凭'蛋糕架'无法确定其是否具有稳定、普遍的场景或承载区域来源，缺乏明确的环境结构支持,screened
人造物体,人造物体 / 支撑物 / 起落架,23,reject,[],起落架通常为抽象符号或纯文字，无稳定可用的场景或承载区域来源,起落架多为抽象符号或纯文字，缺乏稳定、可编辑的场景或承载区域来源,screened
人造物体,人造物体 / 支撑物 / 超市货架,27,keep,"[""超市环境"", ""室内空间"", ""商品陈列场景""]",超市货架作为支撑物，用于陈列商品，常见于室内商业环境,超市货架是稳定存在的支撑结构，提供明确的承载和陈列场景，具有广泛且稳定的来源,screened
人造物体,人造物体 / 支撑物 / 轴承,21,hold,[],支撑物类,仅凭'轴承'无法确定其在具体场景中的稳定来源或承载环境,screened
人造物体,人造物体 / 支撑物 / 轴承座,35,hold,[],支撑物类,仅凭分类名称无法确定是否存在稳定有用的场景或承载区域来源,screened
人造物体,人造物体 / 支撑物 / 铁马镫,33,hold,[],铁马镫作为支撑物的类别,仅凭名称无法确定其是否具有稳定、可用的场景或承载区域来源,screened
人造物体,人造物体 / 支撑物 / 鲈鱼,33,reject,[],鲈鱼作为支撑物,鲈鱼是生物而非支撑物，不构成稳定或可用的场景或承载区域来源,screened
人造物体,人造物体 / 救援设备 / 保护者,59,hold,[],救援设备 / 保护者,仅凭分类名称无法确定是否存在稳定有用的场景或承载区域来源,screened
人造物体,人造物体 / 救援设备 / 滑道,20,hold,[],救援设备中的滑道,仅凭分类名称无法确定滑道是否具有稳定可用的场景或承载区域来源,screened
人造物体,人造物体 / 救生钳,28,reject,[],救生钳作为工具，通常出现在救援或应急场景中，但缺乏稳定、普遍的场景来源,救生钳属于抽象工具，多用于特定应急场景，缺乏稳定、普遍的场景或承载面来源，不符合环境类场景的判断标准,screened
人造物体,人造物体 / 数码电子产品 / 交换机,23,reject,[],数码电子产品/交换机,交换机主要为抽象符号或纯文字，缺乏稳定、可用的场景或承载区域来源。,screened
人造物体,人造物体 / 数码电子产品 / 充电器,22,hold,[],数码电子产品/充电器,仅凭分类名称无法确定是否存在稳定有用的场景或承载区域来源,screened
人造物体,人造物体 / 数码电子产品 / 功能手机,25,keep,"[""室内场景"", ""工作场所""]",功能手机在日常使用中的常见环境，如办公室、家庭、公共场所等,功能手机常出现在室内和工作场所，具有稳定的使用场景和承载环境,screened
人造物体,人造物体 / 数码电子产品 / 台式电脑,40,keep,"[""办公桌面"", ""工作场所"", ""室内环境""]",台式电脑常见于办公桌或工作环境中，作为主要的计算设备使用,台式电脑通常出现在办公桌面或工作场所，具有稳定的场景来源和可编辑的承载面,screened
人造物体,人造物体 / 数码电子产品 / 存储设备,175,keep,"[""室内环境"", ""工作场所""]",存储设备常出现在室内和工作场所，如办公室、家庭书房等，提供稳定承载和使用场景,存储设备如U盘、硬盘等常出现在室内和工作场所，具有稳定且可编辑的使用场景,screened
人造物体,人造物体 / 数码电子产品 / 工作站,27,keep,"[""工作场所"", ""办公环境""]",工作站类数码电子产品在办公或工作场景中的使用环境,工作站通常存在于工作场所，提供稳定的工作承载和编辑环境，具有明确的场景来源,screened
人造物体,人造物体 / 数码电子产品 / 平板电脑,25,hold,[],数码电子产品中的平板电脑,仅凭分类名称无法确定是否存在稳定有用的场景或承载区域来源,screened
人造物体,人造物体 / 数码电子产品 / 影音设备,40,keep,"[""室内环境"", ""家庭空间"", ""视听场景""]",影音设备在家庭、办公室等室内场景中的使用环境,影音设备常出现在家庭或办公环境中，提供稳定的使用场景和承载面，具有明确的场景来源,screened
人造物体,人造物体 / 数码电子产品 / 手机,34,hold,[],手机类别,仅凭分类名称无法确定是否存在稳定有用的场景或承载区域来源,screened
人造物体,人造物体 / 数码电子产品 / 打印机,25,keep,"[""办公环境"", ""工作场所""]",打印机常出现在办公或工作场所中，作为文档输出设备使用,打印机常见于办公环境，提供稳定且可编辑的承载面和使用场景,screened
人造物体,人造物体 / 数码电子产品 / 扫描仪,20,hold,[],数码电子产品中的扫描仪,仅凭分类名称无法确定其是否包含稳定有用的场景或承载区域来源,screened
人造物体,人造物体 / 数码电子产品 / 投影仪,20,keep,"[""室内展示场景"", ""会议环境"", ""教学场景""]",投影仪常用于室内空间中的会议、教学或演示场景，具备稳定的承载和使用环境,投影仪通常出现在室内会议、教学等场景中，有稳定且可编辑的使用环境，符合可召回的场景要求,screened
人造物体,人造物体 / 数码电子产品 / 摄像机,22,hold,[],数码电子产品/摄像机,仅凭分类名称无法确定是否存在稳定有用的场景或承载区域来源,screened
人造物体,人造物体 / 数码电子产品 / 数码相机,18,reject,[],数码相机,数码相机通常为抽象符号或孤立小物特写，缺乏稳定有用的场景或承载区域来源。,screened
人造物体,人造物体 / 数码电子产品 / 显示器,20,keep,"[""办公桌面"", ""室内工作环境"", ""数字显示环境""]",显示器在办公、学习或家庭场景中作为显示设备出现的环境,显示器常见于办公桌面、学习空间等具有稳定显示需求的场景，提供明确的承载和使用环境,screened
人造物体,人造物体 / 数码电子产品 / 智能家居终端,23,keep,"[""智能家居场景"", ""家庭室内环境"", ""居住空间""]",智能家居终端在家庭环境中的部署和使用场景,智能家居终端通常部署在家庭室内环境中，提供稳定且常见的使用场景，如客厅、卧室或厨房，具有明确的承载面和交互环境。,screened
人造物体,人造物体 / 数码电子产品 / 智能手机,23,reject,[],智能手机,智能手机属于抽象符号和孤立小物特写，缺乏稳定有用的场景或承载区域来源,screened
人造物体,人造物体 / 数码电子产品 / 智能手环,19,reject,[],智能手环相关场景,智能手环多为孤立小物特写或品牌标志，缺乏稳定、通用的场景或承载区域来源,screened
人造物体,人造物体 / 数码电子产品 / 智能手表,20,reject,[],智能手表,智能手表主要为抽象符号或孤立小物特写，缺乏稳定有用的场景或承载区域来源。,screened
人造物体,人造物体 / 数码电子产品 / 智能眼镜,19,reject,[],智能眼镜,智能眼镜多为抽象符号或孤立小物特写，缺乏稳定有用的场景或承载区域来源。,screened
人造物体,人造物体 / 数码电子产品 / 智能穿戴,22,hold,[],智能穿戴设备,仅凭分类名称无法确定是否存在稳定有用的场景或承载区域来源,screened
人造物体,人造物体 / 数码电子产品 / 服务器,23,keep,"[""数据中心"", ""机房环境"", ""工作场所""]",服务器通常出现在数据中心或机房等稳定环境中，提供稳定的承载和运行空间,服务器常存在于数据中心或机房等有稳定承载和运行环境的场所，具备明确且持续的场景来源,screened
人造物体,人造物体 / 数码电子产品 / 游戏主机,20,reject,[],游戏主机,游戏主机主要为抽象符号或孤立小物特写，缺乏稳定有用的场景或承载区域来源。,screened
人造物体,人造物体 / 数码电子产品 / 游戏手柄,26,reject,[],游戏手柄,游戏手柄属于孤立小物特写，缺乏稳定有用的场景或承载区域来源。,screened
人造物体,人造物体 / 数码电子产品 / 游戏设备,26,hold,"[""游戏场景""]",游戏设备在游戏场景中的使用环境,分类名称无法明确指向稳定可用的场景或承载区域，缺乏具体场景来源,screened
人造物体,人造物体 / 数码电子产品 / 电子词典,15,reject,[],电子词典,电子词典多为抽象符号或孤立小物特写，缺乏稳定有用的场景或承载区域来源。,screened
人造物体,人造物体 / 数码电子产品 / 电子阅读器,24,hold,[],电子阅读器,仅凭分类名称无法确定是否存在稳定有用的场景或承载区域来源,screened
人造物体,人造物体 / 数码电子产品 / 电脑外设,21,keep,"[""办公桌面"", ""工作场所"", ""室内环境""]",电脑外设在办公或学习场景中的常见使用环境,电脑外设常出现在办公桌面或学习环境中，具有稳定且普遍的场景来源,screened
人造物体,人造物体 / 数码电子产品 / 相机摄像机,23,keep,"[""拍摄场景"", ""室内环境"", ""户外环境""]",相机摄像机在各种场景中作为拍摄设备出现，提供稳定的承载和使用环境,相机摄像机常用于拍摄场景，具备稳定的使用环境和承载面，适用于多种室内和户外场景,screened
人造物体,人造物体 / 数码电子产品 / 移动电源,32,reject,[],移动电源作为数码电子产品，通常出现在个人携带或设备充电场景中，但缺乏稳定、普遍的场景承载环境,移动电源多为孤立小物特写，缺乏稳定、普遍的场景或承载面来源，无法提供可编辑的环境结构,screened
人造物体,人造物体 / 数码电子产品 / 笔记本电脑,25,keep,"[""办公桌面"", ""室内工作环境"", ""学习场景""]",笔记本电脑常出现在办公、学习或家庭工作场景中，提供稳定使用环境,笔记本电脑常出现在办公、学习或家庭工作场景中，提供稳定使用环境,screened
人造物体,人造物体 / 数码电子产品 / 网络设备,24,hold,[],网络设备,仅凭分类名称无法确定是否存在稳定有用的场景或承载区域来源,screened
人造物体,人造物体 / 数码电子产品 / 耳机,21,reject,[],数码电子产品/耳机,耳机通常为孤立小物特写或品牌标志，缺乏稳定、通用的场景或承载区域来源,screened
人造物体,人造物体 / 数码电子产品 / 虚拟现实头显,21,reject,[],虚拟现实头显,虚拟现实头显主要为抽象符号或纯文字，缺乏稳定、可用的场景或承载区域来源。,screened
人造物体,人造物体 / 数码电子产品 / 路由器,19,reject,[],数码电子产品中的路由器,路由器通常仅作为抽象符号或纯文字出现，缺乏稳定、可用的场景或承载区域来源。,screened
人造物体,人造物体 / 数码电子产品 / 车载电子设备,20,keep,"[""车载环境"", ""交通工具内部""]",车载电子设备在车辆中的使用场景,车载电子设备通常出现在汽车内部，提供稳定且常见的使用场景，如导航、娱乐系统等，具有明确的承载面和可编辑环境结构。,screened
人造物体,人造物体 / 数码电子产品 / 运动相机,16,hold,[],数码电子产品 / 运动相机,仅凭分类名称无法确定是否存在稳定有用的场景或承载区域来源,screened
人造物体,人造物体 / 数码电子产品 / 键盘,20,keep,"[""桌面"", ""室内工作环境""]",键盘通常作为输入设备出现在办公或学习场景中，常置于桌面或工作台等稳定承载面上,键盘常出现在办公或学习场景中，具有稳定的使用环境和承载面，可作为桌面或室内工作环境的典型元素,screened
人造物体,人造物体 / 数码电子产品 / 音箱,19,hold,[],数码电子产品/音箱,仅凭分类名称无法确定是否存在稳定有用的场景或承载区域来源,screened
人造物体,人造物体 / 数码电子产品 / 麦克风,20,reject,[],麦克风,麦克风通常为抽象符号或孤立小物特写，缺乏稳定有用的场景或承载区域来源。,screened
人造物体,人造物体 / 数码电子产品 / 鼠标,24,hold,[],数码电子产品/鼠标,仅凭分类名称无法确定是否存在稳定有用的场景或承载区域来源,screened
人造物体,人造物体 / 敷抹器 / 化妆刷,32,reject,[],化妆刷相关符号或文字特写,主要为抽象符号或孤立小物特写，缺乏稳定有用的场景或承载区域来源,screened
人造物体,人造物体 / 敷抹器 / 喷枪,37,reject,[],仅包含敷抹器和喷枪等工具,喷枪属于工具类，多用于工业或特定场景，缺乏稳定、普遍的场景或承载面来源，且无明确的可编辑环境结构,screened
人造物体,人造物体 / 敷抹器 / 画笔,34,hold,[],敷抹器和画笔的类别范围,仅凭分类名称无法确定是否存在稳定有用的场景或承载区域来源,screened
人造物体,人造物体 / 时装周,64,hold,[],时装周相关场景,仅凭分类名称无法确定具体场景范围或是否存在稳定有用的来源,screened
人造物体,人造物体 / 时装大片,38,hold,[],时装大片,仅凭分类名称无法确定是否存在稳定有用的场景或承载区域来源,screened
人造物体,人造物体 / 服饰全品 / 上装,30,hold,[],服饰上装类物品,仅凭分类名称无法确定是否存在稳定有用的场景或承载区域来源,screened
人造物体,人造物体 / 服饰全品 / 下装,30,hold,[],服饰下装类物品,仅凭分类名称无法确定是否存在稳定有用的场景或承载区域来源,screened
人造物体,人造物体 / 服饰全品 / 内衣,32,hold,[],服饰全品下的内衣类别,仅凭分类名称无法确定是否存在稳定有用的场景或承载区域来源,screened
人造物体,人造物体 / 服饰全品 / 内衣家居服,30,keep,"[""室内场景"", ""家居场景"", ""日常穿着环境""]",内衣家居服在家庭和日常生活中常见的使用场景，如卧室、客厅等,内衣家居服常出现在家庭室内场景中，具有稳定的使用环境和承载面，能提供有效的可编辑区域,screened
人造物体,人造物体 / 服饰全品 / 凉鞋,35,keep,"[""户外场景"", ""休闲场所""]",凉鞋常见于户外或休闲环境中，如公园、沙滩、街道等,凉鞋通常出现在户外或休闲场景中，具有稳定的使用环境和承载面，能提供有效的可编辑区域,screened
人造物体,人造物体 / 服饰全品 / 半身裙,33,hold,[],服饰全品下的半身裙类,仅凭分类名称无法确定是否存在稳定有用的场景或承载区域来源,screened
人造物体,人造物体 / 服饰全品 / 卫衣,30,hold,[],服饰全品中的卫衣类,仅凭'卫衣'无法确定其是否包含稳定场景或承载区域，缺乏明确的使用环境或空间来源,screened
人造物体,人造物体 / 服饰全品 / 古装,38,hold,[],服饰全品中的古装类别,仅凭分类名称无法确定是否存在稳定有用的场景或承载区域来源,screened
人造物体,人造物体 / 服饰全品 / 围巾,33,hold,[],服饰全品下的围巾类物品,仅凭分类名称无法确定是否存在稳定有用的场景或承载区域来源,screened
人造物体,人造物体 / 服饰全品 / 围巾手套,30,keep,"[""室内场景"", ""个人穿戴场景"", ""冬季环境""]",围巾和手套在室内及冬季环境中常见，可作为个人穿戴物品和场景来源,围巾和手套常出现在室内或寒冷环境中的个人穿戴场景，具有稳定且可编辑的使用背景,screened
人造物体,人造物体 / 服饰全品 / 大衣,36,hold,[],服饰全品下的大衣类,仅凭分类名称无法确定是否存在稳定有用的场景或承载区域来源,screened
人造物体,人造物体 / 服饰全品 / 夹克,31,hold,[],服饰全品下的夹克类物品,仅凭'夹克'无法确定其是否包含稳定场景或承载区域，缺乏明确的使用环境或空间来源,screened
人造物体,人造物体 / 服饰全品 / 工作服,30,keep,"[""工作场所"", ""室内环境"", ""人员活动场景""]",工作服在工作场所中作为人员着装的常见组成部分，常出现在办公、生产等场景中，提供稳定的人体穿戴与环境关联,工作服在工作场所中具有稳定的穿戴场景和环境关联，能提供明确的可编辑人体与环境交互背景,screened
人造物体,人造物体 / 服饰全品 / 帽子,1074,keep,"[""日常穿戴场景"", ""户外活动场景""]",帽子在日常穿戴和户外活动中常见，具有稳定的使用场景和承载环境,帽子作为常见穿戴物品，广泛出现在日常和户外场景中，提供明确的使用环境和可编辑空间,screened
人造物体,人造物体 / 服饰全品 / 户外服,34,keep,"[""户外环境"", ""自然环境"", ""运动场景""]",户外服在户外环境、自然环境及运动场景中具有稳定来源和可编辑承载面,户外服常见于户外环境、自然环境和运动场景，具备稳定且多样化的场景来源,screened
人造物体,人造物体 / 服饰全品 / 户外服饰,53,keep,"[""户外环境"", ""自然环境"", ""庭院公园""]",户外服饰在自然或开放空间中的使用场景,户外服饰通常出现在户外环境、自然或庭院公园等具有稳定场景和承载面的场景中，具备明确的使用背景和可编辑环境结构,screened
人造物体,人造物体 / 服饰全品 / 手套,32,hold,[],服饰全品下的手套类别,仅凭分类名称无法确定是否存在稳定有用的场景或承载区域来源,screened
人造物体,人造物体 / 服饰全品 / 打底衫,38,hold,[],服饰全品下的打底衫,仅凭分类名称无法确定是否存在稳定有用的场景或承载区域来源,screened
人造物体,人造物体 / 服饰全品 / 打底裤,37,hold,[],服饰全品下的打底裤,仅凭分类名称无法确定是否存在稳定有用的场景或承载区域来源,screened
人造物体,人造物体 / 服饰全品 / 拖鞋,32,reject,[],服饰类拖鞋,拖鞋多为孤立小物特写，缺乏稳定、可编辑的场景或承载区域来源,screened
人造物体,人造物体 / 服饰全品 / 插肩袖,33,hold,[],服饰全品中的插肩袖类,仅凭'插肩袖'无法确定其稳定场景或承载环境，缺乏明确的场景来源,screened
人造物体,人造物体 / 服饰全品 / 校服,38,hold,[],服饰全品中的校服,仅凭'校服'无法确定其在具体场景中的稳定来源或承载环境，缺乏明确的场景关联,screened
人造物体,人造物体 / 服饰全品 / 毛衣,31,reject,[],服饰全品,毛衣多为抽象符号或孤立小物特写，缺乏稳定有用的场景或承载区域来源。,screened
人造物体,人造物体 / 服饰全品 / 民族服装,38,hold,[],服饰全品下的民族服装,仅凭分类名称无法确定是否存在稳定有用的场景或承载区域来源,screened
人造物体,人造物体 / 服饰全品 / 泳装,35,hold,[],服饰全品中的泳装,仅凭分类名称无法确定是否存在稳定有用的场景或承载区域来源,screened
人造物体,人造物体 / 服饰全品 / 牛仔裤,35,hold,[],服饰全品下的牛仔裤类别,仅凭分类名称无法确定是否存在稳定有用的场景或承载区域来源,screened
人造物体,人造物体 / 服饰全品 / 皮鞋,31,hold,[],服饰全品下的皮鞋类物品,仅凭分类名称无法确定是否存在稳定有用的场景或承载区域来源,screened
人造物体,人造物体 / 服饰全品 / 睡衣,34,hold,[],服饰全品下的睡衣类,仅凭分类名称无法确定是否存在稳定有用的场景或承载区域来源,screened
人造物体,人造物体 / 服饰全品 / 短袖上衣,32,reject,[],服饰类短袖上衣,仅提供抽象符号或孤立小物特写，缺乏稳定有用的场景或承载区域来源,screened
人造物体,人造物体 / 服饰全品 / 短裙,34,hold,[],服饰全品下的短裙,仅凭分类名称无法确定是否存在稳定有用的场景或承载区域来源,screened
人造物体,人造物体 / 服饰全品 / 短裤,34,hold,[],服饰全品下的短裤类,仅凭分类名称无法确定是否存在稳定有用的场景或承载区域来源,screened
人造物体,人造物体 / 服饰全品 / 礼服,34,reject,[],礼服相关场景,礼服多为抽象符号或纯文字，缺乏稳定、可用的场景或承载区域来源,screened
人造物体,人造物体 / 服饰全品 / 童装,53,hold,[],童装类服饰,仅凭分类名称无法确定是否存在稳定有用的场景或承载区域来源,screened
人造物体,人造物体 / 服饰全品 / 羽绒服,37,hold,[],服饰全品下的羽绒服,仅凭分类名称无法确定是否存在稳定有用的场景或承载区域来源,screened
人造物体,人造物体 / 服饰全品 / 腰带,32,hold,[],服饰全品下的腰带类物品,仅凭'腰带'无法确定其是否具有稳定场景或承载区域来源，缺乏明确的使用环境或空间关联,screened
人造物体,人造物体 / 服饰全品 / 衬衫,34,hold,[],服饰全品下的衬衫类,仅凭分类名称无法确定是否存在稳定有用的场景或承载区域来源,screened
人造物体,人造物体 / 服饰全品 / 袜子,32,keep,"[""日常穿着场景"", ""居家场景""]",袜子作为日常穿着物品，常见于居家、出行等日常生活场景中,袜子常出现在日常穿着场景中，具有稳定的使用环境和承载面，可作为可编辑环境的一部分,screened
人造物体,人造物体 / 服饰全品 / 西装,33,hold,[],服饰全品下的西装类物品,仅凭分类名称无法确定是否存在稳定有用的场景或承载区域来源,screened
人造物体,人造物体 / 服饰全品 / 运动服,38,hold,[],服饰全品中的运动服,仅凭分类名称无法确定是否存在稳定有用的场景或承载区域来源,screened
人造物体,人造物体 / 服饰全品 / 运动服饰,47,hold,[],运动服饰,仅凭分类名称无法确定是否存在稳定有用的场景或承载区域来源,screened
人造物体,人造物体 / 服饰全品 / 运动裤,35,hold,[],服饰全品下的运动裤,仅凭分类名称无法确定是否存在稳定有用的场景或承载区域来源,screened
人造物体,人造物体 / 服饰全品 / 运动鞋,38,hold,[],服饰全品下的运动鞋,仅凭分类名称无法确定是否存在稳定有用的场景或承载区域来源,screened
人造物体,人造物体 / 服饰全品 / 连体服装,33,hold,[],服饰全品中的连体服装,仅凭分类名称无法确定是否存在稳定有用的场景或承载区域来源,screened
人造物体,人造物体 / 服饰全品 / 连衣裙,36,hold,[],服饰全品下的连衣裙,仅凭分类名称无法确定是否存在稳定有用的场景或承载区域来源,screened
人造物体,人造物体 / 服饰全品 / 长袖,33,hold,[],服饰全品中的长袖类物品,仅凭'长袖'无法确定其是否具有稳定场景或承载区域来源,screened
人造物体,人造物体 / 服饰全品 / 长袖上衣,36,hold,[],服饰全品下的长袖上衣,仅凭分类名称无法确定是否存在稳定有用的场景或承载区域来源,screened
人造物体,人造物体 / 服饰全品 / 长裤,37,hold,[],服饰全品中的长裤类别,仅凭分类名称无法确定是否存在稳定有用的场景或承载区域来源,screened
人造物体,人造物体 / 服饰全品 / 靴子,38,keep,"[""室内场景"", ""穿着场景"", ""鞋类使用场景""]",靴子在不同室内和穿着场景中的使用环境,靴子常见于室内和穿着场景，具有稳定的使用环境和承载面，可提供有效的可编辑区域,screened
人造物体,人造物体 / 服饰全品 / 鞋靴,47,keep,"[""穿着场景"", ""日常出行场景""]",鞋靴在穿着和日常出行中的使用场景,鞋靴作为穿戴物品，常见于多种日常穿着和出行场景，具有稳定的来源和可编辑环境结构,screened
人造物体,人造物体 / 机器 / 信息处理系统,222,keep,"[""工作场所"", ""数据中心"", ""生产环境""]",信息处理系统在工作场所、数据中心和生产环境中的稳定应用场景,信息处理系统常见于工作场所、数据中心和生产环境，提供稳定且可编辑的承载与操作场景,screened
人造物体,人造物体 / 机器 / 农业机器,140,keep,"[""农业场景"", ""农田环境"", ""工作场所""]",农业机器在农田、农场等农业场景中的使用环境,农业机器常见于农田、农场等稳定农业场景，提供明确的承载和操作环境,screened
人造物体,人造物体 / 机器 / 切片器,28,hold,[],切片器类机器,仅凭分类名称无法确定其是否具有稳定可用的场景或承载区域来源,screened
人造物体,人造物体 / 机器 / 动力工具,288,keep,"[""工作场所"", ""生产环境"", ""建筑工地""]",动力工具在工作场所和生产环境中的使用场景,动力工具常见于工作场所和生产环境中，提供稳定的使用场景和承载面，具有明确的实用来源,screened
人造物体,人造物体 / 机器 / 印刷机,195,keep,"[""工作场所"", ""生产环境""]",印刷机常见于工厂、办公或印刷车间等生产或工作场景,印刷机通常出现在生产或工作场所，提供稳定的承载和操作环境，具有明确的场景来源,screened
人造物体,人造物体 / 机器 / 印花盖印机,38,reject,[],印花盖印机,该类别主要为抽象符号或孤立小物特写，缺乏稳定有用的场景或承载区域来源。,screened
人造物体,人造物体 / 机器 / 压机,68,keep,"[""工业环境"", ""生产场所""]",压机常见于工业生产或制造环境中，作为压力施加设备使用,压机通常出现在工业生产或制造场景中，具有稳定的承载和操作环境，可作为生产设施的一部分提供有效场景支持,screened
人造物体,人造物体 / 机器 / 发动机,288,keep,"[""工作场所"", ""交通环境"", ""生产环境""]",发动机常见于工作场所、交通车辆及生产设施中，提供稳定承载和运行场景,发动机作为机械设备，常出现在工作场所、交通车辆和生产环境中，具有稳定且可编辑的场景来源,screened
人造物体,人造物体 / 机器 / 吹雪机,21,keep,"[""冬季环境"", ""雪地场景"", ""户外作业""]",吹雪机在雪地或冬季作业场景中作为设备使用，提供稳定的工作环境和承载面,吹雪机通常出现在冬季雪地作业场景中，具有明确的使用环境和稳定来源,screened
人造物体,人造物体 / 机器 / 唱片机,39,hold,[],人造物体 / 机器 / 唱片机,仅凭分类名称无法确定是否存在稳定有用的场景或承载区域来源,screened
人造物体,人造物体 / 机器 / 引擎,20,keep,"[""工作场所"", ""交通工具"", ""工业环境""]",引擎通常出现在工作场所、交通工具和工业环境中，提供稳定且可编辑的承载与运行场景,引擎作为机械设备，常见于工作场所、交通工具和工业环境，具有稳定且可编辑的场景来源,screened
人造物体,人造物体 / 机器 / 打桩机,20,keep,"[""施工场地"", ""建筑工地"", ""户外作业环境""]",打桩机常见于施工场地和建筑工地，提供稳定的作业场景和承载面,打桩机在施工场地中具有稳定且反复出现的使用场景，能提供明确的承载和操作环境,screened
人造物体,人造物体 / 机器 / 投币式机器,39,keep,"[""公共空间"", ""交通环境"", ""工作场所""]",投币式机器常见于公共空间、交通站点或工作场所，提供稳定可编辑的承载与交互环境,投币式机器通常设置在公共空间或交通环境中，具有稳定的场景来源和可编辑的承载面,screened
人造物体,人造物体 / 机器 / 挤奶机,19,keep,"[""农场场景"", ""奶牛养殖环境""]",挤奶机常见于农场或奶牛养殖场所，作为奶牛挤奶的专用设备,挤奶机通常出现在农场或奶牛养殖环境中，提供稳定且明确的使用场景和承载面，符合可编辑环境结构要求,screened
人造物体,人造物体 / 机器 / 混凝土搅拌机,21,keep,"[""建筑工地"", ""施工环境"", ""工业现场""]",混凝土搅拌机常见于建筑工地和施工环境中，提供稳定的承载与操作场景,混凝土搅拌机通常出现在建筑工地或工业现场，具有明确且稳定的场景来源，可作为支撑和操作环境有效召回,screened
人造物体,人造物体 / 机器 / 电动机,22,keep,"[""工作场所"", ""工业环境""]",电动机常见于工业设备、机械系统和生产环境中,电动机通常出现在工作场所和工业环境中，提供稳定的承载和运行场景,screened
人造物体,人造物体 / 机器 / 研磨器,132,hold,[],研磨器类设备,仅凭分类名称无法确定其是否包含稳定可用的场景或承载区域来源,screened
人造物体,人造物体 / 机器 / 纺织机器,53,keep,"[""工业生产环境"", ""工厂车间""]",纺织机器主要存在于工业生产环境中，如纺织厂或工厂车间，提供稳定的承载和操作场景,纺织机器通常出现在工厂或生产环境中，具有稳定的场景来源和可编辑的承载面,screened
人造物体,人造物体 / 机器 / 组装部件,24,keep,"[""工作场所"", ""生产环境"", ""工业场景""]",机器的组装部件在生产或工作环境中常见，提供稳定承载和可编辑结构,组装部件常见于生产或工作场所，具有稳定的场景来源和可编辑环境结构,screened
人造物体,人造物体 / 机器 / 自动取款机,19,keep,"[""交通环境"", ""银行场所""]",自动取款机常见于银行或金融服务场所，提供稳定可编辑的承载与交互环境,自动取款机通常设置在银行或金融服务点，具有稳定的场景来源和可编辑的交互结构,screened
人造物体,人造物体 / 机器 / 装订器,15,reject,[],装订器相关场景,装订器属于孤立小物特写，缺乏稳定、广泛的场景或承载区域来源,screened
人造物体,人造物体 / 机器 / 装订机,21,reject,[],装订机相关场景,装订机属于孤立小物特写，缺乏稳定、广泛的场景或承载区域来源,screened
人造物体,人造物体 / 机器 / 解码器,15,reject,[],解码器相关场景,解码器多为抽象符号或孤立小物特写，缺乏稳定、通用的场景或承载区域来源,screened
人造物体,人造物体 / 机器 / 计算器,48,keep,"[""桌面"", ""室内"", ""工作场所""]",计算器常出现在桌面或工作环境中，作为工具使用,计算器常出现在桌面或工作环境中，作为工具使用，具有稳定的场景来源,screened
人造物体,人造物体 / 机器 / 赞博尼牌整冰车,18,reject,[],赞博尼牌整冰车,仅提供特定品牌机器，缺乏稳定、通用的场景或承载环境来源,screened
人造物体,人造物体 / 机器 / 轧棉机,16,keep,"[""农业场景"", ""生产工作场所""]",轧棉机主要出现在农业或加工生产环境中，作为机械设备用于棉花处理,轧棉机作为农业机械，常出现在农场或加工车间等稳定场景中，具有明确的承载和使用环境,screened
人造物体,人造物体 / 机器人与智能设备 / 医疗机器人,45,keep,"[""医疗场景"", ""医院环境"", ""诊疗区域""]",医疗机器人在医院或诊疗场所中的应用环境,医疗机器人常见于医院和诊疗区域，提供稳定且明确的使用场景和承载环境,screened
人造物体,人造物体 / 机器人与智能设备 / 家用机器人,36,keep,"[""家庭环境"", ""室内空间"", ""日常使用场景""]",家用机器人在家庭中的应用场景，如清洁、陪伴、辅助生活等,家用机器人通常出现在家庭室内环境，提供稳定且常见的使用场景，具有明确的承载面和可编辑环境结构。,screened
人造物体,人造物体 / 机器人与智能设备 / 工业机器人,43,keep,"[""工业环境"", ""生产场所"", ""工作车间""]",工业机器人在生产或制造场景中的应用环境,工业机器人常见于生产场所，提供稳定且可编辑的承载与操作环境,screened
人造物体,人造物体 / 机器人与智能设备 / 教育机器人,42,keep,"[""教育场景"", ""教室环境"", ""学习空间""]",教育机器人在教学或学习场景中的应用环境,教育机器人常见于教室或学习空间，提供稳定且可编辑的教育场景来源,screened
人造物体,人造物体 / 机器人与智能设备 / 无人机,49,keep,"[""交通环境"", ""户外空间"", ""工作场所""]",无人机在空中的飞行场景及在户外或工作场所的部署环境,无人机常见于交通环境、户外空间和工作场所，具有稳定的飞行和操作场景，能提供有效的承载与编辑区域,screened
人造物体,人造物体 / 机器人与智能设备 / 智能终端,61,keep,"[""室内环境"", ""工作场所"", ""智能交互场景""]",智能终端在各类室内和工作场景中的使用环境,智能终端常出现在室内环境和工作场所，提供稳定且常见的交互场景,screened
人造物体,人造物体 / 机器人与智能设备 / 服务机器人,67,keep,"[""服务场景"", ""工作场所"", ""公共空间""]",服务机器人在各类服务场景中的应用环境，如家庭、商业、医疗、零售等场所,服务机器人常见于家庭、商业、医疗等服务场景，具有稳定的场景来源和可编辑的环境结构,screened
人造物体,人造物体 / 机器人驾驶员,67,reject,[],机器人驾驶员,该类别主要为抽象符号或孤立小物特写，缺乏稳定有用的场景或承载区域来源。,screened
人造物体,人造物体 / 机箱,19,hold,[],机箱类物体,仅凭'机箱'名称无法确定其是否包含稳定可用的场景或承载区域来源,screened
人造物体,人造物体 / 杂物间,68,keep,"[""杂物间"", ""室内空间"", ""存储环境""]",杂物间作为室内存储或临时放置区域，具有稳定存在的场景来源,杂物间是常见室内空间，提供稳定的存储和放置场景，符合可编辑环境结构要求,screened
人造物体,人造物体 / 束发带,64,reject,[],束发带,束发带属于纯文字或孤立小物特写，缺乏稳定有用的场景或承载区域来源,screened
人造物体,人造物体 / 条带 / 丝带,30,reject,[],仅限符号或文字特写,丝带多为抽象符号或孤立小物特写，缺乏稳定有用的场景或承载区域来源,screened
人造物体,人造物体 / 条带 / 乐队,389,reject,[],乐队条带,条带作为乐队元素多为抽象符号或纯文字，缺乏稳定、可用的场景或承载区域来源,screened
人造物体,人造物体 / 条带 / 卷尺,25,reject,[],仅限于卷尺作为测量工具的抽象符号或文字标识,卷尺属于具体测量工具，缺乏稳定、非偶然的场景或承载区域来源，主要表现为符号或文字，无法提供可编辑的环境结构或空间支撑,screened
人造物体,人造物体 / 条带 / 密封条,24,hold,[],条带类密封条,仅凭名称无法确定其是否具有稳定场景或承载区域来源,screened
人造物体,人造物体 / 条带 / 带,27,hold,[],条带类物体,仅凭'条带/带'无法确定其具体应用场景或是否存在稳定有用的场景来源,screened
人造物体,人造物体 / 条带 / 带子,103,hold,[],条带或带子类物体,仅凭名称无法确定其是否包含稳定场景或承载区域来源,screened
人造物体,人造物体 / 条带 / 引导,29,hold,[],条带类引导物,仅凭名称无法确定其是否具有稳定可用的场景或承载区域来源,screened
人造物体,人造物体 / 条带 / 扒钉,28,reject,[],条带类扒钉,扒钉通常为孤立小物特写或品牌标志，缺乏稳定、可用的场景或承载区域来源,screened
人造物体,人造物体 / 条带 / 找平层,28,hold,[],条带类找平层,仅凭名称无法确定其是否具有稳定可用的场景或承载区域来源,screened
人造物体,人造物体 / 条带 / 礁,26,reject,[],条带类物体,礁属于自然地理特征，条带作为人造物体的子类缺乏稳定、可用的场景或承载区域来源，且与人造物体的语义关联不明确。,screened
人造物体,人造物体 / 条带 / 竖梃,26,hold,[],条带和竖梃类物体,仅凭名称无法确定其是否具有稳定或可用的场景来源或承载环境,screened
人造物体,人造物体 / 板擦,22,reject,[],板擦,板擦属于孤立小物特写，缺乏稳定有用的场景或承载区域来源,screened
人造物体,人造物体 / 板状物 / 仪器板,56,keep,"[""实验室环境"", ""工作台面"", ""工业设施""]",仪器板常见于实验室、工作台或工业设备中作为支撑或承载平台,仪器板通常出现在实验室或工作台面上，提供稳定承载和操作空间，具有明确且稳定的场景来源,screened
人造物体,人造物体 / 板状物 / 号牌,25,reject,[],号牌类符号或文字标识,号牌多为抽象符号或纯文字标识，缺乏稳定、可用的场景或承载区域来源,screened
人造物体,人造物体 / 板状物 / 层压材料,26,keep,"[""室内环境"", ""建筑结构"", ""工作场所""]",层压材料常用于家具、包装、建筑板材等场景，具有稳定的物理承载和结构功能,层压材料广泛应用于室内装修、家具制造和建筑结构中，具备稳定且常见的场景来源,screened
人造物体,人造物体 / 板状物 / 平板玻璃,24,keep,"[""建筑幕墙"", ""室内隔断"", ""交通设施""]",平板玻璃在建筑和室内环境中作为结构或装饰材料的稳定来源,平板玻璃常见于建筑幕墙、室内隔断和交通设施中，具有稳定的场景和承载面来源,screened
人造物体,人造物体 / 板状物 / 板,426,keep,"[""桌面"", ""室内"", ""工作场所""]",板状物在各类场景中作为支撑或承载面的稳定存在,板状物在多种场景中可作为稳定支撑或承载面，如桌面、工作台、建筑结构等，具有明确且广泛的实用场景,screened
人造物体,人造物体 / 板状物 / 模板,28,hold,[],板状物/模板类物体,仅凭名称无法确定其是否包含稳定可用的场景或承载区域来源,screened
人造物体,人造物体 / 板状物 / 玻璃盘,26,keep,"[""桌面"", ""室内"", ""餐饮场景""]",玻璃盘常见于桌面或餐饮场景中，作为承载食物的稳定表面,玻璃盘通常出现在桌面或餐饮场景中，提供稳定承载面，符合可编辑环境结构,screened
人造物体,人造物体 / 板状物 / 膜,28,hold,[],板状物类,仅凭'膜'无法确定其是否具有稳定场景或承载区域来源,screened
人造物体,人造物体 / 板状物 / 金属薄板,24,keep,"[""室内结构"", ""建筑表面"", ""工业环境""]",金属薄板在室内、建筑或工业场景中作为结构或覆盖材料的稳定来源,金属薄板常见于建筑墙面、室内隔断或工业设施中，提供稳定承载和结构支撑，具有明确的场景来源,screened
人造物体,人造物体 / 板状物 / 铭牌,27,reject,[],铭牌类符号或文字标识,铭牌多为抽象符号或纯文字，缺乏稳定、可用的场景或承载区域来源,screened
人造物体,人造物体 / 板状物 / 黑板,28,keep,"[""教室场景"", ""教学环境"", ""室内空间""]",黑板常见于教室、教学环境等室内场景，提供稳定可编辑的承载面,黑板作为常见教学工具，常出现在教室等稳定场景中，具有明确的场景来源和可编辑性,screened
人造物体,人造物体 / 柜台 / 信任,27,hold,[],类别范围,仅凭'信任'无法确定具体场景或稳定来源，缺乏可判断的场景或承载环境,screened
人造物体,人造物体 / 标志,25,reject,[],标志类符号或品牌标识,标志类多为抽象符号或品牌标志，缺乏稳定、可用的场景或承载区域来源,screened
人造物体,人造物体 / 标志 / 书签,22,reject,[],仅包含书签等孤立小物特写,书签属于抽象符号和孤立小物特写，缺乏稳定、可用的场景或承载区域来源,screened
人造物体,人造物体 / 桌子 / 乒乓球台,25,keep,"[""桌面"", ""室内空间"", ""体育活动场景""]",包含桌子和乒乓球台的使用场景，如家庭、教室、体育场馆等,乒乓球台通常设置在桌面或室内空间中，具有稳定的承载和使用场景，符合可编辑环境结构要求,screened
人造物体,人造物体 / 桌子 / 书桌,97,keep,"[""室内"", ""工作场所"", ""学习环境""]",书桌作为室内家具，常见于家庭、办公室、学校等场景，提供稳定放置和承载功能,书桌是常见室内家具，具有稳定且可编辑的承载面，适用于多种场景，如学习、办公、阅读等,screened
人造物体,人造物体 / 桌子 / 会议桌,25,keep,"[""会议室"", ""办公空间"", ""室内环境""]",会议桌常见于办公或会议场景，提供稳定承载和交互空间,会议桌作为室内办公场景中的典型支撑结构，具有稳定且普遍的使用环境,screened
人造物体,人造物体 / 桌子 / 化妆台,27,keep,"[""桌面"", ""室内""]",化妆台作为桌面类物品，常见于室内场景中，提供放置和支撑功能,化妆台作为桌面类物品，常见于室内场景中，提供放置和支撑功能，具有稳定且非偶然的场景来源,screened
人造物体,人造物体 / 桌子 / 厨房桌,27,keep,"[""厨房场景"", ""室内环境"", ""桌面承载""]",厨房中的桌子类物体及其作为承载面的使用场景,厨房桌是常见且稳定的室内家具，具有明确的使用场景和承载功能，能提供可靠的编辑环境,screened
人造物体,人造物体 / 桌子 / 台球台,27,keep,"[""桌面"", ""室内空间"", ""娱乐场所""]",包含台球台在各种室内娱乐或家庭场景中的使用环境,台球台常见于室内娱乐场所或家庭客厅，提供稳定承载和可编辑的使用场景,screened
人造物体,人造物体 / 桌子 / 咖啡桌,23,keep,"[""室内"", ""桌面"", ""家居环境""]",咖啡桌常见于家庭客厅或室内空间，提供稳定放置和承载功能,咖啡桌作为常见家居物品，通常出现在室内场景中，具有稳定的承载面和使用环境,screened
人造物体,人造物体 / 桌子 / 圆形小桌,27,keep,"[""桌面"", ""室内环境"", ""家居场景""]",圆形小桌在各种室内场景中作为放置或支撑的常见载体,圆形小桌常见于家居、办公或休闲场景，提供稳定放置区域，具有明确的场景来源,screened
人造物体,人造物体 / 桌子 / 圆桌,27,keep,"[""桌面"", ""室内"", ""工作场所""]",圆桌作为桌面场景的常见载体，适用于多种室内和工作环境,圆桌作为常见家具，通常出现在室内、工作场所等场景中，提供稳定支撑和放置区域,screened
人造物体,人造物体 / 桌子 / 墙桌,29,keep,"[""桌面"", ""室内环境"", ""工作场所""]",包含墙桌这类具有稳定放置结构的桌面类物体，适用于多种室内场景,墙桌作为具有明确承载面和稳定结构的物体，常见于室内空间和工作场所，能提供可靠的放置和编辑区域,screened
人造物体,人造物体 / 桌子 / 婴儿换尿布台,24,keep,"[""室内场景"", ""家庭空间"", ""育儿环境""]",婴儿换尿布台常见于家庭室内空间，作为育儿专用设施提供稳定支撑和放置区域,婴儿换尿布台属于家庭室内场景中的专用设施，具有稳定且常见的使用环境，能提供明确的承载和放置功能,screened
人造物体,人造物体 / 桌子 / 工作桌,51,keep,"[""工作场所"", ""室内""]",工作桌作为办公或学习场景中的稳定支撑面，常见于办公室、教室等环境,工作桌在多种室内工作场景中具有稳定且普遍的承载功能，能提供明确的可编辑环境结构,screened
人造物体,人造物体 / 桌子 / 手术台,28,keep,"[""医疗场景"", ""手术室环境""]",医疗场景中的手术台作为稳定承载和操作区域,手术台是医疗环境中稳定存在的承载面，具有明确的使用场景和可编辑结构,screened
人造物体,人造物体 / 桌子 / 折叠边桌,24,keep,"[""桌面"", ""室内空间"", ""工作场所""]",折叠边桌作为可放置和支撑的物体，常见于室内空间和工作场所,折叠边桌具有稳定的桌面结构，可作为支撑和放置区域，常见于多种室内场景,screened
人造物体,人造物体 / 桌子 / 支架,26,keep,"[""桌面"", ""室内环境"", ""工作场所""]",桌子和支架作为支撑或放置平台的场景,桌子和支架通常提供稳定的承载面，适用于多种室内和工作场景,screened
人造物体,人造物体 / 桌子 / 早餐桌,25,keep,"[""室内"", ""桌面"", ""早餐场景""]",包含家庭或餐厅等室内环境中用于早餐的桌子,早餐桌常见于室内场景，提供稳定支撑和放置区域，具有明确的使用场景和承载功能,screened
人造物体,人造物体 / 桌子 / 板,55,keep,"[""桌面"", ""室内环境"", ""工作场所""]",桌子类板状物体在桌面或工作场景中的稳定使用环境,桌子类板状物体通常作为支撑或承载面存在，具有稳定的场景来源，如桌面、办公台、学习区域等。,screened
人造物体,人造物体 / 桌子 / 柜台,243,keep,"[""桌面"", ""室内"", ""工作场所""]",桌子和柜台作为支撑或放置区域，常见于室内、工作场所等场景,桌子和柜台提供稳定承载面，常见于多种室内和工作场景，具有稳定的场景来源,screened
人造物体,人造物体 / 桌子 / 栈架桌,22,keep,"[""桌面"", ""室内空间"", ""工作场所""]",桌子类物品在各种室内和工作场景中作为支撑或放置面的稳定来源,栈架桌作为桌面类物品，常见于室内和工作场所，提供稳定承载面，符合可编辑环境结构的覆盖需求,screened
人造物体,人造物体 / 桌子 / 独柱桌,19,keep,"[""桌面"", ""室内空间"", ""工作场所""]",包含独柱桌在各种室内或工作场景中的使用环境，如办公室、教室、餐厅等,独柱桌作为家具单品，通常提供稳定支撑和放置区域，常见于多种室内场景中，具有明确的场景来源,screened
人造物体,人造物体 / 桌子 / 玻璃桌,23,keep,"[""桌面"", ""室内环境"", ""工作场所""]",包含玻璃材质的桌子在各种室内场景中的使用情况,玻璃桌作为常见家具单品，通常出现在室内或工作场所的桌面场景中，提供稳定支撑和放置区域。,screened
人造物体,人造物体 / 桌子 / 电脑桌,26,keep,"[""室内"", ""工作场所"", ""桌面""]",电脑桌作为室内家具，常见于办公或学习场景，提供稳定支撑和放置区域,电脑桌属于常见室内家具，具有稳定且反复出现的使用场景，可作为支撑和放置区域提供有效环境来源,screened
人造物体,人造物体 / 桌子 / 茶桌,27,keep,"[""室内"", ""桌面"", ""家庭空间""]",茶桌作为室内家具，常见于家庭或茶室场景，提供稳定放置和使用空间,茶桌属于常见室内家具，具有稳定且反复出现的使用场景，如家庭、茶室等，能提供明确的承载和使用环境,screened
人造物体,人造物体 / 桌子 / 赌桌,28,hold,[],类别范围,仅凭'赌桌'无法确定稳定场景或承载区域来源，缺乏明确的通用场景支持,screened
人造物体,人造物体 / 桌子 / 边桌,24,keep,"[""桌面"", ""室内""]",边桌作为支撑或放置区域的场景，常见于室内空间如客厅、书房等,边桌提供稳定的放置和支撑功能，常见于多种室内场景，具有明确的场景来源,screened
人造物体,人造物体 / 桌子 / 野餐桌,27,keep,"[""户外场景"", ""庭院公园"", ""自然环境""]",野餐桌主要出现在户外庭院、公园等自然或半自然环境中，提供用餐或社交的支撑面,野餐桌作为户外用餐设施，具有稳定的场景来源，常见于庭院、公园等开放空间，能提供明确的承载和使用场景,screened
人造物体,人造物体 / 桌子 / 隔间,20,keep,"[""室内"", ""工作场所"", ""隔间环境""]",包含室内空间中用于分隔区域的桌子及其相关隔间结构,桌子和隔间在多种室内场景中提供稳定承载和空间分隔功能，具有明确的实用场景来源,screened
人造物体,人造物体 / 桶形柜,28,keep,"[""室内储物空间"", ""家居环境"", ""工作场所""]",桶形柜作为储物设施出现在室内或工作环境中，提供稳定承载和收纳功能,桶形柜常见于家居和工作场所，具有稳定的储物和承载功能，能提供有效的收纳场景,screened
人造物体,人造物体 / 梳子,26,reject,[],梳子,梳子属于孤立小物特写，缺乏稳定有用的场景或承载区域来源。,screened
人造物体,人造物体 / 棺罩,29,reject,[],棺罩,棺罩属于抽象符号和纯文字类，缺乏稳定、可用的场景或承载区域来源。,screened
人造物体,人造物体 / 橡皮环,18,reject,[],橡皮环,橡皮环属于孤立小物特写，缺乏稳定有用的场景或承载区域来源,screened
人造物体,人造物体 / 橱窗陈列,31,hold,[],橱窗陈列,仅凭分类名称无法确定是否存在稳定有用的场景或承载区域来源,screened
人造物体,人造物体 / 武器 / 刀,236,reject,[],刀类武器,刀通常为抽象符号或孤立小物特写，缺乏稳定有用的场景或承载区域来源。,screened
人造物体,人造物体 / 武器 / 喷火器,19,reject,[],喷火器相关场景,喷火器属于抽象符号或孤立小物特写，缺乏稳定、可用的场景或承载区域来源,screened
人造物体,人造物体 / 武器 / 大规模杀伤性武器,19,reject,[],武器类,大规模杀伤性武器多为抽象符号或纯文字，缺乏稳定、非偶然的场景或承载区域来源。,screened
人造物体,人造物体 / 武器 / 导弹,103,reject,[],武器类导弹,导弹属于抽象符号和军事标志，缺乏稳定、通用的场景或承载区域来源,screened
人造物体,人造物体 / 武器 / 希腊火,22,reject,[],希腊火作为历史概念，主要存在于文献或艺术表现中，无稳定现实场景或承载环境,希腊火属于历史武器概念，缺乏稳定、可编辑的现实场景或承载环境，仅存在于文字或符号中,screened
人造物体,人造物体 / 武器 / 弓,40,hold,[],武器类物品,仅凭'弓'这一分类无法确定其是否包含稳定可用的场景或承载环境来源,screened
人造物体,人造物体 / 武器 / 弓箭,23,hold,[],武器类物品,分类名称无法确定具体场景或稳定来源，缺乏明确的场景或承载环境支持,screened
人造物体,人造物体 / 武器 / 战斧,20,reject,[],武器类物品,战斧属于抽象符号或孤立小物特写，缺乏稳定有用的场景或承载区域来源。,screened
人造物体,人造物体 / 武器 / 手枪,538,reject,[],手枪类别,手枪属于抽象符号和孤立小物特写，缺乏稳定有用的场景或承载区域来源。,screened
人造物体,人造物体 / 武器 / 投石索,23,reject,[],武器类投石索,投石索属于抽象符号或孤立小物特写，缺乏稳定、可用的场景或承载区域来源。,screened
人造物体,人造物体 / 武器 / 指关节,18,reject,[],仅包含指关节类武器的抽象符号或文字标识,指关节属于抽象符号或孤立小物特写，缺乏稳定、可用的场景或承载区域来源,screened
人造物体,人造物体 / 武器 / 火攻船,22,hold,[],武器类火攻船,分类名称模糊，缺乏明确的稳定场景或承载环境来源，无法确定其具体应用场景。,screened
人造物体,人造物体 / 武器 / 电击枪,19,reject,[],电击枪相关场景,电击枪属于抽象符号和孤立小物特写，缺乏稳定有用的场景或承载区域来源,screened
人造物体,人造物体 / 武器 / 矛,22,reject,[],武器类物品,矛作为武器主要呈现为抽象符号或孤立小物特写，缺乏稳定、可用的场景或承载区域来源。,screened
人造物体,人造物体 / 武器 / 砍杀者,26,reject,[],武器类物品,砍杀者属于抽象符号或虚构概念，缺乏稳定、可用的场景或承载区域来源。,screened
人造物体,人造物体 / 武器 / 葡萄弹,23,reject,[],仅包含抽象符号或孤立小物特写,葡萄弹属于抽象符号或孤立小物特写，缺乏稳定有用的场景或承载区域来源,screened
人造物体,人造物体 / 武器 / 近战武器,19,reject,[],近战武器,近战武器多为抽象符号或孤立小物特写，缺乏稳定有用的场景或承载区域来源。,screened
人造物体,人造物体 / 武器 / 长矛,23,reject,[],长矛作为武器的符号或特写,长矛主要为抽象符号或孤立小物特写，缺乏稳定、通用的场景或承载区域来源,screened
人造物体,人造物体 / 武器与安防用品,87,keep,"[""交通环境"", ""公共空间"", ""生产工作场所""]",武器与安防用品在各类场景中的实际应用和部署环境,武器与安防用品常见于公共空间、交通环境和生产工作场所，具有稳定的场景来源和承载环境,screened
人造物体,人造物体 / 武器与安防用品 / 个人防护装备,20,keep,"[""工作场所"", ""公共安全环境""]",个人防护装备在工作或公共安全场景中的使用环境,个人防护装备常见于工作场所和公共安全环境，具有稳定且可编辑的场景来源,screened
人造物体,人造物体 / 武器与安防用品 / 冷兵器,21,hold,[],冷兵器类别,仅凭分类名称无法确定是否存在稳定有用的场景或承载区域来源,screened
人造物体,人造物体 / 武器与安防用品 / 导弹武器,24,reject,[],导弹武器,导弹武器主要为抽象符号或纯文字，缺乏稳定、可用的场景或承载区域来源。,screened
人造物体,人造物体 / 武器与安防用品 / 枪械,25,reject,[],枪械,枪械属于抽象符号和孤立小物特写，缺乏稳定有用的场景或承载区域来源。,screened
人造物体,人造物体 / 武器与安防用品 / 消防器材,21,keep,"[""消防场景"", ""公共建筑内部"", ""应急环境""]",消防器材在消防场景、公共建筑内部及应急环境中的稳定使用场景,消防器材通常出现在消防场景、公共建筑内部及应急环境中，具有稳定且可编辑的承载面和使用背景,screened
人造物体,人造物体 / 武器与安防用品 / 火炮,79,reject,[],火炮相关场景,火炮属于抽象符号和军事标志，缺乏稳定、通用的场景或承载区域来源,screened
人造物体,人造物体 / 武器与安防用品 / 监控设备,19,keep,"[""监控场景"", ""室内环境"", ""公共安全区域""]",监控设备在各类场所中的部署和使用场景,监控设备常见于室内、公共空间和安全区域，具有稳定的场景来源和可编辑的承载环境,screened
人造物体,人造物体 / 武器与安防用品 / 警用器材,17,keep,"[""交通环境"", ""公共空间"", ""工作场所""]",警用器材在各类公共或交通场景中的使用环境,警用器材常出现在公共空间、交通环境和工作场所，具有稳定且可编辑的场景来源,screened
人造物体,人造物体 / 武器与安防用品 / 防盗设备,26,keep,"[""室内安防环境"", ""住宅空间"", ""公共安全区域""]",防盗设备在住宅、公共空间等场景中作为安全设施存在，提供稳定承载和使用环境,防盗设备如门锁、监控摄像头等常见于室内和公共安全区域，具有稳定且可编辑的场景来源,screened
人造物体,人造物体 / 母婴用品 / 喂养用品,20,hold,[],母婴用品中的喂养用品,仅凭分类名称无法确定是否存在稳定有用的场景或承载区域来源,screened
人造物体,人造物体 / 母婴用品 / 婴儿学步车,18,keep,"[""室内环境"", ""家庭空间"", ""儿童活动区域""]",婴儿学步车常见于家庭室内环境，用于儿童学步阶段，提供稳定支撑和移动路径,婴儿学步车通常出现在家庭室内或儿童活动区域，具有稳定的使用场景和承载功能，能提供有效的放置与移动环境,screened
人造物体,人造物体 / 母婴用品 / 婴儿寝具,24,keep,"[""婴儿房间"", ""室内空间"", ""家庭环境""]",婴儿寝具在家庭室内场景中的使用和存在,婴儿寝具通常出现在婴儿房间等稳定的家庭室内场景中，具有明确的承载和使用环境。,screened
人造物体,人造物体 / 母婴用品 / 婴儿洗护,18,hold,[],母婴用品中的婴儿洗护相关物品,仅凭分类名称无法确定是否存在稳定有用的场景或承载区域来源,screened
人造物体,人造物体 / 母婴用品 / 婴儿车,20,keep,"[""户外场景"", ""家庭环境"", ""儿童活动空间""]",婴儿车常见于家庭户外和儿童活动空间，具有稳定的使用场景和承载功能,婴儿车作为家庭中常见的移动载体，常出现在家庭户外、公园和儿童活动空间，具有稳定且可编辑的使用场景,screened
人造物体,人造物体 / 母婴用品 / 孕产用品,24,hold,[],母婴用品中的孕产相关物品,仅凭分类名称无法确定是否存在稳定有用的场景或承载区域来源,screened
人造物体,人造物体 / 母婴用品 / 安全座椅,21,reject,[],安全座椅,安全座椅主要为抽象符号或孤立小物特写，缺乏稳定、通用的场景或承载区域来源。,screened
人造物体,人造物体 / 母婴用品 / 纸尿裤护理,17,hold,[],母婴用品中的纸尿裤护理相关物品,仅凭分类名称无法确定是否存在稳定有用的场景或承载区域来源,screened
人造物体,人造物体 / 比基尼上衣,21,reject,[],比基尼上衣,仅提供抽象符号或孤立小物特写，无稳定有用的场景或承载区域来源,screened
人造物体,人造物体 / 气球拱门,24,reject,[],气球拱门,气球拱门通常为抽象符号或装饰性小物特写，缺乏稳定、通用的场景或承载区域来源。,screened
人造物体,人造物体 / 水冷却器,20,hold,[],人造物体 / 水冷却器,仅凭分类名称无法确定其是否包含稳定有用的场景或承载区域来源,screened
人造物体,人造物体 / 水浴加热器,19,reject,[],水浴加热器相关场景,水浴加热器多为孤立小物特写或品牌标志，缺乏稳定、通用的场景或承载区域来源,screened
人造物体,人造物体 / 水管,23,hold,[],人造物体 / 水管,仅凭分类名称无法确定是否存在稳定有用的场景或承载区域来源,screened
人造物体,人造物体 / 水翼,17,reject,[],水翼,水翼属于抽象符号或孤立小物特写，缺乏稳定有用的场景或承载区域来源。,screened
人造物体,人造物体 / 汽化器,22,reject,[],汽化器,汽化器通常为抽象符号或孤立小物特写，缺乏稳定有用的场景或承载区域来源。,screened
人造物体,人造物体 / 沐浴露,21,reject,[],沐浴露作为个人护理产品，通常以瓶装形式存在，多见于浴室或个人用品收纳区,沐浴露属于抽象符号和纯文字类物品，缺乏稳定、可编辑的场景或承载面来源,screened
人造物体,人造物体 / 洁面产品,19,reject,[],洁面产品,洁面产品多为抽象符号或孤立小物特写，缺乏稳定有用的场景或承载区域来源。,screened
人造物体,人造物体 / 洗发水,23,reject,[],洗发水相关产品,洗发水属于纯文字或品牌标志类物品，缺乏稳定、可用的场景或承载区域来源,screened
人造物体,人造物体 / 洗漱用品 / 乳液,118,reject,[],乳液相关场景,乳液多为纯文字、品牌标志或孤立小物特写，缺乏稳定有用的场景或承载区域来源,screened
人造物体,人造物体 / 洗漱用品 / 体香剂,23,reject,[],体香剂相关物品,体香剂多为纯文字、品牌标志或孤立小物特写，缺乏稳定有用的场景或承载区域来源,screened
人造物体,人造物体 / 洗漱用品 / 剃须泡沫,25,reject,[],剃须泡沫作为纯物品特写，无稳定场景或承载环境,剃须泡沫属于孤立小物特写，缺乏稳定、可编辑的场景或承载面来源,screened
人造物体,人造物体 / 洗漱用品 / 剃须皂,25,reject,[],剃须皂作为纯文字或品牌标志出现的场景,剃须皂属于孤立小物特写，缺乏稳定、通用的场景或承载区域来源,screened
人造物体,人造物体 / 洗漱用品 / 化妆品,233,reject,[],化妆品类物品,化妆品类多为纯文字、品牌标志或孤立小物特写，缺乏稳定有用的场景或承载区域来源,screened
人造物体,人造物体 / 洗漱用品 / 发油,25,reject,[],洗漱用品中的发油,发油属于纯文字或品牌标志类物品，缺乏稳定、可用的场景或承载区域来源,screened
人造物体,人造物体 / 洗漱用品 / 发胶,22,reject,[],洗漱用品类,发胶属于纯文字或孤立小物特写，缺乏稳定有用的场景或承载区域来源,screened
人造物体,人造物体 / 洗漱用品 / 奶油,95,reject,[],仅限于洗漱用品中的奶油,奶油属于纯文字或孤立小物特写，缺乏稳定、可用的场景或承载区域来源,screened
人造物体,人造物体 / 洗漱用品 / 本质,130,reject,[],洗漱用品的本质,该分类仅涉及抽象本质描述，缺乏稳定、具体的场景或承载环境来源。,screened
人造物体,人造物体 / 洗漱用品 / 止汗剂,25,reject,[],止汗剂相关场景,止汗剂多为纯文字、品牌标志或孤立小物特写，缺乏稳定有用的场景或承载区域来源,screened
人造物体,人造物体 / 洗漱用品 / 沐浴油,27,reject,[],沐浴油作为纯文字或品牌标志出现,沐浴油通常为抽象符号或孤立小物特写，缺乏稳定、可用的场景或承载区域来源,screened
人造物体,人造物体 / 洗漱用品 / 浴盐,26,reject,[],浴盐相关场景,浴盐多为纯文字、品牌标志或孤立小物特写，缺乏稳定有用的场景或承载区域来源,screened
人造物体,人造物体 / 洗漱用品 / 粉末,74,hold,[],洗漱用品中的粉末类物品,仅凭分类名称无法确定是否存在稳定有用的场景或承载区域来源,screened
人造物体,人造物体 / 浮子 / 木筏,24,keep,"[""水上环境"", ""自然水域""]",浮子和木筏主要出现在水域或水上环境中，如河流、湖泊、海洋等，可作为漂浮物或交通工具的支撑结构,木筏和浮子常见于水上环境，提供稳定漂浮和承载功能，具有明确的场景来源和实用价值,screened
人造物体,人造物体 / 浴室加热器,24,reject,[],浴室加热器,仅提供抽象符号或孤立小物特写，缺乏稳定有用的场景或承载区域来源,screened
人造物体,人造物体 / 浴室水槽,22,keep,"[""室内"", ""浴室""]",浴室中的水槽及其相关环境,浴室水槽是常见且稳定的室内设施，提供明确的承载和使用场景,screened
人造物体,人造物体 / 海军装备,22,keep,"[""海上环境"", ""军事基地"", ""舰船场景""]",海军装备在海上及军事设施中的应用场景,海军装备通常出现在海上环境和军事基地中，具有稳定且可编辑的场景来源,screened
人造物体,人造物体 / 消防设备,22,keep,"[""消防场景"", ""公共空间"", ""工作场所""]",消防设备在公共空间、工作场所等场景中的稳定出现,消防设备常见于公共空间和工作场所，具有稳定的场景来源和承载环境,screened
人造物体,人造物体 / 淋浴头,22,reject,[],淋浴头,淋浴头属于孤立小物特写，缺乏稳定有用的场景或承载区域来源,screened
人造物体,人造物体 / 清新剂,27,reject,[],清新剂,清新剂多为抽象符号或纯文字，缺乏稳定有用的场景或承载区域来源,screened
人造物体,人造物体 / 清洁与卫浴用品,11,keep,"[""室内卫生间"", ""家庭清洁场景""]",清洁与卫浴用品在室内卫生间及家庭清洁场景中的使用环境,清洁与卫浴用品常见于室内卫生间场景，提供稳定且实用的使用环境,screened
人造物体,人造物体 / 清洁与卫浴用品 / 卫浴洁具,20,keep,"[""室内卫生间"", ""家庭卫浴环境""]",卫浴洁具在家庭或公共卫生间中的使用场景,卫浴洁具通常出现在室内卫生间场景中，具有稳定且常见的使用环境,screened
人造物体,人造物体 / 清洁与卫浴用品 / 垃圾处理用品,16,keep,"[""室内环境"", ""卫生间场景""]",卫生间及室内清洁相关场景中涉及垃圾处理的用品,垃圾处理用品常见于卫生间和室内清洁场景，具有稳定且普遍的来源,screened
人造物体,人造物体 / 清洁与卫浴用品 / 洗涤用品,20,keep,"[""室内卫生间"", ""家庭清洁场景""]",卫生间及家庭清洁相关环境中的洗涤用品使用场景,洗涤用品常见于室内卫生间场景，具有稳定且持续的使用环境，能提供可靠的承载与交互来源,screened
人造物体,人造物体 / 清洁与卫浴用品 / 洗衣用品,22,keep,"[""室内卫生间"", ""家庭清洁场景""]",洗衣用品在家庭或公共场所卫生间的使用场景,洗衣用品常见于室内卫生间或家庭清洁场景，具有稳定且持续的来源环境,screened
人造物体,人造物体 / 清洁与卫浴用品 / 浴室收纳用品,22,keep,"[""浴室"", ""室内空间"", ""清洁场景""]",浴室内的收纳用品及其使用环境,浴室收纳用品通常出现在稳定的浴室场景中，提供明确的承载和使用环境,screened
人造物体,人造物体 / 清洁与卫浴用品 / 消毒用品,27,keep,"[""室内卫生环境"", ""卫生间场景""]",消毒用品在室内卫生和卫生间场景中的使用环境,消毒用品常见于室内卫生和卫生间场景，提供稳定且实用的使用环境,screened
人造物体,人造物体 / 清洁与卫浴用品 / 淋浴用品,25,keep,"[""浴室环境"", ""室内空间""]",淋浴用品在浴室或室内空间中的使用场景,淋浴用品通常出现在浴室环境中，具有稳定的场景来源和实用的承载面，符合可编辑环境结构的需求,screened
人造物体,人造物体 / 清洁与卫浴用品 / 清扫工具,23,keep,"[""室内环境"", ""清洁场景"", ""家居空间""]",各类室内清洁场景中使用的清扫工具，如扫帚、拖把等,清扫工具常见于室内环境，提供稳定且可编辑的清洁场景来源,screened
人造物体,人造物体 / 游戏器材 / 保龄球装备,20,keep,"[""室内场馆"", ""体育活动场景""]",保龄球馆或类似室内体育设施中的游戏器材环境,保龄球装备通常出现在室内场馆中，具有稳定且可编辑的场景来源，如球道、球瓶等，能提供明确的承载和使用环境。,screened
人造物体,人造物体 / 游戏器材 / 台球台,25,keep,"[""室内游戏场景"", ""家庭娱乐空间"", ""休闲娱乐环境""]",台球台常见于家庭、酒吧、俱乐部等室内娱乐场所，提供稳定承载和游戏交互环境,台球台通常出现在室内娱乐场景中，具有稳定的承载面和明确的游戏使用环境，符合可编辑场景需求,screened
人造物体,人造物体 / 游戏器材 / 弹球台,27,keep,"[""室内游戏空间"", ""娱乐场所""]",弹球台常见于家庭娱乐室、酒吧、游戏厅等室内场景，提供稳定承载和互动环境,弹球台通常设置在室内游戏空间或娱乐场所，具有稳定的承载面和明确的使用场景，可作为可编辑环境的一部分,screened
人造物体,人造物体 / 游戏器材 / 彩弹枪,27,reject,[],彩弹枪相关场景,彩弹枪主要为抽象符号或孤立小物特写，缺乏稳定、通用的场景或承载区域来源,screened
人造物体,人造物体 / 游戏器材 / 柜台,24,keep,"[""室内场景"", ""商业场所""]",游戏器材柜台在商业或室内环境中作为展示或交易的支撑面,柜台作为稳定承载面，常见于室内商业空间，提供明确的场景和可编辑环境结构,screened
人造物体,人造物体 / 游戏器材 / 棋子,52,hold,[],游戏器材中的棋子,仅凭'棋子'无法确定其稳定存在的场景或承载环境，缺乏明确的可编辑场景来源,screened
人造物体,人造物体 / 游戏器材 / 游戏板,21,keep,"[""桌面"", ""室内""]",游戏板作为可放置和使用的物品，常见于家庭或室内游戏场景中，提供稳定承载和交互空间,游戏板通常放置在桌面或室内环境中，具有稳定的使用场景和承载面，符合可编辑环境结构要求,screened
人造物体,人造物体 / 游戏器材 / 球,740,keep,"[""室内游戏场景"", ""户外运动场景""]",包含各种室内和户外的球类游戏场景，如家庭、公园、球场等,球类器材常见于多种场景中，如室内游戏、户外运动，具有稳定且广泛的场景来源,screened
人造物体,人造物体 / 游戏器材 / 球网,54,hold,[],游戏器材中的球网类物品,仅凭'球网'无法确定其稳定存在的场景或承载环境，缺乏明确的场景来源,screened
人造物体,人造物体 / 游戏器材 / 球门,47,reject,[],球门相关场景,球门属于抽象符号或孤立小物特写，缺乏稳定、通用的场景或承载区域来源,screened
人造物体,人造物体 / 游戏器材 / 篮板,27,keep,"[""室内体育场景"", ""运动场地""]",篮球场或室内运动空间中使用的篮板,篮板是体育运动中稳定的场景元素，常见于室内或室外运动场地，提供明确的承载和交互环境,screened
人造物体,人造物体 / 游戏器材 / 轮,28,keep,"[""交通环境"", ""庭院公园"", ""工作场所""]",轮类游戏器材在多种场景中作为支撑或移动部件存在,轮类游戏器材常见于交通环境、庭院公园和工作场所，具有稳定且可编辑的承载与使用场景,screened
人造物体,人造物体 / 游戏器材 / 运动用球,20,keep,"[""运动场景"", ""室外场地""]",运动用球在各类运动场景中的使用环境，如球场、公园、运动场等,运动用球常见于多种运动场景，具有稳定的使用环境和承载面，能提供明确的可编辑空间,screened
人造物体,人造物体 / 游戏器材 / 马蹄铁,26,reject,[],马蹄铁,马蹄铁通常为抽象符号或孤立小物特写，缺乏稳定有用的场景或承载区域来源。,screened
人造物体,人造物体 / 游戏棋盘,30,hold,[],游戏棋盘,仅凭分类名称无法确定其是否包含稳定有用的场景或承载区域来源,screened
人造物体,人造物体 / 湿巾,27,reject,[],湿巾作为单独物品，无稳定场景或承载环境,湿巾属于纯文字或孤立小物特写，缺乏稳定、可编辑的场景或承载区域来源,screened
人造物体,人造物体 / 滑块,31,hold,[],滑块作为人造物体的子类，缺乏明确的稳定场景或承载环境来源,仅凭'滑块'这一名称无法确定其具体应用场景或是否存在稳定可用的场景来源,screened
人造物体,人造物体 / 滑板 / 滑雪板,39,reject,[],滑板类物品,滑雪板和滑板多为抽象符号或孤立小物特写，缺乏稳定有用的场景或承载区域来源。,screened
人造物体,人造物体 / 滑雪装备,25,hold,[],滑雪装备,仅凭分类名称无法确定是否存在稳定有用的场景或承载区域来源,screened
人造物体,人造物体 / 漱口水,20,reject,[],漱口水,漱口水属于纯文字或孤立小物特写，缺乏稳定有用的场景或承载区域来源。,screened
人造物体,人造物体 / 潜水头盔,23,reject,[],潜水头盔,潜水头盔属于孤立小物特写，缺乏稳定有用的场景或承载区域来源。,screened
人造物体,人造物体 / 灌溉系统,26,keep,"[""农田环境"", ""园林景观"", ""户外空间""]",灌溉系统在农田、园林和户外空间中的应用场景,灌溉系统常见于农田、园林景观和户外空间，提供稳定且实用的场景来源,screened
人造物体,人造物体 / 火车车窗,24,reject,[],火车车窗,火车车窗属于纯文字或符号化元素，缺乏稳定、可用的场景或承载区域来源。,screened
人造物体,人造物体 / 灭火器,34,keep,"[""室内场所"", ""消防设施""]",灭火器常见于室内场所和消防设施环境中，如办公楼、商场、住宅等,灭火器通常设置在室内场所和消防设施中，具有稳定的场景来源和承载环境,screened
人造物体,人造物体 / 灯 / 台灯,45,keep,"[""室内"", ""桌面""]",台灯常见于室内环境，常放置于桌面或家具上，提供照明功能,台灯常见于室内场景，具有稳定的放置位置和使用环境，能提供有效的照明和承载区域,screened
人造物体,人造物体 / 灯 / 落地灯,17,keep,"[""室内环境"", ""家居空间""]",落地灯常见于室内家居环境，提供照明和装饰功能,落地灯多见于室内空间，具有稳定的场景来源和可编辑的承载面,screened
人造物体,人造物体 / 灯 / 阅读灯,16,keep,"[""阅读场景"", ""室内环境"", ""桌面场景""]",阅读灯常见于室内阅读场景，通常放置在桌面上，提供局部照明,阅读灯在室内阅读场景中具有稳定且常见的使用来源，能提供明确的承载和使用环境,screened
人造物体,人造物体 / 炖煮器具,24,keep,"[""厨房环境"", ""家庭厨房""]",厨房中用于炖煮的器具，如砂锅、电饭煲等,炖煮器具通常出现在厨房环境中，提供稳定且常见的使用场景和承载面。,screened
人造物体,人造物体 / 点火器 / 摩擦火柴,22,reject,[],摩擦火柴相关场景,摩擦火柴主要为抽象符号或孤立小物特写，缺乏稳定、通用的场景或承载区域来源,screened
人造物体,人造物体 / 点火器 / 火星塞,23,reject,[],火星塞,火星塞属于抽象符号和孤立小物特写，缺乏稳定有用的场景或承载区域来源。,screened
人造物体,人造物体 / 烘手机,23,hold,[],烘手机,仅凭分类名称无法确定其是否具有稳定有用的场景或承载区域来源,screened
人造物体,人造物体 / 烧木炉,19,keep,"[""室内环境"", ""户外庭院"", ""生产场所""]",烧木炉常见于室内或户外的取暖、烹饪场景，具有稳定的承载和使用环境,烧木炉通常出现在室内或户外的特定场景中，如家庭取暖区、户外营地或生产场所，具备稳定且可编辑的使用环境,screened
人造物体,人造物体 / 煤气装置,23,keep,"[""室内环境"", ""厨房场景""]",煤气装置常见于厨房或家庭室内空间，提供稳定使用场景和承载环境,煤气装置通常出现在厨房等室内场景中，具有稳定的使用环境和承载面，符合可编辑环境结构要求,screened
人造物体,人造物体 / 熏蒸器,26,reject,[],熏蒸器相关场景,熏蒸器多为抽象符号或孤立小物特写，缺乏稳定、通用的场景或承载区域来源,screened
人造物体,人造物体 / 燧石工具,21,hold,[],人造物体 / 燧石工具,仅凭分类名称无法确定其具体场景或是否存在稳定有用的来源,screened
人造物体,人造物体 / 爆炸装置,22,reject,[],爆炸装置,爆炸装置属于抽象符号和危险物品，缺乏稳定、可用的场景或承载区域来源，不提供可编辑的环境结构。,screened
人造物体,人造物体 / 爽肤水,38,reject,[],爽肤水,爽肤水属于纯文字或品牌标志类物品，缺乏稳定有用的场景或承载区域来源。,screened
人造物体,人造物体 / 牙刷,38,reject,[],牙刷,牙刷属于孤立小物特写，缺乏稳定有用的场景或承载区域来源。,screened
人造物体,人造物体 / 牙膏,38,reject,[],牙膏作为个人护理用品，通常以包装形式出现，缺乏稳定、可编辑的场景或承载环境,牙膏属于孤立小物特写，无稳定场景或承载区域，不符合可编辑环境结构要求,screened
人造物体,人造物体 / 牛铃,19,reject,[],牛铃作为抽象符号或品牌标志，缺乏稳定可用的场景或承载区域来源,牛铃通常为孤立小物特写或符号，无稳定场景或承载面，无法提供可编辑的环境结构,screened
人造物体,人造物体 / 物品 / 木器,38,keep,"[""室内环境"", ""家具设施"", ""家居场景""]",包含各种木制物品在室内及家居环境中的使用场景,木器常见于室内家具和家居场景，具有稳定且广泛的场景来源,screened
人造物体,人造物体 / 物品 / 观念,36,reject,[],观念类抽象符号、纯文字、品牌标志等,该类别主要包含抽象符号、纯文字或品牌标志，缺乏稳定、可编辑的场景或承载区域来源。,screened
人造物体,人造物体 / 猫器具,54,hold,[],猫器具相关物品,仅凭分类名称无法确定是否存在稳定有用的场景或承载区域来源,screened
人造物体,人造物体 / 猫床,27,hold,[],猫床作为宠物用品，可能出现在家庭室内环境或宠物活动区域,仅凭'猫床'无法确定其是否具有稳定、普遍的场景来源，且缺乏明确的承载面或环境结构支持,screened
人造物体,人造物体 / 猫架,20,hold,[],猫架,仅凭分类名称无法确定是否存在稳定有用的场景或承载区域来源,screened
人造物体,人造物体 / 猫窝,39,hold,[],猫窝,仅凭分类名称无法确定是否存在稳定有用的场景或承载区域来源,screened
人造物体,人造物体 / 玩具,15,hold,[],玩具类别,仅凭分类名称无法确定是否存在稳定有用的场景或承载区域来源,screened
人造物体,人造物体 / 玩具 / sandbox play area,29,keep,"[""儿童游乐区"", ""户外游戏空间""]",儿童在沙盘区域进行玩耍的场景,沙盘游戏区是儿童常见且稳定的玩耍场景，具有明确的承载面和可编辑环境结构,screened
人造物体,人造物体 / 玩具 / 万花筒,35,hold,[],玩具类物品,仅凭'万花筒'无法确定其是否具有稳定场景或承载区域来源,screened
人造物体,人造物体 / 玩具 / 乐高,37,hold,[],玩具类物品,仅凭'乐高'无法确定其是否包含稳定场景或承载区域来源,screened
人造物体,人造物体 / 玩具 / 儿童木马,31,keep,"[""庭院公园"", ""儿童活动区""]",儿童木马常见于户外或家庭活动空间，作为儿童游乐设施存在,儿童木马通常出现在庭院公园或儿童活动区，具有稳定的场景来源和可编辑环境结构,screened
人造物体,人造物体 / 玩具 / 动物填充玩具,38,keep,"[""室内场景"", ""儿童空间""]",动物填充玩具常见于家庭、儿童房等室内环境，提供稳定放置和互动场景,动物填充玩具常出现在家庭或儿童空间中，具有稳定的场景来源和可编辑的承载环境,screened
人造物体,人造物体 / 玩具 / 呼啦圈,33,hold,[],玩具类物品,仅凭'呼啦圈'无法确定其是否具有稳定场景或承载区域来源,screened
人造物体,人造物体 / 玩具 / 填充玩具,38,hold,[],玩具类填充物,仅凭分类名称无法确定是否存在稳定有用的场景或承载区域来源,screened
人造物体,人造物体 / 玩具 / 娃娃,147,hold,[],娃娃类玩具,仅凭分类名称无法确定是否存在稳定有用的场景或承载区域来源,screened
人造物体,人造物体 / 玩具 / 弹簧单高跷,26,hold,[],玩具类物品,仅凭名称无法确定是否存在稳定有用的场景或承载区域来源,screened
人造物体,人造物体 / 玩具 / 毛绒玩具,68,keep,"[""室内场景"", ""儿童空间""]",毛绒玩具常见于家庭、儿童房等室内环境，提供可编辑的放置和互动场景,毛绒玩具常出现在家庭和儿童空间中，具有稳定的场景来源和可编辑的承载环境,screened
人造物体,人造物体 / 玩具 / 气球,35,hold,[],玩具类气球,仅凭'气球'无法确定稳定场景或承载区域来源，缺乏明确的使用环境或可编辑结构,screened
人造物体,人造物体 / 玩具 / 水枪,32,hold,[],玩具类水枪,仅凭名称无法确定是否存在稳定有用的场景或承载区域来源,screened
人造物体,人造物体 / 玩具 / 泰迪熊,33,hold,[],玩具/泰迪熊类别,仅凭名称无法确定是否存在稳定有用的场景或承载区域来源,screened
人造物体,人造物体 / 玩具 / 游乐场滑梯,28,keep,"[""游乐场"", ""儿童活动空间"", ""室外公共环境""]",游乐场中的滑梯作为儿童游乐设施，常见于室外公共空间和儿童活动区域,游乐场滑梯通常设置在儿童活动空间中，具有稳定的场景来源和明确的承载环境,screened
人造物体,人造物体 / 玩具 / 游戏屋,32,hold,[],玩具屋类别,仅凭分类名称无法确定是否存在稳定有用的场景或承载区域来源,screened
人造物体,人造物体 / 玩具 / 玩偶之家,33,hold,[],玩具/玩偶之家,仅凭分类名称无法确定是否存在稳定有用的场景或承载区域来源,screened
人造物体,人造物体 / 玩具 / 玩偶匣,29,hold,[],玩具/玩偶匣类物品,仅凭名称无法确定是否存在稳定有用的场景或承载区域来源,screened
人造物体,人造物体 / 玩具 / 玩具车,48,hold,[],玩具车类别,仅凭分类名称无法确定是否存在稳定有用的场景或承载区域来源,screened
人造物体,人造物体 / 玩具 / 球,52,hold,[],玩具类球的使用场景,仅凭'球'无法确定其具体使用场景或稳定来源，缺乏明确的场景支撑,screened
人造物体,人造物体 / 玩具 / 皮纳塔,22,hold,[],玩具类皮纳塔,仅凭名称无法确定是否存在稳定有用的场景或承载区域来源,screened
人造物体,人造物体 / 玩具 / 纸风车,21,reject,[],纸风车作为抽象符号或孤立小物特写，缺乏稳定有用的场景或承载区域来源,纸风车通常为孤立小物特写或抽象符号，无稳定场景或承载区域，不符合可编辑环境结构要求,screened
人造物体,人造物体 / 玩具 / 跷跷板,20,hold,[],玩具类物品,仅凭'跷跷板'无法确定其是否具有稳定场景或承载区域来源，缺乏明确的使用环境或空间结构支撑。,screened
人造物体,人造物体 / 玩具 / 风筝,26,hold,[],玩具类物品,仅凭'风筝'无法确定其是否具有稳定场景或承载区域来源，缺乏明确的使用环境或空间结构支撑,screened
人造物体,人造物体 / 玩具 / 飞盘,18,hold,[],玩具类飞盘,仅凭分类名称无法确定是否存在稳定有用的场景或承载区域来源,screened
人造物体,人造物体 / 玩具与潮玩 / 互动娱乐,220,hold,[],玩具与潮玩 / 互动娱乐,仅凭分类名称无法确定是否存在稳定有用的场景或承载区域来源,screened
人造物体,人造物体 / 玩具与潮玩 / 桌游卡牌,353,hold,[],玩具与潮玩 / 桌游卡牌,仅凭分类名称无法确定是否存在稳定有用的场景或承载区域来源,screened
人造物体,人造物体 / 玩具与潮玩 / 潮玩手办,563,hold,[],潮玩手办,仅凭分类名称无法确定是否存在稳定有用的场景或承载区域来源,screened
人造物体,人造物体 / 玩具汽车,23,hold,[],玩具汽车,仅凭分类名称无法确定是否存在稳定有用的场景或承载区域来源,screened
人造物体,人造物体 / 玩具积木,24,hold,[],玩具积木,仅凭分类名称无法确定是否存在稳定有用的场景或承载区域来源,screened
人造物体,人造物体 / 玩玩具火车,21,hold,[],玩玩具火车,仅凭分类名称无法确定是否存在稳定有用的场景或承载区域来源,screened
人造物体,人造物体 / 玻璃桌子,25,keep,"[""桌面"", ""室内""]",玻璃桌子作为桌面类物品，常见于室内空间，提供稳定支撑和放置区域,玻璃桌子属于常见家具，通常出现在室内环境，可作为稳定支撑和放置区域，具有明确且稳定的场景来源,screened
人造物体,人造物体 / 球体 / 地球仪,22,reject,[],地球仪作为抽象符号或纯文字出现,地球仪通常为抽象符号或品牌标志，缺乏稳定、可用的场景或承载区域来源,screened
人造物体,人造物体 / 球池,19,keep,"[""室内游戏场景"", ""运动场地""]",球池常见于室内游戏或运动场地，提供稳定承载和互动环境,球池通常出现在室内游戏或运动场地，具有稳定的承载和互动场景，符合可编辑环境结构,screened
人造物体,人造物体 / 用具 / 全套工具,234,keep,"[""工作场所"", ""维修环境"", ""室内工具区""]",包含各类工具在实际使用场景中的摆放和操作环境,全套工具通常出现在工作场所或维修环境中，具有稳定的场景来源和可编辑的承载面,screened
人造物体,人造物体 / 用具 / 平头钉,363,reject,[],平头钉作为孤立小物特写或符号,平头钉属于孤立小物特写或品牌标志，缺乏稳定、可用的场景或承载区域来源,screened
人造物体,人造物体 / 用具 / 渔具,44,keep,"[""水域环境"", ""捕鱼场景""]",渔具在水域或捕鱼场景中的使用环境,渔具通常出现在水域环境或捕鱼场景中，具有稳定且可编辑的承载和使用场景,screened
人造物体,人造物体 / 用具 / 王权服饰,15,reject,[],王权服饰相关符号或标志,该类别主要为抽象符号、品牌标志或孤立小物特写，缺乏稳定有用的场景或承载区域来源,screened
人造物体,人造物体 / 用具 / 索具,27,hold,[],用具类索具,仅凭分类名称无法确定其具体应用场景或是否存在稳定有用的场景来源,screened
人造物体,人造物体 / 用具 / 钻井平台,19,keep,"[""海上作业环境"", ""石油开采场景"", ""工业设施""]",钻井平台主要存在于海上或陆上油田的开采作业中，作为核心作业设施提供稳定支撑和操作空间,钻井平台是稳定的工业设施，常出现在海上或陆上石油开采场景中，提供明确的承载和操作环境,screened
人造物体,人造物体 / 电力设备 / 保险丝,31,reject,[],保险丝作为电力设备的组成部分，通常出现在电路板或电器内部，缺乏稳定、可编辑的场景或承载面环境,保险丝属于抽象符号或孤立小物特写，无稳定可用的场景或承载区域来源,screened
人造物体,人造物体 / 电力设备 / 公插头,30,reject,[],公插头相关场景,公插头属于抽象符号和孤立小物特写，缺乏稳定有用的场景或承载区域来源,screened
人造物体,人造物体 / 电力设备 / 冷凝器,26,keep,"[""工业环境"", ""生产场所""]",冷凝器常见于工业设备和生产环境中，作为制冷系统的一部分,冷凝器通常出现在工业和生产场所，具有稳定的场景来源和承载环境,screened
人造物体,人造物体 / 电力设备 / 千斤顶,25,reject,[],电力设备中的千斤顶,千斤顶属于孤立小物特写，缺乏稳定、广泛的场景或承载区域来源,screened
人造物体,人造物体 / 电力设备 / 发射天线,93,keep,"[""交通环境"", ""通信设施""]",电力设备中的发射天线通常部署在通信塔、基站或野外设施中，提供稳定信号覆盖,发射天线常部署在固定通信设施中，具有明确的场景和承载环境，可作为稳定场景来源,screened
人造物体,人造物体 / 电力设备 / 变压器,15,keep,"[""电力设施"", ""变电站环境"", ""工业场所""]",电力设备中的变压器在变电站、工业设施等场景中作为稳定设备存在,变压器通常部署在变电站或工业场所，具有稳定的承载和运行环境，能提供可靠的电力设施场景来源,screened
人造物体,人造物体 / 电力设备 / 塞子,53,reject,[],电力设备中的塞子,塞子通常为孤立小物特写或品牌标志，缺乏稳定、可用的场景或承载区域来源,screened
人造物体,人造物体 / 电力设备 / 太阳能板,14,keep,"[""户外场景"", ""屋顶安装"", ""太阳能应用""]",太阳能板在屋顶、庭院或户外设施中的安装场景,太阳能板常出现在屋顶、户外墙面或庭院等稳定场景中，提供明确的承载和使用环境,screened
人造物体,人造物体 / 电力设备 / 抑制器,18,reject,[],电力设备中的抑制器,抑制器多为抽象符号或孤立小物特写，缺乏稳定有用的场景或承载区域来源,screened
人造物体,人造物体 / 电力设备 / 换能器,201,hold,[],电力设备中的换能器,仅凭分类名称无法确定其是否具有稳定可用的场景或承载环境来源,screened
人造物体,人造物体 / 电力设备 / 电池,69,keep,"[""工作场所"", ""室内环境""]",电池常出现在工作场所或室内环境中，如电子设备、车辆、储能系统等,电池作为电力设备，常见于工作场所和室内环境，提供稳定电源支持，具有明确的场景来源,screened
人造物体,人造物体 / 电力设备 / 电磁继电器,17,reject,[],电磁继电器相关场景,电磁继电器多为抽象符号或孤立小物特写，缺乏稳定、通用的场景或承载区域来源,screened
人造物体,人造物体 / 电力设备 / 电路,175,hold,[],电力设备中的电路相关结构,仅凭'电路'无法确定稳定可用的场景或承载环境来源，缺乏明确的场景覆盖,screened
人造物体,人造物体 / 电力设备 / 赛格威,23,reject,[],电力设备,赛格威属于个人交通工具，主要为动态移动设备，缺乏稳定、非偶然的场景或承载面来源，不符合稳定场景或环境结构的判断标准。,screened
人造物体,人造物体 / 电子器件 / BP机,38,reject,[],BP机作为电子器件，通常为孤立小物特写或品牌标志，缺乏稳定、可编辑的场景或承载区域来源,BP机属于孤立小物特写或品牌标志，无稳定可用的场景或承载环境，不符合可编辑环境结构要求,screened
人造物体,人造物体 / 电子器件 / 个人数字助理,30,reject,[],个人数字助理类电子设备,该类别主要为抽象符号或品牌标志，缺乏稳定、可用的场景或承载区域来源。,screened
人造物体,人造物体 / 电子器件 / 人工心脏起搏器,26,reject,[],人工心脏起搏器,仅提供抽象符号和孤立小物特写，无稳定有用的场景或承载区域来源,screened
人造物体,人造物体 / 电子器件 / 保护锁,29,reject,[],保护锁相关场景,保护锁多为抽象符号或孤立小物特写，缺乏稳定有用的场景或承载区域来源,screened
人造物体,人造物体 / 电子器件 / 助听器,21,reject,[],助听器相关场景,助听器属于抽象符号和孤立小物特写，缺乏稳定、可用的场景或承载区域来源,screened
人造物体,人造物体 / 电子器件 / 去纤颤器,23,reject,[],电子器件类,去纤颤器为医疗设备，通常出现在医院或医疗场景中，但其本身是抽象符号或孤立小物特写，缺乏稳定、通用的场景或承载区域来源。,screened
人造物体,人造物体 / 电子器件 / 发电机,32,keep,"[""工作场所"", ""户外设施""]",发电机常出现在工作场所或户外设施中，作为能源供应设备提供稳定支撑和承载环境,发电机通常部署在工作场所或户外设施中，具有稳定的承载和使用场景，能提供有效的支撑与环境结构,screened
人造物体,人造物体 / 电子器件 / 图像扫描仪,29,reject,[],图像扫描仪,图像扫描仪主要为抽象符号或孤立小物特写，缺乏稳定有用的场景或承载区域来源。,screened
人造物体,人造物体 / 电子器件 / 小鼠,27,reject,[],电子器件类,小鼠属于生物体，不属于电子器件，该分类含义不清，无稳定有用的场景或承载区域来源。,screened
人造物体,人造物体 / 电子器件 / 应答机,24,reject,[],应答机相关场景,应答机多为抽象符号或孤立小物特写，缺乏稳定有用的场景或承载区域来源,screened
人造物体,人造物体 / 电子器件 / 指示器,154,hold,[],电子器件中的指示器,仅凭名称无法确定指示器是否具有稳定可用的场景或承载环境来源,screened
人造物体,人造物体 / 电子器件 / 显示适配器,38,reject,[],电子器件类显示适配器,显示适配器多为抽象符号或孤立小物特写，缺乏稳定有用的场景或承载区域来源,screened
人造物体,人造物体 / 电子器件 / 热电子真空管,237,reject,[],电子器件,热电子真空管属于抽象符号和孤立小物特写，缺乏稳定有用的场景或承载区域来源。,screened
人造物体,人造物体 / 电子器件 / 读出值,23,reject,[],电子器件的读出值,读出值属于抽象符号或纯文字，缺乏稳定有用的场景或承载区域来源,screened
人造物体,人造物体 / 电子器件 / 轨迹球,24,reject,[],电子器件中的轨迹球,轨迹球属于抽象符号和孤立小物特写，缺乏稳定有用的场景或承载区域来源,screened
人造物体,人造物体 / 电子网络 / 信息高速公路,26,reject,[],信息高速公路,该分类主要指抽象符号和纯文字，缺乏稳定、具体的场景或承载区域来源。,screened
人造物体,人造物体 / 电子网络 / 计算机网络,44,reject,[],计算机网络,该类别主要提供抽象符号和纯文字，缺乏稳定、可用的场景或承载区域来源。,screened
人造物体,人造物体 / 电子设备 / CD播放器,28,reject,[],CD播放器相关场景,CD播放器通常为孤立小物特写或品牌标志，缺乏稳定、通用的场景或承载区域来源。,screened
人造物体,人造物体 / 电子设备 / 中央处理器,29,reject,[],电子设备中的中央处理器,中央处理器属于抽象符号和纯文字，缺乏稳定、可用的场景或承载区域来源,screened
人造物体,人造物体 / 电子设备 / 卡带播放机,26,keep,"[""室内环境"", ""家庭场景"", ""娱乐设备场景""]",卡带播放机常见于家庭、影音室等室内环境，提供稳定承载和播放功能,卡带播放机常出现在家庭或影音室等室内场景中，具有稳定的放置和使用环境，可作为承载和播放的设备来源,screened
人造物体,人造物体 / 电子设备 / 合同研究组织,27,reject,[],合同研究组织,该类别主要为抽象符号或品牌标志，缺乏稳定、可用的场景或承载区域来源。,screened
人造物体,人造物体 / 电子设备 / 回放,21,reject,[],电子设备中的回放功能相关设备,回放功能多为抽象符号或纯文字，缺乏稳定、可编辑的场景或承载区域来源,screened
人造物体,人造物体 / 电子设备 / 均衡器,21,reject,[],电子设备类均衡器,均衡器通常为抽象符号或纯文字，缺乏稳定、可用的场景或承载区域来源,screened
人造物体,人造物体 / 电子设备 / 外围设备,106,hold,[],电子设备的外围设备,仅凭分类名称无法确定是否存在稳定有用的场景或承载区域来源,screened
人造物体,人造物体 / 电子设备 / 探测器,22,hold,[],电子设备中的探测器类物品,分类名称缺乏明确的场景或承载环境信息，无法确定其稳定来源或适用场景,screened
人造物体,人造物体 / 电子设备 / 搅拌器,25,keep,"[""厨房场景"", ""家庭厨房""]",厨房中用于混合食材的电子设备,搅拌器常见于厨房场景，提供稳定且可编辑的承载与操作环境,screened
人造物体,人造物体 / 电子设备 / 收音电唱机,22,keep,"[""室内环境"", ""家庭空间"", ""娱乐场景""]",收音电唱机常见于家庭或室内娱乐场景，提供稳定承载和使用环境,收音电唱机常出现在家庭或室内娱乐场景中，具有稳定的使用环境和承载面，符合可编辑场景需求,screened
人造物体,人造物体 / 电子设备 / 放声系统,89,keep,"[""室内环境"", ""工作场所"", ""公共空间""]",放声系统在各类室内和公共空间中作为声音输出设备存在，常用于背景音乐、通知或环境氛围营造,放声系统常出现在室内、工作场所和公共空间中，具有稳定的场景来源和可编辑的承载环境,screened
人造物体,人造物体 / 电子设备 / 放大器,21,reject,[],电子设备类放大器,放大器通常为抽象符号或孤立小物特写，缺乏稳定、可用的场景或承载区域来源,screened
人造物体,人造物体 / 电子设备 / 电子透镜,19,reject,[],电子透镜,电子透镜多为抽象符号或纯文字，缺乏稳定有用的场景或承载区域来源。,screened
人造物体,人造物体 / 电子设备 / 电视设备,24,keep,"[""室内环境"", ""家庭空间"", ""客厅场景""]",电视设备常见于家庭客厅等室内场景，提供稳定观看和承载功能,电视设备通常安装在家庭客厅等固定室内场景中，具有稳定的承载和使用环境,screened
人造物体,人造物体 / 电子设备 / 电话,161,reject,[],电话作为电子设备，通常仅以符号或特写形式出现，缺乏稳定场景或承载面,电话多为孤立小物特写或品牌标志，缺乏稳定、可编辑的场景或承载环境,screened
人造物体,人造物体 / 电子设备 / 电路图,22,reject,[],电路图,电路图属于抽象符号和纯文字，缺乏稳定有用的场景或承载区域来源,screened
人造物体,人造物体 / 电子设备 / 监控器,46,reject,[],监控器,监控器通常为抽象符号或孤立小物特写，缺乏稳定有用的场景或承载区域来源。,screened
人造物体,人造物体 / 电子设备 / 磁带卡座,23,reject,[],磁带卡座,磁带卡座主要为抽象符号或孤立小物特写，缺乏稳定、通用的场景或承载区域来源。,screened
人造物体,人造物体 / 电子设备 / 磁带播放器,23,keep,"[""家庭娱乐场景"", ""旧物收藏环境""]",磁带播放器常见于家庭影音空间或复古收藏场景,磁带播放器常出现在家庭娱乐或怀旧收藏场景中，提供稳定可编辑的承载和使用环境,screened
人造物体,人造物体 / 电子设备 / 调制解调器,23,reject,[],电子设备类,调制解调器通常为抽象符号或纯文字，缺乏稳定、可用的场景或承载区域来源。,screened
人造物体,人造物体 / 电子设备 / 集合,92,hold,[],集合类电子设备,无法确定集合类电子设备的具体场景或稳定来源，缺乏明确的场景或承载环境支持,screened
人造物体,人造物体 / 电影海报,22,reject,[],电影海报,电影海报通常为抽象符号或纯文字，缺乏稳定有用的场景或承载区域来源。,screened
人造物体,人造物体 / 电源插头,19,reject,[],电源插头,电源插头属于抽象符号和孤立小物特写，缺乏稳定有用的场景或承载区域来源。,screened
人造物体,人造物体 / 电源插头和插座,48,keep,"[""室内环境"", ""工作场所""]",电源插头和插座常见于室内及工作场所的电气设施中,电源插头和插座是常见且稳定的室内电气设备，常出现在家庭、办公室等场景中，提供稳定电源承载环境,screened
人造物体,人造物体 / 电视机柜,24,keep,"[""室内"", ""家居环境"", ""家具设施""]",电视机柜作为室内家具，常见于家庭客厅或影音室，提供稳定承载和放置区域,电视机柜常见于家庭室内空间，具有稳定且可编辑的承载结构，能提供明确的放置和环境背景,screened
人造物体,人造物体 / 电镀品,17,hold,[],电镀品类别,仅凭分类名称无法确定是否存在稳定有用的场景或承载区域来源,screened
人造物体,人造物体 / 电风扇 / 吊扇,23,keep,"[""室内空间"", ""工作场所"", ""家庭环境""]",电风扇作为吊装式设备，常见于室内空间中，如客厅、办公室、房间等，提供通风功能，具有稳定的承载和使用场景,吊扇作为常见室内通风设备，具有稳定且普遍的安装场景，如家庭、办公室等室内空间，能提供明确的使用环境和承载面,screened
人造物体,人造物体 / 电风扇 / 抽风机,23,keep,"[""室内环境"", ""工作场所""]",电风扇和抽风机常见于室内空间，如客厅、厨房、办公室等，提供通风和空气流通功能,电风扇和抽风机通常出现在室内环境，如厨房、办公室或客厅，具有稳定的使用场景和承载面，能提供有效的通风和空气调节功能,screened
人造物体,人造物体 / 电风扇 / 落地扇,24,keep,"[""室内环境"", ""客厅场景"", ""通风场景""]",落地扇常见于室内空间，如客厅、卧室等，提供通风功能，具有稳定的承载和使用场景,落地扇作为室内常用电器，常出现在家庭客厅或卧室，具有明确且稳定的使用场景和承载环境,screened
人造物体,人造物体 / 盐和胡椒瓶,58,keep,"[""厨房桌面"", ""室内厨房""]",厨房环境中用于盛放盐和胡椒的容器,盐和胡椒瓶常见于厨房桌面，提供稳定且频繁的使用场景，具有明确的承载和放置功能,screened
人造物体,人造物体 / 盥洗台,48,keep,"[""室内空间"", ""卫生间环境""]",盥洗台常见于卫生间等室内场景，提供稳定承载和使用环境,盥洗台常见于卫生间等室内场景，提供稳定承载和使用环境，属于典型的生活空间设施,screened
人造物体,人造物体 / 盥洗台 / 导热体,23,hold,[],盥洗台/导热体相关结构,分类名称缺乏明确的场景或稳定来源，无法确定其在具体环境中的承载或使用场景。,screened
人造物体,人造物体 / 直发器,23,reject,[],直发器作为个人护理电器，通常出现在个人使用场景中，如梳妆台或浴室,直发器属于抽象符号和孤立小物特写，缺乏稳定、通用的场景或承载面来源,screened
人造物体,人造物体 / 眼影,54,reject,[],眼影,眼影属于纯文字或孤立小物特写，缺乏稳定有用的场景或承载区域来源,screened
人造物体,人造物体 / 眼线笔,56,reject,[],眼线笔作为个人化妆品，通常以单独物品形式出现，无稳定场景或承载环境,眼线笔属于纯文字或孤立小物特写，缺乏稳定、可编辑的场景或承载区域来源,screened
人造物体,人造物体 / 眼霜,57,reject,[],眼霜作为护肤品，通常以纯文字、品牌标志或孤立小物特写呈现,眼霜属于抽象符号和品牌标志，缺乏稳定、可用的场景或承载区域来源,screened
人造物体,人造物体 / 睫毛膏,36,reject,[],睫毛膏,睫毛膏属于纯文字或品牌标志类物品，缺乏稳定、可用的场景或承载区域来源,screened
人造物体,人造物体 / 砂箱,33,keep,"[""儿童游乐场"", ""沙盘游戏场景""]",砂箱常见于儿童游乐场或沙盘游戏场景中，作为可编辑的放置与互动环境,砂箱通常出现在儿童游乐场或沙盘游戏中，提供稳定的放置和互动场景，具有明确的使用环境,screened
人造物体,人造物体 / 研磨工具,140,hold,[],研磨工具类别,仅凭分类名称无法确定是否存在稳定有用的场景或承载区域来源,screened
人造物体,人造物体 / 破碎机,32,reject,[],破碎机,破碎机属于抽象设备，缺乏稳定、通用的场景或承载区域来源，主要为工业场景中的孤立设备，无广泛适用的环境结构或可编辑空间。,screened
人造物体,人造物体 / 碎纸机,65,reject,[],碎纸机作为办公用品，通常出现在办公环境中的特定位置,碎纸机属于孤立小物特写，缺乏稳定、广泛的场景或承载区域来源,screened
人造物体,人造物体 / 磁体,66,reject,[],磁体,磁体通常为抽象符号或孤立小物特写，缺乏稳定有用的场景或承载区域来源。,screened
人造物体,人造物体 / 磨石,65,hold,[],磨石作为人造物体的子类，缺乏明确的稳定场景或承载环境来源,仅凭'磨石'这一名称无法确定其具体应用场景或是否具备稳定可用的场景来源,screened
人造物体,人造物体 / 稳定器 / 安定翼,37,reject,[],安定翼,安定翼通常为抽象符号或纯文字，缺乏稳定有用的场景或承载区域来源。,screened
人造物体,人造物体 / 稳定器 / 横向稳定杆,36,reject,[],横向稳定杆,横向稳定杆通常为抽象符号或孤立小物特写，缺乏稳定有用的场景或承载区域来源。,screened
人造物体,人造物体 / 稳定器 / 舷外支架,32,hold,[],人造物体 / 稳定器 / 舷外支架,仅凭分类名称无法确定其是否包含稳定有用的场景或承载区域来源。,screened
人造物体,人造物体 / 筛分设备,22,hold,[],筛分设备,仅凭分类名称无法确定其具体场景或是否存在稳定有用的来源,screened
人造物体,人造物体 / 箱包首饰 / 功能包袋,64,keep,"[""携带场景"", ""个人物品空间"", ""出行环境""]",功能包袋在携带、出行和个人物品管理中的使用场景,功能包袋常见于携带场景和出行环境中，提供稳定承载和实用功能，具有明确的使用场景和空间来源,screened
人造物体,人造物体 / 箱包首饰 / 卡包,51,hold,[],卡包作为小型携带物品，可能出现在多种场景中，但具体使用场景不明确,仅凭'卡包'这一名称无法确定其稳定出现的场景或承载环境，缺乏明确的场景来源,screened
人造物体,人造物体 / 箱包首饰 / 双肩包,36,hold,[],双肩包作为人造物体的一种，可能出现在多种场景中，如日常出行、校园、办公场所等,仅凭'双肩包'这一物品名称，无法确定其是否具有稳定、普遍的场景或承载环境来源，缺乏明确的场景关联性,screened
人造物体,人造物体 / 箱包首饰 / 发饰,60,hold,[],发饰类物品,分类名称模糊，无法确定是否包含稳定场景或承载区域来源,screened
人造物体,人造物体 / 箱包首饰 / 手提包,189,keep,"[""携带场景"", ""个人出行场景""]",手提包常见于个人出行、携带物品的场景中，具有明确的使用环境和承载功能,手提包作为日常携带物品，常见于个人出行、购物、通勤等场景，具有稳定且广泛的使用环境，能提供有效的承载和放置区域,screened
人造物体,人造物体 / 箱包首饰 / 手链,53,hold,[],手链作为佩戴物，可能出现在多种个人场景中，但缺乏稳定场景来源,仅凭'手链'无法确定其稳定出现的场景或承载环境，缺乏明确的场景来源或可编辑结构,screened
人造物体,人造物体 / 箱包首饰 / 旅行箱,24,keep,"[""旅行场景"", ""户外环境"", ""携带场景""]",旅行箱常见于旅行、户外活动或日常携带场景中，提供稳定承载和放置环境,旅行箱常出现在旅行、户外或日常携带场景中，具有明确的使用环境和稳定承载功能,screened
人造物体,人造物体 / 箱包首饰 / 服装配饰,28,hold,[],服装配饰类物品,分类名称模糊，无法确定是否包含稳定场景或承载区域来源,screened
人造物体,人造物体 / 箱包首饰 / 珠宝首饰,360,reject,[],珠宝首饰,珠宝首饰多为抽象符号或孤立小物特写，缺乏稳定有用的场景或承载区域来源。,screened
人造物体,人造物体 / 箱包首饰 / 眼镜,129,hold,[],箱包首饰类物品,分类名称无法确定具体场景或稳定来源，缺乏明确的场景或承载环境支持,screened
人造物体,人造物体 / 箱包首饰 / 腕表,69,reject,[],腕表作为品牌标志或孤立小物特写,腕表多为抽象符号或孤立小物特写，缺乏稳定有用的场景或承载区域来源,screened
人造物体,人造物体 / 箱包首饰 / 黄金首饰,45,reject,[],黄金首饰,仅提供抽象符号或孤立小物特写，缺乏稳定有用的场景或承载区域来源,screened
人造物体,人造物体 / 粉底,33,reject,[],粉底,粉底属于抽象符号和纯文字类，缺乏稳定有用的场景或承载区域来源,screened
人造物体,人造物体 / 精华液,31,reject,[],精华液,精华液属于纯文字或品牌标志类，缺乏稳定有用的场景或承载区域来源,screened
人造物体,人造物体 / 约束装置 / 乐队,38,reject,[],乐队相关约束装置,乐队约束装置多为抽象符号或孤立小物特写，缺乏稳定、通用的场景或承载区域来源,screened
人造物体,人造物体 / 约束装置 / 保险气袋,20,reject,[],保险气袋相关场景,保险气袋多为抽象符号或孤立小物特写，缺乏稳定、通用的场景或承载区域来源,screened
人造物体,人造物体 / 约束装置 / 债券,23,reject,[],债券相关场景,债券属于抽象符号和纯文字，缺乏稳定、可用的场景或承载区域来源,screened
人造物体,人造物体 / 约束装置 / 制动器,50,reject,[],制动器,制动器通常为抽象符号或孤立小物特写，缺乏稳定有用的场景或承载区域来源。,screened
人造物体,人造物体 / 约束装置 / 制动块,26,reject,[],约束装置 / 制动块,制动块多为抽象符号或孤立小物特写，缺乏稳定有用的场景或承载区域来源。,screened
人造物体,人造物体 / 约束装置 / 口套,24,reject,[],仅包含口套这类抽象符号或孤立小物特写,口套属于纯文字或品牌标志类符号，无稳定有用的场景或承载区域来源,screened
人造物体,人造物体 / 约束装置 / 帶子,24,hold,[],约束装置类带子,仅凭'带子'无法确定其具体应用场景或是否存在稳定有用的场景来源,screened
人造物体,人造物体 / 约束装置 / 束缚力,28,reject,[],约束装置,该类别多为抽象符号或孤立小物特写，缺乏稳定有用的场景或承载区域来源。,screened
人造物体,人造物体 / 约束装置 / 海锚,26,reject,[],海锚相关场景,海锚属于抽象符号和孤立小物特写，缺乏稳定有用的场景或承载区域来源,screened
人造物体,人造物体 / 约束装置 / 点火开关,22,reject,[],点火开关,点火开关属于抽象符号和孤立小物特写，缺乏稳定有用的场景或承载区域来源。,screened
人造物体,人造物体 / 约束装置 / 限制规,27,hold,[],约束装置类别,仅凭分类名称无法确定其具体场景或是否存在稳定有用的来源,screened
人造物体,人造物体 / 纸巾,30,reject,[],纸巾作为日常用品，通常以小物特写或品牌标志形式出现,纸巾多为孤立小物特写或品牌标志，缺乏稳定、可编辑的场景或承载区域来源,screened
人造物体,人造物体 / 纽扣,34,reject,[],纽扣作为小物特写或符号,纽扣通常为孤立小物特写或品牌标志，缺乏稳定、可用的场景或承载区域来源,screened
人造物体,人造物体 / 线 / 战绳,19,hold,[],人造物体 / 线 / 战绳,仅凭分类名称无法确定其是否包含稳定有用的场景或承载区域来源。,screened
人造物体,人造物体 / 线 / 粗绳,122,keep,"[""工作场所"", ""室内环境""]",粗绳常用于捆绑、固定或支撑，在工作场所或室内环境中常见，如仓库、工地、家庭场景等,粗绳在多种实际场景中作为支撑或连接工具存在，具有稳定且可编辑的承载环境来源,screened
人造物体,人造物体 / 线 / 索,322,keep,"[""室内环境"", ""工作场所"", ""交通环境""]",线和索类物体在多种场景中作为支撑、连接或悬挂结构存在,线和索在室内、工作场所及交通环境中常作为连接或悬挂结构，具有稳定且普遍的场景来源,screened
人造物体,人造物体 / 组合壁柜 / 娱乐中心,26,keep,"[""室内空间"", ""家庭环境"", ""娱乐区域""]",组合壁柜在娱乐中心场景中的室内应用，提供存储与功能结合的环境支撑,组合壁柜作为室内家具，常出现在娱乐中心，提供稳定承载和存储功能，具有明确的场景来源,screened
人造物体,人造物体 / 组合式家具,36,keep,"[""室内空间"", ""家庭环境"", ""客厅场景""]",组合式家具在家庭或室内空间中的常见配置，如沙发床、床头柜组合等,组合式家具常见于室内空间，提供稳定且实用的承载与功能结构，具有明确的场景来源,screened
人造物体,人造物体 / 织物边缘,58,hold,[],织物边缘相关的场景,无法确定织物边缘在具体场景中的稳定来源或承载环境,screened
人造物体,人造物体 / 维生素片 / 复合维生素,31,reject,[],复合维生素,该类别主要为抽象符号或纯文字，缺乏稳定、可用的场景或承载区域来源。,screened
人造物体,人造物体 / 缓冲材料 / 坐垫,162,keep,"[""室内场景"", ""座椅环境"", ""坐卧空间""]",坐垫常见于室内座椅、沙发、床铺等场景中，提供支撑与缓冲功能,坐垫作为常见缓冲材料，广泛存在于室内座椅和坐卧空间中，具有稳定且普遍的场景来源,screened
人造物体,人造物体 / 缓冲材料 / 垫子,316,keep,"[""室内场景"", ""桌面场景"", ""家具承载面""]",垫子作为支撑或缓冲材料，常见于室内、桌面及家具表面等场景,垫子常见于多种室内场景中，提供稳定支撑和缓冲功能，具有稳定的来源和可编辑环境结构,screened
人造物体,人造物体 / 美妆个护 / 剃须护理,32,hold,[],剃须护理相关物品,仅凭分类名称无法确定是否存在稳定有用的场景或承载区域来源,screened
人造物体,人造物体 / 美妆个护 / 卫生护理,35,keep,"[""室内空间"", ""个人护理场景""]",卫生护理相关物品在家庭或个人使用场景中的出现,卫生护理产品常见于室内个人使用场景，如浴室、卫生间，具有稳定且普遍的场景来源,screened
人造物体,人造物体 / 美妆个护 / 卸妆用品,20,hold,[],美妆个护类卸妆用品,仅凭分类名称无法确定是否存在稳定有用的场景或承载区域来源,screened
人造物体,人造物体 / 美妆个护 / 口腔护理,30,hold,[],口腔护理相关物品,仅凭分类名称无法确定是否存在稳定有用的场景或承载区域来源,screened
人造物体,人造物体 / 美妆个护 / 彩妆,38,hold,[],美妆个护/彩妆类别,仅凭分类名称无法确定是否存在稳定有用的场景或承载区域来源,screened
人造物体,人造物体 / 美妆个护 / 洗发护发,33,keep,"[""室内浴室"", ""个人护理场景""]",洗发护发相关产品和设备在家庭或个人护理场景中的使用环境,洗发护发产品常出现在室内浴室等稳定场景中，具有明确的使用环境和承载面，符合可编辑环境结构要求,screened
人造物体,人造物体 / 美妆个护 / 美发造型用品,25,hold,[],美妆个护/美发造型用品,仅凭分类名称无法确定是否存在稳定有用的场景或承载区域来源,screened
人造物体,人造物体 / 美妆个护 / 美容工具,40,keep,"[""桌面"", ""室内""]",美容工具在室内或桌面等场景中的使用环境,美容工具常出现在桌面或室内环境中，具有稳定且常见的使用场景,screened
人造物体,人造物体 / 美妆个护 / 美甲用品,24,hold,[],美妆个护类美甲用品,仅凭分类名称无法确定是否存在稳定有用的场景或承载区域来源,screened
人造物体,人造物体 / 美妆个护 / 身体护理,41,hold,[],美妆个护中的身体护理相关物品,仅凭分类名称无法确定是否存在稳定有用的场景或承载区域来源,screened
人造物体,人造物体 / 美妆个护 / 面部护肤,40,hold,[],面部护肤相关物品,仅凭分类名称无法确定是否存在稳定有用的场景或承载区域来源,screened
人造物体,人造物体 / 美妆个护 / 香水香氛,33,hold,[],美妆个护中的香水香氛相关物品,仅凭分类名称无法确定是否存在稳定有用的场景或承载区域来源,screened
人造物体,人造物体 / 美容仪,26,reject,[],美容仪,美容仪多为抽象符号或孤立小物特写，缺乏稳定有用的场景或承载区域来源,screened
人造物体,人造物体 / 耙子 / 园艺耙,23,keep,"[""庭院园林"", ""园艺场景""]",园艺耙在庭院园林环境中常见，用于土壤翻整和杂草清理,园艺耙常出现在庭院园林场景中，提供稳定且可编辑的承载与操作环境,screened
人造物体,人造物体 / 肉铺,28,hold,[],肉铺作为具体商业场所,仅凭名称无法确定是否存在稳定有用的场景或承载区域来源,screened
人造物体,人造物体 / 腮红,21,reject,[],腮红,腮红属于纯文字或孤立小物特写，缺乏稳定有用的场景或承载区域来源,screened
人造物体,人造物体 / 自动化设备,24,keep,"[""工作场所"", ""生产环境"", ""工业场景""]",自动化设备在工作场所和生产环境中的应用场景,自动化设备常见于工作场所和生产环境中，提供稳定且可编辑的场景和承载面,screened
人造物体,人造物体 / 自动数据处理系统,27,hold,[],自动数据处理系统,仅凭分类名称无法确定是否存在稳定有用的场景或承载区域来源,screened
人造物体,人造物体 / 艺术品与工艺品 / 书法作品,24,hold,[],书法作品,仅凭分类名称无法确定是否存在稳定有用的场景或承载区域来源,screened
人造物体,人造物体 / 艺术品与工艺品 / 木竹工艺品,57,keep,"[""室内陈列"", ""文化空间"", ""传统环境""]",木竹工艺品常出现在室内文化展示、传统家居或博物馆等场景中，具有稳定的展示和承载环境,木竹工艺品多作为装饰或文化展示品出现在室内空间，具有稳定的场景来源和承载环境,screened
人造物体,人造物体 / 艺术品与工艺品 / 漆器,16,hold,[],艺术品与工艺品 / 漆器,仅凭分类名称无法确定是否存在稳定有用的场景或承载区域来源,screened
人造物体,人造物体 / 艺术品与工艺品 / 玻璃工艺品,17,hold,[],艺术品与工艺品中的玻璃工艺品,仅凭分类名称无法确定是否存在稳定有用的场景或承载区域来源,screened
人造物体,人造物体 / 艺术品与工艺品 / 纸艺品,55,hold,[],纸艺品,仅凭分类名称无法确定是否存在稳定有用的场景或承载区域来源,screened
人造物体,人造物体 / 艺术品与工艺品 / 织绣工艺品,69,hold,[],艺术品与工艺品中的织绣类物品,仅凭分类名称无法确定是否存在稳定有用的场景或承载区域来源,screened
人造物体,人造物体 / 艺术品与工艺品 / 绘画作品,485,hold,[],艺术品与工艺品/绘画作品,仅凭分类名称无法确定是否存在稳定有用的场景或承载区域来源,screened
人造物体,人造物体 / 艺术品与工艺品 / 编织工艺品,17,hold,[],艺术品与工艺品 / 编织工艺品,仅凭分类名称无法确定是否存在稳定有用的场景或承载区域来源,screened
人造物体,人造物体 / 艺术品与工艺品 / 金属工艺品,19,hold,[],金属工艺品,仅凭分类名称无法确定是否存在稳定有用的场景或承载区域来源,screened
人造物体,人造物体 / 艺术品与工艺品 / 陶瓷工艺品,19,keep,"[""室内陈列"", ""文化空间"", ""展览环境""]",陶瓷工艺品常出现在室内陈列、文化展览或艺术空间中，具有稳定的展示场景,陶瓷工艺品多作为装饰或展示品出现在室内陈列、文化展览等稳定场景中，具备明确的承载与展示环境,screened
人造物体,人造物体 / 艺术品与工艺品 / 雕塑,18,keep,"[""公共空间"", ""园林环境"", ""室内展示""]",雕塑类艺术品在公共空间、园林或室内展示场景中的稳定存在,雕塑作为艺术装置常出现在公共空间、园林或室内展示区域，具有稳定的场景来源和可编辑环境结构,screened
人造物体,人造物体 / 苹果手机,12,reject,[],苹果手机,仅提供抽象符号和品牌标志，缺乏稳定有用的场景或承载区域来源,screened
人造物体,人造物体 / 草坪家具,18,keep,"[""庭院公园"", ""自然环境""]",草坪家具在庭院或公园等自然环境中常见，提供稳定放置和使用场景,草坪家具常见于庭院公园等自然环境中，具有稳定的放置和使用场景,screened
人造物体,人造物体 / 药品与化学制品,10,hold,[],药品与化学制品,仅凭分类名称无法确定是否存在稳定有用的场景或承载区域来源,screened
人造物体,人造物体 / 药品与化学制品 / 中药制剂,68,hold,[],中药制剂,仅凭分类名称无法确定是否存在稳定有用的场景或承载区域来源,screened
人造物体,人造物体 / 药品与化学制品 / 实验试剂,67,hold,[],实验试剂,仅凭分类名称无法确定是否存在稳定有用的场景或承载区域来源,screened
人造物体,人造物体 / 药品与化学制品 / 涂料,411,keep,"[""室内环境"", ""施工场所""]",涂料在室内墙面、建筑施工等场景中的应用,涂料常用于墙面、屋顶等表面处理，具有稳定的室内和施工场景来源,screened
人造物体,人造物体 / 药品与化学制品 / 消毒制品,54,keep,"[""医疗环境"", ""医院场景"", ""消毒操作场景""]",医疗环境中的消毒操作和相关场景,消毒制品常见于医院、诊所等医疗场景，具有稳定且实用的场景来源,screened
人造物体,人造物体 / 药品与化学制品 / 清洁化学品,64,keep,"[""室内环境"", ""清洁场景""]",清洁化学品常出现在家庭、医院、实验室等室内清洁场景中，用于日常或专业清洁,清洁化学品常出现在家庭、医院、实验室等室内清洁场景中，提供稳定且可编辑的使用环境,screened
人造物体,人造物体 / 药品与化学制品 / 生物制品,66,hold,[],药品与化学制品 / 生物制品,仅凭分类名称无法确定是否存在稳定有用的场景或承载区域来源,screened
人造物体,人造物体 / 药品与化学制品 / 胶黏剂,45,keep,"[""实验室环境"", ""工业生产环境""]",胶黏剂在实验室或工业场景中的使用环境,胶黏剂常用于实验室和工业生产中，具有稳定的场景来源和承载面，可作为有效场景召回。,screened
人造物体,人造物体 / 药品与化学制品 / 西药制剂,67,hold,[],药品与化学制品/西药制剂,仅凭分类名称无法确定是否存在稳定有用的场景或承载区域来源,screened
人造物体,人造物体 / 著名武器 / 神话武器,43,reject,[],著名武器 / 神话武器,该类别主要为抽象符号、纯文字或孤立小物特写，缺乏稳定有用的场景或承载区域来源。,screened
人造物体,人造物体 / 著名武器 / 科幻武器,54,reject,[],科幻武器,该类别主要为抽象符号或纯文字，缺乏稳定、可用的场景或承载区域来源。,screened
人造物体,人造物体 / 著名武器 / 著名军机,60,reject,[],著名军机,该类别主要为抽象符号或品牌标志，缺乏稳定、可用的场景或承载区域来源。,screened
人造物体,人造物体 / 著名武器 / 著名军舰,61,reject,[],著名军舰,著名军舰多为抽象符号或品牌标志，缺乏稳定、可用的场景或承载区域来源。,screened
人造物体,人造物体 / 著名武器 / 著名冷兵器,63,reject,[],著名冷兵器,著名冷兵器多为抽象符号或孤立小物特写，缺乏稳定有用的场景或承载区域来源。,screened
人造物体,人造物体 / 著名武器 / 著名导弹,60,reject,[],著名武器和著名导弹,该类别主要为抽象符号、品牌标志或孤立小物特写，缺乏稳定有用的场景或承载区域来源。,screened
人造物体,人造物体 / 著名武器 / 著名枪械,59,reject,[],著名枪械,著名枪械多为抽象符号、品牌标志或孤立小物特写，缺乏稳定有用的场景或承载区域来源。,screened
人造物体,人造物体 / 著名武器 / 著名核武器,55,reject,[],著名核武器,著名核武器多为抽象符号、纯文字或品牌标志，缺乏稳定、可用的场景或承载区域来源。,screened
人造物体,人造物体 / 著名武器 / 著名火炮,53,reject,[],著名火炮,著名火炮多为抽象符号或纯文字，缺乏稳定、可用的场景或承载区域来源。,screened
人造物体,人造物体 / 著名武器 / 著名装甲装备,56,reject,[],著名武器和装甲装备,该类别主要包含抽象符号、品牌标志或孤立小物特写，缺乏稳定有用的场景或承载区域来源。,screened
人造物体,人造物体 / 著名武器 / 著名防御工程与体系,56,reject,[],著名武器及防御工程与体系,该分类主要包含抽象符号、品牌标志或孤立小物特写，缺乏稳定、可用的场景或承载区域来源。,screened
人造物体,人造物体 / 街机,54,hold,[],街机类别,仅凭'街机'名称无法确定其具体场景或稳定来源，缺乏明确的场景或承载环境支持,screened
人造物体,人造物体 / 表面构件 / building facade,67,keep,"[""建筑外立面"", ""城市环境"", ""公共空间""]",建筑外立面及相关表面构件在城市和公共空间中的稳定存在,建筑外立面是常见且稳定的场景来源，具有明确的承载面和可编辑环境结构,screened
人造物体,人造物体 / 表面构件 / 侧面,527,hold,[],侧面构件的表面结构,仅凭'侧面'无法确定具体场景或稳定来源，缺乏明确的场景或承载面特征,screened
人造物体,人造物体 / 表面构件 / 屏幕,61,keep,"[""室内显示环境"", ""工作场所"", ""公共空间""]",包含各类屏幕在实际场景中的显示与承载环境,屏幕常见于室内、工作场所和公共空间，具有稳定且广泛的场景来源,screened
人造物体,人造物体 / 表面构件 / 岩壁,67,hold,[],岩壁作为表面构件的类别范围,仅凭'岩壁'无法确定其是否包含稳定有用的场景或承载区域来源，缺乏明确的场景支撑,screened
人造物体,人造物体 / 表面构件 / 工作台面,130,keep,"[""工作场所"", ""室内""]",工作台面作为支撑或承载面出现在工作场所和室内环境中的稳定场景,工作台面是常见且稳定的承载面，广泛存在于工作场所和室内环境中，提供明确的可编辑区域和使用场景,screened
人造物体,人造物体 / 表面构件 / 板,94,keep,"[""桌面"", ""室内墙面"", ""建筑表面""]",各类人造表面中具有稳定承载或附着功能的板状构件,板状构件常见于桌面、墙面和建筑表面，提供稳定支撑或承载区域，具有明确的场景来源,screened
人造物体,人造物体 / 表面构件 / 桌面,38,keep,"[""桌面"", ""室内环境"", ""工作场所""]",包含各种场景中的桌面类表面构件，如办公桌、餐桌、展示台等,桌面作为常见支撑和承载面，存在于多种室内和工作场景中，具有稳定且广泛的来源,screened
人造物体,人造物体 / 表面构件 / 水平仪,768,reject,[],水平仪作为抽象符号或工具特写,水平仪主要为抽象符号或孤立小物特写，缺乏稳定、可用的场景或承载区域来源,screened
人造物体,人造物体 / 装置与装饰物 / 装饰,23,hold,[],装饰类物体,仅凭分类名称无法确定具体场景或是否存在稳定有用的来源,screened
人造物体,人造物体 / 装置与装饰物 / 贴墙纸,23,hold,[],贴墙纸类别,仅凭分类名称无法确定其是否包含稳定有用的场景或承载区域来源,screened
人造物体,人造物体 / 装置与装饰物 / 铺瓷砖,19,keep,"[""室内装修"", ""地面覆盖""]",涉及室内空间中地面铺设的装饰性或功能性装置,铺瓷砖作为常见室内装修元素，具有稳定且广泛的场景来源，适用于多种室内环境。,screened
人造物体,人造物体 / 装饰物 / 万圣节南瓜,14,hold,[],万圣节南瓜作为装饰物，可能出现在节日场景中,仅凭‘万圣节南瓜’无法确定其是否具有稳定、普遍的场景来源，且其出现具有强节日属性，缺乏持续或广泛适用的环境结构,screened
人造物体,人造物体 / 装饰物 / 中心件,17,hold,[],装饰物中的中心件,仅凭分类名称无法确定其具体场景或是否存在稳定有用的来源,screened
人造物体,人造物体 / 装饰物 / 串珠饰细工,22,hold,[],装饰物类串珠细工,仅凭分类名称无法确定是否存在稳定有用的场景或承载区域来源,screened
人造物体,人造物体 / 装饰物 / 人物形象,444,hold,[],装饰物中的人物形象,仅凭名称无法确定是否存在稳定有用的场景或承载区域来源,screened
人造物体,人造物体 / 装饰物 / 修饰,23,hold,[],装饰物类别,仅凭分类名称无法确定具体场景或是否存在稳定有用的来源,screened
人造物体,人造物体 / 装饰物 / 刮画装饰,20,hold,[],装饰物类,仅凭名称无法确定是否存在稳定有用的场景或承载区域来源,screened
人造物体,人造物体 / 装饰物 / 发动机罩装饰物,20,reject,[],发动机罩装饰物,仅提供抽象符号或孤立小物特写，缺乏稳定有用的场景或承载区域来源,screened
人造物体,人造物体 / 装饰物 / 圆头,22,hold,[],装饰物中的圆头类物品,仅凭'圆头'无法确定其具体应用场景或是否具有稳定可用的场景来源,screened
人造物体,人造物体 / 装饰物 / 圣诞挂饰,20,keep,"[""节日场景"", ""室内装饰""]",圣诞挂饰常见于节日室内装饰场景，提供稳定且可编辑的悬挂或展示环境,圣诞挂饰常出现在节日室内场景中，具有稳定的装饰性来源和可编辑的悬挂环境,screened
人造物体,人造物体 / 装饰物 / 圣诞树,21,hold,[],装饰物类,仅凭'圣诞树'无法确定其是否包含稳定场景或承载区域，缺乏通用性与场景覆盖,screened
人造物体,人造物体 / 装饰物 / 圣诞装饰,22,keep,"[""节日场景"", ""室内装饰"", ""家庭环境""]",包含节日氛围下的室内装饰场景，如圣诞树、彩灯、装饰品等,圣诞装饰在节日场景中具有稳定且广泛的来源，能提供明确的视觉环境和承载面,screened
人造物体,人造物体 / 装饰物 / 墙帏,50,hold,[],装饰物类,仅凭'墙帏'无法确定其是否具有稳定可用的场景或承载区域来源,screened
人造物体,人造物体 / 装饰物 / 室内装潢,37,keep,"[""室内环境"", ""装饰场景""]",室内装潢类装饰物在各类室内空间中的应用,室内装潢类装饰物常见于多种室内场景，提供稳定且丰富的视觉来源和可编辑环境结构,screened
人造物体,人造物体 / 装饰物 / 家居装饰,30,keep,"[""室内环境"", ""家居空间""]",家居装饰类物品在室内空间中的常见应用场景,家居装饰物常见于室内环境，提供稳定且多样化的场景来源，适用于多种家居布置场景,screened
人造物体,人造物体 / 装饰物 / 小枝,27,hold,[],装饰物中的小枝类,仅凭'小枝'无法确定其是否具有稳定场景或承载区域来源,screened
人造物体,人造物体 / 装饰物 / 尾鳍,22,reject,[],装饰物类,尾鳍通常为抽象符号或纯文字，缺乏稳定有用的场景或承载区域来源,screened
人造物体,人造物体 / 装饰物 / 帽上的花结,28,reject,[],帽上的花结,仅提供抽象符号或孤立小物特写，缺乏稳定有用的场景或承载区域来源,screened
人造物体,人造物体 / 装饰物 / 建筑装饰,27,keep,"[""室内环境"", ""建筑外观"", ""公共空间""]",建筑装饰类物体在室内和建筑外观中的稳定应用场景,建筑装饰物常见于室内空间和建筑外观，提供稳定且多样化的场景来源,screened
人造物体,人造物体 / 装饰物 / 弓,25,hold,[],装饰物类中的弓,仅凭'弓'这一名称无法确定其是否具有稳定可用的场景或承载区域来源,screened
人造物体,人造物体 / 装饰物 / 弧影,27,hold,[],装饰物类,仅凭'弧影'无法确定具体场景或稳定来源，类别范围不明确,screened
人造物体,人造物体 / 装饰物 / 挪威彩绘,26,hold,[],挪威彩绘作为装饰物的类别,仅凭名称无法确定其是否包含稳定可用的场景或承载区域来源,screened
人造物体,人造物体 / 装饰物 / 插花,43,hold,[],装饰物类中的插花,仅凭'插花'无法确定其是否具有稳定、可编辑的场景或承载环境来源,screened
人造物体,人造物体 / 装饰物 / 涂鸦,21,hold,[],装饰物类,仅凭'涂鸦'无法确定其是否具有稳定可用的场景或承载区域来源,screened
人造物体,人造物体 / 装饰物 / 涡卷形装饰,28,hold,[],涡卷形装饰,仅凭名称无法确定其是否具有稳定或可用的场景来源或承载环境,screened
人造物体,人造物体 / 装饰物 / 滴水兽,26,hold,[],装饰物类,仅凭'滴水兽'名称无法确定其是否具有稳定场景或承载区域来源,screened
人造物体,人造物体 / 装饰物 / 短项链,24,reject,[],短项链相关场景,短项链多为抽象符号或孤立小物特写，缺乏稳定有用的场景或承载区域来源,screened
人造物体,人造物体 / 装饰物 / 结壳,28,hold,[],装饰物中的结壳类,仅凭名称无法确定是否存在稳定有用的场景或承载区域来源,screened
人造物体,人造物体 / 装饰物 / 花饰窗格,26,keep,"[""室内装饰"", ""建筑立面""]",装饰性花饰窗格在建筑或室内空间中的应用,花饰窗格常见于建筑立面和室内装饰，具有稳定的场景来源和承载面，可作为可编辑环境的一部分。,screened
人造物体,人造物体 / 装饰物 / 蔓藤花纹,23,hold,[],蔓藤花纹作为装饰物的类别,仅凭名称无法确定其是否具有稳定可用的场景或承载区域来源,screened
人造物体,人造物体 / 装饰物 / 装饰,200,hold,[],装饰物类别,仅凭分类名称无法确定具体场景或是否存在稳定有用的来源,screened
人造物体,人造物体 / 装饰物 / 装饰品,58,hold,[],装饰物类别,仅凭分类名称无法确定具体场景或是否存在稳定有用的来源,screened
人造物体,人造物体 / 装饰物 / 装饰线脚,28,hold,[],装饰线脚,仅凭分类名称无法确定其是否包含稳定有用的场景或承载区域来源,screened
人造物体,人造物体 / 装饰物 / 配菜装饰,66,hold,[],装饰物类配菜相关物品,分类名称模糊，缺乏明确的稳定场景或承载环境来源，无法确定具体可召回的场景,screened
人造物体,人造物体 / 装饰物 / 金属丝装饰条,21,hold,[],金属丝装饰条,仅凭分类名称无法确定其是否具有稳定有用的场景或承载区域来源,screened
人造物体,人造物体 / 装饰物 / 钉头,28,reject,[],钉头作为装饰物的使用场景,钉头通常为抽象符号或孤立小物特写，缺乏稳定有用的场景或承载区域来源,screened
人造物体,人造物体 / 装饰物 / 铆钉,28,reject,[],铆钉作为装饰物的使用场景,铆钉通常为工业或结构连接部件，缺乏稳定、普遍的装饰物场景来源，属于抽象符号或孤立小物特写，无可靠场景承载或环境结构支持,screened
人造物体,人造物体 / 装饰物 / 镶嵌,27,hold,[],装饰物中的镶嵌类,仅凭'镶嵌'无法确定其具体场景或稳定来源，缺乏明确的场景或承载环境支持,screened
人造物体,人造物体 / 装饰物 / 风铃,17,reject,[],风铃类装饰物,风铃通常为孤立小物特写或品牌标志，缺乏稳定、通用的场景或承载区域来源,screened
人造物体,人造物体 / 装饰物 / 黄铜,28,hold,[],黄铜装饰物,仅凭名称无法确定是否存在稳定有用的场景或承载区域来源,screened
人造物体,人造物体 / 覆盖物 / 专辑封面,33,reject,[],专辑封面,专辑封面属于纯文字或符号类，缺乏稳定、可用的场景或承载区域来源。,screened
人造物体,人造物体 / 覆盖物 / 书封,33,reject,[],书封,书封属于抽象符号和孤立小物特写，缺乏稳定有用的场景或承载区域来源。,screened
人造物体,人造物体 / 覆盖物 / 保护,2170,keep,"[""室内覆盖"", ""防护区域"", ""建筑表面""]",各类需要覆盖或保护的场景，如墙面、地面、设备表面等,覆盖物常用于室内或建筑表面的防护，具有稳定且常见的场景来源,screened
人造物体,人造物体 / 覆盖物 / 兜帽,19,hold,[],覆盖物类中的兜帽,仅凭分类名称无法确定其具体应用场景或是否存在稳定有用的场景来源,screened
人造物体,人造物体 / 覆盖物 / 包装,63,hold,[],包装类物体,仅凭分类名称无法确定是否存在稳定有用的场景或承载区域来源,screened
人造物体,人造物体 / 覆盖物 / 叠覆排列,22,keep,"[""室内覆盖物"", ""庭院覆盖物"", ""临时布置场景""]",包含各种叠覆排列的覆盖物，如地毯、布料、帘幕等在不同空间中的使用场景,叠覆排列的覆盖物常见于室内、庭院等场景，提供稳定且可编辑的覆盖与装饰来源,screened
人造物体,人造物体 / 覆盖物 / 口盖,138,reject,[],口盖相关场景,口盖多为抽象符号或孤立小物特写，缺乏稳定有用的场景或承载区域来源,screened
人造物体,人造物体 / 覆盖物 / 地板蒙布,229,keep,"[""室内环境"", ""地面覆盖""]",地板蒙布常见于室内空间，用于覆盖或保护地板，具有明确的场景和承载面,地板蒙布在室内环境中常见，能提供稳定的地面覆盖和承载区域，符合可编辑环境结构的特征,screened
人造物体,人造物体 / 覆盖物 / 外壳,58,hold,[],覆盖物外壳类,仅凭分类名称无法确定其具体应用场景或是否存在稳定有用的来源,screened
人造物体,人造物体 / 覆盖物 / 外套,194,reject,[],外套类物品,外套属于抽象符号或孤立小物特写，缺乏稳定有用的场景或承载区域来源,screened
人造物体,人造物体 / 覆盖物 / 屏幕,63,hold,[],覆盖物类中的屏幕,仅凭分类名称无法确定屏幕是否具有稳定可用的场景或承载区域来源,screened
人造物体,人造物体 / 覆盖物 / 布罩,480,hold,[],覆盖物类,仅凭'布罩'无法确定其是否具有稳定场景或承载区域来源,screened
人造物体,人造物体 / 覆盖物 / 座舱盖,25,hold,[],座舱盖所属的车辆或飞行器内部环境,分类名称模糊，无法确定是否存在稳定有用的场景或承载区域来源,screened
人造物体,人造物体 / 覆盖物 / 御寒耳罩,22,reject,[],御寒耳罩,御寒耳罩属于孤立小物特写，缺乏稳定有用的场景或承载区域来源。,screened
人造物体,人造物体 / 覆盖物 / 手指,24,reject,[],无稳定场景或承载区域来源,手指属于孤立小物特写，缺乏稳定有用的场景或承载区域来源,screened
人造物体,人造物体 / 覆盖物 / 折叠物,54,keep,"[""室内覆盖物"", ""户外遮蔽场景""]",各类室内或室外的可折叠覆盖物，如折叠桌布、遮阳伞、临时遮盖物等,折叠物在多种场景中作为覆盖或遮蔽使用，具有稳定且常见的来源，如室内家具覆盖、户外遮阳等。,screened
人造物体,人造物体 / 覆盖物 / 拇指,22,reject,[],无稳定场景或承载区域来源,拇指属于人体部分，不构成稳定场景或承载区域，缺乏实际环境应用,screened
人造物体,人造物体 / 覆盖物 / 排气罩,41,reject,[],排气罩,排气罩通常为抽象符号或孤立小物特写，缺乏稳定有用的场景或承载区域来源。,screened
人造物体,人造物体 / 覆盖物 / 斗篷,27,reject,[],斗篷通常为抽象符号或孤立小物特写，缺乏稳定有用的场景或承载区域来源,斗篷多为抽象符号、品牌标志或孤立小物特写，无稳定可用的场景或承载环境,screened
人造物体,人造物体 / 覆盖物 / 施恩座,24,hold,[],施恩座所属的覆盖物类别,仅凭名称无法确定其具体应用场景或是否存在稳定有用的场景来源,screened
人造物体,人造物体 / 覆盖物 / 无花果叶,24,hold,[],覆盖物类,无法确定无花果叶作为覆盖物是否具有稳定、可用的场景来源,screened
人造物体,人造物体 / 覆盖物 / 明轮罩,20,hold,[],覆盖物类,仅凭'明轮罩'无法确定其具体应用场景或是否具有稳定可用的场景来源,screened
人造物体,人造物体 / 覆盖物 / 气泡,24,hold,[],覆盖物类,无法确定气泡作为覆盖物是否具有稳定、可用的场景或承载区域来源,screened
人造物体,人造物体 / 覆盖物 / 盖子,49,hold,[],覆盖物类,仅凭'盖子'无法确定其具体应用场景或稳定来源，缺乏明确的场景或承载环境支持,screened
人造物体,人造物体 / 覆盖物 / 盖板,27,keep,"[""室内地面"", ""交通环境"", ""建筑设施""]",覆盖物类中的盖板在多种人造环境中作为覆盖或防护结构存在,盖板常见于室内地面、交通通道或建筑设施中，提供稳定覆盖和承载功能，具有明确的场景来源,screened
人造物体,人造物体 / 覆盖物 / 脚背,20,reject,[],脚背类覆盖物,脚背类覆盖物多为抽象符号或孤立小物特写，缺乏稳定、可用的场景或承载区域来源。,screened
人造物体,人造物体 / 覆盖物 / 脚趾,23,reject,[],无稳定场景或承载区域来源,脚趾属于人体部位，不属于稳定场景或可编辑环境结构，缺乏作为覆盖物的实用场景和承载面,screened
人造物体,人造物体 / 覆盖物 / 足部装备,1137,hold,[],足部装备,仅凭分类名称无法确定是否存在稳定有用的场景或承载区域来源,screened
人造物体,人造物体 / 覆盖物 / 软垫装饰,26,keep,"[""室内装饰"", ""家居环境"", ""软装场景""]",各类室内空间中作为覆盖物或软垫装饰使用的软性物品,软垫装饰常见于室内家居环境，提供稳定覆盖和视觉美感，具有明确且稳定的场景来源,screened
人造物体,人造物体 / 覆盖物 / 铺板,34,keep,"[""室内地面"", ""庭院园林"", ""工作场所""]",各类室内或室外的铺板类覆盖物，如地板、地砖、地毯、地垫等,铺板类物体常见于多种场景中，提供稳定承载面，具有明确的环境覆盖功能,screened
人造物体,人造物体 / 覆盖物 / 长统靴上部,17,reject,[],长统靴上部,仅提供孤立小物特写，无稳定有用的场景或承载区域来源,screened
人造物体,人造物体 / 覆盖物 / 防擦装置,19,hold,[],覆盖物类中的防擦装置,仅凭分类名称无法确定其具体应用场景或是否存在稳定有用的场景来源,screened
人造物体,人造物体 / 触控笔,22,reject,[],触控笔,触控笔属于抽象符号和孤立小物特写，缺乏稳定有用的场景或承载区域来源。,screened
人造物体,人造物体 / 触控笔 / 唱针,26,reject,[],触控笔或唱针的抽象符号、品牌标志或孤立小物特写,触控笔和唱针多为抽象符号或孤立小物特写，缺乏稳定、可用的场景或承载区域来源,screened
人造物体,人造物体 / 训练长椅,27,keep,"[""公共空间"", ""室外环境"", ""休闲场所""]",训练长椅常见于公园、广场等公共休闲区域，提供座位和承载功能,训练长椅多出现在公共休闲空间，具有稳定的场景来源和承载功能,screened
人造物体,人造物体 / 设施 / 交通运输,71,keep,"[""交通环境"", ""道路设施"", ""公共交通""]",交通运输相关的设施，如道路、桥梁、交通信号、车站、停车场等,该分类包含稳定且广泛存在的交通场景和承载设施，适用于多种实际环境,screened
人造物体,人造物体 / 设施 / 体育设备,213,keep,"[""体育场地"", ""运动场所"", ""户外环境""]",体育设备在体育场地或户外环境中的使用场景,体育设备通常出现在体育场地或户外环境，具有稳定且常见的场景来源,screened
人造物体,人造物体 / 设施 / 体育设施,112,keep,"[""体育场所"", ""户外活动环境"", ""公共设施环境""]",体育设施在各类体育场所和户外活动环境中的稳定存在场景,体育设施通常存在于体育场所、户外活动环境和公共设施环境中，具有稳定且可编辑的承载面和使用场景。,screened
人造物体,人造物体 / 设施 / 保管人,76,hold,[],保管人设施,分类名称模糊，无法确定具体场景或稳定来源,screened
人造物体,人造物体 / 设施 / 军事设施,72,keep,"[""军事基地"", ""作战环境"", ""防御设施""]",军事设施相关的稳定场景和承载环境,军事设施通常存在于稳定且具有明确场景的军事基地或作战环境中，提供可靠的场景和承载区域。,screened
人造物体,人造物体 / 设施 / 动物园,56,keep,"[""动物园"", ""公共空间"", ""自然环境""]",动物园内的设施和环境结构，如围栏、路径、观景台等,动物园包含稳定且多样化的场景和承载区域，如动物栖息地、游客路径和观景设施，具有明确的可编辑环境结构。,screened
人造物体,人造物体 / 设施 / 动物收容所,32,keep,"[""动物收容所"", ""公共设施"", ""社区环境""]",动物收容所作为公共设施存在于社区或城市环境中，提供动物收容与管理服务,动物收容所是稳定存在的公共设施，通常位于社区或城市中，具有明确的场景和承载功能，可作为可编辑环境的一部分。,screened
人造物体,人造物体 / 设施 / 回收站,38,keep,"[""公共空间"", ""城市环境""]",回收站作为公共设施出现在城市街道、社区、公园等场景中，提供垃圾投放和环境管理功能,回收站是公共空间中常见的设施，具有稳定且广泛的场景来源，能提供可靠的承载和放置区域,screened
人造物体,人造物体 / 设施 / 山地避暑地,35,keep,"[""山地环境"", ""避暑场所"", ""自然承载区""]",山地避暑地相关的设施，如遮阳棚、休息亭、步道等,该分类包含稳定存在的山地避暑设施，具有明确的场景和承载功能,screened
人造物体,人造物体 / 设施 / 树木园,33,keep,"[""庭院公园"", ""园林景观"", ""自然环境""]",包含树木和园艺设施的庭院、公园及园林空间,树木园类设施常见于庭院公园和园林景观中，提供稳定且多样化的场景和承载面,screened
人造物体,人造物体 / 设施 / 植物园,37,keep,"[""植物园"", ""庭院公园"", ""自然环境""]",植物园内的设施和建筑结构,植物园包含稳定且多样化的场景和承载区域，如园区路径、温室、观景台等，具有明确的可编辑环境结构。,screened
人造物体,人造物体 / 设施 / 洗车,29,keep,"[""洗车场所"", ""公共设施"", ""室外环境""]",洗车设施相关的室外场景和公共空间,洗车设施通常存在于室外公共空间或停车场，具有稳定且可编辑的承载环境，能提供明确的场景来源。,screened
人造物体,人造物体 / 设施 / 滑板公园,33,keep,"[""滑板公园"", ""公共空间"", ""运动环境""]",滑板公园作为公共运动设施，提供稳定可编辑的场景和承载面,滑板公园是具有稳定场景和明确承载面的公共设施，能提供丰富的可编辑环境结构,screened
人造物体,人造物体 / 设施 / 炉灶,38,keep,"[""厨房环境"", ""室内空间"", ""家庭设施""]",厨房或家庭中用于烹饪的炉灶类设施,炉灶常见于厨房环境，提供稳定且实用的烹饪承载区域,screened
人造物体,人造物体 / 设施 / 球场,146,keep,"[""体育场地"", ""室外环境"", ""公共设施""]",包含各类球场设施，如足球场、篮球场等，适用于体育活动和公共空间场景,球场作为稳定存在的体育活动场景，具有明确的承载面和使用环境，能提供有效的可编辑空间,screened
人造物体,人造物体 / 设施 / 苗圃,37,keep,"[""苗圃场景"", ""园林设施"", ""种植环境""]",包含苗圃类设施及其在园林或种植环境中的应用场景,苗圃作为种植和管理植物的设施，通常存在于园林、庭院或农业环境中，具有稳定的场景来源和可编辑的承载面。,screened
人造物体,人造物体 / 设施 / 车站,215,keep,"[""交通环境"", ""车站场景""]",车站类设施及其所在环境,车站作为交通环境中的稳定场景，具有明确的承载面和可编辑结构，适用于多种视觉任务。,screened
人造物体,人造物体 / 设施 / 马场,38,keep,"[""马场环境"", ""户外设施"", ""运动场所""]",马场及相关设施的场景和环境,马场具有稳定且明确的场景来源，包含可编辑的承载面和空间结构，适用于图片召回。,screened
人造物体,人造物体 / 起重装置 / 升降机,68,keep,"[""工作场所"", ""工业环境""]",起重装置/升降机在工业或建筑工地等场景中的使用环境,升降机常见于工作场所和工业环境中，提供稳定的承载和升降功能，具有明确的场景来源,screened
人造物体,人造物体 / 起重装置 / 卷扬机,64,keep,"[""工作场所"", ""工业环境""]",起重装置中的卷扬机在工业或建筑工地等场景中作为稳定设备存在，提供承载和操作功能,卷扬机常见于工业和建筑工地，具有稳定的承载和操作功能，属于典型的工作场景环境,screened
人造物体,人造物体 / 起重装置 / 吊车,56,keep,"[""工作场所"", ""建筑工地"", ""工业环境""]",起重装置在工作场所和建筑工地中作为稳定支撑和操作设备存在，提供明确的承载与操作场景,吊车常见于建筑工地和工业环境，具有稳定且可编辑的承载与操作场景，符合稳定场景来源要求,screened
人造物体,人造物体 / 起重装置 / 绞盘,41,keep,"[""工作场所"", ""工业环境""]",起重装置中的绞盘主要出现在工业或建筑工地等需要重型设备操作的场景中,绞盘作为起重装置的一部分，常见于工作场所和工业环境中，提供稳定的承载与操作场景,screened
人造物体,人造物体 / 跑道,39,keep,"[""交通环境"", ""运动场地""]",跑道作为运动或交通场景中的稳定承载面,跑道常见于体育运动或交通路径中，具有稳定且可编辑的场景来源,screened
人造物体,人造物体 / 跑道 / 有轨电车系统,58,keep,"[""交通环境"", ""城市基础设施""]",有轨电车系统相关的跑道和交通场景,有轨电车系统属于稳定的交通环境场景，具有明确的承载面和可编辑结构，适用于多种城市交通场景。,screened
人造物体,人造物体 / 跑道 / 轨道,48,keep,"[""交通环境"", ""运动场地""]",跑道和轨道类人造结构，常见于体育运动、交通系统或工业场景中,跑道和轨道作为稳定存在的承载面，常见于交通和运动场景，具有明确的使用环境和可编辑结构,screened
人造物体,人造物体 / 身体乳,54,reject,[],身体乳作为个人护理产品，通常出现在个人使用场景中，如浴室或洗手台,身体乳属于个人护理用品，多为纯文字、品牌标志或孤立小物特写，缺乏稳定、可编辑的场景或承载区域来源,screened
人造物体,人造物体 / 转换器 / 催化反应室,58,reject,[],催化反应室,催化反应室属于抽象符号或工业设施特写，缺乏稳定、通用的场景或承载区域来源。,screened
人造物体,人造物体 / 转换器 / 液力变矩器,34,reject,[],液力变矩器作为机械部件，通常出现在汽车或工业设备中，但缺乏稳定、通用的场景来源,液力变矩器属于特定机械部件，多见于汽车传动系统，缺乏广泛适用的稳定场景或承载环境，仅作为符号或部件特写存在，无通用可编辑环境支持,screened
人造物体,人造物体 / 转换器 / 电气转换器,64,hold,[],电气转换器,仅凭分类名称无法确定是否存在稳定有用的场景或承载区域来源,screened
人造物体,人造物体 / 输送机,62,keep,"[""工业环境"", ""生产场所"", ""运输场景""]",输送机在工业或生产环境中作为物料输送设备的稳定存在,输送机常见于工业生产或物流场景，提供稳定且可编辑的承载与运输环境,screened
人造物体,人造物体 / 过滤器 / 咖啡滤器,40,keep,"[""厨房场景"", ""饮用场景"", ""家用环境""]",咖啡滤器常见于厨房或饮品准备场景，提供稳定放置和使用环境,咖啡滤器通常出现在厨房或饮品准备场景中，具有稳定的使用环境和承载面，符合可编辑场景需求,screened
人造物体,人造物体 / 过滤器 / 机油滤清器,29,reject,[],仅限机油滤清器相关符号或文字,机油滤清器属于抽象符号或孤立小物特写，缺乏稳定、通用的场景或承载区域来源,screened
人造物体,人造物体 / 过滤器 / 沥水篮,37,hold,[],过滤器类下的沥水篮,仅凭名称无法确定其是否具有稳定可用的场景或承载环境来源,screened
人造物体,人造物体 / 过滤器 / 滤气器,26,reject,[],滤气器,滤气器通常为抽象符号或孤立小物特写，缺乏稳定有用的场景或承载区域来源。,screened
人造物体,人造物体 / 过滤器 / 滤网,100,hold,[],滤网类物体,仅凭分类名称无法确定其是否包含稳定有用的场景或承载区域来源,screened
人造物体,人造物体 / 运动器材,116,keep,"[""运动场地"", ""户外环境"", ""体育活动场景""]",运动器材在各类运动场景中的使用和承载环境,运动器材常见于运动场地、户外环境和体育活动场景，具有稳定且广泛的场景来源,screened
人造物体,人造物体 / 连接件 / 临时连接,38,hold,[],临时连接件的使用场景,仅凭分类名称无法确定其具体应用场景或是否存在稳定有用的来源,screened
人造物体,人造物体 / 连接件 / 交汇处,249,keep,"[""交通环境"", ""建筑结构"", ""室内空间""]",包含道路交叉口、建筑节点、室内通道等具有交汇功能的结构,交汇处常见于交通、建筑和室内空间，提供稳定且可编辑的场景和承载结构,screened
人造物体,人造物体 / 连接件 / 扣拴物,201,hold,[],连接件类物体,仅凭分类名称无法确定其是否包含稳定有用的场景或承载区域来源,screened
人造物体,人造物体 / 连接件 / 滑环,31,reject,[],滑环作为连接件，通常用于电子设备或机械系统中，缺乏稳定、普遍的场景来源,滑环属于抽象连接件，多用于特定设备内部，缺乏稳定、普遍的场景或承载环境来源,screened
人造物体,人造物体 / 连接件 / 用户线路,75,reject,[],用户线路,该分类主要涉及抽象符号或孤立小物特写，缺乏稳定有用的场景或承载区域来源。,screened
人造物体,人造物体 / 迪斯科球,36,reject,[],迪斯科球,迪斯科球主要为抽象符号或孤立小物特写，缺乏稳定有用的场景或承载区域来源。,screened
人造物体,人造物体 / 迷宫,34,hold,[],迷宫作为人造物体，其具体场景和承载环境不明确,仅凭'迷宫'这一名称无法确定其是否具有稳定、可编辑的场景或承载区域来源,screened
人造物体,人造物体 / 送纸机构,31,hold,[],送纸机构,仅凭分类名称无法确定其具体场景或是否存在稳定有用的来源,screened
人造物体,人造物体 / 通信系统 / 内部通信器,38,hold,[],内部通信器,仅凭分类名称无法确定是否存在稳定有用的场景或承载区域来源,screened
人造物体,人造物体 / 通信系统 / 收音机,32,keep,"[""室内环境"", ""家庭场景""]",收音机常见出现在家庭或室内环境中，作为信息接收设备提供稳定场景支持,收音机常出现在家庭或室内环境中，提供稳定的使用场景和承载面，符合可编辑环境结构要求,screened
人造物体,人造物体 / 通信系统 / 无线电链路,38,reject,[],无线电链路,无线电链路主要提供抽象信号传输，缺乏稳定、可编辑的场景或承载区域来源。,screened
人造物体,人造物体 / 通信系统 / 电信系统,120,keep,"[""通信基础设施"", ""城市环境"", ""公共设施""]",电信系统在城市和公共空间中的部署场景，如基站、信号塔等,电信系统通常部署在城市基础设施中，提供稳定可靠的通信覆盖，具有明确的场景和承载环境,screened
人造物体,人造物体 / 通信系统 / 电话系统,67,keep,"[""室内通信环境"", ""办公场所""]",电话系统在室内和办公场景中的稳定部署环境,电话系统通常部署在办公场所或室内通信环境中，具有稳定的承载和使用场景,screened
人造物体,人造物体 / 通风机 / 吹风机,61,keep,"[""室内环境"", ""工作场所""]",通风机和吹风机在室内及工作场所中常见，常用于空气调节或个人护理，提供稳定使用场景,吹风机和通风机在家庭、办公等室内环境中常见，具有稳定的使用场景和承载面，可作为可编辑环境的一部分。,screened
人造物体,人造物体 / 道路 / 乡间小路,66,keep,"[""乡间小路"", ""道路交通环境"", ""自然与人工结合环境""]",乡间小路作为道路的一种，属于道路交通环境中的非城市道路场景，具有稳定且可编辑的承载面和空间结构,乡间小路是稳定存在的道路类型，具有明确的场景和承载面，适用于多种环境下的图像召回,screened
人造物体,人造物体 / 道路 / 土路,68,keep,"[""道路"", ""交通环境"", ""自然地形""]",土路作为道路的一种，常见于乡村或未铺装区域，具有稳定承载和可编辑环境结构,土路是道路的一种，常见于乡村或未铺装区域，具有稳定承载和可编辑环境结构，可作为交通环境中的典型场景,screened
人造物体,人造物体 / 道路 / 小径,237,keep,"[""道路"", ""小径"", ""交通环境""]",道路和小径类的人造路径结构，包括人行道、小路等公共通行区域,小径作为道路的细分类型，具有稳定且常见的场景来源，可提供明确的承载与通行环境,screened
人造物体,人造物体 / 道路 / 山路,38,keep,"[""山路"", ""交通环境"", ""自然环境""]",山路作为道路的一种，属于交通环境中的自然地形道路，具有稳定场景和可编辑承载面,山路是道路的一种，具有明确的地理场景和稳定的空间结构，可作为交通环境中的有效场景来源,screened
人造物体,人造物体 / 道路 / 弄堂,38,keep,"[""交通环境"", ""城市街道""]",道路类中的弄堂场景，包括狭窄巷道、居民区小路等具有典型城市空间特征的路径,弄堂作为城市道路的一种，具有稳定且常见的场景来源，属于典型的城市交通与居住环境结构,screened
人造物体,人造物体 / 道路 / 楼梯,118,keep,"[""交通环境"", ""建筑设施""]",道路和楼梯作为交通与建筑结构的一部分，常见于城市道路、住宅区、公共建筑等场景,楼梯作为道路系统中的稳定结构，常见于建筑和交通环境中，提供明确的承载和空间结构支持,screened
人造物体,人造物体 / 道路 / 水路,70,keep,"[""交通环境"", ""水域环境""]",道路和水路相关的人造结构与场景,道路和水路属于稳定存在的交通与水域场景，具有明确的承载面和可编辑环境结构,screened
人造物体,人造物体 / 道路 / 沥青路,22,keep,"[""交通环境"", ""道路场景""]",沥青路作为道路基础设施，常见于城市道路和交通网络中，提供稳定承载和交通通行场景,沥青路是道路中常见且稳定的承载面，广泛存在于交通环境中，具有明确的场景来源和可编辑性,screened
人造物体,人造物体 / 道路 / 田间道路,35,keep,"[""交通环境"", ""田间场景""]",田间道路作为道路类场景，提供稳定承载和可编辑环境结构,田间道路是稳定的交通环境来源，具有明确的承载面和可编辑空间,screened
人造物体,人造物体 / 道路 / 自行车道,31,keep,"[""交通环境"", ""道路场景""]",自行车道作为道路的一部分，存在于城市或乡村道路系统中，提供骑行者通行的稳定承载面,自行车道是道路系统中的稳定组成部分，具有明确的交通场景和承载功能，适用于多种城市和乡村环境,screened
人造物体,人造物体 / 道路 / 访问,151,keep,"[""交通环境"", ""道路访问场景""]",道路及访问相关的人造结构和设施,道路访问场景包含稳定且常见的交通环境来源，如人行道、入口、通道等，具有明确的承载和使用场景。,screened
人造物体,人造物体 / 道路 / 通道,820,keep,"[""交通环境"", ""道路场景""]",道路及通道类的人造物体，包括人行道、车道、桥梁、隧道等交通相关结构,道路和通道是稳定存在的交通场景，具有明确的承载和使用功能，适用于多种可编辑环境,screened
人造物体,人造物体 / 遥控器,152,reject,[],遥控器,遥控器通常为孤立小物特写，缺乏稳定有用的场景或承载区域来源,screened
人造物体,人造物体 / 避孕器具 / 保险套,33,reject,[],仅限于避孕器具的使用场景,保险套属于抽象符号和隐私相关物品，缺乏稳定、通用的场景或承载区域来源，不符合可编辑环境结构要求,screened
人造物体,人造物体 / 避雷针,17,reject,[],避雷针,避雷针主要为抽象符号或孤立小物特写，缺乏稳定有用的场景或承载区域来源。,screened
人造物体,人造物体 / 配件 / 容器,16,keep,"[""室内场景"", ""桌面环境"", ""收纳空间""]",容器类配件在各类室内和使用场景中作为承载或存储工具出现,容器类配件常见于室内、桌面及收纳空间，提供稳定承载和存储功能，具有广泛适用场景,screened
人造物体,人造物体 / 配件 / 管件,24,hold,[],配件类管件,仅凭分类名称无法确定其是否包含稳定有用的场景或承载区域来源,screened
人造物体,人造物体 / 重量 / 压纸器,32,hold,[],未明确具体场景或承载环境,仅凭'压纸器'无法确定其稳定存在的场景或承载区域来源,screened
人造物体,人造物体 / 重量 / 负荷,38,hold,[],重量/负荷相关的物理属性或表现场景,仅凭'重量/负荷'无法确定具体场景或稳定来源，缺乏明确的可编辑环境结构或承载面表现,screened
人造物体,人造物体 / 针毡工艺,32,hold,[],针毡工艺,仅凭分类名称无法确定其具体场景或是否存在稳定有用的来源,screened
人造物体,人造物体 / 钩边,67,hold,[],钩边作为人造物体的子类，缺乏明确的稳定场景或承载环境来源,仅凭'钩边'无法确定其具体应用场景或是否具备稳定可用的场景来源,screened
人造物体,人造物体 / 钻 / 牙医钻,38,reject,[],牙医钻相关医疗场景,牙医钻属于抽象工具，缺乏稳定、通用的场景或承载区域来源，仅出现在特定医疗环境中，无法提供广泛适用的可编辑环境结构。,screened
人造物体,人造物体 / 钻 / 电钻,71,reject,[],电钻作为工具，通常出现在工作场所或施工环境,电钻属于工具类，多为孤立小物特写或品牌标志，缺乏稳定、通用的场景或承载面来源,screened
人造物体,人造物体 / 钻 / 钻孔器,65,reject,[],钻孔器相关场景,钻孔器主要为工具，缺乏稳定、非偶然的场景或承载区域来源，属于抽象符号类物品，无明确实用环境支撑,screened
人造物体,人造物体 / 链条 / 链条,27,hold,[],链条类别,仅凭分类名称无法确定其是否包含稳定有用的场景或承载区域来源,screened
人造物体,人造物体 / 锄,79,hold,[],锄类工具,仅凭分类名称无法确定其是否具有稳定可用的场景或承载区域来源,screened
人造物体,人造物体 / 锥形交通路标,52,keep,"[""交通环境""]",锥形交通路标常见于道路、交叉口等交通场景，提供明确的视觉引导和空间标识,锥形交通路标是交通环境中稳定存在的标识物，具有明确的场景来源和承载面，适用于交通场景的视觉建模与编辑。,screened
人造物体,人造物体 / 键盘 / 打字机键盘,26,keep,"[""办公桌面"", ""工作场所"", ""室内环境""]",键盘类物品常见于办公桌面和工作场景，提供稳定可编辑的承载面,打字机键盘作为办公场景中的典型输入设备，常出现在办公桌面和工作环境中，具有稳定且可编辑的承载区域,screened
人造物体,人造物体 / 键盘 / 音乐键盘,26,keep,"[""办公场景"", ""桌面环境""]",键盘类物品在办公场景中作为输入设备出现，常置于桌面或工作台面上，提供稳定使用环境,音乐键盘作为办公或学习场景中的常见设备，常出现在桌面或工作区域，具有稳定且可编辑的使用场景,screened
人造物体,人造物体 / 锯类,38,keep,"[""工作场所"", ""木工环境""]",锯类在木工或加工场景中的使用环境,锯类通常出现在工作场所或木工环境中，提供稳定的加工场景和承载面,screened
人造物体,人造物体 / 防晒产品,26,reject,[],防晒产品,防晒产品多为抽象符号或孤立小物特写，缺乏稳定有用的场景或承载区域来源。,screened
人造物体,人造物体 / 集料设备,17,keep,"[""工地现场"", ""生产场所""]",集料设备常见于建筑工地或生产环境中，用于物料运输和堆放,集料设备通常出现在工地或生产场所，具有稳定的场景来源和承载功能,screened
人造物体,人造物体 / 集材机 / 单板滑雪者,18,reject,[],集材机与单板滑雪者的组合,该分类包含抽象符号和孤立小物特写，缺乏稳定有用的场景或承载区域来源。,screened
人造物体,人造物体 / 雪鞋,27,hold,[],雪鞋作为人造物体，其使用场景可能涉及雪地行走或冬季户外活动,雪鞋的分类缺乏明确的稳定场景或承载环境来源，无法确定其在实际场景中的普遍适用性,screened
人造物体,人造物体 / 面巾纸架,28,hold,[],面巾纸架,仅凭分类名称无法确定其是否具有稳定有用的场景或承载区域来源,screened
人造物体,人造物体 / 面膜,34,reject,[],面膜,面膜属于纯文字或品牌标志类，缺乏稳定、可用的场景或承载区域来源,screened
人造物体,人造物体 / 面霜,22,reject,[],面霜作为护肤品，通常以纯文字、品牌标志或孤立小物特写呈现,面霜属于抽象符号和品牌标志，缺乏稳定、可用的场景或承载区域来源,screened
人造物体,人造物体 / 鞋拔,18,reject,[],鞋拔,鞋拔属于孤立小物特写，缺乏稳定有用的场景或承载区域来源,screened
人造物体,人造物体 / 飞机舷窗,25,reject,[],飞机舷窗,飞机舷窗属于抽象符号和孤立小物特写，缺乏稳定有用的场景或承载区域来源。,screened
人造物体,人造物体 / 飞行操纵面 / 副翼,23,reject,[],飞行操纵面,副翼属于飞机的抽象操纵部件，通常以符号或特写形式出现，缺乏稳定、通用的场景或承载环境来源。,screened
人造物体,人造物体 / 飞行操纵面 / 升降舵,23,reject,[],升降舵,升降舵属于飞行器的抽象操纵部件，通常以符号或特写形式出现，缺乏稳定、通用的场景或承载环境来源。,screened
人造物体,人造物体 / 飞行操纵面 / 垂直尾翼组件,21,reject,[],垂直尾翼组件,垂直尾翼组件主要为飞机上的抽象符号或孤立部件，缺乏稳定、通用的场景或承载区域来源。,screened
人造物体,人造物体 / 飞行操纵面 / 扰流板,21,reject,[],扰流板作为飞行器的操纵面，通常出现在航空器表面，无稳定场景或承载环境,扰流板属于飞行器的抽象操纵部件，缺乏稳定、可编辑的场景或承载环境来源，仅作为符号存在，不符合场景类别的要求,screened
人造物体,人造物体 / 飞行操纵面 / 旋翼,26,hold,[],飞行操纵面,仅凭分类名称无法确定其具体场景或是否存在稳定有用的来源,screened
人造物体,人造物体 / 飞行操纵面 / 机翼,22,keep,"[""航空环境"", ""飞行器结构"", ""空中载体""]",机翼作为飞行器的关键组成部分，常见于各类飞行器的空中运行场景中，提供升力和稳定性的来源,机翼是飞行器的核心结构部件，广泛存在于航空器的飞行环境中，具有稳定、可重复的场景来源，能提供有效的承载与操作空间,screened
人造物体,人造物体 / 飞行操纵面 / 横尾翼,21,reject,[],飞行操纵面,横尾翼属于飞机的抽象操纵部件，缺乏稳定、可编辑的场景或承载环境来源，主要为符号或结构特写，无实际使用场景支撑。,screened
人造物体,人造物体 / 飞行操纵面 / 稳定器,21,reject,[],飞行操纵面/稳定器,稳定器多为抽象符号或孤立小物特写，缺乏稳定有用的场景或承载区域来源,screened
人造物体,人造物体 / 飞行操纵面 / 舵,26,reject,[],飞行操纵面,舵属于抽象符号或孤立小物特写，缺乏稳定有用的场景或承载区域来源。,screened
人造物体,人造物体 / 餐厅家具 / 餐桌,29,keep,"[""室内"", ""餐厅环境"", ""桌面场景""]",餐厅中的餐桌及其相关使用场景,餐桌常见于室内餐厅环境，提供稳定支撑和放置区域，具有明确且持续的场景来源,screened
人造物体,人造物体 / 香水,23,reject,[],香水,香水属于抽象符号和纯文字类，缺乏稳定有用的场景或承载区域来源,screened
人造物体,人造物体 / 高脚杯,25,reject,[],高脚杯,高脚杯通常为孤立小物特写，缺乏稳定有用的场景或承载区域来源,screened
人造物体,人造物体 / 魔术道具,28,reject,[],魔术道具,魔术道具多为抽象符号或孤立小物特写，缺乏稳定有用的场景或承载区域来源。,screened
体育与游戏,体育与游戏 / 体育运动大项 / 滑雪芭蕾,26,hold,[],体育与游戏 / 体育运动大项 / 滑雪芭蕾,分类名称模糊，滑雪与芭蕾属于不同运动类型，缺乏明确稳定的场景或承载环境来源，无法确定其具体可编辑场景。,screened
体育与游戏,体育与游戏 / 电子竞技 / 电竞内容 IP,161,reject,[],电竞内容 IP,主要为抽象符号、品牌标志或孤立小物特写，缺乏稳定有用的场景或承载区域来源。,screened
体育与游戏,体育与游戏 / 电子竞技 / 电竞战队 IP,126,reject,[],电竞战队 IP,主要为抽象符号、品牌标志或孤立小物特写，缺乏稳定有用的场景或承载区域来源,screened
体育与游戏,体育与游戏 / 电子竞技 / 电竞明星 IP,192,reject,[],电竞明星 IP,主要为抽象符号、品牌标志或孤立小物特写，缺乏稳定有用的场景或承载区域来源,screened
体育与游戏,体育与游戏 / 电子竞技 / 电竞赛事 IP,366,reject,[],电竞赛事 IP,主要为抽象符号、品牌标志或孤立小物特写，缺乏稳定有用的场景或承载区域来源。,screened
体育与游戏,体育与游戏 / 赛事 / 体育赛事,913,keep,"[""体育场馆"", ""比赛现场"", ""观众环境""]",体育赛事发生的典型场景，包括体育场、体育馆、比赛场地等,体育赛事通常发生在具有稳定场景和承载结构的体育场馆或比赛现场，具备明确的环境结构和可编辑性,screened
体育与游戏,体育与游戏 / 赛事 / 奖项典礼 IP,327,hold,[],体育与游戏领域的赛事、奖项和典礼相关IP,分类名称涉及抽象IP，缺乏明确的稳定场景或承载环境来源，无法确定其是否包含可编辑的物理场景或环境结构。,screened
动物,动物 / 两栖动物 / 南美牛蛙,22,hold,[],南美牛蛙的自然栖息环境,仅凭分类名称无法确定是否存在稳定有用的场景或承载区域来源,screened
动物,动物 / 两栖动物 / 尾蛙,21,hold,[],两栖动物中的尾蛙,仅凭分类名称无法确定是否存在稳定有用的场景或承载区域来源,screened
动物,动物 / 两栖动物 / 树蛙,42,hold,"[""森林环境""]",树蛙可能栖息的自然环境,树蛙的分类缺乏明确的稳定场景来源，无法确定其典型栖息环境是否具有可编辑的承载面或空间结构,screened
动物,动物 / 两栖动物 / 火蜥蜴,140,reject,[],火蜥蜴相关抽象符号或纯文字,火蜥蜴为虚构或非现实存在的生物，缺乏稳定、可用的场景或承载环境来源,screened
动物,动物 / 两栖动物 / 蚓螈类,26,hold,[],蚓螈类,仅凭分类名称无法确定其是否存在稳定有用的场景或承载区域来源,screened
动物,动物 / 两栖动物 / 蛙科动物,115,hold,[],蛙科动物,仅凭分类名称无法确定是否存在稳定有用的场景或承载区域来源,screened
动物,动物 / 两栖动物 / 蛙类,73,hold,[],蛙类,仅凭分类名称无法确定是否存在稳定有用的场景或承载区域来源,screened
动物,动物 / 两栖动物 / 蝾螈类,41,hold,[],蝾螈类动物,仅凭分类名称无法确定其是否具有稳定可用的场景或承载环境来源,screened
动物,动物 / 两栖动物 / 蟾蜍科动物,143,hold,[],蟾蜍科动物,仅凭分类名称无法确定是否存在稳定有用的场景或承载区域来源,screened
动物,动物 / 两栖动物 / 蟾蜍类,31,hold,[],蟾蜍类,仅凭分类名称无法确定是否存在稳定有用的场景或承载区域来源,screened
动物,动物 / 两栖动物 / 负子蟾,32,hold,[],负子蟾所属的两栖动物类别,仅凭分类名称无法确定其具体场景或稳定来源，缺乏明确的场景或承载环境支持,screened
动物,动物 / 两栖动物属,51,hold,[],两栖动物属,仅凭分类名称无法确定是否存在稳定有用的场景或承载区域来源,screened
动物,动物 / 六足动物,41,hold,[],六足动物类别,仅凭名称无法确定是否存在稳定有用的场景或承载区域来源,screened
动物,动物 / 兽医诊所,26,keep,"[""兽医诊所"", ""医疗环境"", ""动物护理场景""]",兽医诊所中的动物护理和诊疗场景,兽医诊所是稳定存在的场景，包含明确的动物护理和诊疗环境，具有可编辑的承载面和结构，适合召回相关图片。,screened
动物,动物 / 兽迹,21,hold,[],动物/兽迹,仅凭分类名称无法确定具体场景或是否存在稳定有用的来源,screened
动物,动物 / 农场动物 / 山羊,22,keep,"[""农场"", ""放牧环境"", ""农村场景""]",山羊在农场或放牧环境中的常见场景,山羊常见于农场或放牧环境中，具有稳定且可编辑的场景来源,screened
动物,动物 / 农场动物 / 牛亚科,45,keep,"[""农场"", ""牧场"", ""农业环境""]",牛亚科类动物在农场或牧场中的典型场景,牛亚科动物常见于农场和牧场，具有稳定且丰富的场景来源，符合室内/室外承载环境的覆盖需求,screened
动物,动物 / 农场动物 / 猪,25,keep,"[""农场"", ""养殖环境"", ""农业场景""]",猪在农场或养殖环境中的常见场景,猪作为农场动物，常出现在养殖环境中，具有稳定且可编辑的场景来源,screened
动物,动物 / 农场动物 / 绵羊,25,keep,"[""农场场景"", ""放牧环境""]",绵羊在农场或放牧环境中的常见场景,绵羊通常出现在农场或放牧环境中，具有稳定且可编辑的场景来源,screened
动物,动物 / 农场动物 / 马,68,keep,"[""农场"", ""牧场"", ""户外环境""]",马在农场或牧场中的典型场景,马常见于农场和牧场，具有稳定且丰富的场景来源，能提供可靠的承载和环境结构,screened
动物,动物 / 农场动物 / 驴,23,keep,"[""农场场景"", ""农业环境""]",农场中常见的动物活动场景，如放牧、运输等,驴在农场中具有稳定且常见的使用场景，通常出现在农业环境中，提供明确的承载和活动空间,screened
动物,动物 / 冰钓,18,keep,"[""冰钓场景"", ""自然水域环境""]",冰钓活动中涉及的动物及自然环境,冰钓场景通常发生在自然水域，具有稳定且可编辑的承载环境，适合召回相关图片,screened
动物,动物 / 冲锋动物,20,hold,[],动物 / 冲锋动物,仅凭分类名称无法确定其具体范围或是否存在稳定有用的场景来源,screened
动物,动物 / 动物伤病,19,hold,[],动物伤病相关场景,无法确定动物伤病是否包含稳定可用的场景或承载环境来源,screened
动物,动物 / 动物幼崽,29,hold,[],动物幼崽,仅凭分类名称无法确定是否存在稳定有用的场景或承载区域来源,screened
动物,动物 / 动物游行,24,keep,"[""公共空间"", ""游行活动""]",动物游行场景中的公共空间和人群聚集环境,动物游行通常发生在公共空间或街道等开放场景中，具有稳定的场景来源和可编辑环境结构。,screened
动物,动物 / 动物目 / 栖木鸟,48,keep,"[""自然环境"", ""森林场景""]",栖木鸟在自然森林中的栖息和活动场景,栖木鸟常见于森林和自然环境中，具有稳定的栖息场景和承载面，符合可编辑环境结构要求,screened
动物,动物 / 动物绿雕,27,hold,[],动物绿雕,仅凭分类名称无法确定是否存在稳定有用的场景或承载区域来源,screened
动物,动物 / 动物额毛,21,hold,[],动物额毛,仅凭分类名称无法确定具体场景或是否存在稳定有用的来源,screened
动物,动物 / 参观动物园,19,keep,"[""动物园"", ""自然环境"", ""公共空间""]",参观动物园的场景和环境,动物园提供稳定且丰富的参观场景和自然环境来源，适合召回相关图片,screened
动物,动物 / 古生物与灭绝动物 / 古代节肢动物,25,keep,"[""古生物环境"", ""远古地质场景""]",古代节肢动物所处的地质与古环境场景,古代节肢动物存在于特定的地质和古环境场景中，具有稳定且可识别的来源,screened
动物,动物 / 古生物与灭绝动物 / 史前哺乳动物,23,keep,"[""古生物环境"", ""史前生态系统""]",史前哺乳动物所处的地质与生态环境,史前哺乳动物存在于特定的古生物环境中，具有稳定且可识别的场景来源,screened
动物,动物 / 古生物与灭绝动物 / 史前海生爬行动物,19,keep,"[""海洋环境"", ""史前场景""]",史前海生爬行动物所处的海洋及古生代环境,史前海生爬行动物存在于古代海洋环境中，具有稳定且可识别的场景来源,screened
动物,动物 / 古生物与灭绝动物 / 恐龙,66,keep,"[""古生物场景"", ""远古环境""]",恐龙相关的古生物场景和远古生态环境,恐龙存在于远古环境和古生物场景中，具有稳定且非偶然的来源，符合场景类别的要求,screened
动物,动物 / 古生物与灭绝动物 / 灭绝鸟类,24,hold,[],灭绝鸟类,仅凭分类名称无法确定是否存在稳定有用的场景或承载区域来源,screened
动物,动物 / 古生物与灭绝动物 / 翼龙,22,keep,"[""古生物环境"", ""远古地质场景""]",翼龙相关的古生物生存环境与地质场景,翼龙属于古生物，其存在与远古环境密切相关，可提供稳定的古生物场景来源。,screened
动物,动物 / 吉娃娃犬,24,hold,[],吉娃娃犬作为动物类别,仅凭名称无法确定其是否具有稳定可用的场景或承载环境来源,screened
动物,动物 / 后代 / 争吵,22,reject,[],动物后代的争吵,该分类属于抽象符号或非稳定场景，缺乏明确的场景或承载区域来源,screened
动物,动物 / 后代 / 刚孵化幼体,15,hold,[],动物后代的刚孵化幼体,仅凭分类名称无法确定是否存在稳定有用的场景或承载区域来源,screened
动物,动物 / 后代 / 孤儿,16,reject,[],动物后代中的孤儿,该分类属于抽象符号或虚构概念，缺乏稳定、可编辑的场景或承载环境来源。,screened
动物,动物 / 后代 / 幼年哺乳动物,177,hold,[],幼年哺乳动物,仅凭分类名称无法确定具体场景或稳定来源，缺乏明确的场景或承载环境支持,screened
动物,动物 / 后代 / 幼鸟,16,hold,[],动物后代中的幼鸟类别,仅凭分类名称无法确定是否存在稳定有用的场景或承载区域来源,screened
动物,动物 / 哺乳动物 / 兔形动物,40,hold,[],兔形动物,仅凭分类名称无法确定是否存在稳定有用的场景或承载区域来源,screened
动物,动物 / 哺乳动物 / 单孔类动物,12,hold,[],单孔类动物,仅凭分类名称无法确定是否存在稳定有用的场景或承载区域来源,screened
动物,动物 / 哺乳动物 / 原兽类动物,35,hold,[],原兽类动物,仅凭分类名称无法确定其具体场景或是否存在稳定有用的来源,screened
动物,动物 / 哺乳动物 / 后兽类动物,179,hold,[],后兽类动物,仅凭分类名称无法确定具体场景或稳定来源，缺乏明确的场景或承载环境关联,screened
动物,动物 / 哺乳动物 / 啮齿动物,661,hold,[],啮齿动物类别,仅凭分类名称无法确定是否存在稳定有用的场景或承载区域来源,screened
动物,动物 / 哺乳动物 / 实验哺乳动物,39,hold,[],实验哺乳动物,仅凭分类名称无法确定是否存在稳定有用的场景或承载区域来源,screened
动物,动物 / 哺乳动物 / 家牛类,38,hold,[],家牛类,仅凭分类名称无法确定是否存在稳定有用的场景或承载区域来源,screened
动物,动物 / 哺乳动物 / 家犬类,41,hold,[],家犬类,仅凭分类名称无法确定是否存在稳定有用的场景或承载区域来源,screened
动物,动物 / 哺乳动物 / 家猪类,36,hold,[],家猪类,仅凭分类名称无法确定是否存在稳定有用的场景或承载区域来源,screened
动物,动物 / 哺乳动物 / 家猫类,42,hold,[],家猫类,仅凭分类名称无法确定是否存在稳定有用的场景或承载区域来源,screened
动物,动物 / 哺乳动物 / 家羊类,36,hold,[],家羊类,仅凭分类名称无法确定是否存在稳定有用的场景或承载区域来源,screened
动物,动物 / 哺乳动物 / 家马类,39,hold,[],家马类动物,仅凭分类名称无法确定是否存在稳定有用的场景或承载区域来源,screened
动物,动物 / 哺乳动物 / 有胎盘哺乳动物,3510,hold,[],有胎盘哺乳动物,仅凭分类名称无法确定具体场景或稳定来源，缺乏明确的场景或承载环境关联,screened
动物,动物 / 哺乳动物 / 有袋类与单孔类,36,hold,[],有袋类与单孔类动物,仅凭分类名称无法确定是否存在稳定有用的场景或承载区域来源,screened
动物,动物 / 哺乳动物 / 有袋类动物,30,hold,[],有袋类动物,仅凭分类名称无法确定是否存在稳定有用的场景或承载区域来源,screened
动物,动物 / 哺乳动物 / 树懒类,10,hold,[],树懒类,仅凭分类名称无法确定是否存在稳定有用的场景或承载区域来源,screened
动物,动物 / 哺乳动物 / 河马类,12,keep,"[""自然环境"", ""水域环境""]",河马类动物在自然水域中的栖息和活动场景,河马类动物主要生活在河流、湖泊等水域环境中，具有稳定的自然场景来源,screened
动物,动物 / 哺乳动物 / 海洋哺乳动物,37,hold,[],海洋哺乳动物,仅凭分类名称无法确定是否存在稳定有用的场景或承载区域来源,screened
动物,动物 / 哺乳动物 / 海牛类动物,14,hold,[],海牛类动物,仅凭分类名称无法确定是否存在稳定有用的场景或承载区域来源,screened
动物,动物 / 哺乳动物 / 海狮类动物,15,hold,[],海狮类动物,仅凭分类名称无法确定是否存在稳定有用的场景或承载区域来源,screened
动物,动物 / 哺乳动物 / 海豚类动物,21,hold,[],海豚类动物,仅凭分类名称无法确定是否存在稳定有用的场景或承载区域来源,screened
动物,动物 / 哺乳动物 / 海豹类动物,23,hold,[],海豹类动物,仅凭分类名称无法确定是否存在稳定有用的场景或承载区域来源,screened
动物,动物 / 哺乳动物 / 灵长类,48,hold,[],灵长类动物,仅凭分类名称无法确定是否存在稳定有用的场景或承载区域来源,screened
动物,动物 / 哺乳动物 / 灵长类动物,63,hold,[],灵长类动物,仅凭分类名称无法确定是否存在稳定有用的场景或承载区域来源,screened
动物,动物 / 哺乳动物 / 熊科动物,26,reject,[],熊科动物,熊科动物多为孤立个体或纯符号，缺乏稳定、通用的场景或承载环境来源。,screened
动物,动物 / 哺乳动物 / 牛科动物,45,hold,[],牛科动物,仅凭分类名称无法确定是否存在稳定有用的场景或承载区域来源,screened
动物,动物 / 哺乳动物 / 牛羊鹿类,56,keep,"[""牧场"", ""农村环境"", ""放牧场景""]",牛羊鹿类在自然或人工牧场中的放养场景,牛羊鹿类常见于牧场或农村环境，具有稳定且可编辑的场景来源,screened
动物,动物 / 哺乳动物 / 犀牛类,12,hold,[],犀牛类动物,仅凭分类名称无法确定是否存在稳定有用的场景或承载区域来源,screened
动物,动物 / 哺乳动物 / 犬科动物,1844,reject,[],犬科动物,犬科动物多为孤立个体或符号化表现，缺乏稳定、通用的场景或承载环境来源。,screened
动物,动物 / 哺乳动物 / 犰狳类,20,hold,[],动物 / 哺乳动物 / 犰狳类,仅凭分类名称无法确定是否存在稳定有用的场景或承载区域来源。,screened
动物,动物 / 哺乳动物 / 猪科动物,63,reject,[],猪科动物,猪科动物多为孤立小物特写或符号，缺乏稳定有用的场景或承载区域来源。,screened
动物,动物 / 哺乳动物 / 猪类,53,hold,[],猪类,仅凭分类名称无法确定是否存在稳定有用的场景或承载区域来源,screened
动物,动物 / 哺乳动物 / 猫科动物,656,hold,[],猫科动物,仅凭分类名称无法确定是否存在稳定有用的场景或承载区域来源,screened
动物,动物 / 哺乳动物 / 猬科,32,hold,[],动物 / 哺乳动物 / 猬科,仅凭分类名称无法确定是否存在稳定有用的场景或承载区域来源,screened
动物,动物 / 哺乳动物 / 獾类动物,16,hold,[],獾类动物,仅凭分类名称无法确定是否存在稳定有用的场景或承载区域来源,screened
动物,动物 / 哺乳动物 / 穿山甲类,14,hold,[],穿山甲类,仅凭分类名称无法确定其具体场景或是否存在稳定有用的来源,screened
动物,动物 / 哺乳动物 / 羊类动物,38,hold,[],羊类动物,仅凭分类名称无法确定是否存在稳定有用的场景或承载区域来源,screened
动物,动物 / 哺乳动物 / 翼手类,45,hold,[],翼手类动物,仅凭分类名称无法确定是否存在稳定有用的场景或承载区域来源,screened
动物,动物 / 哺乳动物 / 蝙蝠类,61,hold,[],蝙蝠类动物,仅凭分类名称无法确定是否存在稳定有用的场景或承载区域来源,screened
动物,动物 / 哺乳动物 / 象类,38,hold,[],象类动物,仅凭分类名称无法确定是否存在稳定有用的场景或承载区域来源,screened
动物,动物 / 哺乳动物 / 象类动物,40,hold,[],象类动物,仅凭分类名称无法确定是否存在稳定有用的场景或承载区域来源,screened
动物,动物 / 哺乳动物 / 野生有蹄动物,50,keep,"[""自然环境"", ""草原"", ""森林""]",野生有蹄动物在自然栖息地中的场景,野生有蹄动物通常存在于草原、森林等自然环境中，具有稳定且可编辑的场景来源,screened
动物,动物 / 哺乳动物 / 长牙动物,20,hold,[],长牙动物类别,仅凭分类名称无法确定具体场景或稳定来源,screened
动物,动物 / 哺乳动物 / 长颈鹿类,15,keep,"[""自然环境"", ""草原场景""]",长颈鹿类在自然草原等开放环境中出现的场景,长颈鹿类在草原等自然环境中具有稳定且常见的出现场景，能提供可靠的承载与环境参考,screened
动物,动物 / 哺乳动物 / 陆生食肉动物,41,hold,[],陆生食肉动物,仅凭分类名称无法确定是否存在稳定有用的场景或承载区域来源,screened
动物,动物 / 哺乳动物 / 雌性哺乳动物,30,hold,[],雌性哺乳动物,仅凭分类名称无法确定是否存在稳定有用的场景或承载区域来源,screened
动物,动物 / 哺乳动物 / 食蚁兽类,15,hold,[],食蚁兽类,仅凭分类名称无法确定是否存在稳定有用的场景或承载区域来源,screened
动物,动物 / 哺乳动物 / 马科动物,743,hold,[],马科动物,仅凭分类名称无法确定是否存在稳定有用的场景或承载区域来源,screened
动物,动物 / 哺乳动物 / 骆驼科动物,46,hold,[],骆驼科动物,仅凭分类名称无法确定是否存在稳定有用的场景或承载区域来源,screened
动物,动物 / 哺乳动物 / 骆驼类,35,hold,[],骆驼类动物,仅凭分类名称无法确定是否存在稳定有用的场景或承载区域来源,screened
动物,动物 / 哺乳动物 / 鲸类动物,25,keep,"[""海洋环境"", ""自然水域""]",鲸类动物在海洋和水域中的自然栖息场景,鲸类动物主要生活在海洋和水域环境中，具有稳定且广泛的场景来源,screened
动物,动物 / 哺乳动物 / 鹿科动物,28,hold,[],鹿科动物,仅凭分类名称无法确定是否存在稳定有用的场景或承载区域来源,screened
动物,动物 / 哺乳动物 / 鼬科动物,264,reject,[],鼬科动物,鼬科动物多为孤立小物特写或抽象符号，缺乏稳定、广泛的场景或承载区域来源。,screened
动物,动物 / 哺乳动物科 / 猫科,38,hold,[],猫科动物的分类范围,仅凭分类名称无法确定是否存在稳定有用的场景或承载区域来源,screened
动物,动物 / 奶牛,19,hold,[],动物 / 奶牛,仅凭分类名称无法确定是否存在稳定有用的场景或承载区域来源,screened
动物,动物 / 宠物 / 狗,58,keep,"[""家庭环境"", ""户外活动""]",狗在家庭和户外常见的活动场景,狗作为宠物常见于家庭和户外环境，提供稳定且丰富的场景来源,screened
动物,动物 / 宠物 / 猫,74,keep,"[""家庭室内"", ""居家环境""]",猫作为宠物常见于家庭室内环境，提供稳定的生活场景和可编辑的承载面,猫作为宠物常出现在家庭室内场景，具有稳定且普遍的来源，可作为可编辑环境的支撑和承载区域,screened
动物,动物 / 害虫,40,hold,[],动物 / 害虫,仅凭分类名称无法确定具体场景或是否存在稳定有用的来源,screened
动物,动物 / 家养动物 / 喂食器,18,hold,[],家养动物的喂食器,仅凭名称无法确定是否存在稳定有用的场景或承载区域来源,screened
动物,动物 / 家养动物 / 头部,17,reject,[],头部分类,头部属于抽象符号或孤立小物特写，缺乏稳定有用的场景或承载区域来源,screened
动物,动物 / 家养动物 / 流浪动物,21,hold,[],动物 / 家养动物 / 流浪动物,仅凭分类名称无法确定是否存在稳定有用的场景或承载区域来源,screened
动物,动物 / 家畜,56,keep,"[""农场"", ""农村环境"", ""养殖场所""]",家畜在养殖或放养环境中的常见场景,家畜通常出现在农场、农村或养殖场所等稳定场景中，具有明确的承载和环境背景,screened
动物,动物 / 尖吻鲈,22,reject,[],尖吻鲈相关场景,尖吻鲈为特定水生生物，缺乏稳定、广泛的场景或承载环境来源，主要出现在水体中，无通用可编辑环境结构。,screened
动物,动物 / 幼体,43,hold,[],动物幼体,仅凭分类名称无法确定具体场景或是否存在稳定有用的来源,screened
动物,动物 / 幼虫 / 叶鳗,13,hold,[],动物 / 幼虫 / 叶鳗,仅凭分类名称无法确定其是否包含稳定有用的场景或承载区域来源,screened
动物,动物 / 幼虫 / 囊尾蚴,13,reject,[],动物幼虫类,囊尾蚴为寄生虫形态，通常无稳定场景或承载环境，缺乏可编辑的实用场景来源。,screened
动物,动物 / 幼虫 / 大黄粉虫幼体,13,reject,[],大黄粉虫幼体,仅提供抽象符号或孤立小物特写，缺乏稳定有用的场景或承载区域来源,screened
动物,动物 / 幼虫 / 孑孓,18,reject,[],幼虫类动物,孑孓为水体中短暂存在的生物，缺乏稳定、可编辑的场景或承载环境来源，仅作为抽象符号存在。,screened
动物,动物 / 幼虫 / 尾蚴,17,reject,[],动物幼虫类,尾蚴属于特定生物阶段，通常为孤立的生物符号或医学图像，缺乏稳定、通用的场景或承载环境来源。,screened
动物,动物 / 幼虫 / 毛毛虫,288,hold,[],动物 / 幼虫 / 毛毛虫,仅凭分类名称无法确定是否存在稳定有用的场景或承载区域来源,screened
动物,动物 / 幼虫 / 水虿,21,hold,[],动物 / 幼虫 / 水虿,仅凭分类名称无法确定是否存在稳定有用的场景或承载区域来源,screened
动物,动物 / 幼虫 / 禾茎广肩小蜂,18,reject,[],动物 / 幼虫 / 禾茎广肩小蜂,该分类仅涉及特定昆虫幼虫，缺乏稳定、广泛的场景或承载环境来源，属于抽象符号或孤立小物特写。,screened
动物,动物 / 幼虫 / 线虫,24,reject,[],线虫类动物,线虫多为微小生物，通常无稳定场景或承载面，缺乏可编辑的环境结构或实用场景来源。,screened
动物,动物 / 幼虫 / 草蛉幼虫,20,hold,[],动物 / 幼虫 / 草蛉幼虫,仅凭分类名称无法确定是否存在稳定有用的场景或承载区域来源,screened
动物,动物 / 幼虫 / 蚁狮,18,hold,[],动物 / 幼虫 / 蚁狮,仅凭分类名称无法确定是否存在稳定有用的场景或承载区域来源,screened
动物,动物 / 幼虫 / 蝌蚪,21,hold,[],动物 / 幼虫 / 蝌蚪,仅凭分类名称无法确定是否存在稳定有用的场景或承载区域来源,screened
动物,动物 / 役用动物 / 役畜,25,keep,"[""农业场景"", ""农村环境"", ""工作场所""]",役畜在农业和农村生产生活中的使用场景,役畜如牛、马等在农田耕作、运输等场景中具有稳定且广泛的来源，属于典型的工作环境和生产场景,screened
动物,动物 / 微型水生无脊椎动物,23,hold,[],微型水生无脊椎动物,分类名称缺乏明确的稳定场景或承载环境来源，无法确定其在实际场景中的可编辑性或普遍适用性。,screened
动物,动物 / 成体,30,hold,[],成体动物,仅凭'成体动物'无法确定具体场景或稳定来源，缺乏明确的场景或承载环境信息,screened
动物,动物 / 扁形动物,25,hold,[],动物 / 扁形动物,仅凭分类名称无法确定是否存在稳定有用的场景或承载区域来源,screened
动物,动物 / 抚摸非猫宠物,17,hold,[],动物 / 抚摸非猫宠物,仅凭分类名称无法确定具体场景或是否存在稳定有用的来源,screened
动物,动物 / 振翅动物,18,hold,[],动物 / 振翅动物,仅凭分类名称无法确定具体场景或稳定来源，缺乏明确的场景或承载环境支持。,screened
动物,动物 / 捕食动物 / 食肉动物,43,reject,[],食肉动物相关类别,食肉动物多为抽象符号或孤立小物特写，缺乏稳定、通用的场景或承载区域来源,screened
动物,动物 / 换羽动物,18,hold,[],动物 / 换羽动物,仅凭分类名称无法确定具体场景或稳定来源，缺乏明确的场景或承载环境关联,screened
动物,动物 / 放牧动物,38,keep,"[""牧场"", ""农村环境"", ""放牧场景""]",放牧动物在开放草地或牧场中的自然活动场景,放牧动物常见于牧场和农村环境，具有稳定且广泛的场景来源,screened
动物,动物 / 放牧驱赶,21,hold,[],动物 / 放牧驱赶,仅凭分类名称无法确定具体场景或是否存在稳定有用的来源,screened
动物,动物 / 无脊椎动物 / 侧生动物,22,hold,[],无脊椎动物中的侧生动物,仅凭分类名称无法确定是否存在稳定有用的场景或承载区域来源,screened
动物,动物 / 无脊椎动物 / 刺胞动物,157,hold,[],无脊椎动物中的刺胞动物,仅凭分类名称无法确定是否存在稳定有用的场景或承载区域来源,screened
动物,动物 / 无脊椎动物 / 栉水母,20,hold,[],无脊椎动物中的栉水母,仅凭分类名称无法确定其是否存在稳定有用的场景或承载区域来源,screened
动物,动物 / 无脊椎动物 / 海洋无脊椎动物,36,hold,[],海洋无脊椎动物,仅凭分类名称无法确定是否存在稳定有用的场景或承载区域来源,screened
动物,动物 / 无脊椎动物 / 节肢动物,2629,hold,[],节肢动物类别,仅凭分类名称无法确定是否存在稳定有用的场景或承载区域来源,screened
动物,动物 / 无脊椎动物 / 虫,105,hold,[],无脊椎动物中的虫类,仅凭分类名称无法确定是否存在稳定有用的场景或承载区域来源,screened
动物,动物 / 无脊椎动物 / 贝类水产,544,keep,"[""海洋环境"", ""沿海区域"", ""水下场景""]",贝类水产在自然水体中的栖息环境,贝类水产常见于海洋和沿海水域，具有稳定的自然栖息场景，可提供有效的环境承载和视觉参考,screened
动物,动物 / 无脊椎动物 / 软体动物,48,hold,[],软体动物类别,仅凭分类名称无法确定是否存在稳定有用的场景或承载区域来源,screened
动物,动物 / 昆虫与节肢 / 半翅类,36,hold,[],半翅类昆虫的自然栖息环境,仅凭分类名称无法确定其是否包含稳定可用的场景或承载区域来源,screened
动物,动物 / 昆虫与节肢 / 双翅类,34,hold,[],双翅类昆虫,仅凭分类名称无法确定是否存在稳定有用的场景或承载区域来源,screened
动物,动物 / 昆虫与节肢 / 椿象类,30,hold,[],椿象类,仅凭分类名称无法确定其是否具有稳定有用的场景或承载区域来源,screened
动物,动物 / 昆虫与节肢 / 潮虫类,25,hold,[],潮虫类,仅凭分类名称无法确定是否存在稳定有用的场景或承载区域来源,screened
动物,动物 / 昆虫与节肢 / 甲虫类,36,keep,"[""自然环境"", ""草地场景""]",甲虫类在自然环境中的常见栖息地，如草地、林地等,甲虫类常见于自然环境中，具有稳定的栖息和活动场景，如草地、林地等，能提供可靠的场景来源。,screened
动物,动物 / 昆虫与节肢 / 白蚁类,26,hold,[],白蚁类,仅凭分类名称无法确定是否存在稳定有用的场景或承载区域来源,screened
动物,动物 / 昆虫与节肢 / 直翅类,24,hold,[],直翅类昆虫,仅凭分类名称无法确定是否存在稳定有用的场景或承载区域来源,screened
动物,动物 / 昆虫与节肢 / 石蛾类,30,hold,[],石蛾类,仅凭分类名称无法确定其是否具有稳定有用的场景或承载区域来源,screened
动物,动物 / 昆虫与节肢 / 竹节虫类,28,hold,[],竹节虫类,仅凭分类名称无法确定其是否具有稳定有用的场景或承载区域来源,screened
动物,动物 / 昆虫与节肢 / 胡蜂类,24,keep,"[""自然环境"", ""户外空间""]",胡蜂类在自然环境中出现的场景，如草地、树林、花园等,胡蜂类常见于自然环境中的户外空间，具有稳定的来源和可编辑的承载面，如树干、花丛等，符合稳定场景要求,screened
动物,动物 / 昆虫与节肢 / 膜翅类,32,hold,[],膜翅类昆虫,仅凭分类名称无法确定其是否包含稳定有用的场景或承载区域来源,screened
动物,动物 / 昆虫与节肢 / 苍蝇类,27,hold,[],苍蝇类,仅凭分类名称无法确定是否存在稳定有用的场景或承载区域来源,screened
动物,动物 / 昆虫与节肢 / 草蛉类,32,hold,[],草蛉类,仅凭分类名称无法确定其具体场景或是否存在稳定有用的来源,screened
动物,动物 / 昆虫与节肢 / 虱类,21,reject,[],虱类,虱类通常为孤立小物特写或抽象符号，缺乏稳定有用的场景或承载区域来源。,screened
动物,动物 / 昆虫与节肢 / 虻类,22,hold,[],昆虫类动物,仅凭分类名称无法确定是否存在稳定有用的场景或承载区域来源,screened
动物,动物 / 昆虫与节肢 / 蚂蚁类,44,keep,"[""自然环境"", ""土壤环境""]",蚂蚁类在自然土壤、植被覆盖区域中的活动场景,蚂蚁类常见于自然环境中的土壤和植被下，具有稳定的来源和可编辑的场景支撑,screened
动物,动物 / 昆虫与节肢 / 蚊类,25,hold,[],蚊类,仅凭分类名称无法确定是否存在稳定有用的场景或承载区域来源,screened
动物,动物 / 昆虫与节肢 / 蚜虫类,32,hold,[],蚜虫类,仅凭分类名称无法确定其是否具有稳定有用的场景或承载区域来源,screened
动物,动物 / 昆虫与节肢 / 蛛形纲,33,keep,"[""自然环境"", ""庭院公园""]",蛛形纲动物常见于自然和庭院环境中，如草丛、墙角、落叶堆等,蛛形纲动物如蜘蛛常出现在自然和庭院环境中，提供稳定且可编辑的场景来源,screened
动物,动物 / 昆虫与节肢 / 蛾类,33,hold,[],蛾类,仅凭分类名称无法确定是否存在稳定有用的场景或承载区域来源,screened
动物,动物 / 昆虫与节肢 / 蜈蚣与马陆,28,hold,[],动物 / 昆虫与节肢 / 蜈蚣与马陆,仅凭分类名称无法确定是否存在稳定有用的场景或承载区域来源。,screened
动物,动物 / 昆虫与节肢 / 蜈蚣类,24,hold,[],动物 / 昆虫与节肢 / 蜈蚣类,仅凭分类名称无法确定是否存在稳定有用的场景或承载区域来源。,screened
动物,动物 / 昆虫与节肢 / 蜉蝣类,36,hold,[],动物 / 昆虫与节肢 / 蜉蝣类,仅凭分类名称无法确定是否存在稳定有用的场景或承载区域来源。,screened
动物,动物 / 昆虫与节肢 / 蜘蛛类,27,keep,"[""自然环境"", ""庭院公园""]",蜘蛛类在自然和庭院环境中的常见出现场景,蜘蛛类常见于自然环境和庭院公园等有植被和隐蔽空间的场景，提供稳定且可编辑的承载区域,screened
动物,动物 / 昆虫与节肢 / 蜜蜂类,42,keep,"[""自然环境"", ""花园庭院""]",蜜蜂类在自然环境中常见的活动场景，如花园、草地、蜂箱周围,蜜蜂类常见于自然环境和花园庭院，具有稳定的来源和可编辑的场景支撑,screened
动物,动物 / 昆虫与节肢 / 蜱类,26,hold,[],蜱类,仅凭分类名称无法确定是否存在稳定有用的场景或承载区域来源,screened
动物,动物 / 昆虫与节肢 / 蜻蜓类,27,keep,"[""自然环境"", ""水面环境""]",蜻蜓类在自然水域及周围环境中的出现场景,蜻蜓类常见于水面附近，具有稳定的自然栖息和活动场景，可提供有效的环境与承载面信息,screened
动物,动物 / 昆虫与节肢 / 蝉类,41,hold,[],蝉类,仅凭分类名称无法确定是否存在稳定有用的场景或承载区域来源,screened
动物,动物 / 昆虫与节肢 / 蝎类,27,hold,[],蝎类,仅凭分类名称无法确定是否存在稳定有用的场景或承载区域来源,screened
动物,动物 / 昆虫与节肢 / 蝎蛉类,25,hold,[],动物 / 昆虫与节肢 / 蝎蛉类,仅凭分类名称无法确定是否存在稳定有用的场景或承载区域来源。,screened
动物,动物 / 昆虫与节肢 / 蝗虫类,28,keep,"[""农田"", ""草原"", ""自然环境""]",蝗虫类在农田、草原等自然环境中常见，具有稳定的场景来源,蝗虫类常见于农田和草原等自然场景，具有稳定且可编辑的环境来源,screened
动物,动物 / 昆虫与节肢 / 蝴蝶类,59,keep,"[""自然环境"", ""花园庭院""]",蝴蝶类在自然环境中出现的场景，如花园、草地、花朵旁等,蝴蝶类常见于自然环境中的花园、草地和花朵旁，具有稳定且可重复的场景来源,screened
动物,动物 / 昆虫与节肢 / 螨类,28,reject,[],螨类,螨类通常为微小生物，多出现在潮湿或隐蔽环境中，缺乏稳定、可编辑的场景或承载面来源，属于抽象符号或孤立小物特写，无明确实用场景。,screened
动物,动物 / 昆虫与节肢 / 螳螂与竹节虫,27,hold,[],动物 / 昆虫与节肢 / 螳螂与竹节虫,仅凭分类名称无法确定是否存在稳定有用的场景或承载区域来源。,screened
动物,动物 / 昆虫与节肢 / 螳螂类,27,hold,[],螳螂类,仅凭分类名称无法确定其是否具有稳定有用的场景或承载区域来源,screened
动物,动物 / 昆虫与节肢 / 螽斯类,25,hold,[],动物 / 昆虫与节肢 / 螽斯类,仅凭分类名称无法确定是否存在稳定有用的场景或承载区域来源。,screened
动物,动物 / 昆虫与节肢 / 蟋蟀类,35,hold,[],蟋蟀类,仅凭分类名称无法确定是否存在稳定有用的场景或承载区域来源,screened
动物,动物 / 昆虫与节肢 / 蟑螂类,25,hold,[],动物 / 昆虫与节肢 / 蟑螂类,仅凭分类名称无法确定是否存在稳定有用的场景或承载区域来源。,screened
动物,动物 / 昆虫与节肢 / 蠼螋类,22,hold,[],动物 / 昆虫与节肢 / 蠼螋类,仅凭分类名称无法确定其是否包含稳定有用的场景或承载区域来源。,screened
动物,动物 / 昆虫与节肢 / 豆娘类,30,hold,[],豆娘类,仅凭分类名称无法确定其具体场景或是否存在稳定有用的来源,screened
动物,动物 / 昆虫与节肢 / 跳蚤类,25,reject,[],跳蚤类,跳蚤类主要为抽象符号或孤立小物特写，缺乏稳定有用的场景或承载区域来源。,screened
动物,动物 / 昆虫与节肢 / 陆生甲壳类,31,keep,"[""自然环境"", ""湿地环境"", ""陆地生态""]",陆生甲壳类昆虫在自然环境中的栖息和活动场景,陆生甲壳类动物常见于自然和湿地环境中，具有稳定的栖息来源和可编辑的生态场景,screened
动物,动物 / 昆虫与节肢 / 马陆类,26,hold,[],马陆类,仅凭分类名称无法确定其是否存在稳定有用的场景或承载区域来源,screened
动物,动物 / 昆虫与节肢 / 鳞翅类,29,hold,[],鳞翅类昆虫的自然栖息环境,仅凭分类名称无法确定是否存在稳定有用的场景或承载区域来源,screened
动物,动物 / 杂食动物,65,keep,"[""自然环境"", ""野外生态""]",杂食动物在自然环境中的栖息和活动场景,杂食动物在自然环境中具有稳定的栖息和活动来源，如森林、草原等，能提供丰富的场景和承载面。,screened
动物,动物 / 柴犬,28,hold,[],动物 / 柴犬,仅凭分类名称无法确定其是否包含稳定有用的场景或承载区域来源,screened
动物,动物 / 梳理中的马,16,hold,[],动物 / 梳理中的马,仅凭分类名称无法确定其具体场景或是否存在稳定有用的来源,screened
动物,动物 / 梳理毛发的猫,16,hold,[],动物 / 梳理毛发的猫,仅凭分类名称无法确定是否存在稳定有用的场景或承载区域来源。,screened
动物,动物 / 比熊,26,hold,[],动物/比熊,仅凭分类名称无法确定是否存在稳定有用的场景或承载区域来源,screened
动物,动物 / 水生非哺乳生物 / 乌贼类,48,hold,[],乌贼类,仅凭分类名称无法确定是否存在稳定有用的场景或承载区域来源,screened
动物,动物 / 水生非哺乳生物 / 寄居蟹类,44,hold,[],动物 / 水生非哺乳生物 / 寄居蟹类,仅凭分类名称无法确定是否存在稳定有用的场景或承载区域来源。,screened
动物,动物 / 水生非哺乳生物 / 底栖动物,48,hold,[],水生非哺乳生物中的底栖动物,仅凭分类名称无法确定是否存在稳定有用的场景或承载区域来源,screened
动物,动物 / 水生非哺乳生物 / 无颌鱼,30,keep,"[""水域环境"", ""海洋环境""]",水生非哺乳生物中的无颌鱼类，如七鳃鳗等，常见于海洋或淡水水域,无颌鱼多生活在水域环境中，具有稳定的自然栖息地，可作为水生生态场景的来源,screened
动物,动物 / 水生非哺乳生物 / 棘皮动物,153,hold,[],动物 / 水生非哺乳生物 / 棘皮动物,仅凭分类名称无法确定是否存在稳定有用的场景或承载区域来源,screened
动物,动物 / 水生非哺乳生物 / 水母类,38,hold,"[""海洋环境""]",水母类主要出现在海洋环境中,水母类通常存在于海洋中，但缺乏稳定、普遍的场景来源，无法确定其是否能提供可编辑的承载或环境结构,screened
动物,动物 / 水生非哺乳生物 / 水生环节动物,34,hold,"[""水生环境""]",水生环节动物在自然水体中的分布场景,分类名称较模糊，缺乏明确的稳定场景来源，无法确定是否存在可编辑的水生环境承载结构。,screened
动物,动物 / 水生非哺乳生物 / 水生软体动物,40,hold,"[""海洋环境"", ""水下生态""]",水生软体动物在自然水体中的栖息环境,分类名称较模糊，缺乏明确的稳定场景来源，无法确定其是否包含可编辑的环境结构或承载面。,screened
动物,动物 / 水生非哺乳生物 / 洄游鱼类,48,hold,[],水生非哺乳生物中的洄游鱼类,仅凭分类名称无法确定是否存在稳定有用的场景或承载区域来源,screened
动物,动物 / 水生非哺乳生物 / 浮游动物,47,hold,[],水生非哺乳生物中的浮游动物,仅凭分类名称无法确定是否存在稳定有用的场景或承载区域来源,screened
动物,动物 / 水生非哺乳生物 / 海兔类,41,hold,[],海兔类,仅凭分类名称无法确定是否存在稳定有用的场景或承载区域来源,screened
动物,动物 / 水生非哺乳生物 / 海参类,54,hold,[],海参类,仅凭分类名称无法确定是否存在稳定有用的场景或承载区域来源,screened
动物,动物 / 水生非哺乳生物 / 海星类,48,hold,[],海星类,仅凭分类名称无法确定是否存在稳定有用的场景或承载区域来源,screened
动物,动物 / 水生非哺乳生物 / 海水鱼类,47,hold,[],海水鱼类,仅凭分类名称无法确定是否存在稳定有用的场景或承载区域来源,screened
动物,动物 / 水生非哺乳生物 / 海洋无脊椎动物,46,hold,[],海洋无脊椎动物,仅凭分类名称无法确定是否存在稳定有用的场景或承载区域来源,screened
动物,动物 / 水生非哺乳生物 / 海胆类,53,hold,[],海胆类,仅凭分类名称无法确定是否存在稳定有用的场景或承载区域来源,screened
动物,动物 / 水生非哺乳生物 / 海葵类,56,hold,[],海葵类,仅凭分类名称无法确定是否存在稳定有用的场景或承载区域来源,screened
动物,动物 / 水生非哺乳生物 / 淡水无脊椎动物,46,hold,"[""淡水环境""]",淡水无脊椎动物在水体中的栖息场景,分类名称较模糊，缺乏明确的稳定场景来源，无法确定具体可编辑的环境结构,screened
动物,动物 / 水生非哺乳生物 / 淡水鱼类,49,hold,[],淡水鱼类,仅凭分类名称无法确定是否存在稳定有用的水生场景或承载环境来源,screened
动物,动物 / 水生非哺乳生物 / 深海鱼类,48,hold,"[""深海环境""]",深海鱼类所处的水下环境,分类名称指向深海鱼类，但缺乏明确的稳定场景或承载面来源，无法确定其是否具有可编辑的环境结构。,screened
动物,动物 / 水生非哺乳生物 / 珊瑚与海葵,43,keep,"[""海洋环境"", ""珊瑚礁生态系统""]",水生非哺乳生物中的珊瑚与海葵，主要存在于海洋环境中的珊瑚礁区域,珊瑚与海葵常见于海洋环境中的珊瑚礁，提供稳定的生长和承载场景，具有明确的自然场景来源,screened
动物,动物 / 水生非哺乳生物 / 珊瑚类,47,hold,[],动物 / 水生非哺乳生物 / 珊瑚类,仅凭分类名称无法确定是否存在稳定有用的场景或承载区域来源。,screened
动物,动物 / 水生非哺乳生物 / 甲壳动物,33,hold,[],动物 / 水生非哺乳生物 / 甲壳动物,仅凭分类名称无法确定是否存在稳定有用的场景或承载区域来源。,screened
动物,动物 / 水生非哺乳生物 / 硬骨鱼,2396,keep,"[""水域环境"", ""海洋场景""]",水生非哺乳生物中的硬骨鱼在自然水域中的栖息场景,硬骨鱼常见于水域环境，具有稳定的自然栖息场景，可提供有效的承载与环境背景。,screened
动物,动物 / 水生非哺乳生物 / 硬骨鱼类,53,keep,"[""水域环境"", ""海洋场景""]",水生非哺乳生物中的硬骨鱼类在自然水域中的栖息场景,硬骨鱼类常见于水域环境，具有稳定的自然栖息场景，可提供有效的承载与背景来源,screened
动物,动物 / 水生非哺乳生物 / 章鱼类,19,hold,[],章鱼类,仅凭分类名称无法确定是否存在稳定有用的场景或承载区域来源,screened
动物,动物 / 水生非哺乳生物 / 虾类,40,keep,"[""水体环境"", ""海洋场景""]",虾类在水体中的自然栖息环境,虾类常见于水体环境，如海洋、淡水池塘等，具有稳定且可编辑的场景来源,screened
动物,动物 / 水生非哺乳生物 / 螺类,43,keep,"[""水域环境"", ""海洋场景""]",水生非哺乳生物中的螺类在自然水域中的分布和栖息环境,螺类常见于水域环境，如海洋、溪流等，具有稳定的栖息场景，可作为水生环境的代表性来源,screened
动物,动物 / 水生非哺乳生物 / 蟹类,50,keep,"[""水域环境"", ""海洋场景""]",水生非哺乳生物中的蟹类在自然水域中的出现场景,蟹类常见于海洋和淡水水域，具有稳定的自然栖息环境，可提供可靠的场景来源,screened
动物,动物 / 水生非哺乳生物 / 观赏鱼类,46,hold,[],观赏鱼类,仅凭分类名称无法确定是否存在稳定有用的场景或承载区域来源,screened
动物,动物 / 水生非哺乳生物 / 贝类,48,keep,"[""海洋环境"", ""水下场景""]",水生非哺乳生物中的贝类在海洋或水下环境中的自然栖息场景,贝类常见于海洋和水下环境，具有稳定的水生来源场景，可提供有效的承载与背景环境,screened
动物,动物 / 水生非哺乳生物 / 软骨鱼,293,keep,"[""海洋环境"", ""水域生态""]",水生非哺乳生物中的软骨鱼，如鲨鱼、鳐鱼等在海洋和水域中的自然栖息场景,软骨鱼多生活在海洋或水域环境中，具有稳定的自然栖息场景，可提供有效的场景来源,screened
动物,动物 / 水生非哺乳生物 / 软骨鱼类,49,keep,"[""海洋环境"", ""水域生态""]",水生非哺乳生物中的软骨鱼类，如鲨鱼、鳐鱼等在海洋或水域中的自然栖息场景,软骨鱼类常见于海洋和水域环境中，具有稳定的自然栖息场景，可提供有效的场景来源,screened
动物,动物 / 水生非哺乳生物 / 食用鱼类,44,hold,[],动物 / 水生非哺乳生物 / 食用鱼类,仅凭分类名称无法确定是否存在稳定有用的场景或承载区域来源。,screened
动物,动物 / 水生非哺乳生物 / 龙虾类,25,keep,"[""水生环境"", ""海洋场景""]",龙虾类主要出现在海洋或水体环境中，如海滩、海水池等,龙虾类常见于水生环境，具有稳定的水下场景来源，可提供有效的承载与背景场景,screened
动物,动物 / 河马,13,hold,[],动物 / 河马,仅凭分类名称无法确定河马是否具有稳定可用的场景或承载环境来源。,screened
动物,动物 / 浣熊科,21,hold,[],浣熊科动物,仅凭分类名称无法确定其具体场景或是否存在稳定有用的来源,screened
动物,动物 / 海产品,26,keep,"[""海洋环境"", ""渔业场景""]",海洋中的海产品相关场景，如渔场、海水养殖区、海洋捕捞环境等,海产品通常出现在海洋环境或渔业场景中，具有稳定且可编辑的承载区域，符合场景覆盖要求,screened
动物,动物 / 海洋动物,47,keep,"[""海洋环境"", ""自然水域""]",海洋中的各类动物及其栖息环境,海洋动物通常存在于稳定的海洋和水域环境中，具有明确的场景来源,screened
动物,动物 / 海绵动物,24,keep,"[""海洋环境"", ""海底生态系统""]",海洋中的海绵动物及其栖息环境,海绵动物主要生活在海洋环境中，具有稳定的栖息场景和承载区域。,screened
动物,动物 / 渔业设施,26,keep,"[""渔业环境"", ""水域场景""]",渔业设施在水体中的使用场景,渔业设施通常存在于水域或近海环境，具有稳定且可编辑的承载面，适合作为场景来源,screened
动物,动物 / 爬虫,71,hold,[],动物/爬虫类别,仅凭分类名称无法确定具体场景或稳定来源，缺乏明确的场景或承载环境支持,screened
动物,动物 / 爬行动物 / 双孔亚纲动物,601,hold,[],双孔亚纲动物,仅凭分类名称无法确定具体场景或稳定来源，缺乏明确的场景或承载环境关联,screened
动物,动物 / 爬行动物 / 变色龙类,42,hold,[],变色龙类,仅凭分类名称无法确定是否存在稳定有用的场景或承载区域来源,screened
动物,动物 / 爬行动物 / 壁虎类,40,hold,[],壁虎类动物,仅凭分类名称无法确定是否存在稳定有用的场景或承载区域来源,screened
动物,动物 / 爬行动物 / 大鲵类,39,hold,[],大鲵类动物,仅凭分类名称无法确定其具体场景或稳定来源，缺乏明确的场景或承载环境支持,screened
动物,动物 / 爬行动物 / 巨蜥类,40,hold,[],巨蜥类动物,仅凭分类名称无法确定是否存在稳定有用的场景或承载区域来源,screened
动物,动物 / 爬行动物 / 无孔亚纲爬行动物,33,hold,[],无孔亚纲爬行动物,仅凭分类名称无法确定是否存在稳定有用的场景或承载区域来源,screened
动物,动物 / 爬行动物 / 有鳞目爬行动物,36,hold,[],有鳞目爬行动物,仅凭分类名称无法确定是否存在稳定有用的场景或承载区域来源,screened
动物,动物 / 爬行动物 / 树蛙类,33,hold,[],树蛙类动物,仅凭分类名称无法确定是否存在稳定有用的场景或承载区域来源,screened
动物,动物 / 爬行动物 / 水生两栖动物,27,hold,[],动物 / 爬行动物 / 水生两栖动物,仅凭分类名称无法确定是否存在稳定有用的场景或承载区域来源。,screened
动物,动物 / 爬行动物 / 水生爬行动物,29,hold,[],水生爬行动物,仅凭分类名称无法确定是否存在稳定有用的场景或承载区域来源,screened
动物,动物 / 爬行动物 / 海龟类,22,hold,[],海龟类动物,仅凭分类名称无法确定是否存在稳定有用的场景或承载区域来源,screened
动物,动物 / 爬行动物 / 蛇类,908,hold,[],蛇类,仅凭分类名称无法确定是否存在稳定有用的场景或承载区域来源,screened
动物,动物 / 爬行动物 / 蜥蜴类,49,hold,[],蜥蜴类动物,仅凭分类名称无法确定是否存在稳定有用的场景或承载区域来源,screened
动物,动物 / 爬行动物 / 陆生两栖动物,28,hold,[],陆生两栖动物,仅凭分类名称无法确定是否存在稳定有用的场景或承载区域来源,screened
动物,动物 / 爬行动物 / 陆生爬行动物,55,hold,[],陆生爬行动物,仅凭分类名称无法确定是否存在稳定有用的场景或承载区域来源,screened
动物,动物 / 爬行动物 / 鬣蜥类,21,hold,[],鬣蜥类动物,仅凭分类名称无法确定其是否具有稳定可用的场景或承载环境来源,screened
动物,动物 / 爬行动物 / 鳄目,17,keep,"[""自然环境"", ""水域环境""]",鳄类主要出现在湿地、河流、湖泊等自然水域环境中，具有稳定的栖息和活动场景,鳄类在自然水域环境中具有稳定且可识别的栖息场景，能提供可靠的承载与环境结构支持,screened
动物,动物 / 爬行动物 / 鳄类,36,hold,[],鳄类,仅凭分类名称无法确定是否存在稳定有用的场景或承载区域来源,screened
动物,动物 / 爬行动物 / 鳖类,22,hold,[],鳖类,仅凭分类名称无法确定是否存在稳定有用的场景或承载区域来源,screened
动物,动物 / 爬行动物 / 龟类,46,keep,"[""自然环境"", ""庭院公园""]",龟类在自然和庭院环境中常见，具有稳定场景来源,龟类常见于自然环境和庭院公园，具有稳定且可编辑的场景来源,screened
动物,动物 / 爬行动物 / 龟鳖类,330,keep,"[""自然环境"", ""庭院公园""]",龟鳖类在自然环境和庭院公园中常见，具有稳定场景来源,龟鳖类常见于自然环境和庭院公园，具有稳定且可编辑的场景来源,screened
动物,动物 / 爬行动物幼体,23,hold,[],动物/爬行动物幼体,仅凭分类名称无法确定是否存在稳定有用的场景或承载区域来源,screened
动物,动物 / 爬行类,22,hold,[],爬行类动物,仅凭分类名称无法确定具体场景或稳定来源，缺乏明确的场景或承载环境支持,screened
动物,动物 / 犬种,50,hold,[],犬种,仅凭'犬种'无法确定稳定场景或承载环境来源,screened
动物,动物 / 猫头鹰 / 呼呼声,26,reject,[],动物/猫头鹰/呼呼声,呼呼声为抽象声音符号，缺乏稳定可用的场景或承载区域来源,screened
动物,动物 / 生物类群 / 分类群,21,hold,[],动物分类群,仅凭分类名称无法确定具体场景或稳定来源，缺乏明确的场景或承载环境支持,screened
动物,动物 / 生物类群 / 动物组,66,hold,[],动物组,仅凭分类名称无法确定具体场景或是否存在稳定有用的来源,screened
动物,动物 / 盐舔点,20,reject,[],动物/盐舔点,盐舔点是动物的特定行为设施，通常为孤立小物特写或符号，缺乏稳定、广泛的场景或承载区域来源。,screened
动物,动物 / 竞速者 / 灰狗,52,hold,[],动物类别下的竞速者子类,仅凭'灰狗'无法确定其是否具有稳定场景或承载环境来源,screened
动物,动物 / 端生齿动物,29,hold,[],端生齿动物,仅凭分类名称无法确定具体场景或是否存在稳定有用的来源,screened
动物,动物 / 繁殖地 / 群栖繁殖地,21,keep,"[""自然环境"", ""群栖区域"", ""繁殖场所""]",动物在自然环境中群居并繁殖的场景,动物群栖繁殖地通常存在于稳定的自然环境中，如森林、湿地或草原，具有稳定且可重复的场景来源。,screened
动物,动物 / 纯种动物,26,hold,[],纯种动物,仅凭分类名称无法确定具体场景或是否存在稳定有用的来源,screened
动物,动物 / 线形动物,22,hold,[],线形动物类别,仅凭分类名称无法确定其具体场景或是否存在稳定有用的来源,screened
动物,动物 / 缝隙动物,28,hold,[],动物 / 缝隙动物,仅凭分类名称无法确定其具体场景或是否存在稳定有用的来源,screened
动物,动物 / 美国短毛猫,24,hold,[],美国短毛猫,仅凭分类名称无法确定是否存在稳定有用的场景或承载区域来源,screened
动物,动物 / 脊索动物 / 有颅动物,250,hold,[],脊索动物门有颅动物类,仅凭分类名称无法确定具体场景或稳定来源，缺乏明确的场景或承载环境关联,screened
动物,动物 / 脊索动物 / 被囊动物,28,reject,[],被囊动物,被囊动物多为微小水生生物，缺乏稳定、可编辑的场景或承载环境来源。,screened
动物,动物 / 节肢动物门,30,hold,[],节肢动物门,仅凭分类名称无法确定具体场景或稳定来源,screened
动物,动物 / 苔藓虫,21,hold,[],动物 / 苔藓虫,仅凭分类名称无法确定其具体场景或是否存在稳定有用的来源,screened
动物,动物 / 英国短毛猫,22,hold,[],英国短毛猫,仅凭分类名称无法确定是否存在稳定有用的场景或承载区域来源,screened
动物,动物 / 著名动物与生态 / 湿地与水生态,222,keep,"[""湿地"", ""水生态"", ""自然环境""]",湿地及水生态系统中的动物栖息环境,湿地和水生态场景具有稳定且丰富的动物活动来源，能提供多样化的环境与承载面,screened
动物,动物 / 著名动物与生态 / 珍稀动物,319,keep,"[""自然环境"", ""野生动物栖息地""]",珍稀动物所处的自然栖息环境和生态系统,珍稀动物通常存在于特定的自然环境中，如森林、湿地或高山地区，这些场景具有稳定且可编辑的承载面，适合用于视觉建模和概念关联。,screened
动物,动物 / 著名动物与生态 / 珍稀植物与名花,193,reject,[],该分类属于植物范畴，与动物大域不匹配,分类名称中包含‘珍稀植物与名花’，属于植物类，与输入的动物大域冲突，且无稳定可用的动物场景或承载环境来源,screened
动物,动物 / 著名动物与生态 / 著名自然景观地,398,reject,[],著名自然景观地,该分类主要涉及抽象的自然景观地，缺乏稳定、可编辑的场景或承载区域来源，属于纯符号或地理名称，无实际场景支持,screened
动物,动物 / 著名动物与生态 / 野生动物保护,94,keep,"[""自然环境"", ""野生动物栖息地""]",野生动物保护相关的自然场景和栖息地,野生动物保护涉及稳定的自然环境和生态区域，具有明确的场景来源,screened
动物,动物 / 蝇钓,22,hold,[],动物 / 蝇钓,仅凭分类名称无法确定是否存在稳定有用的场景或承载区域来源。,screened
动物,动物 / 跳跃动物,33,hold,[],跳跃动物,仅凭分类名称无法确定具体场景或是否存在稳定有用的来源,screened
动物,动物 / 轮形动物,17,hold,[],动物 / 轮形动物,仅凭分类名称无法确定具体场景或是否存在稳定有用的来源,screened
动物,动物 / 迁徙动物,25,keep,"[""自然环境"", ""迁徙路径""]",迁徙动物在自然环境中的活动场景，如草原、湿地、迁徙路线等,迁徙动物在自然环境中具有稳定且可观察的活动场景，能提供丰富的空间与生态背景,screened
动物,动物 / 野兽,34,keep,"[""自然环境"", ""野外栖息地""]",野兽在自然环境中的栖息和活动场景,野兽通常存在于自然环境中，具有稳定的野外栖息地和活动场景，能提供丰富的可编辑环境结构。,screened
动物,动物 / 野生动物 / 啮齿目动物,48,keep,"[""自然环境"", ""森林地带"", ""野外栖息地""]",野生动物中啮齿目动物在自然环境中的栖息和活动场景,啮齿目动物常见于自然环境中，如森林、草地和野外栖息地，具有稳定的场景来源,screened
动物,动物 / 野生动物 / 犬科,23,keep,"[""自然环境"", ""野外栖息地""]",野生动物中的犬科动物在自然栖息地中的出现场景,犬科动物如狼、狐狸等在自然环境中具有稳定且广泛的分布，能提供可靠的场景来源,screened
动物,动物 / 野生动物 / 狼群,23,keep,"[""自然环境"", ""地形水域""]",狼群出没的野外自然场景，如山地、森林、草原等,狼群通常生活在自然环境中，具有稳定的野外场景来源，能提供丰富的生态和空间信息,screened
动物,动物 / 野生动物 / 猫科动物咆哮,23,reject,[],猫科动物咆哮,该分类主要为抽象声音或符号，缺乏稳定、可用的场景或承载区域来源。,screened
动物,动物 / 野生动物 / 蛇,60,keep,"[""自然环境"", ""野外栖息地""]",野生动物中的蛇类在自然环境中出现的场景,蛇类常见于自然环境和野外栖息地，具有稳定的来源和可编辑的场景支持,screened
动物,动物 / 野生动物 / 蛙,30,keep,"[""自然环境"", ""湿地环境""]",野生动物中的蛙类在自然湿地、池塘等环境中出现,蛙类常见于自然湿地和水域环境，具有稳定且可重复的场景来源,screened
动物,动物 / 野生动物 / 鲸类发声,23,reject,[],鲸类发声,鲸类发声属于抽象声音符号，缺乏稳定、可编辑的场景或承载区域来源,screened
动物,动物 / 野禽 / 野鸡,28,keep,"[""自然环境"", ""野外栖息地""]",野鸡在自然环境中出现的场景，如草地、林地、农田等,野鸡常见于自然栖息地，具有稳定的野外生存场景和承载环境，可提供丰富的生态与环境参考,screened
动物,动物 / 野禽 / 鹌鹑,24,hold,[],野禽类动物,仅凭'鹌鹑'无法确定其具体场景或稳定来源，缺乏明确的场景或承载环境支持,screened
动物,动物 / 野禽 / 鹧鸪,25,hold,[],动物 / 野禽 / 鹧鸪,仅凭分类名称无法确定是否存在稳定有用的场景或承载区域来源,screened
动物,动物 / 银光鱼,26,reject,[],银光鱼相关场景,银光鱼为抽象符号或孤立小物特写，缺乏稳定有用的场景或承载区域来源,screened
动物,动物 / 雄性动物 / 种公畜,21,keep,"[""农场"", ""牧场"", ""养殖环境""]",种公畜在农业或养殖场景中的常见环境,种公畜通常出现在农场或牧场等稳定养殖环境中，具有明确的场景来源,screened
动物,动物 / 雄性动物 / 阉公牛,28,hold,[],雄性动物中的阉公牛,无法确定阉公牛是否具有稳定、可编辑的场景或承载环境来源,screened
动物,动物 / 雌性动物 / 小母马,26,hold,"[""草原环境""]",小母马在自然草原中的活动场景,仅凭‘小母马’无法确定其稳定场景或承载环境，缺乏明确的可编辑场景来源,screened
动物,动物 / 雌性动物 / 母鸡,25,keep,"[""农场场景"", ""农村环境"", ""家禽养殖""]",母鸡常见于农场、农村及家禽养殖环境中，具有稳定的场景来源,母鸡常出现在农场或农村的养殖场景中，具备稳定且可编辑的环境结构，符合场景覆盖要求,screened
动物,动物 / 雌性动物 / 水坝,28,reject,[],水坝,水坝属于基础设施，不提供稳定或常见的动物雌性活动场景或承载环境。,screened
动物,动物 / 食腐动物,27,keep,"[""自然环境"", ""野外场景""]",食腐动物在自然环境中的活动场景，如森林、荒野、墓地等,食腐动物通常出现在自然环境中，具有稳定的来源和场景支持,screened
动物,动物 / 食草动物,31,keep,"[""自然环境"", ""草原"", ""野外""]",食草动物在自然环境中的典型栖息地和活动场景,食草动物常见于草原、野外等自然环境中，具有稳定且广泛的场景来源,screened
动物,动物 / 饮水点,28,hold,[],动物饮水点,仅凭分类名称无法确定是否存在稳定有用的场景或承载区域来源,screened
动物,动物 / 饲养方式,23,hold,[],动物饲养方式,仅凭分类名称无法确定具体场景或是否存在稳定有用的来源,screened
动物,动物 / 马背,15,keep,"[""骑乘场景"", ""户外活动"", ""草原环境""]",马背相关的骑乘或户外活动场景,马背场景具有稳定且常见的骑乘环境，涵盖草原、户外活动等典型场景，具备可编辑的承载面和空间结构。,screened
动物,动物 / 驮运动物,27,keep,"[""野外环境"", ""迁徙路径"", ""草原牧场""]",驮运动物在自然或放牧场景中的活动环境,驮运动物如骆驼、驴等常见于草原、牧场等稳定场景，具有明确的承载和活动来源,screened
动物,动物 / 鸟类 / 䴕形目鸟类,209,hold,[],䴕形目鸟类,仅凭分类名称无法确定其具体场景或是否存在稳定有用的来源,screened
动物,动物 / 鸟类 / 不会飞的鸟,76,hold,[],不会飞的鸟,分类名称模糊，无法确定具体场景或稳定来源,screened
动物,动物 / 鸟类 / 中华鸟属,36,hold,[],中华鸟属相关动物,仅凭分类名称无法确定是否存在稳定有用的场景或承载区域来源,screened
动物,动物 / 鸟类 / 企鹅类,22,keep,"[""极地环境"", ""自然栖息地""]",企鹅类动物在自然环境中的栖息和活动场景,企鹅类动物主要生活在极地和寒冷地区，具有稳定的自然栖息环境和可编辑的场景来源,screened
动物,动物 / 鸟类 / 伊比利亚中鸟,34,hold,[],伊比利亚中鸟相关动物,分类名称过于具体且缺乏明确的场景或承载环境来源，无法确定其稳定存在的场景或用途,screened
动物,动物 / 鸟类 / 佛法僧目鸟类,177,keep,"[""自然环境"", ""庭院公园""]",佛法僧目鸟类在自然栖息地中的出现场景,佛法僧目鸟类常见于自然环境和庭院公园，具有稳定的栖息和活动场景,screened
动物,动物 / 鸟类 / 候鸟,64,hold,[],鸟类中的候鸟类别,仅凭名称无法确定候鸟是否具有稳定可用的场景或承载环境来源,screened
动物,动物 / 鸟类 / 公鸡,26,keep,"[""农村场景"", ""庭院环境""]",公鸡常见于农村或庭院等生活场景，作为家禽存在,公鸡常出现在农村或庭院等场景中，具有稳定的环境来源和可编辑的承载面,screened
动物,动物 / 鸟类 / 印石板始祖鸟,19,reject,[],动物类别中的印石板始祖鸟,印石板始祖鸟是虚构或非现实存在的生物，缺乏稳定、可用的场景或承载环境来源,screened
动物,动物 / 鸟类 / 原鸟,35,keep,"[""自然环境"", ""野外场景""]",原鸟在自然栖息地中的出现场景,原鸟通常出现在自然环境中，如森林、湿地等，具有稳定的栖息和活动场景,screened
动物,动物 / 鸟类 / 古鸟,30,hold,[],动物 / 鸟类 / 古鸟,仅凭分类名称无法确定古鸟是否具有稳定、可用的场景或承载环境来源,screened
动物,动物 / 鸟类 / 咬鹃,21,hold,[],鸟类类别,仅凭'咬鹃'这一具体物种名称无法确定其典型场景或稳定来源，缺乏明确的场景关联,screened
动物,动物 / 鸟类 / 啄木鸟类,47,keep,"[""森林环境"", ""树干场景"", ""自然栖息地""]",啄木鸟在树木上的活动场景,啄木鸟常见于森林和树干环境中，具有稳定的自然栖息和活动场景,screened
动物,动物 / 鸟类 / 城市鸟类,57,keep,"[""城市环境"", ""公共空间""]",城市中的鸟类活动场景,城市鸟类在公共空间和城市环境中具有稳定且常见的出现来源,screened
动物,动物 / 鸟类 / 夜行鸟,36,hold,[],鸟类类别,仅凭'夜行鸟'无法确定稳定场景或承载环境来源，缺乏明确的场景覆盖,screened
动物,动物 / 鸟类 / 夜鹰目鸟类,44,hold,[],鸟类类别,仅凭名称无法确定夜鹰目鸟类是否具有稳定可用的场景或承载环境来源,screened
动物,动物 / 鸟类 / 天鹅类,13,keep,"[""水边环境"", ""湿地场景"", ""自然水域""]",天鹅类动物在自然水域及湿地中的活动场景,天鹅类常见于水边和湿地环境，具有稳定且可编辑的场景来源,screened
动物,动物 / 鸟类 / 家禽,283,keep,"[""农场"", ""农村环境"", ""家禽养殖区""]",家禽在农场或农村环境中的常见活动场景,家禽如鸡、鸭等常见于农场或农村环境，具有稳定且可编辑的场景来源,screened
动物,动物 / 鸟类 / 小鸟,58,hold,[],鸟类小类,仅凭名称无法确定是否存在稳定有用的场景或承载区域来源,screened
动物,动物 / 鸟类 / 攀禽,57,keep,"[""自然环境"", ""野外栖息地""]",攀禽类动物在自然环境中的栖息和活动场景,攀禽类动物如鹰、隼等常见于自然环境中的山地、森林或高地，具有稳定的栖息和活动场景,screened
动物,动物 / 鸟类 / 杜鹃类,52,hold,[],杜鹃类动物,仅凭分类名称无法确定是否存在稳定有用的场景或承载区域来源,screened
动物,动物 / 鸟类 / 森林鸟类,58,keep,"[""森林环境"", ""自然栖息地""]",森林鸟类在自然栖息地中的活动场景,森林鸟类具有稳定的自然栖息和活动场景，能提供丰富的环境与承载面来源,screened
动物,动物 / 鸟类 / 母鸡,29,keep,"[""农场"", ""农村环境"", ""家禽养殖""]",母鸡常见于农场、农村及家禽养殖场景,母鸡常出现在农场或农村环境中，具有稳定的场景来源和承载面，可作为可编辑环境的一部分,screened
动物,动物 / 鸟类 / 水禽,824,keep,"[""水域环境"", ""湿地场景"", ""自然栖息地""]",水禽在自然水域和湿地中的栖息与活动场景,水禽常见于水域和湿地环境，具有稳定且丰富的场景来源,screened
动物,动物 / 鸟类 / 海雀类,42,hold,[],海雀类动物,仅凭分类名称无法确定是否存在稳定有用的场景或承载区域来源,screened
动物,动物 / 鸟类 / 海鸟,644,keep,"[""海洋环境"", ""海岸线"", ""自然栖息地""]",海鸟在海洋及沿海区域的自然栖息和活动场景,海鸟常见于海洋和海岸线等稳定自然场景，具有明确的场景来源和承载环境,screened
动物,动物 / 鸟类 / 涉禽,460,keep,"[""湿地环境"", ""水边栖息地"", ""自然栖息地""]",涉禽在湿地、水边等自然环境中的栖息和活动场景,涉禽常见于湿地、水边等具有稳定水体和浅滩的自然环境，能提供可靠的场景和承载面来源,screened
动物,动物 / 鸟类 / 游禽,52,keep,"[""湿地环境"", ""湖泊水域"", ""自然栖息地""]",游禽在湿地、湖泊等水域环境中的自然栖息和活动场景,游禽常见于湿地、湖泊等水域环境，具有稳定且丰富的场景来源,screened
动物,动物 / 鸟类 / 湿地鸟类,47,keep,"[""湿地环境"", ""自然栖息地""]",湿地鸟类在自然湿地中的栖息和活动场景,湿地鸟类具有稳定的湿地生态环境来源，能提供丰富的场景和承载区域,screened
动物,动物 / 鸟类 / 犀鸟类,38,keep,"[""自然环境"", ""草原地带""]",犀鸟类动物在自然栖息地中的出现场景,犀鸟类作为野生动物，通常出现在自然环境中，如草原或开阔地带，具有稳定且可编辑的场景来源,screened
动物,动物 / 鸟类 / 猛禽,866,keep,"[""自然环境"", ""野外栖息地""]",猛禽在自然环境中出现的场景，如山林、草原、湿地等,猛禽常见于自然栖息地，具有稳定的野外活动场景，可提供丰富的环境与承载面信息,screened
动物,动物 / 鸟类 / 猫头鹰类,36,hold,[],猫头鹰类,仅凭分类名称无法确定是否存在稳定有用的场景或承载区域来源,screened
动物,动物 / 鸟类 / 留鸟,49,hold,[],鸟类留鸟类别,仅凭分类名称无法确定具体场景或稳定来源，缺乏明确的场景或承载环境支持,screened
动物,动物 / 鸟类 / 秧鸡类,36,hold,[],秧鸡类动物,仅凭分类名称无法确定其具体场景或是否存在稳定有用的来源,screened
动物,动物 / 鸟类 / 翠鸟类,35,keep,"[""自然环境"", ""庭院公园""]",翠鸟类在自然环境中出现的场景，如树林、花园等,翠鸟类常见于自然环境和庭院公园，具有稳定的场景来源,screened
动物,动物 / 鸟类 / 蜂鸟类,32,keep,"[""自然环境"", ""庭院公园""]",蜂鸟类常见于自然栖息地和庭院环境中,蜂鸟类通常出现在自然环境和庭院公园中，具有稳定的栖息和活动场景,screened
动物,动物 / 鸟类 / 迁徙鸟类,42,keep,"[""迁徙路线"", ""自然栖息地"", ""野外环境""]",迁徙鸟类在自然环境中的活动场景，如迁徙途中的栖息地、停歇点和飞行路径,迁徙鸟类在自然环境中具有稳定且可观察的活动场景，如迁徙路线和野外栖息地，能提供丰富的场景来源,screened
动物,动物 / 鸟类 / 雀形目鸟类,300,hold,[],雀形目鸟类,仅凭分类名称无法确定是否存在稳定有用的场景或承载区域来源,screened
动物,动物 / 鸟类 / 雉类,39,hold,[],雉类动物,仅凭分类名称无法确定是否存在稳定有用的场景或承载区域来源,screened
动物,动物 / 鸟类 / 雉鸡与陆禽,56,keep,"[""自然环境"", ""野外栖息地""]",雉鸡与陆禽在自然环境中的栖息和活动场景,雉鸡与陆禽常见于野外自然环境，具有稳定的栖息和活动场景，可提供可靠的场景来源,screened
动物,动物 / 鸟类 / 雨燕,38,hold,[],鸟类类别,仅凭'雨燕'无法确定其具体场景或稳定来源，缺乏明确的场景或承载环境支持,screened
动物,动物 / 鸟类 / 雨燕类,18,hold,[],雨燕类动物,仅凭分类名称无法确定是否存在稳定有用的场景或承载区域来源,screened
动物,动物 / 鸟类 / 非雀形目鸟,58,keep,"[""自然环境"", ""野外栖息地""]",非雀形目鸟类在自然环境中的栖息和活动场景,非雀形目鸟类常见于自然环境和野外栖息地，具有稳定的场景来源,screened
动物,动物 / 鸟类 / 鸡形目鸟,157,keep,"[""农村场景"", ""农场环境"", ""家禽活动""]",鸡形目鸟在农村、农场等场景中的自然活动和饲养环境,鸡形目鸟常见于农村和农场，具有稳定的场景来源，如鸡舍、草地、庭院等，能提供丰富的可编辑环境和承载面。,screened
动物,动物 / 鸟类 / 鸡类,29,keep,"[""农村场景"", ""农场环境""]",鸡类在农村或农场中的常见活动场景,鸡类常出现在农村或农场环境中，具有稳定的场景来源和可编辑的承载面,screened
动物,动物 / 鸟类 / 鸣啭的鸟,27,hold,[],鸟类鸣啭的场景,仅凭'鸣啭的鸟'无法确定稳定可用的场景或承载环境来源,screened
动物,动物 / 鸟类 / 鸣禽,1808,hold,[],鸟类鸣禽类,仅凭名称无法确定是否存在稳定有用的场景或承载区域来源,screened
动物,动物 / 鸟类 / 鸥类,30,keep,"[""水域环境"", ""海岸线"", ""湿地""]",鸥类在自然水域和海岸区域的活动场景,鸥类常见于水域和海岸线，具有稳定的自然栖息和活动场景,screened
动物,动物 / 鸟类 / 鸭类,43,hold,[],鸭类动物,仅凭分类名称无法确定是否存在稳定有用的场景或承载区域来源,screened
动物,动物 / 鸟类 / 鸵鸟类,18,keep,"[""自然环境"", ""草原场景"", ""沙漠环境""]",鸵鸟类在自然栖息地中的出现场景,鸵鸟常见于草原和沙漠等自然环境中，具有稳定的场景来源,screened
动物,动物 / 鸟类 / 鸸鹋类,17,hold,[],鸟类中的鸸鹋类,仅凭分类名称无法确定是否存在稳定有用的场景或承载区域来源,screened
动物,动物 / 鸟类 / 鸽形鸟,47,keep,"[""城市环境"", ""公园绿地""]",鸽形鸟在城市和公园中的常见活动场景,鸽形鸟常出现在城市环境和公园绿地中，具有稳定的场景来源和可编辑的承载面,screened
动物,动物 / 鸟类 / 鸽类,28,hold,[],鸽类,仅凭分类名称无法确定是否存在稳定有用的场景或承载区域来源,screened
动物,动物 / 鸟类 / 鹃形目鸟类,49,hold,[],鸟类,仅凭分类名称无法确定是否存在稳定有用的场景或承载区域来源,screened
动物,动物 / 鸟类 / 鹅类,22,keep,"[""农田"", ""水边"", ""养殖区""]",鹅类在农田、水边和养殖区等场景中常见，具有稳定来源,鹅类常出现在农田、水边和养殖区等稳定场景中，具备可编辑的承载环境和明确的来源分布,screened
动物,动物 / 鸟类 / 鹑类,25,hold,[],鸟类中的鹑类,仅凭名称无法确定是否存在稳定有用的场景或承载区域来源,screened
动物,动物 / 鸟类 / 鹤类,26,hold,[],鹤类,仅凭分类名称无法确定是否存在稳定有用的场景或承载区域来源,screened
动物,动物 / 鸟类 / 鹦鹉,200,hold,[],鸟类中的鹦鹉,仅凭分类名称无法确定是否存在稳定有用的场景或承载区域来源,screened
动物,动物 / 鸟类 / 鹦鹉类,49,hold,[],鹦鹉类动物,仅凭分类名称无法确定是否存在稳定有用的场景或承载区域来源,screened
动物,动物 / 鸟类 / 鹭类,27,hold,[],鹭类,仅凭分类名称无法确定是否存在稳定有用的场景或承载区域来源,screened
动物,动物 / 鸟类 / 鹭群繁殖地,26,keep,"[""湿地环境"", ""自然栖息地"", ""繁殖场景""]",鹭群在湿地或自然环境中繁殖的场景,鹭群繁殖地通常出现在湿地或自然栖息地，具有稳定且可重复的场景来源,screened
动物,动物 / 鸟类 / 鹳类,19,hold,[],鹳类,仅凭分类名称无法确定是否存在稳定有用的场景或承载区域来源,screened
动物,动物 / 鸟类 / 龙骨鸟类,62,hold,[],龙骨鸟类作为鸟类的一个子类，缺乏明确的稳定场景或承载环境来源,龙骨鸟类属于非现实或虚构的生物类别，缺乏稳定、可编辑的场景或承载环境来源，无法确定其在真实世界中的典型出现场景,screened
动物,动物 / 鸟类鸣声,58,reject,[],鸟类鸣声,仅提供抽象声音符号，无稳定有用的场景或承载区域来源,screened
动物,动物 / 鸟类鸣声 / 啁啾声,24,reject,[],鸟类鸣声,仅提供抽象声音符号，无稳定有用的场景或承载区域来源,screened
动物,动物 / 鸟类鸣声 / 嘎叫声,21,reject,[],鸟类鸣声中的嘎叫声,仅提供抽象声音符号，无稳定有用的场景或承载区域来源,screened
动物,动物 / 鸠鸽 / 咕咕声,33,reject,[],动物类别中的鸠鸽及其咕咕声,鸠鸽的咕咕声属于抽象声音符号，缺乏稳定、可编辑的场景或承载环境来源,screened
动物,动物 / 鹿茸,17,reject,[],动物 / 鹿茸,鹿茸属于动物的特定器官，缺乏稳定、可用的场景或承载环境来源，主要为抽象符号或生物部件特写。,screened
动物,动物 / 龙猫,29,hold,[],动物 / 龙猫,仅凭分类名称无法确定是否存在稳定有用的场景或承载区域来源,screened
医学与健康,医学与健康 / 医学专科 / 儿科学,63,keep,"[""医院儿科病房"", ""家庭育儿环境"", ""儿童医疗场景""]",涉及儿童健康诊疗、家庭护理及医疗环境的场景,儿科学涵盖稳定且常见的医疗场景，如医院儿科病房和家庭育儿环境，具有明确的场景来源和可编辑性。,screened
医学与健康,医学与健康 / 医学专科 / 内科学,63,hold,[],医学与健康领域内的内科学相关场景,仅凭分类名称无法确定是否存在稳定有用的场景或承载区域来源,screened
医学与健康,医学与健康 / 医学专科 / 外科学,68,keep,"[""手术室"", ""医院病房"", ""医疗操作环境""]",外科学相关的医疗操作和手术场景,外科学涉及明确的手术室和医疗操作环境，具有稳定且可编辑的场景来源。,screened
医学与健康,医学与健康 / 医学专科 / 妇产科学,71,hold,[],妇产科学相关医疗场景,仅凭分类名称无法确定是否存在稳定有用的场景或承载区域来源,screened
医学与健康,医学与健康 / 医学专科 / 神经病学,47,hold,[],医学与健康领域中的神经病学相关场景,仅凭分类名称无法确定是否存在稳定有用的场景或承载区域来源,screened
医学与健康,医学与健康 / 医学专科 / 精神病学,100,hold,[],精神病学相关场景,仅凭分类名称无法确定是否存在稳定有用的场景或承载区域来源,screened
医学与健康,医学与健康 / 医学专科 / 药物,54,reject,[],药物相关场景,药物类别多为抽象符号、纯文字或品牌标志，缺乏稳定、可用的场景或承载区域来源,screened
历史与时代,历史与时代 / 历史古迹,100,keep,"[""历史遗址"", ""古代建筑"", ""文化景观""]",历史古迹相关的建筑、遗址和文化景观,历史古迹通常存在于特定历史场景中，具有稳定且可识别的承载环境，如古代城市、庙宇、城墙等，能提供丰富的场景和可编辑空间。,screened
历史与时代,历史与时代 / 历史古迹 / 战场遗址,37,keep,"[""战场环境"", ""历史战场"", ""军事遗址""]",战场遗址类场景，包括战争发生地、战场遗迹、军事设施残留等,战场遗址通常具有稳定且可识别的场景来源，如废墟、战壕、防御工事等，能提供明确的承载面和历史环境背景。,screened
历史与时代,历史与时代 / 文化遗产 / 历史事件,168,hold,[],历史与时代 / 文化遗产 / 历史事件,仅凭分类名称无法确定是否存在稳定有用的场景或承载区域来源。,screened
历史与时代,历史与时代 / 文化遗产 / 历史时期与文化符号,296,keep,"[""历史场景"", ""文化空间"", ""传统环境""]",历史时期与文化符号相关的场景和环境,历史时期与文化符号通常存在于特定的历史场景和文化空间中，具有稳定且可识别的来源。,screened
历史与时代,历史与时代 / 文化遗产 / 文化带与线路,402,keep,"[""文化线路"", ""历史景观"", ""文化遗产区域""]",包含文化带与线路相关的地理空间和历史场景,文化带与线路通常具有稳定的历史场景和可编辑的地理承载环境，能提供丰富的文化与历史背景场景,screened
历史与时代,历史与时代 / 文化遗产 / 考古文明,581,keep,"[""考古现场"", ""古代遗址"", ""历史遗迹""]",考古文明相关的发掘现场、遗址和历史遗迹场景,考古文明包含稳定且丰富的现场场景，如发掘现场、古代遗址和历史遗迹，具有明确的场景来源和可编辑环境结构。,screened
历史与时代,历史与时代 / 遗骸与化石,16,hold,[],遗骸与化石,仅凭分类名称无法确定是否存在稳定有用的场景或承载区域来源,screened
品牌与产品,品牌与产品 / 互联网平台品牌类别,36,reject,[],互联网平台品牌类别,主要为抽象符号、纯文字或品牌标志，缺乏稳定有用的场景或承载区域来源,screened
品牌与产品,品牌与产品 / 农产品品牌类别,28,reject,[],农产品品牌类别,主要为抽象符号和品牌标志，缺乏稳定有用的场景或承载区域来源,screened
品牌与产品,品牌与产品 / 农资品牌类别,28,reject,[],农资品牌类别,主要为抽象符号、品牌标志或孤立小物特写，缺乏稳定有用的场景或承载区域来源,screened
品牌与产品,品牌与产品 / 吉祥物与形象 / 可爱动物形象,425,reject,[],品牌与产品 / 吉祥物与形象 / 可爱动物形象,该分类主要为抽象符号和品牌标志，缺乏稳定、可用的场景或承载区域来源。,screened
品牌与产品,品牌与产品 / 吉祥物与形象 / 品牌吉祥物,437,reject,[],品牌吉祥物,品牌吉祥物多为抽象符号或纯文字，缺乏稳定、可用的场景或承载区域来源。,screened
品牌与产品,品牌与产品 / 吉祥物与形象 / 图腾瑞兽,284,reject,[],品牌与产品 / 吉祥物与形象 / 图腾瑞兽,该分类主要包含抽象符号、纯文字或品牌标志，缺乏稳定、可用的场景或承载区域来源。,screened
品牌与产品,品牌与产品 / 吉祥物与形象 / 城市文旅吉祥物,408,hold,[],品牌与产品 / 吉祥物与形象 / 城市文旅吉祥物,仅凭分类名称无法确定是否存在稳定有用的场景或承载区域来源,screened
品牌与产品,品牌与产品 / 品牌,27,reject,[],品牌与产品 / 品牌,仅包含抽象符号、纯文字和品牌标志，缺乏稳定有用的场景或承载区域来源。,screened
品牌与产品,品牌与产品 / 品牌 / 互联网与软件品牌,203,reject,[],互联网与软件品牌,主要为抽象符号和纯文字，缺乏稳定有用的场景或承载区域来源,screened
品牌与产品,品牌与产品 / 品牌 / 五金工具品牌,251,reject,[],品牌与产品 / 品牌 / 五金工具品牌,仅包含品牌标识，缺乏稳定、可用的场景或承载环境来源。,screened
品牌与产品,品牌与产品 / 品牌 / 传媒娱乐品牌,260,reject,[],传媒娱乐品牌,该类别主要为抽象符号、品牌标志或孤立小物特写，缺乏稳定有用的场景或承载区域来源。,screened
品牌与产品,品牌与产品 / 品牌 / 体育运动品牌,169,reject,[],体育运动品牌,主要为抽象符号和品牌标志，缺乏稳定有用的场景或承载区域来源,screened
品牌与产品,品牌与产品 / 品牌 / 农产品农资品牌,276,reject,[],农产品农资品牌,主要为抽象品牌标志或纯文字，缺乏稳定有用的场景或承载区域来源,screened
品牌与产品,品牌与产品 / 品牌 / 医疗器械品牌,241,reject,[],医疗器械品牌,仅提供抽象品牌符号，无稳定有用的场景或承载区域来源,screened
品牌与产品,品牌与产品 / 品牌 / 医药保健品牌,256,reject,[],医药保健品牌,主要为抽象符号、纯文字或品牌标志，缺乏稳定有用的场景或承载区域来源,screened
品牌与产品,品牌与产品 / 品牌 / 奢侈品牌,174,reject,[],奢侈品牌,奢侈品品牌多为抽象符号、纯文字或品牌标志，缺乏稳定有用的场景或承载区域来源。,screened
品牌与产品,品牌与产品 / 品牌 / 宠物品牌,143,reject,[],品牌与产品 / 品牌 / 宠物品牌,仅提供抽象符号和品牌标志，缺乏稳定有用的场景或承载区域来源。,screened
品牌与产品,品牌与产品 / 品牌 / 家居家具品牌,264,reject,[],家居家具品牌,仅提供品牌标识，缺乏稳定有用的场景或承载区域来源,screened
品牌与产品,品牌与产品 / 品牌 / 家用电器品牌,168,reject,[],品牌与产品 / 品牌 / 家用电器品牌,仅包含品牌标志和抽象符号，缺乏稳定、可用的场景或承载区域来源。,screened
品牌与产品,品牌与产品 / 品牌 / 工业装备品牌,165,reject,[],工业装备品牌,仅提供品牌符号，缺乏稳定有用的场景或承载区域来源,screened
品牌与产品,品牌与产品 / 品牌 / 建材家装品牌,209,hold,[],建材家装品牌,仅凭分类名称无法确定具体场景或是否存在稳定有用的来源,screened
品牌与产品,品牌与产品 / 品牌 / 户外装备品牌,237,reject,[],品牌与产品 / 品牌 / 户外装备品牌,该分类主要为品牌标志或抽象符号，缺乏稳定、可用的场景或承载区域来源。,screened
品牌与产品,品牌与产品 / 品牌 / 房地产与物业品牌,197,reject,[],房地产与物业品牌,该类别主要为品牌标志或抽象符号，缺乏稳定、可用的场景或承载环境来源。,screened
品牌与产品,品牌与产品 / 品牌 / 手机品牌,170,reject,[],手机品牌,仅提供抽象符号和品牌标志，缺乏稳定有用的场景或承载区域来源,screened
品牌与产品,品牌与产品 / 品牌 / 数码产品品牌,218,reject,[],数码产品品牌,仅提供抽象符号和品牌标志，缺乏稳定有用的场景或承载区域来源,screened
品牌与产品,品牌与产品 / 品牌 / 文创文具品牌,190,reject,[],文创文具品牌,主要为抽象符号和品牌标志，缺乏稳定有用的场景或承载区域来源,screened
品牌与产品,品牌与产品 / 品牌 / 服装品牌,244,reject,[],仅包含品牌标识和服装品牌名称,该分类主要为抽象符号和文字标志，缺乏稳定、可编辑的场景或承载环境来源,screened
品牌与产品,品牌与产品 / 品牌 / 母婴品牌,269,reject,[],品牌与产品 / 品牌 / 母婴品牌,该分类主要为抽象符号、纯文字或品牌标志，缺乏稳定有用的场景或承载区域来源。,screened
品牌与产品,品牌与产品 / 品牌 / 汽车品牌,223,reject,[],汽车品牌,仅提供抽象符号和品牌标志，缺乏稳定有用的场景或承载区域来源,screened
品牌与产品,品牌与产品 / 品牌 / 物流配送品牌,132,reject,[],物流配送品牌,主要为抽象符号和品牌标志，缺乏稳定有用的场景或承载区域来源,screened
品牌与产品,品牌与产品 / 品牌 / 玩具品牌,169,reject,[],品牌与产品 / 品牌 / 玩具品牌,仅包含抽象品牌符号和孤立小物特写，无稳定有用的场景或承载区域来源。,screened
品牌与产品,品牌与产品 / 品牌 / 电信运营商品牌,89,reject,[],电信运营商品牌,主要为抽象符号和品牌标志，缺乏稳定有用的场景或承载区域来源,screened
品牌与产品,品牌与产品 / 品牌 / 箱包配饰品牌,233,reject,[],品牌与产品 / 品牌 / 箱包配饰品牌,该分类主要为品牌标志或纯文字，缺乏稳定、可用的场景或承载区域来源。,screened
品牌与产品,品牌与产品 / 品牌 / 美妆个护品牌,312,reject,[],美妆个护品牌,主要为抽象符号、纯文字或品牌标志，缺乏稳定有用的场景或承载区域来源,screened
品牌与产品,品牌与产品 / 品牌 / 能源化工品牌,189,reject,[],能源化工品牌,该类别主要为抽象符号、品牌标志或纯文字，缺乏稳定有用的场景或承载区域来源。,screened
品牌与产品,品牌与产品 / 品牌 / 酒店旅游品牌,232,reject,[],酒店旅游品牌,主要为抽象符号和品牌标志，缺乏稳定有用的场景或承载区域来源,screened
品牌与产品,品牌与产品 / 品牌 / 金融品牌,232,reject,[],金融品牌,金融品牌多为抽象符号、纯文字或品牌标志，缺乏稳定有用的场景或承载区域来源。,screened
品牌与产品,品牌与产品 / 品牌 / 零售与电商品牌,225,reject,[],零售与电商品牌,主要为品牌标志或纯文字，缺乏稳定有用的场景或承载区域来源,screened
品牌与产品,品牌与产品 / 品牌 / 零食饮料小吃品牌,365,reject,[],品牌与产品 / 品牌 / 零食饮料小吃品牌,该分类主要为抽象符号和纯文字，缺乏稳定、可用的场景或承载区域来源。,screened
品牌与产品,品牌与产品 / 品牌 / 非机动车品牌,219,reject,[],非机动车品牌,仅提供品牌标识，缺乏稳定有用的场景或承载区域来源,screened
品牌与产品,品牌与产品 / 品牌 / 餐饮品牌,337,reject,[],餐饮品牌,品牌标志或纯文字，缺乏稳定有用的场景或承载区域来源,screened
品牌与产品,品牌与产品 / 商品名,26,reject,[],品牌与产品 / 商品名,仅包含品牌和商品名，缺乏稳定、可用的场景或承载区域来源。,screened
品牌与产品,品牌与产品 / 奢侈品品牌类别,30,reject,[],奢侈品品牌类别,仅包含抽象符号、品牌标志或孤立小物特写，缺乏稳定有用的场景或承载区域来源。,screened
品牌与产品,品牌与产品 / 家具家居品牌类别,36,reject,[],品牌与产品 / 家具家居品牌类别,仅包含品牌标志和抽象符号，缺乏稳定有用的场景或承载区域来源,screened
品牌与产品,品牌与产品 / 房地产物业品牌类别,29,reject,[],品牌与产品 / 房地产物业品牌类别,该分类主要为抽象符号、品牌标志或孤立小物特写，缺乏稳定有用的场景或承载区域来源。,screened
品牌与产品,品牌与产品 / 收藏品与组合 / 奇异事物,31,hold,[],品牌与产品 / 收藏品与组合 / 奇异事物,仅凭分类名称无法确定是否存在稳定有用的场景或承载区域来源,screened
品牌与产品,品牌与产品 / 收藏品与组合 / 宝藏,38,hold,[],品牌与产品 / 收藏品与组合 / 宝藏,仅凭分类名称无法确定是否存在稳定有用的场景或承载区域来源,screened
品牌与产品,品牌与产品 / 数码3C品牌,27,reject,[],数码3C品牌,主要为抽象符号、纯文字或品牌标志，缺乏稳定有用的场景或承载区域来源,screened
品牌与产品,品牌与产品 / 珠宝腕表品牌类别,20,reject,[],品牌与产品 / 珠宝腕表品牌类别,仅包含抽象符号和品牌标志，缺乏稳定有用的场景或承载区域来源。,screened
品牌与产品,品牌与产品 / 美妆品牌类别,30,reject,[],美妆品牌类别,主要为抽象符号、纯文字或品牌标志，缺乏稳定有用的场景或承载区域来源。,screened
品牌与产品,品牌与产品 / 软件品牌类别,34,reject,[],软件品牌类别,主要为抽象符号和纯文字，缺乏稳定有用的场景或承载区域来源,screened
品牌与产品,品牌与产品 / 运动品牌类别,23,reject,[],运动品牌类别,主要为抽象符号、品牌标志或孤立小物特写，缺乏稳定有用的场景或承载区域来源。,screened
品牌与产品,品牌与产品 / 零售电商品牌类别,34,reject,[],零售电商品牌类别,主要为抽象符号和品牌标志，缺乏稳定有用的场景或承载区域来源。,screened
地理与地点,地理与地点 / 乡下 / 乡下地方,22,keep,"[""乡下地方"", ""农村环境"", ""田园景观""]",乡下地方相关的地理场景，包括农村住宅、田野、村庄道路等稳定存在的自然与人文环境,乡下地方包含稳定存在的农村场景和自然环境，具有丰富的可编辑空间和承载面，适合召回相关图片,screened
地理与地点,地理与地点 / 乡下 / 农用地,26,keep,"[""农用地"", ""乡村环境"", ""农田场景""]",包含乡下地区的农用地场景，如农田、耕地、农作区域等,农用地在乡下地区具有稳定且广泛的场景来源，可提供可靠的承载与环境结构支持,screened
地理与地点,地理与地点 / 乡下 / 灌丛地,25,keep,"[""灌丛地"", ""自然环境"", ""乡村地貌""]",乡下地区的灌丛地场景，包含植被覆盖的自然地形和乡村地貌,灌丛地作为自然环境的一部分，具有稳定的植被覆盖和地理特征，可提供可靠的场景来源,screened
地理与地点,地理与地点 / 加勒比,18,keep,"[""加勒比地区"", ""海岛环境"", ""热带地理""]",加勒比地区的地理环境与自然空间,加勒比地区包含多种稳定的地理与自然场景，如岛屿、海岸线和热带气候环境，具有明确且持续的场景来源。,screened
地理与地点,地理与地点 / 半岛地理 / 科德角,17,keep,"[""自然地理环境"", ""海岸地形""]",科德角作为半岛地理的典型代表，包含海岸线、地形特征和自然地理环境,科德角是具有稳定地理特征的自然地理区域，可提供可靠的自然环境和海岸地形场景,screened
地理与地点,地理与地点 / 土地与地块 / 位置,31,keep,"[""自然地形"", ""城市地块"", ""农村土地""]",各类土地与地块的位置信息，包括自然地形、城市规划区域和农村用地,土地与地块位置涉及多种稳定场景，如自然地形、城市地块和农村土地，具有明确的地理承载和空间结构,screened
地理与地点,地理与地点 / 土地与地块 / 公园,30,keep,"[""公园"", ""庭院公园"", ""自然环境""]",包含各类公园及其周边自然环境和公共空间,公园是稳定存在的公共空间，具有明确的场景和承载区域，适合用于图片召回,screened
地理与地点,地理与地点 / 土地与地块 / 地块,23,keep,"[""土地地块"", ""城市用地"", ""农业用地""]",各类土地与地块的地理空间范围,地块作为地理与地点中的基础单元，具有稳定且广泛的场景来源，涵盖城市、农业、工业等多种用地类型。,screened
地理与地点,地理与地点 / 土地与地块 / 地形,25,keep,"[""地形地貌"", ""自然环境"", ""地形水域""]",包含各种自然地形如山地、平原、丘陵、盆地、河流、湖泊等地形特征,地形类包含稳定且广泛的自然场景来源，如山脉、平原、水域等，具有明确的场景和承载面，适用于多种环境场景,screened
地理与地点,地理与地点 / 土地与地块 / 游乐场,28,keep,"[""游乐场"", ""公共空间"", ""休闲环境""]",包含各类游乐场场景，如儿童游乐区、主题园区、户外活动区等,游乐场具有稳定且丰富的场景来源，包含明确的承载面和可编辑环境结构,screened
地理与地点,地理与地点 / 土地与地块 / 稻田,27,keep,"[""农田"", ""农业环境"", ""稻作区域""]",稻田作为农业用地，具有稳定的自然与耕作场景,稻田是稳定的农业场景，具有明确的地理和耕作特征，可提供可靠的承载与环境结构,screened
地理与地点,地理与地点 / 土地与地块 / 绿洲,22,keep,"[""自然环境"", ""绿洲景观""]",绿洲作为干旱地区中的稳定水源区域，具有明确的地理和生态特征,绿洲具有稳定且可识别的自然场景来源，常见于干旱或半干旱地区，提供明确的地理与环境承载面,screened
地理与地点,地理与地点 / 土地与地块 / 野餐区,23,keep,"[""自然环境"", ""庭院公园""]",野餐区作为自然环境中常见的休闲空间，包含草地、遮阳设施、座椅等可编辑区域,野餐区具有稳定且常见的自然场景来源，包含可编辑的承载面和使用环境,screened
地理与地点,地理与地点 / 地理学 / 人文地理学,67,keep,"[""人文环境"", ""城市空间"", ""文化区域""]",人文地理学相关的人文环境与文化空间,人文地理学涵盖稳定的人文环境和文化区域，具有明确的场景来源和可编辑性,screened
地理与地点,地理与地点 / 地理学 / 自然地理学,84,keep,"[""自然环境"", ""地形水域"", ""地理区域""]",自然地理学相关的地理场景和自然环境,自然地理学涵盖稳定的自然环境和地理区域，具有明确的场景来源,screened
地理与地点,地理与地点 / 城市风光 / 城市风光,22,keep,"[""城市景观"", ""城市天际线"", ""城市街道""]",城市风光类场景，包括城市天际线、街道、建筑群等稳定可见的地理环境,城市风光具有稳定且广泛的场景来源，涵盖多种城市空间和承载面，适合召回相关图片,screened
地理与地点,地理与地点 / 山峰与尖顶,64,keep,"[""自然环境"", ""地形地貌""]",山峰与尖顶相关的自然地理场景,山峰与尖顶属于稳定的自然地形，具有明确的地理场景来源，可提供可靠的环境背景。,screened
地理与地点,地理与地点 / 市郊 / 周边地区,21,keep,"[""市郊区域"", ""周边环境"", ""居住区外围""]",包含市郊及周边地区的地理空间，如住宅区、农田、道路、小型商业设施等,市郊及周边地区通常具有稳定的地理和生活场景，包含多种可编辑的环境结构和承载面。,screened
地理与地点,地理与地点 / 市郊 / 市郊,67,keep,"[""市郊生活场景"", ""交通与道路环境"", ""自然与田园环境""]",市郊地区的日常生活、交通网络及周边自然环境,市郊包含稳定的居住、交通和自然场景，具有丰富的可编辑环境结构,screened
地理与地点,地理与地点 / 市郊 / 邻近地区,30,keep,"[""市郊区域"", ""周边地带"", ""居住邻近区""]",包含市郊及邻近地区的地理空间范围，如住宅周边、交通连接区等,市郊及邻近地区具有稳定且多样化的场景来源，如居民区、道路网络、公共设施等，能提供有效的空间和承载环境。,screened
地理与地点,地理与地点 / 广场,51,keep,"[""公共空间"", ""城市广场""]",广场类地理地点，包含城市中心、社区公共区域等具有人群聚集和活动功能的开放空间,广场作为公共空间具有稳定且广泛的场景来源，常见于城市中心、社区和交通节点，提供明确的承载与活动环境,screened
地理与地点,地理与地点 / 曼哈顿,16,keep,"[""城市环境"", ""都市空间"", ""交通与建筑""]",曼哈顿作为纽约市的核心区域，包含城市街道、建筑群、公共空间和交通网络等稳定场景,曼哈顿具有稳定且丰富的城市场景来源，涵盖多种可编辑的环境结构和空间布局,screened
地理与地点,地理与地点 / 海底地形,63,keep,"[""海底环境"", ""海洋地形""]",海底地形相关的地理空间场景,海底地形具有稳定且广泛的场景来源，如海沟、海山、海盆等，可提供可靠的承载与环境结构支持。,screened
地理与地点,地理与地点 / 海滨度假地,28,keep,"[""海滨环境"", ""度假场所"", ""海岸线""]",海滨度假地相关的地理空间和场景,海滨度假地通常包含稳定的海岸线、沙滩、度假设施等可编辑环境，具有明确的场景来源。,screened
地理与地点,地理与地点 / 聚居地 / 人口聚居区,25,keep,"[""城市"", ""乡镇"", ""人口密集区""]",包含城市、乡镇等人口聚居区的地理空间,人口聚居区通常具有稳定的居住场景和承载环境，适合提供可编辑的地理空间背景,screened
地理与地点,地理与地点 / 聚居地 / 聚居地,25,keep,"[""城市"", ""乡村"", ""聚居区""]",包含各类聚居地场景，如城市、乡村、住宅区等,聚居地通常具有稳定的居住和生活场景，包含丰富的空间结构和人类活动环境,screened
地理与地点,地理与地点 / 行政区划与城市 / 城区,39,keep,"[""城市区域"", ""行政区划"", ""城市空间""]",城区作为地理与地点中的行政划分单元，包含城市内部的区域结构和空间布局,城区具有稳定且广泛的场景来源，涵盖城市生活、基础设施和行政功能，可提供丰富的承载与环境结构,screened
地理与地点,地理与地点 / 行政区划与城市 / 湖区,53,keep,"[""自然环境"", ""湖泊区域""]",湖区作为地理与地点中的自然水体区域，包含湖泊及其周边环境,湖区具有稳定且广泛的自然场景来源，可提供可靠的承载面和环境结构,screened
地理与地点,地理与地点 / 行政区划与城市 / 管辖权,80,keep,"[""行政区域"", ""城市管辖""]",涉及行政区划和城市管辖权的地理场景,行政区划和城市管辖权通常与稳定的行政场景相关，如政府办公场所、城市地图、行政区边界等，具有明确的场景来源。,screened
地理与地点,地理与地点 / 行政区划与城市 / 行政区,285,keep,"[""城市区域"", ""行政区划"", ""地理空间""]",包含各类行政区划和城市行政边界场景,行政区划类场景具有稳定且广泛的地理来源，适用于多种空间结构和地图表达,screened
地理与地点,地理与地点 / 西伯利亚,19,keep,"[""自然环境"", ""地形地貌""]",西伯利亚地区的地理特征和自然环境,西伯利亚包含广阔的自然地形和地理特征，具有稳定且丰富的场景来源,screened
地理与地点,地理与地点 / 陆块与岛屿,20,keep,"[""自然地形"", ""陆地区域"", ""岛屿环境""]",包含各类陆块、岛屿及自然形成的陆地地理单元,陆块与岛屿作为地理实体，具有稳定且广泛的自然场景来源，适用于多种环境和空间结构,screened
地理与地点,地理与地点 / 首都与中心 / 座位,39,hold,[],首都与中心的座位相关位置,仅凭'座位'无法确定具体场景或稳定来源，缺乏明确的场景或承载环境支撑,screened
地理与地点,地理与地点 / 麦地那市,17,keep,"[""城市环境"", ""地理区域""]",麦地那市作为地理与地点类别的具体城市场景，包含城市空间、地理特征和相关环境结构,麦地那市作为真实存在的城市地理区域，具有稳定且可编辑的场景来源，如城市街道、建筑群、公共空间等，符合室内与城市环境的承载需求,screened
场景,场景 / 三维CG渲染,40,reject,[],三维CG渲染,该类别主要为抽象符号或纯视觉渲染，缺乏稳定、可编辑的现实场景或承载区域来源。,screened
场景,场景 / 三维计算机图形渲染,39,reject,[],三维计算机图形渲染,该类别主要为抽象符号或纯技术渲染，缺乏稳定、可编辑的场景或承载区域来源。,screened
场景,场景 / 乐园与节庆场所 / 主题乐园,311,keep,"[""主题乐园"", ""休闲娱乐场所"", ""公共活动空间""]",包含各类主题乐园的场景，如游乐园、节日庆典、主题公园等,主题乐园具有稳定且丰富的场景来源，涵盖多种娱乐和公共活动空间，具备明确的承载面和可编辑环境结构。,screened
场景,场景 / 乐园与节庆场所 / 乐园,28,keep,"[""乐园"", ""休闲场所"", ""节庆环境""]",包含各类主题乐园、游乐设施、节庆活动等场景,乐园类场景具有稳定且丰富的承载面和可编辑环境结构，适合召回相关图片,screened
场景,场景 / 乐园与节庆场所 / 展览节庆,520,keep,"[""展览场所"", ""节庆活动"", ""公共空间""]",包含各类展览、节庆活动及相关的公共场景,展览节庆场所通常具有稳定的场景来源和承载区域，适合提供可编辑的环境结构,screened
场景,场景 / 乐园与节庆场所 / 综艺娱乐,263,keep,"[""综艺娱乐场所"", ""节庆活动场景"", ""公共休闲空间""]",综艺娱乐类场景及节庆活动中的公共休闲环境,综艺娱乐场所和节庆活动通常具有稳定的场景来源，包含明确的承载面和可编辑环境结构。,screened
场景,场景 / 乡村农业场景 / 乡村道路,40,keep,"[""乡村道路"", ""农村交通环境"", ""农业区域""]",乡村道路及周边农业场景中的交通与活动环境,乡村道路是稳定存在的场景来源，具有明确的承载和可编辑空间，适用于农业活动的视觉表达,screened
场景,场景 / 乡村农业场景 / 农业大棚,40,keep,"[""农业大棚"", ""乡村场景"", ""农业生产环境""]",包含农业大棚及其周边乡村农业环境,农业大棚是稳定存在的乡村农业场景，具有明确的承载和使用功能，可作为可编辑环境结构的一部分,screened
场景,场景 / 乡村农业场景 / 农田,49,keep,"[""农田"", ""乡村农业"", ""农业生产环境""]",包含农田等乡村农业场景中的稳定生产与自然环境来源,农田作为乡村农业场景的核心载体，具有稳定且广泛的场景来源，可提供可靠的承载与编辑环境,screened
场景,场景 / 乡村农业场景 / 村落,40,keep,"[""乡村村落"", ""农业环境"", ""农村生活""]",包含乡村村落及其周边农业活动的场景,乡村农业场景包含稳定且丰富的村落结构和农业环境，具有明确的场景来源和可编辑性,screened
场景,场景 / 乡村农业场景 / 林场,43,keep,"[""林场"", ""自然环境"", ""乡村农业""]",林场及相关乡村农业场景中的自然与生产环境,林场具有稳定且丰富的自然场景和农业活动来源，能提供可靠的承载与编辑环境,screened
场景,场景 / 乡村农业场景 / 果园,33,keep,"[""乡村农业场景"", ""果园"", ""农业生产环境""]",果园场景中的农业活动、果树种植、农事操作等稳定存在的环境与承载面,果园作为乡村农业场景的重要组成部分，具有稳定且持续的场景来源，包含明确的承载面和可编辑环境结构,screened
场景,场景 / 乡村农业场景 / 梯田,24,keep,"[""梯田"", ""乡村农业"", ""农田环境""]",包含梯田这一典型乡村农业场景，具有稳定且可编辑的承载面和空间结构,梯田是乡村农业中稳定存在的场景，具有明确的地理和空间特征，可作为可编辑环境的支撑来源,screened
场景,场景 / 乡村农业场景 / 渔场,33,keep,"[""渔场"", ""乡村水域"", ""农业场景""]",乡村农业场景中的渔场环境，包括渔船、渔网、水域活动等稳定场景,渔场具有稳定且可编辑的场景来源，包含明确的水域和农业活动环境,screened
场景,场景 / 乡村农业场景 / 牧场,35,keep,"[""乡村农业场景"", ""牧场"", ""自然环境""]",包含牧场中的农业活动、牲畜放养、田园景观等稳定场景,牧场作为乡村农业场景的一部分，具有稳定且丰富的场景来源，包含牲畜活动、农田边界、农舍等可编辑环境结构,screened
场景,场景 / 乡村农业场景 / 茶园,22,keep,"[""茶园"", ""乡村农业"", ""自然环境""]",茶园场景中的农业活动、种植环境及乡村生活场景,茶园作为乡村农业场景的一部分，具有稳定且持续的场景来源，包含明确的承载面和可编辑环境结构。,screened
场景,场景 / 乡村农业场景 / 葡萄园,20,keep,"[""乡村农业场景"", ""葡萄园"", ""农业生产环境""]",包含葡萄园及其相关的乡村农业场景和生产环境,葡萄园作为乡村农业场景的典型代表，具有稳定且丰富的场景来源，能够提供可靠的承载和编辑环境。,screened
场景,场景 / 交通出行场景 / 停车场,38,keep,"[""停车场""]",各类停车场场景，包括地面、地下、智能停车设施等环境,停车场是稳定的交通出行场景，具有明确的承载面和可编辑环境结构,screened
场景,场景 / 交通出行场景 / 公共交通,36,keep,"[""公共交通"", ""交通环境"", ""城市出行""]",包含公交车、地铁、车站、公交站台、轨道交通等公共出行相关场景,公共交通场景具有稳定且广泛的来源，覆盖多种城市环境和日常出行场景,screened
场景,场景 / 交通出行场景 / 公路出行,37,keep,"[""公路出行"", ""道路交通环境"", ""交通场景""]",公路出行相关的交通场景和道路环境,公路出行场景包含稳定且常见的交通环境来源，如公路、车道、车辆行驶等，具有明确的场景和承载面。,screened
场景,场景 / 交通出行场景 / 水路出行,36,keep,"[""水路环境"", ""港口区域"", ""船只场景""]",水路出行相关的交通场景，包括河流、湖泊、港口、船只等环境,水路出行场景包含稳定且常见的水路环境和交通载体，具有明确的场景来源和可编辑性,screened
场景,场景 / 交通出行场景 / 航空出行,37,keep,"[""航空出行场景"", ""机场环境"", ""候机区域""]",航空出行相关的交通场景，包括机场、航站楼、登机口、候机区等,航空出行场景具有稳定且广泛的场景来源，如机场、航站楼、登机口等，能提供明确的承载面和可编辑环境结构。,screened
场景,场景 / 交通出行场景 / 铁路出行,39,keep,"[""交通环境"", ""铁路场景""]",铁路出行相关的交通场景和环境,铁路出行场景具有稳定且广泛的来源，涵盖车站、轨道、列车等典型交通环境,screened
场景,场景 / 体育娱乐场景 / 体育比赛,40,keep,"[""体育比赛现场"", ""运动场馆"", ""公共体育空间""]",各类体育比赛发生的实际场景，包括体育场、球场、比赛场地等具有稳定环境结构的区域,体育比赛通常发生在具有明确空间结构和承载面的固定场所，如体育场、球场等，具备稳定且可编辑的场景来源,screened
场景,场景 / 体育娱乐场景 / 健身训练,39,keep,"[""健身场所"", ""室内运动空间"", ""训练环境""]",包含健身房、健身中心、室内训练区等具有稳定健身训练场景的环境,健身训练场景具有稳定且常见的来源，如健身房、瑜伽室、运动场馆等，能提供可靠的承载和可编辑环境,screened
场景,场景 / 体育娱乐场景 / 徒步登山,25,keep,"[""自然环境"", ""地形水域"", ""户外活动""]",徒步登山相关的自然场景和户外环境,徒步登山通常发生在自然环境中，具有稳定的地形和承载面，能提供丰富的场景来源。,screened
场景,场景 / 体育娱乐场景 / 棋牌桌游,30,keep,"[""桌面"", ""室内娱乐"", ""休闲活动""]",棋牌桌游相关的桌面场景和室内娱乐环境,棋牌桌游通常发生在有稳定桌面和室内环境的场景中，具备明确的承载面和可编辑结构。,screened
场景,场景 / 体育娱乐场景 / 游乐园,68,keep,"[""游乐园"", ""休闲娱乐场所"", ""公共休闲空间""]",包含游乐园内的各类场景和设施，如过山车、主题区域、游乐设施等,游乐园具有稳定且丰富的场景来源，涵盖多种可编辑的环境结构和承载面。,screened
场景,场景 / 体育娱乐场景 / 滑雪,20,keep,"[""滑雪场"", ""山区环境"", ""冬季运动场景""]",滑雪相关的自然地形和运动场景,滑雪场景具有稳定且广泛的自然环境来源，包含明确的承载面和可编辑环境结构。,screened
场景,场景 / 体育娱乐场景 / 电子游戏,39,hold,[],电子游戏场景,仅凭分类名称无法确定是否存在稳定有用的场景或承载区域来源,screened
场景,场景 / 体育娱乐场景 / 露营,24,keep,"[""露营场景"", ""户外自然环境"", ""野外承载面""]",包含露营相关的户外场景和自然环境中的承载区域,露营场景具有稳定且广泛的户外来源，包含明确的承载面和环境结构，适合召回相关图片,screened
场景,场景 / 体育娱乐场景 / 音乐娱乐,28,keep,"[""音乐演出场景"", ""演唱会场景"", ""音乐厅环境""]",音乐娱乐相关的现场演出和公共活动场景,音乐娱乐场景包含稳定且常见的演出环境，如音乐厅、演唱会等，具有明确的场景和承载面，适合召回相关图片,screened
场景,场景 / 冬季场景,70,keep,"[""冬季场景"", ""自然环境"", ""庭院园林""]",包含冬季特有的自然与户外场景，如雪景、冰面、冬季庭院等,冬季场景具有稳定且广泛的来源，涵盖自然环境和户外空间，符合稳定场景类别的要求,screened
场景,场景 / 凉亭外部,20,keep,"[""户外场景"", ""庭院公园"", ""公共空间""]",凉亭外部的户外环境，包括其周边自然与人文景观,凉亭外部通常存在于户外公共空间，具有稳定的场景来源和可编辑环境结构,screened
场景,场景 / 医疗健康场景 / 住院,27,keep,"[""医院病房"", ""医疗护理环境"", ""住院区域""]",住院场景中的病房、护理区、医疗设施等稳定存在的空间和环境,住院场景包含稳定且持续存在的医疗环境，如病房、走廊、护理站等，具有明确的场景和承载面，适合召回相关图片,screened
场景,场景 / 医疗健康场景 / 体检,25,keep,"[""医疗场景"", ""体检环境"", ""健康检查场所""]",包含各类医疗机构、体检中心、健康检查点等实际存在的医疗健康场景,体检场景具有稳定且普遍存在的来源，如医院、体检中心等，能提供可靠的承载和环境结构,screened
场景,场景 / 医疗健康场景 / 康复护理,28,keep,"[""康复场所"", ""医疗机构"", ""护理环境""]",医疗健康场景中的康复护理相关空间和设施,康复护理场景具有稳定且持续的来源，如康复中心、护理院等，提供明确的承载和使用环境。,screened
场景,场景 / 医疗健康场景 / 急救,24,keep,"[""急救场景"", ""医疗环境"", ""应急场所""]",包含急救相关的医疗场景和应急环境，如急救站、医院急诊室、户外急救点等,急救场景具有稳定且明确的来源，常见于医院、公共场所和应急响应环境，具备可编辑的承载面和实用场景。,screened
场景,场景 / 医疗健康场景 / 手术,26,keep,"[""手术室"", ""医疗环境"", ""医院场景""]",包含手术室、医疗操作环境及与手术相关的医疗机构空间,手术场景具有稳定且明确的承载环境，如手术室、医疗操作台等，提供可靠的可编辑空间和结构支撑,screened
场景,场景 / 医疗健康场景 / 检查检验,36,keep,"[""医疗检查环境"", ""医院诊疗区域"", ""检验实验室""]",医疗健康场景中的检查与检验相关环境,医疗检查检验场景具有稳定且广泛的来源，如医院、诊所、实验室等，提供明确的承载和使用环境。,screened
场景,场景 / 医疗健康场景 / 牙科诊疗,26,keep,"[""牙科诊疗室"", ""医疗室内环境"", ""患者等待区域""]",包含牙科诊疗室、医疗设备、患者座椅、诊疗台等稳定场景和承载面,牙科诊疗场景具有稳定且可编辑的环境结构，包含明确的诊疗台、座椅和医疗设备，适用于图片召回,screened
场景,场景 / 医疗健康场景 / 疫苗接种,24,keep,"[""医疗场景"", ""接种环境"", ""公共卫生场所""]",涉及疫苗接种的医疗场景，如社区卫生站、医院接种点、学校健康室等,医疗健康场景中的疫苗接种具有稳定且可重复的场景来源，包含明确的承载面和可编辑环境结构。,screened
场景,场景 / 医疗健康场景 / 门诊,19,keep,"[""门诊场景"", ""医疗室内环境"", ""患者等待区域""]",门诊场景中的患者就诊、候诊、检查等常见环境,门诊场景具有稳定且持续的来源，包含明确的医疗环境和患者活动空间,screened
场景,场景 / 博物馆内景,39,keep,"[""室内"", ""文化场所"", ""博物馆环境""]",博物馆内部的各类空间和场景,博物馆内景包含稳定且丰富的室内场景和承载区域，适用于多种可编辑环境结构。,screened
场景,场景 / 商业消费场景 / 商场购物,39,keep,"[""商场内部"", ""购物环境"", ""消费空间""]",包含商场内的各类购物场景和消费环境,商场购物场景具有稳定且丰富的场景来源，涵盖多种消费和互动环境,screened
场景,场景 / 商业消费场景 / 展销会,34,keep,"[""展销会现场"", ""商业消费环境"", ""室内展览空间""]",包含各类展销会的室内场景，如展位、人流区域、商品陈列区等,展销会具有稳定的场景来源，包含明确的承载面和可编辑环境结构,screened
场景,场景 / 商业消费场景 / 直播购物,33,keep,"[""商业消费场景"", ""直播环境"", ""购物场景""]",包含直播购物相关的商业消费场景，如直播间、电商平台、商品展示区等,直播购物场景具有稳定且丰富的来源，涵盖多种商业环境和用户互动场景，适合召回相关图片,screened
场景,场景 / 商业消费场景 / 超市零售,39,keep,"[""超市环境"", ""零售空间"", ""消费场景""]",包含超市、零售店等商业消费场所的典型场景,超市零售场景具有稳定且广泛的来源，涵盖多种室内空间和消费行为，适合召回相关图片,screened
场景,场景 / 商业消费场景 / 集市摊位,39,keep,"[""集市环境"", ""商业消费场景"", ""摊位空间""]",包含各类集市中的摊位场景，如街头、市场、夜市等，具有稳定承载和可编辑的物理空间,集市摊位具有稳定的场景来源和承载面，适用于多种消费与互动场景,screened
场景,场景 / 商业消费场景 / 餐饮消费,40,keep,"[""餐饮场所"", ""室内商业空间"", ""消费环境""]",餐饮消费相关的室内场景和商业空间,餐饮消费场景包含稳定且常见的室内商业空间，如餐厅、咖啡馆等，具有明确的承载面和可编辑环境结构。,screened
场景,场景 / 地理藏宝,34,hold,[],场景 / 地理藏宝,仅凭分类名称无法确定具体场景范围或是否存在稳定有用的来源,screened
场景,场景 / 城市与地域 / 国家文化符号 IP,128,hold,[],国家文化符号 IP,仅凭分类名称无法确定具体场景范围或是否存在稳定有用的来源,screened
场景,场景 / 城市与地域 / 地域文化 IP,101,hold,[],地域文化IP相关场景,仅凭名称无法确定具体场景范围或是否存在稳定有用的来源,screened
场景,场景 / 城市与地域 / 城市品牌 IP,190,reject,[],城市品牌 IP,主要为抽象符号、品牌标志或孤立小物特写，缺乏稳定有用的场景或承载区域来源,screened
场景,场景 / 城市户外场景,28,keep,"[""城市户外场景"", ""公共空间"", ""交通环境""]",城市户外场景中的公共空间和交通环境,城市户外场景包含稳定且多样化的环境来源，如街道、公园、广场等，具有明确的承载面和可编辑性。,screened
场景,场景 / 城市户外场景 / 交通枢纽,38,keep,"[""交通环境"", ""交通枢纽""]",城市户外场景中的交通枢纽，如车站、机场、公交站等,交通枢纽具有稳定且广泛的场景来源，包含明确的承载面和可编辑环境结构,screened
场景,场景 / 城市户外场景 / 住宅社区,38,keep,"[""住宅社区"", ""城市户外"", ""生活空间""]",包含住宅社区中的各类公共区域和生活场景,住宅社区具有稳定且广泛的场景来源，涵盖居民日常生活和公共空间，适合召回相关图片,screened
场景,场景 / 城市户外场景 / 停靠点,20,keep,"[""城市户外"", ""停靠点""]",城市户外中各类停靠点场景，如公交站、地铁站、共享单车停放点等,城市户外停靠点具有稳定且普遍存在的场景来源，能提供明确的承载和交互环境,screened
场景,场景 / 城市户外场景 / 历史街区,38,keep,"[""历史街区"", ""城市户外"", ""公共空间""]",包含历史街区中的建筑、道路、公共设施等稳定场景元素,历史街区具有稳定的场景来源和丰富的承载面，适合提供可编辑的环境结构,screened
场景,场景 / 城市户外场景 / 商业街区,39,keep,"[""商业街区"", ""城市户外"", ""公共空间""]",包含各类商业街区中的场景和环境，如店铺、行人、广告牌、道路等,商业街区具有稳定且丰富的场景来源，包含多种可编辑的环境结构和承载面,screened
场景,场景 / 城市户外场景 / 城市公园,38,keep,"[""城市公园"", ""自然环境"", ""公共空间""]",城市公园类场景，包含绿地、步道、休闲设施等稳定存在的户外空间,城市公园具有稳定且多样化的场景来源，包含明确的承载面和可编辑环境结构,screened
场景,场景 / 城市户外场景 / 城市夜景,38,keep,"[""城市夜景"", ""户外环境"", ""公共空间""]",城市户外场景中具有稳定夜景特征的场景，如街道、广场、建筑灯光等,城市夜景具有稳定且广泛的场景来源，包含多种可编辑的户外环境和公共空间，适合召回相关图片,screened
场景,场景 / 城市户外场景 / 城市广场,39,keep,"[""城市广场"", ""公共空间"", ""户外环境""]",城市广场类场景，包含人流、设施、标识、开放空间等稳定来源,城市广场具有稳定且广泛的场景来源，包含人流、设施和公共空间元素，适合提供可编辑的环境结构,screened
场景,场景 / 城市户外场景 / 城市街道,38,keep,"[""城市街道"", ""交通环境"", ""公共空间""]",城市街道中的交通流、行人、基础设施等场景,城市街道具有稳定且广泛的场景来源，包含多种可编辑的环境结构和承载面。,screened
场景,场景 / 城市户外场景 / 建筑工地,38,keep,"[""建筑工地""]",包含各类建筑工地的场景，如施工区域、临时设施、建筑材料堆放区等,建筑工地具有稳定且丰富的场景来源，包含明确的承载面和可编辑环境结构,screened
场景,场景 / 城市户外场景 / 步行街,38,keep,"[""步行街"", ""城市公共空间"", ""户外交通环境""]",城市中的步行街场景，包含人行道、商铺、绿化带、交通标识等稳定环境元素,步行街具有稳定且丰富的场景来源，包含多种公共空间和可编辑环境结构,screened
场景,场景 / 城市户外场景 / 老城区,39,keep,"[""老城区"", ""城市户外"", ""公共空间""]",老城区的城市户外环境，包含传统建筑、街道、公共设施等稳定场景,老城区城市户外场景具有稳定且丰富的来源，涵盖传统建筑、街道和公共空间，适合提供多样化的环境背景,screened
场景,场景 / 城市运河,38,keep,"[""城市运河"", ""自然环境"", ""交通环境""]",城市运河场景中的水体、沿岸设施、交通与公共空间,城市运河通常具有稳定的自然与人文场景来源，包含可编辑的承载面和环境结构。,screened
场景,场景 / 夜景,38,keep,"[""夜景"", ""城市夜景"", ""户外夜景""]",包含城市、街道、公园、建筑等在夜间照明下的场景,夜景场景具有稳定且广泛的来源，涵盖多种城市和自然环境下的夜间照明情况,screened
场景,场景 / 天然水道,38,keep,"[""自然环境"", ""水域环境""]",包含天然河流、湖泊、溪流等水体及其周边自然场景,天然水道具有稳定的自然场景来源，可提供丰富的环境与承载面信息,screened
场景,场景 / 好天气,37,keep,"[""自然环境"", ""户外场景""]",好天气下的自然与户外场景,好天气提供稳定的自然环境和户外场景来源，适合用于各类视觉内容的构建。,screened
场景,场景 / 季节天气场景 / 冬季,38,keep,"[""冬季场景"", ""寒冷环境"", ""雪景""]",冬季天气下的自然与人工场景,冬季场景包含稳定且常见的寒冷环境和雪景，具有明确的场景来源和可编辑性,screened
场景,场景 / 季节天气场景 / 夏季,38,keep,"[""夏季场景"", ""户外活动场景"", ""炎热环境""]",夏季天气相关的场景，如晴天、炎热、午后、海滩、公园等,夏季天气场景包含稳定且常见的环境来源，如晴天、高温、户外活动等，具有明确的场景特征和可编辑性。,screened
场景,场景 / 季节天气场景 / 春季,38,keep,"[""春季场景"", ""自然环境""]",春季天气和季节特征的自然场景,春季场景包含稳定的自然环境和季节性变化，如花开、回暖等，具有明确的场景来源和可编辑性。,screened
场景,场景 / 季节天气场景 / 晴天,38,keep,"[""晴天场景"", ""户外环境""]",晴天条件下的自然场景和户外环境,晴天是常见且稳定的天气条件，能提供明确的场景来源，适用于多种户外和自然环境。,screened
场景,场景 / 季节天气场景 / 秋季,76,keep,"[""秋季自然环境"", ""庭院园林""]",秋季季节天气相关的自然场景和户外环境,秋季天气场景具有稳定的自然来源，如落叶、凉爽气候和季节性景观，适用于多种户外环境。,screened
场景,场景 / 季节天气场景 / 阴天,35,keep,"[""阴天环境"", ""自然天气场景""]",阴天条件下的自然场景和户外环境,阴天作为一种常见天气状况，能稳定提供具有代表性的自然场景来源，如阴天的街道、公园或庭院，具备可编辑的环境结构。,screened
场景,场景 / 季节天气场景 / 雨天,38,keep,"[""雨天环境"", ""户外场景"", ""交通环境""]",雨天下的户外和交通场景，包括雨天道路、行人、车辆等,雨天场景具有稳定且常见的来源，能覆盖多种户外和交通环境，提供明确的可编辑空间和视觉参考,screened
场景,场景 / 季节天气场景 / 雪天,38,keep,"[""雪天环境"", ""冬季场景"", ""自然天气场景""]",雪天下的自然环境与场景，包括道路、建筑、户外活动等,雪天场景具有稳定且广泛的来源，能覆盖多种自然与公共空间环境,screened
场景,场景 / 季节天气场景 / 雾天,38,keep,"[""雾天环境"", ""交通场景"", ""自然天气""]",雾天条件下出现的场景，包括道路、建筑、户外活动等具有稳定雾天特征的环境,雾天是常见且稳定的自然天气场景，能提供清晰的环境来源和可编辑的视觉结构,screened
场景,场景 / 季节天气场景 / 风暴天气,38,keep,"[""风暴天气"", ""自然环境"", ""恶劣天气场景""]",包含风暴天气下的自然场景和环境变化,风暴天气具有稳定的自然场景来源，如雷雨、大风、暴雪等，能提供丰富的环境和承载面信息,screened
场景,场景 / 宗教庆典场景 / 婚礼,38,keep,"[""婚礼场景"", ""室内仪式空间"", ""社交活动环境""]",婚礼相关的宗教或文化庆典场景，包含仪式空间、宾客布置及活动环境,婚礼作为宗教庆典场景的一种，具有稳定且丰富的场景来源，包含明确的室内仪式空间和社交活动环境。,screened
场景,场景 / 宗教庆典场景 / 宗教仪式,74,keep,"[""宗教仪式"", ""宗教活动"", ""公共庆典""]",涉及宗教仪式的场景，如祭祀、法会、庆典等,宗教仪式通常发生在特定的宗教场所，具有稳定且可重复的场景来源，能提供丰富的承载面和环境结构。,screened
场景,场景 / 宗教庆典场景 / 毕业典礼,38,keep,"[""毕业典礼"", ""校园场景"", ""室内活动""]",毕业典礼相关的校园场景和室内活动环境,毕业典礼通常发生在校园内，具有稳定的场景来源和可编辑的环境结构。,screened
场景,场景 / 宗教庆典场景 / 生日派对,38,keep,"[""生日派对"", ""室内社交场景"", ""庆祝活动""]",包含生日派对等庆祝类社交场景，具有明确的室内空间和人群互动特征,生日派对作为宗教庆典场景的子类，具有稳定且可重复的场景来源，包含明确的室内环境和人群互动特征,screened
场景,场景 / 宗教庆典场景 / 祭祀活动,39,keep,"[""宗教场所"", ""祭祀环境"", ""文化仪式""]",涉及宗教庆典中祭祀活动的场景，包括庙宇、祭坛、仪式空间等稳定场景,祭祀活动通常发生在具有稳定结构的宗教场所，具备明确的场景和承载面，符合稳定场景来源的要求,screened
场景,场景 / 宗教庆典场景 / 纪念仪式,38,keep,"[""宗教仪式"", ""纪念活动"", ""文化庆典""]",涉及宗教或文化背景的纪念性仪式场景,宗教庆典场景通常包含稳定且可编辑的仪式空间和承载环境，如庙宇、祭坛、仪式场地等，具有明确的场景来源。,screened
场景,场景 / 宗教庆典场景 / 节庆巡游,38,keep,"[""节庆巡游"", ""公共活动"", ""宗教仪式""]",宗教庆典场景中涉及的节庆巡游活动及其相关环境,节庆巡游具有稳定且可重复的场景来源，常见于公共空间和宗教仪式中，能提供明确的承载面和可编辑环境结构。,screened
场景,场景 / 宗教庆典场景 / 葬礼,37,keep,"[""葬礼场景"", ""宗教仪式环境"", ""室内仪式空间""]",涉及宗教庆典中葬礼相关的室内或仪式性空间环境,葬礼场景具有稳定且可重复的来源，通常包含明确的承载面和环境结构，如灵堂、墓地、仪式区域等，符合稳定场景需求,screened
场景,场景 / 室内场景,16,keep,"[""室内""]",各类室内空间环境,室内场景包含稳定且多样化的空间来源，如家庭、办公室、商场等，具备明确的承载面和可编辑环境结构。,screened
场景,场景 / 室内场景 / 交通枢纽场景,38,keep,"[""交通枢纽"", ""交通环境"", ""公共空间""]",包含车站、机场、地铁站等交通枢纽内的室内场景,交通枢纽场景具有稳定且丰富的室内空间和承载环境，适合提供可编辑的场景来源,screened
场景,场景 / 室内场景 / 仓库场景,38,keep,"[""仓库场景"", ""室内空间"", ""仓储环境""]",仓库场景中的室内空间和仓储环境,仓库场景具有稳定且广泛的室内空间和承载结构，适合提供支撑和放置区域。,screened
场景,场景 / 室内场景 / 会议场景,38,keep,"[""会议室"", ""办公空间"", ""室内会议环境""]",包含会议室、办公空间等具有稳定会议活动的室内场景,会议场景通常具有稳定的室内环境和明确的承载面，如会议桌、座椅等，能提供可编辑的场景结构,screened
场景,场景 / 室内场景 / 住宅社区场景,38,keep,"[""住宅社区"", ""室内空间"", ""居住环境""]",住宅社区中的室内场景，如家庭住宅、公寓楼内部、楼道、公共走廊等,住宅社区场景包含稳定且常见的室内空间来源，如住宅楼内部、家庭生活区域，具有明确的场景和承载面，适合召回相关图片,screened
场景,场景 / 室内场景 / 体育馆场景,35,keep,"[""体育馆室内""]",体育馆内部的室内场景，包括运动区域、观众席、更衣室等,体育馆室内场景具有稳定且丰富的承载面和可编辑环境结构，适用于多种视觉任务。,screened
场景,场景 / 室内场景 / 停车场场景,32,keep,"[""停车场"", ""室内空间"", ""交通环境""]",包含各类停车场场景，如地下停车场、地面停车场、停车库等,停车场场景具有稳定且常见的空间结构和承载面，适用于多种视觉编辑任务,screened
场景,场景 / 室内场景 / 健身房,33,keep,"[""室内场景"", ""健身环境"", ""运动空间""]",包含健身房内的各类场景和设施，如器械区、更衣区、休息区等,健身房作为典型室内场景，具有稳定且丰富的承载面和可编辑环境结构，适合召回相关图片,screened
场景,场景 / 室内场景 / 剧场场景,33,keep,"[""剧场场景"", ""室内空间"", ""表演环境""]",包含剧场内的各类室内场景，如舞台、观众席、后台等稳定场景,剧场场景具有稳定且明确的室内空间结构和承载面，适用于多种可编辑环境,screened
场景,场景 / 室内场景 / 办公室,153,keep,"[""办公空间"", ""工作场所"", ""室内环境""]",包含办公室内的各类场景和设施,办公室作为典型室内场景，具有稳定且丰富的承载面和可编辑环境结构,screened
场景,场景 / 室内场景 / 办公室场景,31,keep,"[""办公场所"", ""室内空间"", ""工作环境""]",包含各类办公室内部场景，如办公桌、会议室、走廊、办公家具等稳定存在的室内环境,办公室场景具有稳定且广泛的来源，涵盖多种室内空间和可编辑环境结构,screened
场景,场景 / 室内场景 / 医院,53,keep,"[""室内场景"", ""医疗环境"", ""医院空间""]",医院内的各类室内空间和设施,医院作为典型室内场景，具有稳定且丰富的承载面和可编辑环境结构,screened
场景,场景 / 室内场景 / 医院场景,36,keep,"[""医院室内"", ""诊疗区域"", ""病房环境""]",医院内部的各类室内空间和场景,医院场景包含稳定且丰富的室内空间来源，如病房、走廊、候诊区等，具有明确的场景和承载面结构。,screened
场景,场景 / 室内场景 / 博物馆场景,37,keep,"[""博物馆室内"", ""展览空间"", ""文化场所""]",博物馆内的室内环境，包括展厅、走廊、服务台等区域,博物馆场景具有稳定且丰富的室内空间结构，包含明确的承载面和可编辑环境，适合召回相关图片,screened
场景,场景 / 室内场景 / 商业街区场景,33,keep,"[""商业街区"", ""室内环境"", ""公共空间""]",包含商业街区内的室内场景，如商铺、街道、人流活动区域等,商业街区场景具有稳定且丰富的室内与公共空间来源，适合提供多样化的可编辑环境结构,screened
场景,场景 / 室内场景 / 商店,1463,keep,"[""室内场景"", ""商业空间""]",商店类室内场景，包含零售、服务类店铺的日常运营环境,商店作为典型室内场景，具有稳定且丰富的承载面和可编辑环境结构，适用于多种视觉任务,screened
场景,场景 / 室内场景 / 商店场景,38,keep,"[""室内场景"", ""商业空间"", ""店铺环境""]",包含各类商店内部环境，如超市、便利店、专卖店等室内空间,商店场景具有稳定且丰富的室内空间来源，包含明确的承载面和可编辑环境结构,screened
场景,场景 / 室内场景 / 图书馆场景,37,keep,"[""室内"", ""图书馆""]",图书馆内的室内空间及阅读、学习等场景,图书馆场景具有稳定、持续的室内使用环境，包含明确的承载面和可编辑空间，适合召回相关图片,screened
场景,场景 / 室内场景 / 城市公园场景,38,keep,"[""城市公园"", ""庭院公园"", ""自然环境""]",城市公园内的室内或半开放空间，如休息区、步道、座椅等,城市公园场景包含稳定且多样化的承载面和可编辑环境，如座椅、路径、遮阳设施等，具有明确的使用场景和视觉可编辑性,screened
场景,场景 / 室内场景 / 城市广场场景,37,keep,"[""城市广场"", ""公共空间"", ""人流活动区域""]",城市广场中的公共空间和人流活动场景,城市广场场景包含稳定且常见的公共空间来源，具有明确的场景和承载面特征,screened
场景,场景 / 室内场景 / 城市街道场景,21,keep,"[""城市街道"", ""交通环境"", ""公共空间""]",城市街道场景中的道路、行人、交通设施等稳定存在的场景元素,城市街道场景包含稳定且常见的交通环境和公共空间来源，具备可编辑的承载面和丰富场景结构,screened
场景,场景 / 室内场景 / 宗教建筑内部,29,keep,"[""宗教建筑内部"", ""室内空间"", ""宗教场所""]",宗教建筑内部的室内环境，如寺庙、教堂、道观等内部结构和布局,宗教建筑内部具有稳定且丰富的场景来源，包含明确的承载面和可编辑环境结构,screened
场景,场景 / 室内场景 / 宗教建筑内部场景,39,keep,"[""宗教建筑内部""]",宗教建筑内部的各类空间和环境,宗教建筑内部具有稳定且丰富的场景来源，如寺庙、教堂等内部结构和空间布局，能提供可靠的承载与编辑环境。,screened
场景,场景 / 室内场景 / 实验室场景,39,keep,"[""实验室"", ""工作场所"", ""科研环境""]",包含实验室内的各类场景和设施,实验室场景具有稳定且丰富的场景来源，涵盖实验台、仪器、设备等可编辑环境结构,screened
场景,场景 / 室内场景 / 家庭住宅,29,keep,"[""室内"", ""家庭空间"", ""住宅环境""]",家庭住宅类室内场景，包含客厅、卧室、厨房、卫生间等常见家庭空间,家庭住宅是稳定且常见的室内场景，具有丰富的承载面和可编辑环境结构,screened
场景,场景 / 室内场景 / 家庭卧室场景,39,keep,"[""室内"", ""家庭"", ""卧室""]",家庭卧室场景中的日常环境与家具布置,家庭卧室场景包含稳定且常见的室内环境和家具，提供丰富的可编辑空间和场景来源,screened
场景,场景 / 室内场景 / 家庭厨房场景,39,keep,"[""家庭厨房"", ""室内空间"", ""烹饪环境""]",包含家庭厨房中的稳定场景和常用设施，如灶台、橱柜、餐桌等,家庭厨房场景具有稳定且丰富的场景来源，包含明确的承载面和可编辑环境结构,screened
场景,场景 / 室内场景 / 家庭客厅场景,25,keep,"[""室内"", ""家庭客厅""]",家庭客厅场景中的稳定室内环境，包含家具、日常活动和生活场景,家庭客厅场景具有稳定且丰富的室内来源，包含常见家具和日常活动，适合提供可编辑的环境结构,screened
场景,场景 / 室内场景 / 展览场景,39,keep,"[""展览空间"", ""室内环境"", ""展示区域""]",包含各类展览馆、博物馆、展厅等室内展示场景,展览场景具有稳定且丰富的室内空间来源，提供明确的承载和展示环境,screened
场景,场景 / 室内场景 / 工厂车间,28,keep,"[""工厂车间"", ""生产场所"", ""工业环境""]",工厂车间内的各类生产、操作和工作场景,工厂车间具有稳定且丰富的场景来源，包含多种可编辑的承载面和工作环境,screened
场景,场景 / 室内场景 / 工厂车间场景,39,keep,"[""工厂车间"", ""生产环境"", ""工作场所""]",工厂车间场景中的各类生产设施、设备、工作台和操作环境,工厂车间场景具有稳定且丰富的承载面和可编辑环境结构，适用于多种工业操作和视觉建模需求,screened
场景,场景 / 室内场景 / 建筑工地场景,21,keep,"[""建筑工地"", ""施工环境"", ""工作场所""]",建筑工地场景中的各类施工活动、设备、人员及临时设施,建筑工地场景具有稳定且丰富的承载面和可编辑环境结构，包含多种实际可操作的视觉元素。,screened
场景,场景 / 室内场景 / 教室,140,keep,"[""室内"", ""教室环境"", ""教学场景""]",包含教室这一典型室内场景，具有稳定且常见的承载面和可编辑环境结构,教室是典型室内场景，具有稳定且常见的承载面和可编辑环境结构，适合用于各类视觉任务,screened
场景,场景 / 室内场景 / 教室场景,38,keep,"[""教室"", ""室内空间"", ""教学环境""]",包含教室内的典型场景和设施，如黑板、课桌、讲台等,教室场景具有稳定且常见的来源，包含明确的室内空间和可编辑的承载面结构,screened
场景,场景 / 室内场景 / 文化场馆,54,keep,"[""文化场馆"", ""室内空间"", ""公共活动场所""]",文化场馆类室内场景，如博物馆、美术馆、剧院、展览馆等,文化场馆具有稳定且丰富的室内场景来源，涵盖多种公共活动和展示环境,screened
场景,场景 / 室内场景 / 游泳馆,39,keep,"[""室内场景"", ""游泳馆环境"", ""休闲娱乐空间""]",包含游泳馆内的各类室内场景和使用环境,游泳馆作为典型室内场景，具有稳定且丰富的承载面和使用环境，适合提供可编辑的视觉内容,screened
场景,场景 / 室内场景 / 电影院,39,keep,"[""室内场景"", ""电影院环境""]",电影院内的各类室内场景，包括观众席、放映厅、走廊、休息区等,电影院作为典型室内场景，具有稳定且丰富的场景来源，包含明确的承载面和可编辑环境结构,screened
场景,场景 / 室内场景 / 邮局,37,keep,"[""室内场景"", ""邮政服务环境""]",邮局作为室内场景的一种，包含办公区、接待区、投递区等稳定空间结构,邮局具有稳定的室内空间结构和明确的场景功能，可提供可靠的承载与编辑环境,screened
场景,场景 / 室内场景 / 酒吧,39,keep,"[""室内场景"", ""酒吧环境""]",酒吧类室内空间，包含吧台、座位、装饰等稳定场景元素,酒吧作为典型室内场景，具有稳定且丰富的承载面和可编辑环境结构,screened
场景,场景 / 室内场景 / 酒店,237,keep,"[""室内场景"", ""酒店环境"", ""住宿空间""]",酒店类室内场景，包括客房、大堂、走廊、餐厅等空间,酒店作为典型室内场景，具有稳定且丰富的承载面和可编辑环境结构，适用于多种视觉任务。,screened
场景,场景 / 室内场景 / 酒店场景,36,keep,"[""酒店室内"", ""客房环境"", ""服务区域""]",酒店内部各类室内空间，包括客房、大堂、餐厅、会议室等,酒店场景包含稳定且多样化的室内空间，具备明确的承载面和可编辑环境结构,screened
场景,场景 / 室内场景 / 银行,39,keep,"[""室内场景"", ""银行环境""]",银行作为室内场景的一种，具有稳定的场景来源和承载面，适用于各类与金融活动相关的视觉内容,银行是典型的室内场景，具有稳定且丰富的场景来源，包含柜台、客户等待区、办公区等可编辑环境结构,screened
场景,场景 / 室内场景 / 集市场景,23,keep,"[""集市场景"", ""室内空间"", ""公共活动区域""]",集市场景中的室内环境，包括摊位、人流、商品陈列等稳定场景,集市场景具有稳定且丰富的室内来源，包含人群、商品、摊位等可编辑元素，符合可编辑环境结构要求,screened
场景,场景 / 室内场景 / 餐厅,320,keep,"[""室内场景"", ""餐厅环境"", ""用餐空间""]",包含餐厅类室内空间，如餐厅内部、餐桌、餐椅、服务台等场景,餐厅作为典型室内场景，具有稳定且丰富的承载面和可编辑环境结构，适合召回相关图片,screened
场景,场景 / 室内场景 / 餐厅场景,25,keep,"[""餐厅室内"", ""就餐空间"", ""餐饮环境""]",包含餐厅内部的各类场景，如餐桌、餐椅、厨房区域、服务台等,餐厅场景具有稳定且常见的室内来源，包含明确的承载面和可编辑环境结构,screened
场景,场景 / 室内按摩浴缸,23,keep,"[""室内"", ""浴室场景""]",室内按摩浴缸相关的场景，包括家庭浴室、酒店客房等空间,室内按摩浴缸通常出现在家庭或酒店的浴室环境中，具有稳定的场景来源和可编辑的承载面,screened
场景,场景 / 室内机库,36,keep,"[""室内"", ""机库环境"", ""仓储空间""]",室内机库场景，包含各类设备存储和维护环境,机库作为室内专用空间，具有稳定且持续存在的承载和使用场景，适合召回相关图片,screened
场景,场景 / 室外停车库,50,keep,"[""室外停车库"", ""交通环境"", ""公共空间""]",包含室外停车库及相关交通和公共空间场景,室外停车库具有稳定且常见的场景来源，属于典型的公共空间和交通环境的一部分,screened
场景,场景 / 小木屋室外,14,keep,"[""小木屋室外"", ""庭院园林"", ""自然环境""]",小木屋室外场景，包括其周边自然环境和户外活动空间,小木屋室外包含稳定且常见的自然场景和户外环境，具有明确的承载面和可编辑空间,screened
场景,场景 / 展示场地,25,keep,"[""展示场地"", ""室内空间"", ""公共空间""]",各类展示场地，包括商场、展厅、展览馆、文化空间等,展示场地通常具有稳定的场景结构和承载面，适合作为可编辑环境的来源,screened
场景,场景 / 工业生产场景 / 仓储物流,21,keep,"[""仓储环境"", ""物流场景"", ""工业空间""]",工业生产场景中的仓储与物流相关区域和设施,仓储物流场景具有稳定且广泛的实用来源，包含明确的承载面和可编辑环境结构。,screened
场景,场景 / 工业生产场景 / 实验室,111,keep,"[""实验室"", ""工业生产环境"", ""工作场所""]",包含各类实验室场景及工业生产中的实验操作环境,实验室具有稳定且丰富的场景来源，包含明确的承载面和可编辑环境结构,screened
场景,场景 / 工业生产场景 / 工厂生产,39,keep,"[""工业生产环境"", ""工厂车间"", ""生产作业区域""]",工厂生产场景中的各类生产作业、设备设施和工作环境,工厂生产场景包含稳定且丰富的工业环境来源，具备明确的承载面和可编辑结构,screened
场景,场景 / 工业生产场景 / 建筑施工,39,keep,"[""建筑施工"", ""工地环境"", ""工业现场""]",建筑施工相关的场景，包括工地、施工现场、建筑搭建等环境,建筑施工场景具有稳定且广泛的来源，包含明确的承载面和可编辑环境结构,screened
场景,场景 / 工业生产场景 / 矿山开采,30,keep,"[""工业生产场景"", ""矿山开采环境"", ""地下作业空间""]",矿山开采相关的工业生产场景，包括地下矿井、采掘作业、运输通道等稳定环境,矿山开采具有稳定且持续的工业场景来源，包含明确的承载面和可编辑环境结构,screened
场景,场景 / 工业生产场景 / 能源生产,34,keep,"[""工业生产"", ""能源设施"", ""生产环境""]",涉及能源生产的工业场景，如发电站、工厂、输电设施等,工业生产场景中能源生产类具有稳定且广泛的场景来源，包含明确的承载面和可编辑环境结构。,screened
场景,场景 / 床边,15,keep,"[""卧室"", ""睡眠环境"", ""个人生活空间""]",床边相关的室内场景，如床头柜、床边的书架或灯具等,床边常见于卧室场景，具有稳定且持续的来源，能提供明确的放置和承载区域。,screened
场景,场景 / 径赛项目,31,hold,[],径赛项目相关的场景,仅凭分类名称无法确定具体场景范围或是否存在稳定有用的来源,screened
场景,场景 / 户外,37,keep,"[""庭院公园"", ""自然环境"", ""道路交通环境""]",户外场景中的各类公共空间和自然环境,户外场景包含多种稳定且常见的环境来源，如庭院、公园、道路等，具有广泛的适用性和可编辑性,screened
场景,场景 / 户外图书馆,20,keep,"[""户外场所"", ""公共空间"", ""阅读环境""]",户外图书馆作为公共阅读空间，包含自然环境中的开放区域和读者活动场景,户外图书馆通常位于公园或绿地中，提供稳定的公共阅读和休闲场景，具有明确的承载面和使用环境,screened
场景,场景 / 户外用餐场景,18,keep,"[""户外用餐场景"", ""庭院公园"", ""自然环境""]",包含户外用餐相关的场景，如公园长椅、露台、野餐区等,户外用餐场景具有稳定且常见的来源，如公园、庭院、露台等，能提供明确的承载面和可编辑环境,screened
场景,场景 / 户外用餐场景 / 共餐,21,keep,"[""户外用餐场景"", ""庭院环境"", ""公共休闲空间""]",包含户外共餐相关的场景，如公园长椅、庭院餐桌、露台用餐等,户外用餐场景具有稳定且常见的来源，包含明确的承载面和社交互动环境,screened
场景,场景 / 操场,20,keep,"[""操场"", ""户外活动空间"", ""校园环境""]",操场及相关户外活动场景,操场是常见且稳定的户外场景，具有明确的承载面和可编辑环境结构。,screened
场景,场景 / 教堂内部,20,keep,"[""室内"", ""宗教场所"", ""建筑内部""]",教堂内部的各类场景，包括礼拜堂、祭坛、座椅、壁画等,教堂内部具有稳定且丰富的场景来源，包含明确的承载面和可编辑环境结构,screened
场景,场景 / 教堂外部,32,keep,"[""宗教场所"", ""公共空间"", ""建筑外部""]",教堂外部的建筑结构、环境与周边空间,教堂外部具有稳定且常见的场景来源，属于典型的公共建筑外部环境,screened
场景,场景 / 教育文化场景 / 剧场演出,20,keep,"[""剧场演出"", ""表演场景"", ""文化活动""]",包含各类剧场、演出场所及文化表演活动的场景,剧场演出具有稳定且丰富的场景来源，涵盖舞台、观众席、灯光布景等可编辑环境结构,screened
场景,场景 / 教育文化场景 / 博物馆参观,21,keep,"[""博物馆参观"", ""文化场所"", ""室内教育环境""]",博物馆参观场景，包括展览区、导览路径、观众互动区域等,博物馆参观具有稳定且丰富的场景来源，包含明确的承载面和可编辑环境结构,screened
场景,场景 / 教育文化场景 / 图书阅读,24,keep,"[""室内阅读场景"", ""教室环境"", ""图书馆场景""]",包含图书阅读相关的室内空间和教育环境,图书阅读常见于教室、图书馆等稳定室内场景，具有明确且持续的场景来源,screened
场景,场景 / 教育文化场景 / 学术会议,24,keep,"[""学术会议"", ""教室环境"", ""教育场所""]",包含各类学术会议、讲座、课堂等教育文化场景中的典型空间与环境,学术会议场景具有稳定、可重复的来源，常见于教室、会议室等空间，提供明确的承载与编辑环境,screened
场景,场景 / 教育文化场景 / 教学课堂,22,keep,"[""教学课堂"", ""室内教学环境"", ""教育空间""]",包含各类教学课堂场景，如教室、实验室、讲座室等,教学课堂具有稳定且常见的场景来源，涵盖多种室内教育环境，提供明确的承载面和可编辑结构,screened
场景,场景 / 教育文化场景 / 艺术展览,21,keep,"[""艺术展览""]",各类艺术展览场景，包括博物馆、画廊、展厅等公共文化空间,艺术展览通常具有稳定的场景来源，包含明确的承载面和可编辑环境结构,screened
场景,场景 / 时间氛围场景 / 夜晚,21,keep,"[""夜晚场景"", ""夜间环境""]",夜晚时间氛围下的各类场景，如夜间街道、夜间室内、夜景等,夜晚场景具有稳定且广泛的来源，涵盖多种室内和室外环境，能提供丰富的可编辑背景和氛围支持,screened
场景,场景 / 时间氛围场景 / 早晨,32,keep,"[""早晨场景"", ""室内清晨""]",早晨时间氛围下的场景，如清晨的室内、街道、自然环境等,早晨时间氛围具有稳定且普遍的场景来源，如清晨的街道、室内环境等，能提供可编辑的环境结构。,screened
场景,场景 / 时间氛围场景 / 正午,20,keep,"[""正午场景"", ""日间环境""]",正午时间氛围下的场景，如阳光充足、明亮的室内或室外环境,正午具有稳定的光照特征，能提供明确的场景氛围和视觉参考，适用于多种环境场景,screened
场景,场景 / 时间氛围场景 / 浪漫氛围,20,keep,"[""浪漫氛围""]",具有浪漫氛围的场景，如情侣约会、烛光晚餐、花园夜景等,浪漫氛围场景具有稳定且可编辑的来源，能提供丰富的情感和视觉表达空间,screened
场景,场景 / 时间氛围场景 / 神秘氛围,20,keep,"[""神秘氛围""]",具有神秘感的场景，如夜晚森林、古老遗迹、未知空间等,神秘氛围场景通常包含稳定且可编辑的环境结构，如幽深空间、未知建筑或自然现象，具备明确的视觉和场景承载特征,screened
场景,场景 / 时间氛围场景 / 紧张氛围,21,keep,"[""紧张氛围""]",具有紧张情绪或高压情境的场景,紧张氛围场景通常包含稳定可识别的环境特征，如紧急事件、高压工作环境等，能提供有效的场景来源。,screened
场景,场景 / 时间氛围场景 / 节庆氛围,20,keep,"[""节庆氛围"", ""节日场景"", ""庆典环境""]",包含各类节庆活动中的氛围场景，如春节、中秋、婚礼、节日庆典等,节庆氛围场景具有稳定且广泛的来源，常见于多种室内和公共空间中，能提供丰富的可编辑环境背景。,screened
场景,场景 / 时间氛围场景 / 黄昏,20,keep,"[""黄昏场景"", ""自然光照环境""]",黄昏时段的场景，包含自然光照变化的环境,黄昏具有稳定的场景特征和广泛的应用场景，如城市街景、自然风光等，能提供丰富的视觉和氛围参考,screened
场景,场景 / 时间氛围场景 / 黎明,20,keep,"[""黎明场景"", ""清晨环境""]",黎明时段的自然场景和时间氛围表现,黎明时段具有稳定的自然场景来源，如天际线变化、晨雾、初升太阳等，能提供清晰的环境氛围和可编辑的视觉结构,screened
场景,场景 / 景观,37,keep,"[""自然环境"", ""地形水域"", ""庭院公园""]",包含各类自然与人工景观场景,景观类场景具有稳定且广泛的来源，涵盖自然与人工环境，适合召回相关图片,screened
场景,场景 / 杀戮场,19,reject,[],杀戮场,该分类主要指向抽象符号或暴力主题，缺乏稳定、非偶然的场景或承载区域来源。,screened
场景,场景 / 杂货店室内,38,keep,"[""室内"", ""商业空间"", ""杂货店环境""]",杂货店室内的各类场景和设施,杂货店室内包含稳定且常见的场景来源，如货架、收银台、通道等，具有明确的可编辑环境结构。,screened
场景,场景 / 杂货店室外,38,keep,"[""室外环境"", ""商业场所"", ""公共空间""]",杂货店室外场景，包括店前区域、道路旁、人行道等可观察的外部空间,杂货店室外具有稳定的场景来源，如店前地面、遮阳棚、行人活动区等，能提供有效的承载和环境结构,screened
场景,场景 / 栖息地 / 住所,31,keep,"[""室内空间"", ""住宅环境"", ""居住场所""]",各类居住类场景和栖息地，包括家庭、公寓、宿舍、房屋等住所类空间,该分类涵盖稳定且广泛存在的居住场景，具有明确的场景来源和承载环境,screened
场景,场景 / 深海水下区域,34,keep,"[""深海水下区域"", ""自然环境"", ""海洋地形""]",深海水下区域中的自然地貌、海洋生物栖息地及水下结构,深海水下区域具有稳定且丰富的自然场景来源，可提供多样化的水下环境和承载面。,screened
场景,场景 / 清真寺外景,55,keep,"[""宗教场所"", ""公共空间"", ""城市环境""]",清真寺外景相关的公共空间和宗教场所环境,清真寺外景属于稳定的公共空间场景，具有明确的场景来源和可编辑环境结构,screened
场景,场景 / 灾害应急场景 / 事故现场,38,keep,"[""事故现场"", ""应急环境"", ""灾害现场""]",灾害应急场景中的事故现场，包括火灾、坍塌、交通事故等发生的物理环境,事故现场具有稳定且明确的场景来源，能提供可靠的承载面和可编辑环境结构,screened
场景,场景 / 灾害应急场景 / 台风灾害,37,keep,"[""台风灾害""]",台风灾害相关的应急场景和环境,台风灾害场景具有稳定且明确的来源，包含可编辑的应急环境和承载区域。,screened
场景,场景 / 灾害应急场景 / 地震灾区,38,keep,"[""地震灾区"", ""应急救援场景"", ""受灾环境""]",地震灾区中的应急响应、救援行动和临时安置场景,地震灾区具有稳定且丰富的应急场景来源，包含救援、安置、基础设施损毁等可编辑环境结构。,screened
场景,场景 / 灾害应急场景 / 搜救现场,36,keep,"[""搜救现场"", ""应急环境"", ""灾害现场""]",灾害发生后的人类搜救活动场景，包含废墟、临时救援点、人员安置区等具有明确承载和操作空间的环境,搜救现场具有稳定且可编辑的环境结构，提供明确的承载面和操作空间，适用于多种救援任务和视觉编辑场景,screened
场景,场景 / 灾害应急场景 / 洪涝,16,keep,"[""洪涝场景"", ""应急响应环境"", ""受灾区域""]",涉及洪涝灾害的应急处置和受灾环境,洪涝场景具有稳定且明确的来源，包含可编辑的应急环境和受灾区域，适用于灾害应对和环境建模。,screened
场景,场景 / 灾害应急场景 / 火灾,36,keep,"[""火灾现场"", ""室内应急"", ""公共安全环境""]",火灾发生时的室内及公共空间场景，包括起火建筑、逃生通道、消防设施等,火灾场景具有稳定且明确的来源，包含多种可编辑的应急环境和承载面，适用于灾害应对和安全教育类内容,screened
场景,场景 / 灾害应急场景 / 疏散安置,38,keep,"[""疏散安置"", ""应急场景"", ""公共安全环境""]",灾害发生后人员疏散和临时安置的场景,灾害应急场景中疏散安置具有稳定且广泛的现实来源，涵盖公共设施、临时营地、社区空间等可编辑环境。,screened
场景,场景 / 灾害应急场景 / 雪灾,39,keep,"[""雪灾环境"", ""应急响应场景"", ""自然灾害场景""]",雪灾发生时的户外环境、应急设施布置及救援场景,雪灾场景具有稳定且可重复的环境特征，包含明确的承载面和应急处置结构，适合召回相关图片,screened
场景,场景 / 犹太会堂外部场景,40,keep,"[""宗教场所"", ""城市建筑"", ""外部环境""]",犹太会堂的外部建筑和周围环境,犹太会堂外部场景具有稳定且可重复的场景来源，属于典型公共空间和宗教建筑环境。,screened
场景,场景 / 狩猎小屋外部,75,keep,"[""户外场景"", ""狩猎环境"", ""外部建筑结构""]",狩猎小屋外部的户外场景，包括周围自然环境、地形、植被及外部设施,狩猎小屋外部通常具有稳定的户外场景来源，包含自然环境和外部结构，适合提供可编辑的承载面和空间背景,screened
场景,场景 / 积雪山地,38,keep,"[""积雪山地"", ""自然环境"", ""地形地貌""]",积雪山地类场景，包括雪峰、雪原、雪山环境等自然地理区域,积雪山地具有稳定且丰富的自然场景来源，能提供清晰的承载面和环境结构,screened
场景,场景 / 篝火场景,38,keep,"[""篝火场景"", ""户外活动"", ""夜间环境""]",包含篝火相关的户外场景，如野外、露营地、公园等,篝火场景具有稳定的户外来源和明确的承载环境，适合提供可编辑的自然与社交场景,screened
场景,场景 / 篮球馆,38,keep,"[""体育场馆"", ""室内空间"", ""运动环境""]",篮球馆作为体育场馆的一种，提供稳定的运动场景和室内承载环境,篮球馆是具有稳定场景和明确承载功能的室内体育场所，可作为可编辑环境的典型代表,screened
场景,场景 / 自然户外场景 / 体育比赛场景,67,keep,"[""体育比赛现场"", ""户外运动环境"", ""自然场地""]",包含各类户外体育比赛发生的自然环境和场地，如体育场、公园运动区等,体育比赛场景通常发生在具有稳定结构和明确承载面的自然或半自然户外环境中，具备可编辑的场景特征,screened
场景,场景 / 自然户外场景 / 公路出行场景,66,keep,"[""公路出行场景"", ""交通环境"", ""自然户外""]",包含公路出行相关的自然户外场景，如道路、车辆、交通标志等,公路出行场景具有稳定且广泛的来源，涵盖多种交通环境和自然户外场景，适合召回相关图片,screened
场景,场景 / 自然户外场景 / 农业大棚场景,64,keep,"[""农业大棚""]",农业大棚场景中的自然户外环境与农业设施,农业大棚场景具有稳定且持续存在的自然户外场景来源，包含明确的承载面和可编辑环境结构。,screened
场景,场景 / 自然户外场景 / 农田场景,46,keep,"[""农田""]",包含农田环境中的自然户外场景，如耕地、作物生长区、农具摆放区等,农田场景具有稳定且广泛的自然户外来源，能提供可靠的承载面和可编辑环境结构,screened
场景,场景 / 自然户外场景 / 奇幻场景,26,keep,"[""奇幻场景"", ""自然环境"", ""户外空间""]",包含奇幻设定下的自然户外环境，如魔法森林、异世界地形等,奇幻场景通常包含稳定且丰富的自然户外来源，具备可编辑的环境结构和承载面,screened
场景,场景 / 自然户外场景 / 婚礼场景,18,keep,"[""婚礼场景"", ""自然户外环境"", ""庭院婚礼""]",包含在自然户外环境中举办的婚礼活动场景,婚礼场景作为自然户外场景的子类，具有稳定且可重复的来源，如草坪、花园等承载区域，符合稳定场景需求,screened
场景,场景 / 自然户外场景 / 宗教仪式场景,46,keep,"[""宗教仪式场景"", ""自然户外场景""]",包含在自然户外环境中进行的宗教仪式活动，如祭祀、祈福等场景,宗教仪式场景通常发生在自然户外环境中，具有稳定且可重复的场景来源，能提供明确的承载面和可编辑环境结构,screened
场景,场景 / 自然户外场景 / 山地,38,keep,"[""山地""]",山地等自然户外场景中的地形与自然环境,山地作为自然户外场景具有稳定且广泛的来源，能提供可靠的承载面和环境结构,screened
场景,场景 / 自然户外场景 / 山地场景,62,keep,"[""山地场景"", ""自然环境"", ""户外地形""]",包含山地地形、自然地貌及户外山地环境中的稳定场景,山地场景具有稳定且广泛的自然来源，可提供多样化的承载面和环境结构,screened
场景,场景 / 自然户外场景 / 峡谷,40,keep,"[""峡谷"", ""自然环境"", ""地形地貌""]",包含峡谷等自然户外地形场景，具有稳定且可编辑的承载面和空间结构,峡谷属于稳定的自然户外场景，具备明确的地理结构和可编辑环境，适合作为场景类来源,screened
场景,场景 / 自然户外场景 / 度假区,16,keep,"[""度假区"", ""自然环境"", ""户外空间""]",包含各类度假区场景，如海滩、山地、森林、湖泊等自然户外环境,度假区通常具有稳定的自然户外场景来源，包含多样化的承载面和可编辑环境结构,screened
场景,场景 / 自然户外场景 / 村落场景,73,keep,"[""村落场景"", ""自然环境"", ""户外空间""]",包含村落类自然户外场景，如村庄布局、田园风貌、传统建筑群等,村落场景具有稳定且丰富的自然户外来源，能提供多样化的空间结构和环境背景,screened
场景,场景 / 自然户外场景 / 极地,37,keep,"[""极地环境"", ""自然地形""]",极地自然场景，包括冰原、雪地、极地气候下的自然地貌和生态系统,极地场景具有稳定且广泛的自然来源，包含明确的承载面和环境结构，适合用于视觉模型的训练和编辑。,screened
场景,场景 / 自然户外场景 / 极地场景,67,keep,"[""极地环境"", ""冰雪地形"", ""自然户外""]",极地场景中的自然环境与地形特征,极地场景包含稳定且具有代表性的自然环境来源，如冰雪覆盖的地形和极地生态系统。,screened
场景,场景 / 自然户外场景 / 林场场景,47,keep,"[""林场"", ""自然环境"", ""户外空间""]",林场场景中的自然环境与户外空间,林场场景包含稳定且丰富的自然环境来源，具备明确的场景和承载面特征,screened
场景,场景 / 自然户外场景 / 果园场景,59,keep,"[""果园场景"", ""自然环境"", ""户外空间""]",包含果园中的自然场景和户外环境，如果树、土壤、路径等稳定来源,果园场景具有稳定且可编辑的自然环境来源，如果树、土壤、路径等，符合户外场景的典型特征,screened
场景,场景 / 自然户外场景 / 森林,38,keep,"[""自然环境"", ""森林场景""]",森林类自然户外场景，包含树木、植被、地面覆盖、野生动物等稳定存在的自然元素,森林作为稳定存在的自然场景，具有丰富的环境结构和可编辑空间，适合提供支撑与承载区域,screened
场景,场景 / 自然户外场景 / 森林场景,24,keep,"[""森林环境"", ""自然场景""]",森林场景中的自然环境与户外空间,森林场景包含稳定且丰富的自然环境来源，具备持续可用的场景和承载面,screened
场景,场景 / 自然户外场景 / 水路出行场景,42,keep,"[""水路出行场景"", ""自然水域环境"", ""户外交通环境""]",包含水路出行相关的自然场景，如河流、湖泊、港口、船只等环境,水路出行场景具有稳定且丰富的自然场景来源，如河流、湖泊、港口等，能提供明确的承载和环境结构,screened
场景,场景 / 自然户外场景 / 沙漠,49,keep,"[""沙漠环境"", ""自然地形""]",包含沙漠中的自然场景和地形特征,沙漠场景具有稳定且广泛的自然环境来源，适合提供可编辑的承载面和空间结构,screened
场景,场景 / 自然户外场景 / 沙漠场景,68,keep,"[""沙漠环境"", ""自然地形""]",沙漠场景中的自然环境与地形特征,沙漠场景具有稳定且广泛的自然来源，包含典型地貌和环境特征，适合提供可编辑的自然场景支撑,screened
场景,场景 / 自然户外场景 / 河湖,60,keep,"[""自然环境"", ""河湖景观""]",河湖及其周边自然户外场景,河湖场景具有稳定且广泛的自然来源，适用于多种户外环境和可编辑空间。,screened
场景,场景 / 自然户外场景 / 河湖场景,80,keep,"[""河湖环境"", ""自然水域""]",包含河湖及其周边自然环境场景,河湖场景具有稳定且广泛的自然来源，适用于多种户外和环境类视觉任务,screened
场景,场景 / 自然户外场景 / 洞穴,42,keep,"[""洞穴""]",洞穴类自然环境，包含地下洞穴空间及其内部结构,洞穴是稳定的自然场景，具有明确的承载面和空间结构，适合作为可编辑环境的来源,screened
场景,场景 / 自然户外场景 / 洞穴场景,81,keep,"[""洞穴环境"", ""自然地形""]",洞穴场景中的自然环境与地下空间结构,洞穴场景具有稳定的自然来源和可编辑的承载面，适用于多种环境类出题,screened
场景,场景 / 自然户外场景 / 海滨,37,keep,"[""海滨"", ""自然环境"", ""海岸线""]",海滨及沿海自然场景，包括沙滩、海浪、海岸植被等稳定存在的户外环境,海滨场景具有稳定且广泛的自然来源，能提供多样化的可编辑环境结构,screened
场景,场景 / 自然户外场景 / 海滨场景,111,keep,"[""海滨环境"", ""海岸线"", ""自然户外""]",海滨场景中的自然环境与户外空间,海滨场景包含稳定且常见的自然户外来源，如沙滩、海浪、海岸植被等，具有明确的场景和承载面特征,screened
场景,场景 / 自然户外场景 / 渔场场景,67,keep,"[""渔场""]",自然户外场景中的渔场环境，包含水域、渔船、渔具等稳定存在的场景元素,渔场场景具有稳定且可重复的自然环境和承载结构，能提供有效的场景来源,screened
场景,场景 / 自然户外场景 / 游乐园场景,66,keep,"[""游乐园"", ""户外娱乐场所"", ""公共休闲空间""]",包含游乐园内的各类自然户外场景，如游乐设施、草地、步道、观景台等,游乐园场景具有稳定且丰富的自然户外来源，包含多种可编辑的承载面和环境结构,screened
场景,场景 / 自然户外场景 / 湿地,36,keep,"[""湿地""]",湿地类自然户外场景，包含水体、植被、动物活动等稳定环境来源,湿地具有稳定且丰富的自然场景特征，包含水体、植被和生物活动，是典型的自然户外场景来源,screened
场景,场景 / 自然户外场景 / 湿地场景,70,keep,"[""湿地环境"", ""自然湿地""]",湿地场景中的自然环境与生态承载区域,湿地场景具有稳定且丰富的自然环境来源，包含水体、植被和生态结构，适合提供可编辑的自然场景支撑,screened
场景,场景 / 自然户外场景 / 瀑布,39,keep,"[""自然环境"", ""户外场景""]",包含瀑布等自然户外场景，提供稳定的自然景观和可编辑环境结构,瀑布属于稳定的自然户外场景，具有明确的环境承载和视觉特征，适合作为可编辑环境的来源,screened
场景,场景 / 自然户外场景 / 火山,41,keep,"[""自然环境"", ""火山地貌""]",包含火山相关的自然户外场景，如火山喷发、火山地形、火山周边环境等,火山属于稳定的自然户外场景，具有明确的地理和环境特征，可提供丰富的自然环境来源,screened
场景,场景 / 自然户外场景 / 灾害现场场景,69,keep,"[""灾害现场"", ""自然环境"", ""户外场景""]",灾害现场场景中的自然环境与户外空间，如地震、洪水、火灾等灾害发生后的现场环境,灾害现场场景包含稳定且具有代表性的自然户外环境，提供明确的承载面和可编辑空间，适用于多种视觉分析任务,screened
场景,场景 / 自然户外场景 / 牧场场景,68,keep,"[""牧场""]",包含牧场中的自然户外环境，如草地、牲畜活动区域、开放空间等,牧场场景具有稳定且丰富的自然户外来源，包含明确的承载面和可编辑环境结构,screened
场景,场景 / 自然户外场景 / 田野,1430,keep,"[""田野"", ""自然环境"", ""户外空间""]",包含田野等自然户外场景，具有稳定且丰富的场景来源,田野作为自然户外场景具有稳定、广泛的场景来源，适用于多种可编辑环境结构,screened
场景,场景 / 自然户外场景 / 田野场景,83,keep,"[""田野""]",自然户外场景中的田野环境，包括开阔的田野、农田、草地等具有稳定场景特征的区域,田野场景具有稳定、可重复的自然环境特征，能提供丰富的承载面和可编辑空间,screened
场景,场景 / 自然户外场景 / 神话场景,68,hold,"[""神话场景""]",自然户外场景中的神话相关场景,分类名称模糊，缺乏明确的稳定场景来源，无法确定是否存在可编辑的自然户外场景支撑,screened
场景,场景 / 自然户外场景 / 科幻场景,67,hold,[],科幻场景,仅凭名称无法确定是否存在稳定有用的自然户外场景来源,screened
场景,场景 / 自然户外场景 / 童话场景,58,hold,[],童话场景,仅凭分类名称无法确定是否存在稳定有用的自然户外场景来源,screened
场景,场景 / 自然户外场景 / 航空出行场景,56,keep,"[""航空出行场景"", ""自然户外环境""]",包含航空出行相关的自然户外场景，如机场、跑道、天空等环境,航空出行场景具有稳定且可编辑的自然户外来源，如机场、跑道和天空环境，能提供明确的承载与空间结构,screened
场景,场景 / 自然户外场景 / 节庆巡游场景,60,keep,"[""节庆巡游"", ""户外活动"", ""公共庆典""]",包含各类节庆活动中的巡游场景，如游行、庆典、民俗活动等在自然或开放户外环境中的表现,节庆巡游场景具有稳定且可重复的来源，常见于公共空间和户外环境，能提供明确的承载面和可编辑结构,screened
场景,场景 / 自然户外场景 / 草原,169,keep,"[""自然环境"", ""草原场景""]",草原及自然户外场景中的开放草地环境,草原作为自然户外场景具有稳定且广泛的来源，能提供丰富的承载面和可编辑环境结构,screened
场景,场景 / 自然户外场景 / 草原场景,64,keep,"[""草原""]",草原场景中的自然户外环境，包括开阔草地、野花、动物活动等稳定场景,草原场景具有稳定、广泛的自然户外来源，能提供丰富的可编辑环境结构和承载面,screened
场景,场景 / 自然户外场景 / 葬礼场景,60,hold,"[""自然户外场景""]",葬礼场景在自然户外环境中的具体表现,葬礼场景在自然户外环境中的具体表现缺乏稳定、普遍的场景来源，难以确定其是否具有可编辑的承载面或稳定环境结构。,screened
场景,场景 / 自然户外场景 / 虚拟空间场景,36,hold,[],自然户外场景中的虚拟空间场景,分类名称模糊，无法确定是否存在稳定有用的场景来源或承载区域,screened
场景,场景 / 自然户外场景 / 铁路出行场景,39,keep,"[""铁路出行场景"", ""交通环境"", ""自然户外场景""]",包含铁路出行相关的自然户外场景，如车站、轨道、沿线风景等,铁路出行场景具有稳定且广泛的自然户外场景来源，涵盖交通与自然环境的结合，符合可编辑环境结构要求,screened
场景,场景 / 自然户外场景 / 音乐演出场景,38,keep,"[""音乐演出场景"", ""户外自然环境""]",自然户外中举办的音乐演出活动场景,音乐演出场景在自然户外环境中具有稳定且可重复的来源，能提供明确的承载面和可编辑环境结构。,screened
场景,场景 / 营地,14,keep,"[""营地"", ""户外环境"", ""自然场景""]",包含各类营地场景，如野营、露营地、户外活动区域等,营地场景具有稳定且丰富的环境来源，涵盖自然与人工结合的户外空间，适合提供支撑和可编辑环境结构。,screened
场景,场景 / 虚拟幻想场景 / 奇幻世界,38,keep,"[""奇幻世界"", ""虚拟环境"", ""幻想场景""]",包含各类奇幻设定的场景，如魔法王国、异世界、幻想城市等,奇幻世界具有稳定且丰富的场景来源，能提供多样化的可编辑环境结构,screened
场景,场景 / 虚拟幻想场景 / 神话世界,36,keep,"[""神话世界"", ""虚拟幻想场景"", ""幻想环境""]",包含神话传说中的场景、虚构世界中的建筑与空间结构,神话世界具有稳定且丰富的幻想场景来源，可提供多样化的承载面和可编辑环境结构,screened
场景,场景 / 虚拟幻想场景 / 科幻世界,37,keep,"[""科幻世界"", ""虚拟环境"", ""未来城市""]",包含各类科幻设定下的场景，如未来城市、外星环境、高科技设施等,科幻世界具有稳定且丰富的场景来源，涵盖多种可编辑的虚拟环境和未来设定,screened
场景,场景 / 虚拟幻想场景 / 童话世界,36,keep,"[""童话世界"", ""幻想场景"", ""虚构环境""]",包含童话、幻想类虚构场景的各类环境设置,童话世界具有稳定且丰富的场景来源，如城堡、森林、魔法王国等，能提供多样化的承载面和可编辑环境结构。,screened
场景,场景 / 虚拟幻想场景 / 赛博空间,38,keep,"[""赛博空间"", ""虚拟环境"", ""未来城市""]",包含赛博空间中的建筑、设施、交互界面等虚拟幻想场景元素,赛博空间具有稳定且非偶然的场景来源，能提供丰富的可编辑环境结构,screened
场景,场景 / 虚拟幻想场景 / 超现实空间,33,keep,"[""超现实空间"", ""幻想环境"", ""非现实场景""]",包含各种虚构、超越现实的场景，如梦境、异世界、魔法空间等,超现实空间具有稳定且独特的场景来源，能提供丰富的可编辑环境结构,screened
场景,场景 / 街市,22,keep,"[""街市场景"", ""公共市场"", ""城市生活空间""]",包含各类街市环境，如摊位、行人、商品陈列、交易活动等,街市具有稳定且丰富的场景来源，包含多人互动、商品展示和日常交易活动，具备明确的承载面和可编辑环境结构,screened
场景,场景 / 路边场景,27,keep,"[""路边场景"", ""交通环境"", ""公共空间""]",包含道路旁的各类场景，如路边摊、行人、交通标志、广告牌等,路边场景具有稳定且广泛的来源，常见于城市公共空间，能提供丰富的可编辑环境结构,screened
场景,场景 / 运动场地,38,keep,"[""运动场地"", ""户外空间"", ""体育活动环境""]",包含各类运动场地如球场、跑道、健身区等，具有稳定可编辑的承载与使用场景,运动场地具有稳定且多样化的使用场景，涵盖多种户外和半户外环境，适合提供可编辑的承载与活动空间,screened
场景,场景 / 通用背景元素,30,keep,"[""室内背景"", ""公共空间"", ""自然环境""]",包含各类场景中常见的背景元素，如墙面、地面、天花板、装饰物等,该类别涵盖多种稳定且常见的场景背景元素，具有广泛的适用性和可编辑性,screened
场景,场景 / 通用背景元素 / 使用遥控器（非游戏）,23,reject,[],使用遥控器（非游戏）的场景,该分类主要涉及抽象符号或孤立小物特写，缺乏稳定、通用的场景或承载区域来源。,screened
场景,场景 / 酒吧室内场景,39,keep,"[""室内场景"", ""酒吧环境""]",酒吧室内场景中的各类空间和设施,酒吧室内场景包含稳定且常见的室内环境和承载区域，适合召回相关图片,screened
场景,场景 / 隐蔽处,24,keep,"[""隐蔽空间"", ""室内角落"", ""通风管道""]",包含室内或建筑中不易被察觉的隐藏区域，如墙缝、柜内、设备后方等,隐蔽处通常具有稳定的场景来源，如建筑结构中的隐藏空间，可作为支撑或放置区域,screened
场景,场景 / 集市,20,keep,"[""集市"", ""公共空间"", ""市集环境""]",包含各类集市场景，如传统市集、商品交易区、街头市场等,集市具有稳定的公共空间和人群活动特征，能提供丰富的场景来源和可编辑环境结构,screened
场景,场景 / 露天博物馆,37,keep,"[""露天环境"", ""公共空间"", ""文化场所""]",露天博物馆类场景，包含户外展览、开放性公共空间和文化展示环境,露天博物馆通常存在于公共空间中，具有稳定的露天环境和文化展示特征，能提供可靠的场景来源,screened
场景,场景 / 露天机库区,38,keep,"[""露天环境"", ""机库区"", ""户外工作场所""]",包含露天机库区及其周边的户外工作场景,露天机库区具有稳定的户外场景和承载面，适用于多种设备和物体的放置与操作,screened
场景,场景 / 露天犹太会堂,22,keep,"[""露天场所"", ""宗教建筑"", ""公共空间""]",露天犹太会堂所在的户外宗教建筑场景,露天犹太会堂属于特定宗教建筑，具有稳定且可识别的户外场景来源，符合公共空间和宗教场所的场景特征,screened
声音,声音 / MP3播放器,41,reject,[],声音 / MP3播放器,MP3播放器属于抽象符号和孤立小物特写，缺乏稳定有用的场景或承载区域来源。,screened
声音,声音 / 丁当作响,23,reject,[],声音 / 丁当作响,该类别属于抽象声音符号，缺乏稳定、可用的场景或承载环境来源。,screened
声音,声音 / 严寒环境声,25,reject,[],严寒环境声,声音 / 严寒环境声主要为抽象符号或纯文字，缺乏稳定、可编辑的场景或承载区域来源。,screened
声音,声音 / 串扰,20,reject,[],声音串扰,声音串扰通常为抽象符号或纯文字，缺乏稳定、可用的场景或承载区域来源。,screened
声音,声音 / 乐器 / 低音乐器声部,27,reject,[],低音乐器声部,主要为抽象符号或纯声音样本，缺乏稳定、可编辑的场景或承载环境来源,screened
声音,声音 / 乐器 / 口琴,26,reject,[],声音 / 乐器 / 口琴,口琴属于抽象符号和孤立小物特写，缺乏稳定有用的场景或承载区域来源。,screened
声音,声音 / 乐器 / 弓弦乐器,73,hold,[],乐器 / 弓弦乐器,仅凭分类名称无法确定是否存在稳定有用的场景或承载区域来源,screened
声音,声音 / 乐器 / 手风琴,25,reject,[],声音 / 乐器 / 手风琴,手风琴属于抽象符号和孤立小物特写，缺乏稳定、可用的场景或承载区域来源。,screened
声音,声音 / 乐器 / 打击乐,433,hold,[],声音 / 乐器 / 打击乐,仅凭分类名称无法确定是否存在稳定有用的场景或承载区域来源,screened
声音,声音 / 乐器 / 拨弦乐器,421,hold,[],拨弦乐器类别,仅凭分类名称无法确定是否存在稳定有用的场景或承载区域来源,screened
声音,声音 / 乐器 / 搓碟,26,reject,[],声音 / 乐器 / 搓碟,搓碟属于抽象符号和纯文字类，缺乏稳定、可用的场景或承载区域来源。,screened
声音,声音 / 乐器 / 特雷门琴,25,reject,[],特雷门琴作为乐器，通常以符号或文字形式出现，无稳定场景或承载环境,特雷门琴是抽象乐器，主要以符号或文字呈现，缺乏稳定、可编辑的场景或承载环境来源,screened
声音,声音 / 乐器 / 竖琴,26,reject,[],竖琴作为乐器，通常出现在音乐演奏场景中，但缺乏稳定、普遍的承载面或环境结构,竖琴属于抽象符号和乐器特写，缺乏稳定、可编辑的场景或承载环境来源,screened
声音,声音 / 乐器 / 管弦乐团,38,reject,[],声音 / 乐器 / 管弦乐团,仅包含抽象符号和纯音乐表演概念，缺乏稳定、可编辑的场景或承载环境来源。,screened
声音,声音 / 乐器 / 羊角号,19,reject,[],声音 / 乐器 / 羊角号,羊角号主要为抽象符号或孤立小物特写，缺乏稳定、可用的场景或承载区域来源。,screened
声音,声音 / 乐器 / 迪吉里杜管,19,reject,[],声音 / 乐器 / 迪吉里杜管,迪吉里杜管属于抽象符号和孤立小物特写，缺乏稳定有用的场景或承载区域来源。,screened
声音,声音 / 乐器 / 钟,116,keep,"[""室内环境"", ""宗教或仪式场景""]",钟类乐器常见于室内空间，如寺庙、钟楼、家庭或仪式场景中，提供稳定承载和使用环境,钟类乐器常出现在特定室内或宗教场景中，具有稳定且可识别的使用环境,screened
声音,声音 / 乐器 / 铜管乐器,108,reject,[],铜管乐器相关的声音场景,铜管乐器多为抽象符号或孤立小物特写，缺乏稳定、通用的场景或承载区域来源,screened
声音,声音 / 乐器 / 音乐键盘,121,keep,"[""室内音乐环境"", ""演奏场景""]",音乐键盘在室内演奏或教学场景中的使用环境,音乐键盘常见于室内音乐演奏、教学或家庭娱乐场景，具有稳定且可编辑的环境来源,screened
声音,声音 / 乐器 / 颂钵,22,reject,[],颂钵作为乐器，通常出现在音乐表演或冥想场景中，但缺乏稳定、普遍的承载环境或使用场景,颂钵属于抽象符号和特定仪式场景，缺乏稳定、普遍的场景或承载环境来源，无法提供可编辑的环境结构或通用场景支持,screened
声音,声音 / 乐器 / 风笛,24,reject,[],声音 / 乐器 / 风笛,风笛属于抽象符号和纯文字类乐器，缺乏稳定、可编辑的场景或承载环境来源。,screened
声音,声音 / 乐器声,52,reject,[],声音 / 乐器声,乐器声多为抽象符号或纯文字，缺乏稳定、可用的场景或承载区域来源。,screened
声音,声音 / 乡村排舞,22,hold,[],乡村排舞相关的音频场景,无法确定乡村排舞是否具有稳定、可编辑的场景或承载环境来源,screened
声音,声音 / 事物声音 / 家庭声音,125,keep,"[""家庭环境"", ""室内场景""]",家庭中常见的日常声音来源，如说话、厨房操作、孩子玩耍等,家庭声音通常出现在稳定的家庭室内场景中，具有持续性和可编辑性，能提供丰富的环境背景,screened
声音,声音 / 事物声音 / 工具,120,hold,[],工具相关的声响环境,仅凭'工具'无法确定具体场景或稳定来源，缺乏明确的场景或承载环境支持,screened
声音,声音 / 事物声音 / 木材,24,reject,[],木材相关的声音,木材声音多为抽象符号或孤立特写，缺乏稳定、可用的场景或承载环境来源,screened
声音,声音 / 事物声音 / 机制,216,reject,[],机制类声音,机制类声音多为抽象符号或纯文字，缺乏稳定、可编辑的场景或承载区域来源,screened
声音,声音 / 事物声音 / 杂项来源,96,reject,[],杂项来源,该类别主要为抽象声音或符号，缺乏稳定、可编辑的场景或承载环境来源。,screened
声音,声音 / 事物声音 / 液体,168,hold,[],液体相关的声响环境,仅凭'液体声音'无法确定稳定存在的场景或承载环境来源,screened
声音,声音 / 事物声音 / 爆炸,111,reject,[],爆炸类声音,爆炸声音多为抽象符号或孤立事件，缺乏稳定、可编辑的场景或承载环境来源。,screened
声音,声音 / 事物声音 / 特定撞击声,19,reject,[],特定撞击声,该类别主要为抽象声音符号，缺乏稳定、可编辑的场景或承载环境来源。,screened
声音,声音 / 事物声音 / 玻璃,25,reject,[],玻璃相关的声音,玻璃声音多为抽象符号或孤立小物特写，缺乏稳定有用的场景或承载区域来源,screened
声音,声音 / 事物声音 / 警报器,182,reject,[],警报器相关的声音场景,警报器多为抽象符号或孤立小物特写，缺乏稳定、通用的场景或承载区域来源,screened
声音,声音 / 人类哭声,27,reject,[],人类哭声,声音类中仅提供抽象符号或纯音频内容，缺乏稳定、可编辑的场景或承载环境来源,screened
声音,声音 / 人类声音 / 人声,523,reject,[],人声,人声属于抽象符号和纯文字，缺乏稳定、可编辑的场景或承载区域来源,screened
声音,声音 / 人类声音 / 人类移动,56,hold,[],人类移动相关的声学场景,无法确定人类移动是否伴随稳定场景或承载环境，缺乏明确的场景来源,screened
声音,声音 / 人类声音 / 双手,31,hold,[],双手发出的声音,仅凭'双手'无法确定稳定场景或承载环境，缺乏明确的场景来源,screened
声音,声音 / 人类声音 / 吹口哨,28,reject,[],人类吹口哨的声音,吹口哨属于抽象符号或孤立声音事件，缺乏稳定、可编辑的场景或承载环境来源,screened
声音,声音 / 人类声音 / 呼吸音,82,reject,[],人类呼吸音,呼吸音属于抽象符号和纯声音特征，缺乏稳定、可编辑的场景或承载环境来源,screened
声音,声音 / 人类声音 / 心跳,28,reject,[],人类心跳声音,心跳属于抽象生理信号，缺乏稳定、可编辑的场景或承载环境来源,screened
声音,声音 / 人类声音 / 消化用制剂,97,reject,[],声音 / 人类声音 / 消化用制剂,该类别主要涉及抽象符号或纯文字，缺乏稳定、可用的场景或承载区域来源。,screened
声音,声音 / 人类歌唱声,23,reject,[],人类歌唱声,仅提供抽象声音符号，无稳定可用的场景或承载环境来源,screened
声音,声音 / 人类笑声,29,reject,[],人类笑声,人类笑声属于抽象符号和纯文字，缺乏稳定、可用的场景或承载区域来源。,screened
声音,声音 / 人类群体行为 / 人群,25,keep,"[""公共空间"", ""城市环境"", ""人群聚集场景""]",人群在公共场所的集体行为声音,人群在公共空间中的集体行为具有稳定且普遍的场景来源，能提供丰富的声音环境参考,screened
声音,声音 / 人类群体行为 / 儿童喊叫,17,hold,[],儿童喊叫,仅凭分类名称无法确定是否存在稳定有用的场景或承载区域来源,screened
声音,声音 / 人类群体行为 / 儿童玩耍,23,keep,"[""儿童活动场景"", ""家庭室内环境"", ""公共游乐空间""]",儿童在家庭或公共空间中玩耍的场景,儿童玩耍通常发生在家庭室内或公共游乐空间，具有稳定且常见的场景来源,screened
声音,声音 / 人类群体行为 / 喋喋声,23,reject,[],声音 / 人类群体行为 / 喋喋声,喋喋声属于抽象声音行为，缺乏稳定、可编辑的场景或承载环境来源，通常为孤立的语音现象，无明确物理空间或结构支撑。,screened
声音,声音 / 人类群体行为 / 喧闹声,28,hold,[],人类群体行为中的喧闹声,仅凭分类名称无法确定具体场景或稳定来源，缺乏明确的可编辑环境结构或承载面。,screened
声音,声音 / 人类群体行为 / 掌声,18,reject,[],掌声作为人类群体行为的声音表现,掌声属于抽象符号和人类群体行为的表达，缺乏稳定、可编辑的场景或承载环境来源,screened
声音,声音 / 人类说话声,38,reject,[],人类说话声,人类说话声属于抽象声音符号，缺乏稳定、可编辑的场景或承载环境来源。,screened
声音,声音 / 低吼,21,reject,[],声音 / 低吼,低吼通常为抽象符号或孤立声音特写，缺乏稳定、可编辑的场景或承载环境来源。,screened
声音,声音 / 低声耳语,21,reject,[],声音 / 低声耳语,低声耳语属于抽象符号和纯文字类，缺乏稳定、可用的场景或承载区域来源。,screened
声音,声音 / 低音频段,26,reject,[],低音频段的声音,低音频段通常为抽象符号或纯文字，缺乏稳定、可用的场景或承载区域来源,screened
声音,声音 / 侧音,23,reject,[],声音 / 侧音,侧音通常为抽象符号或纯文字，缺乏稳定有用的场景或承载区域来源。,screened
声音,声音 / 倒车提示音,19,reject,[],声音 / 倒车提示音,仅提供抽象符号或纯文字，无稳定有用的场景或承载区域来源,screened
声音,声音 / 共振器振铃声,21,reject,[],声音 / 共振器振铃声,共振器振铃声属于抽象符号和纯声音现象，缺乏稳定、可编辑的场景或承载环境来源。,screened
声音,声音 / 切食材,17,reject,[],声音 / 切食材,该分类主要涉及抽象声音或动作描述，缺乏稳定、可编辑的场景或承载环境来源。,screened
声音,声音 / 列车声,24,reject,[],列车声,列车声属于抽象符号和纯文字类声音，缺乏稳定、可用的场景或承载区域来源。,screened
声音,声音 / 刺耳响声,23,reject,[],声音 / 刺耳响声,声音类别的刺耳响声多为抽象符号或孤立小物特写，缺乏稳定、可编辑的场景或承载区域来源。,screened
声音,声音 / 刺耳杂音,23,reject,[],声音 / 刺耳杂音,声音类别的杂音通常为抽象符号或孤立小物特写，缺乏稳定、可编辑的场景或承载区域来源。,screened
声音,声音 / 发动机 / Medium engine (mid frequency),23,reject,[],声音类别中的中频发动机声音,发动机声音属于抽象符号和纯文字描述，缺乏稳定、可用的场景或承载环境来源,screened
声音,声音 / 发动机 / 低频重型引擎声,20,reject,[],低频重型引擎声,仅提供抽象声音符号，无稳定有用的场景或承载区域来源,screened
声音,声音 / 发动机 / 加速,15,reject,[],声音 / 发动机 / 加速,该分类主要为抽象声音符号或孤立小物特写，缺乏稳定、可用的场景或承载区域来源。,screened
声音,声音 / 发动机 / 发动机启动,18,reject,[],发动机启动的声音,仅提供抽象声音符号，无稳定有用的场景或承载区域来源,screened
声音,声音 / 发动机 / 发动机爆震,12,reject,[],发动机爆震,发动机爆震属于抽象声音现象，缺乏稳定、可编辑的场景或承载环境来源,screened
声音,声音 / 发动机 / 怠速运转,18,reject,[],声音 / 发动机 / 怠速运转,怠速运转属于抽象声音符号，缺乏稳定、可编辑的场景或承载环境来源。,screened
声音,声音 / 发动机 / 高频光引擎,20,reject,[],声音 / 发动机 / 高频光引擎,该分类属于抽象符号和纯文字描述，缺乏稳定、可用的场景或承载区域来源。,screened
声音,声音 / 发动机声,12,reject,[],声音 / 发动机声,发动机声属于抽象符号和纯文字，缺乏稳定、可用的场景或承载区域来源。,screened
声音,声音 / 变形物体声 / 揉皱,18,reject,[],声音 / 变形物体声 / 揉皱,揉皱属于抽象动作或状态的符号化表现，缺乏稳定、可编辑的场景或承载环境来源。,screened
声音,声音 / 变形物体声 / 撕裂,13,reject,[],声音 / 变形物体声 / 撕裂,撕裂声属于抽象符号或孤立事件，缺乏稳定、可重复的场景或承载环境来源。,screened
声音,声音 / 口哨声 / 水壶哨,25,reject,[],声音 / 口哨声 / 水壶哨,仅涉及抽象符号和孤立小物特写，缺乏稳定有用的场景或承载区域来源。,screened
声音,声音 / 口哨声 / 汽笛,19,reject,[],声音类别中的口哨声和汽笛,口哨声和汽笛属于抽象符号或孤立声音事件，缺乏稳定、可编辑的场景或承载环境来源。,screened
声音,声音 / 口技节奏,26,reject,[],声音 / 口技节奏,该类别主要为抽象符号或纯文字表达，缺乏稳定、可编辑的场景或承载区域来源。,screened
声音,声音 / 叫喊,24,reject,[],声音 / 叫喊,叫喊属于抽象声音符号，缺乏稳定、可编辑的场景或承载环境来源。,screened
声音,声音 / 叹气,23,reject,[],声音 / 叹气,叹气属于抽象符号和纯文字表达，缺乏稳定、可用的场景或承载区域来源。,screened
声音,声音 / 合奏 / 摇滚音乐会,19,reject,[],声音 / 合奏 / 摇滚音乐会,该类别主要为抽象声音符号，缺乏稳定、可编辑的场景或承载环境来源。,screened
声音,声音 / 合成歌声,20,reject,[],合成歌声,合成歌声属于抽象符号和纯文字类，缺乏稳定、可用的场景或承载区域来源。,screened
声音,声音 / 吟唱 / 曼陀罗咒语,28,reject,[],声音 / 吟唱 / 曼陀罗咒语,该类别主要为抽象符号和纯文字内容，缺乏稳定、可编辑的场景或承载环境来源。,screened
声音,声音 / 听力检测声,18,reject,[],听力检测声,仅提供抽象符号或纯文字，无稳定有用的场景或承载区域来源,screened
声音,声音 / 吱吱声,21,reject,[],声音 / 吱吱声,吱吱声通常为抽象符号或纯文字，缺乏稳定、可用的场景或承载区域来源。,screened
声音,声音 / 吱嘎声,19,reject,[],声音 / 吱嘎声,吱嘎声属于抽象符号或纯文字，缺乏稳定有用的场景或承载区域来源。,screened
声音,声音 / 吼,11,reject,[],声音 / 吼,吼声通常为抽象符号或孤立声音特写，缺乏稳定、可编辑的场景或承载环境来源。,screened
声音,声音 / 呐喊声,22,reject,[],声音 / 呐喊声,呐喊声通常为抽象符号或孤立声音事件，缺乏稳定、可编辑的场景或承载环境来源。,screened
声音,声音 / 呜咽,26,reject,[],声音 / 呜咽,呜咽属于抽象情感表达，缺乏稳定、可编辑的场景或承载环境来源。,screened
声音,声音 / 呼吸声,24,reject,[],声音 / 呼吸声,呼吸声属于抽象符号和纯文字，缺乏稳定、可用的场景或承载区域来源。,screened
声音,声音 / 咚声,16,reject,[],声音 / 咚声,咚声属于抽象声音符号，缺乏稳定、可编辑的场景或承载环境来源。,screened
声音,声音 / 咬噬,19,reject,[],声音 / 咬噬,声音 / 咬噬属于抽象符号或纯文字，缺乏稳定、可用的场景或承载区域来源。,screened
声音,声音 / 哈欠,23,reject,[],声音 / 哈欠,哈欠属于抽象符号和纯文字表达，缺乏稳定、可用的场景或承载区域来源。,screened
声音,声音 / 哗啦声,10,reject,[],声音 / 哗啦声,哗啦声通常为抽象符号或纯文字，缺乏稳定、可编辑的场景或承载区域来源。,screened
声音,声音 / 哺乳动物叫声,31,reject,[],哺乳动物叫声,声音类别主要为抽象符号或纯音频，缺乏稳定、可编辑的场景或承载环境来源。,screened
声音,声音 / 喝倒彩,15,reject,[],声音 / 喝倒彩,该类别主要为抽象符号或纯文字，缺乏稳定、可用的场景或承载区域来源。,screened
声音,声音 / 喷涌声,19,reject,[],声音 / 喷涌声,喷涌声多为抽象符号或纯文字，缺乏稳定、可用的场景或承载区域来源。,screened
声音,声音 / 嗡嗡声,32,reject,[],声音 / 嗡嗡声,嗡嗡声通常为抽象符号或纯文字，缺乏稳定、可编辑的场景或承载区域来源。,screened
声音,声音 / 嘎吱声,37,reject,[],声音 / 嘎吱声,嘎吱声通常为抽象符号或孤立小物特写，缺乏稳定有用的场景或承载区域来源。,screened
声音,声音 / 嘟声,34,reject,[],声音 / 嘟声,声音/嘟声属于抽象符号或纯文字类，缺乏稳定、可用的场景或承载区域来源。,screened
声音,声音 / 嘶嘶声,32,reject,[],嘶嘶声,嘶嘶声通常为抽象符号或纯文字，缺乏稳定有用的场景或承载区域来源。,screened
声音,声音 / 噪音音乐,34,reject,[],声音 / 噪音音乐,该类别主要为抽象符号或纯文字，缺乏稳定、可编辑的场景或承载区域来源。,screened
声音,声音 / 噼啪声,38,reject,[],声音 / 噼啪声,噼啪声属于抽象符号或孤立声音事件，缺乏稳定、可编辑的场景或承载环境来源。,screened
声音,声音 / 嚎叫,28,reject,[],声音 / 嚎叫,声音/嚎叫多为抽象符号或孤立小物特写，缺乏稳定有用的场景或承载区域来源。,screened
声音,声音 / 圆盘 / 78转唱片,36,reject,[],78转唱片相关的音频载体,78转唱片属于抽象符号和纯文字类物品，缺乏稳定、可用的场景或承载区域来源,screened
声音,声音 / 圆盘 / 密纹唱机,38,reject,[],声音 / 圆盘 / 密纹唱机,密纹唱机主要为抽象符号或孤立小物特写，缺乏稳定、可用的场景或承载区域来源。,screened
声音,声音 / 城市交通声,33,keep,"[""交通环境"", ""城市空间""]",城市交通相关的声学场景，如道路、路口、公共交通等环境中的声音来源,城市交通声在多种交通环境中具有稳定且持续的来源，能提供丰富的可编辑声学场景,screened
声音,声音 / 声呐,16,reject,[],声呐相关的声音信号,声呐主要为抽象信号或技术符号，缺乏稳定、可编辑的场景或承载环境来源,screened
声音,声音 / 声音媒介 / 声环境,135,reject,[],声音媒介/声环境,声环境通常为抽象符号或纯文字，缺乏稳定、可编辑的场景或承载区域来源。,screened
声音,声音 / 声音媒介 / 声音重放,155,reject,[],声音重放相关媒介,声音重放主要为抽象符号或纯文字，缺乏稳定、可用的场景或承载区域来源,screened
声音,声音 / 失真,37,reject,[],声音失真,声音失真通常为抽象符号或纯文字，缺乏稳定有用的场景或承载区域来源。,screened
声音,声音 / 室内混响声,35,reject,[],室内混响声,声音/室内混响声属于抽象物理现象，缺乏稳定、可编辑的场景或承载区域来源，仅表现为环境中的声学特性，无法提供实际的视觉场景支持。,screened
声音,声音 / 家用电器声,31,hold,[],家用电器声,仅凭分类名称无法确定是否存在稳定有用的场景或承载区域来源,screened
声音,声音 / 寂静,29,reject,[],寂静的声音环境,寂静主要表现为无声音或声音缺失，缺乏稳定、可编辑的场景或承载面来源，属于抽象符号而非具体环境。,screened
声音,声音 / 对话界面声,15,reject,[],声音 / 对话界面声,仅提供抽象符号或纯文字声效，缺乏稳定有用的场景或承载区域来源,screened
声音,声音 / 尖厉叫声,19,reject,[],声音 / 尖厉叫声,尖厉叫声通常为抽象符号或孤立声音事件，缺乏稳定、可编辑的场景或承载环境来源。,screened
声音,声音 / 工业机械声,35,reject,[],工业机械声,声音类分类多为抽象符号或纯音频，缺乏稳定、可编辑的场景或承载区域来源。,screened
声音,声音 / 工具作业声,20,reject,[],工具作业声,声音/工具作业声主要为抽象符号或孤立音频，缺乏稳定、可编辑的场景或承载环境来源。,screened
声音,声音 / 市电嗡声,39,reject,[],市电嗡声,声音类通常为抽象符号或纯文字，缺乏稳定、可编辑的场景或承载区域来源,screened
声音,声音 / 库杜罗舞声,19,reject,[],库杜罗舞声,声音类别的库杜罗舞声属于抽象符号和特定文化活动，缺乏稳定、通用的场景或承载环境来源。,screened
声音,声音 / 开关抽屉,22,reject,[],声音 / 开关抽屉,该分类主要涉及抽象声音事件，缺乏稳定、可编辑的场景或承载环境来源。,screened
声音,声音 / 开关橱柜,24,reject,[],声音 / 开关橱柜,开关橱柜属于抽象符号或孤立小物特写，缺乏稳定有用的场景或承载区域来源。,screened
声音,声音 / 弗拉门戈,22,reject,[],声音 / 弗拉门戈,弗拉门戈属于抽象音乐形式，缺乏稳定、可编辑的场景或承载环境来源。,screened
声音,声音 / 弦乐声部,22,reject,[],弦乐声部,声音/弦乐声部主要为抽象符号或纯音频内容，缺乏稳定、可编辑的场景或承载环境来源。,screened
声音,声音 / 录音带,16,reject,[],录音带相关的声音记录,录音带属于抽象符号和纯文字类，缺乏稳定、可用的场景或承载区域来源,screened
声音,声音 / 扑通声,16,reject,[],声音 / 扑通声,扑通声属于抽象声音符号，缺乏稳定、可编辑的场景或承载环境来源。,screened
声音,声音 / 打字 / 打字机,20,reject,[],声音打字机相关的声音,打字机主要为抽象符号或孤立小物特写，缺乏稳定、可用的场景或承载区域来源,screened
声音,声音 / 打字 / 计算机键盘,21,reject,[],计算机键盘的声音,仅提供抽象声音符号，缺乏稳定、可用的场景或承载环境来源,screened
声音,声音 / 打滑,27,reject,[],声音 / 打滑,打滑声音通常为抽象符号或孤立现象，缺乏稳定、可编辑的场景或承载环境来源。,screened
声音,声音 / 扩音演讲声,38,reject,[],声音 / 扩音演讲声,扩音演讲声属于抽象声音符号，缺乏稳定、可编辑的场景或承载环境来源。,screened
声音,声音 / 扭响颈部,16,reject,[],声音 / 扭响颈部,该分类属于抽象符号或孤立动作，缺乏稳定、可用的场景或承载环境来源。,screened
声音,声音 / 投币动作,24,reject,[],声音 / 投币动作,投币动作通常为抽象符号或孤立小物特写，缺乏稳定、可用的场景或承载区域来源。,screened
声音,声音 / 拍手声,14,reject,[],声音 / 拍手声,拍手声属于抽象符号和纯文字类声音，缺乏稳定、可用的场景或承载区域来源。,screened
声音,声音 / 拟声词声 / 叮铃声,25,reject,[],仅包含拟声词声类,叮铃声属于抽象符号和纯文字表达，缺乏稳定、可编辑的场景或承载环境来源,screened
声音,声音 / 拟声词声 / 呼呼声,27,reject,[],声音 / 拟声词声 / 呼呼声,呼呼声属于抽象符号和纯文字表达，缺乏稳定、可编辑的场景或承载环境来源。,screened
声音,声音 / 拟声词声 / 咔嗒声,39,reject,[],拟声词声,咔嗒声通常为抽象符号或孤立小物特写，缺乏稳定有用的场景或承载区域来源。,screened
声音,声音 / 拟声词声 / 嗖嗖声,18,reject,[],声音 / 拟声词声 / 嗖嗖声,拟声词声如'嗖嗖声'多为抽象符号或文字描述，缺乏稳定、可编辑的场景或承载环境来源。,screened
声音,声音 / 拟声词声 / 波音公司,24,reject,[],声音 / 拟声词声 / 波音公司,该分类主要为抽象符号和品牌标志，缺乏稳定、可用的场景或承载区域来源。,screened
声音,声音 / 拟声词声 / 滋滋声,28,reject,[],拟声词声,滋滋声通常为抽象符号或孤立小物特写，缺乏稳定有用的场景或承载区域来源。,screened
声音,声音 / 拨奏,20,reject,[],声音 / 拨奏,拨奏类声音多为抽象符号或纯文字，缺乏稳定、可编辑的场景或承载区域来源。,screened
声音,声音 / 拨浪鼓,16,reject,[],声音 / 拨浪鼓,拨浪鼓主要为抽象符号或孤立小物特写，缺乏稳定、可用的场景或承载区域来源。,screened
声音,声音 / 拾音器声,25,reject,[],声音 / 拾音器声,拾音器声属于抽象符号和纯文字，缺乏稳定有用的场景或承载区域来源。,screened
声音,声音 / 持续音音乐,20,reject,[],持续音音乐,持续音音乐通常为抽象符号或纯文字，缺乏稳定有用的场景或承载区域来源。,screened
声音,声音 / 振动,28,reject,[],声音/振动类别,声音/振动属于抽象物理现象，缺乏稳定、可编辑的场景或承载环境来源,screened
声音,声音 / 掰响后背,13,reject,[],声音 / 掰响后背,该分类属于抽象符号或孤立动作，缺乏稳定、可编辑的场景或承载环境来源。,screened
声音,声音 / 掰指关节,19,reject,[],声音 / 掰指关节,掰指关节属于抽象符号或孤立动作，缺乏稳定、可用的场景或承载环境来源。,screened
声音,声音 / 搅拌机,20,reject,[],声音 / 搅拌机,搅拌机的声音属于抽象符号和孤立小物特写，缺乏稳定、可用的场景或承载区域来源。,screened
声音,声音 / 搏动声,17,reject,[],声音 / 搏动声,搏动声通常为抽象符号或纯文字，缺乏稳定、可用的场景或承载区域来源。,screened
声音,声音 / 摇摆乐,22,reject,[],声音 / 摇摆乐,摇摆乐主要为抽象音乐符号，缺乏稳定、具体的场景或承载环境来源。,screened
声音,声音 / 摇晃,23,reject,[],声音/摇晃类别,摇晃属于抽象动态现象，缺乏稳定、可编辑的场景或承载环境来源,screened
声音,声音 / 摩擦声,23,reject,[],声音 / 摩擦声,摩擦声通常为抽象符号或孤立现象，缺乏稳定、可编辑的场景或承载环境来源。,screened
声音,声音 / 撞击声,23,reject,[],声音 / 撞击声,撞击声通常为抽象符号或纯文字，缺乏稳定、可编辑的场景或承载区域来源。,screened
声音,声音 / 教堂福音歌唱,20,reject,[],教堂福音歌唱,仅提供抽象符号和纯文字内容，缺乏稳定、可用的场景或承载区域来源。,screened
声音,声音 / 敲击声,22,reject,[],声音 / 敲击声,敲击声通常为抽象符号或孤立声音事件，缺乏稳定、可编辑的场景或承载环境来源。,screened
声音,声音 / 敲锣,21,reject,[],声音 / 敲锣,敲锣属于抽象符号和纯文字表现，缺乏稳定、可用的场景或承载区域来源。,screened
声音,声音 / 昆虫 / 家蝇,21,reject,[],声音 / 昆虫 / 家蝇,家蝇属于孤立小物特写，缺乏稳定有用的场景或承载区域来源。,screened
声音,声音 / 昆虫 / 板球运动,23,reject,[],声音 / 昆虫 / 板球运动,该分类主要涉及抽象声音和孤立的昆虫或运动场景，缺乏稳定、可编辑的场景或承载环境来源。,screened
声音,声音 / 昆虫 / 等等,23,reject,[],声音 / 昆虫 / 等等,该分类主要为抽象符号或孤立小物特写，缺乏稳定、可用的场景或承载区域来源。,screened
声音,声音 / 昆虫 / 蚊子,20,reject,[],蚊子相关的声学特征,蚊子声音属于抽象符号和孤立小物特写，缺乏稳定、可用的场景或承载区域来源,screened
声音,声音 / 昆虫鸣声,19,reject,[],昆虫鸣声,昆虫鸣声多为抽象符号或孤立小物特写，缺乏稳定有用的场景或承载区域来源,screened
声音,声音 / 晚霞景象声,16,reject,[],声音 / 晚霞景象声,晚霞景象声属于抽象符号或纯文字描述，缺乏稳定、可编辑的场景或承载区域来源。,screened
声音,声音 / 服装拉链,20,reject,[],声音 / 服装拉链,该分类主要涉及抽象符号或孤立小物特写，缺乏稳定有用的场景或承载区域来源。,screened
声音,声音 / 来源不明声音 / 脉搏,19,reject,[],来源不明声音,脉搏属于抽象生理信号，缺乏稳定、可编辑的场景或承载环境来源，仅作为符号或文字存在，无实际场景支撑,screened
声音,声音 / 来源不明声音 / 通用撞击声,130,reject,[],通用撞击声,该类别缺乏稳定有用的场景或承载区域来源，仅包含抽象符号或无具体场景的噪音,screened
声音,声音 / 树叶沙沙声,17,reject,[],树叶沙沙声,声音类别通常只提供抽象符号或纯文字，缺乏稳定、可编辑的场景或承载区域来源。,screened
声音,声音 / 梅洛特隆电子琴,21,reject,[],声音 / 梅洛特隆电子琴,该类别为抽象电子乐器声音，缺乏稳定、可编辑的场景或承载环境来源。,screened
声音,声音 / 次声,21,reject,[],声音 / 次声,次声主要为抽象物理现象，缺乏稳定、可编辑的场景或承载环境来源。,screened
声音,声音 / 正弦波 / 泛音,22,reject,[],声音类型,正弦波和泛音属于抽象声音信号，缺乏稳定、可编辑的场景或承载环境来源。,screened
声音,声音 / 水 / 汩汩声,23,reject,[],声音 / 水 / 汩汩声,该分类仅包含抽象声音描述，无稳定可用的场景或承载区域来源。,screened
声音,声音 / 水槽注水声,13,reject,[],声音 / 水槽注水声,属于纯文字或抽象符号类声音，缺乏稳定、可编辑的场景或承载区域来源,screened
声音,声音 / 沉闷撞击声,49,reject,[],声音 / 沉闷撞击声,沉闷撞击声属于抽象声音描述，缺乏稳定、可编辑的场景或承载环境来源。,screened
声音,声音 / 沙沙声,46,reject,[],声音 / 沙沙声,沙沙声通常为抽象符号或纯文字，缺乏稳定、可编辑的场景或承载区域来源。,screened
声音,声音 / 洗牌,24,reject,[],声音 / 洗牌,洗牌属于抽象动作或符号，缺乏稳定、可编辑的场景或承载环境来源。,screened
声音,声音 / 流水声,17,reject,[],流水声相关的声音场景,流水声通常为抽象符号或纯文字，缺乏稳定、可编辑的场景或承载区域来源,screened
声音,声音 / 流行乡村音乐艺人,23,reject,[],流行乡村音乐艺人,该分类主要为抽象符号和品牌标志，缺乏稳定、可用的场景或承载区域来源。,screened
声音,声音 / 流行音乐声,23,reject,[],流行音乐声,仅提供抽象声音符号，无稳定可用的场景或承载环境来源,screened
声音,声音 / 浴缸注水或洗浴,27,reject,[],声音 / 浴缸注水或洗浴,该类别主要为抽象声音描述，缺乏稳定、可编辑的场景或承载环境来源。,screened
声音,声音 / 海浪声,33,reject,[],海浪声,海浪声属于抽象声音符号，缺乏稳定、可编辑的场景或承载环境来源。,screened
声音,声音 / 清嗓子声,30,reject,[],声音 / 清嗓子声,清嗓子声属于抽象符号和纯文字类声音，缺乏稳定、可用的场景或承载环境来源。,screened
声音,声音 / 渐变音量声,10,reject,[],声音渐变音量声,该类别属于抽象声音符号，缺乏稳定、可编辑的场景或承载环境来源。,screened
声音,声音 / 溅水声,34,reject,[],声音 / 溅水声,溅水声属于抽象符号和孤立小物特写，缺乏稳定有用的场景或承载区域来源。,screened
声音,声音 / 滚奏,28,reject,[],声音/滚奏,滚奏属于抽象声音符号，缺乏稳定、可用的场景或承载环境来源。,screened
声音,声音 / 火焰声,16,reject,[],声音 / 火焰声,火焰声属于抽象符号或纯文字，缺乏稳定、可用的场景或承载区域来源。,screened
声音,声音 / 点弦吉他演奏,22,reject,[],声音 / 点弦吉他演奏,点弦吉他演奏主要为抽象声音符号，缺乏稳定、可编辑的场景或承载环境来源。,screened
声音,声音 / 燃放烟花,32,reject,[],声音 / 燃放烟花,燃放烟花主要表现为抽象声音符号，缺乏稳定、可编辑的场景或承载环境来源。,screened
声音,声音 / 爆炸声,25,reject,[],声音 / 爆炸声,爆炸声属于抽象符号和纯文字，缺乏稳定有用的场景或承载区域来源。,screened
声音,声音 / 爆裂声,24,reject,[],声音 / 爆裂声,爆裂声通常为抽象符号或纯文字，缺乏稳定、可用的场景或承载区域来源。,screened
声音,声音 / 牛叫声,24,reject,[],声音 / 牛叫声,牛叫声属于抽象符号和孤立声音事件，缺乏稳定、可编辑的场景或承载环境来源。,screened
声音,声音 / 狗叫声,26,reject,[],声音 / 狗叫声,狗叫声属于抽象声音符号，缺乏稳定、可编辑的场景或承载环境来源。,screened
声音,声音 / 猎鸭哨,20,reject,[],声音 / 猎鸭哨,猎鸭哨属于抽象符号和特定场景下的声音信号，缺乏稳定、普遍的场景或承载环境来源，且无明确的可编辑环境结构。,screened
声音,声音 / 猫叫声,23,reject,[],声音 / 猫叫声,猫叫声属于抽象声音符号，缺乏稳定、可用的场景或承载环境来源。,screened
声音,声音 / 玩具手枪,19,reject,[],声音 / 玩具手枪,玩具手枪主要为抽象符号或孤立小物特写，缺乏稳定有用的场景或承载区域来源。,screened
声音,声音 / 环境与背景,25,keep,"[""室内环境"", ""公共空间"", ""自然环境""]",环境与背景声音，如人声、交通声、自然风声等,环境与背景声音在多种场景中普遍存在，能提供稳定的场景和承载背景，适用于不同空间的视觉理解,screened
声音,声音 / 环境噪声,28,reject,[],环境噪声,环境噪声通常为抽象符号或纯文字，缺乏稳定、可用的场景或承载区域来源。,screened
声音,声音 / 环境背景声,28,reject,[],环境背景声,声音/环境背景声通常为抽象符号或纯音频，缺乏稳定、可编辑的场景或承载区域来源。,screened
声音,声音 / 电子设备提示声,44,reject,[],电子设备提示声,主要为抽象符号或纯文字提示，缺乏稳定有用的场景或承载区域来源,screened
声音,声音 / 电影放映声,26,reject,[],电影放映声,仅提供抽象声音符号，无稳定有用的场景或承载区域来源,screened
声音,声音 / 电话机 / 双音多频信号,20,reject,[],电话机的双音多频信号,仅涉及抽象信号和纯文字，无稳定可用的场景或承载区域来源,screened
声音,声音 / 电话机 / 忙音,20,reject,[],电话机的忙音,忙音属于抽象符号和纯文字，没有稳定有用的场景或承载区域来源,screened
声音,声音 / 电话机 / 手机振动声,22,reject,[],电话机和手机振动声相关的声音,仅提供抽象声音符号，无稳定可用的场景或承载区域来源,screened
声音,声音 / 电话机 / 手机铃声,21,reject,[],电话机和手机铃声相关的音频内容,仅提供抽象声音符号，无稳定场景或承载区域来源,screened
声音,声音 / 电话机 / 拨号音,19,reject,[],电话机拨号音,仅提供抽象声音符号，无稳定场景或承载区域来源,screened
声音,声音 / 电话机 / 电话铃响声,13,reject,[],电话铃响声,电话铃响声属于抽象符号和纯文字类声音，缺乏稳定、可用的场景或承载区域来源。,screened
声音,声音 / 电话铃声,19,reject,[],电话铃声,电话铃声属于抽象符号和纯文字，缺乏稳定有用的场景或承载区域来源。,screened
声音,声音 / 白噪声,26,reject,[],声音 / 白噪声,白噪声通常为抽象符号或纯音频内容，缺乏稳定、可编辑的场景或承载区域来源。,screened
声音,声音 / 相声,51,reject,[],声音 / 相声,相声属于抽象表演形式，缺乏稳定、可编辑的场景或承载环境来源。,screened
声音,声音 / 真空吸尘器,21,reject,[],声音类,真空吸尘器属于具体物品，其声音多为孤立符号或设备特写，缺乏稳定、通用的场景或承载环境来源。,screened
声音,声音 / 短音 / 乒,20,reject,[],短音类声音,乒属于抽象短音符号，缺乏稳定、可编辑的场景或承载环境来源,screened
声音,声音 / 短音 / 叮声,20,reject,[],声音 / 短音 / 叮声,叮声多为抽象符号或纯文字，缺乏稳定、可编辑的场景或承载区域来源。,screened
声音,声音 / 短音 / 哔声,24,reject,[],声音 / 短音 / 哔声,仅包含抽象符号或孤立小物特写，无稳定有用的场景或承载区域来源,screened
声音,声音 / 短音 / 尖叫声,22,reject,[],声音 / 短音 / 尖叫声,尖叫声属于抽象符号或纯文字，缺乏稳定、可用的场景或承载区域来源。,screened
声音,声音 / 短音 / 拨弦声,17,reject,[],声音 / 短音 / 拨弦声,仅提供抽象符号或纯文字，无稳定有用的场景或承载区域来源,screened
声音,声音 / 破碎,26,reject,[],声音 / 破碎,破碎声音通常为抽象符号或孤立事件，缺乏稳定、可编辑的场景或承载环境来源。,screened
声音,声音 / 破裂声,21,reject,[],声音 / 破裂声,破裂声通常为抽象符号或孤立小物特写，缺乏稳定有用的场景或承载区域来源。,screened
声音,声音 / 碎片声,23,reject,[],声音碎片声,声音碎片声通常为抽象符号或孤立音效，缺乏稳定、可编辑的场景或承载环境来源。,screened
声音,声音 / 碰撞舞会声,23,reject,[],声音 / 碰撞舞会声,该类别属于抽象声音描述，缺乏稳定、可编辑的场景或承载环境来源。,screened
声音,声音 / 空气制动器,17,reject,[],声音 / 空气制动器,空气制动器属于具体机械部件，通常出现在车辆或工业设备中，但其本身不构成稳定、可编辑的场景或承载环境，缺乏通用的场景来源。,screened
声音,声音 / 立体声,23,reject,[],立体声,立体声主要为抽象声音技术概念，缺乏稳定、可编辑的场景或承载环境来源。,screened
声音,声音 / 箭 / 嗖嗖声,24,reject,[],声音 / 箭 / 嗖嗖声,该分类仅包含抽象声音符号，缺乏稳定、可编辑的场景或承载环境来源。,screened
声音,声音 / 粉红噪声,27,reject,[],声音 / 粉红噪声,粉红噪声是抽象声音信号，缺乏稳定、可编辑的场景或承载环境来源。,screened
声音,声音 / 羊叫声,22,reject,[],羊叫声,羊叫声属于抽象符号和纯文字，缺乏稳定有用的场景或承载区域来源。,screened
声音,声音 / 老派丛林舞曲,23,reject,[],声音类别,老派丛林舞曲主要为抽象音乐符号，缺乏稳定、具体的场景或承载环境来源,screened
声音,声音 / 背景噪声 / 磁带嘶声,19,reject,[],声音类别中的磁带嘶声,磁带嘶声属于抽象符号和纯文字类噪声，缺乏稳定、可用的场景或承载区域来源,screened
声音,声音 / 脚步声,24,reject,[],脚步声,脚步声属于抽象声音符号，缺乏稳定、可编辑的场景或承载环境来源,screened
声音,声音 / 自然声音 / 火,23,reject,[],自然声音中的火相关音频,火通常表现为抽象符号或孤立小物特写，缺乏稳定、可编辑的场景或承载区域来源,screened
声音,声音 / 自然声音 / 雷暴,20,reject,[],雷暴相关的自然声音,雷暴主要提供抽象声音符号，缺乏稳定、可编辑的场景或承载区域来源,screened
声音,声音 / 自然声音 / 风,22,keep,"[""自然环境"", ""户外场景""]",风作为自然声音出现在开放自然环境中,风是自然环境中常见且稳定的声源，可覆盖多种户外和自然场景,screened
声音,声音 / 船舶声,29,reject,[],船舶声,船舶声属于抽象声音符号，缺乏稳定、可用的场景或承载环境来源。,screened
声音,声音 / 蒸汽声,23,reject,[],蒸汽声,蒸汽声通常为抽象符号或孤立小物特写，缺乏稳定有用的场景或承载区域来源,screened
声音,声音 / 蝉鸣声,20,reject,[],蝉鸣声,蝉鸣声属于抽象声音符号，缺乏稳定、可用的场景或承载环境来源。,screened
声音,声音 / 表面接触 / 刮伤,30,reject,[],声音 / 表面接触 / 刮伤,该分类主要涉及抽象声音现象，缺乏稳定、可编辑的场景或承载面来源，属于纯符号或物理交互的描述，无实际环境支撑。,screened
声音,声音 / 表面接触 / 刮擦,28,reject,[],声音 / 表面接触 / 刮擦,该分类主要涉及抽象声音现象，缺乏稳定、可编辑的场景或承载面来源，属于纯符号或物理交互的描述，无明确的环境或空间支撑。,screened
声音,声音 / 表面接触 / 卷状物,29,reject,[],声音 / 表面接触 / 卷状物,该分类主要涉及抽象声音和卷状物的表面接触，缺乏稳定、可编辑的场景或承载区域来源，属于符号性描述而非具体环境或结构。,screened
声音,声音 / 表面接触 / 抓挠,29,reject,[],声音 / 表面接触 / 抓挠,该分类主要涉及抽象声音现象，缺乏稳定、可编辑的场景或承载面来源，属于纯符号或物理交互的描述，无实际场景支撑。,screened
声音,声音 / 表面接触 / 摩擦,28,reject,[],声音 / 表面接触 / 摩擦,该分类主要涉及抽象的声音现象，缺乏稳定、可编辑的场景或承载面来源，属于纯符号或物理过程描述，无实际场景支撑。,screened
声音,声音 / 表面接触 / 研磨,24,reject,[],声音 / 表面接触 / 研磨,该分类主要涉及抽象声音现象，缺乏稳定、可编辑的场景或承载面来源，属于纯符号或物理过程描述，无实际环境支撑。,screened
声音,声音 / 警报声,23,reject,[],警报声,警报声通常为抽象符号或孤立小物特写，缺乏稳定有用的场景或承载区域来源。,screened
声音,声音 / 车辆警示声,29,reject,[],车辆警示声,车辆警示声多为抽象符号或孤立声音特写，缺乏稳定、可编辑的场景或承载环境来源。,screened
声音,声音 / 轮胎尖啸声,25,reject,[],轮胎尖啸声,仅提供抽象声音符号，无稳定有用的场景或承载区域来源,screened
声音,声音 / 轰鸣声 / 音爆,20,reject,[],音爆相关的声音现象,音爆主要表现为抽象符号或孤立现象，缺乏稳定、可编辑的场景或承载环境来源,screened
声音,声音 / 轻拍,27,reject,[],声音 / 轻拍,轻拍属于抽象符号或孤立动作，缺乏稳定、可编辑的场景或承载环境来源。,screened
声音,声音 / 连续轻响,26,reject,[],声音 / 连续轻响,连续轻响通常为抽象符号或纯音频特征，缺乏稳定、可编辑的场景或承载环境来源。,screened
声音,声音 / 部落仪式声,23,hold,[],声音 / 部落仪式声,仅凭分类名称无法确定是否存在稳定有用的场景或承载区域来源。,screened
声音,声音 / 钟表声,26,reject,[],钟表声,钟表声属于抽象符号和纯文字类，缺乏稳定、可用的场景或承载区域来源。,screened
声音,声音 / 钥匙叮当声,26,reject,[],钥匙叮当声,仅提供抽象声音符号，无稳定有用的场景或承载区域来源,screened
声音,声音 / 链锯,25,reject,[],声音 / 链锯,链锯主要表现为抽象声音符号，缺乏稳定、可编辑的场景或承载环境来源。,screened
声音,声音 / 铿锵声,29,reject,[],声音 / 铿锵声,铿锵声通常为抽象符号或纯文字，缺乏稳定、可编辑的场景或承载区域来源。,screened
声音,声音 / 键盘声,23,reject,[],键盘声,键盘声属于抽象符号和孤立小物特写，缺乏稳定有用的场景或承载区域来源,screened
声音,声音 / 门 / 推拉门,27,keep,"[""室内空间"", ""建筑环境""]",推拉门在室内和建筑环境中的使用场景,推拉门常见于室内空间和建筑环境中，提供稳定且可编辑的承载面和场景来源,screened
声音,声音 / 门 / 猛撞,27,reject,[],声音 / 门 / 猛撞,该分类主要涉及抽象声音事件，缺乏稳定、可编辑的场景或承载区域来源。,screened
声音,声音 / 门铃 / 叮咚声,18,reject,[],声音 / 门铃 / 叮咚声,仅提供抽象符号和纯文字，无稳定有用的场景或承载区域来源。,screened
声音,声音 / 门铃声,20,reject,[],门铃声,门铃声属于抽象符号和纯文字，缺乏稳定有用的场景或承载区域来源。,screened
声音,声音 / 闹钟,23,reject,[],声音 / 闹钟,闹钟主要为抽象符号或孤立小物特写，缺乏稳定有用的场景或承载区域来源。,screened
声音,声音 / 隆隆声,28,reject,[],声音 / 隆隆声,隆隆声通常为抽象符号或纯文字，缺乏稳定、具体的场景或承载区域来源。,screened
声音,声音 / 雨声,18,reject,[],雨声,雨声属于抽象声音，缺乏稳定、可编辑的场景或承载环境来源，仅作为声音符号存在。,screened
声音,声音 / 雷,14,reject,[],声音类别,雷声属于抽象符号和自然现象，缺乏稳定、可编辑的场景或承载环境来源。,screened
声音,声音 / 雷声,27,reject,[],声音 / 雷声,雷声属于抽象声音现象，缺乏稳定、可编辑的场景或承载环境来源。,screened
声音,声音 / 静电,24,reject,[],声音 / 静电,静电属于抽象物理现象，缺乏稳定、可编辑的场景或承载环境来源，仅表现为符号或文字，无实际场景支持。,screened
声音,声音 / 音乐合奏团,28,reject,[],声音 / 音乐合奏团,音乐合奏团通常为抽象符号或纯文字，缺乏稳定、可编辑的场景或承载区域来源。,screened
声音,声音 / 音乐声,27,reject,[],声音 / 音乐声,音乐声通常为抽象符号或纯文字，缺乏稳定、可编辑的场景或承载区域来源。,screened
声音,声音 / 音乐表演者,19,reject,[],声音 / 音乐表演者,该类别主要为抽象符号或纯文字，缺乏稳定、可用的场景或承载区域来源。,screened
声音,声音 / 音叉,23,reject,[],声音 / 音叉,音叉属于抽象符号和纯文字类，缺乏稳定、可用的场景或承载区域来源。,screened
声音,声音 / 音效,28,reject,[],声音 / 音效,音效通常为抽象符号或纯文字，缺乏稳定有用的场景或承载区域来源。,screened
声音,声音 / 风声,66,reject,[],风声相关的自然声音,风声属于抽象自然现象，缺乏稳定、可编辑的场景或承载面来源，通常仅作为背景音存在，无法提供具体可编辑的环境结构。,screened
声音,声音 / 飞行器声,58,reject,[],声音 / 飞行器声,飞行器声多为抽象符号或孤立声音特写，缺乏稳定、可编辑的场景或承载环境来源。,screened
声音,声音 / 食物油炸,57,reject,[],声音 / 食物油炸,该分类主要涉及抽象声音和食物制作过程，缺乏稳定、可编辑的场景或承载环境来源。,screened
声音,声音 / 马嘶声,32,reject,[],声音 / 马嘶声,马嘶声属于抽象符号和纯文字类声音，缺乏稳定、可用的场景或承载区域来源。,screened
声音,声音 / 马桶冲水声,38,reject,[],声音 / 马桶冲水声,仅提供抽象符号和孤立小物特写，无稳定有用的场景或承载区域来源。,screened
声音,声音 / 鸡叫声,37,reject,[],鸡叫声,鸡叫声通常为抽象符号或孤立小物特写，缺乏稳定有用的场景或承载区域来源。,screened
声音,声音 / 鸦叫声,39,reject,[],鸦叫声,鸦叫声属于抽象声音符号，缺乏稳定、可用的场景或承载环境来源。,screened
声音,声音 / 鼓机,57,reject,[],声音 / 鼓机,鼓机属于抽象符号和纯电子设备，缺乏稳定、可编辑的场景或承载环境来源。,screened
声音,声音 / 鼓点,58,reject,[],声音/鼓点,鼓点通常为抽象符号或纯文字，缺乏稳定有用的场景或承载区域来源。,screened
宗教与信仰,宗教与信仰 / 宗教礼拜,22,keep,"[""宗教场所"", ""礼拜空间"", ""宗教活动环境""]",宗教与信仰相关的礼拜场所和活动环境,宗教礼拜通常发生在具有稳定结构的宗教场所，如教堂、寺庙、清真寺等，这些空间提供明确的承载和使用场景。,screened
属性与状态,属性与状态,1,hold,[],属性与状态,仅凭分类名称无法确定具体场景或是否存在稳定有用的来源,screened
属性与状态,属性与状态 / 三维形状 / 中央凹陷,99,reject,[],三维形状中的中央凹陷,中央凹陷属于抽象形状特征，缺乏稳定、可编辑的场景或承载区域来源，通常仅作为符号或文字描述存在。,screened
属性与状态,属性与状态 / 三维形状 / 凸出,31,hold,[],属性与状态 / 三维形状 / 凸出,仅凭分类名称无法确定是否存在稳定有用的场景或承载区域来源,screened
属性与状态,属性与状态 / 三维形状 / 圆柱,49,reject,[],三维形状中的圆柱体,圆柱属于抽象几何形状，缺乏稳定、可编辑的场景或承载区域来源,screened
属性与状态,属性与状态 / 三维形状 / 多面体,56,hold,[],属性与状态 / 三维形状 / 多面体,仅凭分类名称无法确定是否存在稳定有用的场景或承载区域来源,screened
属性与状态,属性与状态 / 三维形状 / 特征,33,hold,[],属性与状态 / 三维形状 / 特征,仅凭分类名称无法确定具体场景或稳定来源，缺乏明确的场景或承载环境关联,screened
属性与状态,属性与状态 / 三维形状 / 环,32,hold,[],属性与状态 / 三维形状 / 环,仅凭'环'这一名称无法确定其在具体场景中的稳定来源或承载环境。,screened
属性与状态,属性与状态 / 不动产,20,keep,"[""室内空间"", ""建筑区域"", ""不动产环境""]",不动产相关的空间和建筑环境,不动产类别包含稳定且广泛的场景来源，如房屋、办公楼、土地等，具有明确的物理空间和承载环境。,screened
属性与状态,属性与状态 / 不动产 / 份额,19,reject,[],不动产份额,该分类属于抽象属性，缺乏稳定、具体的场景或承载环境来源,screened
属性与状态,属性与状态 / 不动产 / 种植园,34,keep,"[""种植园"", ""自然环境"", ""田园场景""]",包含种植园相关的自然场景和农业环境,种植园具有稳定的自然场景和承载区域，适用于多种环境下的图片召回,screened
属性与状态,属性与状态 / 专业的,32,hold,[],属性与状态 / 专业的,仅凭分类名称无法确定具体场景或是否存在稳定有用的来源,screened
属性与状态,属性与状态 / 个性 / 不情愿,34,hold,[],属性与状态 / 个性 / 不情愿,仅凭分类名称无法确定具体场景或稳定来源，缺乏可判断的场景或承载环境,screened
属性与状态,属性与状态 / 个性 / 无纪律,34,hold,[],属性与状态 / 个性 / 无纪律,仅凭分类名称无法确定具体场景或稳定来源，缺乏可判断的场景或承载环境,screened
属性与状态,属性与状态 / 个性 / 活跃性,24,hold,[],属性与状态 / 个性 / 活跃性,仅凭分类名称无法确定具体场景或稳定来源，缺乏明确的场景或承载环境关联,screened
属性与状态,属性与状态 / 个性 / 虚荣,30,reject,[],属性与状态 / 个性 / 虚荣,该分类主要涉及抽象概念和主观状态，缺乏稳定、可编辑的场景或承载环境来源。,screened
属性与状态,属性与状态 / 个性 / 镇定,19,hold,[],个性属性中的镇定状态,仅凭'镇定'这一属性名称无法确定其对应的稳定场景或承载环境来源,screened
属性与状态,属性与状态 / 中世纪的,14,hold,[],属性与状态 / 中世纪的,仅凭分类名称无法确定具体场景或是否存在稳定有用的来源,screened
属性与状态,属性与状态 / 中部,11,hold,[],属性与状态 / 中部,仅凭分类名称无法确定具体场景或是否存在稳定有用的来源,screened
属性与状态,属性与状态 / 乡下的,32,keep,"[""乡下环境"", ""农村场景"", ""自然田园""]",乡下相关的自然与生活场景,乡下环境包含稳定且多样化的场景来源，如农田、村庄、院落等，具有明确的承载面和可编辑性。,screened
属性与状态,属性与状态 / 乡土的,32,hold,[],属性与状态 / 乡土的,仅凭分类名称无法确定具体场景或稳定来源，缺乏明确的场景或承载环境示例。,screened
属性与状态,属性与状态 / 事态 / 平衡,33,hold,[],属性与状态 / 事态 / 平衡,仅凭分类名称无法确定具体场景或稳定来源，缺乏明确的场景或承载环境关联,screened
属性与状态,属性与状态 / 事态 / 拒绝,18,reject,[],属性与状态 / 事态 / 拒绝,该分类主要涉及抽象符号和事态描述，缺乏稳定、具体的场景或承载环境来源。,screened
属性与状态,属性与状态 / 事态 / 无隐私状态,34,reject,[],无隐私状态,该分类主要涉及抽象状态描述，缺乏稳定、具体的场景或承载环境来源，属于纯文字或符号表达，无实际可编辑的物理场景支持。,screened
属性与状态,属性与状态 / 产业的,37,hold,[],产业的属性与状态,仅凭分类名称无法确定具体场景或稳定来源,screened
属性与状态,属性与状态 / 亮度 / 夜色,21,reject,[],亮度为夜色的属性状态,夜色主要表现为抽象属性，缺乏稳定、具体的场景或承载环境来源，仅作为符号性描述，无实际可编辑的环境结构或空间支撑。,screened
属性与状态,属性与状态 / 人物形象 / 平面图形,104,reject,[],属性与状态 / 人物形象 / 平面图形,该分类主要涉及抽象符号和纯文字，缺乏稳定、可用的场景或承载区域来源。,screened
属性与状态,属性与状态 / 人物形象 / 立体图形,30,reject,[],属性与状态 / 人物形象 / 立体图形,该分类主要涉及抽象符号或纯文字表达，缺乏稳定、可编辑的场景或承载区域来源。,screened
属性与状态,属性与状态 / 仅有,37,reject,[],仅有属性与状态的描述性内容,该分类仅包含抽象属性或状态描述，缺乏稳定、具体的场景或承载环境来源,screened
属性与状态,属性与状态 / 优点 / 优势,27,reject,[],属性与状态 / 优点 / 优势,该分类主要为抽象符号和文字描述，缺乏稳定、具体的场景或承载环境来源。,screened
属性与状态,属性与状态 / 优点 / 资源,27,reject,[],属性与状态 / 优点 / 资源,该分类主要涉及抽象符号和纯文字描述，缺乏稳定、具体的场景或承载环境来源。,screened
属性与状态,属性与状态 / 传统的,38,hold,[],属性与状态 / 传统的类别范围,仅凭分类名称无法确定具体场景或稳定来源，缺乏明确的场景或承载环境支持,screened
属性与状态,属性与状态 / 位于,33,keep,"[""位置场景"", ""空间关系""]",描述物体所在位置或空间关系的场景,位于类涉及物体的空间位置，常见于各种室内、室外场景中，具有稳定且广泛的来源,screened
属性与状态,属性与状态 / 体育的,35,hold,[],属性与状态 / 体育的,仅凭分类名称无法确定具体场景或稳定来源，缺乏明确的场景或承载环境支持。,screened
属性与状态,属性与状态 / 作品 / 纹理,25,reject,[],作品的纹理属性,纹理属于抽象符号或纯视觉表现，缺乏稳定、可编辑的场景或承载区域来源,screened
属性与状态,属性与状态 / 做作 / 矫揉造作,15,reject,[],属性与状态 / 做作 / 矫揉造作,该分类主要涉及抽象评价性描述，缺乏稳定、具体的场景或承载环境来源。,screened
属性与状态,属性与状态 / 全景,27,keep,"[""全景场景"", ""环境状态""]",包含各类环境的全貌展示，如城市景观、室内空间、自然地貌等,全景类能够提供稳定且广泛的场景来源，适用于多种环境和状态的展示,screened
属性与状态,属性与状态 / 公园 / 国家公园,27,keep,"[""自然环境"", ""庭院公园""]",国家公园中的自然景观和公共休闲空间,国家公园包含稳定的自然环境和公共休闲场景，具有持续存在的场景来源,screened
属性与状态,属性与状态 / 关闭状态,27,hold,[],属性与状态 / 关闭状态,仅凭分类名称无法确定具体场景或稳定来源，缺乏可判断的场景或承载环境,screened
属性与状态,属性与状态 / 兴奋状态,27,reject,[],属性与状态 / 兴奋状态,该分类主要涉及抽象状态描述，缺乏稳定、具体的场景或承载环境来源。,screened
属性与状态,属性与状态 / 再生材料,27,hold,[],属性与状态 / 再生材料,仅凭分类名称无法确定具体场景或稳定来源，缺乏明确的场景或承载环境关联,screened
属性与状态,属性与状态 / 决定因素,27,hold,[],属性与状态 / 决定因素,仅凭分类名称无法确定具体场景或稳定来源，缺乏明确的场景或承载环境关联,screened
属性与状态,属性与状态 / 凸出,24,hold,[],属性与状态 / 凸出,仅凭分类名称无法确定其具体场景或是否存在稳定有用的来源,screened
属性与状态,属性与状态 / 出席 / 列席,27,reject,[],属性与状态 / 出席 / 列席,该分类主要涉及抽象符号或文字描述，缺乏稳定、可编辑的场景或承载区域来源。,screened
属性与状态,属性与状态 / 出鞘的,24,hold,[],属性与状态 / 出鞘的,仅凭分类名称无法确定具体场景或稳定来源，缺乏可判断的场景或承载环境,screened
属性与状态,属性与状态 / 利润,18,reject,[],属性与状态 / 利润,利润是抽象经济指标，缺乏稳定、可编辑的场景或承载环境来源。,screened
属性与状态,属性与状态 / 利益 / 清酒,26,reject,[],清酒相关的属性与状态,清酒属于抽象利益类别，缺乏稳定、可编辑的场景或承载环境来源,screened
属性与状态,属性与状态 / 动荡,28,hold,[],属性与状态 / 动荡,仅凭分类名称无法确定具体场景或稳定来源，缺乏明确的场景或承载环境关联,screened
属性与状态,属性与状态 / 医学的,28,reject,[],医学的属性与状态,该分类主要涉及抽象符号、纯文字或概念描述，缺乏稳定、可编辑的场景或承载区域来源。,screened
属性与状态,属性与状态 / 华丽饰品,28,reject,[],华丽饰品,该类别主要为抽象符号或纯文字，缺乏稳定、可用的场景或承载区域来源。,screened
属性与状态,属性与状态 / 历史的,28,hold,[],属性与状态 / 历史的,仅凭分类名称无法确定具体场景或稳定来源，缺乏明确的场景或承载环境关联,screened
属性与状态,属性与状态 / 历史遗迹,28,keep,"[""历史遗迹"", ""文化场所"", ""公共空间""]",包含各类历史遗迹相关的场景和环境，如古建筑、遗址、博物馆等,历史遗迹通常存在于特定的公共空间或文化场所，具有稳定且可编辑的场景来源,screened
属性与状态,属性与状态 / 厚实物品,26,hold,[],属性与状态 / 厚实物品,仅凭分类名称无法确定具体场景或是否存在稳定有用的来源,screened
属性与状态,属性与状态 / 原野,26,keep,"[""自然环境"", ""地形水域""]",原野相关的自然场景和地形环境,原野作为自然环境的一部分，具有稳定且广泛的场景来源，适用于多种可编辑的自然场景,screened
属性与状态,属性与状态 / 友情,28,hold,[],属性与状态 / 友情,仅凭分类名称无法确定具体场景或稳定来源，缺乏可判断的场景或承载环境,screened
属性与状态,属性与状态 / 双眼特征,21,reject,[],属性与状态 / 双眼特征,该分类主要涉及抽象的双眼特征，缺乏稳定、可编辑的场景或承载环境来源，属于纯符号或文字类内容，无实际场景支撑。,screened
属性与状态,属性与状态 / 反射,25,hold,[],属性与状态 / 反射,仅凭分类名称无法确定其具体场景或是否存在稳定有用的来源,screened
属性与状态,属性与状态 / 古老的,24,hold,[],属性与状态 / 古老的,仅凭分类名称无法确定具体场景或是否存在稳定有用的来源,screened
属性与状态,属性与状态 / 可爱的,25,hold,[],属性与状态 / 可爱的,仅凭分类名称无法确定具体场景或是否存在稳定有用的来源,screened
属性与状态,属性与状态 / 可转换的,28,hold,[],属性与状态 / 可转换的,仅凭分类名称无法确定具体场景或是否存在稳定有用的来源,screened
属性与状态,属性与状态 / 后部,23,hold,[],属性与状态 / 后部,仅凭分类名称无法确定其具体场景或是否存在稳定有用的来源,screened
属性与状态,属性与状态 / 向上,54,hold,[],属性与状态 / 向上,仅凭'向上'这一属性无法确定具体场景或稳定来源，缺乏可识别的场景或承载环境,screened
属性与状态,属性与状态 / 含糊的,29,hold,[],属性与状态 / 含糊的,仅凭分类名称无法确定具体场景或稳定来源，缺乏明确的场景或承载环境关联,screened
属性与状态,属性与状态 / 命运 / 不幸,28,reject,[],属性与状态 / 命运 / 不幸,该分类属于抽象符号和纯文字描述，缺乏稳定、可编辑的场景或承载区域来源。,screened
属性与状态,属性与状态 / 品种,24,hold,[],属性与状态 / 品种,仅凭分类名称无法确定具体场景或是否存在稳定有用的来源,screened
属性与状态,属性与状态 / 图案 / 款式,28,reject,[],图案、款式等属性类描述,主要为抽象符号或纯文字描述，缺乏稳定、可编辑的场景或承载区域来源,screened
属性与状态,属性与状态 / 圆形 / 卷,22,hold,[],属性与状态 / 圆形 / 卷,仅凭分类名称无法确定是否存在稳定有用的场景或承载区域来源,screened
属性与状态,属性与状态 / 圆形 / 回旋,20,hold,[],属性与状态 / 圆形 / 回旋,仅凭分类名称无法确定其是否包含稳定有用的场景或承载区域来源,screened
属性与状态,属性与状态 / 圆形 / 圆平面,19,hold,[],属性与状态下的圆形平面,仅凭'圆形/圆平面'无法确定是否存在稳定有用的场景或承载区域来源,screened
属性与状态,属性与状态 / 圆形 / 圆柱体,19,reject,[],圆形/圆柱体属性,仅提供抽象形状描述，缺乏稳定可用的场景或承载区域来源,screened
属性与状态,属性与状态 / 圆形 / 圆锥体,35,reject,[],圆形和圆锥体的属性与状态,该分类仅涉及抽象形状属性，缺乏稳定、可编辑的场景或承载环境来源。,screened
属性与状态,属性与状态 / 圆形 / 小滴,15,reject,[],圆形小滴,仅包含抽象符号或孤立小物特写，缺乏稳定有用的场景或承载区域来源,screened
属性与状态,属性与状态 / 圆形 / 球,104,reject,[],圆形/球的属性与状态,仅提供抽象符号或纯形态描述，缺乏稳定、可编辑的场景或承载区域来源,screened
属性与状态,属性与状态 / 圆形 / 轮缘,20,reject,[],圆形的轮缘,轮缘属于抽象符号或纯文字特征，缺乏稳定、可用的场景或承载区域来源,screened
属性与状态,属性与状态 / 在水下的,26,keep,"[""水下环境"", ""自然水域""]",水下场景中的物体和状态表现,水下环境具有稳定且可编辑的承载面，能提供丰富的视觉和状态信息,screened
属性与状态,属性与状态 / 地产,39,keep,"[""室内空间"", ""建筑区域"", ""地产环境""]",地产相关的室内空间、建筑区域和地产环境,地产类别包含稳定且常见的空间场景，如住宅、商业建筑和地产区域，具有明确的场景来源和承载环境。,screened
属性与状态,属性与状态 / 地理的,39,keep,"[""自然环境"", ""地形水域"", ""地理区域""]",地理相关的自然与人文区域,地理的属性与状态涵盖稳定存在的自然与人文地理场景，如地形、水域、区域等，具有明确且稳定的场景来源。,screened
属性与状态,属性与状态 / 均衡 / 匀称,18,hold,[],属性与状态 / 均衡 / 匀称,仅凭分类名称无法确定是否存在稳定有用的场景或承载区域来源,screened
属性与状态,属性与状态 / 均衡 / 匀称配置,18,hold,[],属性与状态 / 均衡 / 匀称配置,仅凭分类名称无法确定具体场景或稳定来源，缺乏明确的视觉场景或承载环境支持。,screened
属性与状态,属性与状态 / 坏的,28,reject,[],属性与状态 / 坏的,该分类仅表示负面属性或状态，缺乏稳定、具体的场景或承载环境来源，属于抽象符号类，无实际可编辑的物理场景支持。,screened
属性与状态,属性与状态 / 坐着,29,hold,[],属性与状态 / 坐着,仅凭分类名称无法确定具体场景或是否存在稳定有用的来源,screened
属性与状态,属性与状态 / 坚固的,29,hold,[],属性与状态 / 坚固的,仅凭分类名称无法确定具体场景或是否存在稳定有用的来源,screened
属性与状态,属性与状态 / 坚韧,27,hold,[],属性与状态 / 坚韧,仅凭分类名称无法确定其具体场景或是否存在稳定有用的来源,screened
属性与状态,属性与状态 / 城市景观,28,keep,"[""城市景观"", ""公共空间"", ""自然与人工融合环境""]",包含城市中的各类景观元素，如建筑、道路、绿化、天际线等，具有稳定且可编辑的场景来源,城市景观通常包含稳定、可编辑的场景和承载面，如街道、广场、建筑群等，具备广泛适用的视觉来源,screened
属性与状态,属性与状态 / 声音属性 / 沥青,30,reject,[],沥青,沥青通常仅作为抽象材料或纯文字出现，缺乏稳定、可用的场景或承载区域来源。,screened
属性与状态,属性与状态 / 声音属性 / 纹理,24,reject,[],声音属性中的纹理,纹理属于视觉属性，与声音属性无直接关联，缺乏稳定可用的场景或承载区域来源,screened
属性与状态,属性与状态 / 复杂性 / 挂毯,28,reject,[],属性与状态 / 复杂性 / 挂毯,挂毯属于抽象符号和孤立小物特写，缺乏稳定有用的场景或承载区域来源。,screened
属性与状态,属性与状态 / 夏天傍晚,28,keep,"[""傍晚场景"", ""自然环境""]",夏天傍晚的自然与生活场景,夏天傍晚具有稳定的自然光照和典型环境特征，可覆盖多种户外和生活场景。,screened
属性与状态,属性与状态 / 外表 / 形象,28,reject,[],外表与形象相关的内容,该分类主要涉及抽象符号、纯文字或视觉表现，缺乏稳定、可编辑的场景或承载区域来源,screened
属性与状态,属性与状态 / 外表 / 时尚造型,28,reject,[],时尚造型,该分类主要涉及抽象符号和纯文字，缺乏稳定、可编辑的场景或承载区域来源。,screened
属性与状态,属性与状态 / 外表 / 样子,27,reject,[],外表与样子,该分类主要涉及抽象描述，缺乏稳定、具体的场景或承载区域来源，仅提供符号化或文字性特征，无法支撑有效视觉内容召回。,screened
属性与状态,属性与状态 / 外表 / 污渍,21,reject,[],外表与污渍相关的内容,污渍多为抽象符号或孤立小物特写，缺乏稳定、可用的场景或承载区域来源,screened
属性与状态,属性与状态 / 外表 / 美,28,hold,[],属性与状态 / 外表 / 美,仅凭分类名称无法确定具体场景或稳定来源，缺乏明确的视觉场景或承载环境支持。,screened
属性与状态,属性与状态 / 外表 / 表象,27,reject,[],属性与状态 / 外表 / 表象,该分类主要涉及抽象符号、纯文字或视觉表象，缺乏稳定、可编辑的场景或承载区域来源。,screened
属性与状态,属性与状态 / 外表 / 裂纹,20,reject,[],裂纹作为外表属性，通常出现在物体表面，缺乏稳定、可编辑的场景或承载环境,裂纹多为物体表面的抽象符号或缺陷特征，缺乏稳定、可编辑的场景或承载区域来源,screened
属性与状态,属性与状态 / 外表 / 阶段,47,hold,[],属性与状态 / 外表 / 阶段,仅凭分类名称无法确定具体场景或稳定来源，缺乏明确的场景或承载环境关联,screened
属性与状态,属性与状态 / 外表 / 面容,17,reject,[],外表与面容,该分类主要涉及抽象符号、纯文字或孤立的人脸特写，缺乏稳定、可编辑的场景或承载区域来源。,screened
属性与状态,属性与状态 / 外面的,21,hold,[],属性与状态 / 外面的,仅凭分类名称无法确定具体场景或是否存在稳定有用的来源,screened
属性与状态,属性与状态 / 多云,26,reject,[],多云属性,多云属于抽象天气状态，缺乏稳定、可编辑的场景或承载环境来源,screened
属性与状态,属性与状态 / 多尖角 / 急转弯,21,reject,[],属性与状态 / 多尖角 / 急转弯,该分类属于抽象属性描述，缺乏稳定、可编辑的场景或承载环境来源，仅表现为符号或几何特征，无实际场景支持。,screened
属性与状态,属性与状态 / 多岩石的,23,hold,[],属性与状态 / 多岩石的,仅凭分类名称无法确定是否存在稳定有用的场景或承载区域来源,screened
属性与状态,属性与状态 / 多彩,32,hold,[],属性与状态 / 多彩,仅凭分类名称无法确定具体场景或稳定来源，缺乏明确的场景或承载环境关联,screened
属性与状态,属性与状态 / 多种多样,25,hold,[],属性与状态 / 多种多样,仅凭分类名称无法确定具体场景或稳定来源,screened
属性与状态,属性与状态 / 多雪的,22,reject,[],多雪的属性状态,多雪的属于抽象属性描述，缺乏稳定、可编辑的场景或承载环境来源,screened
属性与状态,属性与状态 / 多雾的,20,hold,[],属性与状态 / 多雾的,仅凭分类名称无法确定是否存在稳定有用的场景或承载区域来源,screened
属性与状态,属性与状态 / 夜光,27,hold,[],属性与状态 / 夜光,仅凭'夜光'无法确定具体场景或稳定来源，缺乏明确的场景或承载环境关联,screened
属性与状态,属性与状态 / 大小 / 数量,22,hold,[],属性与状态 / 大小 / 数量,仅凭分类名称无法确定具体场景或稳定来源，缺乏明确的场景或承载环境关联,screened
属性与状态,属性与状态 / 大小 / 极小的,29,reject,[],极小的属性与状态,该分类主要描述抽象属性，缺乏稳定、具体的场景或承载环境来源，仅涉及符号化或文字表达，无实际可编辑的物理环境支撑。,screened
属性与状态,属性与状态 / 大小 / 范围,38,hold,[],属性与状态 / 大小 / 范围,仅凭分类名称无法确定具体场景或稳定来源，缺乏明确的场景或承载环境关联,screened
属性与状态,属性与状态 / 天蓝色的,28,reject,[],天蓝色的属性与状态,仅包含颜色属性，缺乏稳定、具体的场景或承载环境来源,screened
属性与状态,属性与状态 / 太阳的,19,reject,[],太阳的属性与状态,该分类仅涉及抽象属性和状态描述，缺乏稳定、可编辑的场景或承载环境来源。,screened
属性与状态,属性与状态 / 失眠,27,reject,[],属性与状态 / 失眠,失眠属于抽象状态描述，缺乏稳定、可编辑的场景或承载环境来源。,screened
属性与状态,属性与状态 / 奇观,38,hold,[],属性与状态 / 奇观,仅凭分类名称无法确定具体场景或是否存在稳定有用的来源,screened
属性与状态,属性与状态 / 奢侈品,40,reject,[],奢侈品,奢侈品通常只提供抽象符号、纯文字或品牌标志，缺乏稳定、可用的场景或承载区域来源。,screened
属性与状态,属性与状态 / 好看的,28,reject,[],属性与状态 / 好看的,该分类仅包含抽象主观评价，缺乏稳定、可编辑的场景或承载环境来源。,screened
属性与状态,属性与状态 / 宗教的,17,hold,[],属性与状态 / 宗教的,仅凭分类名称无法确定具体场景或稳定来源，缺乏明确的场景或承载环境关联,screened
属性与状态,属性与状态 / 害怕的,27,reject,[],属性与状态 / 害怕的,该类别主要表达情感状态，缺乏稳定、可编辑的场景或承载环境来源，属于抽象符号类，无实际物理场景支持。,screened
属性与状态,属性与状态 / 容器内容,28,keep,"[""容器内部"", ""物品摆放空间"", ""存储环境""]",容器内部的物品状态和内容展示,容器内容类涉及多种稳定场景，如柜子、箱子、瓶子等内部的物品摆放，具有明确的承载和展示来源。,screened
属性与状态,属性与状态 / 宽的,24,hold,[],属性与状态中的宽的类别,仅凭'宽的'无法确定具体场景或稳定来源，缺乏明确的场景或承载环境关联,screened
属性与状态,属性与状态 / 寿命,28,hold,[],属性与状态 / 寿命,仅凭分类名称无法确定具体场景或稳定来源，缺乏明确的场景或承载环境关联,screened
属性与状态,属性与状态 / 局部 / 余数,28,hold,[],属性与状态下的局部余数,仅凭分类名称无法确定具体场景或稳定来源,screened
属性与状态,属性与状态 / 局部 / 细节,26,hold,[],属性与状态下的局部细节,仅凭分类名称无法确定具体场景或稳定来源,screened
属性与状态,属性与状态 / 层次 / 高处,28,keep,"[""高处环境"", ""建筑结构"", ""自然地形""]",包含高处的场景和结构，如屋顶、高架、山体、高层建筑等,高处环境具有稳定且可编辑的承载面，如屋顶、高架桥、山体等，能提供明确的场景来源,screened
属性与状态,属性与状态 / 州立公园,28,keep,"[""自然环境"", ""庭院公园""]",州立公园作为自然环境中的公共空间，包含植被、步道、观景台等稳定场景,州立公园具有稳定的自然场景和公共使用环境，提供丰富的可编辑空间和承载面,screened
属性与状态,属性与状态 / 巨大的,26,hold,[],属性与状态 / 巨大的,仅凭分类名称无法确定具体场景或是否存在稳定有用的来源,screened
属性与状态,属性与状态 / 差异,43,hold,[],属性与状态 / 差异,仅凭分类名称无法确定具体场景或稳定来源，缺乏明确的场景或承载环境关联,screened
属性与状态,属性与状态 / 布局 / 间距,56,hold,[],属性与状态 / 布局 / 间距,仅凭分类名称无法确定具体场景或是否存在稳定有用的来源,screened
属性与状态,属性与状态 / 平,28,hold,[],属性与状态 / 平,仅凭分类名称无法确定具体场景或是否存在稳定有用的来源,screened
属性与状态,属性与状态 / 平静状态,52,hold,[],属性与状态 / 平静状态,仅凭分类名称无法确定是否存在稳定有用的场景或承载区域来源,screened
属性与状态,属性与状态 / 幸福的,25,reject,[],属性与状态 / 幸福的,幸福的属于抽象符号和主观状态，缺乏稳定、可编辑的场景或承载区域来源。,screened
属性与状态,属性与状态 / 开放的,26,keep,"[""开放空间"", ""自然环境"", ""公共区域""]",包含开放的属性与状态，如空间无遮挡、视野开阔等场景,开放的属性在多种场景中具有稳定来源，如户外空间、自然环境和公共区域，能提供一致的视觉背景和可编辑环境,screened
属性与状态,属性与状态 / 开阔的 / 张开,22,hold,[],属性与状态 / 开阔的 / 张开,仅凭分类名称无法确定具体场景或是否存在稳定有用的来源,screened
属性与状态,属性与状态 / 弄脏的,27,hold,[],属性与状态 / 弄脏的,仅凭分类名称无法确定具体场景或稳定来源，缺乏明确的场景或承载环境关联,screened
属性与状态,属性与状态 / 引人注意,23,hold,[],属性与状态 / 引人注意,仅凭分类名称无法确定具体场景或稳定来源，缺乏明确的场景或承载环境关联,screened
属性与状态,属性与状态 / 强壮者,28,hold,[],属性与状态 / 强壮者,仅凭分类名称无法确定具体场景或稳定来源，缺乏可判断的场景或承载环境,screened
属性与状态,属性与状态 / 径直的,35,hold,[],属性与状态 / 径直的,仅凭分类名称无法确定具体场景或稳定来源，缺乏可判断的场景或承载环境,screened
属性与状态,属性与状态 / 微湿的,25,reject,[],微湿的属性与状态,微湿的属于抽象属性描述，缺乏稳定、可编辑的场景或承载环境来源，仅表现为文字或符号，无实际场景支撑,screened
属性与状态,属性与状态 / 微黄色的,37,reject,[],微黄色的属性与状态,仅表示颜色属性，缺乏稳定场景或承载环境来源,screened
属性与状态,属性与状态 / 性情,28,reject,[],属性与状态 / 性情,该分类主要涉及抽象符号和纯文字描述，缺乏稳定、可编辑的场景或承载区域来源。,screened
属性与状态,属性与状态 / 性感,163,reject,[],属性与状态 / 性感,该分类属于抽象符号或纯文字描述，缺乏稳定、可编辑的场景或承载区域来源。,screened
属性与状态,属性与状态 / 恋爱的,27,reject,[],属性与状态 / 恋爱的,该分类属于抽象情感状态，缺乏稳定、可编辑的场景或承载环境来源。,screened
属性与状态,属性与状态 / 恐怖事物,12,reject,[],属性与状态 / 恐怖事物,恐怖事物多为抽象符号或孤立小物特写，缺乏稳定有用的场景或承载区域来源。,screened
属性与状态,属性与状态 / 悲伤的,25,reject,[],属性与状态 / 悲伤的,悲伤的属于抽象情感符号，缺乏稳定、具体的场景或承载环境来源,screened
属性与状态,属性与状态 / 感受 / 刺击,28,reject,[],属性与状态 / 感受 / 刺击,该分类主要涉及抽象感受和符号化表达，缺乏稳定、可编辑的场景或承载环境来源。,screened
属性与状态,属性与状态 / 感受 / 幸福,28,reject,[],抽象感受类,幸福属于抽象符号和情感表达，缺乏稳定、可编辑的场景或承载环境来源,screened
属性与状态,属性与状态 / 感受 / 快乐,56,reject,[],感受类属性,快乐属于抽象情感表达，缺乏稳定、可编辑的场景或承载环境来源,screened
属性与状态,属性与状态 / 感受 / 情感,26,reject,[],属性与状态 / 感受 / 情感,该分类主要涉及抽象情感和主观感受，缺乏稳定、可编辑的场景或承载环境来源。,screened
属性与状态,属性与状态 / 感受 / 热情,27,reject,[],属性与状态 / 感受 / 热情,该分类主要涉及抽象感受和情感状态，缺乏稳定、可编辑的场景或承载环境来源。,screened
属性与状态,属性与状态 / 感受 / 自豪,25,reject,[],抽象感受类,该分类属于主观情感表达，缺乏稳定、可编辑的场景或承载环境来源,screened
属性与状态,属性与状态 / 愤怒表现,22,reject,[],属性与状态 / 愤怒表现,愤怒表现通常为抽象符号或纯文字，缺乏稳定、可用的场景或承载区域来源。,screened
属性与状态,属性与状态 / 拥挤的,23,hold,[],属性与状态 / 拥挤的,仅凭分类名称无法确定具体场景或是否存在稳定有用的来源,screened
属性与状态,属性与状态 / 挽起,26,hold,[],属性与状态 / 挽起,仅凭分类名称无法确定具体场景或稳定来源,screened
属性与状态,属性与状态 / 捕获,28,reject,[],属性与状态 / 捕获,该分类主要涉及抽象属性或状态描述，缺乏稳定、具体的场景或承载环境来源。,screened
属性与状态,属性与状态 / 排成长队,27,hold,[],属性与状态 / 排成长队,仅凭分类名称无法确定是否存在稳定有用的场景或承载区域来源,screened
属性与状态,属性与状态 / 摆件,33,hold,[],属性与状态 / 摆件,仅凭分类名称无法确定具体场景或是否存在稳定有用的来源,screened
属性与状态,属性与状态 / 摊位,28,hold,[],属性与状态 / 摊位,仅凭分类名称无法确定具体场景或是否存在稳定有用的来源,screened
属性与状态,属性与状态 / 散装,38,hold,[],属性与状态 / 散装,仅凭分类名称无法确定具体场景或是否存在稳定有用的来源,screened
属性与状态,属性与状态 / 断了的,26,reject,[],属性与状态 / 断了的,该分类仅表示一种状态描述，缺乏稳定、具体的场景或承载环境来源，属于抽象符号类，无实际可编辑的场景或空间支持。,screened
属性与状态,属性与状态 / 新生的,22,hold,[],属性与状态 / 新生的,仅凭分类名称无法确定具体场景或稳定来源，缺乏可判断的场景或承载环境,screened
属性与状态,属性与状态 / 新的,20,hold,[],属性与状态 / 新的,仅凭分类名称无法确定具体场景或是否存在稳定有用的来源,screened
属性与状态,属性与状态 / 方式,27,hold,[],属性与状态 / 方式,仅凭分类名称无法确定具体场景或是否存在稳定有用的来源,screened
属性与状态,属性与状态 / 无定形 / 广阔区域,49,keep,"[""自然环境"", ""地形水域"", ""广阔空间""]",广阔区域如沙漠、海洋、平原、草原等大范围地理空间,广阔区域具有稳定且非偶然的场景来源，能提供丰富的承载与环境结构支持,screened
属性与状态,属性与状态 / 无定形 / 开口,144,hold,[],属性与状态 / 无定形 / 开口,仅凭分类名称无法确定具体场景或是否存在稳定有用的来源,screened
属性与状态,属性与状态 / 无定形 / 房子外部,28,keep,"[""庭院公园"", ""自然环境"", ""建筑外部""]",房子外部的场景，包括庭院、围墙、屋顶、外墙等区域,房子外部通常包含稳定且多样的场景来源，如庭院、自然环境和建筑结构，具有明确的承载面和可编辑空间,screened
属性与状态,属性与状态 / 无定形 / 角,28,hold,[],属性与状态 / 无定形 / 角,仅凭'角'这一名称无法确定其在具体场景中的稳定来源或可编辑环境结构。,screened
属性与状态,属性与状态 / 无定形 / 隔间,28,hold,[],属性与状态 / 无定形 / 隔间,仅凭分类名称无法确定是否存在稳定有用的场景或承载区域来源,screened
属性与状态,属性与状态 / 时髦的,28,hold,[],属性与状态 / 时髦的,仅凭分类名称无法确定具体场景或稳定来源，缺乏可判断的场景或承载环境,screened
属性与状态,属性与状态 / 时髦者,24,hold,[],属性与状态 / 时髦者,仅凭分类名称无法确定具体场景或稳定来源，缺乏明确的场景或承载环境关联,screened
属性与状态,属性与状态 / 明亮的,28,reject,[],明亮的属性与状态,明亮的属于抽象属性，缺乏稳定、具体的场景或承载环境来源，仅表现为视觉状态，无实际可编辑的环境结构或空间支撑。,screened
属性与状态,属性与状态 / 星罗棋布,25,hold,[],属性与状态 / 星罗棋布,仅凭分类名称无法确定具体场景或是否存在稳定有用的来源,screened
属性与状态,属性与状态 / 景点 / 旅游景点,29,keep,"[""旅游景点"", ""公共空间"", ""自然与人文环境""]",包含各类旅游景点的场景，如自然风光、人文景观、城市地标等,旅游景点通常具有稳定且丰富的场景来源，涵盖多种空间和承载环境，适合召回相关图片,screened
属性与状态,属性与状态 / 有条纹的,28,hold,[],属性与状态 / 有条纹的,仅凭分类名称无法确定具体场景或是否存在稳定有用的来源,screened
属性与状态,属性与状态 / 有某种毛发的,27,hold,[],有某种毛发的属性与状态,仅凭分类名称无法确定具体场景或稳定来源，缺乏明确的场景或承载环境关联,screened
属性与状态,属性与状态 / 有甜味的,28,reject,[],有甜味的属性与状态,该分类仅涉及抽象属性，缺乏稳定、具体的场景或承载环境来源，属于纯文字或符号描述，无实际可编辑的场景或环境支撑。,screened
属性与状态,属性与状态 / 有趣的,27,hold,[],属性与状态 / 有趣的,仅凭分类名称无法确定具体场景或是否存在稳定有用的来源,screened
属性与状态,属性与状态 / 有雾的,47,hold,[],有雾的属性与状态,仅凭'有雾的'无法确定具体场景或稳定来源，缺乏可判断的场景或承载环境,screened
属性与状态,属性与状态 / 有风的,28,reject,[],有风的属性与状态,该分类仅表示抽象属性，缺乏稳定、可编辑的场景或承载环境来源。,screened
属性与状态,属性与状态 / 木的,27,reject,[],木的属性与状态,该分类仅涉及抽象属性描述，缺乏稳定、具体的场景或承载环境来源。,screened
属性与状态,属性与状态 / 权威的,24,reject,[],权威的属性与状态,该分类主要涉及抽象符号或概念性描述，缺乏稳定、具体的场景或承载环境来源。,screened
属性与状态,属性与状态 / 极点,28,hold,[],属性与状态 / 极点,仅凭分类名称无法确定具体场景或稳定来源，缺乏明确的场景或承载环境关联,screened
属性与状态,属性与状态 / 染色的,28,hold,[],属性与状态 / 染色的,仅凭分类名称无法确定具体场景或是否存在稳定有用的来源,screened
属性与状态,属性与状态 / 椭圆形,28,reject,[],属性与状态 / 椭圆形,椭圆形属于抽象形状，缺乏稳定、可用的场景或承载区域来源，仅作为属性描述，无实际环境支撑。,screened
属性与状态,属性与状态 / 模糊,12,hold,[],属性与状态 / 模糊,仅凭分类名称无法确定具体场景或是否存在稳定有用的来源,screened
属性与状态,属性与状态 / 气温高的,28,reject,[],气温高的属性与状态,气温高通常只提供抽象符号或文字描述，缺乏稳定、可编辑的场景或承载环境来源,screened
属性与状态,属性与状态 / 水晶的,28,reject,[],水晶的属性与状态,该分类主要涉及抽象属性描述，缺乏稳定、可编辑的场景或承载环境来源。,screened
属性与状态,属性与状态 / 沙尘场景,28,keep,"[""自然环境"", ""沙漠场景""]",沙尘天气下的自然环境和沙漠场景,沙尘场景通常出现在干旱或半干旱地区，具有稳定的自然环境来源，能提供可编辑的承载面和场景背景。,screened
属性与状态,属性与状态 / 沙质的,27,reject,[],沙质的属性,该分类仅描述材质属性，缺乏稳定、可编辑的场景或承载环境来源。,screened
属性与状态,属性与状态 / 沿岸的,54,keep,"[""沿岸环境"", ""自然水域"", ""海岸区域""]",沿岸的属性与状态，如潮汐、水温、植被覆盖等,沿岸环境具有稳定且可重复的自然场景和承载面，适合提供可编辑的环境结构,screened
属性与状态,属性与状态 / 法定地位 / 婚姻状况,28,reject,[],法定地位或婚姻状况的文本描述,该分类主要为抽象符号和文字信息，缺乏稳定、可编辑的场景或承载环境来源,screened
属性与状态,属性与状态 / 法律责任 / 不利,28,reject,[],法律相关文本或条款,该分类主要涉及抽象法律条款，缺乏稳定、可编辑的场景或承载环境来源,screened
属性与状态,属性与状态 / 活的,28,hold,[],属性与状态 / 活的,仅凭分类名称无法确定具体场景或是否存在稳定有用的来源,screened
属性与状态,属性与状态 / 浅紫色的,26,reject,[],浅紫色的属性与状态,仅涉及颜色属性，缺乏稳定、具体的场景或承载环境来源,screened
属性与状态,属性与状态 / 浅绿色,27,reject,[],浅绿色属性,仅表示颜色属性，缺乏稳定场景或承载环境来源,screened
属性与状态,属性与状态 / 浪漫,28,hold,[],属性与状态 / 浪漫,仅凭分类名称无法确定具体场景或稳定来源，缺乏可判断的场景或承载环境,screened
属性与状态,属性与状态 / 深褐色的,25,reject,[],深褐色的属性与状态,仅表示颜色属性，缺乏稳定场景或承载环境来源,screened
属性与状态,属性与状态 / 混合的,28,hold,[],属性与状态 / 混合的,仅凭分类名称无法确定具体场景或是否存在稳定有用的来源,screened
属性与状态,属性与状态 / 添加物,28,hold,[],属性与状态 / 添加物,仅凭分类名称无法确定具体场景或是否存在稳定有用的来源,screened
属性与状态,属性与状态 / 清凉物品,28,hold,[],属性与状态 / 清凉物品,仅凭分类名称无法确定具体场景或稳定来源，缺乏明确的场景或承载环境关联,screened
属性与状态,属性与状态 / 温度变化 / 冷却,23,reject,[],温度变化 / 冷却,冷却通常表现为抽象符号或纯文字，缺乏稳定、可编辑的场景或承载区域来源,screened
属性与状态,属性与状态 / 溶解物,28,reject,[],属性与状态 / 溶解物,该分类主要涉及抽象属性和化学状态，缺乏稳定、可编辑的场景或承载环境来源。,screened
属性与状态,属性与状态 / 满盈,28,hold,[],属性与状态 / 满盈,仅凭分类名称无法确定具体场景或稳定来源，缺乏可判断的场景或承载环境,screened
属性与状态,属性与状态 / 漂亮之物,28,reject,[],属性与状态 / 漂亮之物,该分类主要为抽象符号或主观评价，缺乏稳定、具体的场景或承载区域来源。,screened
属性与状态,属性与状态 / 烧焦,28,reject,[],属性与状态 / 烧焦,烧焦属于抽象状态描述，缺乏稳定、可编辑的场景或承载环境来源，通常仅表现为文字或符号，无实际场景支撑。,screened
属性与状态,属性与状态 / 热带的,27,hold,[],属性与状态 / 热带的,仅凭分类名称无法确定是否存在稳定有用的场景或承载区域来源。,screened
属性与状态,属性与状态 / 物理性质 / 最强烈的部分,21,reject,[],属性与状态 / 物理性质 / 最强烈的部分,该分类主要描述抽象的物理性质属性，缺乏稳定、可编辑的场景或承载环境来源。,screened
属性与状态,属性与状态 / 物理性质 / 温度,29,reject,[],温度相关属性,温度属于抽象物理性质，缺乏稳定、可编辑的场景或承载环境来源，仅表现为符号或文字描述。,screened
属性与状态,属性与状态 / 物理性质 / 给予,27,reject,[],属性与状态 / 物理性质 / 给予,该分类主要涉及抽象属性和状态描述，缺乏稳定、具体的场景或承载环境来源。,screened
属性与状态,属性与状态 / 物理性质 / 重力,24,reject,[],重力作为物理性质,重力是抽象物理概念，缺乏稳定、可编辑的场景或承载区域来源,screened
属性与状态,属性与状态 / 物理现象,54,keep,"[""自然环境"", ""物理现象场景""]",涉及物理现象的自然或环境场景，如天气、光照、温度、运动等,物理现象常出现在自然环境中，具有稳定且可观察的场景来源，如天气变化、光照条件等，能提供可靠的可编辑环境结构。,screened
属性与状态,属性与状态 / 物理现象 / 冬季风暴,22,reject,[],冬季风暴相关的物理现象,冬季风暴主要表现为抽象天气现象，缺乏稳定、可编辑的场景或承载环境来源,screened
属性与状态,属性与状态 / 物理现象 / 冷凝,22,reject,[],冷凝现象,冷凝属于抽象物理现象，缺乏稳定、可编辑的场景或承载区域来源，通常表现为表面水珠或雾气，无明确实用或环境支撑场景。,screened
属性与状态,属性与状态 / 物理现象 / 大气电,22,reject,[],大气电现象,该类别主要涉及抽象物理现象，缺乏稳定、可编辑的场景或承载环境来源。,screened
属性与状态,属性与状态 / 物理现象 / 抵抗力,20,reject,[],属性与状态 / 物理现象 / 抵抗力,该分类主要涉及抽象物理概念，缺乏稳定、可编辑的场景或承载环境来源。,screened
属性与状态,属性与状态 / 物理现象 / 暴风雪,22,reject,[],暴风雪相关的物理现象,暴风雪主要表现为抽象天气现象，缺乏稳定、可编辑的场景或承载区域来源，属于纯符号性描述，无法提供实际的视觉环境支持。,screened
属性与状态,属性与状态 / 状况 / 不健全,51,hold,[],属性与状态 / 状况 / 不健全,仅凭分类名称无法确定具体场景或稳定来源，缺乏明确的场景或承载环境关联,screened
属性与状态,属性与状态 / 状况 / 不洁,80,reject,[],属性与状态 / 状况 / 不洁,该分类主要涉及抽象状态描述，缺乏稳定、具体的场景或承载环境来源，仅表现为符号或文字，无实际可编辑的物理环境支撑。,screened
属性与状态,属性与状态 / 状况 / 位置,27,hold,[],属性与状态 / 状况 / 位置,仅凭分类名称无法确定具体场景或稳定来源，缺乏明确的场景或承载环境关联,screened
属性与状态,属性与状态 / 状况 / 使凌乱,25,reject,[],属性与状态 / 状况 / 使凌乱,该分类主要描述状态或抽象概念，缺乏稳定、具体的场景或承载环境来源，无法提供可编辑的物理环境或实际场景支持。,screened
属性与状态,属性与状态 / 状况 / 卫生条件,49,hold,[],属性与状态 / 状况 / 卫生条件,仅凭分类名称无法确定是否存在稳定有用的场景或承载区域来源,screened
属性与状态,属性与状态 / 状况 / 吸尘器,25,reject,[],吸尘器的属性与状态,该分类仅涉及抽象属性和状态描述，缺乏稳定、可编辑的场景或承载环境来源。,screened
属性与状态,属性与状态 / 状况 / 周围环境,26,keep,"[""周围环境"", ""自然环境"", ""室内空间""]",包含各类环境状态和场景背景，如室内、室外、自然、人工空间等,周围环境涵盖多种稳定场景，可提供丰富的承载与背景信息，适用于多种编辑场景,screened
属性与状态,属性与状态 / 状况 / 干燥,28,reject,[],干燥状态,干燥属于抽象属性，缺乏稳定、可编辑的场景或承载环境来源，仅表现为状态描述，无实际场景支撑,screened
属性与状态,属性与状态 / 状况 / 心理状态,55,reject,[],属性与状态 / 状况 / 心理状态,该分类主要涉及抽象符号、纯文字或心理描述，缺乏稳定、可编辑的场景或承载区域来源。,screened
属性与状态,属性与状态 / 状况 / 必要,24,hold,[],属性与状态 / 状况 / 必要,仅凭分类名称无法确定具体场景或稳定来源，缺乏明确的场景或承载环境关联,screened
属性与状态,属性与状态 / 状况 / 愉快,27,reject,[],属性与状态 / 状况 / 愉快,该分类仅表示抽象情绪状态，缺乏稳定、可编辑的场景或承载环境来源。,screened
属性与状态,属性与状态 / 状况 / 整齐,26,hold,[],属性与状态 / 状况 / 整齐,仅凭分类名称无法确定具体场景或是否存在稳定有用的来源,screened
属性与状态,属性与状态 / 状况 / 无罪,27,reject,[],属性与状态 / 状况 / 无罪,该分类属于抽象符号和纯文字描述，缺乏稳定、可编辑的场景或承载环境来源。,screened
属性与状态,属性与状态 / 状况 / 湿润,51,reject,[],属性与状态 / 状况 / 湿润,湿润属于抽象状态描述，缺乏稳定、具体的场景或承载环境来源，仅表现为文字或符号，无实际可编辑的物理场景支持。,screened
属性与状态,属性与状态 / 状况 / 生理状态,339,reject,[],属性与状态 / 状况 / 生理状态,该分类主要涉及抽象符号、纯文字或生理描述，缺乏稳定、可编辑的场景或承载区域来源。,screened
属性与状态,属性与状态 / 狭窄的,23,hold,[],属性与状态 / 狭窄的,仅凭分类名称无法确定具体场景或是否存在稳定有用的来源,screened
属性与状态,属性与状态 / 王室的,23,hold,[],属性与状态 / 王室的,仅凭分类名称无法确定具体场景或稳定来源，缺乏明确的场景或承载环境支持。,screened
属性与状态,属性与状态 / 环状,26,hold,[],属性与状态 / 环状,仅凭分类名称无法确定具体场景或是否存在稳定有用的来源,screened
属性与状态,属性与状态 / 生物学的,51,hold,[],属性与状态 / 生物学的,仅凭分类名称无法确定具体场景或是否存在稳定有用的来源,screened
属性与状态,属性与状态 / 生疏的,27,hold,[],属性与状态 / 生疏的,仅凭分类名称无法确定具体场景或是否存在稳定有用的来源,screened
属性与状态,属性与状态 / 生锈的,26,reject,[],生锈的属性与状态,生锈的属于抽象状态描述，缺乏稳定、可编辑的场景或承载区域来源，仅表现为物体表面状态，无法提供实际使用或环境支撑。,screened
属性与状态,属性与状态 / 眩光,24,reject,[],属性与状态 / 眩光,眩光属于抽象属性，缺乏稳定、具体的场景或承载环境来源，仅表现为视觉现象，无实际可编辑的环境结构或空间支撑。,screened
属性与状态,属性与状态 / 短的,23,hold,[],属性与状态 / 短的,仅凭分类名称无法确定具体场景或稳定来源，缺乏可判断的场景或承载环境,screened
属性与状态,属性与状态 / 神职人员 / 祭司,155,hold,[],属性与状态 / 神职人员 / 祭司,仅凭分类名称无法确定是否存在稳定有用的场景或承载区域来源,screened
属性与状态,属性与状态 / 秃头的,24,reject,[],秃头的属性与状态,该分类仅涉及抽象属性，缺乏稳定、可编辑的场景或承载环境来源。,screened
属性与状态,属性与状态 / 稳定的,21,keep,"[""稳定环境"", ""静态场景""]",包含所有具有稳定属性或状态的场景，如固定建筑、静止物体、持续存在的自然现象等,稳定的属性与状态在多种场景中普遍存在，如建筑结构、自然地貌、静态物体等，能提供可靠的承载和编辑环境,screened
属性与状态,属性与状态 / 空间属性 / 对称,27,hold,[],属性与状态 / 空间属性 / 对称,仅凭分类名称无法确定是否存在稳定有用的场景或承载区域来源,screened
属性与状态,属性与状态 / 空间属性 / 形状,18,hold,[],形状属性,仅凭'形状'无法确定具体场景或稳定来源，缺乏明确的场景或承载环境关联,screened
属性与状态,属性与状态 / 空间属性 / 心形,24,reject,[],心形作为空间属性无稳定场景来源,心形是抽象符号，缺乏稳定、可编辑的空间或承载环境来源,screened
属性与状态,属性与状态 / 紧固,21,reject,[],属性与状态 / 紧固,该分类主要涉及抽象属性或状态描述，缺乏稳定、具体的场景或承载环境来源。,screened
属性与状态,属性与状态 / 紫,24,hold,[],属性与状态 / 紫,仅凭'紫'这一属性名称无法确定其在具体场景中的稳定来源或可编辑环境结构。,screened
属性与状态,属性与状态 / 红灯,22,reject,[],红灯作为属性与状态的符号表示,红灯通常仅作为抽象符号或文字标志出现，缺乏稳定、可编辑的场景或承载区域来源,screened
属性与状态,属性与状态 / 线 / 分界线,71,reject,[],属性与状态中的线或分界线,分界线通常为抽象符号或纯文字，缺乏稳定、可编辑的场景或承载区域来源,screened
属性与状态,属性与状态 / 线 / 曲线,247,reject,[],属性与状态 / 线 / 曲线,该分类主要为抽象符号或纯视觉元素，缺乏稳定、可编辑的场景或承载区域来源。,screened
属性与状态,属性与状态 / 细的,38,hold,[],属性与状态的细分类,仅凭分类名称无法确定具体场景或是否存在稳定有用的来源,screened
属性与状态,属性与状态 / 经验丰富的,33,hold,[],属性与状态 / 经验丰富的,仅凭分类名称无法确定具体场景或稳定来源，缺乏可判断的场景或环境支撑,screened
属性与状态,属性与状态 / 结霜的,35,reject,[],结霜的属性状态,结霜的属于抽象状态描述，缺乏稳定、可编辑的场景或承载环境来源，仅表现为物理现象的符号化表达。,screened
属性与状态,属性与状态 / 美国州 / 新泽西州,34,reject,[],美国州新泽西州的属性与状态,新泽西州作为地理实体，主要提供抽象符号或文字信息，缺乏稳定、可编辑的场景或承载环境来源。,screened
属性与状态,属性与状态 / 美德,30,reject,[],属性与状态 / 美德,该分类主要涉及抽象符号和纯文字描述，缺乏稳定、具体的场景或承载环境来源。,screened
属性与状态,属性与状态 / 美德 / 神学美德,38,reject,[],属性与状态 / 美德 / 神学美德,该分类主要涉及抽象符号和纯文字，缺乏稳定、可编辑的场景或承载区域来源。,screened
属性与状态,属性与状态 / 背光,34,reject,[],背光属性,背光通常为抽象符号或纯文字，缺乏稳定、可用的场景或承载区域来源,screened
属性与状态,属性与状态 / 自然现象,20,keep,"[""自然环境"", ""天气现象""]",与自然现象相关的场景和环境,自然现象如天气、昼夜变化等具有稳定且广泛的场景来源，适用于多种环境和空间。,screened
属性与状态,属性与状态 / 舒服,34,hold,[],属性与状态 / 舒服,仅凭分类名称无法确定具体场景或稳定来源，缺乏明确的场景或承载环境关联,screened
属性与状态,属性与状态 / 英俊的,32,reject,[],属性与状态 / 英俊的,该分类属于抽象属性描述，缺乏稳定、具体的场景或承载环境来源，仅表现为符号性或主观评价，无法提供可编辑的物理环境或实际场景支持。,screened
属性与状态,属性与状态 / 虎斑,32,hold,[],属性与状态 / 虎斑,仅凭分类名称无法确定具体场景或稳定来源，缺乏可判断的场景或承载环境,screened
属性与状态,属性与状态 / 裸露,15,hold,[],属性与状态 / 裸露,仅凭分类名称无法确定具体场景或是否存在稳定有用的来源,screened
属性与状态,属性与状态 / 裸露 / 赤膊的,37,reject,[],属性与状态 / 裸露 / 赤膊的,该分类仅涉及抽象属性描述，缺乏稳定、可编辑的场景或承载环境来源，属于纯文字或符号表达，无实际场景支撑。,screened
属性与状态,属性与状态 / 视觉属性 / 亮度,83,reject,[],亮度属性,亮度属于抽象视觉属性，缺乏稳定、具体的场景或承载区域来源，仅表现为符号或文字描述，无法提供可编辑的环境结构或实际场景支撑。,screened
属性与状态,属性与状态 / 视觉属性 / 发色,32,reject,[],发色相关属性,发色属于抽象视觉属性，缺乏稳定、可编辑的场景或承载环境来源,screened
属性与状态,属性与状态 / 视觉属性 / 纹理,64,reject,[],纹理类属性,纹理主要表现为抽象符号或纯视觉特征，缺乏稳定、可编辑的场景或承载区域来源,screened
属性与状态,属性与状态 / 视觉属性 / 颜色,932,reject,[],颜色属性,颜色主要表现为抽象符号或纯文字，缺乏稳定、可用的场景或承载区域来源,screened
属性与状态,属性与状态 / 触觉属性 / 纹理,107,reject,[],纹理属性,纹理属于抽象符号或纯文字描述，缺乏稳定、可编辑的场景或承载面来源,screened
属性与状态,属性与状态 / 负面情绪,33,reject,[],负面情绪相关符号或文字表达,负面情绪通常表现为抽象符号或纯文字，缺乏稳定、可编辑的场景或承载区域来源,screened
属性与状态,属性与状态 / 跨越,28,hold,[],属性与状态 / 跨越,仅凭分类名称无法确定具体场景或稳定来源，缺乏明确的场景或承载环境关联,screened
属性与状态,属性与状态 / 身体属性 / 体格,67,hold,[],体格属性,仅凭分类名称无法确定具体场景或稳定来源,screened
属性与状态,属性与状态 / 连接,35,hold,[],属性与状态 / 连接,仅凭分类名称无法确定具体场景或稳定来源，缺乏明确的场景或承载环境关联,screened
属性与状态,属性与状态 / 迷你,66,hold,[],属性与状态 / 迷你,仅凭分类名称无法确定具体场景或是否存在稳定有用的来源,screened
属性与状态,属性与状态 / 适合性 / 体适能,70,hold,[],属性与状态 / 适合性 / 体适能,仅凭分类名称无法确定具体场景或稳定来源，缺乏明确的场景或承载环境关联,screened
属性与状态,属性与状态 / 透明宝石,80,reject,[],属性与状态 / 透明宝石,透明宝石通常为抽象符号或纯文字，缺乏稳定、可用的场景或承载区域来源。,screened
属性与状态,属性与状态 / 透明度,71,reject,[],属性与状态 / 透明度,透明度属于抽象属性，缺乏稳定、具体的场景或承载区域来源，通常仅作为文字或符号出现，无法提供可编辑的环境结构。,screened
属性与状态,属性与状态 / 通道,68,hold,[],属性与状态 / 通道,仅凭分类名称无法确定具体场景或是否存在稳定有用的来源,screened
属性与状态,属性与状态 / 郁郁葱葱的,68,hold,[],属性与状态 / 郁郁葱葱的,仅凭分类名称无法确定具体场景或稳定来源，缺乏明确的场景或承载环境关联,screened
属性与状态,属性与状态 / 金的,39,reject,[],属性与状态 / 金的,金的属于抽象属性描述，缺乏稳定、具体的场景或承载环境来源。,screened
属性与状态,属性与状态 / 长头发,26,hold,[],属性与状态 / 长头发,仅凭分类名称无法确定是否存在稳定有用的场景或承载区域来源,screened
属性与状态,属性与状态 / 长的,32,hold,[],属性与状态 / 长的,仅凭分类名称无法确定具体场景或稳定来源，缺乏明确的场景或承载环境关联,screened
属性与状态,属性与状态 / 降雨,35,reject,[],降雨属性,降雨属于抽象状态描述，缺乏稳定、可编辑的场景或承载环境来源,screened
属性与状态,属性与状态 / 随身物品,28,hold,[],属性与状态 / 随身物品,仅凭分类名称无法确定具体场景或是否存在稳定有用的来源,screened
属性与状态,属性与状态 / 青少年的,26,hold,[],青少年的属性与状态,仅凭分类名称无法确定具体场景或稳定来源,screened
属性与状态,属性与状态 / 领土,26,hold,[],属性与状态 / 领土,仅凭分类名称无法确定具体场景或稳定来源，缺乏明确的场景或承载环境示例。,screened
属性与状态,属性与状态 / 领头动物,28,hold,[],属性与状态 / 领头动物,仅凭分类名称无法确定具体场景或是否存在稳定有用的来源,screened
属性与状态,属性与状态 / 香味,51,reject,[],香味属性,香味通常为抽象符号或纯文字，缺乏稳定、可用的场景或承载区域来源,screened
属性与状态,属性与状态 / 香品,20,reject,[],香品属性与状态,香品多为抽象符号或纯文字，缺乏稳定、可用的场景或承载区域来源,screened
属性与状态,属性与状态 / 高地位 / 冠军,19,reject,[],属性与状态 / 高地位 / 冠军,该分类主要为抽象符号或文字描述，缺乏稳定、可编辑的场景或承载环境来源。,screened
属性与状态,属性与状态 / 高的,30,hold,[],属性与状态 / 高的,仅凭分类名称无法确定具体场景或稳定来源，缺乏可判断的场景或承载环境,screened
属性与状态,属性与状态 / 黑暗的,33,reject,[],属性与状态 / 黑暗的,黑暗的属于抽象属性，缺乏稳定、具体的场景或承载区域来源，仅表现为视觉状态而非可编辑环境。,screened
属性与状态,属性与状态 / 黑白的,31,reject,[],黑白的属性与状态,该分类仅涉及抽象属性，缺乏稳定、具体的场景或承载环境来源,screened
属性与状态,属性与状态 / 黑色,13,reject,[],属性与状态 / 黑色,黑色仅是属性描述，缺乏稳定、具体的场景或承载环境来源,screened
建筑与基础设施,建筑与基础设施 / 上层建筑,20,keep,"[""室内空间"", ""建筑结构"", ""上层建筑环境""]",包含各类建筑的上层结构，如屋顶、楼板、天台、阁楼等稳定存在的建筑组成部分,上层建筑在各类建筑中具有稳定且普遍存在的场景来源，可提供可靠的承载与环境结构支持,screened
建筑与基础设施,建筑与基础设施 / 下部构造,20,keep,"[""建筑基础"", ""地面结构"", ""基础设施""]",建筑的下部构造，如地基、桩基、基础结构等,建筑下部构造提供稳定承载和结构支撑，具有明确且稳定的场景来源。,screened
建筑与基础设施,建筑与基础设施 / 东京塔,33,keep,"[""城市景观"", ""地标建筑"", ""交通环境""]",东京塔作为东京的标志性建筑，常出现在城市景观和地标场景中，具有稳定的场景来源,东京塔是稳定存在的地标建筑，常出现在城市景观和交通环境中，具有明确且丰富的场景来源,screened
建筑与基础设施,建筑与基础设施 / 中国塔,20,keep,"[""城市景观"", ""建筑群"", ""基础设施""]",中国境内的各类塔类建筑，如广播电视塔、通信塔、风水塔等，涵盖其所在城市空间和周边环境,中国塔类建筑具有稳定且广泛的场景来源，常见于城市天际线、基础设施网络和公共空间中，能提供可靠的承载与环境结构支持,screened
建筑与基础设施,建筑与基础设施 / 中心 / 会议中心,17,keep,"[""室内会议空间"", ""办公环境"", ""大型公共建筑""]",会议中心作为建筑与基础设施中的典型空间，包含稳定的室内会议场景和可编辑的承载面，适用于多种办公与公共活动场景,会议中心具有稳定且常见的室内会议场景，包含可编辑的会议桌、座椅和空间结构，是典型的工作与公共活动环境,screened
建筑与基础设施,建筑与基础设施 / 中心 / 呼叫中心,21,keep,"[""工作场所"", ""室内空间"", ""服务设施""]",呼叫中心作为建筑与基础设施中的服务类设施，通常存在于室内办公环境，提供稳定的服务承载与人员交互空间,呼叫中心属于稳定存在的服务类建筑，具有明确的室内办公场景和承载功能，可作为可编辑环境的可靠来源,screened
建筑与基础设施,建筑与基础设施 / 中心 / 学生活动中心,21,keep,"[""校园环境"", ""室内空间"", ""学生活动场所""]",学生活动中心通常存在于校园内，提供学生日常学习、交流和活动的场所，包含教室、会议室、活动室等空间结构,学生活动中心是校园中稳定存在的功能空间，具有明确的使用场景和承载环境，能提供丰富的可编辑场景来源,screened
建筑与基础设施,建筑与基础设施 / 中心 / 控制中心,21,keep,"[""室内空间"", ""工作场所"", ""控制环境""]",控制中心作为建筑与基础设施中的典型功能区域，包含稳定且可编辑的场景和承载面,控制中心具有明确的室内空间结构和稳定的工作场景，可提供可靠的场景来源,screened
建筑与基础设施,建筑与基础设施 / 中心 / 服务俱乐部,23,keep,"[""室内空间"", ""公共设施"", ""社区服务环境""]",服务俱乐部作为建筑与基础设施中的公共空间，通常具备稳定的室内场景和可编辑的承载面，如接待区、活动区等,服务俱乐部通常存在于社区或公共建筑中，具有稳定的室内场景和可编辑的承载面，适用于多种服务场景。,screened
建筑与基础设施,建筑与基础设施 / 中心 / 烧伤中心,21,keep,"[""医疗环境"", ""室内空间"", ""医疗机构""]",烧伤中心作为医疗建筑的一种，通常存在于医院或医疗设施中，具有明确的医疗场景和空间结构,烧伤中心属于医疗机构，具有稳定的医疗场景和明确的空间结构，可提供可靠的承载与编辑环境,screened
建筑与基础设施,建筑与基础设施 / 中心 / 社区服务中心,21,keep,"[""社区环境"", ""公共空间"", ""服务设施""]",社区服务中心所在的社区公共空间，包含其建筑结构、服务区域及周边环境,社区服务中心通常位于社区中心位置，具有稳定的公共空间和可编辑的建筑结构，能提供可靠的场景来源,screened
建筑与基础设施,建筑与基础设施 / 临时结构,29,hold,[],建筑与基础设施 / 临时结构,仅凭分类名称无法确定临时结构是否包含稳定有用的场景或承载区域来源。,screened
建筑与基础设施,建筑与基础设施 / 主体 / 机身,19,hold,[],建筑与基础设施中的主体结构,仅凭'机身'无法确定具体场景或稳定来源，缺乏明确的场景或承载环境支持,screened
建筑与基础设施,建筑与基础设施 / 主体 / 车体,20,keep,"[""交通环境"", ""道路基础设施""]",车体作为交通环境中的主体结构，常见于道路、桥梁、停车场等场景,车体是交通环境中稳定存在的载体，具有明确的场景来源和可编辑空间,screened
建筑与基础设施,建筑与基础设施 / 了望台,18,keep,"[""交通环境"", ""自然环境""]",了望台作为建筑与基础设施的一部分，常见于山地、城市或自然景观中，提供观察和视野功能,了望台通常位于自然或城市环境中，具有稳定的观察场景和承载面，可作为视觉编辑的支撑区域,screened
建筑与基础设施,建筑与基础设施 / 井口装置,19,keep,"[""建筑环境"", ""基础设施"", ""井类结构""]",建筑与基础设施中的井口装置相关场景，包括地下井口、供水设施、排水系统等结构环境,井口装置通常存在于建筑与基础设施中，提供稳定且可编辑的承载和结构环境，具有明确的场景来源。,screened
建筑与基础设施,建筑与基础设施 / 交通枢纽建筑 / 地铁站,18,keep,"[""交通环境"", ""室内空间"", ""公共设施""]",地铁站作为交通枢纽建筑，包含站厅、站台、出入口等稳定场景和承载区域,地铁站具有稳定且广泛的场景来源，涵盖交通环境和公共空间，可提供可靠的承载与编辑区域,screened
建筑与基础设施,建筑与基础设施 / 交通枢纽建筑 / 机场,18,keep,"[""交通环境"", ""机场场景"", ""公共空间""]",机场作为交通枢纽建筑，包含航站楼、跑道、停机坪、登机口等稳定场景和承载区域,机场具有稳定且多样化的场景来源，涵盖交通流、旅客活动和基础设施结构，适合提供可编辑的环境结构,screened
建筑与基础设施,建筑与基础设施 / 交通枢纽建筑 / 汽车站,18,keep,"[""交通环境"", ""交通枢纽""]",汽车站作为交通枢纽建筑，提供乘客集散、候车和交通接驳的稳定场景,汽车站具有稳定的交通场景和承载功能，是典型且持续存在的公共空间环境,screened
建筑与基础设施,建筑与基础设施 / 交通枢纽建筑 / 港口码头,29,keep,"[""交通环境"", ""港口场景"", ""水域周边""]",港口码头类建筑及其周边环境，包括码头平台、装卸设施、船舶停靠区等,港口码头具有稳定且广泛的场景来源，涵盖交通、物流和水域环境，能提供可靠的承载与编辑空间。,screened
建筑与基础设施,建筑与基础设施 / 交通枢纽建筑 / 火车站,43,keep,"[""交通环境"", ""交通枢纽"", ""车站场景""]",火车站作为交通枢纽建筑，包含站台、轨道、候车区、出入口等稳定场景和承载区域,火车站具有稳定且广泛的交通场景来源，包含明确的承载面和可编辑环境结构,screened
建筑与基础设施,建筑与基础设施 / 交通枢纽建筑 / 物流枢纽,18,keep,"[""交通枢纽"", ""交通环境"", ""物流场景""]",物流枢纽类建筑，如货运站、物流中心、仓储设施等，包含其所在交通与物流运营场景,物流枢纽建筑通常位于交通网络中，具有稳定的承载和运营场景，能提供丰富的环境与结构信息,screened
建筑与基础设施,建筑与基础设施 / 交通枢纽建筑 / 索道站,21,keep,"[""交通枢纽"", ""交通环境"", ""户外设施""]",索道站作为交通枢纽建筑的一部分，常见于山区或旅游区域，提供稳定的承载与交通连接功能,索道站具有稳定的场景来源，常见于交通网络中，提供明确的承载与环境结构支持,screened
建筑与基础设施,建筑与基础设施 / 交通枢纽建筑 / 轮渡码头,18,keep,"[""交通枢纽"", ""交通环境"", ""港口场景""]",轮渡码头作为交通枢纽建筑，常见于港口或水域交通节点，提供稳定的承载与交通场景,轮渡码头具有稳定的交通场景和承载功能，是典型的公共交通环境，可提供可靠的视觉来源和可编辑空间,screened
建筑与基础设施,建筑与基础设施 / 交通枢纽建筑 / 长途客运站,21,keep,"[""交通枢纽"", ""交通环境"", ""公共空间""]",长途客运站作为交通枢纽建筑，常见于城市交通网络中，提供乘客集散、候车、换乘等功能,长途客运站具有稳定的交通场景和承载功能，是典型且持续存在的公共空间环境,screened
建筑与基础设施,建筑与基础设施 / 交通枢纽建筑 / 高速服务区,18,keep,"[""高速公路服务区"", ""交通环境"", ""公共设施""]",高速服务区作为交通枢纽建筑的一部分，提供休息、餐饮、加油等服务功能，常见于公路沿线,高速服务区具有稳定且广泛的场景来源，包含明确的承载面和可编辑环境结构，适用于多种视觉任务,screened
建筑与基础设施,建筑与基础设施 / 休息所,19,keep,"[""室内休息空间"", ""公共建筑空间"", ""休息设施环境""]",包含各类建筑中的休息所，如咖啡厅、车站、公园长椅、办公区休息区等具有稳定使用场景的休息设施,休息所通常存在于多种稳定场景中，如公共建筑、交通站点和办公场所，提供明确的承载和使用环境,screened
建筑与基础设施,建筑与基础设施 / 会堂 / 同业公会,18,keep,"[""室内空间"", ""公共建筑"", ""会堂环境""]",会堂及同业公会类建筑的室内空间和公共活动场景,会堂作为公共建筑具有稳定的室内空间和承载活动的场景，能提供可靠的场景来源,screened
建筑与基础设施,建筑与基础设施 / 会堂 / 大会堂,21,keep,"[""室内空间"", ""大型公共建筑"", ""会议环境""]",大会堂作为大型公共建筑，常用于会议、演出等场景，具有稳定的室内空间和承载功能,大会堂作为建筑与基础设施中的典型场景，具有稳定且广泛的室内空间和承载功能，适用于多种会议和公共活动场景,screened
建筑与基础设施,建筑与基础设施 / 会堂 / 学园,18,keep,"[""室内空间"", ""教育场所"", ""建筑结构""]",会堂和学园类建筑中的室内空间、教学设施及建筑结构,会堂和学园通常具有稳定的室内场景和明确的建筑结构，包含可编辑的承载面和使用环境。,screened
建筑与基础设施,建筑与基础设施 / 住宅 / 住处,820,keep,"[""室内空间"", ""住宅环境"", ""居住场所""]",住宅类建筑内部及居住相关空间,住宅类建筑包含稳定且广泛的室内场景和居住环境，具备明确的承载面和可编辑结构。,screened
建筑与基础设施,建筑与基础设施 / 住宅 / 公寓,35,keep,"[""室内"", ""住宅空间"", ""居住环境""]",公寓类住宅的室内空间及居住相关结构,公寓作为常见住宅形式，具有稳定且广泛的室内场景和承载面，适用于多种可编辑环境。,screened
建筑与基础设施,建筑与基础设施 / 住宅 / 共管公寓,17,keep,"[""住宅空间"", ""室内环境"", ""共管区域""]",共管公寓中的居住与公共空间,共管公寓包含稳定且常见的室内居住场景和公共区域，具有明确的场景来源和可编辑环境结构。,screened
建筑与基础设施,建筑与基础设施 / 住宅 / 块状物,38,keep,"[""住宅建筑"", ""块状结构""]",住宅类建筑中的块状结构，如砖墙、墙体、楼体等,块状物在住宅建筑中普遍存在，提供稳定承载和结构支撑，属于常见且稳定的场景来源,screened
建筑与基础设施,建筑与基础设施 / 住宅 / 拖车住房,16,keep,"[""住宅场景"", ""拖车住房环境"", ""户外居住空间""]",拖车住房及其在户外或临时居住场景中的应用,拖车住房作为可移动住宅形式，具有稳定的户外居住场景和承载环境，适用于多种空间和使用场景。,screened
建筑与基础设施,建筑与基础设施 / 住宅 / 招待所,18,keep,"[""住宅环境"", ""室内空间"", ""接待区域""]",住宅类建筑中的招待所场景，包括接待区、客房、公共活动空间等,招待所作为住宅类建筑的子类，通常包含稳定且可编辑的室内空间和接待场景，具备明确的场景来源和承载环境。,screened
建筑与基础设施,建筑与基础设施 / 住宅 / 网球训练营,18,keep,"[""住宅区"", ""训练营环境"", ""体育设施""]",包含住宅类建筑及网球训练营相关的基础设施和使用场景,网球训练营作为特定功能的住宅类建筑，具有稳定的使用场景和承载环境，可提供有效的空间与结构支持,screened
建筑与基础设施,建筑与基础设施 / 住宅内部,41,keep,"[""室内空间"", ""住宅环境"", ""居住区域""]",住宅内部的各种空间和设施,住宅内部包含多种稳定且常见的室内场景和承载区域，适用于多种编辑场景。,screened
建筑与基础设施,建筑与基础设施 / 住宅内部 / 家庭,66,keep,"[""室内空间"", ""家庭环境"", ""居住区域""]",住宅内部的家庭场景，包括客厅、卧室、厨房等生活空间,家庭内部空间具有稳定且广泛的场景来源，涵盖多种日常活动和可编辑环境结构,screened
建筑与基础设施,建筑与基础设施 / 住宅区,30,keep,"[""住宅空间"", ""室内环境"", ""居住区域""]",住宅区相关的建筑结构和生活空间,住宅区包含稳定且常见的居住场景和室内环境，具有明确的场景来源和可编辑性,screened
建筑与基础设施,建筑与基础设施 / 佛塔,22,keep,"[""宗教建筑"", ""宗教场所"", ""建筑结构""]",佛塔作为宗教建筑的一部分，常见于宗教场所和建筑结构中，具有稳定的场景来源,佛塔作为宗教建筑的一种，通常存在于宗教场所，具有稳定且可编辑的场景来源，如寺庙、宗教建筑群等。,screened
建筑与基础设施,建筑与基础设施 / 保龄球室,20,keep,"[""室内空间"", ""体育娱乐场所"", ""建筑设施""]",保龄球室作为建筑与基础设施的一部分，包含室内活动空间和体育娱乐功能,保龄球室具有稳定的室内场景和明确的承载面，可作为可编辑环境结构的一部分,screened
建筑与基础设施,建筑与基础设施 / 信号塔,14,keep,"[""交通环境"", ""基础设施""]",信号塔通常出现在交通或通信基础设施场景中，提供稳定承载和信号覆盖功能,信号塔作为基础设施的一部分，常见于交通、通信等场景，具有稳定且可编辑的承载环境,screened
建筑与基础设施,建筑与基础设施 / 停尸室 / 殡仪礼拜堂,19,reject,[],停尸室和殡仪礼拜堂相关场景,该类别主要涉及抽象符号、宗教仪式场景，缺乏稳定、通用的可编辑环境结构或承载面来源。,screened
建筑与基础设施,建筑与基础设施 / 公共服务建筑 / 养老院,22,keep,"[""养老院内部环境"", ""居住空间"", ""公共设施区域""]",养老院内的日常活动空间、居住区、公共活动区及基础设施,养老院具有稳定且持续存在的室内场景和承载区域，适合提供可编辑的环境结构,screened
建筑与基础设施,建筑与基础设施 / 公共服务建筑 / 医院,17,keep,"[""医院室内"", ""医疗场景"", ""公共空间""]",医院及其内部环境，包括门诊、病房、走廊、急诊室等区域,医院具有稳定且广泛的场景来源，包含多种室内空间和可编辑的承载面，适用于多种视觉任务。,screened
建筑与基础设施,建筑与基础设施 / 公共服务建筑 / 博物馆,43,keep,"[""室内空间"", ""公共文化场所"", ""展览环境""]",博物馆作为公共服务建筑，通常包含稳定的室内空间和展览环境，具有明确的承载与可编辑结构,博物馆具有稳定的室内场景和公共展览环境，能提供可靠的场景来源和可编辑空间,screened
建筑与基础设施,建筑与基础设施 / 公共服务建筑 / 图书馆,16,keep,"[""室内空间"", ""公共空间"", ""学习环境""]",图书馆作为公共服务建筑，通常存在于城市公共空间中，提供稳定的室内学习和阅读场景,图书馆具有稳定的室内场景和公共使用环境，包含明确的承载面和可编辑区域，适合召回其成员概念的关联图片,screened
建筑与基础设施,建筑与基础设施 / 公共服务建筑 / 学校,89,keep,"[""校园环境"", ""教学场所"", ""公共建筑""]",学校类建筑及其周边环境，包括教室、走廊、操场、图书馆等场景,学校具有稳定且广泛的场景来源，涵盖多种日常教学和公共活动空间，适合召回相关图片,screened
建筑与基础设施,建筑与基础设施 / 公共服务建筑 / 少年宫,20,keep,"[""公共空间"", ""少年宫环境"", ""社区服务场景""]",少年宫作为公共服务建筑，通常存在于社区公共空间中，提供青少年活动和教育服务的场所，具有稳定的场景来源和可编辑环境结构,少年宫作为公共服务建筑，通常存在于社区公共空间中，具有稳定的场景来源和可编辑环境结构，符合公共空间和社区服务场景的覆盖需求,screened
建筑与基础设施,建筑与基础设施 / 公共服务建筑 / 政府建筑,154,keep,"[""政府建筑"", ""公共空间"", ""城市环境""]",政府建筑类场所，如政府办公楼、市政中心等，包含其所在公共空间和城市基础设施环境,政府建筑通常位于公共空间中，具有稳定且可编辑的场景来源，如街道、广场、办公区域等，能提供可靠的场景支撑,screened
建筑与基础设施,建筑与基础设施 / 公共服务建筑 / 档案馆,22,keep,"[""公共空间"", ""室内环境"", ""档案馆场景""]",档案馆作为公共服务建筑，通常存在于城市公共空间中，提供稳定且可编辑的室内环境和承载区域,档案馆作为公共建筑，具有稳定的室内环境和明确的承载区域，适合用于提供可编辑的场景和空间结构,screened
建筑与基础设施,建筑与基础设施 / 公共服务建筑 / 法院,21,keep,"[""公共空间"", ""司法环境"", ""城市基础设施""]",法院作为公共服务建筑，通常存在于城市公共空间中，具有稳定的场景来源和可编辑的环境结构,法院属于公共建筑，具有稳定的司法环境和公共空间场景，能提供可靠的场景来源和可编辑环境结构,screened
建筑与基础设施,建筑与基础设施 / 公共服务建筑 / 社区服务建筑,20,keep,"[""社区服务建筑"", ""公共空间"", ""居民生活场景""]",社区服务建筑类建筑，如社区中心、居委会、物业办公室等，通常位于居民生活区域，具有稳定的使用场景和承载功能,社区服务建筑在各类社区中普遍存在，提供稳定、持续的公共服务，具有明确的场景和承载功能，适合作为可编辑环境的来源,screened
建筑与基础设施,建筑与基础设施 / 公共服务建筑 / 警察消防建筑,19,keep,"[""公共空间"", ""交通环境"", ""工作场所""]",警察消防建筑在公共空间中的典型场景，如派出所、消防站等，包含稳定且可编辑的承载面和环境结构,警察消防建筑通常位于公共空间，具有稳定且可编辑的环境结构，能提供可靠的场景来源,screened
建筑与基础设施,建筑与基础设施 / 公共服务建筑 / 邮局,26,keep,"[""公共空间"", ""服务设施""]",邮局作为公共服务建筑，常见于城市公共空间，提供稳定的场景和承载环境,邮局通常位于公共空间中，具有稳定的场景来源和可编辑的承载面，符合公共设施类场景要求,screened
建筑与基础设施,建筑与基础设施 / 公寓大楼 / 多户廉租住宅,23,keep,"[""室内空间"", ""居住环境"", ""多户住宅""]",包含多户廉租住宅的公寓大楼及其内部居住场景,多户廉租住宅作为典型居住建筑，具有稳定的室内空间和居住场景来源，适用于提供可编辑的居住环境结构。,screened
建筑与基础设施,建筑与基础设施 / 公寓楼外部,22,keep,"[""室外环境"", ""城市景观"", ""建筑外部""]",公寓楼外部的建筑结构、公共设施及周边环境,公寓楼外部包含稳定且常见的室外场景和承载区域，适用于多种环境下的图像召回。,screened
建筑与基础设施,建筑与基础设施 / 军事防御建筑 / 兵营,21,keep,"[""军事场所"", ""防御设施"", ""军营环境""]",军营及相关军事防御建筑的场景和空间结构,兵营作为军事防御建筑具有稳定且明确的场景来源，包含可编辑的承载面和结构环境。,screened
建筑与基础设施,建筑与基础设施 / 军事防御建筑 / 军事基地,21,keep,"[""军事基地"", ""防御设施"", ""军事设施环境""]",军事基地及相关防御基础设施的场景和环境,军事基地通常具有稳定且明确的场景来源，包含多种可编辑的承载面和空间结构，符合稳定场景需求。,screened
建筑与基础设施,建筑与基础设施 / 军事防御建筑 / 城防工事,18,keep,"[""军事防御场景"", ""城市防御结构"", ""战场环境""]",包含城防工事等军事防御类建筑及其所在场景,城防工事通常存在于特定军事或历史场景中，具有稳定且可编辑的承载环境，能提供明确的场景来源。,screened
建筑与基础设施,建筑与基础设施 / 军事防御建筑 / 堡垒,78,keep,"[""军事防御场景"", ""堡垒环境"", ""防御性建筑空间""]",包含各类军事堡垒、防御工事及相关的建筑空间结构,堡垒作为军事防御建筑具有稳定且明确的场景来源，通常存在于军事或历史场景中，提供清晰的承载面和可编辑环境结构。,screened
建筑与基础设施,建筑与基础设施 / 军事防御建筑 / 弹药库,22,keep,"[""军事设施"", ""防御建筑"", ""仓储环境""]",军事防御建筑中的弹药库场景，包括其所在空间、结构和承载环境,弹药库作为军事基础设施，具有稳定且明确的场景来源，通常存在于军事基地或防御设施中，提供可靠的承载与存储环境。,screened
建筑与基础设施,建筑与基础设施 / 军事防御建筑 / 碉堡,22,keep,"[""军事防御场景"", ""防御性建筑环境""]",碉堡作为军事防御结构，常见于战场、边防或历史遗址等场景，提供稳定承载和可编辑的结构环境,碉堡具有明确的军事防御功能，通常存在于特定场景中，提供稳定且可编辑的结构来源,screened
建筑与基础设施,建筑与基础设施 / 军事防御建筑 / 边防设施,25,keep,"[""边境区域"", ""军事防御场景"", ""户外地形环境""]",边防设施在边境区域的部署和使用场景,边防设施通常存在于边境区域，具有稳定的地理和功能场景，能提供明确的承载与环境结构。,screened
建筑与基础设施,建筑与基础设施 / 军事防御建筑 / 防空洞,24,keep,"[""军事防御场景"", ""地下空间"", ""防御设施环境""]",防空洞作为军事防御建筑，存在于军事设施或战备区域中，提供稳定承载和防护功能,防空洞具有明确的军事防御场景和稳定存在的空间结构，可作为承载和放置相关设备的环境来源,screened
建筑与基础设施,建筑与基础设施 / 军事防御建筑 / 防空设施,20,keep,"[""军事防御场景"", ""作战环境"", ""防御工事""]",包含各类防空设施的军事应用场景，如雷达站、掩体、炮台等,防空设施通常存在于军事防御场景中，具有稳定且明确的场景来源和承载环境。,screened
建筑与基础设施,建筑与基础设施 / 农业生产建筑 / 养殖场,18,keep,"[""农业生产场景"", ""养殖场所"", ""农村建筑环境""]",养殖场所中的建筑结构及生产相关设施,养殖场作为农业生产建筑的一种，具有稳定且持续存在的场景来源，包含明确的承载面和可编辑环境结构。,screened
建筑与基础设施,建筑与基础设施 / 农业生产建筑 / 农产品加工场,21,keep,"[""农业生产场景"", ""加工车间环境"", ""农村基础设施""]",农产品加工场作为农业生产建筑的一部分，通常存在于农村或农业园区，具有稳定的生产与加工功能环境,农产品加工场通常具备稳定的生产场景和承载区域，如加工台、设备区、仓储区等，能提供可编辑的环境结构和实际使用场景,screened
建筑与基础设施,建筑与基础设施 / 农业生产建筑 / 农机库,28,keep,"[""农业生产场景"", ""农机存放环境""]",农机库作为农业生产中用于存放农机具的建筑设施，常见于农田周边或农业基地,农机库提供稳定的承载和存放环境，属于农业生产场景中的典型建筑设施,screened
建筑与基础设施,建筑与基础设施 / 农业生产建筑 / 孵化场,21,keep,"[""农业生产场景"", ""农村基础设施""]",农业生产建筑中的孵化场类设施，如禽类孵化房、温室等,孵化场作为农业生产中的稳定设施，具有明确的场景来源和承载功能，属于可编辑的农业环境结构。,screened
建筑与基础设施,建筑与基础设施 / 农业生产建筑 / 挤奶厅,21,keep,"[""农业生产场景"", ""农村建筑环境""]",农业生产建筑中的挤奶厅类设施，常见于农场或农业生产基地,挤奶厅是农业生产建筑中具有稳定场景和实用功能的设施，常出现在农村或农业园区，具备明确的承载和使用环境,screened
建筑与基础设施,建筑与基础设施 / 农业生产建筑 / 温室大棚,22,keep,"[""农业生产场景"", ""温室环境"", ""农业基础设施""]",温室大棚作为农业生产中的典型建筑结构，提供稳定的种植和管理环境,温室大棚具有稳定的农业应用场景，提供明确的承载和生产环境，符合可编辑场景需求,screened
建筑与基础设施,建筑与基础设施 / 农业生产建筑 / 畜舍,15,keep,"[""农业生产场景"", ""畜牧养殖环境""]",畜舍作为农业生产建筑的一部分，常见于农场或牧场中，提供动物饲养和管理的稳定空间,畜舍是农业生产中稳定存在的建筑类型，具有明确的场景和承载功能，适用于多种动物饲养场景,screened
建筑与基础设施,建筑与基础设施 / 农业生产建筑 / 禽舍,16,keep,"[""农业生产场景"", ""农村建筑环境""]",禽舍作为农业生产建筑的一部分，常见于农村或农业园区，具有稳定的场景来源和承载功能,禽舍是农业生产建筑中稳定存在的结构，通常出现在农村或农业园区，具有明确的场景和承载功能，符合可编辑环境结构要求,screened
建筑与基础设施,建筑与基础设施 / 农业生产建筑 / 粮仓,23,keep,"[""农业生产场景"", ""农村建筑环境"", ""仓储空间""]",粮仓作为农业生产中的仓储设施，常见于农田周边或农村地区，提供稳定的承载和存储功能,粮仓是农业生产中稳定的基础设施，具有明确的场景来源和承载功能，适用于多种农业环境。,screened
建筑与基础设施,建筑与基础设施 / 农场建筑 / 厩,26,keep,"[""农场"", ""农业场景"", ""牲畜养殖环境""]",农场中的厩建筑及相关农业场景,厩建筑是农场中稳定存在的基础设施，提供牲畜饲养和管理的承载环境，具有明确的场景来源。,screened
建筑与基础设施,建筑与基础设施 / 农场建筑 / 笼舍,18,keep,"[""农场场景"", ""农业设施""]",农场建筑中的笼舍类结构，如鸡舍、猪圈等，常见于农业生产和养殖环境中,笼舍作为农场建筑的一部分，具有稳定且常见的场景来源，能提供明确的承载和使用环境,screened
建筑与基础设施,建筑与基础设施 / 分隔物 / 墙,185,keep,"[""室内空间"", ""室外环境"", ""建筑结构""]",建筑与基础设施中的墙类分隔物，涵盖室内与室外的墙体结构,墙作为稳定存在的分隔物，广泛存在于各类建筑与基础设施中，提供明确的场景和承载面,screened
建筑与基础设施,建筑与基础设施 / 分隔物 / 屏幕,22,hold,[],建筑与基础设施中的分隔物类,仅凭'屏幕'无法确定其在建筑场景中的稳定来源或承载环境，缺乏明确的场景支撑,screened
建筑与基础设施,建筑与基础设施 / 分隔物 / 岩墙,20,keep,"[""自然环境"", ""地形地貌""]",岩墙作为自然或地质结构存在于建筑与基础设施场景中，提供分隔和边界功能,岩墙在自然地形和地质环境中具有稳定存在和分隔作用，属于可编辑环境中的常见承载面和结构元素,screened
建筑与基础设施,建筑与基础设施 / 分隔物 / 房间隔断,18,keep,"[""室内空间"", ""建筑内部结构""]",建筑内部用于分隔不同功能区域的墙体、隔板、屏风等结构,房间或空间分隔物在建筑内部普遍存在，提供稳定且可编辑的承载与结构场景,screened
建筑与基础设施,建筑与基础设施 / 分隔物 / 木墙,23,keep,"[""室内空间"", ""建筑结构""]",建筑与基础设施中作为分隔物的木墙，常见于室内空间和建筑结构中，提供空间分隔和视觉边界,木墙作为建筑分隔物在多种室内和建筑结构中具有稳定、可重复的场景来源，能提供明确的承载和空间划分功能,screened
建筑与基础设施,建筑与基础设施 / 分隔物 / 玻璃墙,22,keep,"[""建筑内部"", ""办公空间"", ""公共空间""]",建筑与基础设施中作为分隔物的玻璃墙，常见于办公区、商场、交通枢纽等空间中，提供视觉分隔和空间定义,玻璃墙在建筑中具有稳定且普遍的场景来源，常用于分隔不同功能区域，提供明确的承载与空间结构支持,screened
建筑与基础设施,建筑与基础设施 / 分隔物 / 瓷砖墙,24,keep,"[""室内空间"", ""建筑墙体""]",建筑与基础设施中常见的瓷砖墙，作为分隔物存在于室内和建筑结构中,瓷砖墙在建筑与基础设施中具有稳定且普遍的场景来源，常见于室内空间和建筑墙体，提供明确的承载与分隔功能,screened
建筑与基础设施,建筑与基础设施 / 列柱 / 列柱廊,19,keep,"[""建筑环境"", ""公共空间"", ""列柱廊结构""]",建筑与基础设施中具有列柱廊结构的场景，如古典建筑、公共广场、庭院入口等,列柱廊作为建筑结构的一部分，常见于多种建筑与公共空间中，具有稳定且可编辑的承载与环境结构特征,screened
建筑与基础设施,建筑与基础设施 / 包厢 / 夹层,20,hold,[],包厢/夹层在建筑中的空间结构,仅凭分类名称无法确定是否存在稳定有用的场景或承载区域来源,screened
建筑与基础设施,建筑与基础设施 / 包装厂,20,keep,"[""包装厂车间"", ""生产工作场所"", ""工业环境""]",包装厂相关的建筑与基础设施，包括车间、生产线、仓储区等,包装厂作为典型生产场所，具有稳定且丰富的工业场景和承载结构，适合提供可编辑的环境结构支持,screened
建筑与基础设施,建筑与基础设施 / 匾额,22,hold,[],建筑与基础设施中的匾额类元素,仅凭'匾额'名称无法确定其是否具有稳定、可用的场景或承载区域来源,screened
建筑与基础设施,建筑与基础设施 / 历史古迹地标 / 传统园林,41,keep,"[""传统园林"", ""历史环境"", ""文化空间""]",传统园林类建筑与基础设施，包含具有历史价值的园林景观和文化地标,传统园林具有稳定且丰富的场景来源，涵盖历史环境与文化空间，提供明确的承载面和可编辑环境结构,screened
建筑与基础设施,建筑与基础设施 / 历史古迹地标 / 历史街区,24,keep,"[""历史街区"", ""城市风貌"", ""文化环境""]",包含历史街区中的建筑群、地标性结构及整体空间环境,历史街区具有稳定且丰富的场景来源，涵盖建筑群、街道布局和文化氛围，可提供多样化的承载与编辑环境,screened
建筑与基础设施,建筑与基础设施 / 历史古迹地标 / 古城墙,23,keep,"[""历史环境"", ""城市景观"", ""古代防御结构""]",包含古城墙及相关历史场景的建筑与基础设施,古城墙作为稳定存在的历史地标，具有明确的场景来源和承载环境，适用于多种历史与文化场景,screened
建筑与基础设施,建筑与基础设施 / 历史古迹地标 / 古塔,37,keep,"[""历史环境"", ""城市景观"", ""古迹场景""]",包含各类历史古迹中的古塔，如佛教塔、军事塔等，常见于城市或乡村历史区域,古塔作为历史建筑具有稳定的场景来源，常见于历史街区、城市景观和文化遗址中，提供明确的承载与环境结构,screened
建筑与基础设施,建筑与基础设施 / 历史古迹地标 / 名人故居,22,keep,"[""历史环境"", ""文化场所"", ""室内空间""]",名人故居作为历史古迹地标的一部分，通常具有稳定的场景来源，如建筑内部、庭院、外部环境等,名人故居具有稳定的历史场景和文化承载环境，可提供丰富的室内与外部空间来源,screened
建筑与基础设施,建筑与基础设施 / 历史古迹地标 / 城堡,49,keep,"[""历史场景"", ""城堡环境"", ""文化地标""]",包含各类城堡及其所在的历史场景和文化环境,城堡作为历史古迹地标，通常具有稳定且丰富的场景来源，如城墙、塔楼、庭院等，能提供明确的承载面和可编辑环境结构。,screened
建筑与基础设施,建筑与基础设施 / 历史古迹地标 / 宫殿,29,keep,"[""历史场景"", ""室内空间"", ""文化地标""]",宫殿类历史建筑及其所在环境,宫殿作为历史古迹具有稳定且丰富的场景来源，包含明确的室内空间和文化承载环境。,screened
建筑与基础设施,建筑与基础设施 / 历史古迹地标 / 烽火台,21,keep,"[""历史场景"", ""古代防御设施"", ""户外地标""]",历史古迹中的烽火台类建筑，常见于古代军事防御体系中，多位于山岗或要道上,烽火台作为历史古迹地标，具有稳定且明确的场景来源，常见于古代军事防御体系中，可提供可靠的承载与环境结构支持,screened
建筑与基础设施,建筑与基础设施 / 历史古迹地标 / 牌坊,22,hold,"[""历史建筑""]",历史古迹地标中的牌坊类结构,牌坊作为特定历史建筑形式，其出现场景有限，缺乏稳定、广泛的场景来源，无法确定其是否具备可编辑的承载或环境结构。,screened
建筑与基础设施,建筑与基础设施 / 历史古迹地标 / 石窟,22,keep,"[""历史场景"", ""宗教文化环境"", ""石窟内部""]",包含各类历史石窟及其所在的文化与地理环境,石窟作为历史古迹具有稳定的场景来源和文化承载意义，可提供丰富的环境与结构信息,screened
建筑与基础设施,建筑与基础设施 / 历史古迹地标 / 纪念碑,188,keep,"[""历史环境"", ""公共空间"", ""地标景观""]",包含各类历史纪念碑在真实场景中的出现，如城市中心、公园、广场等稳定位置,纪念碑通常位于稳定且具有明确场景的公共空间中，能提供可靠的承载与环境结构支持,screened
建筑与基础设施,建筑与基础设施 / 历史古迹地标 / 遗址,30,keep,"[""历史遗址"", ""文化景观"", ""公共空间""]",包含各类历史古迹和遗址场景，如古城墙、古庙、遗迹建筑等,历史古迹地标通常具有稳定的场景来源，如遗址现场、考古区域，能提供丰富的承载面和环境结构,screened
建筑与基础设施,建筑与基础设施 / 历史古迹地标 / 陵墓,32,keep,"[""历史场景"", ""陵墓环境"", ""文化遗址""]",包含各类陵墓及其周边历史环境和文化承载空间,陵墓作为历史古迹具有稳定且丰富的场景来源，常存在于特定文化与地理环境中，提供明确的承载与视觉结构,screened
建筑与基础设施,建筑与基础设施 / 商业办公建筑 / 会展中心,21,keep,"[""室内空间"", ""会议场所"", ""展览环境""]",会展中心包含各类室内空间、会议设施和展览区域,会展中心具有稳定且丰富的室内场景和承载区域，适用于多种可编辑环境结构,screened
建筑与基础设施,建筑与基础设施 / 商业办公建筑 / 办公楼,17,keep,"[""办公场所"", ""室内空间"", ""工作环境""]",办公楼内的各类室内空间和办公设施,办公楼提供稳定且常见的办公场景和承载区域，适用于多种可编辑环境。,screened
建筑与基础设施,建筑与基础设施 / 商业办公建筑 / 商业综合体,18,keep,"[""商业场所"", ""办公环境"", ""城市空间""]",包含商业综合体内的各类建筑空间和基础设施,商业综合体通常包含稳定且多样化的场景和承载区域，如大厅、商铺、服务设施等，具有丰富的可编辑环境结构。,screened
建筑与基础设施,建筑与基础设施 / 商业办公建筑 / 商场,17,keep,"[""室内商业空间"", ""工作场所"", ""交通环境""]",商场作为商业办公建筑的典型场景，包含室内商业空间、工作场所及与之相关的交通环境,商场具有稳定且广泛的场景来源，涵盖室内商业空间、工作场所和交通环境，具备可编辑的承载面和环境结构,screened
建筑与基础设施,建筑与基础设施 / 商业办公建筑 / 市场,364,keep,"[""商业场所"", ""室内空间"", ""市场环境""]",包含各类市场建筑及办公空间中的稳定场景和承载区域,市场作为商业办公建筑的典型场景，具有稳定且丰富的场景来源，涵盖室内空间、交易区域和公共活动环境,screened
建筑与基础设施,建筑与基础设施 / 商业办公建筑 / 酒店,16,keep,"[""室内空间"", ""工作场所"", ""商业环境""]",酒店内的各类室内空间和办公区域,酒店包含稳定且多样化的室内场景和承载区域，适用于多种可编辑环境结构,screened
建筑与基础设施,建筑与基础设施 / 商业办公建筑 / 银行,105,keep,"[""室内办公环境"", ""商业服务空间"", ""银行服务场景""]",银行建筑内的办公、服务及客户交互空间,银行作为商业办公建筑的一种，具有稳定且丰富的室内办公与服务场景来源,screened
建筑与基础设施,建筑与基础设施 / 商业办公建筑 / 餐饮建筑,26,keep,"[""室内空间"", ""商业环境"", ""餐饮场所""]",餐饮建筑中的室内空间和商业运营环境,餐饮建筑通常包含稳定且丰富的室内场景和承载区域，如餐厅、厨房、服务台等，具备明确的可编辑环境结构。,screened
建筑与基础设施,建筑与基础设施 / 园林景观构筑物 / 亭台楼阁,21,keep,"[""庭院公园"", ""园林景观""]",园林景观中的亭台楼阁类构筑物,亭台楼阁作为园林景观中的典型构筑物，具有稳定且常见的场景来源，适用于多种庭院和公园环境。,screened
建筑与基础设施,建筑与基础设施 / 园林景观构筑物 / 假山,26,keep,"[""园林景观"", ""庭院环境"", ""自然地形""]",园林景观中的假山构筑物，常见于庭院、公园等空间,假山作为园林景观构筑物，具有稳定的场景来源和承载功能，常见于庭院、公园等自然与人工结合的环境中,screened
建筑与基础设施,建筑与基础设施 / 园林景观构筑物 / 喷泉,35,keep,"[""园林景观"", ""自然环境"", ""庭院公园""]",园林景观中的喷泉构筑物，常见于庭院、公园等开放空间,喷泉作为园林景观构筑物，通常存在于庭院、公园等稳定场景中，提供明确的承载和视觉环境,screened
建筑与基础设施,建筑与基础设施 / 园林景观构筑物 / 园林围墙,22,keep,"[""庭院公园"", ""园林环境""]",园林围墙在庭院和公园等园林景观中的稳定存在场景,园林围墙是园林景观中常见的构筑物，具有稳定的场景来源和承载功能,screened
建筑与基础设施,建筑与基础设施 / 园林景观构筑物 / 廊架,15,keep,"[""庭院公园"", ""园林景观""]",园林景观中的廊架结构，常见于庭院、公园等开放空间,廊架作为园林景观构筑物，通常具有稳定的场景来源，常见于庭院、公园等开放空间，提供明确的承载与环境结构,screened
建筑与基础设施,建筑与基础设施 / 园林景观构筑物 / 景观桥,18,keep,"[""园林景观"", ""庭院公园"", ""自然环境""]",景观桥在园林或公园等自然环境中作为连接或观赏性构筑物存在,景观桥通常存在于园林或公园等场景中，提供稳定的承载和视觉连接功能，具有明确的场景来源,screened
建筑与基础设施,建筑与基础设施 / 园林景观构筑物 / 水景,24,keep,"[""庭院公园"", ""自然环境"", ""水景环境""]",包含园林中各类水景构筑物，如喷泉、池塘、溪流等，常见于庭院、公园和自然景观中,水景作为园林景观的重要组成部分，具有稳定且广泛的场景来源，能提供清晰的承载与环境结构支持,screened
建筑与基础设施,建筑与基础设施 / 园林景观构筑物 / 花坛,23,keep,"[""庭院公园"", ""园林景观""]",花坛作为园林景观构筑物，常见于庭院、公园等开放空间中，提供视觉和生态功能,花坛在园林景观中具有稳定且常见的场景来源，属于典型环境构筑物,screened
建筑与基础设施,建筑与基础设施 / 园林景观构筑物 / 观景台,23,keep,"[""庭院公园"", ""自然环境""]",园林景观中的观景台类构筑物，常见于庭院、公园等开放空间,观景台通常设置在庭院或公园等稳定场景中，提供明确的承载面和观察视角，具有稳定的场景来源,screened
建筑与基础设施,建筑与基础设施 / 园林景观构筑物 / 雕塑小品,21,keep,"[""园林景观"", ""庭院环境"", ""公共空间""]",园林景观中各类雕塑小品的设置场景,雕塑小品常见于园林景观和庭院环境中，提供稳定的视觉和承载场景,screened
建筑与基础设施,建筑与基础设施 / 图案布局 / 历,18,hold,[],建筑与基础设施中的图案布局类内容,仅凭'历'无法确定具体图案布局的稳定场景或来源，类别范围不明确,screened
建筑与基础设施,建筑与基础设施 / 图案布局 / 图样,23,reject,[],图案布局类图样,图样多为抽象符号或纯视觉设计，缺乏稳定、可编辑的场景或承载区域来源,screened
建筑与基础设施,建筑与基础设施 / 地板,14,keep,"[""室内空间"", ""建筑地面"", ""公共区域""]",建筑与基础设施中的地板类覆盖场景，包括室内、公共区域和建筑地面,地板作为建筑基础设施的一部分，具有稳定且广泛的场景来源，适用于多种室内和公共空间环境,screened
建筑与基础设施,建筑与基础设施 / 地板 / 一楼,19,keep,"[""室内空间"", ""一楼环境"", ""地面承载面""]",建筑内部一楼的地板区域，包含各类地面材质和使用场景,一楼地板作为稳定承载面，常见于室内空间，具有明确的场景来源和可编辑性,screened
建筑与基础设施,建筑与基础设施 / 地板 / 中二楼,18,keep,"[""室内空间"", ""建筑结构""]",中二楼的地板作为建筑与基础设施的一部分，提供稳定承载面和空间结构支持,中二楼的地板属于建筑结构中的稳定承载面，具有明确的场景来源和空间结构意义,screened
建筑与基础设施,建筑与基础设施 / 地板 / 地下室,18,keep,"[""地下空间"", ""室内环境"", ""建筑结构""]",地下室作为建筑与基础设施中的地面层，提供稳定承载和可编辑空间,地下室具有稳定的结构和承载功能，可作为多种场景的支撑和编辑环境,screened
建筑与基础设施,建筑与基础设施 / 地板 / 艺术家阁楼工作室,18,keep,"[""室内空间"", ""艺术家工作室"", ""阁楼环境""]",包含艺术家在阁楼工作室中使用的地板场景，如木地板、铺设地板等,艺术家阁楼工作室具有稳定且可编辑的承载面和空间结构，能提供明确的场景来源,screened
建筑与基础设施,建筑与基础设施 / 地板 / 阁楼,18,keep,"[""室内空间"", ""阁楼环境""]",建筑与基础设施中阁楼区域的地板场景,阁楼作为建筑的一部分，具有稳定的室内空间和承载面，可提供可靠的场景来源,screened
建筑与基础设施,建筑与基础设施 / 城市天际线,12,keep,"[""城市景观"", ""交通环境"", ""建筑群""]",包含城市中高层建筑的天际线视图，涵盖城市空间结构和基础设施布局,城市天际线提供稳定且丰富的场景来源，具有明确的承载面和可编辑环境结构,screened
建筑与基础设施,建筑与基础设施 / 城市景观,18,keep,"[""城市景观"", ""公共空间"", ""交通环境""]",包含城市中的建筑群、道路、桥梁、公共设施等稳定存在的基础设施和景观结构,城市景观具有稳定且广泛的场景来源，涵盖多种空间和承载面，适合召回其成员概念的关联图片,screened
建筑与基础设施,建筑与基础设施 / 塔 / 中式塔,18,keep,"[""中式建筑环境"", ""宗教或文化场所"", ""城市景观""]",中式塔作为建筑与基础设施的一部分，常见于宗教、文化或城市景观中，具有稳定且可编辑的场景来源,中式塔具有明确的建筑形态和稳定场景，常见于宗教或文化场所，可提供可靠的承载与环境结构支持,screened
建筑与基础设施,建筑与基础设施 / 塔 / 信标,18,keep,"[""建筑环境"", ""基础设施"", ""高耸结构""]",建筑与基础设施中的塔类信标结构，如通信塔、导航塔等，常见于城市或野外的固定位置,信标塔作为建筑与基础设施的一部分，通常具有稳定存在的场景和承载功能，可提供明确的视觉结构和空间参考,screened
建筑与基础设施,建筑与基础设施 / 塔 / 光塔,10,keep,"[""建筑环境"", ""城市基础设施"", ""高耸结构""]",建筑与基础设施中的光塔类结构，包括其所在的城市或区域场景,光塔作为建筑与基础设施的一部分，通常存在于城市或特定区域，具有稳定的场景来源和可编辑的承载环境。,screened
建筑与基础设施,建筑与基础设施 / 塔 / 埃菲尔铁塔,17,keep,"[""城市景观"", ""地标建筑"", ""交通环境""]",埃菲尔铁塔作为城市地标，常出现在城市景观和交通环境中，提供稳定且丰富的场景来源,埃菲尔铁塔是稳定存在的地标建筑，常出现在城市景观和交通环境中，具有明确且丰富的场景来源,screened
建筑与基础设施,建筑与基础设施 / 塔 / 塔式住宅楼,18,keep,"[""城市建筑"", ""住宅环境"", ""高层结构""]",塔式住宅楼作为建筑与基础设施的一部分，常见于城市居住区，提供稳定的生活空间和承载结构,塔式住宅楼具有稳定的建筑结构和明确的居住场景，可作为室内与城市空间的承载来源,screened
建筑与基础设施,建筑与基础设施 / 塔 / 塔架,18,keep,"[""建筑环境"", ""基础设施"", ""塔架结构""]",建筑与基础设施中的塔类结构，包括通信塔、风力发电塔等具有稳定支撑和承载功能的塔架,塔架通常存在于建筑与基础设施场景中，提供稳定支撑和承载功能，具有明确的场景来源和可编辑环境结构,screened
建筑与基础设施,建筑与基础设施 / 塔 / 天空塔,18,keep,"[""城市天际线"", ""高层建筑环境"", ""交通与公共空间""]",天空塔作为城市地标和建筑基础设施，常见于城市天际线和公共空间中，提供稳定可视的承载与环境结构,天空塔作为城市建筑的一部分，通常存在于城市天际线中，具有稳定的场景来源和可编辑环境结构,screened
建筑与基础设施,建筑与基础设施 / 塔 / 尖塔,18,keep,"[""建筑环境"", ""尖塔场景"", ""城市天际线""]",包含各类尖塔类建筑及其所在环境，如通信塔、宗教塔、观景塔等,尖塔类建筑在建筑与基础设施中具有稳定且明确的场景来源，常见于城市景观和特定功能区域。,screened
建筑与基础设施,建筑与基础设施 / 塔 / 指挥塔台,18,keep,"[""指挥塔台"", ""建筑设施"", ""军事或监控场景""]",指挥塔台作为建筑与基础设施中的典型结构，常见于军事、监控或指挥系统中，具有稳定的场景来源和承载功能,指挥塔台是建筑与基础设施中具有明确场景和稳定来源的结构，常用于军事、监控或指挥系统，具备可编辑的承载与环境结构特征,screened
建筑与基础设施,建筑与基础设施 / 塔 / 支撑塔,18,keep,"[""交通环境"", ""电力设施"", ""通信设施""]",建筑与基础设施下的支撑塔，如通信塔、输电塔等，常见于交通、电力和通信场景中,支撑塔在交通、电力和通信设施中具有稳定且普遍的场景来源，能提供明确的承载和环境结构,screened
建筑与基础设施,建筑与基础设施 / 塔 / 教会塔,18,keep,"[""宗教场所"", ""城市天际线"", ""历史建筑""]",教会塔作为宗教建筑的一部分，常见于城市或乡村的宗教场所，具有稳定的场景来源和可编辑的结构环境,教会塔作为建筑与基础设施中的具体类型，通常存在于宗教场所，具有稳定且可编辑的场景来源，如城市天际线或历史建筑群中。,screened
建筑与基础设施,建筑与基础设施 / 塔 / 水塔,18,keep,"[""建筑环境"", ""基础设施"", ""公共空间""]",水塔作为建筑与基础设施的一部分，常见于城市或乡村的公共空间中，提供供水功能并具有稳定结构和明确的承载面,水塔具有稳定结构和明确的承载面，常见于建筑与基础设施场景中，可作为稳定场景来源,screened
建筑与基础设施,建筑与基础设施 / 塔 / 灯塔,32,keep,"[""海岸环境"", ""建筑设施"", ""夜间照明场景""]",灯塔作为建筑与基础设施的一部分，常见于海岸线、港口或海上导航区域，提供稳定且可编辑的承载与视觉场景,灯塔通常位于海岸或海上，具有稳定且明确的场景来源，可作为导航和环境结构的支撑点,screened
建筑与基础设施,建筑与基础设施 / 塔 / 炮塔,18,keep,"[""建筑环境"", ""军事设施"", ""塔类结构""]",包含各类炮塔的建筑与基础设施场景，如军事基地、城市防御设施等,炮塔作为建筑与基础设施的一部分，通常存在于特定场景中，具有稳定且可识别的承载和环境结构,screened
建筑与基础设施,建筑与基础设施 / 塔 / 电视塔,14,keep,"[""城市景观"", ""交通环境"", ""基础设施""]",电视塔作为建筑与基础设施的一部分，常见于城市天际线和公共空间中，提供可视性和信号覆盖功能,电视塔具有稳定存在的场景来源，常见于城市景观和基础设施环境中，可作为承载信号和公共设施的稳定来源,screened
建筑与基础设施,建筑与基础设施 / 塔 / 瞭望塔,18,keep,"[""瞭望塔"", ""建筑设施"", ""公共空间""]",包含各类瞭望塔及其所在建筑环境中的稳定场景,瞭望塔通常位于特定建筑结构中，提供稳定且可编辑的承载面和空间场景,screened
建筑与基础设施,建筑与基础设施 / 塔 / 筒仓,18,keep,"[""农业场景"", ""仓储环境"", ""工业设施""]",建筑与基础设施下的筒仓类结构，主要存在于农业或工业仓储区域,筒仓作为稳定的仓储结构，常见于农业和工业场景，提供明确的承载和空间环境,screened
建筑与基础设施,建筑与基础设施 / 塔 / 钟塔,18,keep,"[""城市景观"", ""宗教建筑"", ""历史遗迹""]",钟塔作为建筑与基础设施的一部分，常见于城市天际线、宗教场所和历史建筑中，提供稳定的空间结构和视觉锚点,钟塔具有稳定的建筑结构和明确的场景来源，常见于城市景观、宗教建筑和历史遗迹中，能提供可靠的承载与环境参考,screened
建筑与基础设施,建筑与基础设施 / 塔 / 铅丸塔,18,hold,[],建筑与基础设施 / 塔 / 铅丸塔,分类名称模糊，'铅丸塔'无明确场景或稳定来源，无法确定其是否包含稳定有用的场景或承载区域。,screened
建筑与基础设施,建筑与基础设施 / 塔楼,17,keep,"[""城市天际线"", ""高层建筑群"", ""交通与通信设施""]",包含各类塔楼结构，如通信塔、广播电视塔、观景塔等，覆盖城市空间中的垂直基础设施,塔楼作为建筑与基础设施的重要组成部分，普遍存在于城市环境中，提供稳定的空间结构和功能支持，具有明确且广泛的场景来源,screened
建筑与基础设施,建筑与基础设施 / 墓葬建筑,20,keep,"[""墓葬环境"", ""宗教与文化空间""]",墓葬建筑相关的建筑结构和空间场景,墓葬建筑具有稳定的场景来源，常见于特定文化与宗教背景下的实际空间环境,screened
建筑与基础设施,建筑与基础设施 / 复合体 / 学院,18,keep,"[""校园环境"", ""教学区域"", ""建筑复合体""]",包含学院类建筑群及其周边空间，如教学楼、宿舍、图书馆、实验楼等组成的复合体环境,学院类建筑复合体通常具有稳定的校园场景和明确的承载空间，可提供丰富的环境结构与可编辑区域,screened
建筑与基础设施,建筑与基础设施 / 复合板材,23,hold,[],建筑与基础设施中的复合板材相关应用,仅凭分类名称无法确定其具体应用场景或是否存在稳定有用的场景来源,screened
建筑与基础设施,建筑与基础设施 / 大厦,18,keep,"[""城市建筑"", ""办公场所"", ""公共设施""]",包含各类大厦的建筑结构和基础设施场景,大厦作为稳定存在的建筑形式，普遍存在于城市空间中，提供明确的承载和环境结构,screened
建筑与基础设施,建筑与基础设施 / 大型鸟舍,18,reject,[],大型鸟舍,大型鸟舍属于抽象符号或孤立小物特写，缺乏稳定、可用的场景或承载区域来源。,screened
建筑与基础设施,建筑与基础设施 / 天文台,18,hold,"[""天文台""]",天文台作为建筑与基础设施的一部分，可能包含观测平台、设备支撑结构等场景,天文台属于特定功能建筑，其场景来源有限且依赖具体观测设施，无法确定是否具有稳定、广泛的场景或承载面来源,screened
建筑与基础设施,建筑与基础设施 / 天文观测设施,19,keep,"[""天文观测环境"", ""科研设施"", ""夜间自然场景""]",包含天文望远镜、观测站等设施及其所在环境,天文观测设施通常位于特定稳定环境中，如山顶、荒野或科研基地，具有明确的场景和承载面，可提供可靠的视觉来源,screened
建筑与基础设施,建筑与基础设施 / 天文馆,18,hold,"[""天文馆""]",天文馆类建筑及其内部空间,分类名称较模糊，缺乏明确的稳定场景或承载区域来源，无法确定其是否包含可编辑的环境结构。,screened
建筑与基础设施,建筑与基础设施 / 宗教建筑 / 印度教寺庙,15,keep,"[""宗教场所"", ""印度教寺庙"", ""建筑环境""]",印度教寺庙作为宗教建筑，通常存在于特定宗教文化场景中，具有稳定的建筑结构和空间布局,印度教寺庙具有稳定的建筑结构和明确的宗教场景，可提供丰富的承载面和环境结构，适用于多种视觉编辑场景,screened
建筑与基础设施,建筑与基础设施 / 宗教建筑 / 小教堂,12,keep,"[""宗教场所"", ""室内空间"", ""建筑结构""]",小教堂作为宗教建筑的一种，通常存在于宗教场所中，具有稳定的室内空间和建筑结构特征,小教堂作为宗教建筑的一种，具有稳定的宗教场所和室内空间特征，可提供可靠的场景来源。,screened
建筑与基础设施,建筑与基础设施 / 宗教建筑 / 罗马神庙,14,keep,"[""宗教场所"", ""古代建筑"", ""公共空间""]",罗马神庙作为宗教建筑，常见于古代城市布局和公共空间中，具有稳定的场景来源,罗马神庙作为宗教建筑，具有明确的稳定场景来源，常见于古代城市和公共空间中，可提供可靠的承载与环境结构,screened
建筑与基础设施,建筑与基础设施 / 宗教建筑 / 谒师所,17,keep,"[""宗教场所"", ""室内空间"", ""建筑环境""]",宗教建筑中的谒师所类空间，包含其内部结构和使用场景,谒师所作为宗教建筑的一种，具有稳定的宗教活动场景和室内空间特征，可提供可靠的承载与环境结构来源,screened
建筑与基础设施,建筑与基础设施 / 宗教祭祀建筑 / 宗祠,18,keep,"[""宗教场所"", ""传统建筑"", ""祭祀环境""]",宗祠作为宗教祭祀建筑，常见于传统社区和文化空间，具有稳定的场景来源和承载结构,宗祠作为具有稳定场景和文化背景的建筑，通常存在于特定社会环境中，提供明确的承载面和可编辑空间,screened
建筑与基础设施,建筑与基础设施 / 宗教祭祀建筑 / 寺庙,66,keep,"[""宗教场所"", ""室内空间"", ""建筑环境""]",寺庙作为宗教祭祀建筑，常见于宗教场所，具有稳定的室内空间和建筑结构，可提供承载与编辑环境,寺庙具有稳定的宗教场所和建筑结构，包含明确的室内空间与承载区域，符合可编辑环境的场景要求,screened
建筑与基础设施,建筑与基础设施 / 宗教祭祀建筑 / 教堂,49,keep,"[""宗教场所"", ""室内空间"", ""建筑环境""]",教堂作为宗教祭祀建筑，常见于宗教场所，具有稳定的室内空间和建筑结构，可提供承载与编辑环境,教堂是具有稳定场景和承载区域的宗教建筑，常用于祭祀活动，具备明确的室内空间和建筑结构，可作为可编辑环境的来源,screened
建筑与基础设施,建筑与基础设施 / 宗教祭祀建筑 / 洗礼堂,17,keep,"[""宗教场所"", ""室内空间"", ""建筑结构""]",宗教祭祀建筑中的洗礼堂，包含其建筑结构、室内环境及宗教使用场景,洗礼堂作为宗教场所具有稳定的建筑结构和明确的室内使用场景，可提供可靠的承载与编辑环境,screened
建筑与基础设施,建筑与基础设施 / 宗教祭祀建筑 / 清真寺,17,keep,"[""宗教场所"", ""室内空间"", ""建筑环境""]",清真寺作为宗教祭祀建筑，具有稳定的宗教活动场景和室内空间结构，可提供承载与编辑的环境基础,清真寺作为宗教场所，具有明确的建筑结构和稳定使用场景，包含可编辑的室内空间和宗教活动环境,screened
建筑与基础设施,建筑与基础设施 / 宗教祭祀建筑 / 犹太会堂,18,keep,"[""宗教场所"", ""室内空间"", ""建筑环境""]",犹太会堂作为宗教祭祀建筑，常见于城市或社区中的宗教场所，具有稳定的室内空间和承载功能,犹太会堂是具有稳定场景和承载功能的宗教建筑，通常包含明确的室内空间和使用结构，可作为可靠场景来源,screened
建筑与基础设施,建筑与基础设施 / 宗教祭祀建筑 / 礼拜堂,18,keep,"[""宗教场所"", ""室内空间"", ""公共建筑""]",宗教祭祀建筑中的礼拜堂类空间，包含其内部结构、布局及使用场景,礼拜堂作为宗教活动的核心空间，具有稳定且持续的使用场景，包含明确的室内结构和承载区域，符合稳定场景来源的判断标准,screened
建筑与基础设施,建筑与基础设施 / 宗教祭祀建筑 / 神社,18,keep,"[""宗教场所"", ""祭祀环境"", ""传统建筑""]",神社作为宗教祭祀建筑，常见于特定文化场景中，具有稳定且可编辑的承载面和空间结构,神社作为宗教祭祀建筑，具有明确的场景和空间结构，可提供稳定且可编辑的承载面和环境来源,screened
建筑与基础设施,建筑与基础设施 / 宗教祭祀建筑 / 祭坛,18,keep,"[""宗教场所"", ""祭祀环境"", ""建筑空间""]",宗教祭祀建筑中的祭坛类结构及其所在空间,祭坛作为宗教祭祀活动的核心载体，通常存在于稳定且具有特定场景的宗教场所中，具备明确的场景和承载功能。,screened
建筑与基础设施,建筑与基础设施 / 宗教祭祀建筑 / 纪念性宗教建筑,18,keep,"[""宗教场所"", ""纪念性建筑"", ""公共空间""]",纪念性宗教建筑，如陵墓、纪念碑、祭祀堂等，通常具有稳定的场景和承载面，可作为可编辑环境结构,纪念性宗教建筑通常存在于特定宗教场所，具有稳定且可识别的场景来源，如陵墓、纪念碑等，能提供明确的承载面和环境结构,screened
建筑与基础设施,建筑与基础设施 / 宗教祭祀建筑 / 道观,14,keep,"[""宗教场所"", ""室内空间"", ""建筑环境""]",道观作为宗教祭祀建筑，具有稳定的宗教活动场景和室内空间结构,道观作为宗教场所，具有明确的建筑结构和稳定的宗教活动场景，可提供可靠的承载与编辑环境,screened
建筑与基础设施,建筑与基础设施 / 室内,14,keep,"[""室内空间"", ""办公环境"", ""居住空间""]",包含各类室内建筑空间，如办公室、住宅、商场等内部环境,室内空间具有稳定且广泛的场景来源，涵盖多种日常使用环境，适合召回相关图片,screened
建筑与基础设施,建筑与基础设施 / 室内设计,36,keep,"[""室内空间"", ""工作场所"", ""建筑内部""]",建筑与基础设施中的室内设计相关场景，包括办公空间、住宅内部、公共建筑内部等,室内设计涉及多种稳定且常见的室内场景，具有丰富的承载面和可编辑环境结构,screened
建筑与基础设施,建筑与基础设施 / 宫殿建筑,12,keep,"[""宫殿建筑"", ""室内空间"", ""历史建筑""]",宫殿类建筑及其所在环境，包括庭院、廊道、殿宇等结构,宫殿建筑具有稳定且丰富的场景来源，包含明确的室内空间和承载结构，适用于多种编辑场景,screened
建筑与基础设施,建筑与基础设施 / 射击游艺场,18,keep,"[""射击游艺场"", ""公共娱乐空间"", ""室内设施""]",包含射击游艺场等娱乐性建筑设施，具有明确的使用场景和承载环境,射击游艺场作为公共娱乐设施，具有稳定的场景来源和可编辑的承载环境，符合室内设施与公共空间的典型特征,screened
建筑与基础设施,建筑与基础设施 / 小吃摊,22,keep,"[""街头场景"", ""城市市井环境"", ""临时商业空间""]",小吃摊所在的城市街头或临时商业区域，包含摊位、地面承载面及周边人流环境,小吃摊常见于街头市井，具有稳定且可编辑的场景来源，如地面承载面和人流环境，符合实际使用场景,screened
建筑与基础设施,建筑与基础设施 / 居住住宅 / 临时住所,18,hold,[],临时住所,分类名称模糊，缺乏明确的稳定场景或承载区域来源，无法确定是否存在可编辑的环境结构。,screened
建筑与基础设施,建筑与基础设施 / 居住住宅 / 乡村住宅,18,keep,"[""乡村住宅"", ""居住环境"", ""农村生活场景""]",乡村住宅类建筑及其周边生活场景,乡村住宅具有稳定的居住场景和承载环境，能提供丰富的可编辑空间和生活场景来源,screened
建筑与基础设施,建筑与基础设施 / 居住住宅 / 传统民居,17,keep,"[""室内空间"", ""居住环境"", ""传统建筑""]",传统民居的居住空间和建筑结构,传统民居包含稳定且丰富的室内与居住场景，具有明确的承载面和可编辑环境结构。,screened
建筑与基础设施,建筑与基础设施 / 居住住宅 / 公寓住宅,19,keep,"[""室内空间"", ""居住环境"", ""公寓场景""]",公寓住宅类建筑的室内空间和居住环境,公寓住宅包含稳定且常见的居住场景和室内空间，具有明确的承载面和可编辑环境结构。,screened
建筑与基础设施,建筑与基础设施 / 居住住宅 / 别墅,18,keep,"[""住宅环境"", ""私人庭院"", ""居住空间""]",别墅类居住建筑及其周边环境，包括住宅主体、庭院、附属设施等,别墅类居住建筑具有稳定且丰富的场景来源，涵盖居住空间、庭院和周边环境，具备明确的可编辑承载面和使用场景,screened
建筑与基础设施,建筑与基础设施 / 居住住宅 / 宿舍,72,keep,"[""室内空间"", ""居住环境"", ""宿舍场景""]",宿舍类居住空间，包括宿舍房间、公共区域及基本生活设施,宿舍作为居住住宅的典型场景，具有稳定且广泛的室内空间和可编辑环境结构，适用于多种视觉内容的召回,screened
建筑与基础设施,建筑与基础设施 / 居住住宅 / 独立住宅,18,keep,"[""住宅空间"", ""室内环境"", ""居住场景""]",独立住宅的各类室内空间和居住环境,独立住宅包含稳定且常见的居住场景，如客厅、卧室、厨房等，具有明确的场景和承载区域来源,screened
建筑与基础设施,建筑与基础设施 / 居住住宅 / 老年公寓,19,keep,"[""居住空间"", ""老年生活场景"", ""住宅环境""]",老年公寓作为居住住宅的一种，包含稳定的生活场景和日常活动空间，如卧室、公共活动区、卫生间等，具有明确的承载面和可编辑环境结构,老年公寓提供稳定且持续的居住场景，包含明确的室内空间和生活设施，符合可编辑环境的覆盖需求,screened
建筑与基础设施,建筑与基础设施 / 居住住宅 / 集合住宅,18,keep,"[""室内空间"", ""居住环境"", ""集合住宅场景""]",集合住宅的室内空间及居住相关环境,集合住宅包含稳定且常见的居住场景和室内空间，具有明确的场景来源和可编辑性,screened
建筑与基础设施,建筑与基础设施 / 居住住宅 / 高层住宅,18,keep,"[""高层住宅建筑"", ""居住空间"", ""城市居住环境""]",高层住宅的建筑结构及居住空间场景,高层住宅包含稳定且常见的居住场景和建筑结构，具有明确的场景来源和可编辑环境结构。,screened
建筑与基础设施,建筑与基础设施 / 居住空间,19,keep,"[""室内空间"", ""居住环境"", ""住宅建筑""]",居住空间中的各类建筑结构和室内环境,居住空间包含稳定且广泛的室内场景和建筑结构，具有明确的场景来源和可编辑性,screened
建筑与基础设施,建筑与基础设施 / 居民区,61,keep,"[""居民区"", ""室内空间"", ""生活场所""]",居民区相关的建筑与基础设施，包括住宅、社区设施、公共空间等,居民区包含稳定且多样化的场景和承载环境，如住宅楼、小区道路、公共设施等，具有广泛的实用场景和可编辑性,screened
建筑与基础设施,建筑与基础设施 / 居酒屋,22,keep,"[""室内空间"", ""餐饮环境"", ""建筑结构""]",居酒屋作为建筑与基础设施的一部分，包含室内用餐空间、建筑结构及餐饮服务场景,居酒屋具有稳定的室内空间和餐饮服务场景，能提供可编辑的承载面和环境结构,screened
建筑与基础设施,建筑与基础设施 / 屋顶花园,22,keep,"[""屋顶花园"", ""建筑空间"", ""绿色环境""]",包含屋顶花园的建筑空间，如屋顶绿化、种植区域、休闲设施等,屋顶花园作为建筑与基础设施的一部分，具有稳定且可编辑的承载面和场景来源，适用于多种环境和功能场景,screened
建筑与基础设施,建筑与基础设施 / 屠宰场,19,keep,"[""屠宰场"", ""生产场所"", ""工业环境""]",屠宰场内的建筑结构、设施设备及工作区域,屠宰场作为典型生产场所，具有稳定且明确的场景来源和承载结构，符合可编辑环境的覆盖需求,screened
建筑与基础设施,建筑与基础设施 / 工业与仓储建筑 / 仓库,72,keep,"[""工业场所"", ""仓储环境"", ""建筑空间""]",仓库类建筑及其内部结构和使用场景,仓库作为工业与仓储建筑的典型场景，具有稳定且广泛的实用来源，包含明确的承载面和可编辑环境结构。,screened
建筑与基础设施,建筑与基础设施 / 工业与仓储建筑 / 加油站,18,keep,"[""交通环境"", ""工业场所""]",加油站作为工业与仓储建筑的一部分，常见于交通节点和工业区域，提供稳定场景和承载面,加油站具有稳定的交通环境和工业场所场景来源，可作为可编辑环境的支撑区域,screened
建筑与基础设施,建筑与基础设施 / 工业与仓储建筑 / 工业园区,18,keep,"[""工业园区"", ""生产场所"", ""仓储环境""]",工业与仓储建筑类园区的稳定场景和承载结构,工业园区包含稳定且多样化的工业场景和承载空间，具备明确的可编辑环境结构,screened
建筑与基础设施,建筑与基础设施 / 工业与仓储建筑 / 工厂,176,keep,"[""工业场所"", ""生产环境"", ""仓储空间""]",工厂类建筑及其内部生产与仓储场景,工厂作为工业与仓储建筑的典型代表，具有稳定且广泛的场景来源，包含生产、仓储、设备布置等可编辑环境结构。,screened
建筑与基础设施,建筑与基础设施 / 工业与仓储建筑 / 污水处理厂,18,keep,"[""工业环境"", ""污水处理场景"", ""仓储设施""]",污水处理厂作为工业与仓储建筑的一部分，具有稳定的工业场景和承载功能，适用于各类与水处理相关的环境和设施操作,污水处理厂属于工业基础设施，具有稳定且可编辑的场景来源，如处理池、管道、设备区等，能提供明确的承载与操作环境,screened
建筑与基础设施,建筑与基础设施 / 工业与仓储建筑 / 油库,18,keep,"[""工业场所"", ""仓储环境"", ""油库区域""]",油库作为工业与仓储建筑的一种，具有稳定的工业场景和承载结构，适用于各类与能源存储、运输相关的操作环境,油库作为工业基础设施，具有明确的稳定场景和承载结构，可提供可靠的环境支撑和可编辑区域,screened
建筑与基础设施,建筑与基础设施 / 工业与仓储建筑 / 炼油厂,23,keep,"[""工业场所"", ""仓储环境"", ""生产区域""]",炼油厂作为工业与仓储建筑的典型代表，包含稳定的生产与运营场景,炼油厂具有明确的工业场景和稳定的生产环境，可提供可靠的承载与操作空间,screened
建筑与基础设施,建筑与基础设施 / 工业与仓储建筑 / 物流中心,18,keep,"[""工业场所"", ""仓储环境"", ""物流中心""]",物流中心作为工业与仓储建筑的子类，包含稳定的工业场景和承载区域，适用于多种可编辑环境结构,物流中心具有稳定且广泛的工业场景和承载面，能提供可靠的环境结构支持,screened
建筑与基础设施,建筑与基础设施 / 工业与仓储建筑 / 矿山设施,18,keep,"[""工业环境"", ""仓储区域"", ""矿山场景""]",矿山设施相关的工业与仓储建筑场景,矿山设施具有稳定且广泛的工业场景来源，包含明确的承载面和可编辑环境结构。,screened
建筑与基础设施,建筑与基础设施 / 工业与仓储建筑 / 能源厂站,18,keep,"[""工业场所"", ""能源生产环境"", ""仓储设施""]",包含各类能源厂站和工业仓储建筑的场景，如发电站、变电站、仓储仓库等,能源厂站和工业仓储建筑通常具有稳定的生产或存储功能，提供明确的承载面和工作环境，适用于多种可编辑场景。,screened
建筑与基础设施,建筑与基础设施 / 工业与仓储建筑 / 车间,20,keep,"[""工业车间"", ""生产环境"", ""仓储空间""]",工业与仓储建筑中的车间类空间，包含生产、加工、存储等场景,车间类建筑具有稳定且广泛的场景来源，常见于工业生产与仓储环境中，提供明确的承载面和可编辑结构,screened
建筑与基础设施,建筑与基础设施 / 工业区,22,keep,"[""工业区"", ""生产场所"", ""基础设施""]",工业区内的建筑、厂房、道路、管道、电力设施等基础设施,工业区包含稳定且多样化的场景和承载面，适用于多种可编辑环境结构,screened
建筑与基础设施,建筑与基础设施 / 平台 / 炮位围护,18,hold,[],建筑与基础设施 / 平台 / 炮位围护,分类名称具体但缺乏明确的稳定场景或承载环境来源，无法确定其是否包含可编辑的实用场景。,screened
建筑与基础设施,建筑与基础设施 / 平转桥,18,keep,"[""交通环境"", ""基础设施""]",平转桥作为交通基础设施的一部分，常见于城市道路交叉口，提供动态通行能力,平转桥是交通环境中稳定存在的基础设施，具有明确的承载和通行功能，可作为交通场景的典型来源,screened
建筑与基础设施,建筑与基础设施 / 庇护所 / 临时营房,18,keep,"[""临时营房"", ""应急场所"", ""野外基础设施""]",临时营房及应急庇护结构在野外或紧急情况下的使用场景,临时营房通常存在于应急或野外环境，提供稳定承载和庇护功能，具有明确的场景来源。,screened
建筑与基础设施,建筑与基础设施 / 庇护所 / 可折叠庇护所,320,keep,"[""野外环境"", ""临时安置场景"", ""可折叠结构""]",可折叠庇护所适用于野外、应急或临时安置场景中的建筑与基础设施,可折叠庇护所提供稳定且可移动的承载与防护区域，适用于多种野外和临时场景,screened
建筑与基础设施,建筑与基础设施 / 庇护所 / 寮,28,keep,"[""庇护所场景"", ""临时居住环境"", ""户外基础设施""]",包含各类庇护所和临时居住设施的场景，如灾后安置点、野外营地、临时帐篷区等,庇护所类建筑通常存在于特定场景中，如灾害救援或野外活动，具有稳定且可编辑的承载环境。,screened
建筑与基础设施,建筑与基础设施 / 庇护所 / 小鸟舍,18,hold,[],建筑与基础设施 / 庇护所 / 小鸟舍,分类名称模糊，无法确定是否存在稳定有用的场景或承载区域来源,screened
建筑与基础设施,建筑与基础设施 / 庇护所 / 收容所,18,keep,"[""室内空间"", ""庇护场所"", ""收容所环境""]",包含各类收容所的室内空间和基础设施场景,收容所作为庇护场所具有稳定的室内空间和承载环境，能提供可编辑的场景结构,screened
建筑与基础设施,建筑与基础设施 / 庇护所 / 海滩小屋,18,keep,"[""海滩环境"", ""户外建筑"", ""庇护所结构""]",海滩小屋作为庇护所存在于海滩环境中的建筑结构,海滩小屋提供稳定的户外庇护场景，具有明确的承载和使用环境,screened
建筑与基础设施,建筑与基础设施 / 庇护所 / 独木舟,15,reject,[],独木舟作为庇护所的基础设施,独木舟属于水上交通工具，不具备稳定庇护所的场景或承载区域，无法构成稳定可用的环境来源。,screened
建筑与基础设施,建筑与基础设施 / 库房 / 啤酒花烘房,22,keep,"[""库房"", ""工业设施"", ""生产环境""]",包含啤酒花烘房等仓储与生产类建筑场景,库房类建筑通常具备稳定的承载和操作环境，啤酒花烘房作为特定生产设施，属于工业场景中的典型结构，具有明确的使用场景和空间特征,screened
建筑与基础设施,建筑与基础设施 / 废墟,28,keep,"[""废墟场景"", ""历史建筑环境"", ""自然侵蚀环境""]",包含各类废墟建筑及其所处的自然与历史环境,废墟场景具有稳定且丰富的来源，能提供多样化的承载面和环境结构,screened
建筑与基础设施,建筑与基础设施 / 庭院,24,keep,"[""庭院公园"", ""自然环境""]",包含庭院类建筑与基础设施，如围墙、亭子、步道、景观小品等,庭院类建筑与基础设施通常存在于稳定的空间场景中，提供明确的承载面和可编辑环境结构,screened
建筑与基础设施,建筑与基础设施 / 建筑内置柜,22,keep,"[""室内空间"", ""建筑内部"", ""储物环境""]",建筑内部用于存放物品的柜体结构，如厨房柜、走廊柜、办公区储物柜等,建筑内置柜常见于多种室内场景，提供稳定可靠的存储和承载功能，具有明确的使用场景和环境结构,screened
建筑与基础设施,建筑与基础设施 / 建筑区域 / H类酒店外部,22,keep,"[""酒店外部环境"", ""公共建筑区域"", ""城市基础设施""]",H类酒店外部的建筑区域，包括出入口、停车场、景观设计、公共设施等稳定场景,酒店外部环境具有稳定且可编辑的承载面和空间结构，适用于多种场景和视觉编辑需求,screened
建筑与基础设施,建筑与基础设施 / 建筑区域 / 中殿,22,keep,"[""宗教建筑"", ""室内空间"", ""建筑区域""]",中殿作为宗教或文化建筑中的核心区域，具有稳定且明确的场景来源,中殿是建筑区域中的典型结构，常见于寺庙、宫殿等宗教或文化建筑中，具有稳定且可编辑的场景来源,screened
建筑与基础设施,建筑与基础设施 / 建筑区域 / 乐池,18,keep,"[""音乐场所"", ""室内建筑区域""]",乐池作为音乐表演空间，存在于剧院、音乐厅等建筑内部，提供稳定且可编辑的承载与使用环境,乐池是建筑区域中具有稳定功能和明确场景的组成部分，常见于音乐厅等专业场所，能提供可靠的场景和承载面,screened
建筑与基础设施,建筑与基础设施 / 建筑区域 / 侧廊,19,keep,"[""建筑区域"", ""室内空间"", ""公共空间""]",建筑与基础设施中的侧廊类区域，包含其作为建筑组成部分的稳定场景和承载环境,侧廊作为建筑区域的一部分，具有稳定的建筑结构和使用场景，可提供可靠的场景来源和承载面,screened
建筑与基础设施,建筑与基础设施 / 建筑区域 / 储存空间,78,keep,"[""室内空间"", ""仓储环境"", ""建筑区域""]",包含各类建筑中的储存空间，如仓库、储藏室、货架区等,储存空间在建筑中普遍存在，具有稳定且可编辑的承载结构，适用于多种场景,screened
建筑与基础设施,建筑与基础设施 / 建筑区域 / 全景监狱,20,keep,"[""监狱全景"", ""封闭建筑区域"", ""安全管控环境""]",包含监狱整体建筑结构及内部空间布局的全景场景,监狱作为典型建筑区域，具有稳定且明确的场景来源，包含多种可编辑的承载面和空间结构,screened
建筑与基础设施,建筑与基础设施 / 建筑区域 / 吃早餐的地方,20,keep,"[""早餐场所"", ""室内空间"", ""公共建筑区域""]",包含提供早餐服务的建筑内部或公共区域，如咖啡馆、餐厅、食堂等,吃早餐的地方通常存在于稳定的室内或公共建筑区域，具有明确的场景和承载环境，符合可编辑场景需求,screened
建筑与基础设施,建筑与基础设施 / 建筑区域 / 合唱团,19,reject,[],合唱团,合唱团属于抽象符号和人类活动集合，缺乏稳定、可编辑的场景或承载区域来源。,screened
建筑与基础设施,建筑与基础设施 / 建筑区域 / 听众席,19,keep,"[""室内场所"", ""建筑区域"", ""观众环境""]",建筑中用于观众坐席的区域，如剧院、体育馆、会议中心等,听众席是建筑中稳定存在的功能区域，具有明确的场景和承载结构，适用于多种室内空间场景。,screened
建筑与基础设施,建筑与基础设施 / 建筑区域 / 四轮摩托车,22,reject,[],四轮摩托车作为交通工具，不构成稳定场景或承载环境,四轮摩托车属于交通工具，缺乏稳定、可编辑的场景或承载区域来源，不符合建筑与基础设施中建筑区域的语义范畴,screened
建筑与基础设施,建筑与基础设施 / 建筑区域 / 围场,637,keep,"[""建筑区域"", ""围场环境"", ""公共空间""]",包含各类围场结构，如围栏、围界、场地边界等，适用于建筑区域中的空间界定和功能划分,围场作为建筑区域中的常见结构，具有稳定且明确的场景来源，能提供可靠的承载和空间定义,screened
建筑与基础设施,建筑与基础设施 / 建筑区域 / 圣坛区,18,keep,"[""宗教场所"", ""建筑区域"", ""神圣空间""]",包含宗教仪式或祭祀活动的建筑区域，如教堂、寺庙中的圣坛区,圣坛区作为宗教活动的核心空间，具有稳定且明确的场景来源，属于典型可编辑环境结构,screened
建筑与基础设施,建筑与基础设施 / 建筑区域 / 天井,73,keep,"[""室内空间"", ""建筑区域"", ""庭院环境""]",建筑与基础设施中的天井类空间，包含其作为室内或庭院中开放区域的使用场景,天井作为建筑区域中的稳定空间结构，具有明确的承载和使用场景，可提供稳定的环境结构支持,screened
建筑与基础设施,建筑与基础设施 / 建筑区域 / 室,2233,keep,"[""室内空间"", ""建筑区域"", ""工作场所""]",建筑与基础设施下的室内空间及建筑区域，包括办公、居住、公共设施等场景,建筑区域中的‘室’包含多种稳定且常见的室内空间来源，具有明确的场景和承载面，适用于多种可编辑环境。,screened
建筑与基础设施,建筑与基础设施 / 建筑区域 / 弓形窗内侧,20,hold,[],建筑与基础设施中的弓形窗内侧区域,仅凭分类名称无法确定是否存在稳定有用的场景或承载区域来源,screened
建筑与基础设施,建筑与基础设施 / 建筑区域 / 户外餐馆,19,keep,"[""户外餐馆"", ""公共空间"", ""庭院园林""]",包含户外餐馆等具有稳定场景和承载面的建筑区域,户外餐馆通常存在于公共空间中，具有稳定的场景和可编辑的承载面，适合召回其成员图片,screened
建筑与基础设施,建筑与基础设施 / 建筑区域 / 拐角,20,keep,"[""建筑区域"", ""拐角环境"", ""城市空间""]",建筑与基础设施中的拐角区域，如道路、建筑或公共空间的拐角处,拐角作为建筑与基础设施中的常见结构，具有稳定且可编辑的场景来源，如交通交汇、建筑转角等，能提供明确的承载与空间结构支持,screened
建筑与基础设施,建筑与基础设施 / 建筑区域 / 接待区,18,keep,"[""室内空间"", ""接待环境"", ""建筑区域""]",包含各类建筑中的接待区，如酒店、办公楼、商场等的接待大厅、前台区域等,接待区通常具有稳定的场景来源，如室内空间中的前台、服务台等，提供明确的承载和交互环境,screened
建筑与基础设施,建筑与基础设施 / 建筑区域 / 教堂室内场景,19,keep,"[""室内空间"", ""宗教场所"", ""建筑区域""]",教堂室内场景中的各类建筑结构、宗教设施及室内环境,教堂室内场景具有稳定且丰富的场景来源，包含明确的承载面和可编辑环境结构。,screened
建筑与基础设施,建筑与基础设施 / 建筑区域 / 服务器机房,19,keep,"[""服务器机房"", ""工作场所"", ""建筑内部""]",包含服务器机房等建筑区域，具有稳定承载和可编辑环境结构,服务器机房是建筑基础设施中稳定存在的场景，具备明确的承载面和可编辑环境结构,screened
建筑与基础设施,建筑与基础设施 / 建筑区域 / 杂用间,22,keep,"[""室内空间"", ""建筑区域"", ""杂用间""]",建筑与基础设施中各类杂用间所处的室内空间和功能区域,杂用间作为建筑区域的一部分，通常具有稳定的室内空间和功能承载，可提供可靠的场景来源,screened
建筑与基础设施,建筑与基础设施 / 建筑区域 / 球门口,19,hold,[],建筑与基础设施 / 建筑区域 / 球门口,仅凭分类名称无法确定是否存在稳定有用的场景或承载区域来源。,screened
建筑与基础设施,建筑与基础设施 / 建筑区域 / 用餐区,18,keep,"[""室内空间"", ""用餐环境"", ""建筑区域""]",包含餐厅、食堂、咖啡馆等用餐区域的室内空间,用餐区通常具有稳定的室内场景和明确的承载面，如餐桌、餐椅，适合提供可编辑的环境结构,screened
建筑与基础设施,建筑与基础设施 / 建筑区域 / 行李提取处,22,keep,"[""交通枢纽"", ""建筑区域"", ""行李提取环境""]",建筑与基础设施中涉及行李提取的区域，如机场、车站等场所,行李提取处是建筑区域中具有稳定、可编辑场景的典型位置，常见于交通枢纽，提供明确的承载与操作环境,screened
建筑与基础设施,建筑与基础设施 / 建筑区域 / 隐居处,19,keep,"[""隐居处"", ""自然环境"", ""居住空间""]",包含隐居处等具有稳定居住功能的建筑区域，如山林间的小屋、避世居所等,隐居处通常存在于自然环境中，具有稳定的居住场景和承载空间，能提供可编辑的环境结构,screened
建筑与基础设施,建筑与基础设施 / 建筑区域 / 餐馆露台,21,keep,"[""餐饮环境"", ""室外空间"", ""公共区域""]",餐馆露台作为餐饮服务的室外延伸空间，提供用餐和社交的承载面,餐馆露台具有稳定且常见的场景来源，包含明确的承载面和使用环境，适用于多种可编辑场景,screened
建筑与基础设施,建筑与基础设施 / 建筑学,36,keep,"[""室内空间"", ""建筑结构"", ""城市环境""]",建筑与基础设施相关的建筑学场景，包括建筑结构、室内空间和城市环境,建筑学涵盖稳定且广泛的建筑结构与空间场景，具有明确的场景来源和可编辑环境结构,screened
建筑与基础设施,建筑与基础设施 / 建筑板材,17,keep,"[""建筑结构"", ""室内空间"", ""基础设施""]",建筑板材在建筑结构和室内空间中的应用场景,建筑板材作为建筑结构和室内空间的常见材料，具有稳定且广泛的场景来源,screened
建筑与基础设施,建筑与基础设施 / 房屋外部,22,keep,"[""室外环境"", ""庭院园林"", ""建筑立面""]",房屋外部的建筑结构、围墙、大门、屋顶、景观设施等,房屋外部包含稳定且多样化的室外场景和承载面，适用于多种环境和编辑需求,screened
建筑与基础设施,建筑与基础设施 / 拆迁,19,reject,[],拆迁相关场景,拆迁属于抽象行为，缺乏稳定、可编辑的场景或承载环境来源,screened
建筑与基础设施,建筑与基础设施 / 拱 / 圆拱,34,keep,"[""建筑结构"", ""室内空间"", ""公共设施""]",包含各类建筑中出现的圆拱结构，如桥梁、门廊、拱顶等,圆拱作为建筑结构的一部分，常见于多种建筑和基础设施中，具有稳定且可重复的场景来源,screened
建筑与基础设施,建筑与基础设施 / 拱 / 尖拱,19,keep,"[""建筑结构"", ""宗教建筑"", ""历史遗迹""]",包含具有尖拱特征的建筑结构，如教堂、桥梁、拱门等,尖拱是建筑中常见的稳定结构形式，广泛存在于宗教和历史建筑中，提供明确的场景和承载面,screened
建筑与基础设施,建筑与基础设施 / 拱 / 断拱,19,keep,"[""建筑结构"", ""公共设施"", ""历史遗迹""]",包含具有断拱特征的建筑结构和基础设施，如桥梁、拱门、古建筑等,断拱作为建筑结构的一部分，常见于多种建筑与基础设施中，具有稳定且可识别的场景来源。,screened
建筑与基础设施,建筑与基础设施 / 拱廊 / 凉廊,23,keep,"[""建筑环境"", ""公共空间"", ""户外走廊""]",建筑与基础设施中的拱廊和凉廊类结构，常见于城市公共空间和户外建筑环境中,拱廊和凉廊作为建筑与基础设施的一部分，通常具有稳定的场景来源，如城市街道、公园、商业区等，提供明确的承载和使用环境。,screened
建筑与基础设施,建筑与基础设施 / 拱顶 / 扇形拱顶,27,keep,"[""建筑结构"", ""室内空间"", ""宗教或文化场所""]",包含具有扇形拱顶特征的建筑结构和空间场景,扇形拱顶是建筑中常见的稳定结构形式，广泛存在于宗教、文化及公共建筑中，具有明确的场景来源和可编辑环境支撑,screened
建筑与基础设施,建筑与基础设施 / 搁架系统,17,keep,"[""建筑环境"", ""基础设施"", ""支撑结构""]",建筑与基础设施中的搁架系统，包括各类支撑、悬挂和承载结构,搁架系统在建筑环境中提供稳定支撑和承载功能，具有明确的场景来源和实用价值,screened
建筑与基础设施,建筑与基础设施 / 搭建棚屋,18,keep,"[""搭建场景"", ""临时建筑"", ""户外空间""]",涉及搭建棚屋的户外或临时建筑场景,棚屋搭建通常出现在户外或临时建筑场景中，具有稳定的承载和使用环境,screened
建筑与基础设施,建筑与基础设施 / 摩天大楼 / 帝国大厦,19,keep,"[""城市天际线"", ""高层建筑"", ""都市环境""]",摩天大楼类建筑，包括帝国大厦在内的高层建筑在城市中的存在和应用场景,帝国大厦作为典型摩天大楼，具有稳定且广泛的场景来源，可覆盖城市天际线和高层建筑环境。,screened
建筑与基础设施,建筑与基础设施 / 支承结构 / 支撑物,59,keep,"[""建筑结构"", ""支撑设施"", ""基础设施""]",建筑与基础设施中各类支撑结构，如柱子、梁、支架等，提供稳定承载和空间结构支持,支承结构在建筑中普遍存在，提供稳定支撑和空间结构，具有明确且稳定的场景来源,screened
建筑与基础设施,建筑与基础设施 / 支承结构 / 构架,1161,keep,"[""建筑结构"", ""支撑体系"", ""基础设施""]",建筑与基础设施中各类构架类支撑结构，如桥梁、塔架、框架等,构架类结构在建筑与基础设施中具有稳定且普遍的场景来源，提供明确的承载与支撑环境。,screened
建筑与基础设施,建筑与基础设施 / 支承结构 / 骨架,46,keep,"[""建筑结构"", ""支撑体系"", ""基础设施""]",建筑与基础设施中提供稳定支撑的骨架类结构，如梁、柱、框架等,支承结构在建筑中具有稳定、普遍的场景来源，是建筑骨架的核心组成部分,screened
建筑与基础设施,建筑与基础设施 / 改造,42,keep,"[""建筑改造现场"", ""施工环境"", ""工作场所""]",涉及建筑改造的施工现场和相关工作环境,建筑改造通常发生在具体的施工场景中，具有稳定且可编辑的承载面和空间结构，能提供丰富的环境来源。,screened
建筑与基础设施,建筑与基础设施 / 教区礼堂,22,keep,"[""室内空间"", ""宗教场所"", ""公共建筑""]",教区礼堂作为宗教活动和公共集会的场所，具有稳定的室内空间和承载功能,教区礼堂是具有稳定场景和承载功能的建筑，常用于宗教仪式和集体活动，具备明确的室内空间和使用场景,screened
建筑与基础设施,建筑与基础设施 / 文化体育建筑 / 体育场,229,keep,"[""体育场"", ""公共空间"", ""大型活动环境""]",体育场类建筑及其周边使用场景,体育场具有稳定且广泛的场景来源，涵盖体育赛事、公众活动等常见使用环境,screened
建筑与基础设施,建筑与基础设施 / 文化体育建筑 / 体育馆,37,keep,"[""室内体育场所"", ""体育活动环境"", ""公共建筑空间""]",体育馆作为文化体育建筑，通常包含稳定的室内体育活动场景和公共使用空间,体育馆具有稳定的室内场景和明确的体育活动承载环境，符合可编辑环境结构的覆盖需求,screened
建筑与基础设施,建筑与基础设施 / 文化体育建筑 / 剧院,59,keep,"[""室内场景"", ""文化演出环境"", ""公共建筑空间""]",剧院作为文化体育建筑，通常存在于城市公共空间中，具有稳定的室内场景和演出功能环境,剧院具有稳定的室内场景和文化演出功能，提供明确的承载面与可编辑环境结构,screened
建筑与基础设施,建筑与基础设施 / 文化体育建筑 / 动物园,20,keep,"[""动物园园区"", ""自然环境"", ""公共空间""]",包含动物园内的建筑、设施、路径及与动物互动的场景,动物园具有稳定且丰富的场景来源，涵盖自然环境与公共空间，提供明确的承载面和可编辑环境结构,screened
建筑与基础设施,建筑与基础设施 / 文化体育建筑 / 展览馆,20,keep,"[""展览空间"", ""室内环境"", ""公共建筑""]",展览馆类建筑的内部空间和公共区域,展览馆通常具有稳定的展览空间和公共使用场景，能提供可靠的承载与编辑环境,screened
建筑与基础设施,建筑与基础设施 / 文化体育建筑 / 文化中心,19,keep,"[""文化中心"", ""公共空间"", ""城市环境""]",文化中心类建筑及其所在公共空间和城市环境,文化中心通常位于公共空间中，具有稳定的场景和承载区域，能提供丰富的可编辑环境结构。,screened
建筑与基础设施,建筑与基础设施 / 文化体育建筑 / 歌剧院,10,keep,"[""文化场所"", ""室内空间"", ""公共建筑""]",歌剧院作为文化体育建筑，通常存在于城市公共空间中，具有稳定的室内场景和承载功能,歌剧院作为典型的文化体育建筑，具有稳定的室内场景和公共使用环境，可提供可靠的场景来源,screened
建筑与基础设施,建筑与基础设施 / 文化体育建筑 / 水族馆,19,keep,"[""水族馆"", ""公共空间"", ""室内环境""]",水族馆作为文化体育建筑，通常包含稳定的室内场景和特定的承载面，如展示池、观景台、休息区等，可提供可编辑的环境结构,水族馆具有稳定的室内场景和明确的承载面，如展示池、观景台、休息区等，能提供可编辑的环境结构,screened
建筑与基础设施,建筑与基础设施 / 文化体育建筑 / 游泳池,19,keep,"[""游泳池环境"", ""公共休闲空间"", ""水体周边""]",包含各类游泳池及其周边环境，如泳池区域、更衣室、出入口、周边设施等,游泳池作为公共设施，通常存在于稳定且可编辑的场景中，具有明确的承载面和使用环境，能提供丰富的视觉素材和可编辑结构。,screened
建筑与基础设施,建筑与基础设施 / 文化体育建筑 / 电影院,18,keep,"[""室内场所"", ""文化娱乐环境"", ""公共建筑""]",电影院作为文化体育建筑，通常存在于城市公共空间，具有稳定的室内场景和可编辑的观影环境,电影院具有稳定的室内场景和明确的承载面，如座椅、屏幕、放映区，能提供丰富的可编辑环境结构,screened
建筑与基础设施,建筑与基础设施 / 文化体育建筑 / 音乐厅,16,keep,"[""室内空间"", ""文化场所"", ""演出环境""]",音乐厅作为文化体育建筑，具有稳定的室内场景和承载功能，适用于各类演出和观众活动,音乐厅作为文化体育建筑，具有稳定的室内场景和承载功能，适用于各类演出和观众活动，属于典型的文化场所环境,screened
建筑与基础设施,建筑与基础设施 / 旅店外部,20,keep,"[""旅店外部"", ""公共空间"", ""建筑环境""]",旅店外部的建筑结构、标识、出入口、道路连接等场景,旅店外部通常包含稳定且可编辑的建筑结构和公共空间场景，具有明确的场景来源和承载面。,screened
建筑与基础设施,建筑与基础设施 / 旧城区,20,keep,"[""旧城区"", ""城市空间"", ""历史建筑环境""]",旧城区内的建筑与基础设施，包括传统建筑、街道、巷道、公共设施等,旧城区包含多种稳定且具有代表性的场景和承载环境，适合提供丰富的视觉素材,screened
建筑与基础设施,建筑与基础设施 / 暗格夹层,20,hold,[],建筑与基础设施中的暗格夹层,分类名称模糊，无法确定是否存在稳定有用的场景或承载区域来源,screened
建筑与基础设施,建筑与基础设施 / 机库,19,keep,"[""机场"", ""军事基地"", ""航空设施""]",机库作为建筑与基础设施的一部分，常见于机场或军事基地等场景，提供稳定的承载和操作环境,机库通常存在于机场或军事基地，具有稳定的场景和承载功能，可作为可编辑环境的来源,screened
建筑与基础设施,建筑与基础设施 / 机构建筑 / 商业机构,302,keep,"[""商业场所"", ""室内空间"", ""工作环境""]",商业机构类建筑，如商场、办公楼、酒店等内部及外部环境,商业机构通常具有稳定的室内空间和明确的使用场景，包含多种可编辑的承载面和环境结构,screened
建筑与基础设施,建筑与基础设施 / 机构建筑 / 大学,23,keep,"[""校园环境"", ""教学区域"", ""办公与公共空间""]",大学建筑及其周边环境，包括教学楼、宿舍、图书馆、实验室等场所,大学建筑通常具有稳定的校园场景和丰富的承载面，如教室、走廊、操场等，能提供多样化的可编辑环境结构。,screened
建筑与基础设施,建筑与基础设施 / 杂货店外景,17,keep,"[""商业场所"", ""室外环境"", ""零售空间""]",杂货店外景相关的建筑与基础设施场景,杂货店外景具有稳定的室外商业场景来源，包含明确的承载面和可编辑环境结构。,screened
建筑与基础设施,建筑与基础设施 / 柱 / 图腾柱,18,keep,"[""建筑环境"", ""公共空间"", ""地标性结构""]",建筑与基础设施中的柱类结构，如图腾柱等具有稳定存在和承载功能的垂直结构,图腾柱作为建筑与基础设施中的典型结构，常见于公共空间和建筑环境中，具有稳定、可识别的场景来源,screened
建筑与基础设施,建筑与基础设施 / 柱 / 方尖塔,28,keep,"[""建筑环境"", ""公共空间"", ""历史遗迹""]",建筑与基础设施中的方尖塔类结构，常见于历史建筑和公共空间中,方尖塔作为建筑结构的一部分，具有稳定的场景来源，常见于历史建筑和公共空间中，能提供明确的承载和环境背景。,screened
建筑与基础设施,建筑与基础设施 / 柱上楣构,35,hold,[],建筑与基础设施 / 柱上楣构,仅凭分类名称无法确定其具体场景或是否存在稳定有用的来源,screened
建筑与基础设施,建筑与基础设施 / 栈架结构,18,keep,"[""建筑结构"", ""基础设施"", ""栈架环境""]",包含各类栈架结构的建筑与基础设施场景，如港口、仓储、工业设施等,栈架结构在建筑与基础设施中具有稳定且常见的应用场景，如港口堆场、仓储区等，能提供明确的承载与空间结构来源,screened
建筑与基础设施,建筑与基础设施 / 校舍,20,keep,"[""校园环境"", ""教学场所"", ""建筑结构""]",校舍类建筑及其所在校园环境中的稳定场景和承载区域,校舍类建筑通常存在于稳定且具有明确空间结构的校园环境中，提供丰富的场景和可编辑区域,screened
建筑与基础设施,建筑与基础设施 / 核心功能区,18,keep,"[""室内空间"", ""工作场所"", ""公共建筑""]",包含建筑内部的核心功能区域，如办公区、大厅、走廊等,核心功能区在各类建筑中普遍存在，具有稳定且可编辑的场景来源,screened
建筑与基础设施,建筑与基础设施 / 框架结构 / 后跟,20,keep,"[""建筑结构"", ""基础设施"", ""框架类场景""]",包含各类建筑中的框架结构，如支撑梁、骨架、建筑主体结构等,框架结构在建筑中具有稳定且普遍的场景来源，是建筑与基础设施中的核心组成部分,screened
建筑与基础设施,建筑与基础设施 / 桥 / V类高架桥,20,keep,"[""交通环境"", ""基础设施"", ""高架结构""]",V类高架桥作为交通基础设施的一部分，常见于城市道路系统中，提供跨越障碍的通行路径,高架桥作为交通环境中的稳定结构，具有明确的承载和通行功能，能提供可编辑的交通场景支持,screened
建筑与基础设施,建筑与基础设施 / 桥 / 上跨道,18,keep,"[""交通环境"", ""桥梁结构""]",桥的上跨道结构及其在交通环境中的应用场景,桥的上跨道作为交通基础设施的一部分，具有稳定且常见的场景来源，适用于交通环境中的承载与连接结构。,screened
建筑与基础设施,建筑与基础设施 / 桥 / 人行桥,21,keep,"[""交通环境"", ""公共空间"", ""人行通道""]",人行桥作为交通基础设施，常见于城市道路、公园、河流等公共区域，提供行人通行的稳定承载面,人行桥具有稳定的场景来源，常见于城市交通和公共空间，能提供明确的承载和使用环境,screened
建筑与基础设施,建筑与基础设施 / 桥 / 公路桥,18,keep,"[""交通环境"", ""公路桥梁""]",公路桥作为交通基础设施，常见于公路网络中，提供车辆通行的稳定承载结构,公路桥具有稳定且普遍存在的交通场景来源，是交通环境中的典型承载结构,screened
建筑与基础设施,建筑与基础设施 / 桥 / 升降吊桥,18,keep,"[""交通环境"", ""基础设施""]",升降吊桥作为交通基础设施的一部分，常见于桥梁系统中，提供动态通行功能,升降吊桥属于建筑与基础设施中的典型场景，具有稳定且可重复出现的交通环境来源，能提供明确的承载与使用场景。,screened
建筑与基础设施,建筑与基础设施 / 桥 / 吊桥,18,keep,"[""交通环境"", ""自然环境""]",吊桥作为连接两岸的基础设施，常见于河流、山谷等自然地形中，提供通行功能并具有明确的承载和使用场景,吊桥具有稳定且明确的场景来源，常见于交通和自然环境，能提供可靠的承载与使用场景,screened
建筑与基础设施,建筑与基础设施 / 桥 / 塔桥,17,keep,"[""交通环境"", ""基础设施""]",桥和塔桥作为交通与基础设施的一部分，常见于道路交叉、城市景观和交通枢纽中,桥和塔桥通常存在于交通环境中，提供稳定承载和连接功能，具有明确的场景来源,screened
建筑与基础设施,建筑与基础设施 / 桥 / 廊桥,32,keep,"[""交通环境"", ""公共空间"", ""建筑结构""]",廊桥作为连接道路或空间的建筑结构，常见于交通节点和公共区域,廊桥具有稳定的场景来源，常见于交通环境和公共空间，提供明确的承载与连接功能,screened
建筑与基础设施,建筑与基础设施 / 桥 / 悬索桥,28,keep,"[""交通环境"", ""基础设施""]",悬索桥作为交通基础设施，常见于跨河或跨谷的交通连接场景，提供稳定承载和通行功能,悬索桥具有稳定且明确的交通场景来源，属于典型基础设施，能提供可靠的承载和环境结构支持,screened
建筑与基础设施,建筑与基础设施 / 桥 / 悬臂桥,19,keep,"[""交通环境"", ""基础设施""]",悬臂桥作为交通基础设施的一部分，常见于道路跨越水域或山谷的场景,悬臂桥具有稳定的结构和明确的交通场景来源，属于典型且稳定的工程环境,screened
建筑与基础设施,建筑与基础设施 / 桥 / 拱桥,32,keep,"[""交通环境"", ""基础设施""]",拱桥作为交通基础设施的一部分，常见于道路跨越水域或山谷的场景,拱桥具有稳定的结构和明确的交通场景来源，属于典型基础设施场景,screened
建筑与基础设施,建筑与基础设施 / 桥 / 斜拉桥,29,keep,"[""交通环境"", ""基础设施""]",斜拉桥作为交通基础设施的一部分，常见于跨河或跨谷的交通场景中，提供稳定承载和通行功能,斜拉桥具有稳定的结构和明确的交通场景来源，属于典型基础设施场景,screened
建筑与基础设施,建筑与基础设施 / 桥 / 栈桥,20,keep,"[""交通环境"", ""水域周边""]",桥和栈桥作为连接水域或陆地的结构，常见于交通、港口或自然水域环境,栈桥和桥作为稳定的承载结构，常见于交通和水域周边场景，提供明确的场景和可编辑环境,screened
建筑与基础设施,建筑与基础设施 / 桥 / 桁架桥,20,keep,"[""交通环境"", ""基础设施""]",桥梁类结构，特别是桁架桥在交通和基础设施中的应用场景,桁架桥作为建筑与基础设施中的典型结构，具有稳定的承载和连接功能，常见于交通环境和基础设施场景，提供明确的可编辑环境结构。,screened
建筑与基础设施,建筑与基础设施 / 桥 / 浮桥,22,keep,"[""交通环境"", ""水域环境""]",浮桥作为跨水交通设施，常见于河流、湖泊等水域连接场景,浮桥具有稳定且可重复出现的交通场景来源，属于典型承载与通行环境,screened
建筑与基础设施,建筑与基础设施 / 桥 / 海湾大桥,19,keep,"[""交通环境"", ""自然环境""]",海湾大桥作为连接水域的基础设施，存在于交通与自然交汇的场景中,海湾大桥提供稳定的交通连接和跨水域的承载结构，具有明确的场景来源和可编辑环境结构,screened
建筑与基础设施,建筑与基础设施 / 桥 / 火车桥,21,keep,"[""交通环境"", ""基础设施""]",火车桥作为交通基础设施，常见于铁路系统中，提供车辆通行的稳定承载面,火车桥具有稳定且普遍存在的交通场景，是典型的承载与通行结构，符合可编辑环境需求,screened
建筑与基础设施,建筑与基础设施 / 桥 / 石桥,35,keep,"[""交通环境"", ""自然环境""]",石桥作为交通基础设施，常见于河流、山谷等自然地形中，提供通行功能,石桥具有稳定且常见的场景来源，通常出现在交通环境和自然环境中，能提供可靠的承载与结构参考,screened
建筑与基础设施,建筑与基础设施 / 桥 / 箱梁桥,18,keep,"[""交通环境"", ""基础设施""]",箱梁桥作为桥梁结构，常见于道路或铁路跨河、跨谷等交通场景，提供稳定承载和通行功能,箱梁桥是建筑与基础设施中具有稳定场景和承载功能的典型结构，常见于交通环境，能提供明确的可编辑空间和结构支撑,screened
建筑与基础设施,建筑与基础设施 / 桥 / 绳桥,20,keep,"[""交通环境"", ""自然环境""]",绳桥作为连接两岸的基础设施，常见于河流、峡谷等自然地形中，提供通行路径,绳桥存在于特定自然与交通场景中，具有稳定且可编辑的承载结构，能提供明确的场景来源,screened
建筑与基础设施,建筑与基础设施 / 桥 / 钢拱桥,20,keep,"[""交通环境"", ""基础设施""]",钢拱桥作为交通基础设施的一部分，常见于公路或铁路跨越河流、山谷等场景，提供稳定承载和通行功能,钢拱桥具有稳定且普遍存在的交通场景来源，是典型基础设施场景，可提供可靠的承载与环境结构支持,screened
建筑与基础设施,建筑与基础设施 / 桥 / 铁路桥,24,keep,"[""交通环境"", ""基础设施""]",铁路桥作为交通基础设施，常见于道路交叉、河流或峡谷等场景，提供稳定承载和通行功能,桥梁作为交通环境中的稳定结构，具有明确的场景来源和承载功能，符合可编辑环境结构要求,screened
建筑与基础设施,建筑与基础设施 / 桥 / 铁路桥梁,21,keep,"[""交通环境"", ""基础设施""]",铁路桥梁作为交通基础设施，常见于铁路线路中，提供稳定承载和通行功能,铁路桥梁具有稳定且普遍存在的交通场景来源，是典型承载和通行结构，符合可编辑环境需求,screened
建筑与基础设施,建筑与基础设施 / 桥 / 高架桥,20,keep,"[""交通环境"", ""城市基础设施""]",高架桥作为交通基础设施，常见于城市道路系统中，提供跨越障碍的通行路径,高架桥是稳定存在的交通结构，具有明确的承载和通行功能，属于典型的城市交通环境场景,screened
建筑与基础设施,建筑与基础设施 / 棒球场设施,37,keep,"[""体育场地"", ""室外公共空间"", ""建筑设施""]",棒球场内的各类基础设施，如围栏、看台、投手丘、灯光设备等,棒球场设施通常存在于稳定的室外公共空间中，提供明确的承载和使用场景，具有稳定的来源和可编辑环境结构。,screened
建筑与基础设施,建筑与基础设施 / 法国地标,18,keep,"[""城市景观"", ""历史建筑"", ""公共空间""]",法国地标类建筑及其所在环境,法国地标具有稳定且丰富的场景来源，涵盖城市景观和历史建筑场景，具备明确的承载面和可编辑环境结构。,screened
建筑与基础设施,建筑与基础设施 / 海堤,18,keep,"[""海岸环境"", ""交通环境"", ""自然与人工结合区域""]",海堤作为沿海基础设施，常见于海岸线，提供防波、防护和交通连接功能,海堤是稳定存在的沿海结构，具有明确的地理和功能场景，可作为承载和环境结构的来源,screened
建筑与基础设施,建筑与基础设施 / 海滨度假地,18,keep,"[""海滨环境"", ""度假场所"", ""海岸线景观""]",包含海滨度假地相关的建筑与基础设施，如海滨别墅、码头、观景平台等,海滨度假地具有稳定且丰富的场景来源，涵盖多种可编辑的承载面和空间结构,screened
建筑与基础设施,建筑与基础设施 / 消防站,20,keep,"[""消防站"", ""公共建筑"", ""工作场所""]",消防站及相关基础设施场景,消防站作为公共建筑具有稳定且明确的场景来源，包含典型的空间结构和承载环境。,screened
建筑与基础设施,建筑与基础设施 / 涡卷形装饰 / 一绞,20,reject,[],该类别无稳定有用的场景或承载区域来源,‘一绞’为抽象符号或孤立小物特写，缺乏稳定、可编辑的场景或承载环境,screened
建筑与基础设施,建筑与基础设施 / 温室外景,20,keep,"[""温室外景"", ""自然环境"", ""建筑环境""]",温室外景及相关建筑基础设施场景,温室外景具有稳定且常见的场景来源，包含明确的承载面和可编辑环境结构。,screened
建筑与基础设施,建筑与基础设施 / 温室苗圃 / 室内花园,18,keep,"[""室内花园"", ""温室环境"", ""农业设施""]",室内花园和温室环境中的植物种植与管理场景,室内花园和温室苗圃具有稳定的场景来源，包含可编辑的种植和管理环境，符合支撑性场景要求,screened
建筑与基础设施,建筑与基础设施 / 温室苗圃 / 室外温室,18,keep,"[""室外温室"", ""农业环境"", ""种植空间""]",室外温室及配套农业场景,室外温室提供稳定且可编辑的种植与农业环境，具有明确的场景来源和实用承载功能,screened
建筑与基础设施,建筑与基础设施 / 温室苗圃 / 橘园,17,keep,"[""农业环境"", ""温室场景"", ""果园场景""]",包含温室苗圃和橘园等农业建筑与种植场景,温室苗圃和橘园具有稳定且持续存在的农业场景来源，提供明确的承载面和可编辑环境结构,screened
建筑与基础设施,建筑与基础设施 / 温室苗圃 / 橘园温室,18,keep,"[""温室环境"", ""农业设施"", ""种植空间""]",橘园温室作为农业种植场景中的典型建筑结构，提供稳定的种植与管理环境,橘园温室具有稳定的农业应用场景，包含明确的承载面和可编辑环境结构，适合召回相关图片,screened
建筑与基础设施,建筑与基础设施 / 港口,20,keep,"[""港口环境"", ""交通物流场景"", ""水域周边空间""]",港口及相关基础设施的建筑与空间环境,港口具备稳定且多样化的场景来源，包括码头、仓储区、航道等，能提供丰富的承载与可编辑环境结构。,screened
建筑与基础设施,建筑与基础设施 / 港口设施,24,keep,"[""港口环境"", ""交通基础设施"", ""水域周边""]",港口设施相关的建筑与基础设施场景,港口设施通常存在于稳定的港口环境和水域周边，具有明确的场景和承载区域，适用于多种可编辑场景。,screened
建筑与基础设施,建筑与基础设施 / 港口设施 / 停泊位,25,keep,"[""港口环境"", ""停泊场景"", ""水域基础设施""]",港口中用于船舶停泊的设施和区域,停泊位作为港口设施的一部分，具有稳定且常见的场景来源，适用于多种船舶停靠场景。,screened
建筑与基础设施,建筑与基础设施 / 游乐中心,22,keep,"[""游乐中心"", ""公共空间"", ""休闲环境""]",游乐中心类建筑及其周边环境，包括游乐设施、人流活动区域和配套设施,游乐中心通常包含稳定且多样化的场景和承载面，如游乐设施、休息区、入口通道等，具有明确的使用场景和可编辑环境结构,screened
建筑与基础设施,建筑与基础设施 / 湖畔住宅,32,keep,"[""湖畔环境"", ""住宅场景"", ""自然与建筑结合空间""]",湖畔住宅类建筑及其与自然环境的互动场景,湖畔住宅通常具有稳定的自然场景来源，包含湖边环境和住宅结构，提供明确的承载与空间场景。,screened
建筑与基础设施,建筑与基础设施 / 溜冰场 / 冰,61,keep,"[""冰雪环境"", ""室外公共空间"", ""冬季运动场景""]",溜冰场相关的冰雪场地和使用环境,溜冰场作为特定冰雪环境下的公共设施，具有稳定且可编辑的承载面和使用场景,screened
建筑与基础设施,建筑与基础设施 / 滑翔伞设施,20,hold,[],建筑与基础设施 / 滑翔伞设施,分类名称模糊，缺乏明确的稳定场景或承载区域来源，无法确定其是否包含可编辑的环境结构。,screened
建筑与基础设施,建筑与基础设施 / 演出场地,22,keep,"[""演出场地"", ""室内空间"", ""公共活动区域""]",包含各类演出相关的建筑与基础设施，如剧院、音乐厅、礼堂等室内演出空间,演出场地通常具有稳定的场景和承载结构，如舞台、观众席、灯光设备等，能提供明确的可编辑环境结构,screened
建筑与基础设施,建筑与基础设施 / 烘干室,20,keep,"[""室内空间"", ""工作场所"", ""建筑设施""]",烘干室作为建筑与基础设施中的功能空间，常见于工业或商业场所，提供稳定承载和使用环境,烘干室属于建筑设施中具有稳定场景和承载功能的实用空间，可作为室内工作环境的一部分,screened
建筑与基础设施,建筑与基础设施 / 爪形结构 / 手指甲,18,reject,[],无稳定场景或承载区域来源,手指甲属于生物体局部，不构成稳定或可用的建筑结构或场景来源,screened
建筑与基础设施,建筑与基础设施 / 玄关,20,keep,"[""室内空间"", ""入口区域"", ""建筑过渡区""]",建筑的玄关区域，包括门厅、过渡空间、鞋柜、衣帽架等设施,玄关作为建筑入口的常见功能区域，具有稳定且普遍的场景来源，能提供可靠的承载和放置环境。,screened
建筑与基础设施,建筑与基础设施 / 现代大厦,24,keep,"[""城市建筑"", ""办公环境"", ""现代基础设施""]",现代大厦类建筑及其所在的城市空间和基础设施环境,现代大厦通常存在于城市办公或商业环境中，提供稳定且广泛的场景来源，具有明确的承载面和可编辑结构。,screened
建筑与基础设施,建筑与基础设施 / 玻璃建筑,21,keep,"[""建筑环境"", ""玻璃结构"", ""公共空间""]",包含玻璃材质的建筑结构及基础设施，如玻璃幕墙、玻璃屋顶等,玻璃建筑具有稳定的场景来源，常见于现代建筑和公共设施中，提供明确的承载与环境结构,screened
建筑与基础设施,建筑与基础设施 / 玻璃房,22,keep,"[""室内空间"", ""建筑结构"", ""透明环境""]",包含玻璃房作为建筑结构或室内空间的场景，如办公空间、展览馆、商业建筑等,玻璃房作为建筑结构具有稳定且常见的场景来源，如现代建筑、商业空间和展览设施，能提供清晰的承载与环境结构。,screened
建筑与基础设施,建筑与基础设施 / 田野 / 场地,24,keep,"[""田野"", ""场地"", ""自然环境""]",田野和场地类建筑与基础设施场景，包括农田、荒地、开放空间等具有稳定承载和可编辑环境的区域,田野和场地类场景具有稳定、广泛的来源，能提供可靠的承载面和环境结构，适用于多种编辑需求,screened
建筑与基础设施,建筑与基础设施 / 电力设施,23,keep,"[""电力设施"", ""城市基础设施"", ""建筑环境""]",包含变电站、输电塔、配电房等电力相关建筑和设施,电力设施通常存在于城市和工业区域，具有稳定且可编辑的承载环境，适用于多种场景,screened
建筑与基础设施,建筑与基础设施 / 电梯大堂,20,keep,"[""室内空间"", ""建筑入口"", ""公共设施区域""]",电梯大堂作为建筑内部的公共空间，通常包含人流通行、标识指引、等候区域等稳定场景,电梯大堂是建筑中常见的稳定公共空间，具有明确的承载面和可编辑环境结构，适用于多种场景和交互设计,screened
建筑与基础设施,建筑与基础设施 / 登陆设施 / 停泊处,45,keep,"[""交通环境"", ""停泊场景""]",各类停泊设施，如码头、停车场、停机坪等，提供稳定承载和使用场景,停泊处通常存在于交通或物流场景中，具有稳定且可编辑的承载面和使用环境,screened
建筑与基础设施,建筑与基础设施 / 看台,23,keep,"[""室内场所"", ""体育场馆"", ""公共建筑""]",建筑与基础设施中的看台类结构，常见于体育场馆、展览馆、剧院等公共空间,看台作为稳定存在的承载区域，广泛存在于多种公共建筑和室内场景中，提供明确的使用和视觉环境支撑,screened
建筑与基础设施,建筑与基础设施 / 石头建筑,21,keep,"[""自然环境"", ""地形地貌""]",石头建筑类结构，如石墙、石塔、石桥等在自然或历史场景中的存在,石头建筑通常存在于自然地形或历史环境中，具有稳定的场景来源和承载结构，可作为可编辑环境的支撑基础,screened
建筑与基础设施,建筑与基础设施 / 石建筑,12,keep,"[""石建筑"", ""历史建筑"", ""公共设施""]",包含石质建造的建筑与基础设施，如古迹、庙宇、桥梁等,石建筑通常具有稳定的场景来源，如历史遗迹和公共设施，能提供丰富的承载面和环境结构,screened
建筑与基础设施,建筑与基础设施 / 砖建筑,32,keep,"[""室内空间"", ""建筑结构"", ""城市环境""]",包含砖砌建筑的各类场景，如住宅、学校、厂房等的建筑结构和空间环境,砖建筑具有稳定的结构和广泛存在的场景来源，涵盖多种室内与室外空间环境,screened
建筑与基础设施,建筑与基础设施 / 砖石建筑,22,keep,"[""室内空间"", ""建筑结构"", ""城市环境""]",包含砖石建造的建筑及其内部和外部空间结构,砖石建筑具有稳定的物理结构和明确的场景来源，适用于多种室内与外部环境场景,screened
建筑与基础设施,建筑与基础设施 / 砖石建筑 / 石作结构,21,keep,"[""建筑结构"", ""石作环境"", ""基础设施""]",包含砖石建筑中的石作结构，如石柱、石墙、石拱等稳定建筑元素,石作结构在建筑中具有稳定且普遍的场景来源，可作为承载和编辑的环境基础,screened
建筑与基础设施,建筑与基础设施 / 砖石建筑 / 砖砌体,21,keep,"[""建筑结构"", ""砖砌墙体"", ""基础设施""]",包含砖砌体构成的建筑结构和墙体场景,砖砌体是建筑与基础设施中常见且稳定的结构来源，具有明确的场景和承载面，适用于多种建筑环境。,screened
建筑与基础设施,建筑与基础设施 / 社区服务中心,21,keep,"[""社区环境"", ""公共空间"", ""服务设施""]",社区服务中心所在的公共空间及服务场景,社区服务中心通常位于社区公共空间，提供稳定的服务场景和承载环境，具有明确的使用场景和可编辑性。,screened
建筑与基础设施,建筑与基础设施 / 空地,29,keep,"[""空地"", ""公共空间"", ""地形环境""]",建筑与基础设施中的空地类场景，包括城市或乡村的开放空地、场地、广场等,空地作为建筑与基础设施的组成部分，具有稳定且广泛的场景来源，可提供支撑和承载区域。,screened
建筑与基础设施,建筑与基础设施 / 突出物 / 凸缘,25,keep,"[""建筑外观"", ""城市景观"", ""基础设施""]",建筑与基础设施中具有稳定存在的凸缘结构，如墙体凸出部分、檐口、台阶边缘等,建筑中的凸缘是常见且稳定的结构特征，广泛存在于各类建筑外观中，可作为稳定场景来源。,screened
建筑与基础设施,建筑与基础设施 / 突出物 / 凸耳,18,hold,[],建筑与基础设施中的突出物类,仅凭'凸耳'无法确定其是否具有稳定或可用的场景来源或承载结构,screened
建筑与基础设施,建筑与基础设施 / 突出物 / 刺果,23,reject,[],刺果作为建筑与基础设施中的突出物,刺果属于植物性特征，通常不构成稳定或可用的建筑突出物场景，缺乏实际的承载或环境结构功能,screened
建筑与基础设施,建筑与基础设施 / 突出物 / 叶状部,23,hold,[],建筑与基础设施中的叶状部,仅凭名称无法确定叶状部是否具有稳定可用的场景或承载区域来源,screened
建筑与基础设施,建筑与基础设施 / 突出物 / 头部,24,reject,[],头部类建筑与基础设施,头部类建筑与基础设施多为抽象符号或孤立小物特写，缺乏稳定、可用的场景或承载区域来源。,screened
建筑与基础设施,建筑与基础设施 / 突出物 / 寄生吸虫,25,reject,[],寄生吸虫,寄生吸虫属于生物医学概念，缺乏稳定、可用的场景或承载区域来源，不符合建筑与基础设施中突出物的物理环境特征。,screened
建筑与基础设施,建筑与基础设施 / 突出物 / 尖钉,22,reject,[],尖钉作为建筑中的突出物,尖钉属于抽象符号或孤立小物特写，缺乏稳定有用的场景或承载区域来源,screened
建筑与基础设施,建筑与基础设施 / 突出物 / 尖齿,28,hold,[],建筑与基础设施中的突出物类,仅凭'尖齿'无法确定其是否具有稳定或可用的场景来源，缺乏明确的视觉场景或承载环境支撑,screened
建筑与基础设施,建筑与基础设施 / 突出物 / 帽檐,25,keep,"[""建筑外观"", ""室外环境"", ""公共空间""]",建筑与基础设施中具有突出结构的帽檐部分，如屋顶延伸出的檐口结构,帽檐作为建筑外观的稳定组成部分，常见于多种建筑类型中，提供明确的场景和承载面来源,screened
建筑与基础设施,建筑与基础设施 / 突出物 / 悬挑部分,16,keep,"[""建筑外观"", ""城市天际线"", ""悬挑结构""]",建筑中具有突出形态的悬挑部分，如阳台、檐口、悬臂结构等,悬挑部分在建筑中具有稳定且常见的场景来源，能提供明确的结构与空间参考,screened
建筑与基础设施,建筑与基础设施 / 突出物 / 挑檐,27,keep,"[""建筑外观"", ""室内与室外结构""]",建筑与基础设施中具有稳定存在的挑檐结构，如屋顶延伸出的檐口部分,挑檐是建筑中常见且稳定的结构元素，通常出现在建筑外立面，提供遮蔽和视觉特征，具有明确的场景来源,screened
建筑与基础设施,建筑与基础设施 / 突出物 / 旋钮,22,reject,[],旋钮作为建筑中的突出物,旋钮多为抽象符号或孤立小物特写，缺乏稳定有用的场景或承载区域来源,screened
建筑与基础设施,建筑与基础设施 / 突出物 / 榫头,22,hold,[],建筑与基础设施中的突出物,仅凭'榫头'无法确定其在建筑场景中的稳定来源或可编辑环境结构,screened
建筑与基础设施,建筑与基础设施 / 突出物 / 滴水声,24,reject,[],滴水声相关的建筑突出物,滴水声属于抽象声音现象，缺乏稳定、可编辑的场景或承载区域来源，无法提供有效的视觉环境支持。,screened
建筑与基础设施,建筑与基础设施 / 突出物 / 耐磨钉,27,reject,[],耐磨钉作为建筑表面的突出物,耐磨钉多为抽象符号或孤立小物特写，缺乏稳定、通用的场景或承载区域来源,screened
建筑与基础设施,建筑与基础设施 / 突出物 / 飞檐,22,keep,"[""建筑外观"", ""传统建筑"", ""屋顶结构""]",建筑与基础设施中具有突出形态的飞檐结构，常见于传统或中式建筑屋顶,飞檐作为建筑突出物，具有稳定且可识别的场景来源，常见于传统建筑和屋顶结构中，能提供明确的承载与视觉参考,screened
建筑与基础设施,建筑与基础设施 / 竞技舞台,27,keep,"[""竞技舞台"", ""公共活动空间"", ""大型建筑结构""]",包含各类竞技比赛使用的舞台结构及配套基础设施,竞技舞台通常具有稳定的结构和明确的承载面，适用于多种场景和可编辑环境,screened
建筑与基础设施,建筑与基础设施 / 管道 / 容器,24,keep,"[""建筑内部"", ""基础设施环境""]",建筑与基础设施中管道及容器类的安装和承载场景,管道和容器在建筑内部具有稳定且常见的应用场景，如供水、排水系统，提供明确的承载和结构来源。,screened
建筑与基础设施,建筑与基础设施 / 箱形梁桥,14,keep,"[""交通环境"", ""基础设施""]",箱形梁桥作为桥梁结构，常见于公路或铁路交通环境中，提供稳定承载和通行功能,箱形梁桥是建筑与基础设施中常见的结构形式，广泛应用于交通环境，具有稳定、可编辑的承载面和明确的场景来源,screened
建筑与基础设施,建筑与基础设施 / 纸牌做的房子,17,reject,[],纸牌做的房子,仅提供抽象符号和孤立小物特写，无稳定有用的场景或承载区域来源,screened
建筑与基础设施,建筑与基础设施 / 网格结构,23,keep,"[""交通环境"", ""城市基础设施""]",包含道路、桥梁、网格状建筑结构等具有稳定空间布局的基础设施,网格结构在交通和城市基础设施中具有稳定且广泛的应用场景，能提供明确的承载与编辑环境,screened
建筑与基础设施,建筑与基础设施 / 罗马建筑,23,keep,"[""室内空间"", ""公共建筑"", ""历史环境""]",罗马建筑相关的室内空间、公共建筑和历史环境场景,罗马建筑包含稳定且丰富的场景来源，如公共广场、神庙、宫殿等，具有明确的承载面和可编辑环境结构。,screened
建筑与基础设施,建筑与基础设施 / 考古现场,23,keep,"[""考古现场"", ""历史环境"", ""文化遗址""]",考古现场中的建筑遗迹、出土文物及现场环境,考古现场具有稳定且丰富的场景来源，包含明确的承载面和可编辑环境结构,screened
建筑与基础设施,建筑与基础设施 / 耳堂,24,hold,[],建筑与基础设施 / 耳堂,无法确定'耳堂'的具体含义或是否存在稳定有用的场景来源,screened
建筑与基础设施,建筑与基础设施 / 育肥场,25,keep,"[""育肥场"", ""农业设施"", ""生产场所""]",育肥场及相关农业基础设施场景,育肥场作为典型生产场所，具有稳定且可编辑的承载环境，包含明确的建筑结构和空间布局。,screened
建筑与基础设施,建筑与基础设施 / 能源与公共管网设施 / 供暖设施,19,keep,"[""室内空间"", ""建筑设施"", ""供暖环境""]",包含建筑内部及外部的供暖设施相关场景，如锅炉房、管道系统、散热装置等,供暖设施通常存在于建筑内部或周边，提供稳定且可编辑的承载与环境结构，具有明确的场景来源。,screened
建筑与基础设施,建筑与基础设施 / 能源与公共管网设施 / 供水设施,20,keep,"[""室内供水环境"", ""建筑基础设施"", ""公共管网场景""]",供水设施在建筑及公共空间中的实际部署和使用场景,供水设施通常存在于建筑内部和公共管网系统中，具有稳定且可重复的场景来源,screened
建筑与基础设施,建筑与基础设施 / 能源与公共管网设施 / 充电站,20,keep,"[""交通环境"", ""公共设施场所""]",充电站所在的城市道路、停车场、公共建筑等场景,充电站通常位于交通环境和公共设施场所，具有稳定且可编辑的承载面和使用场景,screened
建筑与基础设施,建筑与基础设施 / 能源与公共管网设施 / 发电设施,22,keep,"[""发电站"", ""能源设施"", ""公共管网环境""]",包含各类发电设施的建筑与基础设施场景，如火力、水力、风力发电站等,发电设施通常位于特定工业或公共区域，具有稳定且可编辑的场景来源，如发电站、变电站等，能提供明确的承载与环境结构。,screened
建筑与基础设施,建筑与基础设施 / 能源与公共管网设施 / 变电设施,21,keep,"[""电力设施"", ""变电站环境"", ""工业基础设施""]",变电设施所在的空间场景，包括变电站、电力枢纽等具有稳定承载和运行环境的建筑区域,变电设施通常存在于稳定且具有明确运行环境的建筑空间中，提供可靠的电力承载和运行场景,screened
建筑与基础设施,建筑与基础设施 / 能源与公共管网设施 / 垃圾处理设施,19,keep,"[""城市公共设施"", ""垃圾处理环境"", ""基础设施场景""]",包含城市中各类垃圾处理设施的场景，如填埋场、焚烧厂、转运站等,垃圾处理设施通常位于特定城市基础设施环境中，具有稳定且可编辑的承载面和空间结构，能提供明确的场景来源。,screened
建筑与基础设施,建筑与基础设施 / 能源与公共管网设施 / 污水处理设施,20,keep,"[""污水处理厂"", ""工业设施"", ""公共基础设施""]",污水处理设施相关的建筑与运行环境,污水处理设施通常存在于工业区或城市基础设施中，具有稳定的运行场景和承载环境。,screened
建筑与基础设施,建筑与基础设施 / 能源与公共管网设施 / 泵站,20,keep,"[""交通环境"", ""工作场所"", ""公共设施""]",泵站作为能源与公共管网设施的一部分，常见于城市基础设施中，多位于道路旁、工业区或公共区域，提供稳定运行的水源或动力支持,泵站通常位于特定地理和功能场景中，具有稳定的环境来源和承载结构，可作为公共设施和工作场所的重要组成部分,screened
建筑与基础设施,建筑与基础设施 / 能源与公共管网设施 / 燃气设施,22,keep,"[""城市基础设施"", ""公共管网环境"", ""能源供应场景""]",包含城市中燃气管道、阀门、调压站等设施的布局与环境,燃气设施通常存在于城市建筑群和公共管网系统中，具有稳定且可重复的场景来源,screened
建筑与基础设施,建筑与基础设施 / 能源与公共管网设施 / 输电设施,21,keep,"[""交通环境"", ""城市基础设施"", ""电力设施""]",输电设施在城市及建筑环境中的部署场景，如变电站、输电塔、线路走廊等,输电设施通常存在于稳定的城市基础设施和电力网络场景中，具有明确的承载面和环境结构，可提供可靠的可编辑环境支持,screened
建筑与基础设施,建筑与基础设施 / 能源与公共管网设施 / 通信设施,20,keep,"[""通信环境"", ""城市基础设施"", ""公共管网场景""]",通信设施在城市建筑与基础设施中的部署场景，如基站、信号塔、通信管道等,通信设施通常部署在建筑或公共空间中，具有稳定且广泛的场景来源，能提供可靠的承载与环境结构支持,screened
建筑与基础设施,建筑与基础设施 / 腔体 / 房间,25,keep,"[""室内空间"", ""居住环境"", ""建筑内部""]",包含各类房间结构，如卧室、客厅、办公室等室内空间,房间作为建筑内部稳定存在的空间单元，具有明确的场景和承载功能，适用于多种编辑场景,screened
建筑与基础设施,建筑与基础设施 / 腔体 / 插座,26,reject,[],插座,插座属于抽象符号和孤立小物特写，缺乏稳定有用的场景或承载区域来源,screened
建筑与基础设施,建筑与基础设施 / 船体,22,keep,"[""水上环境"", ""船舶结构"", ""交通载体""]",船体作为水上交通工具或设施的结构部分，包含其主体构造和承载功能,船体是船舶的核心结构，具有稳定且普遍存在的水上场景和承载功能，可作为有效场景来源,screened
建筑与基础设施,建筑与基础设施 / 船台滑道,22,keep,"[""交通环境"", ""生产场所""]",船台滑道作为船舶建造或维修的基础设施，常见于港口或造船厂等生产场所,船台滑道是建筑与基础设施中具有稳定场景和承载功能的结构，常见于港口或造船厂等生产场所，提供明确的使用环境和可编辑区域,screened
建筑与基础设施,建筑与基础设施 / 船库,25,keep,"[""船舶停靠环境"", ""港口设施"", ""水边建筑""]",船库作为船舶停靠、维护和存储的场所，常见于港口或水域附近,船库提供稳定且常见的承载与使用场景，具有明确的物理空间和功能环境,screened
建筑与基础设施,建筑与基础设施 / 著名地标与名胜 / 世界地标,8753,keep,"[""城市景观"", ""公共空间"", ""旅游环境""]",世界地标类建筑在城市中的可见场景，包括地标性建筑及其周边环境,世界地标通常具有稳定的公共可见场景，涵盖城市景观和旅游环境，提供明确的承载与观察空间,screened
建筑与基础设施,建筑与基础设施 / 著名地标与名胜 / 中国人文地标,10098,keep,"[""城市景观"", ""人文环境"", ""旅游空间""]",中国境内具有代表性的文化与历史地标建筑及其所在场景,中国人文地标通常位于稳定的城市或文化空间中，具有明确的场景和承载环境，适合作为可编辑环境的来源。,screened
建筑与基础设施,建筑与基础设施 / 著名地标与名胜 / 历史文物地标,223,keep,"[""历史环境"", ""文化场所"", ""公共空间""]",包含具有稳定历史背景和文化价值的地标性建筑与文物场所,历史文物地标通常存在于稳定的文化和公共空间中，具有明确的场景来源和可编辑环境结构,screened
建筑与基础设施,建筑与基础设施 / 著名地标与名胜 / 风景名胜地标,769,keep,"[""自然环境"", ""城市景观"", ""旅游景点""]",风景名胜地标类建筑，包含自然与人文结合的著名景观,风景名胜地标通常具有稳定且广泛的场景来源，涵盖自然与人文景观，可提供丰富的承载与环境结构信息,screened
建筑与基础设施,建筑与基础设施 / 蒸馏厂 / 葡萄酒庄,28,keep,"[""葡萄酒庄"", ""生产场所"", ""建筑环境""]",包含葡萄酒庄的建筑与基础设施场景，如酿造车间、储酒库、园区道路等,葡萄酒庄作为特定生产场所，具有稳定且可编辑的建筑与基础设施场景来源,screened
建筑与基础设施,建筑与基础设施 / 蝴蝶馆,22,hold,[],建筑与基础设施 / 蝴蝶馆,分类名称缺乏明确的场景或承载环境描述，无法确定其是否包含稳定有用的来源。,screened
建筑与基础设施,建筑与基础设施 / 装修 / 装饰,26,keep,"[""室内空间"", ""装修环境"", ""装饰场景""]",包含室内装修和装饰相关的建筑空间场景,装修和装饰类通常涉及稳定的室内空间和可编辑的环境结构，具有明确的场景来源,screened
建筑与基础设施,建筑与基础设施 / 警察局,20,keep,"[""室内办公空间"", ""警戒区域"", ""公共建筑环境""]",警察局的室内办公、执法区域及公共基础设施环境,警察局包含稳定且常见的室内场景和承载区域，如办公区、值班室、出入口等，具有明确的可编辑环境结构。,screened
建筑与基础设施,建筑与基础设施 / 贮水池,20,keep,"[""自然环境"", ""公共空间"", ""基础设施""]",建筑与基础设施中的贮水池，常见于城市供水系统、农村供水点或自然地形中的蓄水结构,贮水池通常存在于公共空间或基础设施场景中，具有稳定的环境来源和承载功能，可作为有效场景支持,screened
建筑与基础设施,建筑与基础设施 / 赌场酒店,22,keep,"[""室内空间"", ""工作场所"", ""公共设施""]",赌场酒店类建筑及其内部空间和设施,赌场酒店通常包含稳定的室内场景和公共设施，具备明确的承载面和可编辑环境结构,screened
建筑与基础设施,建筑与基础设施 / 赛道,19,keep,"[""交通环境"", ""赛事场地""]",赛道类建筑与基础设施，包括赛道结构、边界、支撑设施等,赛道作为交通与赛事场景中的稳定结构，具有明确的承载面和可编辑环境，适用于多种场景,screened
建筑与基础设施,建筑与基础设施 / 走廊 / 孔口,63,keep,"[""室内走廊"", ""建筑结构"", ""通道环境""]",建筑与基础设施中走廊及孔口类结构的稳定场景,走廊和孔口作为建筑中的常见结构，具有稳定的场景来源和承载功能，适用于多种室内环境。,screened
建筑与基础设施,建筑与基础设施 / 走廊 / 通道,19,keep,"[""室内走廊"", ""建筑通道"", ""公共空间""]",建筑与基础设施中的走廊和通道场景，包含室内、公共区域的通行路径,走廊和通道是建筑中常见的稳定通行结构，具有明确的场景和承载功能，适用于多种环境,screened
建筑与基础设施,建筑与基础设施 / 超市,21,keep,"[""室内商业空间"", ""零售环境"", ""消费场所""]",超市作为建筑与基础设施的一部分，包含稳定的室内商业场景和日常消费环境,超市具有稳定的室内商业场景和明确的消费环境，提供丰富的可编辑空间和承载区域,screened
建筑与基础设施,建筑与基础设施 / 路桥隧道工程 / 人行天桥,22,keep,"[""交通环境"", ""公共空间"", ""人行通道""]",人行天桥作为交通基础设施，常见于城市道路交叉口、人行道连接处等场景，提供稳定的人行通行承载面,人行天桥是稳定存在的交通设施，具有明确的场景和承载功能，适用于多种城市环境,screened
建筑与基础设施,建筑与基础设施 / 路桥隧道工程 / 公路,510,keep,"[""交通环境"", ""公路场景"", ""道路基础设施""]",公路及相关路桥隧道工程场景，包括道路结构、交通设施和相关环境,公路场景具有稳定且广泛的来源，涵盖多种交通环境和基础设施，适合召回相关图片,screened
建筑与基础设施,建筑与基础设施 / 路桥隧道工程 / 堤坝通道,21,keep,"[""交通环境"", ""水利设施""]",涉及堤坝和通道的交通与水利基础设施,堤坝通道属于稳定存在的交通与水利场景，具有明确的承载和环境结构，适用于多种场景下的图片召回,screened
建筑与基础设施,建筑与基础设施 / 路桥隧道工程 / 栈道,25,keep,"[""交通环境"", ""自然环境""]",栈道作为路桥隧道工程的一部分，常见于山地、河岸或自然地形中，提供行人或车辆通行路径,栈道通常存在于交通环境和自然环境中，具有稳定且可编辑的承载面和场景来源,screened
建筑与基础设施,建筑与基础设施 / 路桥隧道工程 / 桥梁,39,keep,"[""交通环境"", ""道路基础设施""]",桥梁作为交通基础设施，常见于道路网络中，提供跨水体或障碍物的通行路径,桥梁是交通环境中稳定存在的结构，具有明确的承载和通行功能，可作为可编辑环境的支撑区域,screened
建筑与基础设施,建筑与基础设施 / 路桥隧道工程 / 涵洞,18,keep,"[""交通环境"", ""路桥结构""]",涵洞作为路桥隧道工程的一部分，常见于道路系统中，提供水流通过的通道，具有稳定的场景来源,涵洞是路桥隧道工程中的典型结构，常见于交通环境，具有稳定且可编辑的承载面和场景来源,screened
建筑与基础设施,建筑与基础设施 / 路桥隧道工程 / 立交桥,19,keep,"[""交通环境"", ""城市基础设施""]",立交桥作为道路交通的重要组成部分，常见于城市交叉路口和主干道网络中，提供车辆通行的立体化路径,立交桥是交通环境中稳定存在的结构，具有明确的承载和通行功能，能提供可靠的可编辑场景,screened
建筑与基础设施,建筑与基础设施 / 路桥隧道工程 / 铁路,21,keep,"[""交通环境"", ""工作场所"", ""铁路沿线""]",铁路相关的建筑与基础设施，包括车站、桥梁、隧道等结构及其所在场景,铁路工程包含稳定且广泛的交通场景和承载结构，具有明确的实用场景和可编辑环境,screened
建筑与基础设施,建筑与基础设施 / 路桥隧道工程 / 隧道,46,keep,"[""交通环境"", ""地下空间""]",隧道作为交通基础设施，存在于地下空间，提供道路通行功能,隧道是稳定的交通环境结构，具有明确的承载和通行功能，属于可编辑的基础设施场景,screened
建筑与基础设施,建筑与基础设施 / 路桥隧道工程 / 高架路,22,keep,"[""交通环境"", ""道路场景"", ""高架结构""]",高架路作为交通基础设施，常见于城市道路网络中，提供车辆通行的稳定承载面,高架路是稳定的交通场景，具有明确的承载和通行功能，适用于多种交通环境下的图像召回,screened
建筑与基础设施,建筑与基础设施 / 过山车,18,reject,[],过山车相关场景,过山车主要为抽象符号或孤立小物特写，缺乏稳定、通用的场景或承载区域来源,screened
建筑与基础设施,建筑与基础设施 / 通道与走廊,23,keep,"[""室内通道"", ""走廊环境"", ""建筑通道""]",建筑与基础设施中的通道与走廊类场景，包括室内走廊、公共通道、楼梯间等具有稳定承载和通行功能的空间,通道与走廊在建筑中普遍存在，提供稳定通行路径，具有明确的场景和空间结构，适用于多种环境和使用场景,screened
建筑与基础设施,建筑与基础设施 / 道路市政设施 / 井盖,15,keep,"[""交通环境"", ""道路场景""]",道路市政设施中的井盖，常见于城市道路和公共空间,井盖作为道路基础设施的一部分，具有稳定的场景来源，常见于交通环境和道路场景中，能提供明确的承载和编辑区域。,screened
建筑与基础设施,建筑与基础设施 / 道路市政设施 / 交叉口,24,keep,"[""交通环境"", ""交叉口场景""]",包含道路交叉口及相关市政设施的场景,交叉口是交通环境中稳定存在的结构节点，具有明确的场景和承载功能,screened
建筑与基础设施,建筑与基础设施 / 道路市政设施 / 交通信号设施,15,keep,"[""交通环境"", ""道路场景""]",包含交通信号设施在道路市政环境中的稳定应用场景,交通信号设施常见于道路市政环境，具有稳定且可编辑的场景来源,screened
建筑与基础设施,建筑与基础设施 / 道路市政设施 / 交通标志牌,16,keep,"[""交通环境"", ""道路场景""]",道路市政设施中的交通标志牌在交通环境中稳定出现,交通标志牌是道路市政设施中常见且稳定的场景元素，广泛存在于交通环境中，提供明确的承载和视觉参考,screened
建筑与基础设施,建筑与基础设施 / 道路市政设施 / 停车设施,17,keep,"[""交通环境"", ""道路场景"", ""城市基础设施""]",包含停车场、停车楼、地下车库等道路市政设施相关场景,停车设施常见于城市道路和交通环境中，具有稳定且广泛的场景来源,screened
建筑与基础设施,建筑与基础设施 / 道路市政设施 / 公交站,13,keep,"[""交通环境"", ""公共空间""]",公交站作为道路市政设施，常见于城市交通网络中，提供乘客上下车的稳定场景,公交站具有稳定且广泛的交通环境来源，是公共空间中常见的承载与交互场景,screened
建筑与基础设施,建筑与基础设施 / 道路市政设施 / 护栏,16,keep,"[""交通环境"", ""道路场景""]",道路市政设施中的护栏，常见于道路两侧、桥梁、坡道等位置，提供安全防护和视觉引导,护栏作为道路市政设施的一部分，具有稳定且普遍存在的场景来源，常见于交通环境和道路基础设施中，能提供明确的承载和安全结构,screened
建筑与基础设施,建筑与基础设施 / 道路市政设施 / 排水设施,16,keep,"[""交通环境"", ""城市基础设施""]",道路市政设施中的排水设施，如排水沟、雨水井、下水道等,排水设施常见于城市道路和市政环境中，具有稳定的场景来源和可编辑的承载面,screened
建筑与基础设施,建筑与基础设施 / 道路市政设施 / 消防栓,11,keep,"[""交通环境"", ""公共空间""]",道路市政设施中的消防栓在交通环境和公共空间中具有稳定存在的场景,消防栓作为道路市政设施的一部分，常见于道路旁、公共区域，具有稳定且可编辑的承载环境,screened
建筑与基础设施,建筑与基础设施 / 道路市政设施 / 环卫设施,14,keep,"[""交通环境"", ""城市公共空间""]",道路市政设施中的环卫设施，如垃圾桶、垃圾收集点等，常见于城市道路和公共区域,环卫设施通常稳定存在于交通环境和城市公共空间中，提供明确的承载和使用场景,screened
建筑与基础设施,建筑与基础设施 / 道路市政设施 / 路灯,15,keep,"[""交通环境"", ""道路场景""]",道路市政设施中的路灯在交通环境和道路场景中提供稳定光源和结构支撑,路灯作为道路市政设施，常见于交通环境和道路场景中，具有稳定且持续的场景来源，能提供明确的承载和照明功能,screened
建筑与基础设施,建筑与基础设施 / 道路市政设施 / 道路标线,15,keep,"[""交通环境"", ""道路场景""]",道路标线出现在道路市政设施中，常见于交通管理场景,道路标线是道路市政设施中的稳定组成部分，广泛存在于交通环境中，提供明确的交通引导和管理功能,screened
建筑与基础设施,建筑与基础设施 / 配重装置,19,hold,[],建筑与基础设施中的配重装置,仅凭分类名称无法确定其是否具有稳定可用的场景或承载区域来源,screened
建筑与基础设施,建筑与基础设施 / 酒吧室内,20,keep,"[""室内空间"", ""酒吧环境"", ""社交场所""]",酒吧室内场景，包括装修、布局、桌椅、灯光等稳定存在的环境元素,酒吧室内具有稳定且丰富的场景来源，包含明确的承载面和可编辑环境结构,screened
建筑与基础设施,建筑与基础设施 / 酒店外部,17,keep,"[""酒店外部"", ""公共空间"", ""城市环境""]",酒店建筑的外部结构和配套设施,酒店外部通常包含稳定且多样化的场景来源，如门面、停车场、景观设计等，具有明确的承载面和可编辑环境结构。,screened
建筑与基础设施,建筑与基础设施 / 酒馆 / 啤酒花园,15,keep,"[""室内空间"", ""休闲场所"", ""户外环境""]",酒馆及啤酒花园相关的建筑空间和户外休闲场景,啤酒花园通常包含稳定的户外建筑与休闲场景，具有明确的承载面和可编辑环境结构。,screened
建筑与基础设施,建筑与基础设施 / 酒馆 / 小酒馆,14,keep,"[""室内空间"", ""社交场所"", ""餐饮环境""]",小酒馆作为建筑与基础设施的一部分，通常存在于城市或社区中，提供稳定的室内社交和餐饮场景,小酒馆具有稳定的室内场景和社交功能，能提供可编辑的承载面和环境结构,screened
建筑与基础设施,建筑与基础设施 / 金銮殿,14,keep,"[""建筑场所"", ""室内空间"", ""历史建筑""]",金銮殿作为传统建筑代表，存在于宫殿类建筑场景中，提供稳定且可编辑的承载环境,金銮殿是具有稳定场景来源的建筑类实例，属于典型建筑与基础设施场景，可提供明确的室内空间和承载结构,screened
建筑与基础设施,建筑与基础设施 / 长老住宅,13,keep,"[""室内环境"", ""居住空间"", ""养老设施""]",包含老年人居住的住宅类建筑及其内部空间和配套设施,长老住宅通常具有稳定的居住场景和明确的室内空间结构，能提供可靠的承载与编辑环境,screened
建筑与基础设施,建筑与基础设施 / 门廊 / 前廊,18,keep,"[""建筑入口"", ""室内过渡空间"", ""前部公共区域""]",包含建筑的门廊和前廊场景，如住宅、商业建筑的入口区域,门廊和前廊是建筑中常见的稳定场景，具有明确的承载面和空间结构，适用于多种环境和使用场景,screened
建筑与基础设施,建筑与基础设施 / 门廊 / 后沿,16,keep,"[""建筑入口"", ""室外空间"", ""后院环境""]",建筑与基础设施中门廊后沿的室外场景，包括遮蔽、过渡和功能性的空间结构,门廊后沿通常具有稳定的室外场景来源，如建筑过渡区、遮阳结构和庭院连接，提供明确的承载与环境结构,screened
建筑与基础设施,建筑与基础设施 / 门廊 / 柱廊门廊,13,keep,"[""建筑入口"", ""室外空间"", ""公共设施""]",包含建筑入口处的柱廊门廊结构及其周边环境,柱廊门廊是建筑与基础设施中常见的稳定场景，具有明确的承载面和空间结构，适用于多种环境和使用场景。,screened
建筑与基础设施,建筑与基础设施 / 门廊 / 游廊,13,keep,"[""建筑入口"", ""室外走廊"", ""公共空间""]",建筑与基础设施中的门廊和游廊场景，包括室外连接通道和公共通行区域,门廊和游廊通常具有稳定的室外场景和承载功能，是建筑与基础设施中常见的实用结构,screened
建筑与基础设施,建筑与基础设施 / 门廊 / 甲板,13,keep,"[""室外环境"", ""建筑入口"", ""休闲空间""]",包含建筑的门廊和甲板等室外延伸结构，提供开放的承载与过渡空间,门廊和甲板作为建筑与外部环境的连接部分，具有稳定的室外场景和承载功能，适用于多种环境和使用场景,screened
建筑与基础设施,建筑与基础设施 / 门廊 / 门前台阶,17,keep,"[""室外环境"", ""建筑入口区域"", ""交通与通行空间""]",包含建筑入口前的台阶等结构，用于支撑或承载行人通行,门前台阶是建筑与基础设施中常见的稳定场景，具有明确的承载和使用功能，适用于多种环境,screened
建筑与基础设施,建筑与基础设施 / 防御工事,21,keep,"[""军事防御场景"", ""战场环境"", ""防御设施区域""]",包含各类防御工事如城墙、堡垒、炮台、掩体等在军事或历史场景中的稳定存在场景,防御工事通常存在于明确的军事或历史场景中，具有稳定且可编辑的承载环境，能提供可靠的场景来源,screened
建筑与基础设施,建筑与基础设施 / 阳台 / exterior balcony,21,keep,"[""室外环境"", ""阳台场景""]",阳台作为建筑外立面的延伸部分，提供室外活动和生活空间的承载区域,阳台作为建筑外立面的延伸部分，具有稳定的室外使用场景和承载功能，可作为有效场景来源,screened
建筑与基础设施,建筑与基础设施 / 阳台 / 外部阳台,22,keep,"[""外部阳台"", ""住宅空间"", ""建筑外立面""]",包含外部阳台的建筑结构及使用场景,外部阳台作为建筑的一部分，具有稳定且常见的场景来源，可提供支撑和承载区域。,screened
建筑与基础设施,建筑与基础设施 / 阳台 / 室内阳台,21,keep,"[""室内阳台"", ""居住空间"", ""建筑附属结构""]",室内阳台作为建筑与基础设施的一部分，提供稳定的承载和使用场景,室内阳台具有稳定的场景来源，可作为支撑和放置区域，符合可编辑环境结构要求,screened
建筑与基础设施,建筑与基础设施 / 阳台 / 画廊,40,keep,"[""阳台"", ""室内空间"", ""公共建筑环境""]",阳台作为建筑与基础设施的一部分，常用于展示艺术作品，具备稳定的场景和承载面,阳台作为建筑结构的一部分，通常具备稳定的展示和承载功能，可作为画廊使用，具有明确的场景来源,screened
建筑与基础设施,建筑与基础设施 / 附属建筑 / 厕所,24,keep,"[""室内空间"", ""公共设施"", ""卫生环境""]",厕所作为建筑与基础设施中的附属建筑，常见于各类公共和私人建筑中，提供稳定且可编辑的承载与使用场景,厕所具有稳定的场景来源，常见于室内空间和公共设施中，提供明确的承载面和使用环境,screened
建筑与基础设施,建筑与基础设施 / 附属建筑 / 棚,91,keep,"[""工地现场"", ""临时设施"", ""户外建筑""]",建筑与基础设施下的附属建筑中，棚类结构常用于临时或功能性的空间覆盖,棚类建筑通常具有稳定的场景来源，如工地、临时仓储或户外作业区域，能提供明确的承载和使用环境,screened
建筑与基础设施,建筑与基础设施 / 附属建筑 / 犬舍,23,hold,[],建筑与基础设施下的附属建筑类结构,仅凭'犬舍'无法确定其是否具有稳定、可编辑的场景来源或承载环境，缺乏明确的场景覆盖依据,screened
建筑与基础设施,建筑与基础设施 / 附属建筑 / 车库,91,keep,"[""室内空间"", ""工作场所"", ""停车环境""]",车库作为建筑附属结构，常见于住宅、商业及工业建筑中，提供车辆停放和存储功能,车库具有稳定且普遍存在的场景来源，如住宅小区、办公楼、停车场等，能提供明确的承载和使用环境,screened
建筑与基础设施,建筑与基础设施 / 附属建筑 / 车房,18,keep,"[""车房"", ""建筑附属结构"", ""停车与车辆相关环境""]",建筑与基础设施中用于停放或保护车辆的附属建筑结构,车房作为建筑附属结构，通常具有稳定的停放和保护车辆的场景，具备明确的承载和使用环境。,screened
建筑与基础设施,建筑与基础设施 / 附属建筑 / 锅炉房,21,keep,"[""工业建筑"", ""生产场所"", ""基础设施""]",锅炉房作为建筑与基础设施的附属部分，常见于工业或生产区域，提供稳定的热能支持和承载环境,锅炉房通常存在于工业或生产场所，具有稳定的建筑结构和明确的承载功能，可作为可编辑环境的支撑区域,screened
建筑与基础设施,建筑与基础设施 / 附属建筑 / 门房,21,keep,"[""建筑入口"", ""室内空间"", ""工作场所""]",门房作为建筑附属设施，常见于建筑入口处，提供通行管理与安全功能,门房通常位于建筑入口，具有稳定且可编辑的承载环境，能提供明确的场景来源,screened
建筑与基础设施,建筑与基础设施 / 障碍物,29,keep,"[""交通环境"", ""工作场所"", ""建筑内部""]",建筑与基础设施中的障碍物，如路障、台阶、栏杆等，常见于交通、工作或建筑内部场景,障碍物在多种建筑与基础设施场景中具有稳定且实用的来源，如道路、工地、建筑入口等，能提供明确的承载和环境结构支持,screened
建筑与基础设施,建筑与基础设施 / 障碍物 / 堵塞,141,hold,[],建筑与基础设施中的障碍物类,分类名称模糊，缺乏明确的稳定场景或承载区域来源，无法确定具体可召回的场景类型,screened
建筑与基础设施,建筑与基础设施 / 障碍物 / 妨害,26,hold,[],建筑与基础设施中的障碍物类别,分类名称模糊，无法确定具体场景或稳定来源，缺乏明确的场景或承载区域支持,screened
建筑与基础设施,建筑与基础设施 / 障碍物 / 妨碍,37,hold,[],建筑与基础设施中的障碍物类别,分类名称模糊，无法确定具体场景或稳定来源，缺乏明确的场景或承载区域支持,screened
建筑与基础设施,建筑与基础设施 / 障碍物 / 屏障,948,keep,"[""交通环境"", ""建筑环境"", ""公共空间""]",建筑与基础设施中常见的物理屏障，如护栏、围栏、隔离带等，提供稳定承载和视觉结构支持,屏障类在交通、建筑和公共空间中普遍存在，具有稳定的场景来源和可编辑结构,screened
建筑与基础设施,建筑与基础设施 / 障碍物 / 平底玻璃杯,16,reject,[],平底玻璃杯,仅提供孤立小物特写，无稳定有用的场景或承载区域来源,screened
建筑与基础设施,建筑与基础设施 / 障碍物 / 横木,15,keep,"[""建筑现场"", ""施工环境"", ""基础设施""]",建筑与基础设施中施工或维护场景下的横木类障碍物,横木在建筑施工和基础设施维护中作为常见障碍物存在，具有稳定且可重复的场景来源,screened
建筑与基础设施,建筑与基础设施 / 露天运动场,21,keep,"[""露天运动场"", ""公共空间"", ""户外环境""]",包含各类露天运动场场景，如足球场、篮球场、跑道等，具有稳定可编辑的承载面和使用环境,露天运动场具有稳定且常见的场景来源，提供明确的承载面和可编辑环境，适用于多种视觉任务,screened
建筑与基础设施,建筑与基础设施 / 风洞,19,hold,[],建筑与基础设施 / 风洞,仅凭分类名称无法确定是否存在稳定有用的场景或承载区域来源,screened
建筑与基础设施,建筑与基础设施 / 饮水设施,20,keep,"[""室内环境"", ""公共空间""]",建筑与基础设施中提供饮水服务的设施，如饮水机、水龙头等所在场景,饮水设施通常存在于室内或公共空间，具有稳定且普遍的场景来源，能提供可靠的承载和使用环境,screened
建筑与基础设施,建筑与基础设施 / 高层建筑,24,keep,"[""城市天际线"", ""高层住宅"", ""办公建筑""]",高层建筑类结构及其所在城市环境,高层建筑通常存在于城市中心或商业区，具有稳定的场景来源和可编辑的承载面,screened
建筑与基础设施,建筑与基础设施 / 齿槽基座,22,hold,[],建筑与基础设施中的齿槽基座,仅凭分类名称无法确定其具体场景或是否存在稳定有用的来源,screened
政治、法律与社会制度,政治、法律与社会制度 / 刑法,30,reject,[],刑法相关概念,刑法主要为抽象法律条文和符号，缺乏稳定、可编辑的场景或承载环境来源,screened
政治、法律与社会制度,政治、法律与社会制度 / 商法,32,hold,[],商法相关制度与社会环境,仅凭分类名称无法确定是否存在稳定有用的场景或承载区域来源,screened
政治、法律与社会制度,政治、法律与社会制度 / 宪法,31,reject,[],宪法作为法律文本或制度性文件,宪法属于抽象符号和纯文字内容，缺乏稳定、可编辑的场景或承载环境来源,screened
政治、法律与社会制度,政治、法律与社会制度 / 政治体制 / 体制,29,reject,[],政治体制相关抽象符号或文字,该类别主要为抽象符号、文字或概念，缺乏稳定、可编辑的场景或承载环境来源,screened
政治、法律与社会制度,政治、法律与社会制度 / 政治体制 / 势力范围,22,reject,[],政治、法律与社会制度 / 政治体制 / 势力范围,该分类主要涉及抽象符号、纯文字和品牌标志，缺乏稳定、可编辑的场景或承载区域来源。,screened
政治、法律与社会制度,政治、法律与社会制度 / 政治体制 / 反对,24,reject,[],该类别主要涉及抽象符号、文字或概念性表达，缺乏稳定、可编辑的物理场景或承载环境,反对类属于抽象政治概念，通常表现为文字、标语或符号，无稳定物理场景或可编辑环境支持,screened
政治、法律与社会制度,政治、法律与社会制度 / 民法,28,reject,[],民法相关制度,民法主要涉及抽象法律条文和符号，缺乏稳定、可编辑的场景或承载环境来源,screened
政治、法律与社会制度,政治、法律与社会制度 / 法律程序,25,reject,[],法律程序,该类别主要涉及抽象符号、纯文字和品牌标志，缺乏稳定、可编辑的场景或承载区域来源。,screened
政治、法律与社会制度,政治、法律与社会制度 / 知识产权法,66,reject,[],知识产权法,该类别主要涉及抽象法律概念和符号，缺乏稳定、可编辑的场景或承载环境来源。,screened
政治、法律与社会制度,政治、法律与社会制度 / 社会阶层,33,hold,[],社会阶层,仅凭分类名称无法确定具体场景或稳定来源，缺乏明确的可编辑环境或承载区域,screened
政治、法律与社会制度,政治、法律与社会制度 / 经济制度与金融 / 周转资产,27,reject,[],经济制度与金融中的周转资产,该分类主要涉及抽象经济概念和金融术语，缺乏稳定、可编辑的场景或承载环境来源。,screened
政治、法律与社会制度,政治、法律与社会制度 / 经济制度与金融 / 奖励,20,reject,[],奖励相关经济制度与金融机制,奖励类属于抽象符号和纯文字内容，缺乏稳定、可编辑的场景或承载环境来源,screened
政治、法律与社会制度,政治、法律与社会制度 / 经济制度与金融 / 投资,30,reject,[],投资相关金融制度,投资类别主要涉及抽象符号、纯文字和品牌标志，缺乏稳定、可编辑的场景或承载环境来源。,screened
政治、法律与社会制度,政治、法律与社会制度 / 经济制度与金融 / 支出,25,reject,[],经济制度与金融中的支出相关领域,支出属于抽象经济概念，缺乏稳定、可编辑的场景或承载环境来源,screened
政治、法律与社会制度,政治、法律与社会制度 / 经济制度与金融 / 经济获益,38,reject,[],经济获益,该分类主要涉及抽象符号、纯文字和概念性内容，缺乏稳定、可编辑的场景或承载环境来源。,screened
政治、法律与社会制度,政治、法律与社会制度 / 经济制度与金融 / 金融资本,18,reject,[],金融资本,该分类主要涉及抽象符号、纯文字和品牌标志，缺乏稳定、具体的场景或承载区域来源。,screened
政治、法律与社会制度,政治、法律与社会制度 / 行政法,31,reject,[],行政法相关抽象概念,行政法主要涉及抽象法律条文和制度设计，缺乏稳定、可编辑的物理场景或承载环境来源,screened
政治、法律与社会制度,政治、法律与社会制度 / 财产与资产,21,hold,[],财产与资产,仅凭分类名称无法确定具体场景或稳定来源，缺乏明确的场景或承载环境支持,screened
数字与互联网文化,数字与互联网文化 / 科技与数字产品 / 互联网产品,168,hold,[],互联网产品,仅凭分类名称无法确定具体场景或稳定来源,screened
数字与互联网文化,数字与互联网文化 / 科技与数字产品 / 人工智能,134,hold,[],科技与数字产品中的人工智能相关场景,仅凭分类名称无法确定是否存在稳定有用的场景或承载区域来源,screened
数字与互联网文化,数字与互联网文化 / 科技与数字产品 / 前沿科技,270,hold,"[""科技展示环境"", ""数字交互场景""]",前沿科技相关的展示或使用场景,分类名称较抽象，缺乏明确的稳定场景或承载环境来源，无法确定具体可召回的场景类型,screened
数字与互联网文化,数字与互联网文化 / 科技与数字产品 / 数字文化 IP,248,hold,[],数字文化 IP 相关的虚拟场景或数字内容呈现,仅凭分类名称无法确定是否存在稳定有用的场景或承载区域来源,screened
数字与互联网文化,数字与互联网文化 / 科技与数字产品 / 航天科技,245,keep,"[""航天发射场"", ""空间站环境"", ""科技展览馆""]",航天科技相关的实际应用场景和设施环境,航天科技包含稳定且具有明确场景的来源，如发射场、空间站和科技展示环境，具备可编辑的承载面和真实场景支撑,screened
文化艺术与媒介,文化艺术与媒介 / 三联画,33,hold,[],文化艺术与媒介 / 三联画,仅凭分类名称无法确定是否存在稳定有用的场景或承载区域来源,screened
文化艺术与媒介,文化艺术与媒介 / 上帝 / 北欧神祇,41,reject,[],北欧神祇相关符号或文字,北欧神祇多为抽象符号、纯文字或品牌标志，缺乏稳定、可用的场景或承载区域来源,screened
文化艺术与媒介,文化艺术与媒介 / 上帝 / 希腊神祇,28,reject,[],希腊神祇,该分类主要为抽象符号和纯文字，缺乏稳定、可用的场景或承载区域来源。,screened
文化艺术与媒介,文化艺术与媒介 / 上帝 / 罗马神祇,29,reject,[],罗马神祇相关符号或文字,该分类主要为抽象符号、纯文字或品牌标志，缺乏稳定、可用的场景或承载区域来源。,screened
文化艺术与媒介,文化艺术与媒介 / 丘比特,28,reject,[],丘比特作为抽象符号或艺术形象,丘比特主要表现为抽象符号或纯艺术形象，缺乏稳定、可编辑的场景或承载环境来源,screened
文化艺术与媒介,文化艺术与媒介 / 中国画,28,hold,[],中国画类别,仅凭分类名称无法确定具体场景或稳定来源，缺乏明确的场景或承载环境支持,screened
文化艺术与媒介,文化艺术与媒介 / 九夜节,28,hold,[],九夜节相关文化活动场景,仅凭分类名称无法确定具体场景或是否存在稳定有用的来源,screened
文化艺术与媒介,文化艺术与媒介 / 书籍,30,keep,"[""室内阅读场景"", ""学习环境"", ""图书馆""]",书籍在室内阅读、学习或图书馆等场景中的出现,书籍常见于室内阅读、学习和图书馆等稳定场景，提供明确的承载和使用环境,screened
文化艺术与媒介,文化艺术与媒介 / 书籍 / 书,132,keep,"[""室内"", ""学习场所"", ""阅读环境""]",书籍在室内或学习场景中的常见摆放和使用环境,书籍常见于室内、学习或阅读场景，具有稳定且广泛的场景来源,screened
文化艺术与媒介,文化艺术与媒介 / 书籍装订,16,hold,[],书籍装订,仅凭分类名称无法确定是否存在稳定有用的场景或承载区域来源,screened
文化艺术与媒介,文化艺术与媒介 / 任务与活动 / 任务,56,hold,[],任务类活动的通用场景,仅凭'任务'这一分类名称无法确定具体场景或是否存在稳定有用的来源,screened
文化艺术与媒介,文化艺术与媒介 / 任务与活动 / 冒险,28,hold,[],任务与活动 / 冒险,仅凭分类名称无法确定是否存在稳定有用的场景或承载区域来源,screened
文化艺术与媒介,文化艺术与媒介 / 任务与活动 / 活动,28,hold,[],任务与活动,仅凭分类名称无法确定具体场景或是否存在稳定有用的来源,screened
文化艺术与媒介,文化艺术与媒介 / 任务与活动 / 耐力的考验,29,hold,[],任务与活动 / 耐力的考验,仅凭分类名称无法确定是否存在稳定有用的场景或承载区域来源,screened
文化艺术与媒介,文化艺术与媒介 / 传统,26,keep,"[""传统场所"", ""文化活动空间"", ""仪式与展览环境""]",与传统相关的文化活动、仪式、展览及场所,传统类别包含稳定的文化场景和承载环境，如庙宇、祠堂、节庆场地等，具有明确的场景来源。,screened
文化艺术与媒介,文化艺术与媒介 / 传统工艺 / 刺绣,28,keep,"[""传统工艺场景"", ""文化展示环境""]",刺绣相关的传统工艺制作与展示场景,刺绣作为传统工艺，常出现在文化展示、家庭手工艺或非遗传承场景中，具有稳定且丰富的场景来源。,screened
文化艺术与媒介,文化艺术与媒介 / 传统工艺 / 剪纸,25,hold,[],传统工艺中的剪纸艺术,仅凭分类名称无法确定是否存在稳定有用的场景或承载区域来源,screened
文化艺术与媒介,文化艺术与媒介 / 传统工艺 / 景泰蓝,28,keep,"[""传统工艺场景"", ""文化展示空间""]",景泰蓝制作与展示的环境，如手工艺作坊、文化展览馆、传统艺术馆,景泰蓝作为传统工艺，常出现在手工艺制作场景和文化展示空间中，具有稳定且可编辑的场景来源。,screened
文化艺术与媒介,文化艺术与媒介 / 传统工艺 / 木版年画,21,keep,"[""传统场景"", ""文化展示"", ""民间空间""]",传统工艺中木版年画的制作与展示环境，如民间作坊、节庆场所、文化展览等,木版年画常出现在传统节庆、民间文化空间和文化展示场景中，具有稳定且丰富的场景来源,screened
文化艺术与媒介,文化艺术与媒介 / 传统工艺 / 木雕,23,keep,"[""传统工艺场景"", ""文化展示空间""]",木雕作品的制作环境、展览空间及文化传承场景,木雕作为传统工艺，常出现在文化展示、手工艺作坊或博物馆等稳定场景中，具有明确的承载与展示环境。,screened
文化艺术与媒介,文化艺术与媒介 / 传统工艺 / 泥塑,21,keep,"[""传统工艺场景"", ""文化展示环境""]",泥塑作为传统工艺形式，常见于文化展览、手工艺作坊、民俗活动等场景,泥塑作为传统工艺，具有稳定的场景来源，如文化展览、手工艺作坊和民俗活动，能提供可编辑的承载与展示环境,screened
文化艺术与媒介,文化艺术与媒介 / 传统工艺 / 漆器,28,keep,"[""传统工艺场景"", ""文化展示空间""]",漆器相关的传统工艺制作、展示和使用环境,漆器常出现在传统工艺作坊、文化展览或家庭传承场景中，具有稳定且可编辑的承载环境。,screened
文化艺术与媒介,文化艺术与媒介 / 传统工艺 / 玉雕,28,keep,"[""传统工艺场景"", ""文化展示空间""]",玉雕相关的传统工艺制作与展示环境,玉雕作为传统工艺，常出现在文化展示、手工艺作坊或博物馆等稳定场景中，具有明确的承载与展示环境。,screened
文化艺术与媒介,文化艺术与媒介 / 传统工艺 / 皮影,28,hold,[],传统工艺中的皮影艺术,仅凭分类名称无法确定是否存在稳定有用的场景或承载区域来源,screened
文化艺术与媒介,文化艺术与媒介 / 传统工艺 / 织绣,23,keep,"[""传统工艺场景"", ""文化展示空间""]",传统织绣工艺的制作、展示和应用环境,织绣工艺常出现在文化展示、手工艺作坊或传统节庆场景中，具有稳定且丰富的场景来源,screened
文化艺术与媒介,文化艺术与媒介 / 传统工艺 / 编织,56,hold,[],传统工艺中的编织类活动或作品,仅凭分类名称无法确定是否存在稳定有用的场景或承载区域来源,screened
文化艺术与媒介,文化艺术与媒介 / 传统工艺 / 金属工艺,25,keep,"[""传统工艺场景"", ""手工艺制作环境""]",涉及金属工艺的传统制作场景，如锻造、雕刻、器物制作等实际操作环境,金属工艺通常在特定传统工艺场景中进行，具有稳定且可识别的制作环境和承载面，如作坊、工作台等，符合稳定场景来源要求,screened
文化艺术与媒介,文化艺术与媒介 / 传统工艺 / 陶瓷,108,keep,"[""传统工艺场景"", ""文化展示空间"", ""手工艺制作环境""]",涉及陶瓷制作、展示和使用的传统工艺相关场景,陶瓷工艺常出现在传统手工艺作坊、文化展览或家庭制作场景中，具有稳定且丰富的场景来源,screened
文化艺术与媒介,文化艺术与媒介 / 传统工艺 / 风筝,20,keep,"[""户外空旷场地"", ""节庆活动场景"", ""民俗文化场景""]",风筝主要出现在户外空旷场地、节庆活动和民俗文化场景中，具有稳定的场景来源,风筝常出现在户外空旷场地、节庆活动和民俗文化场景中，具备稳定且可编辑的场景来源,screened
文化艺术与媒介,文化艺术与媒介 / 体育锻炼 / 仰卧起坐,23,reject,[],仰卧起坐,仅提供抽象动作符号，无稳定场景或承载区域来源,screened
文化艺术与媒介,文化艺术与媒介 / 体育锻炼 / 伸展手臂,28,hold,[],伸展手臂相关的动作场景,仅凭分类名称无法确定是否存在稳定有用的场景或承载区域来源,screened
文化艺术与媒介,文化艺术与媒介 / 体育锻炼 / 伸展腿部,27,hold,[],伸展腿部相关的体育锻炼场景,仅凭分类名称无法确定是否存在稳定有用的场景或承载区域来源,screened
文化艺术与媒介,文化艺术与媒介 / 体育锻炼 / 体操练习,25,keep,"[""室内训练场所"", ""体育场馆"", ""学校或健身房""]",体操练习通常发生在有稳定支撑和明确空间的室内或室外场地，如健身房、学校体操房、体育场馆等,体操练习需要稳定的支撑和明确的空间结构，常见于室内训练场所或体育场馆，具备稳定且可编辑的场景来源,screened
文化艺术与媒介,文化艺术与媒介 / 体育锻炼 / 健美运动,73,keep,"[""健身场所"", ""室内运动环境"", ""体育锻炼空间""]",健美运动相关的室内或室外锻炼场景，如健身房、训练馆、户外运动场地等,健美运动通常发生在有明确支撑和可编辑环境的场所，如健身房或训练区域，具备稳定且可复现的场景来源。,screened
文化艺术与媒介,文化艺术与媒介 / 体育锻炼 / 健身球锻炼,29,hold,[],体育锻炼中的健身球相关场景,仅凭分类名称无法确定是否存在稳定有用的场景或承载区域来源,screened
文化艺术与媒介,文化艺术与媒介 / 体育锻炼 / 前平举,17,reject,[],前平举,前平举属于具体运动动作，缺乏稳定、通用的场景或承载环境来源，主要为抽象符号或孤立动作特写。,screened
文化艺术与媒介,文化艺术与媒介 / 体育锻炼 / 引体向上,26,reject,[],引体向上相关场景,引体向上主要涉及人体动作和特定训练环境，缺乏稳定、非偶然的场景或承载面来源，属于抽象符号或动作特写，不符合有实际场景支持的环境类分类标准。,screened
文化艺术与媒介,文化艺术与媒介 / 体育锻炼 / 心肺运动,50,keep,"[""运动场所"", ""室内健身环境"", ""户外运动空间""]",心肺运动相关的体育锻炼场景，如健身房、公园、操场等,心肺运动通常发生在有稳定场景支持的环境中，如健身房、公园或户外场地，具备明确的承载和使用场景。,screened
文化艺术与媒介,文化艺术与媒介 / 体育锻炼 / 战绳训练,22,hold,[],体育锻炼中的战绳训练,仅凭分类名称无法确定是否存在稳定有用的场景或承载区域来源,screened
文化艺术与媒介,文化艺术与媒介 / 体育锻炼 / 瑜伽,24,keep,"[""室内空间"", ""瑜伽练习场景""]",瑜伽练习相关的室内环境和练习场景,瑜伽通常在室内或特定练习空间进行，具有稳定且常见的场景来源,screened
文化艺术与媒介,文化艺术与媒介 / 体育锻炼 / 登山者式健身动作,24,reject,[],登山者式健身动作,该类别主要为抽象健身动作，缺乏稳定、可编辑的场景或承载环境来源。,screened
文化艺术与媒介,文化艺术与媒介 / 体育锻炼 / 腿部锻炼,22,hold,[],腿部锻炼,仅凭分类名称无法确定是否存在稳定有用的场景或承载区域来源,screened
文化艺术与媒介,文化艺术与媒介 / 体育锻炼 / 进行卧推,24,reject,[],进行卧推,卧推属于具体运动动作，缺乏稳定、通用的场景或承载环境来源，仅表现为孤立动作或身体姿态，不符合环境类场景的判断标准。,screened
文化艺术与媒介,文化艺术与媒介 / 体育锻炼 / 锻炼中的手臂,26,hold,[],锻炼中的手臂,仅凭分类名称无法确定是否存在稳定有用的场景或承载区域来源,screened
文化艺术与媒介,文化艺术与媒介 / 佳作,67,hold,[],文化艺术与媒介 / 佳作,仅凭分类名称无法确定具体场景或稳定来源，缺乏明确的场景或承载环境支持。,screened
文化艺术与媒介,文化艺术与媒介 / 全家福,28,hold,[],全家福作为家庭照片的类别,仅凭'全家福'无法确定其具体场景或稳定来源，缺乏明确的场景或承载环境支持,screened
文化艺术与媒介,文化艺术与媒介 / 公共服务 / 紧急服务,38,keep,"[""公共空间"", ""应急场景"", ""服务设施""]",紧急服务在公共空间中的设施与场景，如消防站、急救点、报警点等,紧急服务在公共空间中具有稳定且可编辑的场景来源，如消防站、急救点、报警点等，能提供可靠的承载与环境结构。,screened
文化艺术与媒介,文化艺术与媒介 / 内容作品 / 动漫作品,326,reject,[],动漫作品,动漫作品多为抽象符号、纯文字或孤立图像，缺乏稳定、可编辑的场景或承载环境来源。,screened
文化艺术与媒介,文化艺术与媒介 / 内容作品 / 影视作品,365,reject,[],影视作品,影视作品多为抽象符号或纯文字，缺乏稳定、可编辑的场景或承载区域来源。,screened
文化艺术与媒介,文化艺术与媒介 / 内容作品 / 戏曲舞台作品,328,keep,"[""戏曲舞台"", ""表演场景"", ""文化演出""]",戏曲舞台作品相关的演出场景和舞台设置,戏曲舞台作品通常包含稳定的舞台环境和表演场景，具有明确的场景来源和可编辑性,screened
文化艺术与媒介,文化艺术与媒介 / 内容作品 / 文学名作,846,reject,[],文学名作,主要为文字内容或抽象符号，缺乏稳定、可编辑的场景或承载区域来源,screened
文化艺术与媒介,文化艺术与媒介 / 内容作品 / 游戏作品,443,reject,[],游戏作品,游戏作品多为抽象符号、纯文字或孤立小物特写，缺乏稳定有用的场景或承载区域来源。,screened
文化艺术与媒介,文化艺术与媒介 / 内容作品 / 音乐作品,413,reject,[],音乐作品,音乐作品多为抽象符号或纯文字，缺乏稳定、可编辑的场景或承载区域来源。,screened
文化艺术与媒介,文化艺术与媒介 / 内容作品 / 音频节目作品,188,reject,[],音频节目作品,音频节目作品多为抽象符号或纯文字，缺乏稳定、可编辑的场景或承载区域来源。,screened
文化艺术与媒介,文化艺术与媒介 / 农场 / V类葡萄园,38,keep,"[""农场"", ""葡萄园"", ""农业场景""]",包含葡萄园等农业种植场景，具有稳定且可编辑的自然环境与承载面,葡萄园作为农场中的典型场景，具有稳定的自然环境和可编辑的承载面，适合用于视觉内容生成,screened
文化艺术与媒介,文化艺术与媒介 / 农场 / 乳品厂,28,keep,"[""生产场所"", ""工业环境""]",乳品厂的生产与运营场景,乳品厂属于稳定的生产场所，具有明确的承载面和可编辑环境结构，适合召回相关图片,screened
文化艺术与媒介,文化艺术与媒介 / 农场 / 养猪场,28,keep,"[""农场"", ""养殖环境"", ""农业生产场景""]",养猪场作为农业生产场景的一部分，包含稳定的养殖环境和可编辑的承载面，如猪圈、饲料区、管理设施等,养猪场具有稳定的养殖场景和可编辑的承载面，如猪圈、饲料区、管理设施等，属于典型的农业环境，具备可编辑的结构和空间特征,screened
文化艺术与媒介,文化艺术与媒介 / 农场 / 养马场,27,keep,"[""农场"", ""农业场景"", ""养马场""]",养马场作为农业或文化场景的一部分，包含稳定的马匹饲养环境和相关设施,养马场具有稳定的场景来源，包含可编辑的承载面和环境结构，适合用于文化与媒介类内容的视觉表达,screened
文化艺术与媒介,文化艺术与媒介 / 出版物 / 书,148,keep,"[""室内阅读场景"", ""学习空间"", ""图书馆环境""]",书籍在室内阅读、学习或图书馆等场景中的出现,书籍常见于室内阅读、学习和图书馆等稳定场景，提供明确的承载和使用环境,screened
文化艺术与媒介,文化艺术与媒介 / 出版物 / 漫画书,29,hold,[],出版物类漫画书,仅凭分类名称无法确定是否存在稳定有用的场景或承载区域来源,screened
文化艺术与媒介,文化艺术与媒介 / 删除与涂改,28,reject,[],删除与涂改,该分类主要涉及抽象符号和纯文字操作，缺乏稳定、可用的场景或承载区域来源。,screened
文化艺术与媒介,文化艺术与媒介 / 制作拿铁拉花,25,reject,[],制作拿铁拉花,仅涉及抽象符号和纯文字，无稳定有用的场景或承载区域来源,screened
文化艺术与媒介,文化艺术与媒介 / 剧场,24,keep,"[""剧场场景"", ""表演空间"", ""室内文化环境""]",剧场及相关表演活动的室内空间和设施,剧场作为固定表演空间，具有稳定且丰富的场景来源，包含舞台、观众席、后台等可编辑环境结构。,screened
文化艺术与媒介,文化艺术与媒介 / 剪贴装饰,26,hold,[],剪贴装饰类内容,仅凭分类名称无法确定具体场景或是否存在稳定有用的来源,screened
文化艺术与媒介,文化艺术与媒介 / 动漫,26,hold,[],动漫相关文化场景,仅凭分类名称无法确定具体场景范围或是否存在稳定有用的来源,screened
文化艺术与媒介,文化艺术与媒介 / 区域 / 地理区域,63,keep,"[""自然地理环境"", ""人文地理区域"", ""文化景观""]",包含各类地理区域，如自然地貌、行政区划、文化地标等,地理区域通常具有稳定且可编辑的场景来源，如城市、山脉、文化遗址等，能提供丰富的空间和承载环境。,screened
文化艺术与媒介,文化艺术与媒介 / 区域 / 大气层,21,reject,[],大气层,大气层属于抽象符号和科学概念，缺乏稳定、可用的场景或承载区域来源。,screened
文化艺术与媒介,文化艺术与媒介 / 区域 / 生物地理区,21,keep,"[""自然环境"", ""生物地理区域""]",包含具有稳定地理和生态特征的生物地理区，如自然保护区、气候带、生态系统分布等,生物地理区具有稳定的自然场景和地理承载面，可作为环境类场景的有效来源,screened
文化艺术与媒介,文化艺术与媒介 / 区域 / 肢端,22,hold,[],区域中的肢端部分,仅凭'肢端'无法确定具体场景或稳定来源，缺乏明确的场景或承载环境定义,screened
文化艺术与媒介,文化艺术与媒介 / 区域 / 陀螺,25,hold,[],陀螺相关的区域,仅凭'陀螺'这一名称无法确定其具体场景或稳定来源，缺乏明确的场景或承载环境关联,screened
文化艺术与媒介,文化艺术与媒介 / 升空现象,21,reject,[],升空现象,该类别主要涉及抽象符号或纯文字，缺乏稳定、可用的场景或承载区域来源。,screened
文化艺术与媒介,文化艺术与媒介 / 卡通风格,18,hold,[],卡通风格,仅凭分类名称无法确定具体场景或稳定来源,screened
文化艺术与媒介,文化艺术与媒介 / 历史城区 / 北非城堡区,28,keep,"[""历史城区"", ""建筑环境"", ""文化景观""]",北非城堡区内的历史建筑与文化空间,北非城堡区包含稳定的历史建筑和文化景观，具有明确的场景和承载环境，适合作为文化与媒介类场景召回。,screened
文化艺术与媒介,文化艺术与媒介 / 历史城区 / 麦地那老城,22,keep,"[""历史城区"", ""城市空间"", ""文化景观""]",麦地那老城作为历史城区的典型代表，包含丰富的文化与建筑场景,麦地那老城具有稳定的历史建筑和文化空间，能提供清晰的场景来源和可编辑环境结构,screened
文化艺术与媒介,文化艺术与媒介 / 参加静坐,29,hold,[],参加静坐,仅凭分类名称无法确定具体场景或是否存在稳定有用的来源,screened
文化艺术与媒介,文化艺术与媒介 / 口红,28,reject,[],口红相关符号或品牌标志,口红属于抽象符号和品牌标志，缺乏稳定、可用的场景或承载区域来源,screened
文化艺术与媒介,文化艺术与媒介 / 古典舞,26,hold,[],古典舞相关表演场景,仅凭分类名称无法确定具体场景或稳定来源，缺乏明确的场景或承载环境支持,screened
文化艺术与媒介,文化艺术与媒介 / 名作,25,hold,[],名作类别,仅凭名称无法确定具体场景或稳定来源，缺乏明确的场景或承载环境支持,screened
文化艺术与媒介,文化艺术与媒介 / 名著,24,hold,[],名著相关的文化场景,仅凭名称无法确定具体场景或稳定来源，缺乏明确的场景或承载环境支持,screened
文化艺术与媒介,文化艺术与媒介 / 喷漆,28,hold,[],文化艺术与媒介 / 喷漆,仅凭分类名称无法确定是否存在稳定有用的场景或承载区域来源,screened
文化艺术与媒介,文化艺术与媒介 / 图像表征 / 仿真,146,hold,[],图像表征中的仿真类内容,仅凭分类名称无法确定是否存在稳定有用的场景或承载区域来源,screened
文化艺术与媒介,文化艺术与媒介 / 图像表征 / 例证,185,reject,[],图像表征中的例证类内容,该分类主要涉及抽象符号、纯文字或示例性图像，缺乏稳定、可编辑的场景或承载区域来源。,screened
文化艺术与媒介,文化艺术与媒介 / 图像表征 / 副本,80,hold,[],图像表征中的副本类内容,仅凭'副本'无法确定具体场景或稳定来源，缺乏明确的场景或承载环境支持,screened
文化艺术与媒介,文化艺术与媒介 / 图像表征 / 医学图像,24,reject,[],医学图像,医学图像多为抽象符号、纯文字或孤立小物特写，缺乏稳定有用的场景或承载区域来源。,screened
文化艺术与媒介,文化艺术与媒介 / 图像表征 / 团队合影,28,hold,[],团队合影,仅凭分类名称无法确定是否存在稳定有用的场景或承载区域来源,screened
文化艺术与媒介,文化艺术与媒介 / 图像表征 / 图像,210,reject,[],图像表征,图像作为抽象符号或纯文字表征，缺乏稳定、具体的场景或承载区域来源,screened
文化艺术与媒介,文化艺术与媒介 / 图像表征 / 图标,27,reject,[],图标类图像表征,图标多为抽象符号或纯文字，缺乏稳定、可用的场景或承载区域来源,screened
文化艺术与媒介,文化艺术与媒介 / 图像表征 / 图画,215,reject,[],图像表征类,图画主要为抽象符号或纯文字，缺乏稳定、可编辑的场景或承载区域来源,screened
文化艺术与媒介,文化艺术与媒介 / 图像表征 / 圣母怜子像,27,reject,[],圣母怜子像,该类别主要为抽象符号和宗教图像，缺乏稳定、通用的场景或承载环境来源。,screened
文化艺术与媒介,文化艺术与媒介 / 图像表征 / 地图,28,keep,"[""地图场景"", ""室内展示"", ""公共空间""]",地图作为图像表征在各类空间中的呈现与使用,地图作为图像表征常出现在室内展示、公共空间和数字媒介中，具有稳定且广泛的场景来源,screened
文化艺术与媒介,文化艺术与媒介 / 图像表征 / 塑像,57,hold,[],图像表征中的塑像类别,仅凭分类名称无法确定是否存在稳定有用的场景或承载区域来源,screened
文化艺术与媒介,文化艺术与媒介 / 图像表征 / 婚礼照片,29,reject,[],婚礼照片,婚礼照片主要为抽象符号和纯文字内容，缺乏稳定、可用的场景或承载区域来源。,screened
文化艺术与媒介,文化艺术与媒介 / 图像表征 / 家庭照片,28,hold,[],家庭照片的图像表征,仅凭分类名称无法确定是否存在稳定有用的场景或承载区域来源,screened
文化艺术与媒介,文化艺术与媒介 / 图像表征 / 影棚照片,28,keep,"[""影棚环境"", ""摄影场景"", ""可控照明空间""]",影棚中用于图像拍摄的可控环境和布景设置,影棚照片具有稳定的场景和承载面，提供可编辑的视觉环境支持,screened
文化艺术与媒介,文化艺术与媒介 / 图像表征 / 情侣合照,28,reject,[],情侣合照,主要为抽象符号或纯文字表现，缺乏稳定、可用的场景或承载区域来源,screened
文化艺术与媒介,文化艺术与媒介 / 图像表征 / 斗牛,28,reject,[],图像表征类内容,斗牛属于抽象符号和文化表现，缺乏稳定、可编辑的场景或承载环境来源,screened
文化艺术与媒介,文化艺术与媒介 / 图像表征 / 电影海报图像,28,reject,[],电影海报图像,主要为抽象符号和纯文字，缺乏稳定有用的场景或承载区域来源,screened
文化艺术与媒介,文化艺术与媒介 / 图像表征 / 老照片,20,hold,[],老照片作为图像表征的媒介,仅凭'老照片'无法确定其是否包含稳定有用的场景或承载区域来源,screened
文化艺术与媒介,文化艺术与媒介 / 图像表征 / 耶稣诞生场景,25,hold,[],图像表征中的耶稣诞生场景,仅凭分类名称无法确定是否存在稳定有用的场景或承载区域来源,screened
文化艺术与媒介,文化艺术与媒介 / 图像表征 / 自拍照,27,hold,[],自拍照相关的图像表征,仅凭分类名称无法确定是否存在稳定有用的场景或承载区域来源,screened
文化艺术与媒介,文化艺术与媒介 / 图像表征 / 舞台布景,25,keep,"[""舞台场景"", ""表演环境"", ""艺术空间""]",包含各类舞台表演中的布景设置和视觉环境,舞台布景通常具有稳定且丰富的场景来源，提供明确的承载面和可编辑环境结构,screened
文化艺术与媒介,文化艺术与媒介 / 图像表征 / 装饰画,27,hold,[],图像表征类装饰画,仅凭分类名称无法确定是否存在稳定有用的场景或承载区域来源,screened
文化艺术与媒介,文化艺术与媒介 / 图像表征 / 证件照,14,reject,[],证件照,证件照主要为抽象符号和纯文字，缺乏稳定、可用的场景或承载区域来源。,screened
文化艺术与媒介,文化艺术与媒介 / 图像表征 / 资料照片,22,hold,[],资料照片的来源和使用场景,仅凭'资料照片'无法确定其具体场景或稳定来源，缺乏明确的场景或承载环境支撑,screened
文化艺术与媒介,文化艺术与媒介 / 图像表征 / 集体照,23,hold,[],集体照的图像表征,仅凭分类名称无法确定是否存在稳定有用的场景或承载区域来源,screened
文化艺术与媒介,文化艺术与媒介 / 图像表征 / 高程图,26,reject,[],高程图作为抽象符号或纯文字表现,高程图主要为抽象符号或纯文字表达，缺乏稳定、可编辑的场景或承载区域来源,screened
文化艺术与媒介,文化艺术与媒介 / 图画 / 画画,22,hold,[],画画,仅凭分类名称无法确定具体场景或稳定来源，缺乏明确的场景或承载环境支持,screened
文化艺术与媒介,文化艺术与媒介 / 地平线,20,hold,[],地平线相关文化表达或媒介呈现,仅凭'地平线'无法确定具体场景或稳定来源，缺乏明确的可编辑环境结构或承载面,screened
文化艺术与媒介,文化艺术与媒介 / 地理位置点,28,hold,[],地理位置点,仅凭分类名称无法确定是否存在稳定有用的场景或承载区域来源,screened
文化艺术与媒介,文化艺术与媒介 / 地理纬度 / 回归线,15,reject,[],地理纬度中的回归线,回归线主要为地理概念，缺乏稳定、可编辑的场景或承载环境来源,screened
文化艺术与媒介,文化艺术与媒介 / 地貌类型,23,reject,[],地貌类型,该分类主要涉及抽象符号或纯文字描述，缺乏稳定、可用的场景或承载区域来源。,screened
文化艺术与媒介,文化艺术与媒介 / 坡地,25,hold,[],坡地作为文化艺术与媒介的载体或背景,仅凭'坡地'这一名称无法确定其在文化艺术与媒介中的具体应用场景或稳定来源,screened
文化艺术与媒介,文化艺术与媒介 / 套牛比赛,38,hold,[],套牛比赛,仅凭分类名称无法确定是否存在稳定有用的场景或承载区域来源,screened
文化艺术与媒介,文化艺术与媒介 / 婚纱照,47,hold,[],婚纱照,仅凭分类名称无法确定是否存在稳定有用的场景或承载区域来源,screened
文化艺术与媒介,文化艺术与媒介 / 宗教艺术,37,keep,"[""宗教场所"", ""祭祀环境"", ""文化仪式""]",宗教艺术相关的场所与仪式场景,宗教艺术常见于宗教场所和祭祀环境中，具有稳定且持续的场景来源。,screened
文化艺术与媒介,文化艺术与媒介 / 小说,37,reject,[],小说,小说主要为抽象文字内容，缺乏稳定、可编辑的场景或承载环境来源。,screened
文化艺术与媒介,文化艺术与媒介 / 展示板,31,keep,"[""展览环境"", ""文化展示空间""]",各类文化展览和展示板设置的场景,展示板常见于展览环境和文化展示空间，具有稳定的场景来源和可编辑的承载面。,screened
文化艺术与媒介,文化艺术与媒介 / 工作室 / 录音室,21,keep,"[""录音室"", ""工作场所"", ""专业创作环境""]",录音室中的音频录制、设备布置及专业创作场景,录音室提供稳定且具有明确承载和编辑功能的环境，适用于音频制作和相关工作场景,screened
文化艺术与媒介,文化艺术与媒介 / 工作室 / 电视演播室,24,keep,"[""电视演播室"", ""室内工作环境"", ""媒体制作场景""]",电视演播室中的各类设备、布景和工作区域,电视演播室具有稳定且丰富的场景来源，包含明确的承载面和可编辑环境结构。,screened
文化艺术与媒介,文化艺术与媒介 / 工作室 / 音乐录音室,25,keep,"[""音乐录音室"", ""室内工作环境"", ""专业创作空间""]",音乐录音室中的设备、工作台、监听系统及相关设施,音乐录音室具有稳定且明确的场景来源，包含可编辑的音频制作环境和专业设备布局,screened
文化艺术与媒介,文化艺术与媒介 / 平面艺术 / 印刷品,45,hold,[],印刷品,仅凭分类名称无法确定具体场景或稳定来源，缺乏明确的场景或承载环境支持,screened
文化艺术与媒介,文化艺术与媒介 / 平面艺术 / 图像,24,hold,[],平面艺术图像,仅凭分类名称无法确定具体场景或稳定来源，缺乏明确的场景或承载环境支持,screened
文化艺术与媒介,文化艺术与媒介 / 平面艺术 / 水彩画,24,hold,[],平面艺术中的水彩画,仅凭分类名称无法确定是否存在稳定有用的场景或承载区域来源,screened
文化艺术与媒介,文化艺术与媒介 / 影视视频 / 动画,27,hold,[],影视视频中的动画内容,仅凭分类名称无法确定是否存在稳定有用的场景或承载区域来源,screened
文化艺术与媒介,文化艺术与媒介 / 影视视频 / 电影,490,keep,"[""电影院"", ""影视拍摄场景"", ""家庭观影环境""]",电影相关的放映、拍摄和观影场景,电影类别包含稳定的影视放映和拍摄场景，如电影院、摄影棚和家庭观影环境，具有明确且持续的场景来源。,screened
文化艺术与媒介,文化艺术与媒介 / 影视视频 / 电视剧,42,hold,[],影视视频中的电视剧内容,仅凭分类名称无法确定是否存在稳定有用的场景或承载区域来源,screened
文化艺术与媒介,文化艺术与媒介 / 影视视频 / 直播,35,hold,[],影视视频中的直播场景,仅凭'直播'分类无法确定稳定可用的场景或承载环境来源,screened
文化艺术与媒介,文化艺术与媒介 / 影视视频 / 短视频,35,hold,[],短视频类别,仅凭分类名称无法确定具体场景或稳定来源，缺乏明确的场景或承载环境支持,screened
文化艺术与媒介,文化艺术与媒介 / 影视视频 / 纪录片,45,keep,"[""纪录片拍摄场景"", ""影视制作环境"", ""文化记录空间""]",纪录片常见的拍摄环境与制作场景，如工作室、自然景观、公共活动场所等,纪录片通常在多种真实或半真实的场景中拍摄，包含稳定且丰富的环境来源，如自然景观、社会活动、历史现场等，具备可编辑的承载面和空间结构。,screened
文化艺术与媒介,文化艺术与媒介 / 影视视频 / 综艺,38,hold,[],影视视频中的综艺节目,仅凭分类名称无法确定是否存在稳定有用的场景或承载区域来源,screened
文化艺术与媒介,文化艺术与媒介 / 心形与内心,35,hold,[],心形与内心,仅凭分类名称无法确定具体场景或稳定来源，缺乏明确的场景或承载环境支持,screened
文化艺术与媒介,文化艺术与媒介 / 情侣写真,46,hold,[],情侣写真,仅凭分类名称无法确定是否存在稳定有用的场景或承载区域来源,screened
文化艺术与媒介,文化艺术与媒介 / 戏剧电影,21,keep,"[""剧场环境"", ""电影院"", ""表演场景""]",戏剧电影相关的演出和放映场景,戏剧电影通常发生在剧场、电影院等具有稳定场景和承载面的环境中，能提供明确的可编辑空间和视觉结构。,screened
文化艺术与媒介,文化艺术与媒介 / 成分,38,hold,[],文化艺术与媒介 / 成分,仅凭分类名称无法确定具体场景或是否存在稳定有用的来源,screened
文化艺术与媒介,文化艺术与媒介 / 手工制品,48,hold,[],手工制品,仅凭分类名称无法确定具体场景或是否存在稳定有用的来源,screened
文化艺术与媒介,文化艺术与媒介 / 接缝,37,hold,[],接缝作为文化艺术与媒介中的概念,仅凭'接缝'这一名称无法确定其具体场景或是否存在稳定有用的来源,screened
文化艺术与媒介,文化艺术与媒介 / 插图 / 人物形象,55,hold,[],插图中的人物形象,仅凭分类名称无法确定具体场景或是否存在稳定有用的来源,screened
文化艺术与媒介,文化艺术与媒介 / 搏斗,28,hold,[],文化艺术与媒介 / 搏斗,仅凭分类名称无法确定具体场景或是否存在稳定有用的来源,screened
文化艺术与媒介,文化艺术与媒介 / 摄影,1,keep,"[""摄影场景"", ""室内环境"", ""公共空间""]",摄影相关的场景和环境，包括室内、户外、公共空间等,摄影类别包含多种稳定场景和承载环境，如室内拍摄、户外风光、公共空间等，具有明确且丰富的场景来源,screened
文化艺术与媒介,文化艺术与媒介 / 摄影 / 人像摄影,36,keep,"[""室内场景"", ""人像环境"", ""生活空间""]",人像摄影中的各类生活和室内场景,人像摄影常见于室内、家庭或生活场景，具有稳定且丰富的场景来源,screened
文化艺术与媒介,文化艺术与媒介 / 摄影 / 商业摄影,32,keep,"[""商业环境"", ""室内空间"", ""公共场所""]",商业摄影中的各类场景，如店铺、展会、广告位等,商业摄影通常出现在稳定的商业环境中，具有明确的场景和承载面，适合召回相关图片,screened
文化艺术与媒介,文化艺术与媒介 / 摄影 / 新闻摄影,37,keep,"[""新闻现场"", ""公共事件场景"", ""媒体拍摄环境""]",新闻摄影通常出现在真实事件发生地或公共活动中，具有明确的场景和承载环境,新闻摄影多发生在真实事件现场，具有稳定且可编辑的场景来源，如街头、会议、灾害现场等，能提供丰富的环境与承载面信息,screened
文化艺术与媒介,文化艺术与媒介 / 摄影 / 纪实摄影,33,keep,"[""日常生活场景"", ""公共空间"", ""社会活动环境""]",纪实摄影涵盖真实生活场景中的社会活动、人物行为和环境记录,纪实摄影通常记录真实场景和人物行为，具有稳定的场景来源和可编辑的环境结构,screened
文化艺术与媒介,文化艺术与媒介 / 摄影 / 艺术摄影,34,hold,[],艺术摄影的创作场景,仅凭分类名称无法确定具体场景范围或是否存在稳定有用的来源,screened
文化艺术与媒介,文化艺术与媒介 / 摄影 / 风景摄影,38,keep,"[""自然环境"", ""庭院公园"", ""地形水域""]",风景摄影涵盖自然与人文景观中的稳定场景,风景摄影通常包含稳定、可编辑的自然与开放场景，如山水、园林、地形等，具有明确的场景来源,screened
文化艺术与媒介,文化艺术与媒介 / 摄影作品,38,reject,[],摄影作品,摄影作品多为抽象符号或纯文字，缺乏稳定、可用的场景或承载区域来源。,screened
文化艺术与媒介,文化艺术与媒介 / 撕纸,28,hold,[],撕纸类别,仅凭分类名称无法确定具体场景或是否存在稳定有用的来源,screened
文化艺术与媒介,文化艺术与媒介 / 政治题材,38,hold,[],政治题材,仅凭分类名称无法确定具体场景或是否存在稳定有用的来源,screened
文化艺术与媒介,文化艺术与媒介 / 散文,38,hold,[],散文作为文本内容，缺乏明确的物理场景或可编辑环境结构,散文属于文本媒介，缺乏稳定、可编辑的物理场景或承载环境，无法确定其对应的视觉场景来源,screened
文化艺术与媒介,文化艺术与媒介 / 数字创作 / 三维艺术,38,hold,[],数字创作中的三维艺术内容,仅凭分类名称无法确定是否存在稳定有用的场景或承载区域来源,screened
文化艺术与媒介,文化艺术与媒介 / 数字创作 / 交互艺术,38,hold,[],数字创作与交互艺术的相关场景,仅凭分类名称无法确定具体场景或是否存在稳定有用的来源,screened
文化艺术与媒介,文化艺术与媒介 / 数字创作 / 动态图形,37,hold,[],数字创作中的动态图形内容,仅凭分类名称无法确定具体场景或稳定来源，缺乏明确的场景或承载环境支持,screened
文化艺术与媒介,文化艺术与媒介 / 数字创作 / 数字绘画,39,hold,[],数字绘画相关的创作场景,仅凭分类名称无法确定是否存在稳定有用的场景或承载区域来源,screened
文化艺术与媒介,文化艺术与媒介 / 数字创作 / 虚拟现实内容,39,hold,[],数字创作中的虚拟现实内容,仅凭分类名称无法确定是否存在稳定有用的场景或承载区域来源,screened
文化艺术与媒介,文化艺术与媒介 / 数字创作 / 表情贴纸,38,reject,[],表情贴纸,主要为抽象符号和纯文字，缺乏稳定有用的场景或承载区域来源,screened
文化艺术与媒介,文化艺术与媒介 / 文学体裁,24,hold,[],文学体裁,仅凭分类名称无法确定具体场景或稳定来源,screened
文化艺术与媒介,文化艺术与媒介 / 文学作品,39,hold,[],文学作品,仅凭分类名称无法确定具体场景或稳定来源,screened
文化艺术与媒介,文化艺术与媒介 / 文学出版 / 图书,38,keep,"[""室内阅读环境"", ""图书馆场景"", ""学习空间""]",图书在室内阅读、学习或公共借阅场景中的出现,图书常见于图书馆、教室、家庭阅读空间等稳定场景，提供明确的承载和使用环境,screened
文化艺术与媒介,文化艺术与媒介 / 文学出版 / 手稿,38,hold,[],手稿类别,仅凭分类名称无法确定是否存在稳定有用的场景或承载区域来源,screened
文化艺术与媒介,文化艺术与媒介 / 文学出版 / 报纸,98,keep,"[""新闻传播场景"", ""公共阅读空间""]",报纸作为信息传播载体，常见于新闻报道、公共阅读环境和媒体发布场景,报纸作为日常信息传播媒介，常见于新闻传播场景和公共阅读空间，具有稳定且广泛的来源,screened
文化艺术与媒介,文化艺术与媒介 / 文学出版 / 杂志,116,hold,[],文学出版类杂志的出版与传播场景,仅凭类别名称无法确定是否存在稳定有用的场景或承载区域来源,screened
文化艺术与媒介,文化艺术与媒介 / 文学出版 / 漫画,33,hold,[],文学出版中的漫画内容,仅凭分类名称无法确定是否存在稳定有用的场景或承载区域来源,screened
文化艺术与媒介,文化艺术与媒介 / 文学出版 / 电子出版物,38,hold,[],电子出版物,仅凭分类名称无法确定是否存在稳定有用的场景或承载区域来源,screened
文化艺术与媒介,文化艺术与媒介 / 文学出版 / 绘本,38,hold,[],文学出版中的绘本类别,仅凭分类名称无法确定是否存在稳定有用的场景或承载区域来源,screened
文化艺术与媒介,文化艺术与媒介 / 文学角色类别,20,hold,[],文学角色类别,仅凭分类名称无法确定具体场景或稳定来源，缺乏明确的场景或承载环境支持,screened
文化艺术与媒介,文化艺术与媒介 / 日本漫画,24,reject,[],日本漫画,日本漫画主要为抽象符号和纯文字内容，缺乏稳定、可用的场景或承载区域来源。,screened
文化艺术与媒介,文化艺术与媒介 / 时装插画,37,hold,[],时装插画,仅凭分类名称无法确定是否存在稳定有用的场景或承载区域来源,screened
文化艺术与媒介,文化艺术与媒介 / 星座与占星文化,16,hold,[],星座与占星文化,仅凭分类名称无法确定是否存在稳定有用的场景或承载区域来源,screened
文化艺术与媒介,文化艺术与媒介 / 晶质玻璃,38,hold,[],晶质玻璃在文化艺术与媒介中的应用,仅凭分类名称无法确定其是否包含稳定有用的场景或承载区域来源,screened
文化艺术与媒介,文化艺术与媒介 / 暖色调,36,hold,[],暖色调在文化艺术与媒介中的表现,仅凭'暖色调'无法确定具体场景或稳定来源，缺乏明确的场景或承载环境支持,screened
文化艺术与媒介,文化艺术与媒介 / 暗色材料,38,hold,[],暗色材料在文化艺术与媒介中的应用,仅凭'暗色材料'无法确定其具体应用场景或是否存在稳定有用的场景来源,screened
文化艺术与媒介,文化艺术与媒介 / 木制品 / 细木家具,38,keep,"[""室内环境"", ""文化展示空间""]",细木家具在室内文化展示或家居场景中的稳定存在,细木家具常见于室内文化展示或家居环境中，提供稳定且可编辑的承载面和场景背景,screened
文化艺术与媒介,文化艺术与媒介 / 木制品 / 细木工,11,keep,"[""室内场景"", ""手工制作环境""]",涉及细木工制作的室内环境和手工操作场景,细木工通常在室内、工作台或工作室等稳定环境中进行，具有明确的场景和承载面来源,screened
文化艺术与媒介,文化艺术与媒介 / 木雕工艺,38,keep,"[""室内艺术空间"", ""文化展示环境""]",木雕工艺常出现在文化展示、艺术馆、传统手工艺空间等具有稳定场景的环境中,木雕工艺多出现在文化展示或传统手工艺空间，具有稳定且可编辑的场景来源,screened
文化艺术与媒介,文化艺术与媒介 / 材料工艺 / 制造,32,hold,[],材料工艺与制造的相关生产或工艺场景,仅凭分类名称无法确定具体场景或是否存在稳定有用的来源,screened
文化艺术与媒介,文化艺术与媒介 / 材料工艺 / 录制音乐,26,reject,[],录制音乐,该类别主要涉及抽象符号、纯文字和品牌标志，缺乏稳定、可编辑的场景或承载区域来源。,screened
文化艺术与媒介,文化艺术与媒介 / 材料工艺 / 装饰线脚,19,keep,"[""室内装饰"", ""建筑细节""]",装饰线脚常见于建筑和室内空间的结构边缘或表面,装饰线脚多见于建筑和室内空间的结构边缘，提供稳定且常见的场景来源,screened
文化艺术与媒介,文化艺术与媒介 / 柳条编材,25,hold,[],柳条编材相关的文化艺术表现形式,仅凭分类名称无法确定其具体应用场景或是否存在稳定有用的场景来源,screened
文化艺术与媒介,文化艺术与媒介 / 核辐射,36,reject,[],核辐射,核辐射属于抽象符号和纯文字内容，缺乏稳定、可用的场景或承载区域来源,screened
文化艺术与媒介,文化艺术与媒介 / 档案,34,hold,[],档案类别,仅凭分类名称无法确定具体场景或是否存在稳定有用的来源,screened
文化艺术与媒介,文化艺术与媒介 / 毛笔画,21,reject,[],毛笔画,毛笔画主要为抽象符号和纯文字表现，缺乏稳定、可用的场景或承载区域来源。,screened
文化艺术与媒介,文化艺术与媒介 / 民族舞,38,hold,[],民族舞相关的表演场景,仅凭分类名称无法确定具体场景或是否存在稳定有用的来源,screened
文化艺术与媒介,文化艺术与媒介 / 气味艺术,38,hold,[],气味艺术,仅凭分类名称无法确定是否存在稳定有用的场景或承载区域来源,screened
文化艺术与媒介,文化艺术与媒介 / 水印,28,reject,[],水印相关符号或文字,水印通常为抽象符号或纯文字，缺乏稳定、可用的场景或承载区域来源,screened
文化艺术与媒介,文化艺术与媒介 / 水彩画,27,reject,[],水彩画,水彩画主要为抽象符号和纯文字表现，缺乏稳定、可用的场景或承载区域来源。,screened
文化艺术与媒介,文化艺术与媒介 / 油画,26,reject,[],油画作为艺术媒介,油画主要表现为抽象符号和纯文字，缺乏稳定、可编辑的场景或承载区域来源,screened
文化艺术与媒介,文化艺术与媒介 / 泰坦尼克号,28,hold,[],泰坦尼克号相关文化媒介内容,仅凭分类名称无法确定具体场景或稳定来源，缺乏明确的场景或承载环境支持,screened
文化艺术与媒介,文化艺术与媒介 / 洗衣店 / 自动洗衣店,38,keep,"[""自动洗衣店场景"", ""服务性商业环境"", ""室内设施""]",自动洗衣店作为服务性商业空间，包含稳定的室内环境和设备承载面，适用于提供可编辑的场景结构,自动洗衣店具有稳定的室内服务场景和设备承载面，可作为可编辑环境的来源,screened
文化艺术与媒介,文化艺术与媒介 / 海报,28,reject,[],海报,海报通常为抽象符号、纯文字或品牌标志，缺乏稳定有用的场景或承载区域来源,screened
文化艺术与媒介,文化艺术与媒介 / 海景,26,hold,[],海景,仅凭'海景'无法确定是否存在稳定有用的场景或承载区域来源。,screened
文化艺术与媒介,文化艺术与媒介 / 混合媒介,38,hold,[],文化艺术与媒介 / 混合媒介,仅凭分类名称无法确定具体场景或是否存在稳定有用的来源,screened
文化艺术与媒介,文化艺术与媒介 / 清洁,19,hold,[],清洁相关的内容,仅凭'清洁'这一分类无法确定其具体场景或是否存在稳定有用的来源,screened
文化艺术与媒介,文化艺术与媒介 / 清洁 / 洗碗,20,keep,"[""厨房环境"", ""家庭生活场景""]",涉及洗碗行为的厨房场景,洗碗通常发生在厨房环境中，具有稳定且常见的场景来源，可提供有效的承载和操作空间。,screened
文化艺术与媒介,文化艺术与媒介 / 清洁 / 淋浴,25,keep,"[""浴室环境"", ""个人卫生场景""]",淋浴场景中的浴室环境和相关使用场景,淋浴场景具有稳定且常见的浴室环境来源，提供明确的承载面和可编辑空间,screened
文化艺术与媒介,文化艺术与媒介 / 漆器工艺,19,hold,[],漆器工艺,仅凭分类名称无法确定是否存在稳定有用的场景或承载区域来源,screened
文化艺术与媒介,文化艺术与媒介 / 烘焙坊 / 法式糕点店,26,keep,"[""室内环境"", ""餐饮场景"", ""法式风格空间""]",法式糕点店的室内经营环境及典型场景,法式糕点店通常具有稳定的室内场景和承载面，如柜台、桌椅、展示架等，能提供可编辑的环境结构和视觉内容,screened
文化艺术与媒介,文化艺术与媒介 / 烘焙坊 / 烘焙食品店,28,keep,"[""室内环境"", ""餐饮场景"", ""工作场所""]",烘焙食品店的室内运营环境及日常运营场景,烘焙食品店通常存在于室内空间，具有稳定的运营场景和承载面，如操作台、展示架、顾客区域等，能提供可编辑的环境结构。,screened
文化艺术与媒介,文化艺术与媒介 / 烙画,22,hold,[],烙画类别,仅凭分类名称无法确定其具体场景或是否存在稳定有用的来源,screened
文化艺术与媒介,文化艺术与媒介 / 烟蒂,21,reject,[],烟蒂作为符号或文字出现的场景,烟蒂多为抽象符号或孤立小物特写，缺乏稳定、可用的场景或承载区域来源,screened
文化艺术与媒介,文化艺术与媒介 / 熨烫器具,20,reject,[],熨烫器具,该类别主要为抽象符号或孤立小物特写，缺乏稳定有用的场景或承载区域来源。,screened
文化艺术与媒介,文化艺术与媒介 / 犁具,24,reject,[],犁具,犁具属于农业工具，缺乏稳定、非偶然的场景或承载区域来源，且与文化艺术与媒介的关联性弱，主要为实物符号，无明确文化或媒介表现场景。,screened
文化艺术与媒介,文化艺术与媒介 / 玉雕工艺,16,hold,[],玉雕工艺,仅凭分类名称无法确定是否存在稳定有用的场景或承载区域来源,screened
文化艺术与媒介,文化艺术与媒介 / 现代舞,38,hold,[],现代舞相关表演场景,仅凭分类名称无法确定具体场景或稳定来源，缺乏明确的场景或承载环境支持,screened
文化艺术与媒介,文化艺术与媒介 / 电视节目类型,133,hold,[],电视节目类型,仅凭分类名称无法确定具体场景或稳定来源,screened
文化艺术与媒介,文化艺术与媒介 / 画框配件,28,hold,[],画框配件,仅凭分类名称无法确定是否存在稳定有用的场景或承载区域来源,screened
文化艺术与媒介,文化艺术与媒介 / 直播节目,24,hold,[],直播节目,仅凭分类名称无法确定具体场景或稳定来源，缺乏明确的场景或承载环境支持,screened
文化艺术与媒介,文化艺术与媒介 / 知识领域,28,keep,"[""教室"", ""图书馆"", ""学术会议""]",知识领域相关的学习、研究和传播场景,知识领域常见于教室、图书馆等具有稳定学习和研究场景的环境中,screened
文化艺术与媒介,文化艺术与媒介 / 童星,28,hold,[],童星相关场景,仅凭'童星'无法确定稳定可用的场景或承载环境来源,screened
文化艺术与媒介,文化艺术与媒介 / 粉末,28,hold,[],文化艺术与媒介 / 粉末,仅凭分类名称无法确定具体场景或稳定来源，缺乏明确的场景或承载环境关联,screened
文化艺术与媒介,文化艺术与媒介 / 线条画,22,hold,[],线条画,仅凭分类名称无法确定具体场景或是否存在稳定有用的来源,screened
文化艺术与媒介,文化艺术与媒介 / 组件 / 配件,38,hold,[],文化艺术与媒介中的组件和配件,仅凭分类名称无法确定具体场景或是否存在稳定有用的来源,screened
文化艺术与媒介,文化艺术与媒介 / 织绣工艺,26,hold,[],织绣工艺,仅凭分类名称无法确定具体场景或是否存在稳定有用的来源,screened
文化艺术与媒介,文化艺术与媒介 / 综艺节目,10,hold,[],综艺节目,仅凭分类名称无法确定具体场景或稳定来源，缺乏明确的场景或承载环境支持,screened
文化艺术与媒介,文化艺术与媒介 / 编织工艺,19,keep,"[""手工制作场景"", ""文化展示空间""]",编织工艺相关的手工创作与文化展示环境,编织工艺常出现在手工制作场景和文化展示空间中，具有稳定且可编辑的场景来源。,screened
文化艺术与媒介,文化艺术与媒介 / 考察 / 伯爵,67,hold,[],考察类活动中的伯爵相关场景,仅凭'伯爵'无法确定具体场景或稳定来源，缺乏明确的场景或承载环境,screened
文化艺术与媒介,文化艺术与媒介 / 考察 / 守夜,32,hold,[],考察/守夜相关的文化活动场景,分类名称缺乏明确的场景或承载环境描述，无法确定是否存在稳定有用的来源,screened
文化艺术与媒介,文化艺术与媒介 / 考察 / 检查,86,hold,[],考察与检查相关的文化活动或媒介场景,仅凭分类名称无法确定具体场景或是否存在稳定有用的来源,screened
文化艺术与媒介,文化艺术与媒介 / 考察 / 研究,50,hold,[],文化艺术与媒介 / 考察 / 研究,仅凭分类名称无法确定是否存在稳定有用的场景或承载区域来源。,screened
文化艺术与媒介,文化艺术与媒介 / 胶片,36,reject,[],胶片作为媒介或符号,胶片主要表现为抽象符号、纯文字或品牌标志，缺乏稳定、可编辑的场景或承载区域来源,screened
文化艺术与媒介,文化艺术与媒介 / 舞台表演,10,keep,"[""舞台场景"", ""表演环境"", ""剧场空间""]",舞台表演相关的演出空间和环境,舞台表演通常发生在具有稳定场景和承载结构的表演空间中，如剧场、舞台、演出厅等，具备明确且稳定的场景来源。,screened
文化艺术与媒介,文化艺术与媒介 / 舞台表演 / 戏剧,77,keep,"[""剧场舞台"", ""表演空间"", ""文化演出环境""]",包含各类戏剧表演的舞台和演出场景,戏剧表演通常发生在具有稳定结构的剧场或舞台环境中，具备明确的场景和承载面，符合可编辑环境结构要求,screened
文化艺术与媒介,文化艺术与媒介 / 舞台表演 / 戏曲,392,keep,"[""舞台场景"", ""表演环境"", ""文化演出空间""]",戏曲表演相关的舞台和演出环境,戏曲表演通常发生在具有稳定舞台结构和特定场景的演出空间中，具备明确的场景来源和可编辑环境结构。,screened
文化艺术与媒介,文化艺术与媒介 / 舞台表演 / 曲艺,56,hold,[],舞台表演中的曲艺类活动,仅凭分类名称无法确定具体场景或稳定来源，缺乏明确的场景化支撑,screened
文化艺术与媒介,文化艺术与媒介 / 舞台表演 / 木偶戏,68,hold,[],木偶戏相关的表演场景,仅凭分类名称无法确定是否存在稳定有用的场景或承载区域来源,screened
文化艺术与媒介,文化艺术与媒介 / 舞台表演 / 杂技,63,hold,[],舞台表演中的杂技类活动,仅凭分类名称无法确定是否存在稳定有用的场景或承载区域来源,screened
文化艺术与媒介,文化艺术与媒介 / 舞台表演 / 歌剧,46,keep,"[""舞台环境"", ""表演场景"", ""剧院空间""]",歌剧表演相关的舞台、剧院及演出环境,歌剧表演通常发生在具有稳定舞台结构和特定演出环境的剧院或表演空间中，具备明确且稳定的场景来源。,screened
文化艺术与媒介,文化艺术与媒介 / 舞台表演 / 皮影戏,59,keep,"[""舞台表演"", ""传统艺术场景"", ""文化演出环境""]",皮影戏演出的舞台、背景、表演环境等场景,皮影戏通常在特定舞台或表演环境中进行，具有稳定且可编辑的场景来源,screened
文化艺术与媒介,文化艺术与媒介 / 舞台表演 / 舞剧,32,keep,"[""舞台环境"", ""表演空间"", ""剧场场景""]",舞剧演出相关的舞台与表演空间,舞剧表演通常发生在具有稳定舞台结构的剧场或表演空间中，具备明确的场景和承载环境。,screened
文化艺术与媒介,文化艺术与媒介 / 舞台表演 / 舞蹈,82,keep,"[""舞台环境"", ""表演空间"", ""剧场场景""]",舞蹈表演发生的舞台和剧场类空间,舞蹈表演通常发生在具有稳定舞台结构和明确空间布局的场景中，如剧院、舞台厅等，具备稳定且可编辑的承载环境。,screened
文化艺术与媒介,文化艺术与媒介 / 舞台表演 / 话剧,79,hold,[],话剧表演相关场景,仅凭分类名称无法确定具体场景范围或是否存在稳定有用的来源,screened
文化艺术与媒介,文化艺术与媒介 / 舞台表演 / 音乐剧,39,keep,"[""舞台场景"", ""表演环境"", ""剧院空间""]",音乐剧演出相关的舞台、布景和表演环境,音乐剧演出通常发生在具有稳定舞台结构和表演空间的场景中，具备明确的场景来源和可编辑环境结构。,screened
文化艺术与媒介,文化艺术与媒介 / 舞台表演 / 魔术,64,hold,[],魔术表演相关的舞台场景,仅凭分类名称无法确定是否存在稳定有用的场景或承载区域来源,screened
文化艺术与媒介,文化艺术与媒介 / 船坞,34,keep,"[""港口环境"", ""水上作业场景"", ""工业文化场景""]",船坞作为文化艺术与媒介中的场景，涉及港口、船舶维护、文化展示等稳定环境,船坞通常存在于港口或水域边，具有稳定的承载面和可编辑环境，适合作为文化与媒介场景的来源,screened
文化艺术与媒介,文化艺术与媒介 / 艺术印刷品,38,hold,[],艺术印刷品类别,仅凭分类名称无法确定具体场景或稳定来源,screened
文化艺术与媒介,文化艺术与媒介 / 艺术品与文物 / 名画,427,hold,[],艺术品与文物中的名画,仅凭名称无法确定是否存在稳定有用的场景或承载区域来源,screened
文化艺术与媒介,文化艺术与媒介 / 艺术品与文物 / 建筑艺术,320,keep,"[""建筑艺术"", ""历史建筑"", ""文化场所""]",包含各类建筑艺术形式及其承载空间，如古建筑、博物馆、文化遗址等,建筑艺术具有稳定且丰富的场景来源，涵盖多种空间结构和文化环境，适合召回其关联图片,screened
文化艺术与媒介,文化艺术与媒介 / 艺术品与文物 / 摄影名作,86,hold,[],摄影作品,仅凭分类名称无法确定具体场景或稳定来源，缺乏明确的场景或承载环境支持,screened
文化艺术与媒介,文化艺术与媒介 / 艺术品与文物 / 文物与馆藏,968,keep,"[""博物馆"", ""文物展览"", ""文化馆藏""]",文物与馆藏相关的展示环境和收藏空间,博物馆和文物展览场所提供稳定且丰富的场景来源，具有明确的承载和展示功能,screened
文化艺术与媒介,文化艺术与媒介 / 艺术品与文物 / 新媒体艺术,57,hold,[],新媒体艺术,仅凭分类名称无法确定具体场景或是否存在稳定有用的来源,screened
文化艺术与媒介,文化艺术与媒介 / 艺术品与文物 / 街头艺术作品,56,keep,"[""街头环境"", ""公共空间"", ""城市景观""]",街头艺术作品出现在城市公共空间中的场景，如墙壁、巷道、广场等,街头艺术作品通常存在于公共空间中，具有稳定的场景来源和可编辑的承载面,screened
文化艺术与媒介,文化艺术与媒介 / 艺术品与文物 / 雕塑艺术品,264,keep,"[""公共空间"", ""博物馆"", ""文化遗址""]",雕塑艺术品常见于公共空间、博物馆和文化遗址等具有稳定场景的环境中,雕塑艺术品通常安置在公共空间、博物馆或文化遗址中，具有稳定的场景和承载环境，能够提供可编辑的视觉背景。,screened
文化艺术与媒介,文化艺术与媒介 / 艺术实践,28,hold,[],艺术实践相关的场景,仅凭分类名称无法确定具体场景或是否存在稳定有用的来源,screened
文化艺术与媒介,文化艺术与媒介 / 艺术工作室,44,keep,"[""艺术工作室"", ""创作环境"", ""室内空间""]",艺术工作室中的创作场景和相关环境,艺术工作室通常具有稳定的创作场景和可编辑的环境结构，包含多种艺术活动的承载面和支撑区域。,screened
文化艺术与媒介,文化艺术与媒介 / 艺术流派,38,hold,[],艺术流派,仅凭分类名称无法确定具体场景或稳定来源,screened
文化艺术与媒介,文化艺术与媒介 / 芭蕾舞,31,hold,[],芭蕾舞相关表演场景,仅凭分类名称无法确定是否存在稳定有用的场景或承载区域来源,screened
文化艺术与媒介,文化艺术与媒介 / 虚构世界与角色 / 儿童绘本角色,249,hold,[],儿童绘本角色,仅凭分类名称无法确定是否存在稳定有用的场景或承载区域来源,screened
文化艺术与媒介,文化艺术与媒介 / 虚构世界与角色 / 动漫角色,529,reject,[],动漫角色,动漫角色多为抽象符号或孤立小物特写，缺乏稳定、可用的场景或承载区域来源。,screened
文化艺术与媒介,文化艺术与媒介 / 虚构世界与角色 / 卡通角色,27,hold,[],卡通角色,仅凭分类名称无法确定是否存在稳定有用的场景或承载区域来源,screened
文化艺术与媒介,文化艺术与媒介 / 虚构世界与角色 / 名画与雕塑形象,75,reject,[],名画与雕塑形象,该类别主要为抽象符号和虚构形象，缺乏稳定、可编辑的场景或承载环境来源。,screened
文化艺术与媒介,文化艺术与媒介 / 虚构世界与角色 / 天使,59,reject,[],虚构世界与角色中的天使,天使属于抽象符号和纯文字表现，缺乏稳定、可用的场景或承载区域来源,screened
文化艺术与媒介,文化艺术与媒介 / 虚构世界与角色 / 巫婆,56,reject,[],巫婆相关虚构角色,巫婆属于抽象符号和虚构角色，缺乏稳定、可用的场景或承载环境来源,screened
文化艺术与媒介,文化艺术与媒介 / 虚构世界与角色 / 幻象,24,reject,[],虚构世界与角色中的幻象,幻象属于抽象符号和纯文字表现，缺乏稳定、可编辑的场景或承载区域来源,screened
文化艺术与媒介,文化艺术与媒介 / 虚构世界与角色 / 影视角色,440,reject,[],影视角色,影视角色多为抽象符号或孤立小物特写，缺乏稳定、可用的场景或承载区域来源。,screened
文化艺术与媒介,文化艺术与媒介 / 虚构世界与角色 / 志怪鬼怪形象,290,reject,[],虚构世界与角色中的志怪鬼怪形象,该类别主要为抽象符号和纯文字描述，缺乏稳定、可编辑的场景或承载环境来源。,screened
文化艺术与媒介,文化艺术与媒介 / 虚构世界与角色 / 怪兽角色,44,reject,[],怪兽角色,怪兽角色多为抽象符号或孤立小物特写，缺乏稳定有用的场景或承载区域来源。,screened
文化艺术与媒介,文化艺术与媒介 / 虚构世界与角色 / 恶灵,29,reject,[],虚构世界与角色中的恶灵相关抽象符号或标志,恶灵通常仅表现为抽象符号、纯文字或品牌标志，缺乏稳定、可编辑的场景或承载区域来源,screened
文化艺术与媒介,文化艺术与媒介 / 虚构世界与角色 / 戏曲舞台剧角色,336,hold,[],戏曲舞台剧角色,仅凭分类名称无法确定具体场景或稳定来源，缺乏明确的场景或承载环境支持。,screened
文化艺术与媒介,文化艺术与媒介 / 虚构世界与角色 / 文学小说角色,681,reject,[],文学小说角色,主要为抽象符号和纯文字描述，缺乏稳定、可编辑的场景或承载环境来源。,screened
文化艺术与媒介,文化艺术与媒介 / 虚构世界与角色 / 斯芬克斯,15,reject,[],虚构世界与角色中的斯芬克斯形象,斯芬克斯主要为抽象符号或虚构角色，缺乏稳定、可编辑的场景或承载环境来源,screened
文化艺术与媒介,文化艺术与媒介 / 虚构世界与角色 / 游戏角色,424,reject,[],游戏角色,游戏角色多为抽象符号或孤立小物特写，缺乏稳定有用的场景或承载区域来源。,screened
文化艺术与媒介,文化艺术与媒介 / 虚构世界与角色 / 潮玩商品角色,191,reject,[],虚构世界与角色,该类别主要为抽象符号、品牌标志或孤立小物特写，缺乏稳定有用的场景或承载区域来源。,screened
文化艺术与媒介,文化艺术与媒介 / 虚构世界与角色 / 独角兽,66,reject,[],虚构世界与角色中的独角兽相关符号或形象,独角兽属于抽象符号和虚构形象，缺乏稳定、可编辑的场景或承载环境来源,screened
文化艺术与媒介,文化艺术与媒介 / 虚构世界与角色 / 神话生物,27,hold,[],虚构世界与角色中的神话生物,仅凭分类名称无法确定是否存在稳定有用的场景或承载区域来源,screened
文化艺术与媒介,文化艺术与媒介 / 虚构世界与角色 / 神话角色,283,hold,[],虚构世界与角色,仅凭分类名称无法确定是否存在稳定有用的场景或承载区域来源,screened
文化艺术与媒介,文化艺术与媒介 / 虚构世界与角色 / 精灵,54,hold,[],虚构世界与角色中的精灵相关设定,仅凭分类名称无法确定是否存在稳定有用的场景或承载区域来源,screened
文化艺术与媒介,文化艺术与媒介 / 虚构世界与角色 / 美人鱼,21,reject,[],虚构世界与角色中的美人鱼相关符号或形象,美人鱼属于抽象符号和虚构角色，缺乏稳定、可编辑的场景或承载环境来源,screened
文化艺术与媒介,文化艺术与媒介 / 虚构世界与角色 / 虚拟偶像,272,reject,[],虚拟偶像相关抽象符号或角色标志,虚拟偶像多为抽象符号、纯文字或品牌标志，缺乏稳定、可编辑的场景或承载环境来源,screened
文化艺术与媒介,文化艺术与媒介 / 虚构世界与角色 / 超级英雄角色,223,reject,[],超级英雄角色,超级英雄角色多为抽象符号或孤立小物特写，缺乏稳定有用的场景或承载区域来源。,screened
文化艺术与媒介,文化艺术与媒介 / 虚构世界与角色 / 超自然主义,19,hold,[],虚构世界与角色中的超自然主义设定,仅凭分类名称无法确定是否存在稳定有用的场景或承载区域来源,screened
文化艺术与媒介,文化艺术与媒介 / 虚构动物 / 复活节兔,24,reject,[],虚构动物,复活节兔主要作为符号或品牌标志出现，缺乏稳定、可用的场景或承载环境来源。,screened
文化艺术与媒介,文化艺术与媒介 / 虚构生物,22,hold,[],文化艺术与媒介 / 虚构生物,仅凭分类名称无法确定是否存在稳定有用的场景或承载区域来源,screened
文化艺术与媒介,文化艺术与媒介 / 蝙蝠侠,13,reject,[],蝙蝠侠相关符号、品牌标志或纯文字,蝙蝠侠主要为抽象符号和品牌标志，缺乏稳定、可用的场景或承载环境来源,screened
文化艺术与媒介,文化艺术与媒介 / 街机游戏,42,hold,[],街机游戏,仅凭分类名称无法确定是否存在稳定有用的场景或承载区域来源,screened
文化艺术与媒介,文化艺术与媒介 / 街舞,32,hold,[],街舞相关场景,仅凭分类名称无法确定是否存在稳定有用的场景或承载区域来源,screened
文化艺术与媒介,文化艺术与媒介 / 衰败景象,63,hold,[],文化艺术与媒介 / 衰败景象,仅凭分类名称无法确定是否存在稳定有用的场景或承载区域来源,screened
文化艺术与媒介,文化艺术与媒介 / 视觉艺术,1,hold,[],文化艺术与媒介 / 视觉艺术,仅凭分类名称无法确定具体场景或稳定来源，缺乏明确的场景或承载环境信息。,screened
文化艺术与媒介,文化艺术与媒介 / 视觉艺术 / 书法,87,hold,[],书法艺术相关场景,仅凭分类名称无法确定是否存在稳定有用的场景或承载区域来源,screened
文化艺术与媒介,文化艺术与媒介 / 视觉艺术 / 壁画,69,keep,"[""室内墙壁"", ""公共空间"", ""文化场所""]",壁画类视觉艺术在墙壁上的呈现场景,壁画常见于室内墙壁、公共空间和文化场所，具有稳定且广泛的场景来源,screened
文化艺术与媒介,文化艺术与媒介 / 视觉艺术 / 版画,92,hold,[],版画类别,仅凭分类名称无法确定是否存在稳定有用的场景或承载区域来源,screened
文化艺术与媒介,文化艺术与媒介 / 视觉艺术 / 绘画,401,hold,[],绘画类别,仅凭分类名称无法确定具体场景或稳定来源，缺乏明确的场景或承载环境支持,screened
文化艺术与媒介,文化艺术与媒介 / 视觉艺术 / 街头艺术,69,keep,"[""街头环境"", ""公共空间"", ""城市景观""]",街头艺术常见于城市公共空间，如墙壁、巷道、地铁站等，具有稳定的场景来源,街头艺术通常出现在城市公共空间，具有稳定的场景和承载面，可提供丰富的视觉素材和可编辑环境,screened
文化艺术与媒介,文化艺术与媒介 / 视觉艺术 / 装置艺术,66,hold,[],装置艺术,仅凭分类名称无法确定具体场景或是否存在稳定有用的来源,screened
文化艺术与媒介,文化艺术与媒介 / 视觉艺术 / 雕塑,345,hold,[],雕塑类别,仅凭分类名称无法确定是否存在稳定有用的场景或承载区域来源,screened
文化艺术与媒介,文化艺术与媒介 / 诗歌,32,reject,[],诗歌,诗歌主要为抽象文字和符号表达，缺乏稳定、可编辑的场景或承载环境来源。,screened
文化艺术与媒介,文化艺术与媒介 / 起源,43,hold,[],文化艺术与媒介 / 起源,仅凭分类名称无法确定具体场景或稳定来源，缺乏明确的场景或承载环境信息。,screened
文化艺术与媒介,文化艺术与媒介 / 起飞,22,reject,[],文化艺术与媒介 / 起飞,起飞通常为抽象符号或文字表达，缺乏稳定、可用的场景或承载区域来源。,screened
文化艺术与媒介,文化艺术与媒介 / 超级英雄,19,hold,[],超级英雄相关场景,仅凭分类名称无法确定是否存在稳定有用的场景或承载区域来源,screened
文化艺术与媒介,文化艺术与媒介 / 车库工具,47,hold,[],车库工具,仅凭分类名称无法确定是否存在稳定有用的场景或承载区域来源,screened
文化艺术与媒介,文化艺术与媒介 / 通过心智活动创造 / 作曲,33,reject,[],作曲相关抽象符号或文字,作曲主要为抽象心智活动，缺乏稳定、可编辑的场景或承载环境来源,screened
文化艺术与媒介,文化艺术与媒介 / 通过心智活动创造 / 概念化,36,reject,[],概念化内容,该分类主要涉及抽象符号、纯文字或心智活动，缺乏稳定、可编辑的场景或承载区域来源。,screened
文化艺术与媒介,文化艺术与媒介 / 通过心智活动创造 / 设计,33,keep,"[""设计工作室"", ""创意空间"", ""艺术创作环境""]",涉及设计活动的室内或创作场景,设计活动通常发生在具有稳定创作环境的场所，如工作室或创意空间，具备明确的场景和承载面。,screened
文化艺术与媒介,文化艺术与媒介 / 通过心智活动创造 / 语言创作,38,hold,[],语言创作,仅凭分类名称无法确定具体场景或稳定来源，缺乏明确的场景或承载环境支持,screened
文化艺术与媒介,文化艺术与媒介 / 通过移除创造 / 冰雕,25,hold,[],文化艺术与媒介 / 通过移除创造 / 冰雕,仅凭分类名称无法确定是否存在稳定有用的场景或承载区域来源。,screened
文化艺术与媒介,文化艺术与媒介 / 通过移除创造 / 南瓜雕刻,35,hold,[],南瓜雕刻,仅凭分类名称无法确定是否存在稳定有用的场景或承载区域来源,screened
文化艺术与媒介,文化艺术与媒介 / 通过移除创造 / 挖掘,35,hold,[],文化艺术与媒介 / 通过移除创造 / 挖掘,仅凭分类名称无法确定具体场景或稳定来源，缺乏明确的场景或承载环境示例。,screened
文化艺术与媒介,文化艺术与媒介 / 通过移除创造 / 用刀刻木,32,hold,[],通过移除创造的木刻艺术场景,分类名称缺乏明确的稳定场景或承载环境来源，无法确定具体可编辑的视觉环境,screened
文化艺术与媒介,文化艺术与媒介 / 郊区景观,37,keep,"[""郊区景观"", ""自然环境"", ""公共空间""]",包含郊区中的文化景观、公共设施及自然与人文结合的景观元素,郊区景观通常包含稳定且可编辑的场景和承载面，如公园、文化设施、观景台等，具有明确的场景来源,screened
文化艺术与媒介,文化艺术与媒介 / 针线工艺 / 刺绣,26,keep,"[""室内手工场景"", ""家庭生活场景""]",刺绣工艺常出现在家庭、文化展示或手工艺工作坊等具有稳定场景的环境中,刺绣工艺通常在室内或家庭环境中进行，具有稳定的场景来源和可编辑的承载面，如桌布、布料等，符合可召回的环境特征,screened
文化艺术与媒介,文化艺术与媒介 / 针线工艺 / 刺绣品,160,keep,"[""室内手工场景"", ""文化展示环境""]",与刺绣相关的室内手工制作或文化展示场景,刺绣品通常出现在室内手工场景或文化展示环境中，具有稳定且可编辑的承载面和场景来源,screened
文化艺术与媒介,文化艺术与媒介 / 针线工艺 / 用钩针编织,33,keep,"[""家居手工场景"", ""家庭生活空间""]",涉及钩针编织的家居手工活动场景,钩针编织常出现在家庭手工或家居生活场景中，具有稳定的场景来源和可编辑环境,screened
文化艺术与媒介,文化艺术与媒介 / 铰接连接,28,hold,[],铰接连接,仅凭分类名称无法确定其具体场景或是否存在稳定有用的来源,screened
文化艺术与媒介,文化艺术与媒介 / 锤头,23,reject,[],锤头作为符号或文字出现,锤头通常为抽象符号或品牌标志，缺乏稳定、可用的场景或承载区域来源,screened
文化艺术与媒介,文化艺术与媒介 / 镂空制品,27,hold,[],文化艺术与媒介 / 镂空制品,仅凭分类名称无法确定是否存在稳定有用的场景或承载区域来源,screened
文化艺术与媒介,文化艺术与媒介 / 队形编排,35,hold,[],队形编排,仅凭分类名称无法确定是否存在稳定有用的场景或承载区域来源,screened
文化艺术与媒介,文化艺术与媒介 / 陶瓷工艺,38,keep,"[""工作室环境"", ""制作场景"", ""文化展示空间""]",陶瓷工艺相关的制作、展示和文化使用场景,陶瓷工艺通常发生在工作室或文化展示空间中，具有稳定且可编辑的场景来源,screened
文化艺术与媒介,文化艺术与媒介 / 雕塑作品,52,hold,[],雕塑作品,仅凭分类名称无法确定是否存在稳定有用的场景或承载区域来源,screened
文化艺术与媒介,文化艺术与媒介 / 非遗与传统手工艺 / 传统医药文化,221,keep,"[""传统医疗场景"", ""文化传承空间""]",传统医药文化相关的实际应用场景和文化传承环境,传统医药文化包含稳定且具有代表性的场景，如药铺、诊疗场所、民俗活动等，具备可编辑的环境结构和承载面。,screened
文化艺术与媒介,文化艺术与媒介 / 非遗与传统手工艺 / 传统技艺,663,keep,"[""传统工艺场景"", ""文化传承空间"", ""手工艺制作环境""]",涉及传统技艺的实践场景和文化传承环境,传统技艺通常在特定文化空间中进行，具有稳定且可重复的场景来源，如作坊、展览馆、节庆活动等。,screened
文化艺术与媒介,文化艺术与媒介 / 非遗与传统手工艺 / 传统服饰文化,192,hold,[],传统服饰文化,仅凭分类名称无法确定具体场景或稳定来源，缺乏明确的场景化支撑,screened
文化艺术与媒介,文化艺术与媒介 / 非遗与传统手工艺 / 传统武术与体育,162,keep,"[""传统活动场景"", ""文化表演空间"", ""训练与练习环境""]",传统武术与体育相关的实践和展示场景,传统武术与体育具有稳定的实践场景和文化空间，如训练场、广场、庙会等，能提供可编辑的环境结构。,screened
文化艺术与媒介,文化艺术与媒介 / 非遗与传统手工艺 / 曲艺与传统戏剧,371,hold,[],非遗与传统手工艺中的曲艺与传统戏剧,仅凭分类名称无法确定具体场景或稳定可用的承载环境来源,screened
文化艺术与媒介,文化艺术与媒介 / 非遗与传统手工艺 / 民俗文化,405,hold,[],非遗与传统手工艺相关的民俗文化活动场景,分类名称较模糊，缺乏明确的场景或承载环境来源，无法确定具体可召回的视觉场景,screened
文化艺术与媒介,文化艺术与媒介 / 音乐专辑,31,reject,[],音乐专辑,音乐专辑主要为抽象符号和纯文字内容，缺乏稳定、可用的场景或承载区域来源。,screened
文化艺术与媒介,文化艺术与媒介 / 音乐工作室,35,keep,"[""音乐工作室"", ""室内创作环境"", ""工作场所""]",音乐工作室中的创作与演奏场景,音乐工作室通常包含稳定的室内场景和可编辑的演奏环境，具备明确的场景来源和承载面。,screened
文化艺术与媒介,文化艺术与媒介 / 音乐音频 / 专辑,38,reject,[],音乐音频专辑,专辑主要为抽象符号和文字内容，缺乏稳定、可编辑的场景或承载区域来源,screened
文化艺术与媒介,文化艺术与媒介 / 音乐音频 / 乐谱,32,reject,[],乐谱作为抽象符号或文字内容出现,乐谱主要为抽象符号和文字，缺乏稳定、可编辑的场景或承载区域来源,screened
文化艺术与媒介,文化艺术与媒介 / 音乐音频 / 器乐曲,37,hold,[],器乐曲,仅凭分类名称无法确定具体场景或稳定来源，缺乏明确的场景或承载环境支持,screened
文化艺术与媒介,文化艺术与媒介 / 音乐音频 / 广播,150,keep,"[""广播场景"", ""室内传播环境""]",广播相关的传播环境和室内使用场景,广播常出现在室内传播环境和特定媒体设施中，具有稳定且可编辑的场景来源,screened
文化艺术与媒介,文化艺术与媒介 / 音乐音频 / 播客,24,hold,[],音乐音频类播客内容的传播场景,仅凭分类名称无法确定具体场景或稳定来源，缺乏明确的可编辑环境结构或承载面,screened
文化艺术与媒介,文化艺术与媒介 / 音乐音频 / 有声书,28,hold,[],有声书类别,仅凭分类名称无法确定是否存在稳定有用的场景或承载区域来源,screened
文化艺术与媒介,文化艺术与媒介 / 音乐音频 / 歌曲,52,reject,[],歌曲,歌曲主要为抽象音频符号，缺乏稳定、可编辑的场景或承载环境来源,screened
文化艺术与媒介,文化艺术与媒介 / 项目图像,25,hold,[],项目图像,仅凭分类名称无法确定具体场景或是否存在稳定有用的来源,screened
文化艺术与媒介,文化艺术与媒介 / 风格,30,hold,[],文化艺术与媒介中的风格类别,仅凭'风格'无法确定具体场景或稳定来源，缺乏明确的场景或承载环境支持,screened
文化艺术与媒介,文化艺术与媒介 / 高达,19,hold,[],文化艺术与媒介 / 高达,仅凭分类名称无法确定其具体场景或是否存在稳定有用的来源,screened
文化艺术与媒介,文化艺术与媒介 / 魔法,24,hold,[],文化艺术与媒介 / 魔法,仅凭分类名称无法确定具体场景或稳定来源，缺乏明确的场景或承载环境支持。,screened
文化艺术与媒介,文化艺术与媒介 / 鸡尾酒杯,27,hold,[],鸡尾酒杯,仅凭分类名称无法确定是否存在稳定有用的场景或承载区域来源,screened
文字与信息图形,文字与信息图形 / 主题 / 问题,38,reject,[],主题类问题的文本表达,该分类主要为抽象符号或纯文字内容，缺乏稳定、可编辑的场景或承载区域来源,screened
文字与信息图形,文字与信息图形 / 书面交流 / 亲笔签名,28,reject,[],书面交流中的亲笔签名,亲笔签名属于抽象符号和纯文字，缺乏稳定、可用的场景或承载区域来源,screened
文字与信息图形,文字与信息图形 / 书面交流 / 作文,27,reject,[],书面交流中的作文内容,作文属于抽象文字表达，缺乏稳定、可编辑的场景或承载环境来源,screened
文字与信息图形,文字与信息图形 / 书面交流 / 刻字,27,reject,[],刻字相关的信息图形,刻字多为抽象符号或纯文字，缺乏稳定、可用的场景或承载区域来源,screened
文字与信息图形,文字与信息图形 / 书面交流 / 印刷品,24,hold,[],书面交流中的印刷品,仅凭分类名称无法确定是否存在稳定有用的场景或承载区域来源,screened
文字与信息图形,文字与信息图形 / 书面交流 / 原文,83,reject,[],书面交流的原文内容,原文属于纯文字或信息符号，缺乏稳定、可编辑的场景或承载环境来源,screened
文字与信息图形,文字与信息图形 / 书面交流 / 处方,27,reject,[],书面交流中的处方类信息,处方属于抽象符号和文字内容，缺乏稳定、可编辑的场景或承载区域来源,screened
文字与信息图形,文字与信息图形 / 书面交流 / 戏剧作品,27,reject,[],书面交流中的戏剧作品,戏剧作品多为抽象符号或纯文字，缺乏稳定、可用的场景或承载区域来源,screened
文字与信息图形,文字与信息图形 / 书面交流 / 手写,165,hold,[],手写类书面交流,仅凭分类名称无法确定是否存在稳定有用的场景或承载区域来源,screened
文字与信息图形,文字与信息图形 / 书面交流 / 改编本,28,reject,[],书面交流中的改编本,主要为抽象符号或文字内容，缺乏稳定、可编辑的场景或承载区域来源,screened
文字与信息图形,文字与信息图形 / 书面交流 / 文字记录,26,reject,[],文字与信息图形 / 书面交流 / 文字记录,该分类主要涉及抽象符号、纯文字或品牌标志，缺乏稳定、可编辑的场景或承载区域来源。,screened
文字与信息图形,文字与信息图形 / 书面交流 / 文学作品,206,reject,[],书面交流中的文学作品,文学作品多为抽象符号或纯文字，缺乏稳定、可编辑的场景或承载区域来源,screened
文字与信息图形,文字与信息图形 / 书面交流 / 日志,28,hold,[],书面交流中的日志类内容,仅凭'日志'无法确定其具体场景或稳定来源，缺乏明确的可编辑环境或承载面支持,screened
文字与信息图形,文字与信息图形 / 书面交流 / 神圣文本,25,reject,[],神圣文本,主要为抽象符号、纯文字或品牌标志，缺乏稳定有用的场景或承载区域来源,screened
文字与信息图形,文字与信息图形 / 书面交流 / 通信,64,reject,[],书面交流和通信相关的文字与信息图形,该分类主要涉及抽象符号、纯文字或品牌标志，缺乏稳定、可用的场景或承载区域来源。,screened
文字与信息图形,文字与信息图形 / 书面交流 / 部分,88,hold,[],书面交流中的部分信息图形,仅凭'部分'无法确定具体场景或稳定来源，缺乏明确的场景或承载环境支持,screened
文字与信息图形,文字与信息图形 / 书面交流 / 阅读材料,27,hold,[],书面交流中的阅读材料,仅凭分类名称无法确定是否存在稳定有用的场景或承载区域来源,screened
文字与信息图形,文字与信息图形 / 价格信息,22,reject,[],价格信息,仅提供抽象符号和纯文字，缺乏稳定有用的场景或承载区域来源,screened
文字与信息图形,文字与信息图形 / 伴随症状 / 加法运算,35,reject,[],加法运算相关的文字与信息图形,该分类主要涉及抽象符号和数学运算，缺乏稳定、可编辑的场景或承载环境来源,screened
文字与信息图形,文字与信息图形 / 促销 / 广告,57,reject,[],促销广告类文字与信息图形,主要为抽象符号、纯文字或品牌标志，缺乏稳定有用的场景或承载区域来源,screened
文字与信息图形,文字与信息图形 / 信号 / 代号,881,reject,[],信号与代号类文字图形,主要为抽象符号、纯文字或品牌标志，缺乏稳定可用的场景或承载区域来源,screened
文字与信息图形,文字与信息图形 / 信号 / 指示器,18,reject,[],信号与指示器,主要为抽象符号或纯文字，缺乏稳定有用的场景或承载区域来源,screened
文字与信息图形,文字与信息图形 / 信号 / 文身,21,reject,[],信号、文身等抽象符号或文字图形,该分类主要为抽象符号、纯文字或品牌标志，缺乏稳定、可用的场景或承载区域来源,screened
文字与信息图形,文字与信息图形 / 信号 / 无线电波束,20,reject,[],无线电波束,该分类主要为抽象符号和纯技术概念，缺乏稳定、可编辑的场景或承载区域来源。,screened
文字与信息图形,文字与信息图形 / 信号 / 视觉信号,177,reject,[],信号类视觉图形,主要为抽象符号或纯文字，缺乏稳定可用的场景或承载区域来源,screened
文字与信息图形,文字与信息图形 / 信号 / 警报,91,reject,[],信号与警报类文字图形,该类别主要为抽象符号、纯文字或品牌标志，缺乏稳定、可用的场景或承载区域来源。,screened
文字与信息图形,文字与信息图形 / 信息 / 电报,24,reject,[],电报作为文字信息的符号表达,电报属于抽象符号和纯文字表达，缺乏稳定、可编辑的场景或承载环境来源,screened
文字与信息图形,文字与信息图形 / 信息 / 短信,35,reject,[],短信类文字信息,仅提供抽象符号和纯文字内容，缺乏稳定有用的场景或承载区域来源,screened
文字与信息图形,文字与信息图形 / 信息 / 邮件,18,reject,[],邮件作为信息图形的呈现形式,邮件属于抽象符号和纯文字内容，缺乏稳定、可编辑的场景或承载区域来源,screened
文字与信息图形,文字与信息图形 / 充血症状,35,reject,[],文字与信息图形 / 充血症状,该分类主要为抽象症状描述，缺乏稳定、可用的场景或承载环境来源。,screened
文字与信息图形,文字与信息图形 / 卷轴,66,reject,[],文字与信息图形 / 卷轴,卷轴主要为抽象符号或纯文字呈现，缺乏稳定、可用的场景或承载区域来源,screened
文字与信息图形,文字与信息图形 / 名称,28,reject,[],名称类文字与信息图形,仅包含抽象符号、纯文字或品牌标志，缺乏稳定有用的场景或承载区域来源,screened
文字与信息图形,文字与信息图形 / 听觉交流 / 主题,68,reject,[],主题类听觉交流内容,主题类听觉交流多为抽象符号或纯文字，缺乏稳定、可编辑的场景或承载区域来源,screened
文字与信息图形,文字与信息图形 / 听觉交流 / 乐曲,58,reject,[],乐曲相关的信息图形,乐曲主要为抽象符号和纯文字表达，缺乏稳定、可编辑的场景或承载区域来源,screened
文字与信息图形,文字与信息图形 / 听觉交流 / 低音线,69,reject,[],低音线作为听觉交流的符号元素,低音线属于抽象符号和文字装饰，缺乏稳定、可编辑的场景或承载环境来源,screened
文字与信息图形,文字与信息图形 / 听觉交流 / 和声,69,reject,[],和声作为听觉交流的一部分，不提供稳定场景或承载面,和声属于抽象听觉元素，缺乏稳定、可编辑的场景或承载环境来源,screened
文字与信息图形,文字与信息图形 / 听觉交流 / 和弦,71,reject,[],和弦作为听觉交流的符号,和弦属于抽象听觉符号，缺乏稳定、可编辑的场景或承载环境来源,screened
文字与信息图形,文字与信息图形 / 听觉交流 / 旋律,44,reject,[],旋律相关的信息图形,旋律属于抽象听觉符号，缺乏稳定、可编辑的场景或承载区域来源,screened
文字与信息图形,文字与信息图形 / 听觉交流 / 环,44,reject,[],文字与信息图形 / 听觉交流 / 环,该分类主要涉及抽象符号或纯文字，缺乏稳定、可用的场景或承载区域来源。,screened
文字与信息图形,文字与信息图形 / 听觉交流 / 节拍,43,reject,[],节拍作为听觉交流的符号形式,节拍主要表现为抽象符号或纯文字，缺乏稳定、可编辑的场景或承载区域来源,screened
文字与信息图形,文字与信息图形 / 听觉交流 / 言语,253,reject,[],言语,言语属于抽象符号和纯文字表达，缺乏稳定、可编辑的场景或承载区域来源。,screened
文字与信息图形,文字与信息图形 / 听觉交流 / 话语,238,reject,[],话语,仅提供抽象符号和纯文字内容，缺乏稳定有用的场景或承载区域来源,screened
文字与信息图形,文字与信息图形 / 听觉交流 / 音乐情绪,398,reject,[],音乐情绪相关的文字与信息图形,音乐情绪主要表现为抽象符号或纯文字，缺乏稳定、可编辑的场景或承载区域来源,screened
文字与信息图形,文字与信息图形 / 听觉交流 / 音乐流派,1813,reject,[],音乐流派,音乐流派主要为抽象符号和文字标识，缺乏稳定、可编辑的场景或承载环境来源。,screened
文字与信息图形,文字与信息图形 / 听觉交流 / 音乐角色,360,reject,[],音乐角色,音乐角色多为抽象符号或纯文字，缺乏稳定、可用的场景或承载区域来源。,screened
文字与信息图形,文字与信息图形 / 听觉交流 / 音符,30,reject,[],音符作为抽象符号或纯文字出现,音符属于抽象符号和纯文字，缺乏稳定、可用的场景或承载区域来源,screened
文字与信息图形,文字与信息图形 / 告知,41,reject,[],告知类文字与信息图形,告知类内容多为抽象符号、纯文字或品牌标志，缺乏稳定、可编辑的场景或承载区域来源,screened
文字与信息图形,文字与信息图形 / 味觉,30,reject,[],味觉相关文字与信息图形,该类别主要为抽象符号或纯文字，缺乏稳定、可用的场景或承载区域来源,screened
文字与信息图形,文字与信息图形 / 商业文件 / 券,35,reject,[],商业文件/券类的文本信息图形,券类多为抽象符号或纯文字，缺乏稳定、可用的场景或承载区域来源,screened
文字与信息图形,文字与信息图形 / 商业文件 / 订单,36,reject,[],商业文件中的订单类文本,订单属于抽象符号和纯文字，缺乏稳定、可编辑的场景或承载区域来源,screened
文字与信息图形,文字与信息图形 / 商业文件 / 账单,32,reject,[],商业文件/账单类文本信息,账单多为抽象符号和纯文字，缺乏稳定、可编辑的场景或承载区域来源,screened
文字与信息图形,文字与信息图形 / 地图,57,keep,"[""地图场景"", ""室内导航"", ""公共空间""]",地图类信息图形在各类空间中的呈现与使用,地图作为信息图形，常出现在室内、公共空间和导航场景中，具有稳定且广泛的场景来源,screened
文字与信息图形,文字与信息图形 / 地图与导航 / 世界地图,38,keep,"[""自然环境"", ""地理空间""]",世界地图在自然环境和地理空间中的呈现,世界地图作为地理空间的稳定来源，能覆盖多种自然与人文场景，提供可靠的场景承载和信息展示,screened
文字与信息图形,文字与信息图形 / 地图与导航 / 交通图,34,keep,"[""交通环境"", ""道路场景""]",交通图在道路、城市导航等场景中提供稳定可用的承载与信息来源,交通图常见于道路、城市导航等场景，具有稳定且广泛的场景来源，能提供有效的信息与空间参考,screened
文字与信息图形,文字与信息图形 / 地图与导航 / 区域地图,38,keep,"[""交通环境"", ""室内空间"", ""公共空间""]",区域地图在交通、室内和公共空间中的应用场景,区域地图通常用于描述交通路线、室内布局或公共空间结构，具有稳定的场景来源和实用的承载环境,screened
文字与信息图形,文字与信息图形 / 地图与导航 / 地形图,38,keep,"[""自然环境"", ""地形水域""]",地形图常用于展示自然地形和地理特征，如山脉、河流、海岸线等,地形图提供稳定的自然环境场景和地形承载区域，具有明确的场景来源,screened
文字与信息图形,文字与信息图形 / 地图与导航 / 城市地图,38,keep,"[""城市环境"", ""交通场景"", ""公共空间""]",城市地图通常用于展示城市布局、道路网络、地标和导航信息，适用于多种现实场景中的空间认知与路径规划,城市地图提供稳定且广泛存在的场景来源，如城市道路、建筑分布和公共设施，具有明确的地理承载面和可编辑空间结构,screened
文字与信息图形,文字与信息图形 / 地图与导航 / 导航界面,33,reject,[],导航界面,导航界面主要为抽象符号和纯文字，缺乏稳定、可用的场景或承载区域来源,screened
文字与信息图形,文字与信息图形 / 地图集,37,reject,[],地图集,地图集主要提供抽象符号和纯文字信息，缺乏稳定、可用的场景或承载区域来源。,screened
文字与信息图形,文字与信息图形 / 婚约,32,reject,[],文字与信息图形 / 婚约,仅包含抽象符号和纯文字，无稳定有用的场景或承载区域来源,screened
文字与信息图形,文字与信息图形 / 媒介 / 广播媒介,35,reject,[],广播媒介,广播媒介主要为抽象符号、纯文字或品牌标志，缺乏稳定有用的场景或承载区域来源。,screened
文字与信息图形,文字与信息图形 / 媒体,31,reject,[],媒体类内容,媒体类多为抽象符号、纯文字或品牌标志，缺乏稳定可用的场景或承载区域来源,screened
文字与信息图形,文字与信息图形 / 媒体与传播载体 / 宣传册,37,reject,[],宣传册作为媒体传播载体,宣传册属于抽象符号和纯文字内容，缺乏稳定、可编辑的场景或承载区域来源,screened
文字与信息图形,文字与信息图形 / 媒体与传播载体 / 广告牌,33,reject,[],广告牌作为信息传播载体,广告牌属于纯文字或符号表达，缺乏稳定、可编辑的场景或承载面来源,screened
文字与信息图形,文字与信息图形 / 媒体与传播载体 / 报刊版面,34,reject,[],报刊版面,主要为抽象符号和纯文字内容，缺乏稳定、可编辑的场景或承载区域来源。,screened
文字与信息图形,文字与信息图形 / 媒体与传播载体 / 海报,33,reject,[],海报作为媒体传播载体,海报属于抽象符号和纯文字内容，缺乏稳定、可编辑的场景或承载区域来源,screened
文字与信息图形,文字与信息图形 / 媒体与传播载体 / 电子屏幕,33,keep,"[""室内环境"", ""公共空间"", ""信息展示场景""]",电子屏幕在各类室内和公共空间中的展示场景,电子屏幕常见于室内和公共空间，提供稳定的信息展示来源，具有明确的场景和承载环境,screened
文字与信息图形,文字与信息图形 / 媒体与传播载体 / 社交媒体内容,29,reject,[],社交媒体内容,主要为抽象符号、纯文字或品牌标志，缺乏稳定有用的场景或承载区域来源,screened
文字与信息图形,文字与信息图形 / 导航图,36,reject,[],导航图,导航图通常为抽象符号或纯文字，缺乏稳定、可用的场景或承载区域来源。,screened
文字与信息图形,文字与信息图形 / 展品,35,hold,[],展品,仅凭分类名称无法确定是否存在稳定有用的场景或承载区域来源,screened
文字与信息图形,文字与信息图形 / 帖子,36,hold,[],文字与信息图形 / 帖子,仅凭分类名称无法确定是否存在稳定有用的场景或承载区域来源,screened
文字与信息图形,文字与信息图形 / 情报,35,reject,[],情报类文字与信息图形,情报类多为抽象符号、纯文字或品牌标志，缺乏稳定、可用的场景或承载区域来源,screened
文字与信息图形,文字与信息图形 / 感谢 / 迎接,85,reject,[],感谢或迎接类的文字与信息图形,该分类主要为抽象符号或纯文字，缺乏稳定、可用的场景或承载区域来源,screened
文字与信息图形,文字与信息图形 / 批准 / 允许,36,reject,[],文字与信息图形 / 批准 / 允许,该分类主要为抽象符号或纯文字，缺乏稳定、可用的场景或承载区域来源。,screened
文字与信息图形,文字与信息图形 / 批准 / 掌声,24,reject,[],批准类文字图形,掌声属于抽象符号，缺乏稳定有用的场景或承载区域来源,screened
文字与信息图形,文字与信息图形 / 批准 / 欢呼,38,reject,[],文字与信息图形 / 批准 / 欢呼,该分类主要为抽象符号或纯文字表达，缺乏稳定、可用的场景或承载区域来源。,screened
文字与信息图形,文字与信息图形 / 批准 / 识别,55,reject,[],文字与信息图形 / 批准 / 识别,该分类主要涉及抽象符号、纯文字和识别标识，缺乏稳定、可编辑的场景或承载区域来源。,screened
文字与信息图形,文字与信息图形 / 指南,40,reject,[],指南类文字与信息图形,指南类多为抽象符号或纯文字，缺乏稳定、可用的场景或承载区域来源,screened
文字与信息图形,文字与信息图形 / 指引,38,reject,[],指引类文字与信息图形,指引类通常为抽象符号或纯文字，缺乏稳定、可用的场景或承载区域来源,screened
文字与信息图形,文字与信息图形 / 指示 / 信的标志,31,reject,[],指示类符号和信的标志,该分类主要为抽象符号、纯文字或品牌标志，缺乏稳定、可用的场景或承载区域来源。,screened
文字与信息图形,文字与信息图形 / 指示 / 标记,145,reject,[],指示和标记类文字图形,主要为抽象符号、纯文字或品牌标志，缺乏稳定有用的场景或承载区域来源,screened
文字与信息图形,文字与信息图形 / 指示 / 症状,33,reject,[],指示与症状类文字图形,该分类主要为抽象符号、纯文字或医学描述，缺乏稳定、可编辑的场景或承载区域来源,screened
文字与信息图形,文字与信息图形 / 指示 / 线索,21,reject,[],指示和线索类文字图形,该分类主要为抽象符号、纯文字或品牌标志，缺乏稳定可用的场景或承载区域来源。,screened
文字与信息图形,文字与信息图形 / 指示 / 记录,141,reject,[],指示和记录类文字图形,该分类主要为抽象符号、纯文字或品牌标志，缺乏稳定、可用的场景或承载区域来源。,screened
文字与信息图形,文字与信息图形 / 指示 / 论据,36,reject,[],指示与论据类文字图形,该分类主要为抽象符号、纯文字或品牌标志，缺乏稳定、可用的场景或承载区域来源。,screened
文字与信息图形,文字与信息图形 / 指示 / 身份证明,67,reject,[],身份证明类文本或标识,该类别主要为抽象符号、纯文字或品牌标志，缺乏稳定、可用的场景或承载区域来源。,screened
文字与信息图形,文字与信息图形 / 接收,33,reject,[],文字与信息图形中的接收类内容,接收类多为抽象符号或纯文字，缺乏稳定、可用的场景或承载区域来源,screened
文字与信息图形,文字与信息图形 / 提案 / 劝告,30,reject,[],文字与信息图形中的提案和劝告类内容,该分类主要为抽象符号、纯文字或品牌标志，缺乏稳定、可编辑的场景或承载区域来源,screened
文字与信息图形,文字与信息图形 / 数字与编码,10,reject,[],数字与编码,主要为抽象符号或纯文字，缺乏稳定有用的场景或承载区域来源,screened
文字与信息图形,文字与信息图形 / 数字与编码 / 二维码,19,reject,[],数字与编码 / 二维码,二维码属于抽象符号，缺乏稳定有用的场景或承载区域来源,screened
文字与信息图形,文字与信息图形 / 数字与编码 / 价格,17,reject,[],价格相关数字信息图形,价格信息多为抽象符号或纯文字，缺乏稳定、可编辑的场景或承载区域来源,screened
文字与信息图形,文字与信息图形 / 数字与编码 / 序列号,18,reject,[],数字与编码序列,序列号多为抽象符号或纯文字，缺乏稳定可用的场景或承载区域来源,screened
文字与信息图形,文字与信息图形 / 数字与编码 / 数字,48,reject,[],数字作为符号或编码的抽象表示,数字主要作为抽象符号或编码存在，缺乏稳定、可编辑的场景或承载区域来源,screened
文字与信息图形,文字与信息图形 / 数字与编码 / 日期时间,20,reject,[],日期时间相关符号或文字,仅提供抽象符号和纯文字，缺乏稳定有用的场景或承载区域来源,screened
文字与信息图形,文字与信息图形 / 数字与编码 / 条形码,18,reject,[],条形码作为符号存在，无稳定场景或承载面,条形码属于抽象符号，缺乏稳定、可编辑的场景或承载环境来源,screened
文字与信息图形,文字与信息图形 / 数字界面 / 应用界面,33,hold,[],应用界面,仅凭分类名称无法确定是否存在稳定有用的场景或承载区域来源,screened
文字与信息图形,文字与信息图形 / 数字界面 / 手机界面,25,keep,"[""手机界面"", ""数字交互场景""]",手机界面及相关数字信息展示场景,手机界面常见于日常使用场景，提供稳定且丰富的可编辑环境和信息承载区域,screened
文字与信息图形,文字与信息图形 / 数字界面 / 控制面板,15,keep,"[""控制面板"", ""数字界面"", ""信息显示""]",包含各类数字界面中的控制面板场景，如设备操作界面、监控面板、人机交互界面等,控制面板常见于各类设备和系统中，提供稳定且可编辑的交互场景，具有明确的承载和操作环境,screened
文字与信息图形,文字与信息图形 / 数字界面 / 游戏界面,24,hold,[],数字界面和游戏界面的视觉呈现,仅凭分类名称无法确定是否存在稳定有用的场景或承载区域来源,screened
文字与信息图形,文字与信息图形 / 数字界面 / 电脑界面,29,keep,"[""数字界面"", ""电脑界面"", ""人机交互场景""]",包含电脑屏幕、操作界面、按钮、菜单、图标等数字交互元素的场景,电脑界面通常出现在办公、学习或日常使用场景中，具有稳定且广泛的场景来源,screened
文字与信息图形,文字与信息图形 / 数字界面 / 网站页面,33,keep,"[""数字界面"", ""网站页面"", ""信息展示""]",包含各类网站页面、数字界面中的信息展示场景,网站页面和数字界面具有稳定的场景来源，可作为信息展示和用户交互的承载环境,screened
文字与信息图形,文字与信息图形 / 数据库 / 列表,108,reject,[],数据库和列表相关的文字信息图形,该分类主要涉及抽象符号、纯文字和数据结构，缺乏稳定、可编辑的场景或承载区域来源,screened
文字与信息图形,文字与信息图形 / 数据项,36,reject,[],数据项,仅提供抽象符号或纯文字，缺乏稳定有用的场景或承载区域来源,screened
文字与信息图形,文字与信息图形 / 文字内容 / 书法文字,30,reject,[],书法文字,主要为抽象符号和纯文字内容，缺乏稳定有用的场景或承载区域来源,screened
文字与信息图形,文字与信息图形 / 文字内容 / 字幕,17,reject,[],文字内容/字幕,字幕属于抽象符号和纯文字，缺乏稳定有用的场景或承载区域来源,screened
文字与信息图形,文字与信息图形 / 文字内容 / 广告语,30,reject,[],广告语,广告语多为纯文字或符号，缺乏稳定、可用的场景或承载区域来源,screened
文字与信息图形,文字与信息图形 / 文字内容 / 手写文字,17,reject,[],手写文字,手写文字多为抽象符号或孤立特写，缺乏稳定、可用的场景或承载区域来源。,screened
文字与信息图形,文字与信息图形 / 文字内容 / 标语,57,reject,[],标语相关内容,标语多为抽象文字或品牌符号，缺乏稳定、可用的场景或承载区域来源,screened
文字与信息图形,文字与信息图形 / 文字内容 / 标题,69,reject,[],文字内容标题,仅提供抽象文字内容，缺乏稳定可用的场景或承载区域来源,screened
文字与信息图形,文字与信息图形 / 文字内容 / 正文,34,reject,[],文字内容,正文类内容多为抽象符号和纯文字，缺乏稳定、可编辑的场景或承载区域来源。,screened
文字与信息图形,文字与信息图形 / 新闻,24,reject,[],新闻类文字与信息图形,新闻类多为抽象符号、纯文字或品牌标志，缺乏稳定、可编辑的场景或承载区域来源,screened
文字与信息图形,文字与信息图形 / 新闻发布室,24,keep,"[""新闻发布室""]",新闻发布室中的文字与信息图形场景,新闻发布室是稳定存在的场景，包含明确的文字与信息图形来源，具备可编辑的承载面和环境结构。,screened
文字与信息图形,文字与信息图形 / 方向 / 处方,16,reject,[],方向与处方类文字信息图形,主要为抽象符号或纯文字，缺乏稳定可用的场景或承载区域来源,screened
文字与信息图形,文字与信息图形 / 方向 / 规则,23,reject,[],方向与规则类文字图形,主要为抽象符号或纯文字，缺乏稳定可用的场景或承载区域来源,screened
文字与信息图形,文字与信息图形 / 方向 / 配方,24,reject,[],方向与配方类文字信息图形,该分类主要为抽象符号、纯文字或品牌标识，缺乏稳定、可用的场景或承载区域来源,screened
文字与信息图形,文字与信息图形 / 日期格式 / 胶片规格,24,reject,[],日期格式和胶片规格的相关信息图形,该分类主要涉及抽象符号和纯文字，缺乏稳定、可编辑的场景或承载区域来源,screened
文字与信息图形,文字与信息图形 / 普通话,23,reject,[],普通话文字与信息图形,仅包含抽象文字符号，缺乏稳定、可编辑的场景或承载区域来源,screened
文字与信息图形,文字与信息图形 / 机智 / 笑料,22,reject,[],仅包含文字与信息图形中的机智和笑话内容,该分类主要为抽象符号和纯文字内容，缺乏稳定、可编辑的场景或承载区域来源,screened
文字与信息图形,文字与信息图形 / 标志 / 停车标志,23,reject,[],停车标志相关的文字与信息图形,停车标志属于抽象符号和纯文字，缺乏稳定、可用的场景或承载区域来源,screened
文字与信息图形,文字与信息图形 / 标志 / 安全出口标志,21,reject,[],安全出口标志,仅提供抽象符号和品牌标志，缺乏稳定有用的场景或承载区域来源,screened
文字与信息图形,文字与信息图形 / 标志 / 安全标志,24,reject,[],安全标志,主要为抽象符号或纯文字，缺乏稳定有用的场景或承载区域来源,screened
文字与信息图形,文字与信息图形 / 标志 / 指示板,21,reject,[],标志和指示板,主要为抽象符号或纯文字，缺乏稳定有用的场景或承载区域来源,screened
文字与信息图形,文字与信息图形 / 标志 / 指示牌,20,reject,[],标志和指示牌,主要为抽象符号或纯文字，缺乏稳定有用的场景或承载区域来源,screened
文字与信息图形,文字与信息图形 / 标志 / 禁止标志,21,reject,[],禁止标志,仅提供抽象符号和纯文字，缺乏稳定有用的场景或承载区域来源,screened
文字与信息图形,文字与信息图形 / 标志 / 街道标志,23,reject,[],街道标志,主要为抽象符号或纯文字，缺乏稳定有用的场景或承载区域来源,screened
文字与信息图形,文字与信息图形 / 标志 / 警告标志,45,reject,[],警告标志,仅提供抽象符号和纯文字，缺乏稳定有用的场景或承载区域来源,screened
文字与信息图形,文字与信息图形 / 标志 / 路标,15,reject,[],路标等信息图形,主要为抽象符号或纯文字，缺乏稳定有用的场景或承载区域来源,screened
文字与信息图形,文字与信息图形 / 标志 / 道路标志,58,reject,[],道路标志,仅提供抽象符号和孤立小物特写，缺乏稳定有用的场景或承载区域来源。,screened
文字与信息图形,文字与信息图形 / 标志 / 霓虹灯牌,18,reject,[],霓虹灯牌作为符号或装饰性元素出现的场景,该类别主要为抽象符号和纯文字，缺乏稳定、可用的场景或承载区域来源,screened
文字与信息图形,文字与信息图形 / 标题文字,23,reject,[],标题文字,仅提供抽象符号和纯文字，无稳定有用的场景或承载区域来源,screened
文字与信息图形,文字与信息图形 / 案卷 / 存折,20,reject,[],文字与信息图形 / 案卷 / 存折,该分类主要为抽象符号和纯文字，缺乏稳定有用的场景或承载区域来源。,screened
文字与信息图形,文字与信息图形 / 案卷 / 支票本,25,reject,[],支票本作为文字与信息图形的载体，通常出现在办公或财务场景中,支票本属于抽象符号和文字载体，缺乏稳定、可编辑的场景或承载面来源，仅作为文字信息的物理形式存在，不符合有实际场景支撑的环境类分类标准,screened
文字与信息图形,文字与信息图形 / 正文文字,23,reject,[],正文文字,正文文字属于抽象符号和纯文字，缺乏稳定有用的场景或承载区域来源。,screened
文字与信息图形,文字与信息图形 / 求婚,16,reject,[],文字与信息图形 / 求婚,该分类主要为抽象符号或纯文字，缺乏稳定、可用的场景或承载区域来源。,screened
文字与信息图形,文字与信息图形 / 法律文件 / 书面协议,22,reject,[],法律文件和书面协议的文本内容,该类别主要提供抽象符号和纯文字，缺乏稳定、可用的场景或承载区域来源。,screened
文字与信息图形,文字与信息图形 / 法律文件 / 执照,21,reject,[],法律文件和执照的文本内容,执照属于抽象符号和纯文字，缺乏稳定、可编辑的场景或承载区域来源,screened
文字与信息图形,文字与信息图形 / 法律文件 / 条例,19,reject,[],法律文件/条例的文本内容,主要为抽象符号和纯文字，缺乏稳定有用的场景或承载区域来源,screened
文字与信息图形,文字与信息图形 / 法律文件 / 流通票据,37,reject,[],法律文件和流通票据的文本信息,该类别主要为抽象符号和纯文字，缺乏稳定、可编辑的场景或承载区域来源。,screened
文字与信息图形,文字与信息图形 / 法律文件 / 股票,17,reject,[],法律文件和股票相关的文字与信息图形,该分类主要涉及抽象符号、纯文字和品牌标志，缺乏稳定、可用的场景或承载区域来源。,screened
文字与信息图形,文字与信息图形 / 法律文件 / 账单,17,reject,[],法律文件和账单的文本内容,账单和法律文件多为抽象符号、纯文字或品牌标志，缺乏稳定、可编辑的场景或承载区域来源,screened
文字与信息图形,文字与信息图形 / 疤痕,26,reject,[],文字与信息图形 / 疤痕,疤痕属于抽象符号或纯文字，缺乏稳定有用的场景或承载区域来源。,screened
文字与信息图形,文字与信息图形 / 疼痛 / 烧,23,reject,[],疼痛/烧相关的文字与信息图形,该分类主要为抽象符号或纯文字表达，缺乏稳定、可用的场景或承载区域来源,screened
文字与信息图形,文字与信息图形 / 票据,20,reject,[],票据类信息图形,票据属于抽象符号和纯文字，缺乏稳定、可用的场景或承载区域来源,screened
文字与信息图形,文字与信息图形 / 科学图形 / 关系图,31,reject,[],科学图形中的关系图,关系图通常为抽象符号或纯文字，缺乏稳定、可用的场景或承载区域来源,screened
文字与信息图形,文字与信息图形 / 科学图形 / 化学结构式,19,reject,[],化学结构式,主要为抽象符号和纯文字，缺乏稳定有用的场景或承载区域来源,screened
文字与信息图形,文字与信息图形 / 科学图形 / 工程图纸,17,reject,[],工程图纸,主要为抽象符号和纯文字，缺乏稳定有用的场景或承载区域来源,screened
文字与信息图形,文字与信息图形 / 科学图形 / 思维导图,22,reject,[],科学图形和思维导图类信息图形,主要为抽象符号和纯文字构成，缺乏稳定、可编辑的场景或承载区域来源,screened
文字与信息图形,文字与信息图形 / 科学图形 / 折线图,24,reject,[],折线图作为科学图形的抽象符号,折线图属于抽象符号和纯文字表达，缺乏稳定、可编辑的场景或承载区域来源,screened
文字与信息图形,文字与信息图形 / 科学图形 / 散点图,23,reject,[],科学图形中的散点图,散点图属于抽象符号和纯文字表达，缺乏稳定、可编辑的场景或承载环境来源,screened
文字与信息图形,文字与信息图形 / 科学图形 / 数学公式,16,reject,[],科学图形和数学公式,主要为抽象符号和纯文字，缺乏稳定、可用的场景或承载区域来源,screened
文字与信息图形,文字与信息图形 / 科学图形 / 时间轴,27,reject,[],科学图形中的时间轴,时间轴属于抽象符号和纯文字表达，缺乏稳定、可编辑的场景或承载区域来源,screened
文字与信息图形,文字与信息图形 / 科学图形 / 柱状图,23,reject,[],科学图形中的柱状图,柱状图属于抽象符号和纯文字表达，缺乏稳定、可编辑的场景或承载区域来源,screened
文字与信息图形,文字与信息图形 / 科学图形 / 流程图,37,reject,[],科学图形中的流程图,流程图多为抽象符号和文字组合，缺乏稳定、可编辑的场景或承载区域来源,screened
文字与信息图形,文字与信息图形 / 科学图形 / 热力图,23,reject,[],科学图形中的热力图,热力图多为抽象符号或纯文字表达，缺乏稳定、可编辑的场景或承载区域来源,screened
文字与信息图形,文字与信息图形 / 科学图形 / 物理示意图,16,reject,[],科学图形中的物理示意图,主要为抽象符号和纯文字表达，缺乏稳定、可编辑的场景或承载区域来源,screened
文字与信息图形,文字与信息图形 / 科学图形 / 甘特图,23,reject,[],科学图形中的甘特图,甘特图属于抽象符号和纯文字图形，缺乏稳定、可编辑的场景或承载环境来源,screened
文字与信息图形,文字与信息图形 / 科学图形 / 生物结构图,20,reject,[],科学图形中的生物结构图,主要为抽象符号和纯文字表达，缺乏稳定、可用的场景或承载区域来源,screened
文字与信息图形,文字与信息图形 / 科学图形 / 直方图,23,reject,[],直方图作为科学图形的抽象符号,直方图属于抽象符号和纯文字图形，缺乏稳定、可编辑的场景或承载区域来源,screened
文字与信息图形,文字与信息图形 / 科学图形 / 雷达图,23,reject,[],科学图形中的雷达图,雷达图属于抽象符号和纯文字图形，缺乏稳定、可用的场景或承载区域来源,screened
文字与信息图形,文字与信息图形 / 科学图形 / 面积图,23,reject,[],科学图形中的面积图,面积图通常为抽象符号或纯文字表达，缺乏稳定、可编辑的场景或承载区域来源,screened
文字与信息图形,文字与信息图形 / 科学图形 / 饼图,23,reject,[],科学图形中的饼图,饼图属于抽象符号和纯文字图形，缺乏稳定、可用的场景或承载区域来源,screened
文字与信息图形,文字与信息图形 / 移动应用界面,22,reject,[],移动应用界面,主要为抽象符号和纯文字，缺乏稳定有用的场景或承载区域来源,screened
文字与信息图形,文字与信息图形 / 符号 / 应用图标,20,reject,[],符号和应用图标,主要为抽象符号、纯文字或品牌标志，缺乏稳定有用的场景或承载区域来源,screened
文字与信息图形,文字与信息图形 / 符号 / 徽记,17,reject,[],符号和徽记类信息图形,主要为抽象符号、纯文字或品牌标志，缺乏稳定有用的场景或承载区域来源,screened
文字与信息图形,文字与信息图形 / 网页,22,hold,[],网页,仅凭分类名称无法确定是否存在稳定有用的场景或承载区域来源,screened
文字与信息图形,文字与信息图形 / 耳鸣相关,23,reject,[],耳鸣相关的信息图形,该类别主要为抽象符号或纯文字，缺乏稳定、可用的场景或承载区域来源。,screened
文字与信息图形,文字与信息图形 / 自然语言 / 印欧语系,45,reject,[],印欧语系自然语言文本,该分类主要涉及语言体系和文字符号，缺乏稳定、可编辑的场景或承载环境来源。,screened
文字与信息图形,文字与信息图形 / 自然语言 / 尼日尔-科尔多凡语系,23,reject,[],尼日尔-科尔多凡语系的文字与信息图形,该类别主要涉及抽象语言体系，缺乏稳定、可编辑的场景或承载环境来源。,screened
文字与信息图形,文字与信息图形 / 自然语言 / 汉藏语系,20,reject,[],汉藏语系自然语言,该分类主要涉及语言符号和文字系统，缺乏稳定、可编辑的场景或承载环境来源。,screened
文字与信息图形,文字与信息图形 / 行格,38,reject,[],行格作为文字与信息图形的构成元素,行格属于抽象符号和纯文字构成，缺乏稳定、可用的场景或承载区域来源,screened
文字与信息图形,文字与信息图形 / 表格,30,reject,[],表格作为文字与信息图形的抽象符号或纯文字表达,表格主要表现为抽象符号或纯文字结构，缺乏稳定、可编辑的场景或承载区域来源,screened
文字与信息图形,文字与信息图形 / 表格 / 数据表格,27,reject,[],数据表格,仅提供抽象符号和纯文字内容，缺乏稳定有用的场景或承载区域来源,screened
文字与信息图形,文字与信息图形 / 表现风格 / 写作风格,24,reject,[],写作风格相关的内容,写作风格属于抽象符号和文字表达，缺乏稳定、可编辑的场景或承载环境来源,screened
文字与信息图形,文字与信息图形 / 表现风格 / 音乐流派,163,reject,[],音乐流派,音乐流派主要为抽象符号和纯文字，缺乏稳定、可用的场景或承载区域来源。,screened
文字与信息图形,文字与信息图形 / 装饰,37,hold,[],文字与信息图形 / 装饰,仅凭分类名称无法确定是否存在稳定有用的场景或承载区域来源,screened
文字与信息图形,文字与信息图形 / 视觉传达 / 图表,20,reject,[],图表类视觉传达内容,主要为抽象符号、纯文字或品牌标志，缺乏稳定可用的场景或承载区域来源,screened
文字与信息图形,文字与信息图形 / 视觉传达 / 展示,27,reject,[],文字与信息图形 / 视觉传达 / 展示,该分类主要涉及抽象符号、纯文字或品牌标志，缺乏稳定、可用的场景或承载区域来源。,screened
文字与信息图形,文字与信息图形 / 视觉传达 / 手势,23,reject,[],手势类视觉传达,仅包含抽象符号和孤立手势特写，缺乏稳定可用的场景或承载区域来源,screened
文字与信息图形,文字与信息图形 / 计算工具,25,hold,[],计算工具类信息图形,仅凭分类名称无法确定是否存在稳定有用的场景或承载区域来源,screened
文字与信息图形,文字与信息图形 / 证件与票据,20,reject,[],证件与票据,主要为抽象符号和纯文字，缺乏稳定有用的场景或承载区域来源,screened
文字与信息图形,文字与信息图形 / 证件与票据 / 发票,28,reject,[],证件与票据/发票,发票属于纯文字符号和品牌标志，缺乏稳定有用的场景或承载区域来源。,screened
文字与信息图形,文字与信息图形 / 证件与票据 / 合同,26,reject,[],证件与票据、合同等文本类信息图形,合同和证件多为抽象符号或纯文字，缺乏稳定、可编辑的场景或承载区域来源,screened
文字与信息图形,文字与信息图形 / 证件与票据 / 护照,24,reject,[],证件与票据类文本信息,护照属于抽象符号和纯文字，缺乏稳定、可用的场景或承载区域来源,screened
文字与信息图形,文字与信息图形 / 证件与票据 / 证书,29,reject,[],证件与票据/证书,主要为抽象符号、纯文字或品牌标志，缺乏稳定有用的场景或承载区域来源,screened
文字与信息图形,文字与信息图形 / 证件与票据 / 身份证件,28,reject,[],证件与票据,身份证明类多为纯文字符号或品牌标志，缺乏稳定、可编辑的场景或承载区域来源,screened
文字与信息图形,文字与信息图形 / 证件与票据 / 车票,24,reject,[],车票作为证件类信息图形，通常出现在公共交通站点、售票窗口或乘车场景中,车票属于抽象符号和纯文字信息，缺乏稳定、可编辑的场景或承载面来源，无法提供有效的视觉环境支持,screened
文字与信息图形,文字与信息图形 / 证件与票据 / 银行卡,23,reject,[],银行卡作为证件类信息图形,银行卡属于纯文字与符号标识，缺乏稳定、可编辑的场景或承载环境来源,screened
文字与信息图形,文字与信息图形 / 证件与票据 / 门票,21,reject,[],证件与票据、门票等文本信息图形,门票和证件多为抽象符号或纯文字，缺乏稳定、可编辑的场景或承载区域来源,screened
文字与信息图形,文字与信息图形 / 询问,27,reject,[],文字与信息图形 / 询问,仅包含抽象符号和纯文字，缺乏稳定有用的场景或承载区域来源,screened
文字与信息图形,文字与信息图形 / 铭牌,67,reject,[],铭牌类文字信息图形,铭牌多为抽象符号或纯文字，缺乏稳定有用的场景或承载区域来源,screened
文字与信息图形,文字与信息图形 / 陈述 / 公告,51,reject,[],陈述类文字与公告信息,该分类主要为抽象符号、纯文字或品牌标志，缺乏稳定、可用的场景或承载区域来源,screened
文字与信息图形,文字与信息图形 / 陈述 / 协定,56,reject,[],陈述与协定类文字信息,该分类主要为抽象符号、纯文字或品牌标志，缺乏稳定、可编辑的场景或承载区域来源。,screened
文字与信息图形,文字与信息图形 / 陈述 / 大意,29,reject,[],陈述类文字与信息图形,该分类主要为抽象符号或纯文字表达，缺乏稳定、可编辑的场景或承载区域来源,screened
文字与信息图形,文字与信息图形 / 陈述 / 描述,55,reject,[],仅包含文字与信息图形的陈述或描述,该分类主要为抽象符号和纯文字，缺乏稳定、可编辑的场景或承载区域来源,screened
文字与信息图形,文字与信息图形 / 陈述 / 注解,20,reject,[],陈述与注解类文字信息,该分类主要为抽象符号、纯文字或品牌标志，缺乏稳定、可用的场景或承载区域来源。,screened
文字与信息图形,文字与信息图形 / 陈述 / 缘故,22,reject,[],仅包含文字性陈述或解释性内容,该分类主要为抽象文字表达，缺乏稳定、可编辑的场景或承载环境来源,screened
文字与信息图形,文字与信息图形 / 陈述 / 虚假,19,reject,[],虚假陈述类文字与信息图形,该类别主要为抽象符号和纯文字内容，缺乏稳定、可编辑的场景或承载区域来源。,screened
文字与信息图形,文字与信息图形 / 高程图,118,reject,[],高程图作为抽象符号或纯文字表达，无稳定场景或承载区域来源,高程图主要为抽象符号和纯文字表达，缺乏稳定、可编辑的场景或承载环境来源,screened
时间数量与度量,时间数量与度量 / 一定量 / 复数,60,hold,[],时间数量与度量 / 一定量 / 复数,仅凭分类名称无法确定其是否包含稳定有用的场景或承载区域来源。,screened
时间数量与度量,时间数量与度量 / 一定量 / 整数,161,hold,[],时间数量与度量中的整数概念,仅凭分类名称无法确定是否存在稳定有用的场景或承载区域来源,screened
时间数量与度量,时间数量与度量 / 一定量 / 根,32,hold,[],时间数量与度量 / 一定量 / 根,仅凭'根'无法确定稳定场景或承载环境来源，缺乏明确的物理场景或可编辑结构。,screened
时间数量与度量,时间数量与度量 / 一笔钱,26,reject,[],时间数量与度量 / 一笔钱,该分类主要涉及抽象符号和纯文字表达，缺乏稳定、可编辑的场景或承载区域来源。,screened
时间数量与度量,时间数量与度量 / 三重奏,24,hold,[],时间数量与度量 / 三重奏,分类名称缺乏明确的场景或承载环境来源，无法确定其对应的稳定场景或可编辑环境结构。,screened
时间数量与度量,时间数量与度量 / 不定量 / 一容器之量,190,reject,[],不定量与容器量的抽象表达,该分类主要涉及抽象度量概念，缺乏稳定、具体的场景或承载环境来源，仅表现为符号或文字表达，无实际可编辑的物理场景支撑,screened
时间数量与度量,时间数量与度量 / 不定量 / 供应,33,reject,[],时间数量与度量 / 不定量 / 供应,该分类主要涉及抽象概念和符号，缺乏稳定、具体的场景或承载环境来源。,screened
时间数量与度量,时间数量与度量 / 不定量 / 大的不定量,66,hold,[],时间数量与度量 / 不定量 / 大的不定量,仅凭分类名称无法确定是否存在稳定有用的场景或承载区域来源。,screened
时间数量与度量,时间数量与度量 / 不定量 / 少量,420,hold,[],时间数量与度量 / 不定量 / 少量,仅凭分类名称无法确定是否存在稳定有用的场景或承载区域来源。,screened
时间数量与度量,时间数量与度量 / 不定量 / 局限,20,reject,[],不限定具体场景,该类别主要涉及抽象概念和符号，缺乏稳定、可编辑的场景或承载环境来源。,screened
时间数量与度量,时间数量与度量 / 丛生植物,35,hold,[],时间数量与度量 / 丛生植物,仅凭分类名称无法确定是否存在稳定有用的场景或承载区域来源。,screened
时间数量与度量,时间数量与度量 / 企业职能团队,20,hold,[],企业职能团队,仅凭分类名称无法确定具体场景或稳定来源，缺乏明确的场景或承载环境支持。,screened
时间数量与度量,时间数量与度量 / 体积单位 / 一品脱的量,21,reject,[],体积单位,一品脱的量属于抽象度量单位，缺乏稳定、具体的场景或承载环境来源。,screened
时间数量与度量,时间数量与度量 / 体积单位 / 液体单位,63,reject,[],体积单位和液体单位的度量符号或文字表示,该分类主要为抽象符号和文字表达，缺乏稳定、可编辑的场景或承载环境来源,screened
时间数量与度量,时间数量与度量 / 体育竞赛,28,hold,[],时间数量与度量 / 体育竞赛,仅凭分类名称无法确定是否存在稳定有用的场景或承载区域来源。,screened
时间数量与度量,时间数量与度量 / 侏儒雕像,25,reject,[],时间数量与度量 / 侏儒雕像,侏儒雕像属于抽象符号和孤立小物特写，缺乏稳定有用的场景或承载区域来源。,screened
时间数量与度量,时间数量与度量 / 全体机务人员 / 全体船员,21,hold,[],全体机务人员和全体船员的组织与职责范围,仅凭分类名称无法确定具体场景或稳定来源，缺乏明确的场景或承载环境支持,screened
时间数量与度量,时间数量与度量 / 公制单位 / 公制重量单位,21,keep,"[""实验室"", ""厨房"", ""商业称重场景""]",涉及公制重量单位的测量场景，如厨房称重、实验室称量、商品零售称重等,公制重量单位在多种日常和专业场景中具有稳定且实用的来源，如厨房、实验室和商业称重环境,screened
时间数量与度量,时间数量与度量 / 公制单位 / 公制长度单位,21,keep,"[""测量场景"", ""实验室环境"", ""工程图纸""]",涉及长度度量的测量场景和相关环境,公制长度单位常出现在测量、工程和实验室等具有稳定测量场景的环境中，具备明确的实用来源。,screened
时间数量与度量,时间数量与度量 / 共同属性,21,hold,[],时间数量与度量 / 共同属性,仅凭分类名称无法确定其具体场景或是否存在稳定有用的来源,screened
时间数量与度量,时间数量与度量 / 军事力量 / 军队单位,40,reject,[],军队单位,军队单位主要提供抽象符号和文字标识，缺乏稳定、可编辑的场景或承载区域来源。,screened
时间数量与度量,时间数量与度量 / 农家住所,22,keep,"[""农村住宅"", ""农业生活场景"", ""传统居住环境""]",农家住所相关的居住空间和生活场景,农家住所通常存在于农村或农业区域，具有稳定的居住场景和承载环境，适合提供可编辑的居住空间参考。,screened
时间数量与度量,时间数量与度量 / 分子 / 大分子,82,reject,[],分子及大分子相关度量,该分类主要涉及抽象科学概念，缺乏稳定、可编辑的场景或承载环境来源。,screened
时间数量与度量,时间数量与度量 / 功率单位,28,reject,[],功率单位,功率单位通常为抽象符号或纯文字，缺乏稳定有用的场景或承载区域来源,screened
时间数量与度量,时间数量与度量 / 动物群,38,hold,[],时间数量与度量 / 动物群,仅凭分类名称无法确定是否存在稳定有用的场景或承载区域来源,screened
时间数量与度量,时间数量与度量 / 动物鸣叫声,20,reject,[],动物鸣叫声,该分类主要为抽象声音符号，缺乏稳定、可用的场景或承载环境来源。,screened
时间数量与度量,时间数量与度量 / 压力单位,21,reject,[],压力单位,压力单位通常为抽象符号或纯文字，缺乏稳定有用的场景或承载区域来源,screened
时间数量与度量,时间数量与度量 / 原核生物,21,reject,[],原核生物,该分类属于生物学术范畴，缺乏稳定、非偶然的场景或承载环境来源，主要为抽象符号或文字描述，无实际可编辑的环境结构。,screened
时间数量与度量,时间数量与度量 / 吉祥物形象,20,reject,[],吉祥物形象,该分类主要涉及抽象符号和孤立形象，缺乏稳定、可用的场景或承载环境来源。,screened
时间数量与度量,时间数量与度量 / 基本量 / 一段时间,1017,reject,[],一段时间,该分类仅涉及抽象的时间度量，缺乏稳定、具体的场景或承载环境来源。,screened
时间数量与度量,时间数量与度量 / 夜空天体,31,hold,[],时间数量与度量 / 夜空天体,仅凭分类名称无法确定是否存在稳定有用的场景或承载区域来源。,screened
时间数量与度量,时间数量与度量 / 大型动物,37,reject,[],大型动物,该类别主要涉及抽象度量概念，缺乏稳定、可用的场景或承载环境来源。,screened
时间数量与度量,时间数量与度量 / 定期付款,30,reject,[],定期付款相关的时间与度量场景,该分类主要涉及抽象的时间度量和金融概念，缺乏稳定、可编辑的场景或承载环境来源。,screened
时间数量与度量,时间数量与度量 / 寄生生物 / 寄生植物,30,reject,[],寄生植物相关度量,寄生植物属于抽象符号和特定生物类别，缺乏稳定、普遍的场景或承载环境来源,screened
时间数量与度量,时间数量与度量 / 寄生菌,37,reject,[],时间数量与度量 / 寄生菌,寄生菌属于生物类别，缺乏稳定、非偶然的场景或承载区域来源，主要为抽象符号或文字描述，无明确可编辑环境结构。,screened
时间数量与度量,时间数量与度量 / 密度单位,30,reject,[],密度单位,密度单位通常为抽象符号或纯文字，缺乏稳定有用的场景或承载区域来源。,screened
时间数量与度量,时间数量与度量 / 少量物品,21,hold,[],少量物品的场景,仅凭分类名称无法确定是否存在稳定有用的场景或承载区域来源,screened
时间数量与度量,时间数量与度量 / 尺,33,keep,"[""测量场景"", ""工作环境""]",涉及长度、尺寸等度量的场景，如建筑、工程、实验室等,尺作为度量工具，常见于测量场景和工作环境中，具有稳定且广泛的来源,screened
时间数量与度量,时间数量与度量 / 屏幕截图,43,reject,[],屏幕截图,仅提供抽象符号和纯文字，缺乏稳定有用的场景或承载区域来源,screened
时间数量与度量,时间数量与度量 / 岩石地层,37,hold,[],时间数量与度量 / 岩石地层,仅凭分类名称无法确定是否存在稳定有用的场景或承载区域来源。,screened
时间数量与度量,时间数量与度量 / 底栖生物,35,hold,[],时间数量与度量 / 底栖生物,仅凭分类名称无法确定是否存在稳定有用的场景或承载区域来源。,screened
时间数量与度量,时间数量与度量 / 度量 / 体重秤,21,keep,"[""室内场所"", ""家庭环境"", ""健康监测场景""]",体重秤常见于家庭、医疗或健身环境中，提供体重测量功能,体重秤通常出现在家庭、医院或健身场所，具有稳定的使用场景和承载面，可作为可编辑环境的一部分,screened
时间数量与度量,时间数量与度量 / 度量 / 标准,193,reject,[],标准,该分类主要涉及抽象符号和纯文字，缺乏稳定、可用的场景或承载区域来源。,screened
时间数量与度量,时间数量与度量 / 延期手续,21,reject,[],时间数量与度量 / 延期手续,该分类主要涉及抽象的时间和行政流程，缺乏稳定、可编辑的场景或承载环境来源。,screened
时间数量与度量,时间数量与度量 / 微动物,23,hold,[],时间数量与度量 / 微动物,仅凭分类名称无法确定是否存在稳定有用的场景或承载区域来源,screened
时间数量与度量,时间数量与度量 / 挑拣物品,25,hold,[],时间数量与度量 / 挑拣物品,仅凭分类名称无法确定是否存在稳定有用的场景或承载区域来源,screened
时间数量与度量,时间数量与度量 / 支付凭证,21,reject,[],支付凭证,该类别主要涉及抽象符号、纯文字或品牌标志，缺乏稳定、可用的场景或承载区域来源。,screened
时间数量与度量,时间数量与度量 / 收入凭证,25,reject,[],收入凭证,该类别主要涉及抽象符号、纯文字或品牌标志，缺乏稳定有用的场景或承载区域来源。,screened
时间数量与度量,时间数量与度量 / 政府机构,26,hold,[],政府机构,仅凭分类名称无法确定是否存在稳定有用的场景或承载区域来源,screened
时间数量与度量,时间数量与度量 / 政治单位 / 部落,22,hold,[],政治单位与部落的相关概念,仅凭分类名称无法确定是否存在稳定有用的场景或承载区域来源,screened
时间数量与度量,时间数量与度量 / 无维管生物 / 苔藓植物,46,hold,[],时间数量与度量 / 无维管生物 / 苔藓植物,仅凭分类名称无法确定是否存在稳定有用的场景或承载区域来源。,screened
时间数量与度量,时间数量与度量 / 日光现象,26,keep,"[""自然环境"", ""日间场景""]",日光现象在自然环境中的表现，如白天、阳光照射的场景,日光现象在自然环境中具有稳定且持续的来源，能提供明确的场景和光照条件,screened
时间数量与度量,时间数量与度量 / 旧物,25,hold,[],时间数量与度量 / 旧物,仅凭分类名称无法确定是否存在稳定有用的场景或承载区域来源。,screened
时间数量与度量,时间数量与度量 / 时尚风格,24,hold,[],时尚风格,仅凭分类名称无法确定是否存在稳定有用的场景或承载区域来源,screened
时间数量与度量,时间数量与度量 / 时间单位 / 24小时,50,reject,[],时间单位中的24小时制,该分类仅涉及抽象时间单位，缺乏稳定、具体的场景或承载环境来源,screened
时间数量与度量,时间数量与度量 / 时间单位 / 世纪,29,reject,[],时间单位 / 世纪,世纪作为抽象时间单位，缺乏稳定、具体的场景或承载环境来源，仅存在于文本或符号中，无实际可编辑的物理场景支持。,screened
时间数量与度量,时间数量与度量 / 时间单位 / 分,20,keep,"[""时间标注场景"", ""日常计时环境""]",涉及时间单位‘分’的日常使用场景，如钟表、计时器、时间表等,‘分’作为时间单位在多种日常场景中具有稳定且可编辑的来源，如钟表显示、时间安排表等，能提供明确的场景和承载面。,screened
时间数量与度量,时间数量与度量 / 时间单位 / 十年,28,reject,[],时间单位中的‘十年’作为度量标准,‘十年’属于抽象时间单位，缺乏稳定、可编辑的场景或承载环境来源，仅作为符号或文字存在，无法提供实际的视觉场景支持,screened
时间数量与度量,时间数量与度量 / 时间单位 / 周,27,keep,"[""工作场所"", ""日常生活""]",与周相关的日常安排、日程规划、时间管理场景,周作为时间单位广泛应用于日程安排和生活节奏中，具有稳定且普遍的场景来源,screened
时间数量与度量,时间数量与度量 / 时间单位 / 小时,20,reject,[],时间单位中的小时,小时作为时间单位主要表现为抽象符号或文字，缺乏稳定、可编辑的场景或承载区域来源,screened
时间数量与度量,时间数量与度量 / 时间单位 / 年,28,reject,[],时间单位中的‘年’作为度量标准,‘年’是抽象的时间单位，缺乏稳定、具体的场景或承载环境来源，仅作为符号存在，无法提供可编辑的环境结构或实际场景支撑,screened
时间数量与度量,时间数量与度量 / 时间单位 / 月,27,reject,[],时间单位/月,月作为时间单位主要表现为抽象符号或文字，缺乏稳定、可编辑的场景或承载区域来源。,screened
时间数量与度量,时间数量与度量 / 时间单位 / 毫秒,21,reject,[],时间单位毫秒,毫秒作为时间单位主要呈现为抽象符号或文字，缺乏稳定、可编辑的场景或承载环境来源。,screened
时间数量与度量,时间数量与度量 / 时间单位 / 秒,18,reject,[],时间单位中的秒,秒作为时间单位主要表现为抽象符号或文字，缺乏稳定、可编辑的场景或承载区域来源,screened
时间数量与度量,时间数量与度量 / 时间间隔 / 循环,23,hold,[],时间间隔与循环的度量场景,仅凭分类名称无法确定是否存在稳定有用的场景或承载区域来源,screened
时间数量与度量,时间数量与度量 / 时间间隔 / 漂浮物,25,reject,[],时间间隔与漂浮物,该分类主要涉及抽象的时间概念和漂浮物，缺乏稳定、可编辑的场景或承载区域来源。,screened
时间数量与度量,时间数量与度量 / 晚霞景象,25,hold,[],时间数量与度量 / 晚霞景象,仅凭分类名称无法确定是否存在稳定有用的场景或承载区域来源。,screened
时间数量与度量,时间数量与度量 / 测量仪器,28,keep,"[""实验室环境"", ""工作场所"", ""测量场景""]",测量仪器在科学实验、工业生产或日常测量中的使用场景,测量仪器常出现在实验室、工厂或工作环境中，提供稳定且可编辑的场景和承载面,screened
时间数量与度量,时间数量与度量 / 浮游生物,23,reject,[],时间数量与度量 / 浮游生物,浮游生物属于生物样本，通常以显微镜下特写或实验室环境呈现，缺乏稳定、通用的场景或承载面来源，不符合环境类场景的可编辑性要求。,screened
时间数量与度量,时间数量与度量 / 温度单位,28,reject,[],温度单位,温度单位通常为抽象符号或纯文字，缺乏稳定有用的场景或承载区域来源,screened
时间数量与度量,时间数量与度量 / 玉石,24,reject,[],时间数量与度量 / 玉石,玉石属于具体物品，缺乏稳定、通用的场景或承载环境来源，主要为抽象符号或孤立特写，不符合可编辑环境结构要求。,screened
时间数量与度量,时间数量与度量 / 相对值 / 什么也没有,27,reject,[],相对值中的‘什么也没有’,该分类属于抽象符号和空值概念，缺乏稳定、可编辑的场景或承载区域来源,screened
时间数量与度量,时间数量与度量 / 相对值 / 填充,28,hold,[],时间数量与度量中的相对值填充,仅凭分类名称无法确定其具体场景或是否存在稳定有用的来源,screened
时间数量与度量,时间数量与度量 / 站立姿态,26,hold,[],时间数量与度量 / 站立姿态,仅凭分类名称无法确定是否存在稳定有用的场景或承载区域来源,screened
时间数量与度量,时间数量与度量 / 线性单位 / 码,27,reject,[],线性单位‘码’的度量符号,‘码’作为线性单位主要呈现为抽象符号或文字，缺乏稳定、可编辑的场景或承载区域来源,screened
时间数量与度量,时间数量与度量 / 线性单位 / 英寸,29,reject,[],线性单位英寸的符号或文字表示,英寸主要作为抽象度量单位出现，缺乏稳定、可编辑的场景或承载区域来源,screened
时间数量与度量,时间数量与度量 / 细胞 / 体细胞,89,hold,[],细胞/体细胞相关类别,仅凭分类名称无法确定是否存在稳定有用的场景或承载区域来源,screened
时间数量与度量,时间数量与度量 / 细胞 / 生殖细胞,31,hold,[],细胞/生殖细胞相关类别,仅凭分类名称无法确定是否存在稳定有用的场景或承载区域来源,screened
时间数量与度量,时间数量与度量 / 细胞 / 纤维,31,hold,[],时间数量与度量 / 细胞 / 纤维,仅凭分类名称无法确定是否存在稳定有用的场景或承载区域来源。,screened
时间数量与度量,时间数量与度量 / 能量单位,30,reject,[],能量单位,能量单位通常为抽象符号或纯文字，缺乏稳定有用的场景或承载区域来源,screened
时间数量与度量,时间数量与度量 / 脉搏现象,25,reject,[],时间数量与度量 / 脉搏现象,该分类主要涉及抽象符号和纯文字描述，缺乏稳定、可编辑的场景或承载区域来源。,screened
时间数量与度量,时间数量与度量 / 腐生生物,34,reject,[],时间数量与度量 / 腐生生物,该类别主要涉及抽象度量和生物概念，缺乏稳定、可编辑的场景或承载环境来源。,screened
时间数量与度量,时间数量与度量 / 蚁栖动物,35,hold,[],时间数量与度量 / 蚁栖动物,分类名称模糊，无法确定是否存在稳定有用的场景或承载区域来源,screened
时间数量与度量,时间数量与度量 / 行政单位 / 委员会,37,reject,[],行政单位和委员会的相关符号或文字,该类别主要为抽象符号、文字或品牌标志，缺乏稳定、可用的场景或承载区域来源。,screened
时间数量与度量,时间数量与度量 / 行政单位 / 树枝,37,reject,[],行政单位,树枝属于植物结构，与行政单位无稳定场景关联，缺乏可编辑的承载或环境来源。,screened
时间数量与度量,时间数量与度量 / 行政单位 / 部门,182,hold,[],行政单位和部门的组织结构,仅凭分类名称无法确定是否存在稳定有用的场景或承载区域来源,screened
时间数量与度量,时间数量与度量 / 行政单位 / 除法,37,reject,[],行政单位与除法的符号或数学表达,该分类主要涉及抽象数学符号和计算概念，缺乏稳定、可编辑的场景或承载环境来源。,screened
时间数量与度量,时间数量与度量 / 角度单位,35,reject,[],角度单位,角度单位通常为抽象符号或纯文字，缺乏稳定有用的场景或承载区域来源,screened
时间数量与度量,时间数量与度量 / 计时仪器,19,keep,"[""室内工作场所"", ""实验室环境""]",计时仪器在室内或实验室等有明确使用场景的环境中出现,计时仪器通常出现在需要精确计时的场景中，如实验室、办公室等，具有稳定且可编辑的使用环境,screened
时间数量与度量,时间数量与度量 / 语言单位 / 单词,36,reject,[],语言单位,仅提供抽象符号和纯文字，无稳定有用的场景或承载区域来源,screened
时间数量与度量,时间数量与度量 / 货币单位 / 一美元,16,reject,[],货币单位,一美元属于抽象符号和纯文字，缺乏稳定有用的场景或承载区域来源,screened
时间数量与度量,时间数量与度量 / 货币单位 / 小型货币单位,19,reject,[],货币单位,货币单位多为抽象符号或孤立小物特写，缺乏稳定有用的场景或承载区域来源。,screened
时间数量与度量,时间数量与度量 / 货币单位 / 英国货币单位,33,reject,[],英国货币单位,仅提供抽象符号和文字，无稳定有用的场景或承载区域来源,screened
时间数量与度量,时间数量与度量 / 质量单位 / 常衡单位,21,keep,"[""室内环境"", ""生产工作场所""]",质量单位在各类场景中作为度量标准出现，如厨房、实验室、工厂等,质量单位在日常和专业场景中普遍存在，提供稳定的度量来源，适用于多种环境,screened
时间数量与度量,时间数量与度量 / 速度单位,37,reject,[],速度单位,速度单位通常只提供抽象符号或纯文字，缺乏稳定有用的场景或承载区域来源。,screened
时间数量与度量,时间数量与度量 / 面积单位,15,keep,"[""室内空间"", ""工作场所""]",面积单位在各类空间中作为度量标准出现的场景,面积单位常用于室内空间、工作场所等环境中进行尺寸描述和规划，具有稳定且普遍的来源,screened
时间数量与度量,时间数量与度量 / 频率单位,38,reject,[],频率单位,频率单位通常为抽象符号或纯文字，缺乏稳定有用的场景或承载区域来源。,screened
时间数量与度量,时间数量与度量 / 鼠李属植物,23,hold,[],鼠李属植物,仅凭分类名称无法确定是否存在稳定有用的场景或承载区域来源,screened
材料与物质,材料与物质 / 元素 / 氖,23,reject,[],仅包含元素类符号或文字,氖为纯元素符号，无稳定场景或承载区域来源,screened
材料与物质,材料与物质 / 元素 / 砹,21,reject,[],元素砹,砹是稀有放射性元素，通常以符号或文字形式存在，无稳定物理场景或承载环境来源,screened
材料与物质,材料与物质 / 元素 / 碳,79,reject,[],碳作为元素的抽象符号或化学表示,碳元素主要表现为化学符号或抽象概念，缺乏稳定、可编辑的场景或承载环境来源,screened
材料与物质,材料与物质 / 元素 / 金属,528,hold,[],材料与物质 / 元素 / 金属,仅凭分类名称无法确定是否存在稳定有用的场景或承载区域来源,screened
材料与物质,材料与物质 / 农药 / 喷雾,22,reject,[],农药喷雾,喷雾属于抽象符号和纯文字，缺乏稳定有用的场景或承载区域来源,screened
材料与物质,材料与物质 / 分泌液 / 乳液,26,reject,[],乳液相关材料,乳液多为抽象符号或纯文字，缺乏稳定、可用的场景或承载区域来源,screened
材料与物质,材料与物质 / 动物材料 / 动物产品,229,hold,[],动物材料及动物产品相关类别,仅凭分类名称无法确定具体场景或稳定来源，缺乏明确的场景或承载环境支持,screened
材料与物质,材料与物质 / 动物材料 / 牙本质,26,reject,[],动物材料中的牙本质,牙本质属于生物材料的微观结构，缺乏稳定、可编辑的场景或承载环境来源，主要为抽象符号或科学描述，不构成实用场景。,screened
材料与物质,材料与物质 / 动物材料 / 羽,61,keep,"[""自然环境"", ""动物栖息地""]",含有羽的动物及其自然栖息环境,羽作为动物材料，常见于鸟类栖息地和自然环境中，具有稳定且可编辑的场景来源,screened
材料与物质,材料与物质 / 动物材料 / 角,25,reject,[],角作为动物材料的抽象符号或纯文字表示,角属于动物材料的抽象符号或纯文字表示，缺乏稳定、可用的场景或承载区域来源,screened
材料与物质,材料与物质 / 动物材料 / 骨,24,hold,[],动物材料中的骨,仅凭'骨'无法确定稳定场景或承载环境来源，缺乏明确的场景关联,screened
材料与物质,材料与物质 / 包装材料 / 卡纸板,26,keep,"[""包装场景"", ""日常用品环境""]",卡纸板作为包装材料出现在各类商品包装、快递盒、临时容器等场景中,卡纸板常用于包装和临时承载，具有稳定的包装场景和日常使用环境,screened
材料与物质,材料与物质 / 化合物 / 二元化合物,31,reject,[],二元化合物,该类别主要涉及化学符号和抽象概念，缺乏稳定、可编辑的场景或承载环境来源。,screened
材料与物质,材料与物质 / 化合物 / 合成材料,19,hold,[],材料与物质 / 化合物 / 合成材料,仅凭分类名称无法确定是否存在稳定有用的场景或承载区域来源。,screened
材料与物质,材料与物质 / 化合物 / 搪瓷,24,reject,[],搪瓷作为材料的抽象符号或纯文字表现,搪瓷主要表现为抽象材料符号或纯文字，缺乏稳定、可编辑的场景或承载区域来源,screened
材料与物质,材料与物质 / 化合物 / 无机盐,18,reject,[],无机盐类物质,无机盐主要为抽象化学符号或纯文字，缺乏稳定、可编辑的场景或承载环境来源,screened
材料与物质,材料与物质 / 化合物 / 有机化合物,45,hold,[],有机化合物,仅凭分类名称无法确定是否存在稳定有用的场景或承载区域来源,screened
材料与物质,材料与物质 / 化合物 / 氢氧化物,16,reject,[],氢氧化物类物质,氢氧化物主要为化学符号或实验室中的抽象物质，缺乏稳定、可编辑的场景或承载环境来源。,screened
材料与物质,材料与物质 / 化合物 / 氧化物,33,reject,[],氧化物作为化学物质的抽象符号或文字表示,氧化物主要为化学符号或文字描述，缺乏稳定、可编辑的场景或承载环境来源,screened
材料与物质,材料与物质 / 化合物 / 氨基酸,42,reject,[],氨基酸作为化学物质,氨基酸主要表现为抽象化学符号或纯文字，缺乏稳定、可编辑的场景或承载环境来源,screened
材料与物质,材料与物质 / 化合物 / 烃类,23,reject,[],烃类化合物,烃类化合物多为抽象化学符号或纯文字，缺乏稳定、可用的场景或承载区域来源。,screened
材料与物质,材料与物质 / 化合物 / 熏香,21,reject,[],熏香相关材料,熏香多为抽象符号或纯文字，缺乏稳定、可用的场景或承载区域来源,screened
材料与物质,材料与物质 / 化合物 / 盐,21,reject,[],盐类物质,盐类通常为抽象化学符号或纯文字，缺乏稳定、可用的场景或承载区域来源。,screened
材料与物质,材料与物质 / 化合物 / 碳水化合物,42,hold,[],材料与物质 / 化合物 / 碳水化合物,仅凭分类名称无法确定是否存在稳定有用的场景或承载区域来源。,screened
材料与物质,材料与物质 / 化合物 / 蛋白质,22,reject,[],化合物/蛋白质相关材料,蛋白质作为抽象化学物质，通常仅以符号、文字或实验室特写呈现，缺乏稳定、通用的场景或承载环境来源。,screened
材料与物质,材料与物质 / 化合物 / 配制品,116,hold,[],材料与物质 / 化合物 / 配制品,仅凭分类名称无法确定是否存在稳定有用的场景或承载区域来源,screened
材料与物质,材料与物质 / 化合物 / 酯类,24,reject,[],酯类作为化学化合物，主要存在于实验室或工业环境中,酯类属于化学物质，通常以纯物质或实验样本形式存在，缺乏稳定、普遍的场景或承载环境来源，无法提供可编辑的视觉环境,screened
材料与物质,材料与物质 / 化合物 / 酸,18,reject,[],酸类化合物,酸类通常为抽象化学符号或纯文字，缺乏稳定、可编辑的场景或承载环境来源。,screened
材料与物质,材料与物质 / 化合物 / 醇类,22,reject,[],醇类化合物,醇类化合物多为抽象化学符号或纯文字，缺乏稳定、可用的场景或承载区域来源。,screened
材料与物质,材料与物质 / 化合物 / 醛类,22,reject,[],醛类作为化学物质，主要存在于实验室或工业环境中,醛类属于化学化合物，通常以符号或文字形式出现，缺乏稳定、可编辑的场景或承载区域来源,screened
材料与物质,材料与物质 / 化合物 / 防护性化合物,24,hold,[],材料与物质 / 化合物 / 防护性化合物,仅凭分类名称无法确定是否存在稳定有用的场景或承载区域来源。,screened
材料与物质,材料与物质 / 化学制剂 / 润湿剂,17,reject,[],化学制剂类物质,润湿剂多为抽象符号或纯文字，缺乏稳定、可用的场景或承载区域来源,screened
材料与物质,材料与物质 / 化学过程,21,hold,[],材料与物质 / 化学过程,仅凭分类名称无法确定是否存在稳定有用的场景或承载区域来源,screened
材料与物质,材料与物质 / 化肥,22,reject,[],化肥相关材料,化肥属于抽象符号和纯文字，缺乏稳定、可用的场景或承载区域来源,screened
材料与物质,材料与物质 / 卤素 / 砹,18,reject,[],卤素类物质,砹为稀有放射性元素，通常以符号或文字形式出现，缺乏稳定、可编辑的场景或承载环境来源。,screened
材料与物质,材料与物质 / 原子,21,reject,[],原子作为物质的基本单位，不构成具体场景或承载环境,原子是抽象的物质基本单位，缺乏稳定、可编辑的场景或承载环境来源,screened
材料与物质,材料与物质 / 合成纤维,32,hold,[],材料与物质 / 合成纤维,仅凭分类名称无法确定具体应用场景或是否存在稳定有用的场景来源。,screened
材料与物质,材料与物质 / 吸附剂 / 吸收剂,23,hold,[],材料与物质 / 吸附剂 / 吸收剂,仅凭分类名称无法确定是否存在稳定有用的场景或承载区域来源。,screened
材料与物质,材料与物质 / 固体 / 玻璃,25,hold,[],材料与物质 / 固体 / 玻璃,仅凭分类名称无法确定是否存在稳定有用的场景或承载区域来源。,screened
材料与物质,材料与物质 / 土壤 / 冰碛,23,keep,"[""自然环境"", ""地形水域""]",土壤和冰碛作为自然地理环境中的材料存在，常见于高山、极地或冰川区域,冰碛和土壤是自然环境中稳定的材料来源，具有明确的地理分布和场景支撑,screened
材料与物质,材料与物质 / 土壤 / 土,92,keep,"[""自然环境"", ""地形水域""]",土壤作为自然环境中的基础材料，常见于地形、土地、农田、园林等场景,土壤是自然环境中稳定存在的材料，广泛存在于地形、土地和自然生态系统中，提供稳定的承载和环境背景,screened
材料与物质,材料与物质 / 块糖,19,reject,[],块糖作为材料与物质的实例,块糖属于抽象符号和孤立小物特写，缺乏稳定、可用的场景或承载区域来源,screened
材料与物质,材料与物质 / 垃圾 / 乱扔,22,reject,[],该类别主要涉及垃圾乱扔的行为或现象,乱扔垃圾属于行为或现象描述，缺乏稳定、可编辑的场景或承载区域来源，无法提供有效的视觉环境支持,screened
材料与物质,材料与物质 / 垃圾 / 废品,21,hold,[],材料与物质 / 垃圾 / 废品,仅凭分类名称无法确定是否存在稳定有用的场景或承载区域来源。,screened
材料与物质,材料与物质 / 塑料,60,hold,[],材料与物质 / 塑料,仅凭分类名称无法确定其是否包含稳定有用的场景或承载区域来源。,screened
材料与物质,材料与物质 / 天然纤维 / 丝瓜,23,reject,[],无稳定场景或承载区域,丝瓜属于天然纤维的植物性材料，通常以实物形态出现，缺乏稳定、可编辑的场景或承载环境来源，不符合环境类场景的判断标准。,screened
材料与物质,材料与物质 / 天然纤维 / 动物纤维,22,hold,[],材料与物质 / 天然纤维 / 动物纤维,仅凭分类名称无法确定是否存在稳定有用的场景或承载区域来源。,screened
材料与物质,材料与物质 / 宝石 / 不透明宝石,34,keep,"[""自然环境"", ""珠宝首饰场景""]",不透明宝石在自然界和珠宝场景中的稳定出现,不透明宝石常见于自然矿产环境和珠宝首饰展示场景，具有稳定且可编辑的承载面和背景,screened
材料与物质,材料与物质 / 导体 / 铜,30,reject,[],导体类材料的铜,铜作为材料主要呈现为抽象符号或孤立小物特写，缺乏稳定、可用的场景或承载区域来源,screened
材料与物质,材料与物质 / 导体 / 银,27,reject,[],导体类材料,银作为纯物质和符号存在，缺乏稳定、可编辑的场景或承载环境来源。,screened
材料与物质,材料与物质 / 尘埃,27,reject,[],尘埃作为材料与物质的组成部分,尘埃多为抽象符号或孤立小物特写，缺乏稳定、可用的场景或承载区域来源,screened
材料与物质,材料与物质 / 屋面材料,21,keep,"[""建筑屋顶"", ""室内覆盖结构""]",屋面材料在建筑屋顶及覆盖结构中的应用,屋面材料常见于建筑屋顶和覆盖结构，具有稳定且广泛的场景来源,screened
材料与物质,材料与物质 / 岩石 / 变质岩,20,hold,[],材料与物质 / 岩石 / 变质岩,仅凭分类名称无法确定是否存在稳定有用的场景或承载区域来源。,screened
材料与物质,材料与物质 / 岩石 / 大理岩,20,keep,"[""自然环境"", ""建筑结构""]",大理岩作为天然岩石材料，常见于自然地质环境和建筑石材应用中,大理岩在自然地质环境中广泛存在，且常用于建筑和室内装饰，提供稳定可靠的场景来源,screened
材料与物质,材料与物质 / 岩石 / 小石,22,hold,[],材料与物质 / 岩石 / 小石,仅凭分类名称无法确定是否存在稳定有用的场景或承载区域来源,screened
材料与物质,材料与物质 / 岩石 / 板岩,23,keep,"[""自然环境"", ""地形地貌""]",板岩作为自然岩石的一种，常见于山体、岩层、地质构造等自然环境中，可作为稳定承载面或背景场景,板岩是自然形成的岩石材料，常见于山体、岩层和地质构造中，具有稳定的物理存在和可作为承载或背景的场景来源,screened
材料与物质,材料与物质 / 岩石 / 沉积岩,21,keep,"[""自然环境"", ""地形地貌""]",沉积岩作为自然地质构造的一部分，常见于山体、河床、平原等地形中，提供稳定的承载和环境背景,沉积岩广泛存在于自然环境中，如河床、山体和平原，具有稳定的地理分布和可作为场景背景的特性,screened
材料与物质,材料与物质 / 岩石 / 火成岩,47,keep,"[""自然环境"", ""地质地貌""]",火成岩作为自然地质构造的一部分，常见于火山区域、山脉和地壳运动形成的地形中,火成岩存在于自然地质环境中，具有稳定的地质来源和可识别的地形表现，能提供可靠的场景支撑,screened
材料与物质,材料与物质 / 岩石 / 玄武岩,24,hold,[],岩石类材料,仅凭'玄武岩'名称无法确定其稳定场景或承载环境来源,screened
材料与物质,材料与物质 / 岩石 / 石灰岩,26,keep,"[""自然环境"", ""地质地貌""]",石灰岩作为自然岩石的一种，常见于山体、岩层、地质构造等自然环境中,石灰岩是自然地质中稳定的岩石类型，广泛存在于自然环境和地质地貌中，可作为稳定场景和承载面来源,screened
材料与物质,材料与物质 / 岩石 / 石英岩,24,keep,"[""自然环境"", ""地质构造""]",石英岩作为自然岩石的一种，常见于山体、地层和地质构造中，可作为自然环境中的稳定承载面或背景结构,石英岩是自然岩石的一种，广泛存在于自然地质环境中，可作为稳定场景和承载面，具有稳定的来源和可编辑的环境结构,screened
材料与物质,材料与物质 / 岩石 / 砂岩,27,keep,"[""自然环境"", ""地形地貌""]",砂岩作为自然岩石的一种，常见于山体、岩层、地质构造等自然环境中,砂岩是自然环境中常见的岩石类型，广泛存在于地形地貌和自然地质结构中，提供稳定且可编辑的场景来源,screened
材料与物质,材料与物质 / 岩石 / 砾岩,25,hold,[],岩石类材料,仅凭'砾岩'名称无法确定其是否具有稳定可用的场景或承载环境来源。,screened
材料与物质,材料与物质 / 岩石 / 页岩,26,hold,[],材料与物质 / 岩石 / 页岩,仅凭分类名称无法确定是否存在稳定有用的场景或承载区域来源。,screened
材料与物质,材料与物质 / 底层水,29,keep,"[""自然环境"", ""水域环境""]",与水相关的底层材料和自然水体环境,水作为自然物质基础，存在于多种稳定自然和水域场景中，提供可靠的场景来源,screened
材料与物质,材料与物质 / 废弃物,38,hold,[],材料与物质 / 废弃物,仅凭分类名称无法确定是否存在稳定有用的场景或承载区域来源,screened
材料与物质,材料与物质 / 废弃物 / 废品场,65,keep,"[""废品场"", ""废弃物处理环境"", ""工业垃圾区域""]",废弃物质集中存放和处理的场所,废品场具有稳定且可编辑的承载环境，能提供实际的场景来源,screened
材料与物质,材料与物质 / 微粒物质 / 尘,27,reject,[],尘类物质,尘属于抽象微粒，缺乏稳定可用的场景或承载区域来源，通常仅作为符号或文字出现，无实际环境支撑。,screened
材料与物质,材料与物质 / 抑制剂 / 抗氧化剂,23,reject,[],抗氧化剂相关材料,抗氧化剂多为化学符号或纯文字，缺乏稳定、可编辑的场景或承载环境来源,screened
材料与物质,材料与物质 / 抛光金属,23,hold,[],材料与物质 / 抛光金属,仅凭分类名称无法确定其是否包含稳定有用的场景或承载区域来源,screened
材料与物质,材料与物质 / 替代能源 / 太阳能,19,keep,"[""自然环境"", ""户外场景""]",太阳能相关应用场景，如太阳能板安装在屋顶、地面或建筑外墙等位置,太阳能应用通常出现在自然环境和户外场景中，具有稳定且可编辑的承载面，如屋顶、地面、建筑表面等，能提供明确的场景来源,screened
材料与物质,材料与物质 / 果冻,23,reject,[],果冻作为材料与物质的类别,果冻属于纯文字或抽象符号类，缺乏稳定、可用的场景或承载区域来源,screened
材料与物质,材料与物质 / 染色材料 / 染料,21,reject,[],染料相关材料,染料多为抽象符号或纯文字，缺乏稳定、可用的场景或承载区域来源,screened
材料与物质,材料与物质 / 染色材料 / 水彩,22,reject,[],染色材料,水彩主要作为绘画材料，属于抽象符号和纯文字，缺乏稳定、可用的场景或承载区域来源。,screened
材料与物质,材料与物质 / 植物材料 / 木,502,keep,"[""自然环境"", ""室内环境""]",木材料在自然和室内环境中的应用场景,木材常见于自然环境如森林和庭院，以及室内作为家具或装饰材料，具有稳定且广泛的场景来源,screened
材料与物质,材料与物质 / 植物材料 / 植物产品,150,keep,"[""自然环境"", ""庭院公园"", ""植物生长环境""]",植物材料及其衍生产品在自然和人工植物环境中的存在与应用,植物材料及其产品常见于自然环境、庭院公园和植物生长环境中，具有稳定且广泛的场景来源,screened
材料与物质,材料与物质 / 植物材料 / 稻壳,23,hold,[],材料与物质 / 植物材料 / 稻壳,仅凭分类名称无法确定其是否包含稳定有用的场景或承载区域来源。,screened
材料与物质,材料与物质 / 橡胶,26,hold,[],材料与物质 / 橡胶,仅凭分类名称无法确定其是否包含稳定有用的场景或承载区域来源。,screened
材料与物质,材料与物质 / 气味 / 恶臭,21,reject,[],气味类物质,恶臭通常为抽象符号或纯文字，缺乏稳定、可用的场景或承载区域来源,screened
材料与物质,材料与物质 / 气味 / 芬芳,28,reject,[],气味类物质,芬芳多为抽象符号或纯文字描述，缺乏稳定、可编辑的场景或承载环境来源,screened
材料与物质,材料与物质 / 水泥,25,keep,"[""建筑结构"", ""道路基础"", ""地面铺装""]",水泥作为建筑材料在建筑、道路和地面铺装中的应用,水泥广泛用于建筑结构和地面铺装，提供稳定可靠的承载面和环境基础,screened
材料与物质,材料与物质 / 泥土地,25,keep,"[""自然环境"", ""地形水域""]",泥土地作为自然地形和土地覆盖的常见形式，存在于自然环境和地形中,泥土地是自然环境中常见的土地类型，具有稳定的场景来源，可作为自然地形和土地覆盖的代表,screened
材料与物质,材料与物质 / 流体 / 墨水,26,reject,[],墨水作为流体物质,墨水属于抽象符号和纯文字相关物质，缺乏稳定、可用的场景或承载区域来源,screened
材料与物质,材料与物质 / 流体 / 毒气,25,reject,[],流体类物质中的毒气,毒气属于抽象符号和危险标识，缺乏稳定、可用的场景或承载环境来源,screened
材料与物质,材料与物质 / 浸渍材料,27,hold,[],材料与物质 / 浸渍材料,仅凭分类名称无法确定具体场景或是否存在稳定有用的来源,screened
材料与物质,材料与物质 / 混凝土,25,keep,"[""建筑结构"", ""道路基础设施"", ""混凝土构筑物""]",混凝土作为建筑材料在建筑和基础设施中的应用,混凝土广泛用于建筑结构和基础设施，提供稳定可靠的承载和支撑环境,screened
材料与物质,材料与物质 / 混合物,1,hold,[],材料与物质 / 混合物,仅凭分类名称无法确定具体场景或是否存在稳定有用的来源,screened
材料与物质,材料与物质 / 混合物 / 合金,97,hold,[],材料与物质 / 混合物 / 合金,仅凭分类名称无法确定其是否包含稳定有用的场景或承载区域来源。,screened
材料与物质,材料与物质 / 混合物 / 堆肥,25,keep,"[""自然环境"", ""庭院公园"", ""有机废弃物场景""]",与堆肥相关的自然和生活场景，如家庭后院、花园、有机垃圾处理区,堆肥场景常见于自然和生活环境中，具有稳定的来源和可编辑的承载面，如土壤、花坛、堆肥箱等,screened
材料与物质,材料与物质 / 混合物 / 悬挂系统,24,hold,[],材料与物质 / 混合物 / 悬挂系统,仅凭分类名称无法确定是否存在稳定有用的场景或承载区域来源。,screened
材料与物质,材料与物质 / 混合物 / 浆糊,26,hold,[],材料与物质 / 混合物 / 浆糊,仅凭分类名称无法确定是否存在稳定有用的场景或承载区域来源。,screened
材料与物质,材料与物质 / 混合物 / 溶体,23,hold,[],材料与物质 / 混合物 / 溶体,仅凭分类名称无法确定其具体场景或是否存在稳定有用的来源,screened
材料与物质,材料与物质 / 混合物 / 灰泥,24,hold,[],材料与物质 / 混合物 / 灰泥,仅凭分类名称无法确定其是否包含稳定有用的场景或承载区域来源。,screened
材料与物质,材料与物质 / 混合物 / 胶体,28,hold,[],材料与物质 / 混合物 / 胶体,仅凭分类名称无法确定是否存在稳定有用的场景或承载区域来源。,screened
材料与物质,材料与物质 / 漱口用品,21,hold,[],材料与物质 / 漱口用品,仅凭分类名称无法确定是否存在稳定有用的场景或承载区域来源,screened
材料与物质,材料与物质 / 灰烬 / 灰,20,reject,[],灰烬作为材料与物质的子类,灰烬主要为抽象符号或孤立小物特写，缺乏稳定、可用的场景或承载区域来源,screened
材料与物质,材料与物质 / 炸药 / 低爆炸药,21,reject,[],低爆炸药相关材料,炸药类属于抽象符号和危险物品，缺乏稳定、非偶然的场景或承载环境来源,screened
材料与物质,材料与物质 / 燃料 / 化石燃料,53,reject,[],化石燃料相关场景,化石燃料主要为抽象符号或纯文字，缺乏稳定、可用的场景或承载区域来源,screened
材料与物质,材料与物质 / 燃料 / 木炭,26,hold,[],材料与物质 / 燃料 / 木炭,仅凭分类名称无法确定是否存在稳定有用的场景或承载区域来源。,screened
材料与物质,材料与物质 / 燃料 / 点火器,27,reject,[],燃料和点火器相关材料,点火器多为抽象符号或孤立小物特写，缺乏稳定、可用的场景或承载区域来源,screened
材料与物质,材料与物质 / 燃料 / 焦炭,24,reject,[],燃料类物质,焦炭属于抽象符号和工业材料，缺乏稳定、可编辑的场景或承载环境来源。,screened
材料与物质,材料与物质 / 玻璃,36,reject,[],玻璃作为材料的抽象表现,玻璃主要表现为抽象符号、纯文字或孤立小物特写，缺乏稳定、可用的场景或承载区域来源,screened
材料与物质,材料与物质 / 瓶装容器,41,keep,"[""室内储物场景"", ""厨房环境"", ""办公空间""]",瓶装容器在各类室内空间中的存储和使用场景,瓶装容器常见于厨房、办公和室内储物场景，具有稳定的承载和使用环境,screened
材料与物质,材料与物质 / 矿物 / 刚玉,47,reject,[],刚玉作为矿物，主要以符号或文字形式出现，缺乏稳定、可编辑的场景或承载环境来源,刚玉属于矿物类别，通常以抽象符号、文字或小物特写呈现，无稳定可用的场景或承载环境来源,screened
材料与物质,材料与物质 / 矿物 / 圆材,21,hold,[],材料与物质 / 矿物 / 圆材,仅凭分类名称无法确定是否存在稳定有用的场景或承载区域来源,screened
材料与物质,材料与物质 / 矿物 / 橄榄石,37,reject,[],橄榄石作为矿物，主要存在于地质构造中，无稳定可编辑场景,橄榄石是矿物，属于抽象符号类，缺乏稳定、可编辑的场景或承载环境来源,screened
材料与物质,材料与物质 / 矿物 / 水晶,20,hold,[],材料与物质 / 矿物 / 水晶,仅凭分类名称无法确定是否存在稳定有用的场景或承载区域来源。,screened
材料与物质,材料与物质 / 矿物 / 玛瑙,37,reject,[],仅限于玛瑙作为矿物的符号或文字表现,玛瑙属于矿物类别，通常以纯文字、符号或孤立小物特写呈现，缺乏稳定、可编辑的场景或承载环境来源,screened
材料与物质,材料与物质 / 矿物 / 石榴石,29,reject,[],矿物类材料,石榴石为抽象矿物符号，缺乏稳定、可用的场景或承载环境来源,screened
材料与物质,材料与物质 / 矿物 / 石膏,22,keep,"[""建筑施工"", ""室内装修""]",石膏常用于建筑和装修场景中的墙体、天花板等结构材料,石膏在建筑施工和室内装修中具有稳定且广泛的应用场景，可作为墙体或天花板材料提供稳定承载和结构支撑,screened
材料与物质,材料与物质 / 矿物 / 碧玺,33,reject,[],矿物类材料,碧玺作为矿物主要呈现为孤立小物特写或符号，缺乏稳定、可用的场景或承载区域来源,screened
材料与物质,材料与物质 / 矿物 / 祖母绿,30,reject,[],祖母绿作为矿物的符号或文字标识,祖母绿属于具体矿物，主要表现为纯文字、品牌标志或孤立小物特写，缺乏稳定、可用的场景或承载区域来源,screened
材料与物质,材料与物质 / 矿物 / 红宝石,31,reject,[],红宝石作为矿物，通常以符号或文字形式出现，缺乏稳定场景或承载环境,红宝石属于抽象矿物符号，无稳定场景或可编辑环境来源,screened
材料与物质,材料与物质 / 矿物 / 绿松石,30,reject,[],绿松石作为矿物材料,绿松石属于抽象矿物符号，缺乏稳定、可用的场景或承载环境来源,screened
材料与物质,材料与物质 / 矿物 / 蛋白石,14,hold,[],材料与物质 / 矿物 / 蛋白石,仅凭分类名称无法确定是否存在稳定有用的场景或承载区域来源。,screened
材料与物质,材料与物质 / 矿物 / 钻石,25,reject,[],矿物类材料,钻石通常表现为抽象符号、纯文字或孤立小物特写，缺乏稳定、可用的场景或承载区域来源。,screened
材料与物质,材料与物质 / 矿物 / 黄玉,38,reject,[],黄玉作为矿物材料，主要呈现为岩石或矿石形态,黄玉属于矿物类材料，通常以孤立小物特写或符号形式出现，缺乏稳定、可编辑的场景或承载环境来源,screened
材料与物质,材料与物质 / 碎片 / 余烬,30,reject,[],材料与物质 / 碎片 / 余烬,余烬多为抽象符号或孤立小物特写，缺乏稳定有用的场景或承载区域来源。,screened
材料与物质,材料与物质 / 碎片 / 小薄片,28,hold,[],材料与物质 / 碎片 / 小薄片,仅凭分类名称无法确定是否存在稳定有用的场景或承载区域来源,screened
材料与物质,材料与物质 / 礼品包装,24,hold,[],礼品包装,仅凭分类名称无法确定是否存在稳定有用的场景或承载区域来源,screened
材料与物质,材料与物质 / 纸 / 上光美术纸,29,hold,[],材料与物质 / 纸 / 上光美术纸,仅凭分类名称无法确定其是否包含稳定有用的场景或承载区域来源。,screened
材料与物质,材料与物质 / 纸 / 书写纸,72,keep,"[""桌面"", ""室内"", ""学习环境""]",书写纸常用于书写、笔记等场景，常见于桌面、书桌、教室等有书写行为的室内环境,书写纸常出现在桌面或学习环境中，具有稳定且可编辑的场景来源,screened
材料与物质,材料与物质 / 纸 / 五彩纸屑,31,hold,[],材料与物质 / 纸 / 五彩纸屑,仅凭分类名称无法确定是否存在稳定有用的场景或承载区域来源。,screened
材料与物质,材料与物质 / 纸 / 包装纸,34,hold,[],材料与物质 / 纸 / 包装纸,仅凭分类名称无法确定是否存在稳定有用的场景或承载区域来源。,screened
材料与物质,材料与物质 / 纸 / 卡,43,hold,[],材料与物质 / 纸 / 卡,仅凭分类名称无法确定其是否包含稳定有用的场景或承载区域来源。,screened
材料与物质,材料与物质 / 纸 / 卡纸板,34,keep,"[""办公环境"", ""包装场景""]",卡纸板作为材料在办公用品、包装盒等场景中的使用,卡纸板在办公和包装场景中具有稳定且常见的来源，可作为支撑或承载面提供可编辑环境。,screened
材料与物质,材料与物质 / 纸 / 卫生纸,33,reject,[],卫生纸相关场景,卫生纸多为抽象符号或孤立小物特写，缺乏稳定、通用的场景或承载区域来源,screened
材料与物质,材料与物质 / 纸 / 叶,46,hold,[],材料与物质 / 纸 / 叶,仅凭分类名称无法确定具体场景或稳定来源，缺乏明确的场景或承载环境关联,screened
材料与物质,材料与物质 / 纸 / 垫子,36,keep,"[""室内"", ""家居环境""]",纸制垫子在家居或室内场景中的使用场景,纸垫子常见于室内家居环境，如沙发、床铺或家具下方，提供稳定支撑和防滑功能，具有稳定且可编辑的承载面来源,screened
材料与物质,材料与物质 / 纸 / 壁纸,33,keep,"[""室内墙面"", ""家居环境"", ""装饰场景""]",壁纸常用于室内墙面装饰，具有稳定且广泛的场景来源,壁纸作为室内墙面的常见覆盖材料，具有稳定且广泛的场景来源，适用于多种室内环境,screened
材料与物质,材料与物质 / 纸 / 羊皮纸,38,hold,[],材料与物质 / 纸 / 羊皮纸,仅凭分类名称无法确定是否存在稳定有用的场景或承载区域来源。,screened
材料与物质,材料与物质 / 纺织品,38,keep,"[""室内装饰"", ""服装服饰"", ""家居布艺""]",纺织品在服装、家居布艺和室内装饰中的应用场景,纺织品广泛应用于服装、家居和室内装饰，具有稳定的场景和承载面来源,screened
材料与物质,材料与物质 / 细颗粒物,36,reject,[],细颗粒物作为材料与物质的组成部分,细颗粒物主要表现为抽象符号或纯文字，缺乏稳定、可用的场景或承载区域来源,screened
材料与物质,材料与物质 / 翡翠,37,reject,[],翡翠作为材料与物质，主要表现为玉石类物品，缺乏稳定、可编辑的场景或承载环境来源,翡翠属于材料类别，通常以实物或符号形式出现，缺乏稳定、普遍的场景或承载环境，无法提供可编辑的视觉结构或空间支持,screened
材料与物质,材料与物质 / 药品 / 医药,53,hold,[],药品/医药相关材料,仅凭分类名称无法确定是否存在稳定有用的场景或承载区域来源,screened
材料与物质,材料与物质 / 蛋制品,26,reject,[],蛋制品相关材料,蛋制品主要为抽象符号或纯文字，缺乏稳定、可用的场景或承载区域来源,screened
材料与物质,材料与物质 / 贵重金属,46,reject,[],贵重金属相关材料,贵重金属通常表现为抽象符号、纯文字或品牌标志，缺乏稳定、可用的场景或承载区域来源,screened
材料与物质,材料与物质 / 身体物质 / 固态物质,32,hold,[],材料与物质 / 身体物质 / 固态物质,仅凭分类名称无法确定具体场景或稳定来源，缺乏明确的场景或承载环境关联,screened
材料与物质,材料与物质 / 身体物质 / 液态体液,77,reject,[],液态体液,该类别主要为抽象符号或纯文字，缺乏稳定、可用的场景或承载区域来源。,screened
材料与物质,材料与物质 / 铁,39,reject,[],铁作为材料的抽象符号或纯文字表现,铁主要表现为抽象符号、纯文字或品牌标志，缺乏稳定、可用的场景或承载区域来源,screened
材料与物质,材料与物质 / 铅质球体,28,reject,[],铅质球体,铅质球体属于抽象符号或孤立小物特写，缺乏稳定有用的场景或承载区域来源。,screened
材料与物质,材料与物质 / 陶瓷,70,hold,[],材料与物质 / 陶瓷,仅凭分类名称无法确定是否存在稳定有用的场景或承载区域来源,screened
材料与物质,材料与物质 / 黏稠糊状物,24,hold,[],材料与物质 / 黏稠糊状物,仅凭分类名称无法确定是否存在稳定有用的场景或承载区域来源,screened
植物,植物 / 一年生植物,55,keep,"[""自然环境"", ""庭院公园""]",一年生植物在自然或庭院环境中生长的场景,一年生植物常见于自然环境和庭院公园中，具有稳定的生长场景和承载面,screened
植物,植物 / 一年生花卉,49,keep,"[""庭院公园"", ""自然环境""]",一年生花卉在庭院、公园及自然环境中生长的场景,一年生花卉常见于庭院公园和自然环境中，具有稳定的生长场景和可编辑的承载面,screened
植物,植物 / 不开花植物 / 蕨类植物,371,keep,"[""自然环境"", ""森林地带""]",蕨类植物在自然环境中的生长场景,蕨类植物常见于自然环境和森林地带，具有稳定的生长来源和可编辑的承载面,screened
植物,植物 / 不开花植物 / 蕨类近缘植物,54,keep,"[""自然环境"", ""森林地带""]",蕨类近缘植物在自然环境中常见的生长场景,蕨类近缘植物多生长于湿润的自然环境和森林地带，具有稳定的场景来源,screened
植物,植物 / 中国园林,49,keep,"[""庭院公园"", ""自然环境""]",中国园林中的植物配置及其在园林空间中的应用场景,中国园林中的植物具有稳定的场景来源，常见于庭院、公园等空间，提供丰富的承载与环境结构,screened
植物,植物 / 乔木灌木林木 / 乔木,6073,keep,"[""自然环境"", ""庭院园林"", ""森林景观""]",乔木类植物在自然或人工园林中的生长环境,乔木类植物常见于自然环境和园林景观中，提供稳定的生长场景和承载结构,screened
植物,植物 / 乔木灌木林木 / 乔木状植物,67,keep,"[""自然环境"", ""庭院园林"", ""森林景观""]",乔木状植物在自然或人工园林中的生长场景,乔木状植物常见于自然环境和园林景观中，提供稳定的生长场景和承载结构,screened
植物,植物 / 乔木灌木林木 / 假靛蓝,37,hold,[],植物 / 乔木灌木林木 / 假靛蓝,分类名称模糊，'假靛蓝'缺乏明确的场景或环境来源，无法确定其是否具有稳定可用的场景或承载区域。,screened
植物,植物 / 乔木灌木林木 / 凌霄花,23,keep,"[""自然环境"", ""庭院园林""]",乔木灌木林木类植物在自然或庭院中的生长场景,凌霄花作为植物可稳定存在于自然环境和庭院园林中，提供可编辑的生长与承载场景,screened
植物,植物 / 乔木灌木林木 / 升麻,19,hold,[],乔木灌木林木 / 升麻,仅凭分类名称无法确定是否存在稳定有用的场景或承载区域来源,screened
植物,植物 / 乔木灌木林木 / 常绿阔叶乔木,59,keep,"[""自然环境"", ""庭院园林"", ""森林景观""]",常绿阔叶乔木在自然或人工绿化环境中的分布与生长场景,常绿阔叶乔木常见于自然森林、庭院园林等稳定生态环境，提供稳定的场景和承载面,screened
植物,植物 / 乔木灌木林木 / 旅人蕉,26,keep,"[""自然环境"", ""庭院园林""]",旅人蕉作为乔木灌木类植物，常见于自然林木或庭院园林场景中，提供稳定的生长环境和视觉背景,旅人蕉属于乔木灌木类植物，可在自然环境和庭院园林中稳定生长，提供可编辑的植物背景场景,screened
植物,植物 / 乔木灌木林木 / 昆士兰草布植物,40,keep,"[""自然环境"", ""庭院园林""]",乔木灌木林木类植物在自然或园林场景中的分布与生长环境,昆士兰草布植物作为林木类植物，可在自然环境和庭院园林中稳定生长，提供稳定的场景来源,screened
植物,植物 / 乔木灌木林木 / 木本植物类群,48,keep,"[""自然环境"", ""庭院园林"", ""森林景观""]",包含各类木本植物生长的自然与人工环境,乔木灌木林木类群在自然环境和园林中具有稳定且广泛的生长场景，提供可靠的场景来源,screened
植物,植物 / 乔木灌木林木 / 木本藤蔓,56,keep,"[""自然环境"", ""庭院园林"", ""森林景观""]",乔木、灌木、藤蔓类植物在自然或人工园林中的生长场景,乔木灌木林木及木本藤蔓在自然环境和园林中具有稳定且广泛的场景来源，能提供丰富的承载与生长背景。,screened
植物,植物 / 乔木灌木林木 / 棕榈,59,keep,"[""自然环境"", ""庭院园林""]",棕榈类植物在自然或园林场景中的生长环境,棕榈植物常见于自然环境和庭院园林中，具有稳定的生长场景和承载面，可作为可编辑环境的来源,screened
植物,植物 / 乔木灌木林木 / 棕榈类,43,keep,"[""自然环境"", ""庭院园林"", ""植被覆盖区""]",棕榈类植物在自然或人工园林中的生长场景,棕榈类植物常见于自然环境和庭院园林中，具有稳定的生长场景和承载面，可提供有效的视觉参考,screened
植物,植物 / 乔木灌木林木 / 森林群落,26,keep,"[""自然环境"", ""森林群落"", ""生态系统""]",包含各类森林群落的自然场景，如原始森林、次生林、人工林等,森林群落具有稳定且广泛的自然场景来源，涵盖多种生态系统和空间环境,screened
植物,植物 / 乔木灌木林木 / 灌木,2942,keep,"[""庭院公园"", ""自然环境""]",灌木在庭院、公园及自然环境中的生长场景,灌木常见于庭院公园和自然环境中，具有稳定的生长场景和承载区域，适合作为可编辑环境的来源,screened
植物,植物 / 乔木灌木林木 / 甜黄芪,25,hold,[],乔木灌木林木 / 甜黄芪,仅凭分类名称无法确定是否存在稳定有用的场景或承载区域来源,screened
植物,植物 / 乔木灌木林木 / 经济林木,49,keep,"[""自然环境"", ""庭院园林"", ""林业区域""]",经济林木在自然环境、庭院园林及林业区域中的分布与生长场景,乔木灌木林木作为经济林木，具有稳定的自然生长场景和可编辑的林业或园林环境来源,screened
植物,植物 / 乔木灌木林木 / 羽叶豆,17,keep,"[""自然环境"", ""庭院园林"", ""森林景观""]",乔木灌木林木类植物在自然或人工园林中的生长场景,羽叶豆作为乔木灌木类植物，常见于自然林地和庭院园林中，具有稳定的生长环境和可编辑的承载面,screened
植物,植物 / 乔木灌木林木 / 茄属植物,39,keep,"[""自然环境"", ""庭院园林""]",乔木灌木林木类植物在自然或庭院中的生长场景,茄属植物作为林木类植物，可在自然环境或庭院园林中稳定生长，提供稳定的场景和承载面,screened
植物,植物 / 乔木灌木林木 / 荆棘丛,40,keep,"[""自然环境"", ""庭院园林""]",乔木灌木林木中的荆棘丛在自然和庭院环境中作为植被存在,荆棘丛在自然环境和庭院园林中具有稳定的场景来源，可作为承载或覆盖区域提供有效场景支持,screened
植物,植物 / 乔木灌木林木 / 草木樨,20,keep,"[""自然环境"", ""庭院园林"", ""森林植被""]",乔木灌木林木类植物在自然或人工绿化场景中的分布与生长环境,草木樨作为常见植被，可在多种自然和园林场景中稳定出现，提供可靠的场景来源,screened
植物,植物 / 乔木灌木林木 / 落叶阔叶乔木,59,keep,"[""自然环境"", ""庭院园林"", ""森林景观""]",落叶阔叶乔木在自然和人工绿化环境中的分布与场景,落叶阔叶乔木常见于自然森林、庭院园林等稳定场景，提供明确的环境承载和视觉结构,screened
植物,植物 / 乔木灌木林木 / 观赏灌木,67,keep,"[""庭院公园"", ""园林景观"", ""自然环境""]",观赏灌木在庭院、公园和自然环境中的生长场景,观赏灌木常见于庭院公园和园林景观中，具有稳定的生长场景和承载环境,screened
植物,植物 / 乔木灌木林木 / 针叶树,1010,keep,"[""自然环境"", ""森林景观""]",针叶树在自然林木中的生长环境,针叶树常见于自然森林和林木景观中，具有稳定的场景来源,screened
植物,植物 / 乔木灌木林木 / 风车子属植物,20,keep,"[""自然环境"", ""庭院园林""]",风车子属植物在自然或园林场景中的生长环境,风车子属植物常见于自然环境和庭院园林中，具有稳定的生长场景和承载面，可作为典型植物场景召回,screened
植物,植物 / 乡土植物,23,keep,"[""自然环境"", ""庭院园林""]",乡土植物在自然环境和庭院园林中的分布与生长场景,乡土植物常见于自然环境和庭院园林，具有稳定的生长场景和承载区域,screened
植物,植物 / 二年生植物,33,keep,"[""庭院园林"", ""自然环境""]",二年生植物在庭院或自然环境中生长的场景,二年生植物常见于庭院园林和自然环境中，具有稳定的生长场景和承载面，适合召回相关图片,screened
植物,植物 / 云杉森林,39,keep,"[""自然环境"", ""森林景观""]",云杉森林作为自然植被的一部分，存在于山地或高海拔地区，提供稳定的自然场景和生态背景,云杉森林是稳定的自然环境，具有明确的场景来源和可编辑的自然空间结构,screened
植物,植物 / 仙人掌植物,51,keep,"[""自然环境"", ""庭院园林""]",仙人掌植物在自然环境和庭院园林中的生长场景,仙人掌植物常见于干燥自然环境和庭院园林中，具有稳定的场景来源,screened
植物,植物 / 作物产量,33,keep,"[""农田"", ""农业生产场景"", ""种植环境""]",与作物产量相关的农业种植场景,作物产量涉及稳定的农田和种植环境，具有明确的场景来源和可编辑性,screened
植物,植物 / 修剪草坪,23,keep,"[""庭院公园"", ""自然环境""]",草坪修剪相关的户外场景和自然环境,修剪草坪常见于庭院公园和自然环境中，具有稳定且广泛的场景来源,screened
植物,植物 / 公共绿地 / 城镇广场,23,keep,"[""公共绿地"", ""城镇广场"", ""城市环境""]",城镇广场中的植物布局和公共绿地场景,城镇广场和公共绿地是植物稳定存在的典型场景，具有明确的承载面和可编辑环境结构。,screened
植物,植物 / 兰科花卉,41,keep,"[""室内环境"", ""庭院园林""]",兰科花卉在室内或庭院园林中的生长场景,兰科花卉常见于室内或庭院园林环境中，具有稳定的生长和展示场景,screened
植物,植物 / 农作物 / V形种植区,25,keep,"[""农田"", ""农业生产场景""]",V形种植区作为农作物种植的特定结构形式，常见于农业种植环境中,V形种植区是农作物种植中的一种稳定结构，常见于农田和农业生产场景，具有明确的场景来源和可编辑性,screened
植物,植物 / 农作物 / 亚麻,23,keep,"[""农田"", ""农业生产环境""]",农作物种植和生长环境,亚麻作为农作物，常见于农田和农业生产环境中，具有稳定且广泛的场景来源。,screened
植物,植物 / 农作物 / 仁果植物,38,keep,"[""农田"", ""果园"", ""种植环境""]",仁果植物在农田或果园中的生长场景,仁果植物如苹果、梨等常见于农田和果园，具有稳定且广泛的场景来源,screened
植物,植物 / 农作物 / 可可树,23,keep,"[""农业环境"", ""种植场景""]",可可树生长的农田或种植园环境,可可树常见于热带农业环境，具有稳定且可编辑的种植场景来源,screened
植物,植物 / 农作物 / 叶菜植物,31,keep,"[""农田"", ""菜园"", ""室内种植""]",叶菜植物在农田、菜园及室内种植环境中的生长场景,叶菜植物常见于农田、菜园等稳定农业场景，具有明确的生长环境和承载面，适合召回相关图片,screened
植物,植物 / 农作物 / 向日葵,28,keep,"[""农田"", ""农村环境"", ""阳光充足区域""]",向日葵生长的农田及农村环境场景,向日葵常见于农田和阳光充足的开放区域，具有稳定且广泛的场景来源,screened
植物,植物 / 农作物 / 咖啡树,24,keep,"[""农业环境"", ""种植场景""]",咖啡树生长的农田或种植园环境,咖啡树常见于农业种植环境，具有稳定且可重复的场景来源,screened
植物,植物 / 农作物 / 坚果植物,24,keep,"[""农田"", ""种植环境"", ""自然环境""]",坚果植物在农田或自然种植环境中的生长场景,坚果植物通常生长在农田或自然种植环境中，具有稳定且可重复的场景来源,screened
植物,植物 / 农作物 / 大豆,33,keep,"[""农田"", ""农业生产环境""]",大豆生长及种植的农业场景,大豆作为农作物，常见于农田和农业生产环境中，具有稳定且广泛的场景来源,screened
植物,植物 / 农作物 / 大麦,28,keep,"[""农田"", ""农业生产环境""]",大麦生长的农田及农业生产场景,大麦作为农作物，常见于农田和农业生产环境中，具有稳定且广泛的场景来源,screened
植物,植物 / 农作物 / 家庭菜园,68,keep,"[""家庭菜园"", ""室内种植环境"", ""庭院绿化""]",家庭菜园中的农作物种植场景，包含土壤、容器、植物生长等稳定来源,家庭菜园提供稳定且可编辑的种植场景，具有明确的承载面和环境结构,screened
植物,植物 / 农作物 / 小麦,33,keep,"[""农田"", ""农业生产环境""]",小麦生长及种植的农田场景,小麦作为农作物，常见于农田环境中，具有稳定且广泛的场景来源,screened
植物,植物 / 农作物 / 木薯,27,keep,"[""农田"", ""种植环境"", ""农业场景""]",木薯种植及相关农业环境,木薯种植通常发生在农田或农业环境中，具有稳定且可重复的场景来源,screened
植物,植物 / 农作物 / 果菜植物,27,keep,"[""农田"", ""果园"", ""种植环境""]",农作物和果菜植物在农业种植场景中的实际生长环境,果菜植物通常生长在农田、果园等稳定且具有明确承载面的农业环境中，具备稳定、可编辑的场景来源,screened
植物,植物 / 农作物 / 柑橘植物,37,keep,"[""农田"", ""果园"", ""农业生产环境""]",柑橘类作物的种植与生长环境,柑橘植物常见于农田和果园，具有稳定的种植场景和承载环境，适合召回相关图片,screened
植物,植物 / 农作物 / 核果植物,27,keep,"[""农田"", ""果园"", ""种植环境""]",核果植物在农业种植场景中的实际生长环境,核果植物如桃、李、杏等常见于农田和果园，具有稳定且广泛的生长场景，能提供可靠的承载与环境来源,screened
植物,植物 / 农作物 / 根菜植物,30,keep,"[""农田"", ""种植环境"", ""土壤环境""]",根菜类农作物在农田或种植环境中的生长场景,根菜植物如胡萝卜、土豆等通常在农田或土壤环境中生长，具有稳定且可编辑的场景来源,screened
植物,植物 / 农作物 / 棉花,26,keep,"[""农田"", ""农业生产环境""]",棉花种植的农田及农业生产场景,棉花种植具有稳定的农田场景和农业生产环境来源，符合可编辑环境结构要求,screened
植物,植物 / 农作物 / 橡胶树,28,keep,"[""农业种植场"", ""热带种植环境""]",橡胶树在农业种植场中的生长环境及种植场景,橡胶树常见于热带农业种植区，具有稳定且可重复的种植场景，能提供可靠的承载与环境来源,screened
植物,植物 / 农作物 / 水稻,35,keep,"[""农田"", ""农业生产环境"", ""农村场景""]",水稻生长的农田及农业生产环境,水稻种植常见于农田，具有稳定且广泛的场景来源，符合室内/室外生产环境的可编辑性需求,screened
植物,植物 / 农作物 / 油料作物,25,keep,"[""农田"", ""农业生产场景"", ""农村环境""]",油料作物在农田中的种植和生长场景,油料作物如大豆、油菜等在农田中具有稳定且广泛的种植场景，能提供可靠的承载与环境来源,screened
植物,植物 / 农作物 / 油菜,28,keep,"[""农田"", ""农业生产场景""]",油菜种植的农田及农业生产环境,油菜种植通常发生在农田中，具有稳定且广泛的场景来源，符合室内或工作场所类场景的覆盖需求。,screened
植物,植物 / 农作物 / 浆果植物,32,keep,"[""农田"", ""果园"", ""种植环境""]",浆果类农作物的种植与生长场景,浆果植物常见于农田和果园，具有稳定且广泛的种植场景，能提供可靠的承载与环境来源,screened
植物,植物 / 农作物 / 烟草,28,keep,"[""农田"", ""种植环境"", ""农业场景""]",烟草种植及相关农业环境,烟草种植在农田中具有稳定且持续的场景来源，符合农业场景下的可编辑环境需求,screened
植物,植物 / 农作物 / 热带果树,30,keep,"[""热带果园"", ""农业生产环境"", ""自然植被环境""]",热带果树生长的自然与农业环境,热带果树常见于果园和农业环境中，具有稳定且可编辑的场景来源,screened
植物,植物 / 农作物 / 燕麦,27,keep,"[""农田"", ""农业生产环境""]",燕麦生长的农田及农业生产场景,燕麦作为农作物，常见于农田环境中，具有稳定且广泛的场景来源,screened
植物,植物 / 农作物 / 玉米,33,keep,"[""农田"", ""农业生产环境""]",玉米生长的农田及农业生产场景,玉米作为农作物，常见于农田和农业生产环境中，具有稳定且广泛的场景来源,screened
植物,植物 / 农作物 / 玉米高粱类,28,keep,"[""农田"", ""农业生产场景"", ""农村环境""]",玉米高粱类作物在农田中的生长场景,玉米高粱类作物在农田中具有稳定且广泛的生长场景，能提供可靠的承载与环境来源。,screened
植物,植物 / 农作物 / 瓜类植物,26,keep,"[""农田"", ""种植环境"", ""农村场景""]",农作物瓜类植物的种植和生长环境,瓜类植物常见于农田和种植环境中，具有稳定且广泛的场景来源,screened
植物,植物 / 农作物 / 甘蔗,28,keep,"[""农田"", ""种植环境"", ""农业场景""]",甘蔗生长及种植相关的农田和农业环境,甘蔗种植通常发生在农田中，具有稳定且广泛的场景来源，符合室内或室外农业环境的承载与使用需求,screened
植物,植物 / 农作物 / 甘薯,28,keep,"[""农田"", ""种植环境"", ""农业场景""]",甘薯种植及相关农业环境,甘薯种植通常发生在农田或农业环境中，具有稳定且广泛的场景来源。,screened
植物,植物 / 农作物 / 甜菜,28,keep,"[""农田"", ""农业生产环境""]",农作物种植场景中的甜菜种植环境,甜菜种植通常发生在农田或农业生产环境中，具有稳定且可重复的场景来源,screened
植物,植物 / 农作物 / 稻谷类,26,keep,"[""农田"", ""种植环境"", ""农业场景""]",稻谷类作物在农田中的生长和种植场景,稻谷类作物在农田中具有稳定且广泛的生长场景，能提供可靠的承载与环境来源,screened
植物,植物 / 农作物 / 红豆,26,hold,[],农作物类植物,仅凭'红豆'无法确定其是否具有稳定可用的场景或承载环境来源,screened
植物,植物 / 农作物 / 绿肥作物,27,keep,"[""农田"", ""农耕环境"", ""种植场景""]",农作物在农田中的种植与生长场景,绿肥作物通常出现在农田中，具有稳定的种植和生长场景，能提供可靠的环境来源。,screened
植物,植物 / 农作物 / 绿豆,28,keep,"[""农田"", ""种植环境""]",农作物在农田中的生长场景,绿豆作为农作物，常见于农田和种植环境中，具有稳定且广泛的场景来源,screened
植物,植物 / 农作物 / 芝麻,28,keep,"[""农田"", ""种植环境""]",农作物在农田中的种植和生长场景,芝麻作为农作物，常见于农田种植环境，具有稳定且广泛的场景来源,screened
植物,植物 / 农作物 / 花生,28,keep,"[""农田"", ""种植环境""]",花生生长的农田及种植场景,花生作为农作物，常见于农田和种植环境中，具有稳定且广泛的场景来源,screened
植物,植物 / 农作物 / 花菜植物,28,keep,"[""农田"", ""种植环境"", ""农业场景""]",农作物在农田或种植环境中的生长场景,花菜植物在农田或种植环境中具有稳定且常见的生长场景，能提供可靠的承载与编辑环境。,screened
植物,植物 / 农作物 / 茎菜植物,30,keep,"[""农田"", ""种植环境"", ""农业场景""]",农作物茎菜植物在农田或种植环境中的生长场景,茎菜植物如芹菜、胡萝卜等常见于农田或种植环境中，具有稳定且广泛的场景来源,screened
植物,植物 / 农作物 / 茶树,33,keep,"[""茶园"", ""农业环境"", ""自然环境""]",茶树生长的茶园及农业环境,茶树常见于茶园环境中，具有稳定且广泛的场景来源,screened
植物,植物 / 农作物 / 荞麦,28,keep,"[""农田"", ""农业生产环境""]",农作物在农田中的生长环境及农业生产场景,荞麦作为农作物，常见于农田环境中，具有稳定且广泛的场景来源,screened
植物,植物 / 农作物 / 药用植物,39,keep,"[""农田"", ""种植环境"", ""农村场景""]",农作物和药用植物在农田或种植环境中的生长场景,药用植物和农作物通常在农田或种植环境中稳定生长，具有明确的场景来源和可编辑的承载面。,screened
植物,植物 / 农作物 / 薯类作物,22,keep,"[""农田"", ""种植环境"", ""农业场景""]",薯类作物在农田中的生长环境及种植场景,薯类作物通常生长在农田中，具有稳定的种植场景和承载环境，符合室内及自然环境中的可编辑场景需求,screened
植物,植物 / 农作物 / 蚕豆,29,keep,"[""农田"", ""农业生产环境""]",蚕豆生长及种植的农业场景,蚕豆作为农作物，常见于农田和农业生产环境中，具有稳定且广泛的场景来源,screened
植物,植物 / 农作物 / 谷子,28,keep,"[""农田"", ""农业生产场景"", ""农村环境""]",谷子在农田中的生长环境及农业生产场景,谷子作为农作物，常见于农田中，具有稳定且广泛的生长场景，能提供可靠的承载与环境来源。,screened
植物,植物 / 农作物 / 豆类作物,31,keep,"[""农田"", ""种植环境"", ""农业场景""]",豆类作物在农田中的生长环境及种植场景,豆类作物通常在农田中稳定生长，具有明确的种植场景和承载环境，符合稳定场景来源的要求,screened
植物,植物 / 农作物 / 豌豆,28,keep,"[""农田"", ""种植环境"", ""农业场景""]",农作物在农田中的生长环境及种植场景,豌豆作为农作物，常见于农田和种植环境中，具有稳定且广泛的场景来源,screened
植物,植物 / 农作物 / 饲料作物,32,keep,"[""农田"", ""农业生产场景"", ""农村环境""]",农作物种植和饲料作物的生长环境,饲料作物在农田中具有稳定且广泛的生长场景，能提供可靠的承载与环境来源。,screened
植物,植物 / 农作物 / 马铃薯,28,keep,"[""农田"", ""种植环境"", ""农业生产""]",马铃薯在农田中的种植和生长场景,马铃薯作为农作物，常见于农田和种植环境中，具有稳定且广泛的场景来源,screened
植物,植物 / 农作物 / 高粱,28,keep,"[""农田"", ""农业生产环境""]",高粱生长的农田及农业生产场景,高粱作为农作物，常见于农田环境中，具有稳定且广泛的场景来源,screened
植物,植物 / 农作物 / 麦类,20,keep,"[""农田"", ""耕作环境"", ""农业场景""]",麦类作物在农田中的生长和耕作场景,麦类作物在农田中具有稳定且广泛的生长场景，能提供可靠的承载与环境来源,screened
植物,植物 / 农作物 / 黄麻,28,keep,"[""农田"", ""农业生产环境""]",农作物种植和生长环境,黄麻作为农作物，常见于农田和农业生产环境中，具有稳定且广泛的场景来源。,screened
植物,植物 / 匍匐植物,56,keep,"[""庭院园林"", ""自然环境""]",匍匐植物在庭院、园林及自然环境中常见的生长场景,匍匐植物常出现在庭院园林和自然环境中，具有稳定的生长和覆盖场景,screened
植物,植物 / 双子叶植物属 / 五桠果亚纲双子叶植物属,38,hold,[],植物属分类,仅凭分类名称无法确定具体场景或稳定来源,screened
植物,植物 / 啤酒花,26,hold,[],植物 / 啤酒花,分类名称缺乏明确的稳定场景或承载环境来源，无法确定其在实际场景中的可编辑使用范围。,screened
植物,植物 / 喜旱植物 / 番麻,86,hold,[],喜旱植物类植物,仅凭名称无法确定是否存在稳定有用的场景或承载环境来源,screened
植物,植物 / 土壤类型,23,keep,"[""自然环境"", ""庭院园林""]",植物生长相关的土壤类型场景,土壤类型是植物生长的基础环境，常见于自然和园艺场景中，具有稳定且广泛的来源,screened
植物,植物 / 地下芽植物,49,keep,"[""自然环境"", ""地下环境""]",地下芽植物在自然土壤或地下生态中的生长场景,地下芽植物具有稳定的地下生长来源，可覆盖自然环境中的土壤和地下生态场景,screened
植物,植物 / 地衣类,29,keep,"[""自然环境"", ""岩石表面""]",地衣常见于岩石、树皮、墙壁等自然表面，尤其在潮湿、阴暗环境中,地衣常生长在岩石、墙壁等稳定自然表面，提供稳定的场景和承载环境,screened
植物,植物 / 地被植物,58,keep,"[""庭院公园"", ""园林绿化"", ""自然环境""]",地被植物在庭院、公园和自然绿地中的覆盖与生长场景,地被植物常见于庭院公园和园林绿化中，提供稳定的覆盖和生态场景，具有明确的场景来源,screened
植物,植物 / 多年生花卉,52,keep,"[""庭院公园"", ""自然环境""]",多年生花卉在庭院、公园及自然环境中常见的生长场景,多年生花卉在多种自然和半自然场景中稳定生长，提供可编辑的植物承载与环境背景,screened
植物,植物 / 多肉,61,keep,"[""室内盆栽"", ""庭院绿化"", ""桌面装饰""]",多肉植物在室内、庭院及桌面等场景中的常见摆放和生长环境,多肉植物常作为室内装饰或庭院绿化元素，具有稳定的场景来源和可编辑的承载面,screened
植物,植物 / 多肉 / 仙人掌,264,keep,"[""室内盆栽"", ""庭院园林"", ""桌面装饰""]",多肉和仙人掌作为植物常出现在室内、庭院或桌面作为装饰性植物,多肉和仙人掌具有稳定的室内和户外场景来源，常作为盆栽或装饰植物出现，提供明确的承载和展示环境,screened
植物,植物 / 多肉 / 芦荟属植物,23,keep,"[""室内盆栽"", ""阳台绿化"", ""家庭园艺""]",多肉植物如芦荟属在家庭、阳台等室内环境中的常见摆放场景,芦荟属植物常作为室内盆栽或阳台绿植出现，具有稳定的场景来源和可编辑的承载面,screened
植物,植物 / 多肉 / 酸无花果,23,keep,"[""室内盆栽"", ""庭院绿化""]",多肉植物和酸无花果作为室内或庭院中的植物形态出现,多肉植物和酸无花果在室内盆栽或庭院环境中具有稳定且常见的场景来源,screened
植物,植物 / 多肉 / 雏菊日中花,18,keep,"[""室内盆栽"", ""阳台花园"", ""庭院景观""]",多肉植物和雏菊日中花在家庭、阳台或庭院等场景中的常见展示,多肉和雏菊日中花常作为室内或室外盆栽植物出现，具有稳定的场景来源和可编辑的承载环境,screened
植物,植物 / 多肉与仙人掌植物 / 仙人掌类,51,keep,"[""庭院园林"", ""室内装饰"", ""自然环境""]",仙人掌类植物在庭院、室内和自然环境中常见的生长或展示场景,仙人掌类植物常出现在庭院园林、室内装饰和自然环境中，具有稳定的场景来源和可编辑的承载面,screened
植物,植物 / 多肉与仙人掌植物 / 块根多肉,32,keep,"[""室内盆栽"", ""阳台绿化"", ""庭院景观""]",块根多肉植物在家庭或户外空间中的常见摆放场景,块根多肉植物常作为室内装饰或阳台绿植出现，具有稳定的场景来源和可编辑的承载面,screened
植物,植物 / 多肉与仙人掌植物 / 景天科多肉,55,keep,"[""室内盆栽"", ""庭院绿化"", ""桌面装饰""]",景天科多肉植物在家庭、庭院及桌面等场景中的常见摆放环境,景天科多肉植物常作为室内盆栽或桌面装饰出现，具有稳定的场景来源和可编辑的承载面,screened
植物,植物 / 多肉与仙人掌植物 / 番杏科多肉,40,keep,"[""室内盆栽"", ""阳台花园"", ""庭院景观""]",番杏科多肉植物在家庭、阳台、庭院等场景中的常见摆放和生长环境,番杏科多肉植物常作为室内盆栽或阳台绿植出现，具有稳定的生长和展示场景,screened
植物,植物 / 多肉与仙人掌植物 / 龙舌兰类,32,keep,"[""室内盆栽"", ""庭院绿化"", ""干燥环境""]",龙舌兰类植物在家庭、庭院或干燥环境中作为观赏或装饰性植物出现,龙舌兰类植物常见于干燥环境和室内盆栽场景，具有稳定的场景来源和可编辑的承载面,screened
植物,植物 / 室内植物 / 六雪尼,18,hold,[],植物 / 室内植物 / 六雪尼,仅凭分类名称无法确定其具体场景或是否存在稳定有用的来源,screened
植物,植物 / 室内植物 / 喜荫花,18,keep,"[""室内环境"", ""喜荫场景""]",室内喜荫环境中的植物类场景,喜荫花常见于室内阴凉位置，如角落、窗台背阴处，具有稳定且可重复的场景来源。,screened
植物,植物 / 室内植物 / 广东万年青,24,keep,"[""室内环境"", ""植物摆放场景""]",室内植物在家居或室内空间中的常见摆放场景,广东万年青作为室内植物，常见于家庭或办公空间的装饰性摆放，具有稳定的室内场景来源,screened
植物,植物 / 室内植物 / 波斯紫罗兰,23,keep,"[""室内环境"", ""植物摆放场景""]",室内植物类场景，包含波斯紫罗兰等常见室内观赏植物的摆放和生长环境,室内植物类具有稳定且常见的场景来源，如家居、客厅、阳台等，能提供可靠的承载与环境背景,screened
植物,植物 / 室内植物 / 球心花饰,23,keep,"[""室内环境"", ""植物装饰""]",室内植物类球心花饰在室内空间中的装饰性应用场景,球心花饰作为室内植物的一种，常用于室内装饰，具有稳定的场景来源和可编辑的承载面,screened
植物,植物 / 室内植物 / 紫鹅绒,18,hold,[],植物 / 室内植物 / 紫鹅绒,仅凭分类名称无法确定是否存在稳定有用的场景或承载区域来源。,screened
植物,植物 / 室内植物 / 胭脂果,18,keep,"[""室内环境"", ""植物生长场景""]",室内植物类场景，包含胭脂果等常见室内观赏植物的生长环境,室内植物类具有稳定且常见的生长场景，如家庭客厅、阳台或室内绿植区，能提供可靠的承载与环境背景,screened
植物,植物 / 室内植物 / 艳斑苣苔属,18,keep,"[""室内环境"", ""植物摆放场景""]",室内植物场景中包含艳斑苣苔属的稳定生长或展示环境,艳斑苣苔属作为室内植物，可在室内环境中有稳定生长或展示的场景，具备可编辑的承载面和空间结构,screened
植物,植物 / 室内植物 / 香茶菜属,24,keep,"[""室内环境"", ""植物摆放场景""]",室内植物类香茶菜属的种植或摆放场景,香茶菜属植物在室内环境中具有稳定的摆放和生长场景，可提供可编辑的植物承载与环境背景,screened
植物,植物 / 室内温室,22,keep,"[""室内温室"", ""封闭环境"", ""植物生长环境""]",室内温室中的植物生长场景,室内温室提供稳定且持续的植物生长环境，具有明确的承载和管理结构。,screened
植物,植物 / 岩生植物,34,keep,"[""自然环境"", ""岩壁环境""]",岩生植物在岩石表面生长的自然场景,岩生植物常见于岩石表面，具有稳定的自然生长场景和承载环境,screened
植物,植物 / 常绿乔木,53,keep,"[""自然环境"", ""庭院园林"", ""森林景观""]",常绿乔木在自然和人工绿化环境中的稳定存在场景,常绿乔木在自然环境和园林中具有稳定且广泛的场景来源，能提供可靠的承载与背景结构,screened
植物,植物 / 常绿植物,51,keep,"[""庭院园林"", ""自然环境""]",常绿植物在庭院园林和自然环境中的生长场景,常绿植物在庭院园林和自然环境中具有稳定且持续的生长来源，能提供丰富的场景和承载面,screened
植物,植物 / 常绿灌木,41,keep,"[""庭院园林"", ""自然环境""]",常绿灌木在庭院、园林及自然环境中常见的生长场景,常绿灌木在多种自然和人工园林场景中稳定存在，提供稳定的生长和视觉来源,screened
植物,植物 / 开花植物,47,keep,"[""庭院公园"", ""自然环境""]",开花植物在自然或庭院环境中呈现的场景,开花植物通常出现在庭院公园或自然环境中，具有稳定的场景来源和可编辑的承载面。,screened
植物,植物 / 插花艺术,22,keep,"[""室内装饰"", ""庭院园林""]",插花艺术在室内和庭院园林中的应用场景,插花艺术常见于室内装饰和庭院园林场景，具有稳定的场景来源和可编辑的承载环境,screened
植物,植物 / 日式花园,23,keep,"[""日式花园"", ""庭院园林"", ""自然环境""]",日式花园中的植物布局和景观结构,日式花园具有稳定且丰富的场景来源，包含明确的承载面和环境结构，适合召回相关图片。,screened
植物,植物 / 显花植物 / 开花植物,6613,keep,"[""自然环境"", ""庭院公园"", ""园林景观""]",开花植物在自然和人工园林中的生长场景,开花植物在自然环境和庭院中具有稳定且常见的生长场景，能提供丰富的视觉和可编辑环境来源,screened
植物,植物 / 显花植物 / 裸子植物,128,hold,[],植物 / 显花植物 / 裸子植物,仅凭分类名称无法确定是否存在稳定有用的场景或承载区域来源。,screened
植物,植物 / 有毒植物 / 东部毒橡树,22,reject,[],有毒植物类,东部毒橡树主要为抽象符号或孤立特写，缺乏稳定、可用的场景或承载环境来源。,screened
植物,植物 / 有毒植物 / 乌头,32,reject,[],有毒植物乌头,乌头属于有毒植物，通常以符号或文字形式出现，缺乏稳定、可用的场景或承载区域来源。,screened
植物,植物 / 有毒植物 / 匍匐百合,29,hold,[],植物 / 有毒植物 / 匍匐百合,仅凭分类名称无法确定是否存在稳定有用的场景或承载区域来源,screened
植物,植物 / 有毒植物 / 升麻,32,reject,[],有毒植物升麻,升麻属于特定有毒植物，缺乏稳定、广泛的场景或承载环境来源，主要为抽象符号或文字描述，无典型实用场景支持,screened
植物,植物 / 有毒植物 / 圣诞冬青,22,keep,"[""自然环境"", ""庭院园林""]",圣诞冬青作为有毒植物，常见于自然环境和庭院园林中，可提供稳定场景和承载面,圣诞冬青作为有毒植物，常见于自然环境和庭院园林中，具有稳定的场景来源，可作为支撑或附着区域的环境类型,screened
植物,植物 / 有毒植物 / 太平洋毒橡,27,hold,[],有毒植物类别,仅凭名称无法确定是否存在稳定有用的场景或承载区域来源,screened
植物,植物 / 有毒植物 / 太平洋漆树,27,reject,[],有毒植物,太平洋漆树属于特定有毒植物，缺乏稳定、广泛的场景或承载环境来源，主要为抽象符号或孤立特写，无通用场景支持,screened
植物,植物 / 有毒植物 / 夹竹桃,25,reject,[],有毒植物,夹竹桃属于有毒植物，通常以孤立植物特写或符号形式出现，缺乏稳定、广泛的场景或承载区域来源。,screened
植物,植物 / 有毒植物 / 夹竹桃科植物,55,hold,[],夹竹桃科植物,仅凭分类名称无法确定是否存在稳定有用的场景或承载区域来源,screened
植物,植物 / 有毒植物 / 小毒芹,29,reject,[],有毒植物的小毒芹,小毒芹属于特定有毒植物，缺乏稳定、广泛的场景或承载环境来源，主要为孤立植物特写，无典型使用或环境场景支撑,screened
植物,植物 / 有毒植物 / 日本漆树,28,reject,[],日本漆树,日本漆树属于有毒植物，主要提供抽象符号或警示信息，缺乏稳定、可用的场景或承载区域来源。,screened
植物,植物 / 有毒植物 / 毒堇,30,reject,[],有毒植物类,毒堇属于抽象符号或特定植物特写，缺乏稳定、通用的场景或承载环境来源,screened
植物,植物 / 有毒植物 / 毒漆,28,reject,[],有毒植物/毒漆相关类别,毒漆属于抽象符号或纯文字描述，缺乏稳定、可用的场景或承载区域来源,screened
植物,植物 / 有毒植物 / 白雪果,29,hold,[],有毒植物类,仅凭名称无法确定是否存在稳定有用的场景或承载区域来源,screened
植物,植物 / 有毒植物 / 铁筷子属植物,28,hold,"[""铁筷子属植物""]",铁筷子属植物的生长环境与分布,分类名称具体但缺乏明确的场景或承载环境来源，无法确定其稳定存在的场景或可编辑环境结构,screened
植物,植物 / 有毒植物 / 马缨丹,28,hold,[],有毒植物中的马缨丹,仅凭名称无法确定其是否具有稳定可用的场景或承载环境来源,screened
植物,植物 / 木本花卉,52,keep,"[""庭院园林"", ""自然环境""]",木本花卉在庭院或自然环境中生长的场景,木本花卉常见于庭院园林和自然环境中，具有稳定的生长场景和承载面，适合作为可编辑环境的来源,screened
植物,植物 / 木本藤本,46,keep,"[""自然环境"", ""庭院园林"", ""森林植被""]",木本藤本植物在自然和园林场景中的生长环境与分布,木本藤本植物常见于自然环境和庭院园林中，具有稳定的生长场景和承载面，能提供丰富的可编辑环境结构。,screened
植物,植物 / 木材,32,keep,"[""自然环境"", ""庭院公园"", ""森林地形""]",植物与木材相关的自然场景和生长环境,植物和木材在自然环境中具有稳定且广泛的来源，如森林、庭院和公园，能提供可靠的场景和承载面。,screened
植物,植物 / 杂交 / 街角,23,keep,"[""街角环境"", ""城市公共空间""]",街角区域中出现的杂交植物及其生长环境,街角作为城市公共空间的一部分，常有杂交植物自然生长，具备稳定且可编辑的场景来源,screened
植物,植物 / 杂草 / 加州蒲公英,27,keep,"[""自然环境"", ""庭院公园""]",加州蒲公英在自然和庭院环境中常见，可作为植被背景或干扰物出现,加州蒲公英在自然和庭院环境中常见，可作为植被背景或干扰物提供稳定场景来源,screened
植物,植物 / 杂草 / 加拿大飞蓬,25,reject,[],加拿大飞蓬作为杂草，通常出现在自然环境中，但缺乏稳定、可编辑的场景来源,加拿大飞蓬属于特定植物种类，多为孤立存在，无稳定场景或承载面，不符合可编辑环境结构要求,screened
植物,植物 / 杂草 / 岩荠,28,hold,[],植物杂草类,仅凭名称无法确定岩荠是否具有稳定场景或承载环境来源,screened
植物,植物 / 杂草 / 柳兰,28,hold,[],植物杂草类柳兰,仅凭名称无法确定其是否具有稳定可用的场景或承载环境来源,screened
植物,植物 / 杂草 / 矢车菊,28,hold,[],植物杂草类,仅凭名称无法确定是否存在稳定有用的场景或承载区域来源,screened
植物,植物 / 杂草 / 荨麻,28,reject,[],杂草类植物,荨麻属于孤立小物特写，缺乏稳定有用的场景或承载区域来源。,screened
植物,植物 / 杂草 / 蓟,131,reject,[],杂草类植物,蓟属于孤立小物特写，缺乏稳定有用的场景或承载区域来源,screened
植物,植物 / 树冠,24,keep,"[""自然环境"", ""庭院公园"", ""森林景观""]",树冠在自然环境中常见的表现形式，如森林、公园、庭院等场景,树冠作为植物的重要组成部分，常见于多种自然和园林场景，提供稳定的视觉来源和承载结构,screened
植物,植物 / 栽培品种,44,hold,[],植物栽培品种,仅凭分类名称无法确定具体场景或是否存在稳定有用的来源,screened
植物,植物 / 栽培植物,60,keep,"[""庭院园林"", ""室内种植"", ""自然环境""]",涉及栽培植物的种植场景，包括家庭、园艺、温室等环境,栽培植物通常出现在庭院园林、室内种植空间或自然环境中，具有稳定且可编辑的承载面和场景来源,screened
植物,植物 / 梧桐树,26,keep,"[""自然环境"", ""庭院公园""]",梧桐树在自然和庭院中的生长场景,梧桐树常见于自然环境和庭院公园，具有稳定的生长场景和承载区域,screened
植物,植物 / 棕榈类植物,51,keep,"[""庭院公园"", ""自然环境""]",棕榈类植物在庭院、公园及自然环境中常见的生长场景,棕榈类植物常见于庭院公园和自然环境中，具有稳定的生长场景和承载面，可作为可编辑环境的组成部分,screened
植物,植物 / 森林植物,67,keep,"[""自然环境"", ""森林场景""]",森林植物所处的自然环境及生态系统,森林植物通常存在于稳定的自然环境中，提供丰富的场景和承载面，适合召回相关图片,screened
植物,植物 / 植物纤维,56,keep,"[""自然环境"", ""庭院园林""]",植物纤维在自然和庭院环境中的应用场景,植物纤维常见于自然环境和庭院园林中，具有稳定的来源和可编辑的承载面,screened
植物,植物 / 植物群 / 灌木丛,70,keep,"[""自然环境"", ""庭院公园""]",灌木丛作为自然植被的一部分，常见于庭院、公园、山坡等自然或半自然场景中,灌木丛在多种自然和半自然场景中稳定存在，提供丰富的植被覆盖和生态结构，具有明确的场景来源,screened
植物,植物 / 植物过程 / 刺,18,keep,"[""自然环境"", ""庭院公园""]",植物的刺相关过程和场景,植物的刺常见于自然环境和庭院公园中，具有稳定的场景来源,screened
植物,植物 / 植被类型,41,keep,"[""自然环境"", ""庭院公园"", ""地形水域""]",植物/植被类型在自然环境和人工绿化空间中的分布与呈现,植被类型在自然环境和人工绿化空间中具有稳定且广泛的场景来源，能提供丰富的承载与背景结构,screened
植物,植物 / 气生植物 / 扼杀者,37,reject,[],气生植物类,‘扼杀者’为特定植物名称，缺乏稳定、通用的场景或承载环境来源，属于孤立小物特写，无广泛适用的场景支持,screened
植物,植物 / 水果浆果类 / 亚热带水果,55,keep,"[""自然环境"", ""庭院公园""]",亚热带水果在自然环境中的生长场景，如果园、庭院等,亚热带水果在自然环境中具有稳定的生长场景和承载面，可提供可靠的视觉来源,screened
植物,植物 / 水果浆果类 / 仁果类,47,hold,[],仁果类植物,仅凭名称无法确定是否存在稳定有用的场景或承载区域来源,screened
植物,植物 / 水果浆果类 / 坚果类,43,hold,[],植物类别下的坚果类,仅凭分类名称无法确定是否存在稳定有用的场景或承载区域来源,screened
植物,植物 / 水果浆果类 / 干果类,47,hold,[],植物 / 水果浆果类 / 干果类,仅凭分类名称无法确定是否存在稳定有用的场景或承载区域来源。,screened
植物,植物 / 水果浆果类 / 柑橘类,57,hold,[],柑橘类植物,仅凭分类名称无法确定是否存在稳定有用的场景或承载区域来源,screened
植物,植物 / 水果浆果类 / 核果类,42,hold,[],植物/水果浆果类/核果类,仅凭分类名称无法确定是否存在稳定有用的场景或承载区域来源,screened
植物,植物 / 水果浆果类 / 浆果类,121,keep,"[""自然环境"", ""庭院公园""]",植物类浆果在自然或庭院环境中生长或分布的场景,浆果类植物常见于自然环境和庭院公园中，具有稳定且可编辑的场景来源,screened
植物,植物 / 水果浆果类 / 热带水果,191,hold,[],植物 / 水果浆果类 / 热带水果,仅凭分类名称无法确定是否存在稳定有用的场景或承载区域来源。,screened
植物,植物 / 水果浆果类 / 瓜果类,51,keep,"[""自然环境"", ""庭院公园""]",瓜果类植物在自然或庭院环境中生长或展示的场景,瓜果类植物常见于自然环境和庭院公园中，具有稳定的生长和展示场景,screened
植物,植物 / 水生植物 / 仙桃草,19,hold,[],植物 / 水生植物 / 仙桃草,仅凭分类名称无法确定是否存在稳定有用的场景或承载区域来源。,screened
植物,植物 / 水生植物 / 伊乐藻,23,keep,"[""水域环境"", ""水生生态系统""]",水生植物在自然水体中的生长环境,伊乐藻作为水生植物，常见于湖泊、池塘等水域环境中，具有稳定的水生场景来源。,screened
植物,植物 / 水生植物 / 凤眼蓝,17,hold,[],植物 / 水生植物 / 凤眼蓝,仅凭分类名称无法确定是否存在稳定有用的场景或承载区域来源。,screened
植物,植物 / 水生植物 / 大叶藻,20,keep,"[""水域环境"", ""水生生态系统""]",水生植物类，如大叶藻，常见于湖泊、河流、池塘等静水环境,大叶藻作为水生植物，常稳定存在于水域环境中，提供生态承载和视觉参考，具有明确的场景来源,screened
植物,植物 / 水生植物 / 大薸,20,keep,"[""水域环境"", ""水生生态系统""]",水生植物在水域中的生长环境及生态场景,大薸常见于淡水水域，具有稳定的水生场景来源，能提供有效的承载与环境参考,screened
植物,植物 / 水生植物 / 开佛焰苞,28,hold,[],植物 / 水生植物 / 开佛焰苞,仅凭分类名称无法确定是否存在稳定有用的场景或承载区域来源。,screened
植物,植物 / 水生植物 / 挺水植物,51,keep,"[""水域环境"", ""湿地环境""]",挺水植物生长的水域及湿地场景,挺水植物常见于静水或浅水区域，具有稳定的生长环境和明确的场景来源,screened
植物,植物 / 水生植物 / 梭鱼草,21,keep,"[""水域环境"", ""湿地环境""]",水生植物在自然水域和湿地中的生长场景,梭鱼草常见于水域和湿地环境，具有稳定的生长场景和可编辑的自然水体背景,screened
植物,植物 / 水生植物 / 水仙女,19,reject,[],水仙女相关符号或文字,水仙女属于抽象符号或纯文字，无稳定有用的水生植物场景或承载区域来源,screened
植物,植物 / 水生植物 / 水毛茛状植物,26,keep,"[""水域环境"", ""水生环境""]",水生植物类在自然水域中的生长场景,水毛茛状植物常见于静水或缓流水域，具有稳定的水生场景来源,screened
植物,植物 / 水生植物 / 水生锥荚菜,30,keep,"[""水域环境"", ""自然水体""]",水生锥荚菜生长的水体环境，如池塘、湖泊、溪流等,水生锥荚菜常见于稳定水域环境中，可提供可靠的水生植物场景来源,screened
植物,植物 / 水生植物 / 水繁缕属植物,50,keep,"[""水域环境"", ""水生环境""]",水生植物在水域中的生长场景,水繁缕属植物常见于水体环境，具有稳定的水生场景来源,screened
植物,植物 / 水生植物 / 水谷精草,24,hold,[],植物 / 水生植物 / 水谷精草,分类名称模糊，'水谷精草'无明确概念指向，无法确定是否存在稳定有用的场景或承载环境来源。,screened
植物,植物 / 水生植物 / 水车前,18,keep,"[""水生环境"", ""自然水域"", ""庭院水景""]",水生植物在水体或水域环境中的生长场景,水车前作为水生植物的典型生长环境，具有稳定且可重复的场景来源，能提供有效的承载与视觉参考,screened
植物,植物 / 水生植物 / 水鳖,21,keep,"[""水域环境"", ""水生生态系统""]",水生植物在自然水域中的生长环境,水鳖作为水生植物，常见于湖泊、池塘等水域环境中，具有稳定的来源和可编辑的承载面。,screened
植物,植物 / 水生植物 / 沉水植物,47,keep,"[""水域环境"", ""水体环境""]",水生植物中的沉水植物，常见于湖泊、池塘、河流等静水或流动水体中,沉水植物通常生长在稳定水域环境中，提供稳定的水下场景和承载面，适合作为可编辑环境的来源,screened
植物,植物 / 水生植物 / 沼泽植物,219,keep,"[""湿地环境"", ""沼泽区域"", ""自然水体""]",水生植物在沼泽等湿地环境中的生长场景,沼泽植物生长于稳定湿地环境中，具有明确的场景来源和承载面，符合稳定场景要求,screened
植物,植物 / 水生植物 / 沼泽百脉根,23,keep,"[""湿地环境"", ""沼泽区域""]",水生植物在沼泽中的生长场景,沼泽百脉根作为水生植物，常见于湿地和沼泽环境，具有稳定的自然场景来源,screened
植物,植物 / 水生植物 / 浮叶植物,53,keep,"[""水域环境"", ""水体环境""]",水生植物中具有浮叶特征的植物，常见于湖泊、池塘等静水环境,浮叶植物通常生长在稳定水域中，提供明确的场景来源和可编辑的承载面,screened
植物,植物 / 水生植物 / 浮萍,20,keep,"[""水域环境"", ""水体表面""]",水生植物在水面或水体中的生长场景,浮萍常见于静水或缓流水面，具有稳定的水生环境来源,screened
植物,植物 / 水生植物 / 湿生植物,49,keep,"[""水域环境"", ""湿地环境""]",湿生植物生长的水域或湿地场景,水生植物在湿地或水域环境中具有稳定生长来源，能提供明确的场景和承载面,screened
植物,植物 / 水生植物 / 漂浮植物,34,keep,"[""水域环境"", ""自然水体""]",水生环境中漂浮的植物类群,漂浮植物常见于湖泊、河流等水域，提供稳定且可编辑的水体场景来源,screened
植物,植物 / 水生植物 / 狐尾藻,22,keep,"[""水域环境"", ""水生生态系统""]",水生植物在自然水体中的生长环境,狐尾藻作为水生植物，常见于湖泊、池塘等水域环境中，具有稳定的水生场景来源。,screened
植物,植物 / 水生植物 / 猫眼草,20,hold,[],植物 / 水生植物 / 猫眼草,仅凭分类名称无法确定是否存在稳定有用的场景或承载区域来源,screened
植物,植物 / 水生植物 / 睡莲,59,keep,"[""水生环境"", ""池塘水面"", ""自然水域""]",水生植物在池塘、湖泊等水域中的生长场景,睡莲常见于水生环境，具有稳定的水生场景来源，可提供有效的承载与视觉参考,screened
植物,植物 / 水生植物 / 美国水鳖,19,hold,[],美国水鳖所属的水生环境,仅凭名称无法确定其是否具有稳定可用的场景或承载区域来源,screened
植物,植物 / 水生植物 / 羽叶草,25,keep,"[""水域环境"", ""水生植物群落""]",水生植物类植物在水域中的生长环境及群落场景,羽叶草作为水生植物，常见于水域环境，具有稳定的水生场景来源，可提供有效的承载与生长背景。,screened
植物,植物 / 水生植物 / 荷花,23,keep,"[""水体环境"", ""池塘景观"", ""自然湿地""]",荷花生长于水体环境中的稳定场景，如池塘、湖泊和湿地,荷花常见于水体环境，具有稳定的生长场景和可编辑的自然水生空间,screened
植物,植物 / 水生植物 / 荸荠,27,keep,"[""水域环境"", ""水生生态系统""]",水生植物在水域中的生长环境及生态场景,荸荠作为水生植物，常见于池塘、湖泊等水域环境中，具有稳定的来源和可编辑的承载场景。,screened
植物,植物 / 水生植物 / 金棒芋,24,hold,[],植物 / 水生植物 / 金棒芋,仅凭分类名称无法确定是否存在稳定有用的场景或承载区域来源。,screened
植物,植物 / 水生植物 / 金鱼藻,23,hold,[],植物 / 水生植物 / 金鱼藻,仅凭分类名称无法确定是否存在稳定有用的场景或承载区域来源。,screened
植物,植物 / 水生花卉,72,keep,"[""水生环境"", ""自然水域""]",水生花卉在水域或湿地中的生长场景,水生花卉常见于湖泊、池塘等水域环境中，具有稳定的场景来源,screened
植物,植物 / 沙漠植被,53,keep,"[""沙漠环境"", ""干旱地区""]",沙漠中的植被类型及其生长环境,沙漠植被在特定干旱环境中具有稳定生长来源，能提供可靠的场景和承载区域。,screened
植物,植物 / 海岸植物,45,keep,"[""海岸环境"", ""自然环境""]",海岸植物在自然海岸带中的分布和生长场景,海岸植物通常生长在稳定的海岸环境中，具有明确的地理和生态场景来源,screened
植物,植物 / 湿地植物,47,keep,"[""湿地环境"", ""自然水域"", ""生态系统""]",湿地植物生长的自然环境和生态系统,湿地植物通常生长在稳定的湿地环境中，具有明确的场景来源和承载区域。,screened
植物,植物 / 球根植物,58,keep,"[""庭院园林"", ""自然环境""]",球根植物在庭院园林和自然环境中常见的生长场景,球根植物在庭院园林和自然环境中具有稳定且常见的生长场景，能提供可靠的承载与环境来源,screened
植物,植物 / 球根植物 / 伯利恒之星,18,hold,[],植物 / 球根植物 / 伯利恒之星,仅凭分类名称无法确定是否存在稳定有用的场景或承载区域来源,screened
植物,植物 / 球根植物 / 孤挺花,22,hold,[],球根植物中的孤挺花,仅凭分类名称无法确定其是否具有稳定可用的场景或承载环境来源,screened
植物,植物 / 球根植物 / 棋盘百合,41,hold,[],棋盘百合作为球根植物的一种，缺乏明确的稳定场景或承载环境来源,仅凭名称无法确定其是否具有稳定可用的场景或承载环境，缺乏可判断的场景来源,screened
植物,植物 / 球根植物 / 水仙属,35,keep,"[""自然环境"", ""庭院园林"", ""水生环境""]",水仙属植物在自然和庭院环境中常见的生长场景,水仙属植物常生长于自然湿地、庭院园林及水生环境中，具有稳定的场景来源,screened
植物,植物 / 球根植物 / 百合科植物,486,hold,[],百合科植物,仅凭分类名称无法确定是否存在稳定有用的场景或承载区域来源,screened
植物,植物 / 球根植物 / 鸢尾科植物,138,keep,"[""自然环境"", ""庭院公园""]",鸢尾科植物在自然和庭院环境中的生长场景,鸢尾科植物常见于自然环境和庭院公园，具有稳定的生长场景和承载面，可提供有效的视觉参考,screened
植物,植物 / 盆景植物,50,keep,"[""室内环境"", ""庭院园林""]",盆景植物在室内或庭院园林中的摆放场景,盆景植物常作为室内装饰或庭院园林景观的一部分，具有稳定的场景来源和可编辑的承载环境,screened
植物,植物 / 盆栽植物,50,keep,"[""室内环境"", ""家庭场景""]",盆栽植物在室内或家庭环境中作为装饰或功能性植物存在,盆栽植物常见于室内、家庭场景，提供稳定且可编辑的承载面和环境背景,screened
植物,植物 / 盐生植物,54,keep,"[""自然环境"", ""海岸地带""]",盐生植物生长的沿海或盐碱地环境,盐生植物常见于沿海或盐碱地等特定自然环境，具有稳定的生长场景和承载区域,screened
植物,植物 / 秋天的叶子,28,keep,"[""自然环境"", ""庭院公园""]",秋天的树叶在自然环境中出现的场景,秋天的叶子常见于自然环境和庭院公园中，具有稳定且广泛的场景来源,screened
植物,植物 / 种植 / 植树,24,keep,"[""自然环境"", ""庭院公园"", ""绿化区域""]",涉及植树和种植活动的自然及人工绿化场景,植树活动常见于自然环境、庭院公园和绿化区域，具有稳定且广泛的场景来源,screened
植物,植物 / 种植园 / 中式园林,25,keep,"[""中式园林"", ""庭院环境"", ""自然景观""]",中式园林中的植物种植场景，包含亭台楼阁、水系、假山、路径等典型结构,中式园林具有稳定且丰富的场景结构，包含多种植物与建筑元素的组合，提供明确的承载面和可编辑环境,screened
植物,植物 / 种植园 / 修剪成形的花园,23,keep,"[""花园"", ""庭院公园"", ""自然环境""]",修剪成形的花园在植物种植园中的稳定场景,修剪成形的花园具有稳定的场景来源，包含明确的承载面和可编辑环境结构，适合召回相关图片,screened
植物,植物 / 种植园 / 小树林,24,keep,"[""自然环境"", ""庭院公园"", ""小树林""]",种植园和小树林中的植物生长场景,小树林和种植园提供稳定的自然场景和植物生长环境，具有明确的承载与可编辑空间。,screened
植物,植物 / 种植园 / 日式庭园,27,keep,"[""日式庭园"", ""自然环境"", ""庭院园林""]",日式庭园中的植物种植场景，包含自然布局、景观设计和传统元素,日式庭园具有稳定且丰富的场景来源，包含明确的承载面和可编辑环境结构,screened
植物,植物 / 种植园 / 禅意庭园,25,keep,"[""庭院公园"", ""自然环境""]",禅意庭园中的植物种植场景，包含自然布局、静谧空间和传统园林元素,禅意庭园具有稳定且丰富的场景来源，包含明确的承载面和环境结构，适合提供可编辑的自然场景,screened
植物,植物 / 种植园 / 花园,35,keep,"[""庭院公园"", ""自然环境""]",种植园和花园类场景，包含花卉种植、绿植布局等稳定环境,花园类场景具有稳定且丰富的承载面和可编辑环境，适合提供植物生长和布局的视觉参考,screened
植物,植物 / 种植园 / 规则式花园,23,keep,"[""规则式花园"", ""庭院园林"", ""自然环境""]",规则式花园中的植物种植场景，包含人工设计的园艺布局和稳定的空间结构,规则式花园具有稳定且可重复的场景结构，提供明确的承载面和植物生长环境，适合作为可编辑场景来源,screened
植物,植物 / 种植园 / 造型树园,23,keep,"[""庭院公园"", ""自然环境"", ""种植园""]",包含造型树园在内的种植园场景，如庭院、公园中的树形景观设计,造型树园通常存在于庭院公园或自然环境中，提供稳定的场景和承载结构，适合作为可编辑环境的来源,screened
植物,植物 / 稀树草原,26,keep,"[""稀树草原"", ""自然环境"", ""地形地貌""]",稀树草原中的植物及其生长环境,稀树草原具有稳定且广泛的自然场景来源，包含多种植物生长环境，适合召回相关图片,screened
植物,植物 / 竹类植物,63,keep,"[""自然环境"", ""庭院园林""]",竹类植物在自然环境和庭院园林中的生长场景,竹类植物常见于自然环境和庭院园林，具有稳定的生长场景和承载面，可提供有效的视觉参考,screened
植物,植物 / 经济作物 / 染料作物,27,keep,"[""农业种植场"", ""农田环境"", ""经济作物区""]",染料作物在农业种植环境中的实际生长场景,染料作物在农田中具有稳定且可重复的生长场景，属于典型的农业种植环境，具备稳定的来源和可编辑的承载面。,screened
植物,植物 / 经济作物 / 橡胶与树脂作物,24,keep,"[""农业种植场"", ""自然环境"", ""农村地区""]",橡胶与树脂作物的种植环境及生长场景,橡胶与树脂作物通常在特定农业环境中种植，具有稳定的场景来源，如农田、种植园等，可提供可靠的承载与环境结构。,screened
植物,植物 / 经济作物 / 烟草作物,19,keep,"[""农业种植场"", ""农田环境"", ""经济作物区""]",烟草作物的种植场景，包括农田、种植基地等实际耕作环境,烟草作物在农业种植场中具有稳定且可重复的种植场景，能提供可靠的承载与环境来源,screened
植物,植物 / 经济作物 / 糖料作物,23,keep,"[""农田"", ""种植环境"", ""农业场景""]",糖料作物的种植与生长环境,糖料作物如甘蔗、甜菜等在农田中具有稳定且广泛的种植场景，提供明确的承载与环境来源。,screened
植物,植物 / 经济作物 / 纤维作物,22,keep,"[""农业种植场"", ""农田环境"", ""农村生产场景""]",经济作物中的纤维作物在农业种植和生产场景中的实际应用环境,纤维作物如棉花、麻类在农田中具有稳定且广泛的种植和生产场景，可提供可靠的承载与环境来源。,screened
植物,植物 / 经济作物 / 饮料作物,28,keep,"[""农业种植场"", ""经济作物园地"", ""饮品生产环境""]",经济作物种植与饮品生产相关的农业场景,饮料作物如茶叶、咖啡等在农业种植场中具有稳定且可编辑的场景来源，符合稳定场景和承载环境的要求,screened
植物,植物 / 经济作物 / 香料作物,50,keep,"[""农业种植场"", ""农田环境"", ""经济作物区""]",香料作物在农业种植环境中的实际生长场景,香料作物在农田中具有稳定且可重复的生长场景，能提供可靠的种植与管理环境来源,screened
植物,植物 / 绿色植物,44,keep,"[""自然环境"", ""庭院公园"", ""室内绿化""]",绿色植物在自然和人工环境中的分布与应用场景,绿色植物常见于自然环境、庭院公园及室内绿化场景，具有稳定的场景来源和承载面,screened
植物,植物 / 芙蓉花,26,keep,"[""自然环境"", ""庭院公园""]",芙蓉花在自然和庭院中的生长场景,芙蓉花常见于自然环境和庭院公园中，具有稳定的生长场景和承载面，可提供有效的视觉参考,screened
植物,植物 / 花园芦笋,23,keep,"[""庭院园林"", ""自然环境""]",花园中生长的芦笋及其生长环境,芦笋作为植物在花园或自然环境中具有稳定生长场景，可提供可靠的承载与背景来源,screened
植物,植物 / 花店场景,18,keep,"[""花店场景"", ""室内环境"", ""商业空间""]",花店场景中的植物展示、陈列和销售环境,花店场景具有稳定且丰富的植物展示和销售来源，包含明确的承载面和可编辑环境结构。,screened
植物,植物 / 花田,17,keep,"[""田园景观"", ""自然环境"", ""花田场景""]",包含花田等植物生长的自然开放空间,花田具有稳定的自然场景来源，能提供丰富的视觉和可编辑环境结构,screened
植物,植物 / 苔藓植物,33,keep,"[""自然环境"", ""庭院园林""]",苔藓植物在自然和园林环境中的生长场景,苔藓植物常见于湿润的自然环境和庭院园林中，具有稳定的生长场景和承载面,screened
植物,植物 / 苗圃,23,keep,"[""苗圃"", ""种植环境"", ""农业场景""]",植物苗圃中的种植与管理场景,苗圃提供稳定的植物生长和管理场景，具有明确的承载与环境结构,screened
植物,植物 / 茎类植物,44,keep,"[""自然环境"", ""庭院公园""]",茎类植物在自然和庭院环境中的生长场景,茎类植物常见于自然环境和庭院公园中，具有稳定的生长场景和承载面，能提供有效的视觉来源。,screened
植物,植物 / 草原植物,40,keep,"[""草原环境"", ""自然环境""]",草原植物在自然草原场景中的分布与生长环境,草原植物具有稳定的自然生长场景，能提供丰富的生态与环境来源,screened
植物,植物 / 草本植物 / 一年生银扇草,24,hold,[],草本植物类,仅凭名称无法确定是否存在稳定有用的场景或承载区域来源,screened
植物,植物 / 草本植物 / 一把抓,29,keep,"[""自然环境"", ""庭院公园""]",草本植物类在自然和庭院环境中常见的生长场景,一把抓作为草本植物，常见于自然和庭院环境中，具有稳定的生长场景和承载面，符合可编辑环境结构要求,screened
植物,植物 / 草本植物 / 一种植物,36,hold,[],一种植物,仅凭分类名称无法确定具体植物种类或其稳定出现的场景来源,screened
植物,植物 / 草本植物 / 三叶草,68,keep,"[""草地"", ""庭院"", ""自然环境""]",三叶草常见于草地、庭院和自然环境中，具有稳定的生长场景,三叶草在草地、庭院和自然环境中常见，提供稳定且可编辑的场景来源,screened
植物,植物 / 草本植物 / 三叶草形,23,hold,[],三叶草形草本植物,仅凭名称无法确定是否存在稳定有用的场景或承载区域来源,screened
植物,植物 / 草本植物 / 三圆叶猪屎豆,26,keep,"[""自然环境"", ""庭院公园""]",草本植物三圆叶猪屎豆在自然和庭院环境中的生长场景,三圆叶猪屎豆作为草本植物，常见于自然和庭院环境中，具有稳定的生长场景和承载面，可提供有效的视觉来源。,screened
植物,植物 / 草本植物 / 上天梯,28,hold,[],草本植物中的上天梯,仅凭分类名称无法确定其具体场景或是否存在稳定有用的来源,screened
植物,植物 / 草本植物 / 不凋花,20,keep,"[""自然环境"", ""庭院公园""]",草本植物中不凋花类在自然和庭院环境中稳定存在,不凋花类植物在自然和庭院环境中具有稳定生长和可见的场景来源,screened
植物,植物 / 草本植物 / 丝线吊铜钟,23,reject,[],植物 / 草本植物 / 丝线吊铜钟,该分类包含抽象符号和孤立小物特写，无稳定有用的场景或承载区域来源。,screened
植物,植物 / 草本植物 / 中提琴,79,reject,[],中提琴作为植物的分类不存在稳定场景或承载环境,中提琴是乐器，不属于草本植物，且无稳定场景或承载区域来源,screened
植物,植物 / 草本植物 / 中间琴颈草,19,hold,[],草本植物类,仅凭名称无法确定是否存在稳定有用的场景或承载区域来源,screened
植物,植物 / 草本植物 / 主教冠,19,reject,[],植物 / 草本植物 / 主教冠,主教冠为特定符号或装饰物，缺乏稳定、通用的场景或承载环境来源,screened
植物,植物 / 草本植物 / 主教帽植物,20,hold,[],草本植物类,分类名称‘主教帽植物’缺乏明确的场景或稳定来源，无法确定其在实际场景中的可编辑环境或承载结构。,screened
植物,植物 / 草本植物 / 乔派伊草,21,hold,[],草本植物类植物,仅凭名称无法确定乔派伊草是否具有稳定可用的场景或承载环境来源,screened
植物,植物 / 草本植物 / 九龙吐珠,18,hold,[],草本植物类,仅凭名称无法确定是否存在稳定有用的场景或承载区域来源,screened
植物,植物 / 草本植物 / 乳草,44,hold,[],乳草作为草本植物的子类，缺乏明确的稳定场景或承载环境来源,仅凭‘乳草’这一具体植物名称，无法确定其在实际场景中是否具有稳定、可编辑的环境或承载面来源,screened
植物,植物 / 草本植物 / 二蕊紫苏,25,hold,[],草本植物类,仅凭分类名称无法确定是否存在稳定有用的场景或承载区域来源,screened
植物,植物 / 草本植物 / 云归,24,hold,[],草本植物云归,仅凭名称无法确定其具体场景或是否存在稳定有用的来源,screened
植物,植物 / 草本植物 / 云片松,20,keep,"[""自然环境"", ""庭院园林""]",云片松作为草本植物，常见于自然环境和庭院园林中，具有稳定的生长场景和承载面,云片松作为草本植物，常见于自然环境和庭院园林中，具有稳定的生长场景和承载面,screened
植物,植物 / 草本植物 / 五色梅,24,keep,"[""庭院园林"", ""自然环境""]",草本植物五色梅在庭院或自然环境中生长的场景,五色梅作为草本植物，常见于庭院园林和自然环境中，具有稳定的生长场景和承载面，可提供有效的视觉来源。,screened
植物,植物 / 草本植物 / 五色草,24,keep,"[""庭院园林"", ""室内绿化""]",草本植物五色草在庭院、园林及室内绿植场景中的应用,五色草常见于庭院园林和室内绿化场景，具有稳定的生长和展示环境，能提供可编辑的植物承载面。,screened
植物,植物 / 草本植物 / 五香八角,13,reject,[],五香八角作为植物类别,五香八角主要为香料，多以干燥或小物特写形式出现，缺乏稳定、广泛的场景或承载环境来源,screened
植物,植物 / 草本植物 / 亚历山大,21,hold,[],草本植物亚历山大,仅凭名称无法确定其具体场景或稳定来源,screened
植物,植物 / 草本植物 / 亚麻,23,keep,"[""农田"", ""庭院"", ""自然环境""]",草本植物中的亚麻在农田、庭院及自然环境中常见，具有稳定生长场景,亚麻作为草本植物，在农田和自然环境中具有稳定生长和可编辑的场景来源,screened
植物,植物 / 草本植物 / 仙鹤草,18,hold,[],草本植物类植物,仅凭名称无法确定仙鹤草是否具有稳定可用的场景或承载环境来源,screened
植物,植物 / 草本植物 / 伊利诺伊合欢草,19,hold,[],草本植物类,仅凭名称无法确定是否存在稳定有用的场景或承载区域来源,screened
植物,植物 / 草本植物 / 伞形科植物,36,keep,"[""自然环境"", ""庭院公园""]",草本植物中的伞形科植物在自然和庭院环境中常见，具有稳定的生长场景,伞形科植物在自然和庭院环境中常见，具有稳定的生长场景和可编辑的承载面,screened
植物,植物 / 草本植物 / 倒挂金钟,23,keep,"[""室内环境"", ""悬挂场景"", ""植物生长环境""]",倒挂金钟作为草本植物，常见于室内悬挂或特定生长环境，提供稳定场景和可编辑空间,倒挂金钟常生长在室内悬挂位置，具有稳定的场景来源和可编辑的承载面,screened
植物,植物 / 草本植物 / 假主教帽花,20,hold,[],草本植物类,分类名称模糊，'假主教帽花'缺乏明确场景或稳定来源，无法确定其是否具有稳定可用的场景或承载环境。,screened
植物,植物 / 草本植物 / 假毛地黄,20,hold,[],草本植物类,仅凭名称无法确定是否存在稳定有用的场景或承载区域来源,screened
植物,植物 / 草本植物 / 假荨麻,20,keep,"[""自然环境"", ""庭院园林"", ""植物生长场景""]",草本植物类在自然和庭院环境中具有稳定生长场景，假荨麻作为植物可提供典型生长背景,假荨麻作为草本植物，可在自然和庭院环境中稳定生长，提供可编辑的植物生长场景,screened
植物,植物 / 草本植物 / 假藏红花,20,hold,[],草本植物类,分类名称模糊，'假藏红花'缺乏明确场景或稳定来源，无法确定其是否具有稳定可用的场景或承载环境。,screened
植物,植物 / 草本植物 / 假酸浆,19,keep,"[""自然环境"", ""庭院园林"", ""植物生长场景""]",草本植物类在自然和庭院环境中具有稳定的生长场景和承载面,假酸浆作为草本植物，常见于自然和庭院环境中，具备稳定的生长场景和可编辑的植物承载面,screened
植物,植物 / 草本植物 / 假龙头花,23,hold,[],草本植物类,仅凭名称无法确定是否存在稳定有用的场景或承载区域来源,screened
植物,植物 / 草本植物 / 兜状荷包牡丹,21,hold,[],草本植物类,仅凭名称无法确定是否存在稳定有用的场景或承载区域来源,screened
植物,植物 / 草本植物 / 八角茴香,34,hold,[],草本植物类,仅凭名称无法确定是否存在稳定有用的场景或承载区域来源,screened
植物,植物 / 草本植物 / 公羊角,21,reject,[],植物 / 草本植物 / 公羊角,公羊角并非植物组成部分，属于动物器官，与植物类别无稳定场景关联,screened
植物,植物 / 草本植物 / 六角英,22,hold,[],草本植物六角英,仅凭名称无法确定其具体场景或稳定来源，缺乏明确的场景或承载环境关联,screened
植物,植物 / 草本植物 / 兰香,22,keep,"[""自然环境"", ""庭院园林""]",兰香作为草本植物，常见于自然环境和庭院园林中，具有稳定的生长场景和承载面,兰香作为草本植物，常见于自然环境和庭院园林中，具有稳定的生长场景和承载面,screened
植物,植物 / 草本植物 / 兴安白芷,23,hold,[],草本植物类,仅凭名称无法确定是否存在稳定有用的场景或承载区域来源,screened
植物,植物 / 草本植物 / 冬菟葵,22,keep,"[""自然环境"", ""庭院公园"", ""草地场景""]",草本植物类在自然环境中常见，冬菟葵作为具体植物种类可代表其生长场景,冬菟葵作为草本植物，常见于自然和庭院环境中，具有稳定的生长场景和承载面，符合可编辑环境结构要求,screened
植物,植物 / 草本植物 / 冬青油植物,19,keep,"[""自然环境"", ""庭院园林"", ""植物生长环境""]",冬青油植物作为草本植物的一种，常见于自然和庭院环境中，具有稳定的生长场景和承载面,冬青油植物在自然和庭院环境中具有稳定的生长场景，可提供稳定的植物生长和承载区域,screened
植物,植物 / 草本植物 / 净肠草,12,hold,[],草本植物类,仅凭名称无法确定净肠草是否具有稳定可用的场景或承载环境来源,screened
植物,植物 / 草本植物 / 几内亚胡椒,22,keep,"[""自然环境"", ""庭院园林"", ""植物生长场景""]",草本植物在自然或庭院环境中生长的场景,几内亚胡椒作为草本植物，可在自然或庭院环境中稳定生长，提供稳定的植物生长场景来源,screened
植物,植物 / 草本植物 / 凤梨,28,hold,[],草本植物中的凤梨,仅凭'凤梨'无法确定其是否具有稳定场景或承载区域来源,screened
植物,植物 / 草本植物 / 刺果薹草,25,hold,[],草本植物类植物,仅凭名称无法确定是否存在稳定有用的场景或承载区域来源,screened
植物,植物 / 草本植物 / 刺毛黧豆,26,hold,[],草本植物类植物,仅凭名称无法确定是否存在稳定有用的场景或承载区域来源,screened
植物,植物 / 草本植物 / 刺罂粟,23,hold,[],草本植物类植物,仅凭名称无法确定是否存在稳定有用的场景或承载区域来源,screened
植物,植物 / 草本植物 / 刺芹儿,19,hold,[],草本植物类植物,仅凭'刺芹儿'无法确定其具体场景或稳定来源，缺乏明确的场景或承载环境关联,screened
植物,植物 / 草本植物 / 加州鱼腥草,25,hold,[],加州鱼腥草,仅凭分类名称无法确定其是否具有稳定有用的场景或承载区域来源,screened
植物,植物 / 草本植物 / 加州黄钟花,22,hold,[],加州黄钟花,仅凭分类名称无法确定其是否具有稳定有用的场景或承载区域来源,screened
植物,植物 / 草本植物 / 加拉克斯草,19,hold,[],加拉克斯草作为草本植物的分类,仅凭名称无法确定其是否具有稳定可用的场景或承载环境来源,screened
植物,植物 / 草本植物 / 加拿大血根草,22,hold,[],植物 / 草本植物 / 加拿大血根草,仅凭分类名称无法确定是否存在稳定有用的场景或承载区域来源。,screened
植物,植物 / 草本植物 / 勿忘我,20,hold,[],草本植物中的勿忘我,仅凭名称无法确定是否存在稳定有用的场景或承载区域来源,screened
植物,植物 / 草本植物 / 北美产薄荷,20,keep,"[""庭院园林"", ""自然环境""]",北美产薄荷在庭院或自然环境中生长的场景,草本植物如北美产薄荷在庭院园林和自然环境中具有稳定生长来源，可提供可靠的场景和承载面,screened
植物,植物 / 草本植物 / 北美琉璃草,21,keep,"[""自然环境"", ""庭院公园""]",北美琉璃草在自然和庭院环境中作为草本植物出现的场景,北美琉璃草常见于自然和庭院环境中，具有稳定的生长场景和可编辑的承载面,screened
植物,植物 / 草本植物 / 北美黄根,24,hold,[],植物 / 草本植物 / 北美黄根,仅凭分类名称无法确定是否存在稳定有用的场景或承载区域来源,screened
植物,植物 / 草本植物 / 十字花科植物,290,keep,"[""自然环境"", ""庭院公园""]",十字花科植物在自然和庭院环境中常见的生长场景,十字花科植物在自然和庭院环境中具有稳定生长来源，可提供可靠的场景和承载面,screened
植物,植物 / 草本植物 / 半枝莲,21,hold,[],草本植物类,仅凭名称无法确定是否存在稳定有用的场景或承载区域来源,screened
植物,植物 / 草本植物 / 半边莲,22,hold,[],草本植物中的半边莲,仅凭分类名称无法确定其是否具有稳定可用的场景或承载环境来源,screened
植物,植物 / 草本植物 / 华丽景天,23,keep,"[""庭院园林"", ""自然环境"", ""室内盆栽""]",草本植物类在庭院、园林及室内环境中的常见生长场景,华丽景天作为草本植物，常见于庭院园林和室内盆栽场景，具有稳定的生长环境和可编辑的承载面,screened
植物,植物 / 草本植物 / 华丽獐牙菜,21,hold,[],草本植物类,仅凭名称无法确定是否存在稳定有用的场景或承载区域来源,screened
植物,植物 / 草本植物 / 单花鹿蹄草,21,hold,[],草本植物类单花鹿蹄草,仅凭分类名称无法确定其具体场景或稳定来源，缺乏明确的场景或承载环境支持,screened
植物,植物 / 草本植物 / 南田七,23,hold,[],草本植物类,仅凭名称无法确定南田七是否具有稳定可用的场景或承载环境来源,screened
植物,植物 / 草本植物 / 南非野生大麻,14,reject,[],南非野生大麻,该类别属于纯文字或品牌标志类，缺乏稳定、可用的场景或承载区域来源。,screened
植物,植物 / 草本植物 / 卡宴茉莉,22,hold,[],草本植物类,仅凭名称无法确定是否存在稳定有用的场景或承载区域来源,screened
植物,植物 / 草本植物 / 卡尼奥拉莨菪,18,hold,[],草本植物类,仅凭名称无法确定是否存在稳定有用的场景或承载区域来源,screened
植物,植物 / 草本植物 / 印度莴苣,18,hold,[],草本植物类,仅凭名称无法确定是否存在稳定有用的场景或承载区域来源,screened
植物,植物 / 草本植物 / 印第安颜料,22,reject,[],印第安颜料,印第安颜料属于抽象符号和品牌标志，缺乏稳定、可用的场景或承载区域来源。,screened
植物,植物 / 草本植物 / 原荽,16,keep,"[""自然环境"", ""庭院公园"", ""草地场景""]",草本植物原荽在自然和庭院环境中常见，具有稳定的生长场景,原荽常见于自然草地和庭院中，提供稳定的生长环境和可编辑的植物承载面,screened
植物,植物 / 草本植物 / 友谊草,21,hold,[],友谊草,仅凭名称无法确定其具体场景或是否存在稳定有用的来源,screened
植物,植物 / 草本植物 / 变豆菜,22,keep,"[""自然环境"", ""庭院公园""]",草本植物变豆菜在自然和庭院环境中的生长场景,变豆菜作为草本植物，常见于自然和庭院环境中，具有稳定的生长场景和承载面，可提供有效的场景来源,screened
植物,植物 / 草本植物 / 叶兰,18,keep,"[""室内环境"", ""庭院园林""]",草本植物叶兰在室内或庭院园林中的生长场景,叶兰作为植物可稳定存在于室内或庭院园林环境中，提供明确的场景和承载面,screened
植物,植物 / 草本植物 / 吊菜子,22,hold,[],草本植物类吊菜子,仅凭分类名称无法确定其具体场景或是否存在稳定有用的来源,screened
植物,植物 / 草本植物 / 向阳花,22,keep,"[""自然环境"", ""庭院公园""]",向阳花在自然环境中生长的场景，如庭院、公园等阳光充足区域,向阳花作为草本植物，常见于阳光充足的自然或庭院环境中，具有稳定的生长场景和可编辑的承载面,screened
植物,植物 / 草本植物 / 响尾莴苣,22,keep,"[""自然环境"", ""草地场景""]",草本植物在自然环境中的生长场景，如草地、田野等,响尾莴苣作为草本植物，常见于自然草地和野外环境，具有稳定的生长场景和承载面，可提供有效的视觉来源。,screened
植物,植物 / 草本植物 / 响尾蛇根,24,reject,[],植物 / 草本植物 / 响尾蛇根,响尾蛇根并非植物，属于误分类或错误命名，缺乏稳定可用的场景或承载环境来源。,screened
植物,植物 / 草本植物 / 唇形科植物,32,keep,"[""自然环境"", ""庭院公园""]",唇形科植物在自然和庭院环境中作为草本植物存在,唇形科植物常见于自然和庭院环境中，具有稳定的生长场景和承载面，可作为植物类场景的可靠来源,screened
植物,植物 / 草本植物 / 喙果欧芹,23,keep,"[""室内园艺"", ""庭院种植"", ""自然环境""]",草本植物类在室内、庭院及自然环境中作为可种植或观赏植物的常见存在,喙果欧芹作为草本植物，可在多种场景中作为植物生长或装饰存在，具有稳定的场景来源,screened
植物,植物 / 草本植物 / 喜林草属植物,21,keep,"[""自然环境"", ""庭院公园""]",喜林草属植物在自然和庭院环境中作为草本植物出现的场景,喜林草属植物在自然和庭院环境中具有稳定的生长场景，可提供可靠的场景来源,screened
植物,植物 / 草本植物 / 喷嚏草,23,hold,[],草本植物类,仅凭名称无法确定是否存在稳定有用的场景或承载区域来源,screened
植物,植物 / 草本植物 / 嘉年华花,24,hold,[],嘉年华花作为草本植物的子类，缺乏明确的稳定场景或承载环境来源,嘉年华花属于特定植物种类，缺乏稳定、普遍的场景或环境来源，无法确定其在实际场景中的典型承载或使用环境,screened
植物,植物 / 草本植物 / 囊荚植物,24,hold,[],草本植物中的囊荚植物,仅凭分类名称无法确定其具体场景或稳定来源，缺乏明确的场景或承载环境支持,screened
植物,植物 / 草本植物 / 四棱草,23,hold,[],草本植物类,仅凭名称无法确定四棱草是否具有稳定可用的场景或承载环境来源,screened
植物,植物 / 草本植物 / 土霍香,22,hold,[],草本植物类,仅凭名称无法确定是否存在稳定有用的场景或承载区域来源,screened
植物,植物 / 草本植物 / 圣三叶草,23,keep,"[""草地"", ""园林景观"", ""自然环境""]",草本植物中的圣三叶草在自然和人工绿地中常见，可作为植被覆盖或地面铺装元素,圣三叶草常见于草地和园林中，具有稳定的自然场景来源，可提供可编辑的地面覆盖和植被环境,screened
植物,植物 / 草本植物 / 圣母蓟,23,hold,[],草本植物类,仅凭名称无法确定是否存在稳定有用的场景或承载区域来源,screened
植物,植物 / 草本植物 / 圣经叶草,24,hold,[],圣经叶草,仅凭名称无法确定其具体场景或稳定来源，缺乏明确的场景或承载环境关联,screened
植物,植物 / 草本植物 / 地椒,25,hold,[],草本植物类植物,仅凭名称无法确定是否存在稳定有用的场景或承载环境来源,screened
植物,植物 / 草本植物 / 地瓜儿苗,22,hold,[],草本植物的地瓜儿苗,仅凭分类名称无法确定其是否具有稳定有用的场景或承载区域来源,screened
植物,植物 / 草本植物 / 地笋植物,12,hold,[],草本植物中的地笋植物,仅凭分类名称无法确定其具体场景或是否存在稳定有用的来源,screened
植物,植物 / 草本植物 / 地莓,22,keep,"[""庭院园林"", ""自然环境""]",地莓生长的自然或园艺环境，如草地、花坛、坡地等,地莓常见于庭院园林和自然环境中，具有稳定的生长场景和承载面，可作为植物类场景的有效来源,screened
植物,植物 / 草本植物 / 地蚤,27,reject,[],地蚤相关场景,地蚤属于微小生物，通常不构成稳定或可用的场景或承载环境，缺乏明确的实用场景来源。,screened
植物,植物 / 草本植物 / 垫状哈斯蒂草,20,keep,"[""自然环境"", ""草地场景""]",垫状哈斯蒂草作为草本植物在自然环境中出现的场景,垫状哈斯蒂草是自然环境中常见的草本植物，可作为自然环境和草地场景的稳定来源,screened
植物,植物 / 草本植物 / 垫状风轮菜,12,hold,[],草本植物类,仅凭名称无法确定是否存在稳定有用的场景或承载区域来源,screened
植物,植物 / 草本植物 / 埃塞俄比亚蕉,20,hold,[],埃塞俄比亚蕉作为草本植物的子类,仅凭名称无法确定其是否具有稳定、可用的场景或承载环境来源,screened
植物,植物 / 草本植物 / 夏威夷小叶薄荷,20,keep,"[""庭院园林"", ""自然环境""]",草本植物类在庭院或自然环境中作为植物生长的场景,夏威夷小叶薄荷作为草本植物，常见于庭院园林或自然环境中，具有稳定的生长场景和承载面，可提供有效的植物生长与环境互动来源,screened
植物,植物 / 草本植物 / 多年生獐牙菜,20,keep,"[""自然环境"", ""庭院园林""]",多年生獐牙菜在自然或庭院环境中生长的场景,多年生獐牙菜作为草本植物，常见于自然或庭院园林环境中，具有稳定的生长场景和承载面，可提供有效的场景来源,screened
植物,植物 / 草本植物 / 大星芹,19,hold,[],草本植物类,仅凭名称无法确定是否存在稳定有用的场景或承载区域来源,screened
植物,植物 / 草本植物 / 大花琴颈草,20,hold,[],草本植物类,仅凭名称无法确定其是否具有稳定可用的场景或承载环境来源,screened
植物,植物 / 草本植物 / 大苍角殿,20,hold,[],草本植物类,分类名称缺乏明确的场景或承载环境指向，无法确定其稳定来源或适用场景。,screened
植物,植物 / 草本植物 / 大麻叶泽兰,19,hold,[],草本植物类植物,分类名称具体但缺乏明确的稳定场景或承载环境来源，无法确定其是否包含可编辑的场景或环境结构。,screened
植物,植物 / 草本植物 / 大黄,20,keep,"[""自然环境"", ""庭院园林""]",草本植物大黄在自然环境和庭院园林中的生长场景,大黄作为草本植物，常见于自然环境和庭院园林中，具有稳定的生长场景和承载面，可提供有效的视觉来源。,screened
植物,植物 / 草本植物 / 天仙子,12,hold,[],草本植物类植物,仅凭名称无法确定其是否具有稳定可用的场景或承载环境来源,screened
植物,植物 / 草本植物 / 天南星属植物,80,hold,[],天南星属植物,仅凭分类名称无法确定其是否具有稳定有用的场景或承载区域来源,screened
植物,植物 / 草本植物 / 天竺葵,78,keep,"[""庭院园林"", ""室内绿化""]",天竺葵作为草本植物，常见于庭院、阳台及室内绿化场景中，提供稳定生长环境和视觉装饰功能,天竺葵常见于庭院园林和室内绿化场景，具有稳定的生长环境和视觉装饰作用，可作为植物类场景的有效来源,screened
植物,植物 / 草本植物 / 奇哈切夫母菊,20,hold,[],草本植物类,仅凭名称无法确定是否存在稳定有用的场景或承载区域来源,screened
植物,植物 / 草本植物 / 姜,14,keep,"[""厨房"", ""室内环境"", ""家庭厨房""]",姜作为草本植物，常见于厨房和家庭烹饪场景中，提供稳定且可编辑的承载与使用环境,姜作为常见草本植物，常出现在厨房环境中，具有稳定且可编辑的使用场景，如烹饪、放置等，符合室内场景中的实用来源。,screened
植物,植物 / 草本植物 / 姜黄,21,keep,"[""厨房环境"", ""烹饪场景"", ""室内植物""]",姜黄作为草本植物，常见于厨房和烹饪场景中，具有稳定的使用环境和承载面,姜黄常出现在厨房环境中，作为烹饪原料，提供明确且稳定的场景来源,screened
植物,植物 / 草本植物 / 婆罗门参,12,hold,[],草本植物婆罗门参,仅凭分类名称无法确定其是否具有稳定有用的场景或承载区域来源,screened
植物,植物 / 草本植物 / 小猪毛菜,17,hold,[],草本植物类,仅凭名称无法确定是否存在稳定有用的场景或承载区域来源,screened
植物,植物 / 草本植物 / 小白菊,20,keep,"[""自然环境"", ""庭院公园""]",草本植物类小白菊在自然和庭院环境中的生长场景,小白菊常见于自然和庭院环境中，具有稳定的生长场景和可编辑的承载面,screened
植物,植物 / 草本植物 / 小花紫草,20,hold,[],草本植物中的小花紫草,仅凭分类名称无法确定是否存在稳定有用的场景或承载区域来源,screened
植物,植物 / 草本植物 / 小花风轮菜,20,hold,[],草本植物类小花风轮菜,仅凭分类名称无法确定其是否具有稳定可用的场景或承载环境来源,screened
植物,植物 / 草本植物 / 尾草,20,keep,"[""自然环境"", ""庭院公园""]",草本植物尾草在自然和庭院环境中的生长场景,尾草作为草本植物，常见于自然和庭院环境中，具有稳定的生长来源和可编辑的场景支持,screened
植物,植物 / 草本植物 / 山地母菊,21,keep,"[""自然环境"", ""山地环境"", ""植物生长场景""]",山地母菊作为草本植物，常见于自然山地环境中，具有稳定的生长场景和可编辑的植物承载面,山地母菊在自然山地环境中具有稳定生长场景，可提供可靠的植物生长与承载区域,screened
植物,植物 / 草本植物 / 山大黄,20,hold,[],草本植物类别,仅凭名称无法确定是否存在稳定有用的场景或承载区域来源,screened
植物,植物 / 草本植物 / 山柳菊,23,keep,"[""自然环境"", ""庭院公园""]",山柳菊作为草本植物，常见于自然和庭院环境中，提供稳定的生长场景和可编辑的植物承载面,山柳菊是常见草本植物，多生长于自然和庭院环境中，具有稳定的场景来源，可作为植物类场景的代表性来源,screened
植物,植物 / 草本植物 / 山薄荷,20,keep,"[""自然环境"", ""庭院园林""]",山薄荷作为草本植物，常见于自然环境和庭院园林中，具有稳定的生长场景和承载面,山薄荷在自然环境和庭院园林中具有稳定的生长场景，可作为植物类场景的有效来源,screened
植物,植物 / 草本植物 / 山金车属,23,keep,"[""自然环境"", ""庭院园林"", ""野外生长""]",山金车属草本植物在自然和庭院环境中常见，具有稳定的生长场景,山金车属植物常见于自然和庭院环境中，提供稳定的生长场景和可编辑的植物承载面,screened
植物,植物 / 草本植物 / 岩白菜属,22,hold,[],岩白菜属植物,仅凭分类名称无法确定是否存在稳定有用的场景或承载区域来源,screened
植物,植物 / 草本植物 / 岩白菜属植物,33,hold,[],岩白菜属植物,仅凭分类名称无法确定其是否具有稳定有用的场景或承载区域来源,screened
植物,植物 / 草本植物 / 岩马齿苋,21,keep,"[""自然环境"", ""庭院公园""]",岩马齿苋作为草本植物，常见于自然或庭院环境中，可提供稳定生长场景,岩马齿苋是常见草本植物，可在自然或庭院环境中稳定生长，提供可编辑的植物生长场景,screened
植物,植物 / 草本植物 / 巴西利,16,keep,"[""厨房"", ""阳台"", ""庭院""]",草本植物巴西利在厨房、阳台和庭院等常见场景中作为食材或装饰出现,巴西利作为常见草本植物，常出现在厨房或阳台种植场景中，具有稳定且可编辑的环境来源,screened
植物,植物 / 草本植物 / 希腊三叶草,16,keep,"[""自然环境"", ""庭院公园""]",希腊三叶草作为草本植物，常见于自然和庭院环境中，提供稳定的生长场景和可编辑的植被背景,希腊三叶草在自然和庭院环境中具有稳定生长场景，可作为植被背景提供可编辑的植物承载面,screened
植物,植物 / 草本植物 / 弗吉尼亚报春花,20,hold,[],草本植物类,仅凭名称无法确定是否存在稳定有用的场景或承载区域来源,screened
植物,植物 / 草本植物 / 德国洋甘菊,21,keep,"[""自然环境"", ""庭院公园""]",德国洋甘菊作为草本植物，常见于自然和庭院环境中，可提供稳定的生长场景和承载面,德国洋甘菊在自然和庭院环境中具有稳定的生长场景，可作为植物类场景的有效来源,screened
植物,植物 / 草本植物 / 心叶植物,24,keep,"[""室内环境"", ""庭院园林""]",心叶植物在室内或庭院园林中的生长场景,心叶植物常见于室内绿化和庭院园林中，具有稳定的生长环境和可编辑的承载面,screened
植物,植物 / 草本植物 / 愈伤绒毛花,20,hold,[],草本植物类,仅凭名称无法确定是否存在稳定有用的场景或承载区域来源,screened
植物,植物 / 草本植物 / 报春花,38,hold,[],草本植物中的报春花,仅凭分类名称无法确定是否存在稳定有用的场景或承载区域来源,screened
植物,植物 / 草本植物 / 披针叶小美国薄荷,20,keep,"[""自然环境"", ""庭院公园""]",草本植物中的披针叶小美国薄荷在自然和庭院环境中常见，具有稳定的生长场景,披针叶小美国薄荷常见于自然和庭院环境中，提供稳定的生长场景和承载面，符合可编辑环境结构要求,screened
植物,植物 / 草本植物 / 指顶花,20,hold,[],草本植物指顶花,仅凭分类名称无法确定其具体场景或是否存在稳定有用的来源,screened
植物,植物 / 草本植物 / 摩鹿加香脂草,20,hold,[],草本植物类,仅凭名称无法确定其是否具有稳定可用的场景或承载环境来源,screened
植物,植物 / 草本植物 / 斑鸠菊属,22,keep,"[""自然环境"", ""庭院公园"", ""草地场景""]",斑鸠菊属植物在自然和庭院环境中常见，具有稳定的生长场景,斑鸠菊属植物多生长于自然草地和庭院环境中，提供稳定的场景来源,screened
植物,植物 / 草本植物 / 新西兰绵羊植物,20,hold,[],新西兰绵羊植物,分类名称模糊，缺乏明确的场景或稳定来源，无法确定其实际存在的环境或承载区域。,screened
植物,植物 / 草本植物 / 旋覆花属植物,22,hold,[],旋覆花属植物,仅凭分类名称无法确定其是否具有稳定有用的场景或承载区域来源,screened
植物,植物 / 草本植物 / 无味母菊,24,keep,"[""自然环境"", ""庭院公园"", ""草地场景""]",草本植物中的无味母菊在自然环境中常见，可作为植物生长场景的代表,无味母菊常见于自然草地和庭院环境中，具有稳定的生长场景和可编辑的植物承载面,screened
植物,植物 / 草本植物 / 无檐便帽,23,reject,[],无,无檐便帽是人类穿戴物品，不属于植物类别，且无稳定场景或承载区域来源,screened
植物,植物 / 草本植物 / 无舌状花母菊,24,keep,"[""自然环境"", ""庭院公园""]",草本植物中的无舌状花母菊在自然和庭院环境中常见，具有稳定的生长场景和承载面,无舌状花母菊常见于自然和庭院环境中，具备稳定的生长场景和可编辑的承载面,screened
植物,植物 / 草本植物 / 旱金莲,26,keep,"[""庭院园林"", ""自然环境""]",旱金莲作为草本植物，常见于庭院、花园及自然环境中，可提供稳定的生长场景和承载面,旱金莲多生长于庭院或自然环境中，具有稳定的场景来源，可作为植物类场景的代表性样本,screened
植物,植物 / 草本植物 / 普通菊苣,25,keep,"[""自然环境"", ""庭院公园""]",普通菊苣作为草本植物出现在自然或庭院环境中，可作为背景或生长场景,菊苣是常见草本植物，常生长在自然或庭院环境中，提供稳定且可编辑的场景来源,screened
植物,植物 / 草本植物 / 普通鼬瓣花,24,hold,[],植物 / 草本植物 / 普通鼬瓣花,仅凭分类名称无法确定其是否具有稳定有用的场景或承载区域来源。,screened
植物,植物 / 草本植物 / 景天,29,keep,"[""庭院公园"", ""自然环境""]",景天类草本植物在庭院、公园及自然环境中常见的生长场景,景天类植物常见于庭院、公园及自然环境中，具有稳定的生长场景和承载面，适合作为可编辑环境的来源,screened
植物,植物 / 草本植物 / 月见草,26,keep,"[""自然环境"", ""庭院公园""]",月见草作为草本植物，常见于自然和庭院环境中，具有稳定的生长场景和可编辑的承载面,月见草在自然和庭院环境中常见，提供稳定的生长场景和可编辑的承载面,screened
植物,植物 / 草本植物 / 木犀草属,23,keep,"[""自然环境"", ""庭院公园"", ""草地场景""]",木犀草属植物在自然和庭院环境中常见，具有稳定的生长场景,木犀草属植物常见于自然草地和庭院环境中，提供稳定的生长和展示场景,screened
植物,植物 / 草本植物 / 杯花,23,hold,[],草本植物中的杯花,仅凭名称无法确定是否存在稳定有用的场景或承载区域来源,screened
植物,植物 / 草本植物 / 松香草,22,hold,[],草本植物类,仅凭名称无法确定是否存在稳定有用的场景或承载区域来源,screened
植物,植物 / 草本植物 / 极乐鸟,22,reject,[],极乐鸟相关植物,极乐鸟是鸟类，不属于草本植物，该分类存在概念错误，无稳定场景或承载区域来源,screened
植物,植物 / 草本植物 / 林地水苏,22,hold,[],草本植物林地水苏,仅凭分类名称无法确定其具体场景或是否存在稳定有用的来源,screened
植物,植物 / 草本植物 / 林薄荷,24,keep,"[""自然环境"", ""庭院公园"", ""草地场景""]",林薄荷在自然环境和庭院中常见，可作为植物生长的典型场景,林薄荷常见于自然草地和庭院中，具有稳定的生长环境和可编辑的承载面，适合作为植物类场景召回,screened
植物,植物 / 草本植物 / 柠檬香蜂草,25,hold,[],草本植物类,仅凭名称无法确定是否存在稳定有用的场景或承载区域来源,screened
植物,植物 / 草本植物 / 柳兰,20,keep,"[""自然环境"", ""庭院公园""]",草本植物柳兰在自然和庭院环境中常见，具有稳定的生长场景,柳兰常见于自然环境和庭院中，提供稳定的生长场景和承载面，符合可编辑环境结构要求,screened
植物,植物 / 草本植物 / 根芹菜,22,keep,"[""农田"", ""菜园"", ""家庭厨房""]",草本植物根芹菜在农业种植和家庭厨房中的常见场景,根芹菜作为常见草本植物，常出现在农田、菜园和厨房等稳定场景中，具有明确的承载和使用环境,screened
植物,植物 / 草本植物 / 栽培芹菜,19,keep,"[""农田"", ""菜园"", ""家庭厨房""]",栽培芹菜的种植环境及日常管理场景,芹菜作为常见草本植物，其栽培场景具有稳定性和普遍性，涵盖农田、菜园和家庭厨房等典型场景,screened
植物,植物 / 草本植物 / 棉绒草,21,keep,"[""自然环境"", ""庭院公园""]",棉绒草作为草本植物，常见于自然和庭院环境中，提供稳定的生长场景和可编辑的植物承载面,棉绒草在自然和庭院环境中具有稳定的生长场景，可作为植物类场景的代表性来源,screened
植物,植物 / 草本植物 / 欧洲盐角草,21,hold,[],草本植物类,仅凭名称无法确定是否存在稳定有用的场景或承载区域来源,screened
植物,植物 / 草本植物 / 欧洲萝卜,17,hold,[],欧洲萝卜作为草本植物的子类,仅凭名称无法确定其是否具有稳定可用的场景或承载环境来源,screened
植物,植物 / 草本植物 / 款冬,22,hold,[],草本植物款冬,仅凭名称无法确定其具体场景或稳定来源，缺乏明确的场景或承载环境关联,screened
植物,植物 / 草本植物 / 毛茛,34,keep,"[""自然环境"", ""庭院公园"", ""草地场景""]",草本植物毛茛在自然和庭院环境中常见，具有稳定的生长场景和承载面,毛茛作为常见草本植物，常生长在自然草地、庭院或公园中，提供稳定的自然场景和可编辑的植物覆盖环境,screened
植物,植物 / 草本植物 / 毛蕊花,21,hold,[],草本植物中的毛蕊花,仅凭分类名称无法确定其具体场景或是否存在稳定有用的来源,screened
植物,植物 / 草本植物 / 水叶,24,keep,"[""自然环境"", ""庭院公园""]",草本植物中的水叶类在自然和庭院环境中常见，具有稳定场景来源,水叶作为草本植物，常见于自然环境和庭院公园中，具有稳定且可编辑的场景来源,screened
植物,植物 / 草本植物 / 沼泽大黄,22,keep,"[""湿地环境"", ""沼泽区域""]",沼泽环境中生长的草本植物，如沼泽大黄,沼泽大黄在特定湿地环境中稳定生长，提供明确的自然场景和承载区域,screened
植物,植物 / 草本植物 / 沼生水苏,24,keep,"[""湿地环境"", ""水生环境""]",沼生水苏生长的水边或湿地场景,沼生水苏常见于湿地或水边环境，具有稳定的水生场景来源,screened
植物,植物 / 草本植物 / 泽兰,23,hold,[],草本植物泽兰,仅凭分类名称无法确定其是否具有稳定有用的场景或承载区域来源,screened
植物,植物 / 草本植物 / 洋柿子,24,keep,"[""庭院园林"", ""自然环境""]",草本植物类在庭院或自然环境中作为植物生长的场景,洋柿子作为草本植物，可在庭院园林或自然环境中稳定生长，提供可编辑的植物生长场景,screened
植物,植物 / 草本植物 / 洋甘菊,18,keep,"[""自然环境"", ""庭院公园"", ""草地场景""]",洋甘菊作为草本植物，常见于自然和庭院环境中，可提供稳定的生长场景和承载面,洋甘菊在自然和庭院环境中常见，具有稳定的生长场景和可编辑的承载面，适合用于植物类场景的图片召回,screened
植物,植物 / 草本植物 / 洋苏草,86,hold,[],草本植物类植物,仅凭名称无法确定洋苏草是否具有稳定可用的场景或承载环境来源,screened
植物,植物 / 草本植物 / 活血草,64,hold,[],草本植物类,仅凭名称无法确定是否存在稳定有用的场景或承载区域来源,screened
植物,植物 / 草本植物 / 海乳草,24,hold,[],草本植物类,仅凭名称无法确定是否存在稳定有用的场景或承载区域来源,screened
植物,植物 / 草本植物 / 海洋之露,23,hold,[],草本植物类,分类名称模糊，'海洋之露'缺乏明确的植物定义或稳定场景来源，无法确定其具体范围或是否存在稳定有用的场景来源。,screened
植物,植物 / 草本植物 / 海甘蓝,25,keep,"[""自然环境"", ""庭院园林""]",海甘蓝作为草本植物，常见于自然或庭院环境中，可作为植物生长场景的代表,海甘蓝是常见草本植物，通常生长在自然或庭院环境中，具有稳定的场景来源,screened
植物,植物 / 草本植物 / 海索草,25,keep,"[""自然环境"", ""庭院公园""]",海索草作为草本植物，常见于自然或庭院环境中，提供稳定的生长场景和可编辑的植物覆盖区域,海索草是常见草本植物，可在自然或庭院环境中稳定生长，提供可编辑的植物覆盖和场景背景,screened
植物,植物 / 草本植物 / 海绿属植物,23,keep,"[""自然环境"", ""庭院园林""]",海绿属植物在自然环境中常见的生长场景,海绿属植物作为草本植物，通常生长在自然或庭院园林环境中，具有稳定的场景来源,screened
植物,植物 / 草本植物 / 滨藜,26,keep,"[""自然环境"", ""庭院公园""]",草本植物滨藜在自然和庭院环境中常见，具有稳定生长场景,滨藜作为草本植物，常见于自然环境和庭院公园，具有稳定且可编辑的生长场景,screened
植物,植物 / 草本植物 / 澳大利亚剑兰,23,hold,[],澳大利亚剑兰,仅凭分类名称无法确定其是否具有稳定有用的场景或承载区域来源,screened
植物,植物 / 草本植物 / 灌木豌豆,23,keep,"[""自然环境"", ""庭院公园"", ""农田场景""]",灌木豌豆作为植物在自然和庭院环境中常见，具有稳定的生长场景和承载面,灌木豌豆在自然环境和庭院中常见，提供稳定的生长场景和可编辑的植物承载面,screened
植物,植物 / 草本植物 / 火把莲,24,hold,[],草本植物类,仅凭分类名称无法确定其是否具有稳定有用的场景或承载区域来源,screened
植物,植物 / 草本植物 / 火箭,25,hold,[],草本植物类,仅凭'火箭'这一名称无法确定其具体植物形态或稳定场景来源，缺乏明确的场景或承载环境关联,screened
植物,植物 / 草本植物 / 烟草,23,reject,[],烟草,烟草属于抽象符号和品牌标志，缺乏稳定有用的场景或承载区域来源,screened
植物,植物 / 草本植物 / 焦油草,25,hold,[],草本植物类,仅凭名称无法确定焦油草是否具有稳定可用的场景或承载环境来源,screened
植物,植物 / 草本植物 / 煤气厂,22,reject,[],煤气厂,煤气厂属于工业设施，植物/草本植物在此场景中缺乏稳定、普遍的来源，且多为符号或孤立存在，无明确的可编辑环境结构或承载面。,screened
植物,植物 / 草本植物 / 狮耳花,26,keep,"[""室内环境"", ""庭院园林"", ""自然环境""]",草本植物狮耳花在室内、庭院和自然环境中常见，可作为背景或装饰存在,狮耳花作为草本植物，常见于室内盆栽、庭院绿化和自然生长环境，具有稳定的场景来源,screened
植物,植物 / 草本植物 / 猫足花,24,hold,[],猫足花作为草本植物的子类，缺乏明确的稳定场景或承载环境来源,分类名称‘猫足花’缺乏明确的场景关联，无法确定其在实际环境中的稳定出现场景或承载区域,screened
植物,植物 / 草本植物 / 獐耳细辛,26,reject,[],植物 / 草本植物 / 獐耳细辛,该分类为特定草本植物，属于抽象符号和孤立小物特写，缺乏稳定有用的场景或承载区域来源。,screened
植物,植物 / 草本植物 / 玉簪,28,keep,"[""庭院园林"", ""自然环境""]",玉簪作为草本植物，常见于庭院园林和自然环境中，提供稳定的生长场景和承载面,玉簪在庭院园林和自然环境中具有稳定生长场景，可作为植物类场景的有效来源,screened
植物,植物 / 草本植物 / 珍珠菜,25,keep,"[""自然环境"", ""庭院园林""]",草本植物珍珠菜在自然和庭院环境中的生长场景,珍珠菜作为草本植物，常见于自然环境和庭院园林中，具有稳定的生长场景和承载面，可提供有效的环境参考,screened
植物,植物 / 草本植物 / 球花盐生草,24,hold,[],草本植物类,分类名称具体但缺乏明确的场景或承载环境来源，无法确定其稳定存在的场景或可编辑环境结构。,screened
植物,植物 / 草本植物 / 琴形花,24,hold,[],草本植物中的琴形花,仅凭分类名称无法确定其是否具有稳定可用的场景或承载环境来源,screened
植物,植物 / 草本植物 / 甜叶菊,24,hold,[],草本植物类植物,仅凭分类名称无法确定是否存在稳定有用的场景或承载区域来源,screened
植物,植物 / 草本植物 / 甜款冬,22,keep,"[""庭院园林"", ""自然环境""]",草本植物中的甜款冬在庭院或自然环境中常见，具有稳定生长场景,甜款冬作为草本植物，常见于庭院园林和自然环境中，具备稳定且可编辑的场景来源,screened
植物,植物 / 草本植物 / 甜独角兽草,17,reject,[],无稳定场景或承载区域,甜独角兽草为虚构或抽象概念，缺乏稳定、真实的场景或承载环境来源,screened
植物,植物 / 草本植物 / 痢疾旋覆花,26,reject,[],植物类别,痢疾旋覆花为特定植物，主要作为药用，缺乏稳定、广泛的场景或承载环境来源，属于抽象符号或孤立小物特写，无通用场景支持,screened
植物,植物 / 草本植物 / 白升麻,22,hold,[],草本植物类,仅凭名称无法确定是否存在稳定有用的场景或承载区域来源,screened
植物,植物 / 草本植物 / 白花丹,20,hold,[],草本植物类白花丹,仅凭分类名称无法确定其是否具有稳定可用的场景或承载环境来源,screened
植物,植物 / 草本植物 / 白花变豆菜,20,keep,"[""自然环境"", ""庭院公园""]",草本植物白花变豆菜在自然和庭院环境中作为植物生长的场景,白花变豆菜作为草本植物，常见于自然和庭院环境中，具有稳定的生长场景和承载面，可提供有效的植物生长背景。,screened
植物,植物 / 草本植物 / 白花芝麻菜,21,hold,[],草本植物类,仅凭名称无法确定是否存在稳定有用的场景或承载区域来源,screened
植物,植物 / 草本植物 / 白花菜属植物,21,keep,"[""自然环境"", ""庭院公园""]",白花菜属植物在自然和庭院环境中作为草本植物出现的场景,白花菜属植物在自然和庭院环境中具有稳定的生长场景，可提供可靠的场景来源,screened
植物,植物 / 草本植物 / 白苹果薯,23,reject,[],白苹果薯,白苹果薯为特定植物品种，缺乏稳定、广泛的场景或承载环境来源，属于孤立小物特写，无典型使用或环境场景。,screened
植物,植物 / 草本植物 / 百脉根,24,keep,"[""自然环境"", ""庭院公园""]",草本植物百脉根在自然和庭院环境中的生长场景,百脉根作为草本植物，常见于自然和庭院环境中，具有稳定的生长场景和承载面，可提供有效的视觉来源。,screened
植物,植物 / 草本植物 / 皱叶红紫苏,22,keep,"[""庭院园林"", ""自然环境""]",草本植物中的皱叶红紫苏在自然和庭院环境中常见，具有稳定生长场景,皱叶红紫苏作为草本植物，常见于庭院园林和自然环境中，具备稳定且可编辑的生长场景,screened
植物,植物 / 草本植物 / 盾叶鬼臼,25,hold,[],草本植物类,仅凭分类名称无法确定是否存在稳定有用的场景或承载区域来源,screened
植物,植物 / 草本植物 / 矮菊属,20,keep,"[""自然环境"", ""庭院公园"", ""草地场景""]",矮菊属植物在自然和庭院环境中常见，具有稳定的生长场景,矮菊属植物常见于自然和庭院环境中，提供稳定的生长场景和可编辑的植物承载面,screened
植物,植物 / 草本植物 / 石刁柏,14,keep,"[""室内环境"", ""庭院园林""]",草本植物石刁柏在室内或庭院园林中作为植物生长的场景,石刁柏作为草本植物，可在室内或庭院园林中稳定生长，提供明确的植物生长场景和承载环境,screened
植物,植物 / 草本植物 / 石竹科植物,23,keep,"[""自然环境"", ""庭院园林""]",石竹科植物在自然和庭院环境中的生长场景,石竹科植物常见于自然和庭院园林环境中，具有稳定的生长场景和承载面，可提供有效的视觉来源。,screened
植物,植物 / 草本植物 / 矾根,23,keep,"[""自然环境"", ""庭院园林""]",草本植物中的矾根在自然和庭院环境中常见，具有稳定的生长场景,矾根作为草本植物，在自然环境和庭院园林中具有稳定的生长场景，可提供可靠的承载与背景来源,screened
植物,植物 / 草本植物 / 禾本科植物,207,keep,"[""自然环境"", ""庭院公园"", ""草地场景""]",禾本科植物在自然和人工绿地中的生长场景,禾本科植物常见于自然环境和庭院绿地，具有稳定的生长场景和承载面，可提供丰富的可编辑环境结构。,screened
植物,植物 / 草本植物 / 秋葵,20,keep,"[""农田"", ""园艺场景"", ""自然环境""]",草本植物秋葵在农田、园艺场景和自然环境中作为可生长植物存在,秋葵作为草本植物，在农田和园艺场景中具有稳定生长来源，可提供可编辑的植物生长环境,screened
植物,植物 / 草本植物 / 竹芋,20,keep,"[""室内环境"", ""庭院园林""]",竹芋作为草本植物，常见于室内盆栽或庭院绿化场景中，提供稳定生长的承载面和自然背景,竹芋在室内和庭院园林中具有稳定生长的场景来源，可作为植物类场景的支撑和背景环境,screened
植物,植物 / 草本植物 / 粉蝶花,19,keep,"[""自然环境"", ""庭院公园"", ""植物生长场景""]",草本植物粉蝶花在自然和庭院环境中的生长场景,粉蝶花作为常见草本植物，可在自然和庭院环境中稳定生长，提供明确的植物生长场景来源,screened
植物,植物 / 草本植物 / 紫叶草,19,keep,"[""自然环境"", ""庭院公园""]",紫叶草作为草本植物，在自然和庭院环境中常见，可提供稳定场景来源,紫叶草在自然和庭院环境中常见，具有稳定的生长场景和承载面，适合作为植物类场景的召回来源,screened
植物,植物 / 草本植物 / 繁缕,36,keep,"[""自然环境"", ""草地场景"", ""野生植物场景""]",草本植物繁缕在自然环境中常见，多生长于草地、田边或荒地，具有稳定的生长场景,繁缕作为常见草本植物，常出现在自然草地和野外环境中，提供稳定且可编辑的自然场景来源,screened
植物,植物 / 草本植物 / 红升麻属植物,21,hold,[],红升麻属植物,仅凭分类名称无法确定其是否具有稳定有用的场景或承载区域来源,screened
植物,植物 / 草本植物 / 红羽衣甘蓝,23,keep,"[""庭院园林"", ""自然环境""]",草本植物红羽衣甘蓝在自然或园艺场景中的生长环境,红羽衣甘蓝作为植物可稳定出现在庭院园林和自然环境中，提供可编辑的生长场景,screened
植物,植物 / 草本植物 / 美人蕉,20,keep,"[""自然环境"", ""庭院公园"", ""草地场景""]",美人蕉作为草本植物，常见于自然和庭院环境中，提供稳定的生长场景和可编辑的植物承载面,美人蕉在自然和庭院环境中具有稳定的生长场景，可作为植物类场景的有效来源,screened
植物,植物 / 草本植物 / 美国甘草,20,hold,[],美国甘草,仅凭分类名称无法确定其是否具有稳定有用的场景或承载区域来源,screened
植物,植物 / 草本植物 / 美国薄荷属,33,keep,"[""庭院园林"", ""自然环境""]",美国薄荷属草本植物在庭院或自然环境中作为植物生长的场景,美国薄荷属植物常见于庭院园林和自然环境中，具有稳定的生长场景和承载面，可作为植物类场景的代表性来源,screened
植物,植物 / 草本植物 / 美洲商陆,19,hold,[],植物 / 草本植物 / 美洲商陆,仅凭分类名称无法确定其是否包含稳定有用的场景或承载区域来源。,screened
植物,植物 / 草本植物 / 胡萝卜,21,reject,[],胡萝卜作为草本植物的特例，仅存在于特定种植环境,胡萝卜属于具体作物，缺乏稳定、广泛的场景或承载面来源，主要为农田或种植场景，且多为孤立植物特写，不符合环境类场景的可编辑性要求,screened
植物,植物 / 草本植物 / 腐肉花,22,reject,[],腐肉花,腐肉花属于抽象符号或特定生态下的特殊植物，缺乏稳定、普遍的场景或承载环境来源，且无明确的实用或可编辑环境结构。,screened
植物,植物 / 草本植物 / 臆羚芥,18,hold,[],草本植物类,无法确定臆羚芥是否具有稳定可用的场景或承载环境来源,screened
植物,植物 / 草本植物 / 臭夏至草,18,hold,[],草本植物类,仅凭名称无法确定是否存在稳定有用的场景或承载区域来源,screened
植物,植物 / 草本植物 / 臭白花菜,20,keep,"[""自然环境"", ""庭院公园""]",草本植物类在自然或庭院环境中作为植物生长的场景,臭白花菜作为草本植物，可在自然或庭院环境中稳定生长，提供可编辑的植物生长场景,screened
植物,植物 / 草本植物 / 芣苢,20,hold,[],草本植物类,仅凭名称无法确定是否存在稳定有用的场景或承载区域来源,screened
植物,植物 / 草本植物 / 芦笋,33,keep,"[""农田"", ""种植区"", ""自然环境""]",草本植物芦笋的种植与生长场景,芦笋常见于农田或种植区，具有稳定的生长环境和可编辑的承载面，适合召回相关图片,screened
植物,植物 / 草本植物 / 花荵属,18,hold,[],花荵属植物,仅凭分类名称无法确定其是否具有稳定可用的场景或承载环境来源,screened
植物,植物 / 草本植物 / 苋属植物,21,keep,"[""自然环境"", ""庭院园林""]",草本植物中的苋属植物在自然和庭院环境中常见，具有稳定的生长场景,苋属植物在自然和庭院园林中常见，具有稳定的生长场景和承载环境,screened
植物,植物 / 草本植物 / 苦苣苔属植物,21,hold,[],苦苣苔属植物,仅凭分类名称无法确定其是否具有稳定有用的场景或承载区域来源,screened
植物,植物 / 草本植物 / 苦薄荷,21,keep,"[""庭院园林"", ""自然环境""]",草本植物苦薄荷在庭院、自然环境中常见的生长场景,苦薄荷作为常见草本植物，可在庭院园林和自然环境中稳定生长，提供可编辑的植物生长场景,screened
植物,植物 / 草本植物 / 草胡椒属,19,keep,"[""自然环境"", ""庭院园林""]",草胡椒属植物在自然和庭院环境中常见的生长场景,草胡椒属植物在自然和庭院园林中具有稳定的生长环境和可观察的场景来源,screened
植物,植物 / 草本植物 / 莳萝,19,keep,"[""自然环境"", ""庭院公园"", ""草地场景""]",草本植物如莳萝在自然和庭院环境中常见，具有稳定的生长场景和可编辑的承载面,莳萝作为常见草本植物，常生长在自然草地、庭院或园艺区域，具备稳定且可编辑的场景来源,screened
植物,植物 / 草本植物 / 莴苣,20,keep,"[""室内菜园"", ""厨房环境"", ""家庭种植区""]",草本植物莴苣在家庭或室内种植环境中的生长场景,莴苣作为常见草本植物，常出现在室内菜园或厨房种植区域，具有稳定且可编辑的生长场景来源,screened
植物,植物 / 草本植物 / 菊苣,20,keep,"[""自然环境"", ""庭院公园""]",草本植物菊苣在自然和庭院环境中常见的生长场景,菊苣作为草本植物，常见于自然环境和庭院公园中，具有稳定的生长场景和承载面，可提供有效的视觉来源,screened
植物,植物 / 草本植物 / 菘蓝,20,hold,[],草本植物类,仅凭名称无法确定是否存在稳定有用的场景或承载区域来源,screened
植物,植物 / 草本植物 / 萝藦科植物,20,hold,[],萝藦科植物,仅凭分类名称无法确定是否存在稳定有用的场景或承载区域来源,screened
植物,植物 / 草本植物 / 萨克斯多夫草属,20,hold,[],草本植物萨克斯多夫草属,仅凭分类名称无法确定其是否具有稳定有用的场景或承载区域来源,screened
植物,植物 / 草本植物 / 葛缕子,20,hold,[],草本植物类,仅凭名称无法确定是否存在稳定有用的场景或承载区域来源,screened
植物,植物 / 草本植物 / 葶苈属植物,20,hold,[],葶苈属植物,仅凭分类名称无法确定其是否具有稳定有用的场景或承载区域来源,screened
植物,植物 / 草本植物 / 蒲公英,21,keep,"[""自然环境"", ""庭院公园""]",蒲公英在自然环境中常见，多生长于草地、路边或荒地,蒲公英是常见草本植物，常出现在自然和庭院环境中，提供稳定且可编辑的场景来源,screened
植物,植物 / 草本植物 / 蓍属植物,24,hold,[],草本植物属的植物,仅凭分类名称无法确定是否存在稳定有用的场景或承载区域来源,screened
植物,植物 / 草本植物 / 蓝刺头,24,hold,[],草本植物类,仅凭名称无法确定是否存在稳定有用的场景或承载区域来源,screened
植物,植物 / 草本植物 / 蓝刺芹,20,hold,[],草本植物类,仅凭名称无法确定是否存在稳定有用的场景或承载区域来源,screened
植物,植物 / 草本植物 / 蔬菜,83,keep,"[""厨房"", ""菜园"", ""家庭后院""]",蔬菜类植物在厨房、菜园及家庭后院等场景中常见，具有稳定且可编辑的承载环境,蔬菜作为草本植物，在厨房和菜园等场景中普遍存在，提供稳定且可编辑的环境来源,screened
植物,植物 / 草本植物 / 薄荷,26,keep,"[""自然环境"", ""庭院公园"", ""室内绿化""]",草本植物薄荷在自然环境、庭院和室内绿植场景中常见，具有稳定来源,薄荷作为常见草本植物，常生长在自然环境、庭院或室内绿化场景中，提供稳定且可编辑的承载与背景环境,screened
植物,植物 / 草本植物 / 藿香蓟,20,keep,"[""自然环境"", ""庭院公园""]",草本植物藿香蓟在自然和庭院环境中常见，具有稳定的生长场景和可编辑的承载面,藿香蓟作为草本植物，在自然环境和庭院中常见，提供稳定的生长场景和可编辑的承载面,screened
植物,植物 / 草本植物 / 蛾蝶花,18,keep,"[""自然环境"", ""庭院公园""]",草本植物蛾蝶花在自然和庭院环境中的生长场景,蛾蝶花作为草本植物，常见于自然和庭院环境中，具有稳定的生长场景和承载面，可提供有效的视觉来源。,screened
植物,植物 / 草本植物 / 蜂斗菜,13,hold,[],草本植物类,仅凭名称无法确定是否存在稳定有用的场景或承载区域来源,screened
植物,植物 / 草本植物 / 蜱草,20,keep,"[""自然环境"", ""庭院公园""]",草本植物中的蜱草在自然和庭院环境中常见，可作为植被覆盖或背景场景,蜱草作为草本植物，在自然和庭院环境中具有稳定存在场景，可提供植被背景或生态场景支持,screened
植物,植物 / 草本植物 / 血草,15,hold,[],草本植物类,仅凭分类名称无法确定是否存在稳定有用的场景或承载区域来源,screened
植物,植物 / 草本植物 / 豆科植物,358,keep,"[""自然环境"", ""庭院公园""]",豆科植物在自然和庭院环境中常见的生长场景,豆科植物在自然和庭院环境中具有稳定的生长场景，可提供可靠的场景来源,screened
植物,植物 / 草本植物 / 豹毒草,15,hold,[],草本植物类,仅凭名称无法确定是否存在稳定有用的场景或承载区域来源,screened
植物,植物 / 草本植物 / 豹纹植物,22,reject,[],豹纹植物,豹纹植物为抽象符号或虚构概念，无稳定有用的场景或承载区域来源,screened
植物,植物 / 草本植物 / 酢浆草,41,keep,"[""自然环境"", ""庭院公园"", ""草地场景""]",草本植物在自然和庭院环境中常见，具有稳定的生长场景和可编辑的承载面,酢浆草常见于自然草地和庭院环境中，提供稳定的生长场景和可编辑的承载面,screened
植物,植物 / 草本植物 / 酸浆,19,hold,[],酸浆作为草本植物的一种，缺乏明确稳定的场景来源,仅凭'酸浆'这一具体植物名称，无法确定其在实际场景中是否具有稳定、可编辑的承载或环境来源,screened
植物,植物 / 草本植物 / 野番泻,20,hold,[],草本植物类,仅凭名称无法确定是否存在稳定有用的场景或承载区域来源,screened
植物,植物 / 草本植物 / 金千里光,20,hold,[],草本植物类,仅凭名称无法确定是否存在稳定有用的场景或承载区域来源,screened
植物,植物 / 草本植物 / 除虫菊,22,keep,"[""自然环境"", ""庭院公园""]",草本植物除虫菊在自然和庭院环境中的生长场景,除虫菊作为常见草本植物，可在自然和庭院环境中稳定生长，提供可编辑的植物生长场景,screened
植物,植物 / 草本植物 / 风轮菜,21,hold,[],草本植物类植物,仅凭名称无法确定其是否具有稳定可用的场景或承载环境来源,screened
植物,植物 / 草本植物 / 风铃草,46,keep,"[""庭院园林"", ""自然环境""]",草本植物风铃草在庭院或自然环境中作为装饰性植物出现,风铃草常见于庭院园林和自然环境中，具有稳定的场景来源，可提供可编辑的承载和装饰场景,screened
植物,植物 / 草本植物 / 食肉植物,58,hold,[],草本植物中的食肉植物,分类名称具体但缺乏明确的稳定场景或承载环境来源，无法确定其在实际场景中的普遍存在或可编辑性,screened
植物,植物 / 草本植物 / 香脂根菊,21,hold,[],香脂根菊作为草本植物的一种，缺乏明确的稳定场景或承载环境来源,仅凭名称无法确定其典型生长环境或稳定场景，缺乏可召回的场景支持,screened
植物,植物 / 草本植物 / 香蕉,50,keep,"[""自然环境"", ""庭院公园"", ""农田场景""]",香蕉作为草本植物，常见于自然环境和农业种植场景中，具有稳定的生长背景和可编辑的承载面,香蕉植株生长在自然或农田环境中，提供稳定的场景和承载面，符合可编辑环境结构要求,screened
植物,植物 / 草本植物 / 马齿苋,17,keep,"[""自然环境"", ""庭院公园"", ""草地场景""]",草本植物在自然和庭院环境中常见，具有稳定生长场景,马齿苋常见于自然草地和庭院环境中，具备稳定且可编辑的生长场景,screened
植物,植物 / 草本植物 / 鸡冠花,21,keep,"[""自然环境"", ""庭院公园"", ""草地场景""]",鸡冠花作为草本植物，常见于自然和庭院环境中，具有稳定的生长场景和承载面,鸡冠花在自然和庭院环境中常见，提供稳定的生长场景和可编辑的植物承载面,screened
植物,植物 / 草本植物 / 鸦葱,42,hold,[],草本植物类植物,仅凭名称无法确定是否存在稳定有用的场景或承载区域来源,screened
植物,植物 / 草本竹藤植物 / 牧草,932,keep,"[""草地"", ""牧场"", ""自然环境""]",草本竹藤植物中的牧草在草地、牧场和自然环境中常见,牧草在草地和牧场中具有稳定且广泛的来源，能提供可靠的场景和承载环境,screened
植物,植物 / 草本竹藤植物 / 禾本科草本,62,keep,"[""自然环境"", ""庭院园林"", ""草地生态""]",禾本科草本植物在自然和人工园林中的生长场景,草本竹藤植物在自然环境和庭院中具有稳定生长来源，能提供丰富的场景和承载面,screened
植物,植物 / 草本竹藤植物 / 竹类,50,keep,"[""自然环境"", ""庭院园林""]",竹类植物在自然环境和庭院园林中的生长场景,竹类植物常见于自然环境和庭院园林，具有稳定的生长场景和承载面，可提供有效的视觉参考,screened
植物,植物 / 草本竹藤植物 / 草坪植物,44,keep,"[""草坪"", ""庭院公园"", ""自然环境""]",草坪植物在庭院、公园和自然环境中常见，提供稳定可编辑的承载面,草坪植物在多种自然和人工景观中稳定存在，可作为承载和编辑的场景来源,screened
植物,植物 / 草本竹藤植物 / 藤本植物,889,keep,"[""庭院园林"", ""自然环境""]",藤本植物在庭院园林和自然环境中常见的生长场景,藤本植物常生长于庭院园林和自然环境中，具有稳定的承载和生长场景,screened
植物,植物 / 草本竹藤植物 / 野生草本,51,keep,"[""自然环境"", ""庭院公园"", ""野外生态""]",野生草本植物在自然环境中的生长场景,野生草本植物常见于自然环境和庭院公园，具有稳定的生长场景和承载面，适合召回其关联图片,screened
植物,植物 / 草本藤本,27,keep,"[""庭院园林"", ""自然环境""]",草本藤本植物在庭院、园林及自然环境中常见的生长场景,草本藤本植物常见于庭院园林和自然环境中，具有稳定的生长场景和承载面，适合作为可编辑环境的来源,screened
植物,植物 / 荒漠植物,46,keep,"[""荒漠环境"", ""干旱地区""]",荒漠植物在干旱、缺水环境中的生长场景,荒漠植物通常生长在稳定的荒漠和干旱环境中，具有明确的场景来源和承载面，符合稳定场景需求,screened
植物,植物 / 药用与芳香植物,55,keep,"[""室内药用场景"", ""庭院种植环境"", ""自然野生环境""]",药用与芳香植物在室内、庭院及自然环境中的生长与应用场景,药用与芳香植物在多种稳定场景中具有明确的生长和使用来源，如室内药用空间、庭院种植区和自然野生环境，具备可编辑的承载与使用结构。,screened
植物,植物 / 药用与芳香植物 / 果实种子药材,39,keep,"[""室内药用场景"", ""庭院种植环境"", ""药材加工空间""]",药用与芳香植物的果实、种子及药材在实际种植、使用或加工场景中的环境,该分类包含具有稳定场景来源的植物类型，如室内药用展示、庭院种植和药材加工环境，能提供可靠的承载与使用场景。,screened
植物,植物 / 药用与芳香植物 / 树皮木质药材,37,keep,"[""自然环境"", ""庭院园林"", ""植物生长环境""]",药用与芳香植物的树皮木质药材在自然或庭院环境中生长或采集的场景,树皮木质药材通常生长在自然或园林环境中，具有稳定的来源和可编辑的承载面，符合稳定场景要求,screened
植物,植物 / 药用与芳香植物 / 根茎药材,95,keep,"[""室内药用场景"", ""庭院种植环境"", ""药材加工空间""]",涉及根茎类药材的种植、采收及使用场景,根茎药材常见于庭院、药用种植区或室内药用空间，具有稳定且可编辑的场景来源,screened
植物,植物 / 药用与芳香植物 / 精油植物,30,keep,"[""室内环境"", ""庭院园林"", ""自然环境""]",药用与芳香植物中的精油植物在室内、庭院和自然环境中作为植物存在，可提供稳定场景和承载面,精油植物在多种自然和人工环境中稳定存在，可作为场景来源提供支撑和放置区域,screened
植物,植物 / 药用与芳香植物 / 花叶药材,35,keep,"[""室内药用场景"", ""庭院种植环境"", ""自然生长环境""]",药用与芳香植物的生长及使用场景,花叶药材在多种自然和室内环境中稳定存在，具有明确的场景来源和可编辑性,screened
植物,植物 / 药用与芳香植物 / 芳香植物,34,keep,"[""室内环境"", ""庭院园林"", ""自然环境""]",芳香植物在不同场景中的分布与应用,芳香植物常见于室内、庭院园林和自然环境中，提供稳定且多样的场景来源,screened
植物,植物 / 菊科花卉,37,keep,"[""庭院园林"", ""自然环境""]",菊科花卉在庭院园林和自然环境中常见的生长场景,菊科花卉在庭院园林和自然环境中具有稳定且常见的生长场景，能提供可靠的场景来源,screened
植物,植物 / 落叶乔木,58,keep,"[""自然环境"", ""庭院园林"", ""森林景观""]",落叶乔木在自然环境中的分布和生长场景,落叶乔木常见于自然环境、庭院园林和森林景观中，具有稳定的场景来源和可编辑的承载面。,screened
植物,植物 / 落叶植物,61,keep,"[""自然环境"", ""庭院公园""]",落叶植物在自然环境和庭院公园中的生长场景,落叶植物常见于自然环境和庭院公园，具有稳定的生长场景和承载面，可提供有效的视觉来源,screened
植物,植物 / 落叶灌木,37,keep,"[""自然环境"", ""庭院公园""]",落叶灌木在自然环境和庭院中的生长场景,落叶灌木常见于自然环境和庭院公园，具有稳定的生长场景和承载面，可提供有效的视觉来源,screened
植物,植物 / 蔬菜类 / 叶菜类,119,keep,"[""室内菜园"", ""厨房环境"", ""家庭种植区""]",叶菜类植物在家庭、厨房或种植环境中的常见场景,叶菜类植物常见于厨房、家庭菜园或种植区域，具有稳定且可编辑的场景来源,screened
植物,植物 / 蔬菜类 / 根茎类,114,keep,"[""室内厨房"", ""菜园环境"", ""家庭种植区""]",根茎类蔬菜在厨房、菜园或家庭种植环境中的常见场景,根茎类蔬菜常出现在厨房台面或菜园中，具有稳定且可编辑的场景来源,screened
植物,植物 / 蔬菜类 / 瓜果类,22,keep,"[""庭院园林"", ""家庭菜园"", ""露天市场""]",蔬菜类瓜果类在自然或人工种植环境中的生长场景,瓜果类植物通常生长在庭院、菜园或市场等具有稳定场景和承载面的环境中，提供可编辑的自然生长背景,screened
植物,植物 / 蔬菜类 / 花菜类,17,keep,"[""厨房"", ""家庭菜园"", ""市场""]",花菜类在厨房、家庭菜园和市场等场景中常见，具有稳定来源,花菜类在厨房和市场等场景中常见，具有稳定且可编辑的承载环境,screened
植物,植物 / 蔬菜类 / 芽苗菜,18,keep,"[""室内种植环境"", ""家庭菜园"", ""温室大棚""]",蔬菜类芽苗菜在种植、培育或展示场景中的环境,芽苗菜通常出现在室内种植环境或家庭菜园中，具有稳定的生长和承载场景,screened
植物,植物 / 蔬菜类 / 茄果类,84,keep,"[""室内菜园"", ""厨房环境"", ""种植场景""]",蔬菜类中茄果类的种植与生长环境,茄果类植物常见于室内菜园、厨房周边或种植场景，具有稳定且可编辑的承载环境,screened
植物,植物 / 蔬菜类 / 葱蒜类,71,keep,"[""厨房"", ""家庭菜园"", ""种植环境""]",蔬菜类中的葱蒜类在厨房或家庭种植环境中常见，具有稳定场景来源,葱蒜类植物常见于厨房台面或家庭菜园中，提供稳定的场景和承载环境,screened
植物,植物 / 蔬菜类 / 豆类蔬菜,23,keep,"[""厨房"", ""家庭菜园"", ""种植环境""]",豆类蔬菜在厨房或种植环境中的常见场景,豆类蔬菜常出现在厨房或家庭种植环境中，具有稳定且可编辑的场景来源,screened
植物,植物 / 蔬菜类 / 食用水生蔬菜,17,keep,"[""水生环境"", ""农田"", ""池塘""]",食用水生蔬菜在水生或农田环境中的生长与存在场景,水生蔬菜如莲藕、水芹等常见于池塘、水田等稳定水生环境中，具有明确的场景来源和可编辑性,screened
植物,植物 / 蔷薇科花卉,25,keep,"[""庭院园林"", ""自然环境""]",蔷薇科花卉在庭院、园林及自然环境中常见的生长场景,蔷薇科花卉在庭院园林和自然环境中具有稳定且常见的生长场景，能提供丰富的承载与视觉来源,screened
植物,植物 / 蕨类与苔藓植物,42,keep,"[""自然环境"", ""庭院园林"", ""湿润区域""]",蕨类与苔藓植物在自然和湿润环境中常见的生长场景,蕨类与苔藓植物常见于湿润的自然环境、庭院园林和阴湿区域，具有稳定的生长场景和承载面，适合作为可编辑环境的来源,screened
植物,植物 / 蕨类与苔藓植物 / 地钱类,16,keep,"[""自然环境"", ""庭院园林"", ""湿润地面""]",地钱类植物在自然潮湿环境中生长的场景,地钱类植物常见于湿润的自然和园林环境中，具有稳定的生长场景和承载面，适合作为可编辑环境的来源,screened
植物,植物 / 蕨类与苔藓植物 / 石松类,17,keep,"[""自然环境"", ""庭院园林"", ""湿地环境""]",蕨类与苔藓植物中的石松类在自然环境中常见，如林下、岩石表面或湿润土壤区域,石松类植物多生长于自然或半自然环境中，具有稳定的生长场景和承载面，可提供可靠的场景来源,screened
植物,植物 / 蕨类与苔藓植物 / 苔藓类,21,keep,"[""自然环境"", ""庭院园林"", ""湿润地面""]",苔藓类植物在自然潮湿环境中生长的场景,苔藓类植物常见于湿润的自然环境和庭院园林中，具有稳定的生长场景和承载面，能提供有效的环境参考,screened
植物,植物 / 蕨类与苔藓植物 / 蕨类,41,keep,"[""自然环境"", ""庭院园林"", ""湿润地带""]",蕨类植物在自然和湿润环境中常见的生长场景,蕨类植物常见于湿润的自然环境和庭院园林中，具有稳定的生长场景和承载面，适合作为可编辑环境的来源,screened
植物,植物 / 藤本花卉,21,keep,"[""庭院园林"", ""自然环境""]",藤本花卉在庭院园林和自然环境中常见的生长场景,藤本花卉通常生长在庭院园林和自然环境中，具有稳定的场景来源和承载面，符合可编辑环境结构的覆盖需求,screened
植物,植物 / 装饰圣诞树,23,keep,"[""室内装饰"", ""节日场景""]",装饰性圣诞树在室内节日环境中的常见布置,装饰圣诞树通常出现在室内节日场景中，具有稳定的场景来源和可编辑的承载环境。,screened
植物,植物 / 裸蕨,36,keep,"[""自然环境"", ""森林地带""]",裸蕨生长的自然环境，如阴湿森林、山地林下,裸蕨常见于阴湿的自然环境中，具有稳定的生长场景和可编辑的自然生态背景,screened
植物,植物 / 观叶植物,27,keep,"[""室内环境"", ""庭院园林""]",观叶植物在室内和庭院园林中的常见场景,观叶植物常出现在室内和庭院园林中，提供稳定的场景和承载面，具有明确的环境来源,screened
植物,植物 / 观赏植物 / 兰花类,51,keep,"[""室内环境"", ""庭院园林""]",兰花类植物在室内或庭院园林中作为观赏植物出现的场景,兰花类植物常见于室内装饰或庭院园林中，具有稳定的观赏场景和承载环境,screened
植物,植物 / 观赏植物 / 木本观花植物,142,keep,"[""庭院园林"", ""室内绿化"", ""自然环境""]",木本观花植物在庭院、室内和自然环境中的生长场景,木本观花植物常见于庭院园林和室内绿化场景，具有稳定的生长环境和可编辑的承载面,screened
植物,植物 / 观赏植物 / 水生观花植物,19,keep,"[""水生环境"", ""庭院园林"", ""自然水域""]",水生观花植物在自然水域、庭院园林等场景中的稳定存在,水生观花植物常生长于池塘、水景园林等稳定水生环境中，具有明确且可重复的场景来源,screened
植物,植物 / 观赏植物 / 牡丹芍药类,44,keep,"[""园林景观"", ""庭院环境"", ""花卉展示""]",牡丹芍药类植物在园林、庭院及花卉展示场景中的常见生长与展示环境,牡丹芍药类植物常出现在园林景观和庭院环境中，具有稳定的场景来源和可编辑的承载面,screened
植物,植物 / 观赏植物 / 百合球根类,43,keep,"[""庭院园林"", ""室内绿化""]",百合球根类植物在庭院、园林及室内环境中的生长场景,百合球根类植物常见于庭院园林和室内绿化场景，具有稳定的生长环境和可编辑的承载面,screened
植物,植物 / 观赏植物 / 花叶槭,24,keep,"[""园林景观"", ""庭院环境"", ""室内绿化""]",观赏植物花叶槭在园林、庭院及室内绿化的常见场景,花叶槭作为观赏植物，常见于园林景观、庭院和室内绿化场景，具有稳定的环境来源和可编辑的承载面,screened
植物,植物 / 观赏植物 / 草本观花植物,47,keep,"[""庭院公园"", ""室内绿化"", ""自然环境""]",草本观花植物在庭院、室内和自然环境中常见的观赏场景,草本观花植物常出现在庭院公园、室内绿化和自然环境中，具有稳定且多样化的场景来源,screened
植物,植物 / 观赏植物 / 菊花类,46,keep,"[""庭院园林"", ""室内花境""]",菊花类在庭院、室内等场景中作为观赏植物出现的稳定环境,菊花类植物常见于庭院园林和室内花境，具有稳定的观赏场景和承载环境,screened
植物,植物 / 观赏植物 / 蔷薇月季类,40,keep,"[""庭院园林"", ""室内绿化""]",蔷薇月季类植物在庭院、园林及室内绿化的常见场景,蔷薇月季类植物常出现在庭院园林和室内绿化场景中，具有稳定的生长和展示环境,screened
植物,植物 / 观赏植物 / 藤本观花植物,25,keep,"[""庭院园林"", ""自然环境""]",藤本观花植物在庭院园林和自然环境中常见的生长场景,藤本观花植物通常生长在庭院园林或自然环境中，具有稳定的场景来源和可编辑的承载面,screened
植物,植物 / 针叶乔木,43,keep,"[""自然环境"", ""森林景观""]",针叶乔木在自然环境中的生长场景，如森林、山地等,针叶乔木常见于自然环境，具有稳定的生长场景和承载区域，能提供丰富的生态与视觉参考,screened
植物,植物 / 高山植物,27,keep,"[""高山环境"", ""自然环境""]",高山植物生长的自然环境及山地生态系统,高山植物通常生长在稳定的高山自然环境中，具有明确的场景来源和可编辑的承载面。,screened
民族、语言与文化,民族、语言与文化 / 地域文化 / 商帮文化,70,hold,[],地域文化中的商帮文化相关场景,仅凭分类名称无法确定具体场景或稳定来源，缺乏明确的可编辑环境结构或承载面,screened
民族、语言与文化,民族、语言与文化 / 地域文化 / 方言文化,79,hold,[],方言文化相关的地域性表达,仅凭分类名称无法确定具体场景或稳定来源，缺乏明确的可编辑环境或承载区域,screened
民族、语言与文化,民族、语言与文化 / 地域文化 / 流域文化,69,hold,[],流域文化相关的地理与人文场景,仅凭分类名称无法确定具体场景或稳定来源，缺乏明确的可编辑环境结构或承载面,screened
民族、语言与文化,民族、语言与文化 / 民族与族群 / 东亚人群,22,hold,[],东亚人群相关的文化与社会场景,仅凭分类名称无法确定具体场景或稳定来源，缺乏明确的可编辑环境或承载区域,screened
民族、语言与文化,民族、语言与文化 / 民族文化,38,hold,[],民族、语言与文化 / 民族文化,仅凭分类名称无法确定具体场景或稳定来源，缺乏明确的可编辑环境结构或承载面。,screened
真菌与微生物,真菌与微生物 / 乳酸菌,17,reject,[],乳酸菌相关微生物,乳酸菌主要为抽象微生物符号或文字标注，缺乏稳定、可编辑的场景或承载环境来源,screened
真菌与微生物,真菌与微生物 / 原生生物 / 原生动物,135,reject,[],原生生物/原生动物相关类别,该分类主要涉及抽象符号、纯文字或孤立小物特写，缺乏稳定、可编辑的场景或承载区域来源。,screened
真菌与微生物,真菌与微生物 / 原生生物 / 水藻,17,reject,[],水藻相关环境,水藻主要以水体环境为载体，缺乏稳定、可编辑的承载面或场景结构，属于抽象生物存在，无明确实用场景支持,screened
真菌与微生物,真菌与微生物 / 原生生物 / 藻状原生生物,23,hold,[],真菌与微生物 / 原生生物 / 藻状原生生物,仅凭分类名称无法确定是否存在稳定有用的场景或承载区域来源。,screened
真菌与微生物,真菌与微生物 / 原生生物 / 黏菌,20,hold,[],真菌与微生物 / 原生生物 / 黏菌,仅凭分类名称无法确定是否存在稳定有用的场景或承载区域来源。,screened
真菌与微生物,真菌与微生物 / 古菌,21,reject,[],古菌,古菌属于抽象微生物类别，缺乏稳定、可编辑的场景或承载环境来源。,screened
真菌与微生物,真菌与微生物 / 固氮菌,18,reject,[],固氮菌相关微生物,固氮菌主要为抽象微生物符号，缺乏稳定、可编辑的场景或承载环境来源,screened
真菌与微生物,真菌与微生物 / 土壤真菌,17,hold,[],土壤真菌,仅凭分类名称无法确定是否存在稳定有用的场景或承载区域来源,screened
真菌与微生物,真菌与微生物 / 实验室培养微生物,18,keep,"[""实验室环境"", ""培养皿场景""]",实验室中用于微生物培养的环境和载体,实验室培养微生物通常发生在稳定的实验环境中，具有明确的承载面和操作场景，符合可编辑环境结构要求,screened
真菌与微生物,真菌与微生物 / 微型藻类 / 甲藻,14,reject,[],微型藻类,甲藻属于纯生物符号，缺乏稳定、可编辑的场景或承载环境来源,screened
真菌与微生物,真菌与微生物 / 微型藻类 / 硅藻,22,hold,[],微型藻类,仅凭分类名称无法确定是否存在稳定有用的场景或承载区域来源,screened
真菌与微生物,真菌与微生物 / 微型藻类 / 红藻,20,reject,[],红藻相关微小生物,红藻属于微生物类，通常以水体或海洋环境中的特定生态为载体，缺乏稳定、可编辑的场景或承载面，无法提供通用的视觉环境支持。,screened
真菌与微生物,真菌与微生物 / 微型藻类 / 绿藻,15,hold,[],微型藻类,仅凭分类名称无法确定是否存在稳定有用的场景或承载区域来源,screened
真菌与微生物,真菌与微生物 / 微型藻类 / 褐藻,21,hold,[],微型藻类与褐藻的自然生长环境,分类名称缺乏明确的稳定场景或承载环境来源，无法确定其典型出现的场景或可编辑环境结构。,screened
真菌与微生物,真菌与微生物 / 微生物界,24,reject,[],微生物界,该分类主要包含抽象符号、纯文字或孤立小物特写，缺乏稳定有用的场景或承载区域来源。,screened
真菌与微生物,真菌与微生物 / 曲霉,32,reject,[],曲霉相关微生物,曲霉主要为抽象微生物符号或实验室特写，缺乏稳定、可编辑的场景或承载环境来源,screened
真菌与微生物,真菌与微生物 / 病毒 / 人类病毒,18,reject,[],人类病毒,病毒属于抽象符号和纯文字，缺乏稳定有用的场景或承载区域来源,screened
真菌与微生物,真菌与微生物 / 病毒 / 冠状病毒,17,reject,[],病毒相关符号或文字,冠状病毒主要表现为抽象符号、纯文字或品牌标志，缺乏稳定、可用的场景或承载区域来源,screened
真菌与微生物,真菌与微生物 / 病毒 / 动物病毒,63,reject,[],动物病毒,病毒属于抽象符号和纯文字，缺乏稳定有用的场景或承载区域来源,screened
真菌与微生物,真菌与微生物 / 病毒 / 噬菌体,14,reject,[],病毒与噬菌体的微生物学相关场景,该分类主要涉及抽象符号、纯文字或实验室中的显微图像，缺乏稳定、可编辑的场景或承载环境来源。,screened
真菌与微生物,真菌与微生物 / 病毒 / 朊病毒,12,reject,[],病毒与朊病毒的科学描述,该分类主要涉及抽象的生物分子结构和科学符号，缺乏稳定、可编辑的场景或承载环境来源。,screened
真菌与微生物,真菌与微生物 / 病毒 / 植物病毒,16,reject,[],植物病毒,病毒属于抽象符号和纯文字，缺乏稳定有用的场景或承载区域来源,screened
真菌与微生物,真菌与微生物 / 病毒 / 流感病毒,15,reject,[],流感病毒,流感病毒属于抽象符号和纯文字，缺乏稳定有用的场景或承载区域来源。,screened
真菌与微生物,真菌与微生物 / 病毒 / 痘病毒,16,reject,[],病毒相关符号或文字,痘病毒属于抽象符号或纯文字，缺乏稳定、可用的场景或承载区域来源,screened
真菌与微生物,真菌与微生物 / 病毒 / 肝炎病毒,14,reject,[],病毒相关学术或实验室场景,肝炎病毒属于抽象符号和纯文字描述，缺乏稳定、可编辑的场景或承载环境来源,screened
真菌与微生物,真菌与微生物 / 病毒 / 肠道病毒,18,reject,[],肠道病毒相关微生物,病毒属于抽象符号和纯文字，缺乏稳定、可用的场景或承载区域来源,screened
真菌与微生物,真菌与微生物 / 病毒 / 腺病毒,21,reject,[],病毒相关符号或文字,腺病毒主要以生物形态存在，缺乏稳定、可编辑的场景或承载环境来源，仅表现为抽象符号或文字，无实际场景支持,screened
真菌与微生物,真菌与微生物 / 病毒 / 逆转录病毒,16,reject,[],病毒与逆转录病毒的科学描述,该分类主要涉及抽象的生物学术语，缺乏稳定、可编辑的场景或承载环境来源。,screened
真菌与微生物,真菌与微生物 / 细菌 / 发酵细菌,20,reject,[],发酵细菌,发酵细菌主要表现为抽象符号或纯文字，缺乏稳定、可用的场景或承载区域来源。,screened
真菌与微生物,真菌与微生物 / 细菌 / 大肠杆菌,22,reject,[],细菌类微生物,大肠杆菌主要为抽象符号或纯文字，缺乏稳定、可用的场景或承载区域来源,screened
真菌与微生物,真菌与微生物 / 细菌 / 支原体,21,reject,[],细菌/支原体相关微生物,支原体属于抽象微生物，缺乏稳定、可编辑的场景或承载环境来源，仅存在于实验室或显微镜下，无实际可编辑的环境结构。,screened
真菌与微生物,真菌与微生物 / 细菌 / 放线菌,22,reject,[],细菌/放线菌相关微生物,该分类主要涉及抽象符号、纯文字或实验室标本，缺乏稳定、可编辑的场景或承载环境来源。,screened
真菌与微生物,真菌与微生物 / 细菌 / 沙门氏菌,21,reject,[],沙门氏菌属于细菌类微生物，通常存在于食物或环境中，但缺乏稳定、可编辑的场景来源,沙门氏菌是特定病原体，主要表现为健康风险或医学样本，缺乏稳定、通用的场景或承载环境，无法提供可编辑的视觉来源,screened
真菌与微生物,真菌与微生物 / 细菌 / 环境细菌,22,hold,[],环境细菌,仅凭分类名称无法确定是否存在稳定有用的场景或承载区域来源,screened
真菌与微生物,真菌与微生物 / 细菌 / 益生菌,23,reject,[],益生菌,益生菌主要为抽象符号或纯文字，缺乏稳定、可用的场景或承载区域来源。,screened
真菌与微生物,真菌与微生物 / 细菌 / 致病菌,24,reject,[],致病菌,致病菌主要为抽象符号或纯文字，缺乏稳定、可用的场景或承载区域来源。,screened
真菌与微生物,真菌与微生物 / 细菌 / 芽孢杆菌,22,reject,[],细菌芽孢杆菌,该分类主要涉及抽象微生物符号或实验室特写，缺乏稳定、通用的场景或承载环境来源。,screened
真菌与微生物,真菌与微生物 / 细菌 / 葡萄球菌,32,reject,[],细菌类微生物,葡萄球菌属于抽象微生物符号，缺乏稳定、可编辑的场景或承载环境来源,screened
真菌与微生物,真菌与微生物 / 细菌 / 蓝细菌,24,reject,[],蓝细菌相关微生物,蓝细菌主要为抽象微生物符号或实验室特写，缺乏稳定、可编辑的场景或承载环境来源,screened
真菌与微生物,真菌与微生物 / 细菌 / 螺旋菌,22,reject,[],细菌螺旋菌类,螺旋菌多为抽象微生物符号或实验室特写，缺乏稳定、通用的场景或承载环境来源。,screened
真菌与微生物,真菌与微生物 / 细菌 / 链球菌,24,reject,[],链球菌相关微生物,链球菌主要为抽象微生物符号或实验室特写，缺乏稳定、通用的场景或承载环境来源。,screened
真菌与微生物,真菌与微生物 / 致病细菌,23,reject,[],致病细菌,致病细菌多为抽象符号或纯文字，缺乏稳定、可用的场景或承载区域来源。,screened
真菌与微生物,真菌与微生物 / 菌类 / 什塔克菇,18,reject,[],什塔克菇相关微生物,什塔克菇属于特定微生物，缺乏稳定、广泛的场景或承载环境来源，主要为抽象符号或实验室特写，无实际可编辑的环境结构。,screened
真菌与微生物,真菌与微生物 / 菌类 / 伞菌,22,hold,[],菌类,仅凭分类名称无法确定是否存在稳定有用的场景或承载区域来源,screened
真菌与微生物,真菌与微生物 / 菌类 / 假松露,12,reject,[],真菌与微生物 / 菌类 / 假松露,假松露属于抽象符号和孤立小物特写，缺乏稳定有用的场景或承载区域来源。,screened
真菌与微生物,真菌与微生物 / 菌类 / 假羊肚菌,11,hold,[],真菌与微生物 / 菌类 / 假羊肚菌,仅凭分类名称无法确定是否存在稳定有用的场景或承载区域来源。,screened
真菌与微生物,真菌与微生物 / 菌类 / 光木耳,11,reject,[],光木耳,光木耳属于纯文字或抽象符号，缺乏稳定、可用的场景或承载区域来源。,screened
真菌与微生物,真菌与微生物 / 菌类 / 冬虫夏草,16,reject,[],真菌与微生物 / 菌类 / 冬虫夏草,冬虫夏草属于特定生物样本，主要为纯文字或标本特写，缺乏稳定、通用的场景或承载环境来源。,screened
真菌与微生物,真菌与微生物 / 菌类 / 半知菌,22,hold,[],菌类,仅凭分类名称无法确定是否存在稳定有用的场景或承载区域来源,screened
真菌与微生物,真菌与微生物 / 菌类 / 咖啡网状斑病菌,16,reject,[],咖啡网状斑病菌,该分类属于抽象微生物符号，缺乏稳定、可用的场景或承载环境来源。,screened
真菌与微生物,真菌与微生物 / 菌类 / 土坚果,17,hold,[],菌类,仅凭分类名称无法确定是否存在稳定有用的场景或承载区域来源,screened
真菌与微生物,真菌与微生物 / 菌类 / 地星,14,hold,[],菌类,仅凭分类名称无法确定是否存在稳定有用的场景或承载区域来源,screened
真菌与微生物,真菌与微生物 / 菌类 / 地舌菌,14,hold,[],真菌与微生物 / 菌类 / 地舌菌,仅凭分类名称无法确定是否存在稳定有用的场景或承载区域来源。,screened
真菌与微生物,真菌与微生物 / 菌类 / 地衣,55,hold,[],菌类与地衣的分类范围,仅凭分类名称无法确定是否存在稳定有用的场景或承载区域来源,screened
真菌与微生物,真菌与微生物 / 菌类 / 地衣型真菌,20,hold,[],地衣型真菌的自然分布环境,分类名称缺乏明确的稳定场景或承载环境来源，无法确定其在具体场景中的可编辑性或普遍适用性,screened
真菌与微生物,真菌与微生物 / 菌类 / 基生梭孢壳菌,15,reject,[],菌类,该分类主要涉及抽象微生物符号或实验室特写，缺乏稳定、可编辑的场景或承载环境来源。,screened
真菌与微生物,真菌与微生物 / 菌类 / 壶菌,20,hold,[],菌类,仅凭分类名称无法确定是否存在稳定有用的场景或承载区域来源,screened
真菌与微生物,真菌与微生物 / 菌类 / 子囊菌,24,reject,[],菌类,子囊菌主要为微观生物，缺乏稳定、可编辑的场景或承载环境来源，属于纯抽象符号和文字描述，无实际场景支持。,screened
真菌与微生物,真菌与微生物 / 菌类 / 强壮水霉,15,reject,[],强壮水霉,强壮水霉属于特定微生物，缺乏稳定、广泛的场景或承载环境来源，主要为实验室或显微镜下的符号化呈现，无实际可编辑的环境结构。,screened
真菌与微生物,真菌与微生物 / 菌类 / 担子菌,463,hold,[],菌类,仅凭分类名称无法确定是否存在稳定有用的场景或承载区域来源,screened
真菌与微生物,真菌与微生物 / 菌类 / 拟小柄隔担菌,19,reject,[],拟小柄隔担菌相关微生物,拟小柄隔担菌属于特定微生物，缺乏稳定、普遍的场景或承载环境来源，仅存在于实验室或显微镜下，无实际可编辑的环境结构或空间支持。,screened
真菌与微生物,真菌与微生物 / 菌类 / 接合菌,15,hold,[],菌类,仅凭分类名称无法确定是否存在稳定有用的场景或承载区域来源,screened
真菌与微生物,真菌与微生物 / 菌类 / 曲霉属,17,reject,[],曲霉属相关微生物,曲霉属主要为抽象微生物符号或实验室特写，缺乏稳定、可编辑的场景或承载环境来源,screened
真菌与微生物,真菌与微生物 / 菌类 / 木生菌,21,keep,"[""自然环境"", ""森林生态系统""]",木生菌主要生长在森林、腐殖质丰富的自然环境中，与树木和土壤密切相关,木生菌常见于森林、腐殖质土壤等自然环境中，具有稳定的生长场景和承载面，能提供可靠的环境来源,screened
真菌与微生物,真菌与微生物 / 菌类 / 核盘菌,17,reject,[],核盘菌相关微生物,核盘菌主要为植物病原菌，缺乏稳定、非偶然的场景或承载环境来源，属于抽象符号类，无实际可编辑的场景或环境支撑。,screened
真菌与微生物,真菌与微生物 / 菌类 / 根肿菌,14,reject,[],根肿菌,根肿菌属于特定微生物，缺乏稳定、广泛的场景或承载环境来源，主要存在于植物根部等特定生物结构中，不构成可编辑的通用环境。,screened
真菌与微生物,真菌与微生物 / 菌类 / 根腐真菌,20,reject,[],根腐真菌,根腐真菌属于抽象微生物，缺乏稳定、可编辑的场景或承载环境来源，主要表现为植物病害，不构成通用场景或环境结构。,screened
真菌与微生物,真菌与微生物 / 菌类 / 根霉属,18,reject,[],根霉属相关微生物,根霉属主要为实验室或显微镜下的抽象符号，缺乏稳定、可编辑的场景或承载环境来源,screened
真菌与微生物,真菌与微生物 / 菌类 / 毒菌,21,reject,[],毒菌相关类别,毒菌主要为抽象符号或纯文字描述，缺乏稳定、可用的场景或承载区域来源。,screened
真菌与微生物,真菌与微生物 / 菌类 / 河豚菌,22,reject,[],真菌与微生物 / 菌类 / 河豚菌,河豚菌属于特定微生物，缺乏稳定、普遍的场景或承载环境来源，主要为抽象符号或实验室样本，无广泛适用的可编辑环境结构。,screened
真菌与微生物,真菌与微生物 / 菌类 / 灰树花,17,hold,[],菌类,仅凭分类名称无法确定是否存在稳定有用的场景或承载区域来源,screened
真菌与微生物,真菌与微生物 / 菌类 / 灵芝,18,hold,[],菌类,仅凭分类名称无法确定是否存在稳定有用的场景或承载区域来源,screened
真菌与微生物,真菌与微生物 / 菌类 / 牛肝菌,39,hold,[],菌类,仅凭分类名称无法确定是否存在稳定有用的场景或承载区域来源,screened
真菌与微生物,真菌与微生物 / 菌类 / 珊瑚状温尼亚盘菌,18,reject,[],菌类,珊瑚状温尼亚盘菌属于微生物形态，缺乏稳定、可编辑的场景或承载环境来源，仅具抽象符号意义。,screened
真菌与微生物,真菌与微生物 / 菌类 / 珊瑚状真菌,18,hold,[],真菌与微生物 / 菌类 / 珊瑚状真菌,仅凭分类名称无法确定是否存在稳定有用的场景或承载区域来源。,screened
真菌与微生物,真菌与微生物 / 菌类 / 白锈病,11,reject,[],白锈病相关微生物,白锈病属于特定病害，主要表现为植物病征，缺乏稳定、通用的场景或承载环境来源，属于抽象符号或病理表现，无实际可编辑的环境结构。,screened
真菌与微生物,真菌与微生物 / 菌类 / 真菌,24,hold,[],真菌与微生物 / 菌类 / 真菌,仅凭分类名称无法确定是否存在稳定有用的场景或承载区域来源。,screened
真菌与微生物,真菌与微生物 / 菌类 / 稻曲病菌,15,reject,[],稻曲病菌相关微生物,稻曲病菌属于抽象微生物，缺乏稳定、可编辑的场景或承载环境来源，仅存在于特定农业病害场景中，无法提供通用或可编辑的环境结构。,screened
真菌与微生物,真菌与微生物 / 菌类 / 立枯丝核菌,17,reject,[],真菌与微生物 / 菌类 / 立枯丝核菌,立枯丝核菌为抽象微生物，缺乏稳定可用的场景或承载环境来源。,screened
真菌与微生物,真菌与微生物 / 菌类 / 粉红伏革菌,18,reject,[],纯文字或符号类描述，无稳定场景或承载环境,粉红伏革菌属于特定微生物，缺乏稳定、可编辑的场景或承载环境来源，仅作为抽象符号或文字存在,screened
真菌与微生物,真菌与微生物 / 菌类 / 粗糙胃牛肝菌,19,hold,[],菌类,仅凭分类名称无法确定是否存在稳定有用的场景或承载区域来源,screened
真菌与微生物,真菌与微生物 / 菌类 / 腐肉菌,15,hold,[],菌类在腐肉上的生长环境,仅凭分类名称无法确定是否存在稳定有用的场景或承载区域来源,screened
真菌与微生物,真菌与微生物 / 菌类 / 腐霉属,13,reject,[],腐霉属相关微生物,腐霉属主要为抽象微生物符号或实验室特写，缺乏稳定、可编辑的场景或承载环境来源,screened
真菌与微生物,真菌与微生物 / 菌类 / 腹菌,22,hold,[],菌类,仅凭分类名称无法确定是否存在稳定有用的场景或承载区域来源,screened
真菌与微生物,真菌与微生物 / 菌类 / 致病疫霉,16,reject,[],致病疫霉相关微生物,致病疫霉主要为抽象符号或实验室样本，缺乏稳定、可编辑的场景或承载环境来源,screened
真菌与微生物,真菌与微生物 / 菌类 / 苹果炭角菌,18,reject,[],苹果炭角菌相关微生物,苹果炭角菌属于特定病原真菌，主要出现在植物病害场景中，缺乏稳定、普遍的场景或承载面来源，属于抽象符号类，无广泛适用的可编辑环境结构。,screened
真菌与微生物,真菌与微生物 / 菌类 / 药用菌,21,hold,[],药用菌类别,仅凭分类名称无法确定是否存在稳定有用的场景或承载区域来源,screened
真菌与微生物,真菌与微生物 / 菌类 / 酵母菌,28,reject,[],酵母菌相关微生物,酵母菌主要表现为抽象符号或纯文字，缺乏稳定、可编辑的场景或承载区域来源,screened
真菌与微生物,真菌与微生物 / 菌类 / 霉菌,69,hold,[],菌类与霉菌的分类,仅凭分类名称无法确定是否存在稳定有用的场景或承载区域来源,screened
真菌与微生物,真菌与微生物 / 菌类 / 青霉属,21,reject,[],青霉属相关微生物,青霉属主要为抽象微生物符号或实验室特写，缺乏稳定、可编辑的场景或承载环境来源,screened
真菌与微生物,真菌与微生物 / 菌类 / 食用菌,56,hold,[],食用菌类别,仅凭分类名称无法确定是否存在稳定有用的场景或承载区域来源,screened
真菌与微生物,真菌与微生物 / 菌类 / 马勃,15,reject,[],马勃作为真菌类生物，通常出现在自然环境中如林地、腐殖质土壤等,马勃属于微生物类真菌，多为自然生长的孤立生物，缺乏稳定、可编辑的场景或承载面，无法提供通用的视觉环境支持,screened
真菌与微生物,真菌与微生物 / 菌类 / 马铃薯疣病菌,17,reject,[],马铃薯疣病菌相关微生物,该分类仅涉及特定病原菌，缺乏稳定、广泛的场景或承载环境来源，属于抽象符号类，无实际可编辑的场景支持。,screened
真菌与微生物,真菌与微生物 / 菌类 / 鸟巢菌,14,hold,[],菌类,仅凭名称无法确定是否存在稳定有用的场景或承载区域来源,screened
真菌与微生物,真菌与微生物 / 菌类 / 鹿花菌,13,reject,[],鹿花菌相关场景,鹿花菌属于特定真菌，通常以孤立小物特写或标本形式出现，缺乏稳定、广泛的场景或承载区域来源。,screened
真菌与微生物,真菌与微生物 / 菌类 / 黑穗病,13,reject,[],黑穗病相关微生物,黑穗病属于特定病害，主要表现为植物病征，缺乏稳定、通用的场景或承载环境来源，属于抽象符号或病理表现，无实际可编辑的环境结构。,screened
真菌与微生物,真菌与微生物 / 菌类 / 齿菌,18,hold,[],齿菌类别,仅凭分类名称无法确定是否存在稳定有用的场景或承载区域来源,screened
真菌与微生物,真菌与微生物 / 醋酸菌,17,reject,[],醋酸菌相关微生物,醋酸菌主要为抽象微生物符号或实验室环境中的特写，缺乏稳定、广泛的场景或承载面来源,screened
知识与学科,知识与学科 / 化学 / 分析化学,22,reject,[],分析化学相关概念,该类别主要涉及抽象符号、纯文字和理论内容，缺乏稳定、可编辑的场景或承载环境来源。,screened
知识与学科,知识与学科 / 化学 / 无机化学,49,reject,[],无机化学,该分类主要涉及抽象符号、纯文字和概念描述，缺乏稳定、可编辑的场景或承载环境来源。,screened
知识与学科,知识与学科 / 化学 / 有机化学,47,reject,[],有机化学,该类别主要涉及抽象符号、公式和文字内容，缺乏稳定、可编辑的场景或承载环境来源。,screened
知识与学科,知识与学科 / 化学 / 物理化学,22,hold,[],知识与学科 / 化学 / 物理化学,仅凭分类名称无法确定是否存在稳定有用的场景或承载区域来源,screened
知识与学科,知识与学科 / 历史学,28,hold,[],知识与学科 / 历史学,仅凭分类名称无法确定是否存在稳定有用的场景或承载区域来源,screened
知识与学科,知识与学科 / 哲学,41,reject,[],哲学,哲学主要提供抽象符号和概念性内容，缺乏稳定、具体的场景或承载区域来源。,screened
知识与学科,知识与学科 / 大纲,55,hold,[],知识与学科大纲,仅凭分类名称无法确定具体场景或稳定来源，缺乏可判断的场景或承载环境,screened
知识与学科,知识与学科 / 天文学,52,reject,[],天文学,天文学主要提供抽象符号、纯文字和概念性内容，缺乏稳定、可编辑的场景或承载区域来源。,screened
知识与学科,知识与学科 / 学科与知识品牌 / 交叉与前沿学科 IP,120,hold,[],知识与学科品牌中的交叉与前沿学科IP,仅凭分类名称无法确定具体场景或稳定来源，缺乏明确的场景或承载环境支持,screened
知识与学科,知识与学科 / 学科与知识品牌 / 人文科学 IP,284,hold,[],知识与学科 / 学科与知识品牌 / 人文科学 IP,仅凭分类名称无法确定具体场景或稳定来源，缺乏明确的场景或承载环境支持。,screened
知识与学科,知识与学科 / 学科与知识品牌 / 医学与健康科学 IP,169,hold,[],医学与健康科学 IP,仅凭分类名称无法确定具体场景或稳定来源，缺乏明确的场景或承载环境支持。,screened
知识与学科,知识与学科 / 学科与知识品牌 / 工程与技术科学 IP,321,hold,[],工程与技术科学IP相关知识品牌,仅凭分类名称无法确定具体场景或稳定来源，缺乏明确的场景或承载环境支持,screened
知识与学科,知识与学科 / 学科与知识品牌 / 社会科学 IP,315,hold,[],社会科学IP相关概念,仅凭分类名称无法确定具体场景或稳定来源，缺乏明确的场景或承载环境支持,screened
知识与学科,知识与学科 / 学科与知识品牌 / 科学奖项与学术荣誉 IP,82,reject,[],科学奖项与学术荣誉 IP,该类别主要为抽象符号、品牌标志或文字内容，缺乏稳定、可编辑的场景或承载环境来源。,screened
知识与学科,知识与学科 / 学科与知识品牌 / 科学装置与科研机构 IP,137,hold,[],知识与学科 / 学科与知识品牌 / 科学装置与科研机构 IP,仅凭分类名称无法确定是否存在稳定有用的场景或承载区域来源。,screened
知识与学科,知识与学科 / 学科与知识品牌 / 自然科学 IP,307,hold,[],知识与学科 / 学科与知识品牌 / 自然科学 IP,仅凭分类名称无法确定具体场景或稳定来源，缺乏明确的场景或承载环境关联,screened
知识与学科,知识与学科 / 工程学 / 土木工程,86,keep,"[""建筑环境"", ""施工场景"", ""城市基础设施""]",土木工程相关的建筑、施工和基础设施场景,土木工程涉及多种稳定且具有实际场景的建筑与基础设施环境，如施工现场、道路桥梁、住宅建筑等，具备明确的场景来源。,screened
知识与学科,知识与学科 / 工程学 / 机械工程,86,hold,[],工程学中的机械工程相关概念,仅凭分类名称无法确定是否存在稳定有用的场景或承载区域来源,screened
知识与学科,知识与学科 / 工程学 / 电气工程,86,hold,[],电气工程,仅凭分类名称无法确定是否存在稳定有用的场景或承载区域来源,screened
知识与学科,知识与学科 / 工程学 / 航空航天工程,65,hold,[],航空航天工程,仅凭分类名称无法确定是否存在稳定有用的场景或承载区域来源,screened
知识与学科,知识与学科 / 报告,24,reject,[],报告类内容,报告属于抽象符号和文字内容，缺乏稳定、可编辑的场景或承载区域来源,screened
知识与学科,知识与学科 / 描述 / 标签,20,reject,[],标签类描述性内容,该分类主要为抽象符号和纯文字描述，缺乏稳定、可编辑的场景或承载区域来源,screened
知识与学科,知识与学科 / 收藏品集合 / 什锦组合,23,hold,[],知识与学科下的收藏品集合中的什锦组合,仅凭分类名称无法确定具体场景或是否存在稳定有用的来源,screened
知识与学科,知识与学科 / 收藏品集合 / 包,25,keep,"[""收藏展示场景"", ""室内空间""]",包作为收藏品的展示和存放场景，常见于家庭、博物馆或个人收藏空间,包作为收藏品集合的一部分，常出现在室内展示或收藏空间中，具有稳定的场景来源,screened
知识与学科,知识与学科 / 收藏品集合 / 堆,23,keep,"[""收藏展示场景"", ""室内陈列空间""]",收藏品的堆叠展示场景，如家庭收藏室、博物馆陈列区等,堆叠的收藏品在展示和陈列场景中具有稳定来源，能提供可编辑的承载与展示环境,screened
知识与学科,知识与学科 / 收藏品集合 / 套件,28,hold,[],知识与学科下的收藏品集合套件,仅凭分类名称无法确定是否存在稳定有用的场景或承载区域来源,screened
知识与学科,知识与学科 / 收藏品集合 / 恒星系,27,reject,[],恒星系,恒星系主要为抽象符号和纯文字描述，缺乏稳定、可编辑的场景或承载区域来源。,screened
知识与学科,知识与学科 / 收藏品集合 / 标识系统,27,hold,[],知识与学科中的收藏品集合类标识系统,仅凭分类名称无法确定是否存在稳定有用的场景或承载区域来源,screened
知识与学科,知识与学科 / 收藏品集合 / 细绳,26,hold,[],细绳作为收藏品集合的类别，缺乏明确的场景或承载环境,仅凭'细绳'这一名称无法确定其在收藏品中的具体使用场景或稳定来源,screened
知识与学科,知识与学科 / 教育与科普 / 学科竞赛 IP,169,reject,[],学科竞赛IP相关符号或文字,该类别主要为抽象符号、品牌标志或文字内容，缺乏稳定、可编辑的场景或承载区域来源,screened
知识与学科,知识与学科 / 教育与科普 / 教育内容品牌,178,reject,[],教育内容品牌,该类别主要为抽象品牌标志或纯文字，缺乏稳定、可用的场景或承载环境来源。,screened
知识与学科,知识与学科 / 教育与科普 / 教育机构组织,446,keep,"[""教育机构"", ""校园环境"", ""教学场所""]",教育机构组织相关的校园、教室、办公区域等场景,教育机构组织通常存在于校园或教学场所，具有稳定且丰富的场景来源，适合召回其成员概念的关联图片,screened
知识与学科,知识与学科 / 教育与科普 / 研学体验,188,keep,"[""教育场所"", ""研学环境"", ""科普活动""]",教育与科普类研学体验相关的场景和环境,研学体验通常发生在教育场所或户外科普活动中，具有稳定且丰富的场景来源。,screened
知识与学科,知识与学科 / 教育与科普 / 科普内容,327,keep,"[""教室"", ""学习环境"", ""科普展览""]",教育与科普内容相关的教学场景和展示环境,科普内容通常出现在教室、学习环境或科普展览等具有稳定场景和承载区域的场所,screened
知识与学科,知识与学科 / 教育理念与模式,46,hold,[],知识与学科 / 教育理念与模式,仅凭分类名称无法确定具体场景或稳定来源，缺乏明确的可编辑环境或承载面,screened
知识与学科,知识与学科 / 数学,45,reject,[],数学知识领域,数学属于抽象符号和概念体系，缺乏稳定、可编辑的场景或承载环境来源,screened
知识与学科,知识与学科 / 文学,47,hold,[],知识与学科 / 文学,仅凭分类名称无法确定具体场景或稳定来源，缺乏明确的场景或承载环境关联,screened
知识与学科,知识与学科 / 点 / 地形点,242,hold,[],知识与学科下的地形点,仅凭分类名称无法确定是否存在稳定有用的场景或承载区域来源,screened
知识与学科,知识与学科 / 点 / 天球点,23,reject,[],天球点相关抽象概念,天球点属于抽象天文符号，缺乏稳定、可编辑的场景或承载环境来源,screened
知识与学科,知识与学科 / 点 / 岗位,28,hold,[],知识与学科 / 点 / 岗位,仅凭分类名称无法确定具体场景或稳定来源，缺乏明确的场景或承载环境关联,screened
知识与学科,知识与学科 / 点 / 点状结构,26,hold,[],知识与学科中的点状结构,仅凭分类名称无法确定具体场景或稳定来源，缺乏明确的场景或承载环境支持,screened
知识与学科,知识与学科 / 点 / 笔尖,22,reject,[],点/笔尖作为抽象符号或文字元素,该分类主要为抽象符号或文字元素，缺乏稳定、可编辑的场景或承载区域来源,screened
知识与学科,知识与学科 / 点 / 箭头,29,reject,[],知识与学科中的点和箭头,该分类主要为抽象符号或纯文字，缺乏稳定、可用的场景或承载区域来源,screened
知识与学科,知识与学科 / 点 / 角,21,hold,[],知识与学科中的点和角概念,仅凭'点/角'无法确定其在具体场景中的稳定来源或承载环境,screened
知识与学科,知识与学科 / 物理学,85,reject,[],物理学,物理学主要提供抽象符号、纯文字和概念说明，缺乏稳定、可编辑的场景或承载区域来源。,screened
知识与学科,知识与学科 / 生命科学 / 个体发生,19,hold,[],知识与学科 / 生命科学 / 个体发生,仅凭分类名称无法确定是否存在稳定有用的场景或承载区域来源,screened
知识与学科,知识与学科 / 生命科学 / 微生物学,99,hold,[],知识与学科 / 生命科学 / 微生物学,仅凭分类名称无法确定是否存在稳定有用的场景或承载区域来源,screened
知识与学科,知识与学科 / 生命科学 / 生态学,65,hold,[],知识与学科 / 生命科学 / 生态学,仅凭分类名称无法确定是否存在稳定有用的场景或承载区域来源,screened
知识与学科,知识与学科 / 生命科学 / 生物学,72,hold,[],知识与学科 / 生命科学 / 生物学,仅凭分类名称无法确定是否存在稳定有用的场景或承载区域来源,screened
知识与学科,知识与学科 / 生命科学 / 遗传学,83,reject,[],遗传学相关概念,遗传学主要提供抽象符号和文字内容，缺乏稳定、可编辑的场景或承载环境来源。,screened
知识与学科,知识与学科 / 生物分类阶元,38,hold,[],知识与学科 / 生物分类阶元,仅凭分类名称无法确定具体场景或稳定来源，缺乏明确的场景或承载环境关联,screened
知识与学科,知识与学科 / 界限 / 国境,68,reject,[],国境相关抽象概念,国境主要表现为抽象边界或地理符号，缺乏稳定、可编辑的场景或承载环境来源,screened
知识与学科,知识与学科 / 界限 / 岸线,66,keep,"[""自然环境"", ""水域边界""]",岸线作为水域与陆地的交界区域，常见于河流、海岸、湖泊等自然地理场景,岸线是自然环境中稳定存在的地理边界，具有明确的场景和承载面，可作为可编辑环境的参考,screened
知识与学科,知识与学科 / 界限 / 表面,291,hold,[],知识与学科中的界限概念,仅凭'表面'无法确定具体场景或稳定来源，缺乏可判断的场景或承载环境,screened
知识与学科,知识与学科 / 界限 / 轮廓,69,reject,[],知识与学科中的界限和轮廓概念,轮廓和界限属于抽象符号或概念描述，缺乏稳定、可编辑的场景或承载区域来源,screened
知识与学科,知识与学科 / 研究方法 / 研究,28,hold,[],知识与学科 / 研究方法 / 研究,仅凭分类名称无法确定具体场景或稳定来源，缺乏明确的场景或承载环境关联,screened
知识与学科,知识与学科 / 线 / 下摆线,30,reject,[],知识与学科中的下摆线,下摆线属于抽象符号或纯文字概念，缺乏稳定、可用的场景或承载区域来源,screened
知识与学科,知识与学科 / 线 / 小径,127,hold,[],知识与学科中的线类小径,仅凭分类名称无法确定是否存在稳定有用的场景或承载区域来源,screened
知识与学科,知识与学科 / 经济学,57,reject,[],经济学,经济学主要提供抽象符号和纯文字内容，缺乏稳定、可编辑的场景或承载区域来源。,screened
知识与学科,知识与学科 / 表格 / 日历,30,reject,[],表格和日历作为知识载体的抽象符号,表格和日历主要为抽象符号或文字内容，缺乏稳定、可编辑的场景或承载区域来源,screened
知识与学科,知识与学科 / 认知与知识过程 / 主意,108,hold,[],认知与知识过程中的主意相关范畴,仅凭'主意'无法确定具体场景或稳定来源，缺乏明确的场景或承载环境支持,screened
知识与学科,知识与学科 / 认知与知识过程 / 基本认知过程,119,hold,[],知识与学科 / 认知与知识过程 / 基本认知过程,仅凭分类名称无法确定具体场景或稳定来源，缺乏明确的可编辑环境或承载面,screened
知识与学科,知识与学科 / 认知与知识过程 / 才智,107,hold,[],知识与学科 / 认知与知识过程 / 才智,仅凭分类名称无法确定具体场景或稳定来源，缺乏明确的可编辑环境或承载面,screened
知识与学科,知识与学科 / 认知与知识过程 / 表征,83,hold,[],知识与学科 / 认知与知识过程 / 表征,仅凭分类名称无法确定具体场景或稳定来源，缺乏明确的可编辑环境或承载面,screened
知识与学科,知识与学科 / 认知与知识过程 / 高级认知过程,46,hold,[],知识与学科 / 认知与知识过程 / 高级认知过程,仅凭分类名称无法确定是否存在稳定有用的场景或承载区域来源,screened
知识与学科,知识与学科 / 认知科学,45,hold,[],知识与学科 / 认知科学,仅凭分类名称无法确定具体场景或稳定来源，缺乏明确的可编辑环境或承载区域,screened
知识与学科,知识与学科 / 设计元素,27,hold,[],知识与学科 / 设计元素,仅凭分类名称无法确定具体场景或是否存在稳定有用的来源,screened
知识与学科,知识与学科 / 语言学,23,reject,[],语言学相关概念,语言学主要提供抽象符号和文字内容，缺乏稳定、可编辑的场景或承载区域来源。,screened
组织机构与社会事件,组织机构与社会事件 / 业务团队,22,hold,[],业务团队,仅凭分类名称无法确定是否存在稳定有用的场景或承载区域来源,screened
组织机构与社会事件,组织机构与社会事件 / 举办会议,38,keep,"[""会议场所"", ""办公环境"", ""公共活动空间""]",举办会议的各类场所和环境,会议通常发生在有稳定场景支撑的办公或公共空间中，具备明确的承载和组织结构。,screened
组织机构与社会事件,组织机构与社会事件 / 事业 / 交通运输,38,keep,"[""交通环境"", ""工作场所"", ""公共空间""]",交通运输相关的场景和环境，如道路、车站、交通枢纽等,该分类包含稳定且常见的交通场景来源，如道路、车站、交通设施等，具有明确的场景和承载环境,screened
组织机构与社会事件,组织机构与社会事件 / 事业 / 农业,37,keep,"[""农业生产场景"", ""农村生活空间"", ""农业工作场所""]",涉及农业生产的组织、活动及实际作业环境,农业活动通常发生在特定的生产场景中，具有稳定且可编辑的环境结构，如农田、温室、农具存放区等，能提供有效的场景来源。,screened
组织机构与社会事件,组织机构与社会事件 / 事业 / 印刷,38,hold,[],印刷相关组织机构与社会事件,仅凭分类名称无法确定是否存在稳定有用的场景或承载区域来源,screened
组织机构与社会事件,组织机构与社会事件 / 事业 / 广告,38,reject,[],广告相关组织机构与社会事件,广告多为符号化、文字化表达，缺乏稳定可用的场景或承载环境来源,screened
组织机构与社会事件,组织机构与社会事件 / 事业 / 旅游,37,hold,[],事业与旅游相关的组织机构和社会事件,仅凭分类名称无法确定具体场景或是否存在稳定有用的来源,screened
组织机构与社会事件,组织机构与社会事件 / 事务 / 仪式,38,hold,[],组织机构与社会事件下的事务和仪式,仅凭分类名称无法确定具体场景或稳定来源，缺乏明确的可编辑环境结构或承载面。,screened
组织机构与社会事件,组织机构与社会事件 / 事务 / 庆典,38,hold,[],组织机构与社会事件下的事务和庆典,分类名称模糊，缺乏明确的稳定场景或承载环境来源，无法确定具体可召回的场景类型,screened
组织机构与社会事件,组织机构与社会事件 / 事故与灾害事件 / 交通事故,38,keep,"[""交通环境"", ""工作场所"", ""公共道路""]",交通事故发生的场景和相关环境,交通事故通常发生在交通环境中，具有稳定且常见的场景来源，如道路、交叉口、停车场等。,screened
组织机构与社会事件,组织机构与社会事件 / 事故与灾害事件 / 公共卫生事件,32,keep,"[""公共卫生事件"", ""城市公共空间"", ""应急响应环境""]",涉及公共卫生事件的公共空间和应急响应场景,公共卫生事件通常发生在城市公共空间，具有稳定的场景来源，如医院、社区、交通节点等，能提供可编辑的环境结构。,screened
组织机构与社会事件,组织机构与社会事件 / 事故与灾害事件 / 核事故,32,keep,"[""核事故现场"", ""辐射环境"", ""应急处置场景""]",核事故相关的现场环境、辐射影响区域及应急响应场景,核事故通常涉及明确的现场环境和辐射区域，具有稳定且可编辑的场景来源,screened
组织机构与社会事件,组织机构与社会事件 / 事故与灾害事件 / 火灾事故,37,keep,"[""火灾现场"", ""建筑内部"", ""应急救援环境""]",火灾事故相关的现场环境和应急处置场景,火灾事故通常发生在建筑内部或特定空间，具有稳定且可编辑的场景来源，如起火现场、疏散通道、消防设备部署等。,screened
组织机构与社会事件,组织机构与社会事件 / 事故与灾害事件 / 环境污染事件,38,keep,"[""环境污染场景"", ""自然与城市环境""]",与环境污染事件相关的环境场景和受影响区域,环境污染事件通常发生在特定环境场景中，如河流、空气、土壤等，具有稳定且可识别的来源和承载环境。,screened
组织机构与社会事件,组织机构与社会事件 / 事故与灾害事件 / 生产事故,36,keep,"[""生产场所"", ""工作环境"", ""事故现场""]",生产事故发生的场所及相关环境,生产事故通常发生在特定生产或工作环境中，具有稳定且可识别的场景来源,screened
组织机构与社会事件,组织机构与社会事件 / 事故与灾害事件 / 自然灾害,34,keep,"[""自然灾害场景"", ""自然环境"", ""灾害影响区域""]",与自然灾害相关的场景和环境，如地震、洪水、台风等发生的自然环境及影响区域,自然灾害通常发生在特定自然环境中，具有稳定且可识别的场景来源，如山地、河流、沿海区域等，能提供有效的承载和环境结构支持,screened
组织机构与社会事件,组织机构与社会事件 / 亲戚 / 夫妇,41,hold,[],组织机构与社会事件 / 亲戚 / 夫妇,仅凭分类名称无法确定是否存在稳定有用的场景或承载区域来源。,screened
组织机构与社会事件,组织机构与社会事件 / 亲戚 / 新婚夫妇,35,hold,[],组织机构与社会事件 / 亲戚 / 新婚夫妇,仅凭分类名称无法确定具体场景或稳定来源，缺乏明确的场景或承载环境支持。,screened
组织机构与社会事件,组织机构与社会事件 / 人员,38,hold,[],人员相关组织与社会事件,仅凭'人员'无法确定具体场景或稳定来源，缺乏明确的场景或承载环境支持,screened
组织机构与社会事件,组织机构与社会事件 / 人生仪式,21,hold,[],组织机构与社会事件 / 人生仪式,仅凭分类名称无法确定具体场景或是否存在稳定有用的来源,screened
组织机构与社会事件,组织机构与社会事件 / 人群 / 厨房橱柜,39,keep,"[""厨房环境"", ""家庭空间"", ""日常生活场景""]",厨房橱柜在家庭厨房中的常见配置和使用场景,厨房橱柜作为厨房环境中的稳定组成部分，提供明确的承载和放置区域，具有持续存在的场景来源,screened
组织机构与社会事件,组织机构与社会事件 / 企业 / 商业企业,38,keep,"[""商业场所"", ""工作环境"", ""城市空间""]",商业企业相关的办公场所、商业运营环境及社会活动场景,商业企业通常存在于办公空间、商业街区等稳定场景中，具有明确的承载和可编辑环境结构,screened
组织机构与社会事件,组织机构与社会事件 / 企业 / 商品特许经销商,64,reject,[],企业及商品特许经销商的相关信息,该分类主要涉及抽象符号、品牌标志和文字信息，缺乏稳定、可编辑的场景或承载区域来源。,screened
组织机构与社会事件,组织机构与社会事件 / 企业 / 承运人,67,hold,[],企业及承运人相关组织,仅凭分类名称无法确定是否存在稳定有用的场景或承载区域来源,screened
组织机构与社会事件,组织机构与社会事件 / 企业 / 汽车经销店,65,keep,"[""商业场所"", ""城市环境"", ""服务设施""]",汽车经销店作为商业实体存在于城市或社区中的具体经营场所,汽车经销店通常位于商业区域，提供稳定的服务场景和承载环境，具有明确的物理空间和可编辑属性,screened
组织机构与社会事件,组织机构与社会事件 / 休养所,57,keep,"[""休养所环境"", ""社会机构空间""]",休养所作为社会机构提供的休养与康复空间，包含其物理环境和日常运营场景,休养所通常具有稳定的物理空间和明确的使用场景，如康复区、休息区、医疗区等，能提供可编辑的环境结构和承载面,screened
组织机构与社会事件,组织机构与社会事件 / 会议与展览 / 博览会,68,keep,"[""展览场所"", ""公共空间"", ""会议环境""]",各类博览会的举办场地和相关环境,博览会通常发生在有稳定场景和承载区域的公共或专业空间中，具备明确的环境来源。,screened
组织机构与社会事件,组织机构与社会事件 / 会议与展览 / 发布会,36,keep,"[""会议场景"", ""展览环境"", ""发布会现场""]",会议、展览、发布会等正式活动的举办场景,发布会通常发生在有明确空间和承载结构的室内或公共区域，具备稳定且可编辑的场景来源,screened
组织机构与社会事件,组织机构与社会事件 / 会议与展览 / 商务会议,66,keep,"[""会议室"", ""办公场所"", ""商务环境""]",商务会议通常发生在会议室或办公场所，具有稳定的场景和承载面，适合召回相关图片,商务会议常见于会议室或办公环境，具备稳定且可编辑的场景来源,screened
组织机构与社会事件,组织机构与社会事件 / 会议与展览 / 学术会议,67,keep,"[""会议场所"", ""学术环境"", ""公共活动空间""]",学术会议通常发生在会议室、大学礼堂或展览中心等有固定空间和设施的场所,学术会议具有稳定的场景来源，如会议厅、报告厅等，提供明确的承载和可编辑环境,screened
组织机构与社会事件,组织机构与社会事件 / 会议与展览 / 展览展会,37,keep,"[""展览场所"", ""公共空间"", ""室内环境""]",各类展览展会的举办场地和相关环境,展览展会通常发生在明确的室内或公共空间中，具有稳定且可编辑的场景来源,screened
组织机构与社会事件,组织机构与社会事件 / 会议与展览 / 政务会议,68,keep,"[""政务会议"", ""公共会议空间"", ""办公环境""]",涉及政府或组织机构召开的正式会议场景,政务会议通常发生在有稳定承载面和结构的室内办公或会议场所，具备明确的场景来源和可编辑环境结构。,screened
组织机构与社会事件,组织机构与社会事件 / 会议与展览 / 论坛峰会,61,keep,"[""会议场所"", ""展览空间"", ""公共活动环境""]",会议、论坛、峰会等社会活动发生的物理或虚拟空间,会议与展览通常发生在有明确空间结构和承载功能的场所，如会议中心、展览馆、论坛场地等，具备稳定且可编辑的场景来源,screened
组织机构与社会事件,组织机构与社会事件 / 伦敦男装周,26,reject,[],伦敦男装周,该分类主要为抽象符号和品牌活动标志，缺乏稳定、可用的场景或承载环境来源。,screened
组织机构与社会事件,组织机构与社会事件 / 体育事件 / 体操赛事,56,keep,"[""体育赛事现场"", ""运动场馆"", ""公众活动场景""]",体操赛事相关的现场环境和公共活动空间,体操赛事通常发生在有明确场景和承载面的体育场馆或公共活动场地，具有稳定且可编辑的环境结构。,screened
组织机构与社会事件,组织机构与社会事件 / 体育事件 / 冰雪赛事,51,keep,"[""冰雪赛事现场"", ""体育场馆环境"", ""公共活动空间""]",涉及冰雪赛事的体育活动场景，如滑雪场、冰场、比赛场馆等,冰雪赛事通常发生在特定的体育场馆或自然冰雪环境中，具有稳定且可编辑的场景来源，如观众席、赛道、设施区域等。,screened
组织机构与社会事件,组织机构与社会事件 / 体育事件 / 格斗赛事,44,keep,"[""体育赛事现场"", ""竞技场馆"", ""公众活动场景""]",格斗赛事相关的体育事件场景，包括比赛场馆、观众环境、运动员活动区域等,格斗赛事通常发生在有明确场景和承载面的体育场馆或公共活动场所，具有稳定且可编辑的环境结构,screened
组织机构与社会事件,组织机构与社会事件 / 体育事件 / 水上赛事,61,keep,"[""水上环境"", ""体育赛事现场"", ""公共活动空间""]",涉及水上赛事的体育活动场景，如比赛水域、观赛区域、相关设施,水上赛事通常发生在稳定且可识别的水域场景中，具有明确的承载面和公共参与环境，能提供丰富的可编辑场景来源。,screened
组织机构与社会事件,组织机构与社会事件 / 体育事件 / 球类赛事,82,keep,"[""体育赛事现场"", ""体育场馆"", ""公共活动空间""]",球类赛事相关的体育活动场景，如比赛现场、球场、观众区域等,球类赛事通常发生在明确的体育场馆或户外场地，具有稳定且可编辑的场景来源，如观众席、球场、比赛区域等。,screened
组织机构与社会事件,组织机构与社会事件 / 体育事件 / 田径赛事,37,keep,"[""体育赛事现场"", ""室外运动场地"", ""公众活动环境""]",田径赛事相关的室外公开场景和活动环境,田径赛事通常发生在公开的室外场地，具有稳定的场景来源和可编辑的环境结构,screened
组织机构与社会事件,组织机构与社会事件 / 体育事件 / 电子竞技,54,keep,"[""体育赛事现场"", ""电子竞技比赛环境"", ""公共活动空间""]",体育事件和电子竞技比赛中的实际发生场景,体育事件和电子竞技比赛通常具有稳定的现场环境和可编辑的承载结构，如赛场、观众席、电子设备区域等，具备明确的场景来源。,screened
组织机构与社会事件,组织机构与社会事件 / 体育事件 / 综合运动会,50,keep,"[""体育赛事现场"", ""公共活动空间"", ""大型集会环境""]",综合运动会相关的现场场景和公共活动空间,综合运动会通常发生在大型公共场地，具有稳定的场景来源和可编辑的环境结构。,screened
组织机构与社会事件,组织机构与社会事件 / 体育事件 / 自行车赛事,59,keep,"[""交通环境"", ""公共空间"", ""赛事现场""]",自行车赛事相关的公共活动场景和交通环境,自行车赛事通常发生在公共道路或专用赛道上，具有稳定的场景来源和可编辑的环境结构,screened
组织机构与社会事件,组织机构与社会事件 / 体育事件 / 赛车赛事,34,keep,"[""交通环境"", ""赛事现场""]",赛车赛事相关的现场场景和交通环境,赛车赛事通常发生在特定的交通或赛事现场，具有稳定且可编辑的场景来源,screened
组织机构与社会事件,组织机构与社会事件 / 体育事件 / 马拉松赛事,50,keep,"[""公共空间"", ""交通环境"", ""赛事现场""]",马拉松赛事相关的公共活动场景和交通组织环境,马拉松赛事通常发生在公共空间和交通环境中，具有稳定的场景来源和可编辑的承载面。,screened
组织机构与社会事件,组织机构与社会事件 / 体育协会,58,hold,[],体育协会,仅凭分类名称无法确定是否存在稳定有用的场景或承载区域来源,screened
组织机构与社会事件,组织机构与社会事件 / 停业事件,25,reject,[],停业事件相关组织机构的公开信息,停业事件多为抽象符号或文字描述，缺乏稳定、可编辑的场景或承载环境来源,screened
组织机构与社会事件,组织机构与社会事件 / 停车设施,43,keep,"[""停车场所"", ""城市交通环境"", ""公共设施区域""]",与停车设施相关的各类场景，包括停车场、路边停车区、地下车库等公共或管理性空间,停车设施通常存在于城市交通和公共设施环境中，具有稳定且可编辑的承载面和空间结构，能提供明确的场景来源,screened
组织机构与社会事件,组织机构与社会事件 / 充电设备,27,hold,[],充电设备,仅凭分类名称无法确定是否存在稳定有用的场景或承载区域来源,screened
组织机构与社会事件,组织机构与社会事件 / 公共庆典事件 / 传统节日庆典,37,keep,"[""公共庆典"", ""节日环境"", ""社会活动场景""]",传统节日庆典在公共空间中的举办场景，如街道、广场、庙会等,传统节日庆典通常在公共空间中举行，具有稳定且广泛的场景来源，能提供丰富的可编辑环境结构。,screened
组织机构与社会事件,组织机构与社会事件 / 公共庆典事件 / 国庆庆典,39,keep,"[""公共空间"", ""庆典活动"", ""城市环境""]",国庆庆典等公共庆典事件在城市公共空间中的场景,公共庆典事件通常发生在稳定且可观察的公共空间中，具有明确的场景来源和承载环境。,screened
组织机构与社会事件,组织机构与社会事件 / 公共庆典事件 / 城市庆典,30,keep,"[""城市公共空间"", ""庆典活动场景"", ""开放集会环境""]",城市庆典事件中涉及的公共空间和集会场景,城市庆典通常发生在公开、稳定的公共空间，具有明确的场景和承载环境，适合召回相关图片,screened
组织机构与社会事件,组织机构与社会事件 / 公共庆典事件 / 开幕闭幕仪式,31,keep,"[""公共空间"", ""庆典环境"", ""仪式场景""]",公共庆典事件中的开幕闭幕仪式场景，如广场、场馆、仪式现场等,开幕闭幕仪式通常发生在公共空间或特定仪式场景中，具有稳定且可编辑的环境结构,screened
组织机构与社会事件,组织机构与社会事件 / 公共庆典事件 / 狂欢节,25,keep,"[""公共庆典"", ""节日活动"", ""社会集会""]",涉及公众参与的狂欢节场景，如街头庆祝、人群聚集、文化表演等,狂欢节通常具有稳定的公共场景和人群聚集特征，能提供丰富的可编辑环境和社交互动背景,screened
组织机构与社会事件,组织机构与社会事件 / 公共庆典事件 / 纪念活动,34,keep,"[""公共庆典"", ""社会活动场景"", ""纪念场所""]",公共庆典事件和纪念活动相关的场景，如广场、仪式场地、文化中心等,公共庆典和纪念活动通常发生在具有稳定场景的公共空间，如广场、公园或文化场馆，具备明确的承载面和可编辑环境结构。,screened
组织机构与社会事件,组织机构与社会事件 / 公共庆典事件 / 节日巡游,29,keep,"[""公共庆典"", ""节日活动"", ""城市巡游""]",涉及公共庆典和节日巡游的场景，如街道、广场、公共场所等,公共庆典事件和节日巡游通常发生在开放的公共空间，具有稳定的场景来源和可编辑的环境结构。,screened
组织机构与社会事件,组织机构与社会事件 / 公共庆典事件 / 阅兵式,28,keep,"[""公共庆典"", ""室外活动"", ""仪式场景""]",阅兵式等公共庆典事件中的室外仪式场景,阅兵式通常发生在公开场地，具有稳定的场景和承载环境，可提供丰富的视觉素材,screened
组织机构与社会事件,组织机构与社会事件 / 公司 / 制作公司,26,hold,[],公司类组织机构,仅凭分类名称无法确定是否存在稳定有用的场景或承载区域来源,screened
组织机构与社会事件,组织机构与社会事件 / 公安,38,keep,"[""公共安全场景"", ""执法环境"", ""社会秩序维护""]",公安机构的办公、执法及公共安全相关场景,公安活动通常发生在具有稳定场景和承载面的公共或执法环境中，如派出所、警局、交通路口等，具备明确且持续的场景来源。,screened
组织机构与社会事件,组织机构与社会事件 / 兵役 / 军,28,keep,"[""军事基地"", ""战场环境"", ""军事训练场所""]",与军役相关的军事部署、训练、作战等场景,军役涉及稳定且广泛的军事场景，如基地、战场、训练场等，具有明确的场景来源和可编辑环境结构,screened
组织机构与社会事件,组织机构与社会事件 / 兵役 / 海军,38,hold,[],组织机构与社会事件 / 兵役 / 海军,仅凭分类名称无法确定是否存在稳定有用的场景或承载区域来源。,screened
组织机构与社会事件,组织机构与社会事件 / 养殖业,31,hold,[],养殖业,仅凭分类名称无法确定是否存在稳定有用的场景或承载区域来源,screened
组织机构与社会事件,组织机构与社会事件 / 养老院,39,keep,"[""养老院内部环境"", ""老年人生活场景"", ""社区与社会服务空间""]",养老院的日常运营环境、老年人生活场景及与社会服务相关的空间结构,养老院作为特定社会机构，具有稳定且丰富的室内场景和承载环境，适合提供可编辑的环境结构和生活场景支持,screened
组织机构与社会事件,组织机构与社会事件 / 动物组织 / 神经组织,65,hold,[],动物组织与神经组织,仅凭分类名称无法确定是否存在稳定有用的场景或承载区域来源,screened
组织机构与社会事件,组织机构与社会事件 / 动物组织 / 结缔组织,106,reject,[],动物组织与结缔组织,该类别属于生物学或解剖学范畴，缺乏稳定、可编辑的场景或承载环境来源，主要为抽象符号或文字描述，无实际场景支持。,screened
组织机构与社会事件,组织机构与社会事件 / 动物组织 / 脂肪组织,52,reject,[],脂肪组织,脂肪组织属于生物解剖学概念，缺乏稳定、非偶然的场景或承载环境来源，主要为抽象符号或医学图像，不符合可编辑环境结构要求。,screened
组织机构与社会事件,组织机构与社会事件 / 动物组织 / 虹膜,28,reject,[],虹膜作为动物组织的类别,虹膜属于生物器官，缺乏稳定、非偶然的场景或承载环境来源，仅具抽象符号意义，不符合场景类别的要求,screened
组织机构与社会事件,组织机构与社会事件 / 动物组织 / 襟翼,31,reject,[],动物组织,襟翼是动物组织中的一个不明确且无稳定场景来源的抽象概念，缺乏实际场景或承载环境支持。,screened
组织机构与社会事件,组织机构与社会事件 / 医务人员群体,22,hold,[],医务人员群体,仅凭分类名称无法确定具体场景或稳定来源，缺乏明确的场景或承载环境支持,screened
组织机构与社会事件,组织机构与社会事件 / 协会 / 一级方程式赛车,27,reject,[],一级方程式赛车相关组织机构与社会事件,该类别主要为抽象符号和品牌标志，缺乏稳定、可用的场景或承载区域来源。,screened
组织机构与社会事件,组织机构与社会事件 / 协会 / 俱乐部,28,hold,[],组织机构与社会事件下的协会和俱乐部,仅凭分类名称无法确定是否存在稳定有用的场景或承载区域来源,screened
组织机构与社会事件,组织机构与社会事件 / 协会 / 团伙,24,hold,[],组织机构与社会事件下的协会和团体,仅凭分类名称无法确定是否存在稳定有用的场景或承载区域来源,screened
组织机构与社会事件,组织机构与社会事件 / 发光现象 / 闪耀,28,reject,[],发光现象 / 闪耀,该分类主要涉及抽象符号或纯文字表现，缺乏稳定、可编辑的场景或承载区域来源。,screened
组织机构与社会事件,组织机构与社会事件 / 周期性事件 / 日出,28,keep,"[""自然环境"", ""日常场景""]",日出作为自然现象和日常时间周期的一部分，出现在多种场景中,日出是稳定且普遍存在的自然现象，常出现在自然环境和日常生活中，提供明确的场景来源,screened
组织机构与社会事件,组织机构与社会事件 / 周期性事件 / 日落,28,reject,[],日落作为周期性事件,日落属于自然现象而非具有稳定场景或承载区域的组织机构或社会事件,screened
组织机构与社会事件,组织机构与社会事件 / 商业营销事件 / 促销活动,36,hold,[],商业营销事件中的促销活动,仅凭分类名称无法确定具体场景或稳定来源，缺乏明确的场景或承载环境支持,screened
组织机构与社会事件,组织机构与社会事件 / 商业营销事件 / 品牌快闪,27,hold,[],品牌快闪事件相关的临时性社会活动场景,分类名称缺乏明确的场景或承载环境来源，无法确定其是否包含稳定可用的场景或空间结构,screened
组织机构与社会事件,组织机构与社会事件 / 商业营销事件 / 拍卖会,28,keep,"[""商业活动"", ""公共空间"", ""展览环境""]",拍卖会通常发生在商业或公共空间中，具有明确的场景和承载环境,拍卖会作为商业营销事件，通常发生在特定的公共或商业空间，具有稳定且可编辑的场景来源,screened
组织机构与社会事件,组织机构与社会事件 / 商业营销事件 / 招商活动,27,hold,[],商业营销事件中的招商活动相关场景,仅凭分类名称无法确定具体场景或是否存在稳定有用的来源,screened
组织机构与社会事件,组织机构与社会事件 / 商业营销事件 / 新品发布,28,hold,[],商业营销事件中的新品发布活动,仅凭分类名称无法确定是否存在稳定有用的场景或承载区域来源,screened
组织机构与社会事件,组织机构与社会事件 / 商业营销事件 / 直播营销,27,hold,[],商业营销事件中的直播场景,仅凭分类名称无法确定是否存在稳定有用的场景或承载区域来源,screened
组织机构与社会事件,组织机构与社会事件 / 商业营销事件 / 购物节,24,keep,"[""商业活动"", ""消费场景"", ""公共营销环境""]",与购物节相关的商业营销活动和消费场景,购物节通常发生在特定商业环境中，具有稳定的场景来源和可编辑的承载面，如商场、超市、线上平台等。,screened
组织机构与社会事件,组织机构与社会事件 / 啦啦队用品,27,hold,[],组织机构与社会事件 / 啦啦队用品,仅凭分类名称无法确定是否存在稳定有用的场景或承载区域来源,screened
组织机构与社会事件,组织机构与社会事件 / 圣诞晚宴,38,keep,"[""家庭聚会"", ""室内社交场景"", ""节日庆典""]",圣诞晚宴相关的家庭或社交聚会场景,圣诞晚宴通常发生在家庭或社交场合，具有稳定的室内场景和承载环境，适合召回相关图片,screened
组织机构与社会事件,组织机构与社会事件 / 孤儿收容所,27,keep,"[""社会机构"", ""收容场所"", ""儿童关怀环境""]",孤儿收容所作为社会服务机构，通常存在于特定社区或设施中，具有稳定的社会场景和承载环境,孤儿收容所属于稳定存在的社会机构，具有明确的物理空间和日常运营场景，可提供可靠的社会与环境背景,screened
组织机构与社会事件,组织机构与社会事件 / 德比战,29,reject,[],德比战相关事件,德比战主要表现为抽象社会事件和品牌竞争，缺乏稳定、可编辑的场景或承载环境来源,screened
组织机构与社会事件,组织机构与社会事件 / 志怪角色类别,30,hold,[],志怪角色类别,仅凭分类名称无法确定具体场景或稳定来源，缺乏明确的场景或承载环境支持,screened
组织机构与社会事件,组织机构与社会事件 / 总部,49,keep,"[""办公场所"", ""总部建筑"", ""组织运营环境""]",总部相关的办公空间、建筑结构及组织运营场景,总部通常存在于稳定的办公或行政建筑中，具有明确的场景和承载环境，可提供稳定可用的视觉来源。,screened
组织机构与社会事件,组织机构与社会事件 / 惩教机构 / 惩教所,71,keep,"[""惩教所环境"", ""监狱场景"", ""社会机构空间""]",惩教所及类似机构的物理空间和日常运营环境,惩教所具有稳定且明确的物理空间和场景来源，可提供可靠的承载与环境结构,screened
组织机构与社会事件,组织机构与社会事件 / 愿景,27,hold,[],组织机构与社会事件 / 愿景,仅凭分类名称无法确定具体场景或稳定来源，缺乏可判断的场景或承载环境,screened
组织机构与社会事件,组织机构与社会事件 / 慈善机构,22,hold,[],组织机构与社会事件 / 慈善机构,仅凭分类名称无法确定是否存在稳定有用的场景或承载区域来源。,screened
组织机构与社会事件,组织机构与社会事件 / 慈善活动,14,hold,[],组织机构与社会事件 / 慈善活动,仅凭分类名称无法确定是否存在稳定有用的场景或承载区域来源。,screened
组织机构与社会事件,组织机构与社会事件 / 戏曲角色类别,24,hold,[],戏曲角色类别,仅凭分类名称无法确定是否存在稳定有用的场景或承载区域来源,screened
组织机构与社会事件,组织机构与社会事件 / 托儿所,26,keep,"[""托儿所环境"", ""儿童活动空间"", ""教育场所""]",托儿所及其相关儿童活动和日常运营场景,托儿所通常具有稳定的室内环境和儿童活动空间，能提供明确的场景和承载区域,screened
组织机构与社会事件,组织机构与社会事件 / 扭转动作,27,hold,[],组织机构与社会事件 / 扭转动作,仅凭分类名称无法确定具体场景或稳定来源，缺乏明确的场景或承载环境关联,screened
组织机构与社会事件,组织机构与社会事件 / 抓举运动,28,reject,[],抓举运动相关社会事件,抓举运动主要为体育项目，缺乏稳定、广泛的场景或承载环境来源，属于抽象符号和孤立活动，无持续存在的场景支持。,screened
组织机构与社会事件,组织机构与社会事件 / 政治共同体 / 政体,28,hold,[],政治共同体与政体的组织结构,仅凭分类名称无法确定具体场景或稳定来源，缺乏明确的可编辑环境或承载面示例,screened
组织机构与社会事件,组织机构与社会事件 / 故障事件 / 不幸,28,hold,[],组织机构与社会事件 / 故障事件 / 不幸,仅凭分类名称无法确定具体场景或稳定来源，缺乏明确的可编辑环境或承载区域,screened
组织机构与社会事件,组织机构与社会事件 / 教派 / 东正教,20,hold,[],东正教相关组织与社会事件,仅凭分类名称无法确定是否存在稳定有用的场景或承载区域来源,screened
组织机构与社会事件,组织机构与社会事件 / 教派 / 什叶派,28,hold,[],什叶派相关社会事件与组织结构,仅凭分类名称无法确定是否存在稳定有用的场景或承载环境来源,screened
组织机构与社会事件,组织机构与社会事件 / 教派 / 天主教,28,reject,[],天主教相关组织与社会事件,天主教主要表现为宗教符号、品牌标志或孤立小物特写，缺乏稳定、非偶然的场景或承载区域来源,screened
组织机构与社会事件,组织机构与社会事件 / 教派 / 新教,29,hold,[],新教相关组织与社会事件,仅凭分类名称无法确定其具体场景或稳定来源，缺乏明确的场景或承载环境支持,screened
组织机构与社会事件,组织机构与社会事件 / 教派 / 逊尼派,28,reject,[],逊尼派相关符号或文字,逊尼派主要为宗教派别，缺乏稳定、可编辑的场景或承载环境来源，属于抽象符号和文字类内容,screened
组织机构与社会事件,组织机构与社会事件 / 教派 / 震颤派信徒,28,reject,[],震颤派信徒相关符号或文字,该分类主要涉及抽象宗教符号和文字，缺乏稳定、可编辑的场景或承载环境来源。,screened
组织机构与社会事件,组织机构与社会事件 / 文化娱乐事件 / 动漫展,27,keep,"[""动漫展现场"", ""文化活动空间"", ""公众聚集环境""]",动漫展及相关文化娱乐活动的现场场景,动漫展通常具有稳定的现场环境和明确的承载区域，如展位、观众区、互动区等，能提供丰富的可编辑场景来源。,screened
组织机构与社会事件,组织机构与社会事件 / 文化娱乐事件 / 文艺演出,28,keep,"[""文化演出场景"", ""公共活动空间""]",文艺演出发生的公共或文化场所,文艺演出通常发生在具有稳定场景和承载面的公共或文化空间，如剧院、广场、场馆等，具备明确的可编辑环境结构。,screened
组织机构与社会事件,组织机构与社会事件 / 文化娱乐事件 / 时装周,22,keep,"[""时装周现场"", ""公共活动空间"", ""文化展示环境""]",时装周相关的公共活动场景和展示环境,时装周通常发生在具有稳定场景和承载面的公共或文化空间，如展览馆、商业中心或城市广场，具备明确的可编辑环境结构。,screened
组织机构与社会事件,组织机构与社会事件 / 文化娱乐事件 / 演唱会,27,keep,"[""公共场所"", ""文化活动场景""]",演唱会等文化娱乐事件发生的公共空间和活动场景,演唱会通常发生在公共场所，具有稳定的场景和承载环境，能提供丰富的可编辑空间和观众互动背景,screened
组织机构与社会事件,组织机构与社会事件 / 文化娱乐事件 / 电影节,22,keep,"[""文化活动"", ""公共事件"", ""影视场景""]",电影节等文化娱乐事件相关的公共活动和场景,电影节等文化娱乐事件通常发生在特定公共空间，具有稳定且可编辑的场景来源，如影院、展览馆、城市广场等。,screened
组织机构与社会事件,组织机构与社会事件 / 文化娱乐事件 / 艺术节,24,keep,"[""文化活动"", ""公共空间"", ""社会事件""]",艺术节等文化娱乐事件通常发生在公共空间或特定场地，具有明确的场景和承载环境,艺术节等文化娱乐事件通常在公共空间或特定场地举办，具有稳定且可编辑的场景来源，能提供丰富的环境和承载面信息,screened
组织机构与社会事件,组织机构与社会事件 / 文化娱乐事件 / 音乐节,24,keep,"[""文化活动"", ""公共集会"", ""户外环境""]",音乐节等文化娱乐事件通常发生在开放或公共空间，具有明确的场景和承载环境,音乐节等文化娱乐事件通常发生在开放或公共空间，具有明确的场景和承载环境，可提供稳定的场景来源,screened
组织机构与社会事件,组织机构与社会事件 / 文化娱乐事件 / 颁奖典礼,21,keep,"[""颁奖典礼现场"", ""公共活动空间"", ""文化活动环境""]",颁奖典礼相关的公共活动场景和空间,颁奖典礼通常发生在具有稳定场景和承载区域的公共或文化场所，如剧院、会议中心或大型场馆，具备明确的环境结构和可编辑性。,screened
组织机构与社会事件,组织机构与社会事件 / 机构 / 大学,38,keep,"[""校园环境"", ""教育机构"", ""工作与学习场所""]",大学相关的校园场景、教学设施及日常活动环境,大学通常具有稳定的校园环境和教学设施，能提供丰富的场景来源和可编辑空间,screened
组织机构与社会事件,组织机构与社会事件 / 机构 / 学院,36,hold,[],学院,仅凭分类名称无法确定是否存在稳定有用的场景或承载区域来源,screened
组织机构与社会事件,组织机构与社会事件 / 机构 / 职业群体,30,hold,[],职业群体相关的社会活动或组织场景,仅凭分类名称无法确定具体场景或是否存在稳定有用的来源,screened
组织机构与社会事件,组织机构与社会事件 / 水滴,28,hold,[],组织机构与社会事件 / 水滴,仅凭分类名称无法确定具体场景或是否存在稳定有用的来源,screened
组织机构与社会事件,组织机构与社会事件 / 测试赛,27,hold,[],测试赛相关的组织与活动场景,仅凭'测试赛'无法确定稳定可用的场景或承载环境来源,screened
组织机构与社会事件,组织机构与社会事件 / 海浪,30,reject,[],海浪,海浪属于自然现象，不涉及稳定的社会事件或组织机构场景，缺乏明确的场景/承载区域来源。,screened
组织机构与社会事件,组织机构与社会事件 / 漩涡现象,28,reject,[],漩涡现象,漩涡现象属于抽象符号或纯文字描述，缺乏稳定、可用的场景或承载区域来源。,screened
组织机构与社会事件,组织机构与社会事件 / 知名组织 / 体育组织 IP,243,hold,[],知名体育组织IP相关的社会活动或赛事场景,仅凭名称无法确定是否存在稳定有用的场景或承载区域来源,screened
组织机构与社会事件,组织机构与社会事件 / 知名组织 / 公益组织 IP,157,hold,[],知名公益组织IP相关的社会活动或宣传场景,分类名称模糊，缺乏明确的场景或承载环境来源，无法确定其是否包含稳定可用的场景或环境结构。,screened
组织机构与社会事件,组织机构与社会事件 / 知名组织 / 医疗机构 IP,93,keep,"[""医疗场所"", ""医院环境"", ""公共卫生场景""]",医疗机构相关的物理空间和运营场景,医疗机构通常具有稳定且可编辑的场景来源，如医院病房、门诊大厅、手术室等，能提供丰富的环境结构和承载面。,screened
组织机构与社会事件,组织机构与社会事件 / 知名组织 / 国际组织 IP,161,reject,[],国际组织IP,该类别主要为抽象符号、品牌标志或文字，缺乏稳定、可用的场景或承载环境来源。,screened
组织机构与社会事件,组织机构与社会事件 / 知名组织 / 政府间区域组织 IP,56,hold,[],组织机构与社会事件 / 知名组织 / 政府间区域组织 IP,仅凭分类名称无法确定是否存在稳定有用的场景或承载区域来源,screened
组织机构与社会事件,组织机构与社会事件 / 知名组织 / 文化机构 IP,584,hold,[],文化机构IP相关的组织与社会事件,仅凭分类名称无法确定具体场景或稳定来源，缺乏明确的场景或承载环境支持,screened
组织机构与社会事件,组织机构与社会事件 / 知名组织 / 科研机构 IP,281,hold,[],科研机构IP相关组织,仅凭名称无法确定是否存在稳定有用的场景或承载区域来源,screened
组织机构与社会事件,组织机构与社会事件 / 知名组织 / 行业协会 IP,129,hold,[],行业协会IP相关组织,仅凭名称无法确定是否存在稳定有用的场景或承载区域来源,screened
组织机构与社会事件,组织机构与社会事件 / 社会公共事件 / 公共集会,68,keep,"[""公共集会"", ""社会活动场景"", ""城市公共空间""]",涉及公众参与的集会、庆典、抗议、游行等社会公共事件场景,公共集会通常发生在开放的公共空间，具有稳定的场景来源和可编辑的环境结构,screened
组织机构与社会事件,组织机构与社会事件 / 社会公共事件 / 公益活动,22,keep,"[""公共活动场景"", ""社区环境"", ""社会事件现场""]",公益活动在公共空间中的开展场景，如社区中心、公园、街道等场所的组织与实施,公益活动通常发生在公共空间，具有稳定的场景来源和可编辑的环境结构，能提供丰富的社会互动与环境背景,screened
组织机构与社会事件,组织机构与社会事件 / 社会公共事件 / 志愿服务,64,hold,[],志愿服务相关社会公共事件,仅凭分类名称无法确定具体场景或稳定来源，缺乏明确的场景化支撑,screened
组织机构与社会事件,组织机构与社会事件 / 社会公共事件 / 抗议示威,70,keep,"[""公共空间"", ""社会活动场景""]",抗议示威事件发生的公共空间和人群聚集场景,抗议示威通常发生在公共空间，具有稳定的场景来源和可编辑的环境结构,screened
组织机构与社会事件,组织机构与社会事件 / 社会公共事件 / 新闻事件,68,keep,"[""公共空间"", ""新闻传播环境"", ""社会活动场景""]",涉及社会公共事件的新闻报道和公共活动场景,新闻事件通常发生在公共空间或媒体传播环境中，具有稳定且可编辑的场景来源。,screened
组织机构与社会事件,组织机构与社会事件 / 社会公共事件 / 社会倡议,69,hold,[],组织机构与社会事件 / 社会公共事件 / 社会倡议,仅凭分类名称无法确定是否存在稳定有用的场景或承载区域来源。,screened
组织机构与社会事件,组织机构与社会事件 / 社会公共事件 / 选举活动,67,keep,"[""公共活动场景"", ""政治事件环境"", ""社会聚集空间""]",选举活动相关的公共空间和人群聚集场景,选举活动通常发生在公开、可观察的公共空间，具有稳定的场景来源和可编辑的环境结构。,screened
组织机构与社会事件,组织机构与社会事件 / 立法院,57,hold,[],立法院作为组织机构的场所,仅凭分类名称无法确定其是否包含稳定有用的场景或承载区域来源,screened
组织机构与社会事件,组织机构与社会事件 / 组织机构,11,hold,[],组织机构与社会事件下的组织机构,仅凭分类名称无法确定是否存在稳定有用的场景或承载区域来源,screened
组织机构与社会事件,组织机构与社会事件 / 组织机构 / 临时团队,28,hold,[],临时团队,仅凭分类名称无法确定是否存在稳定有用的场景或承载区域来源,screened
组织机构与社会事件,组织机构与社会事件 / 组织机构 / 企业,66,hold,[],企业,仅凭分类名称无法确定是否存在稳定有用的场景或承载区域来源,screened
组织机构与社会事件,组织机构与社会事件 / 组织机构 / 企业机构,68,hold,[],企业机构,仅凭分类名称无法确定是否存在稳定有用的场景或承载区域来源,screened
组织机构与社会事件,组织机构与社会事件 / 组织机构 / 体育组织,44,hold,[],体育组织,仅凭分类名称无法确定是否存在稳定有用的场景或承载区域来源,screened
组织机构与社会事件,组织机构与社会事件 / 组织机构 / 公益组织,45,hold,[],公益组织,仅凭分类名称无法确定是否存在稳定有用的场景或承载区域来源,screened
组织机构与社会事件,组织机构与社会事件 / 组织机构 / 军事实体,48,reject,[],军事实体,军事实体多为抽象符号、品牌标志或孤立小物特写，缺乏稳定有用的场景或承载区域来源。,screened
组织机构与社会事件,组织机构与社会事件 / 组织机构 / 军事组织,34,hold,[],组织机构与社会事件 / 组织机构 / 军事组织,仅凭分类名称无法确定是否存在稳定有用的场景或承载区域来源,screened
组织机构与社会事件,组织机构与社会事件 / 组织机构 / 医疗机构,110,keep,"[""医疗场所"", ""医院环境"", ""公共卫生场景""]",医疗机构相关的物理空间和运营环境,医疗机构通常具有稳定且明确的场景来源，如医院、诊所等，提供可靠的承载和可编辑环境。,screened
组织机构与社会事件,组织机构与社会事件 / 组织机构 / 博物馆,33,keep,"[""文化场所"", ""公共空间"", ""教育环境""]",博物馆作为文化机构，通常存在于公共空间或文化园区中，提供展览、教育和公众服务功能,博物馆是具有稳定场景和承载功能的公共机构，常出现在文化场所或城市公共空间中，能提供可靠的环境背景和可编辑的场景支持,screened
组织机构与社会事件,组织机构与社会事件 / 组织机构 / 司法机关,34,hold,[],组织机构与社会事件 / 组织机构 / 司法机关,仅凭分类名称无法确定是否存在稳定有用的场景或承载区域来源,screened
组织机构与社会事件,组织机构与社会事件 / 组织机构 / 国际组织,51,hold,[],国际组织,仅凭分类名称无法确定是否存在稳定有用的场景或承载区域来源,screened
组织机构与社会事件,组织机构与社会事件 / 组织机构 / 图书馆,35,keep,"[""室内空间"", ""学习环境"", ""公共文化场所""]",图书馆作为组织机构中的公共文化场所，提供稳定的学习和阅读环境,图书馆具有稳定的室内空间和学习场景，是典型的学习与信息获取环境,screened
组织机构与社会事件,组织机构与社会事件 / 组织机构 / 地方行政机构,67,keep,"[""政府办公场所"", ""公共行政区域"", ""城市管理环境""]",地方行政机构通常存在于政府办公场所、公共行政区域和城市管理环境中,地方行政机构多存在于政府办公场所和公共行政区域，具有稳定且可编辑的场景来源,screened
组织机构与社会事件,组织机构与社会事件 / 组织机构 / 媒体机构,60,hold,[],媒体机构,仅凭分类名称无法确定是否存在稳定有用的场景或承载区域来源,screened
组织机构与社会事件,组织机构与社会事件 / 组织机构 / 宗教组织,96,hold,[],宗教组织,仅凭分类名称无法确定是否存在稳定有用的场景或承载区域来源,screened
组织机构与社会事件,组织机构与社会事件 / 组织机构 / 家庭组织,48,keep,"[""家庭生活场景"", ""居住空间"", ""日常家庭活动""]",家庭组织相关的居住环境和日常活动场景,家庭组织通常存在于家庭生活场景中，具有稳定且普遍的场景来源，如客厅、卧室等居住空间。,screened
组织机构与社会事件,组织机构与社会事件 / 组织机构 / 工会组织,36,hold,[],工会组织,仅凭分类名称无法确定是否存在稳定有用的场景或承载区域来源,screened
组织机构与社会事件,组织机构与社会事件 / 组织机构 / 政党,33,reject,[],政党作为抽象符号或文字标识,政党主要表现为抽象符号、文字标志或孤立小物特写，缺乏稳定、可编辑的场景或承载环境来源,screened
组织机构与社会事件,组织机构与社会事件 / 组织机构 / 政府机构,58,keep,"[""政府办公场所"", ""公共行政环境"", ""社会管理场景""]",政府机构的办公环境及社会管理相关场景,政府机构通常存在于办公场所，具有稳定且广泛的场景来源，如政府大楼、行政中心等，能提供可靠的承载与可编辑环境。,screened
组织机构与社会事件,组织机构与社会事件 / 组织机构 / 教育机构,238,keep,"[""学校"", ""教育场所"", ""学习环境""]",教育机构相关的校园、教室、教学楼等场景,教育机构通常存在于学校、课堂等稳定且具有明确学习场景的环境中，具备稳定可用的场景来源,screened
组织机构与社会事件,组织机构与社会事件 / 组织机构 / 文化机构,58,hold,[],文化机构,仅凭分类名称无法确定具体场景或是否存在稳定有用的来源,screened
组织机构与社会事件,组织机构与社会事件 / 组织机构 / 智库,32,hold,[],组织机构与社会事件 / 组织机构 / 智库,仅凭分类名称无法确定是否存在稳定有用的场景或承载区域来源,screened
组织机构与社会事件,组织机构与社会事件 / 组织机构 / 游戏战队,42,reject,[],游戏战队,游戏战队主要为抽象符号和品牌标志，缺乏稳定、可用的场景或承载区域来源。,screened
组织机构与社会事件,组织机构与社会事件 / 组织机构 / 社会组织,47,hold,[],社会组织,仅凭分类名称无法确定具体场景或稳定来源，缺乏明确的场景或承载环境支持,screened
组织机构与社会事件,组织机构与社会事件 / 组织机构 / 社区组织,68,hold,[],社区组织,仅凭分类名称无法确定具体场景或是否存在稳定有用的来源,screened
组织机构与社会事件,组织机构与社会事件 / 组织机构 / 科研机构,90,hold,[],科研机构,仅凭分类名称无法确定是否存在稳定有用的场景或承载区域来源,screened
组织机构与社会事件,组织机构与社会事件 / 组织机构 / 立法机关,34,hold,[],立法机关,仅凭分类名称无法确定是否存在稳定有用的场景或承载区域来源,screened
组织机构与社会事件,组织机构与社会事件 / 组织机构 / 行业协会,67,hold,[],行业协会,仅凭名称无法确定是否存在稳定有用的场景或承载区域来源,screened
组织机构与社会事件,组织机构与社会事件 / 组织机构 / 警务机构,66,keep,"[""公共空间"", ""工作场所""]",警务机构在公共空间和工作场所中的存在与活动,警务机构通常存在于公共空间和工作场所，具有稳定且可编辑的场景来源,screened
组织机构与社会事件,组织机构与社会事件 / 组织机构 / 金融机构,190,hold,[],组织机构与社会事件 / 组织机构 / 金融机构,仅凭分类名称无法确定是否存在稳定有用的场景或承载区域来源,screened
组织机构与社会事件,组织机构与社会事件 / 组织机构 / 项目团队,68,hold,[],项目团队,仅凭分类名称无法确定是否存在稳定有用的场景或承载区域来源,screened
组织机构与社会事件,组织机构与社会事件 / 终止状态 / 停止,28,reject,[],停止状态相关的组织机构或社会事件,该类别主要涉及抽象符号或状态描述，缺乏稳定、可编辑的场景或承载环境来源,screened
组织机构与社会事件,组织机构与社会事件 / 终止状态 / 毁坏,28,reject,[],终止状态 / 毁坏,该分类主要涉及抽象符号、纯文字或事件描述，缺乏稳定、可编辑的场景或承载环境来源。,screened
组织机构与社会事件,组织机构与社会事件 / 绘本角色类别,55,hold,[],绘本角色类别,仅凭分类名称无法确定是否存在稳定有用的场景或承载区域来源,screened
组织机构与社会事件,组织机构与社会事件 / 网球锦标赛,29,reject,[],网球锦标赛,仅提供抽象符号和事件名称，缺乏稳定可用的场景或承载区域来源。,screened
组织机构与社会事件,组织机构与社会事件 / 网站,29,hold,[],网站,仅凭'网站'无法确定其具体场景或稳定来源，缺乏明确的场景或承载环境支持。,screened
组织机构与社会事件,组织机构与社会事件 / 网络创作者类别,38,hold,[],网络创作者类别,仅凭分类名称无法确定具体场景或稳定来源，缺乏明确的场景或承载环境支持,screened
组织机构与社会事件,组织机构与社会事件 / 自行车事故,38,reject,[],自行车事故相关事件,该分类主要涉及抽象社会事件和品牌标志，缺乏稳定、可用的场景或承载环境来源。,screened
组织机构与社会事件,组织机构与社会事件 / 致病因素,37,reject,[],致病因素,该分类主要涉及抽象符号和纯文字，缺乏稳定、可用的场景或承载区域来源。,screened
组织机构与社会事件,组织机构与社会事件 / 艺术活动 / 先锋,33,hold,[],艺术活动与先锋组织的相关场景,仅凭分类名称无法确定具体场景或是否存在稳定有用的来源,screened
组织机构与社会事件,组织机构与社会事件 / 藏族文化,31,hold,[],藏族文化相关的组织机构与社会事件,仅凭分类名称无法确定具体场景或稳定来源，缺乏明确的场景或承载环境支持,screened
组织机构与社会事件,组织机构与社会事件 / 行政官员,34,hold,[],组织机构与社会事件 / 行政官员,仅凭分类名称无法确定具体场景或稳定来源，缺乏明确的场景或承载环境支持。,screened
组织机构与社会事件,组织机构与社会事件 / 视觉设备,68,hold,[],组织机构与社会事件下的视觉设备,仅凭分类名称无法确定是否存在稳定有用的场景或承载区域来源,screened
组织机构与社会事件,组织机构与社会事件 / 超级英雄角色类别,37,hold,[],超级英雄角色类别,仅凭分类名称无法确定是否存在稳定有用的场景或承载区域来源,screened
组织机构与社会事件,组织机构与社会事件 / 里程碑,26,hold,[],组织机构与社会事件 / 里程碑,仅凭分类名称无法确定具体场景或稳定来源，缺乏明确的场景或承载环境支持。,screened
组织机构与社会事件,组织机构与社会事件 / 金融机构 / 地基,35,reject,[],地基作为金融机构的组成部分,地基属于建筑基础结构，不构成金融机构的稳定场景或承载环境，缺乏与金融活动相关的实际场景来源,screened
组织机构与社会事件,组织机构与社会事件 / 铁饼运动,36,reject,[],铁饼运动相关的组织机构与社会事件,铁饼运动主要表现为体育赛事中的具体项目，缺乏稳定、非偶然的场景或承载环境来源，属于抽象符号和体育活动范畴，不符合有实际场景支持的环境类分类标准。,screened
组织机构与社会事件,组织机构与社会事件 / 镜头光晕,35,reject,[],镜头光晕,镜头光晕属于摄影技术现象，缺乏稳定、可用的场景或承载区域来源，通常为视觉效果而非实际环境或社会事件场景。,screened
组织机构与社会事件,组织机构与社会事件 / 阀门部件,38,reject,[],阀门部件,阀门部件属于抽象符号或孤立小物特写，缺乏稳定有用的场景或承载区域来源,screened
组织机构与社会事件,组织机构与社会事件 / 集会群体 / 鸟群,21,reject,[],鸟群,鸟群属于自然生物群体，缺乏稳定、可用的场景或承载区域，不符合环境类场景的定义。,screened
组织机构与社会事件,组织机构与社会事件 / 零重力环境,28,reject,[],零重力环境,零重力环境属于抽象符号或科学设想，缺乏稳定、可编辑的场景或承载区域来源。,screened
组织机构与社会事件,组织机构与社会事件 / 非政府组织 / 任务,38,hold,[],组织机构与社会事件 / 非政府组织 / 任务,仅凭分类名称无法确定是否存在稳定有用的场景或承载区域来源。,screened
组织机构与社会事件,组织机构与社会事件 / 音乐组织 / 乐团,36,hold,[],音乐组织,仅凭分类名称无法确定是否存在稳定有用的场景或承载区域来源,screened
组织机构与社会事件,组织机构与社会事件 / 音乐组织 / 二重奏,38,reject,[],音乐组织与二重奏,二重奏主要为音乐表演形式，缺乏稳定、可编辑的场景或承载环境来源，属于抽象符号类内容。,screened
组织机构与社会事件,组织机构与社会事件 / 音乐组织 / 合唱,37,hold,[],音乐组织与合唱相关的社会活动场景,仅凭分类名称无法确定是否存在稳定有用的场景或承载区域来源,screened
组织机构与社会事件,组织机构与社会事件 / 音乐组织 / 舞蹈乐队,27,reject,[],音乐组织与舞蹈乐队,主要为抽象符号、品牌标志或孤立小物特写，缺乏稳定有用的场景或承载区域来源,screened
组织机构与社会事件,组织机构与社会事件 / 音乐组织 / 行进乐队,30,hold,[],音乐组织与行进乐队的相关场景,仅凭分类名称无法确定是否存在稳定有用的场景或承载区域来源,screened
组织机构与社会事件,组织机构与社会事件 / 项目,23,hold,[],项目类组织机构与社会事件,仅凭分类名称无法确定具体场景或稳定来源，缺乏明确的场景或承载环境支持,screened
组织机构与社会事件,组织机构与社会事件 / 马戏,37,hold,[],马戏相关的组织机构与社会事件,仅凭分类名称无法确定是否存在稳定有用的场景或承载区域来源,screened
自然景观,自然景观 / 丘陵地,38,keep,"[""丘陵地"", ""自然地形"", ""户外环境""]",包含丘陵地等自然地形场景，具有稳定且可编辑的承载面和空间结构,丘陵地作为自然景观的一部分，具有稳定的地理形态和可编辑的环境结构，适用于多种场景和视觉编辑需求,screened
自然景观,自然景观 / 云层,31,keep,"[""自然环境"", ""天空场景""]",云层作为自然景观的一部分，常见于天空和自然环境中,云层是自然景观中稳定存在的天空现象，具有明确的场景来源和可编辑环境结构,screened
自然景观,自然景观 / 云雾森林,38,keep,"[""云雾森林"", ""自然环境"", ""地形地貌""]",包含云雾缭绕的森林场景，具有稳定且丰富的自然环境来源,云雾森林具有稳定且可重复出现的自然场景特征，能提供丰富的环境与承载面信息,screened
自然景观,自然景观 / 侧面 / 上升,23,hold,[],自然景观的侧面视角上升场景,分类名称缺乏明确的场景来源定义，无法确定是否存在稳定有用的场景或承载区域。,screened
自然景观,自然景观 / 侧面 / 山坡,25,keep,"[""山坡"", ""自然环境"", ""地形地貌""]",山坡类自然景观的侧面视角场景,山坡作为自然地形的一部分，具有稳定且常见的侧面视角来源，能提供可靠的场景和承载面支持。,screened
自然景观,自然景观 / 侧面 / 断崖,28,keep,"[""自然环境"", ""地形地貌""]",断崖类自然景观的侧面视角场景,断崖作为自然地形的一部分，具有稳定且可重复的场景来源，适用于多种自然景观视角。,screened
自然景观,自然景观 / 侧面 / 河岸,28,keep,"[""河岸"", ""自然环境"", ""水面景观""]",河岸区域的自然景观，包含水体、植被和周边地形,河岸作为自然景观中稳定的场景来源，具有明确的承载面和可编辑环境结构,screened
自然景观,自然景观 / 侧面 / 滑雪坡,28,keep,"[""滑雪坡"", ""自然地形"", ""冬季景观""]",包含滑雪坡等自然地形中的侧面视角场景,滑雪坡作为自然景观中的典型地形，具有稳定且可编辑的承载面和场景结构，适合提供视觉参考,screened
自然景观,自然景观 / 冰体,13,keep,"[""冰川"", ""极地环境"", ""冰雪地形""]",包含冰川、冰盖、冰山等自然冰体形态及其所在地理环境,冰体作为自然景观中的稳定存在，具有明确的地理和环境来源，可提供可靠的场景和承载面,screened
自然景观,自然景观 / 冰体 / 冰帽,28,keep,"[""自然环境"", ""地形水域""]",冰帽作为自然景观中的冰体形态，存在于高纬度地区，具有稳定的地理和气候背景,冰帽是自然景观中稳定存在的冰体形态，具有明确的地理分布和环境特征，可作为自然环境中的典型场景来源,screened
自然景观,自然景观 / 冰体 / 冰架,23,keep,"[""自然环境"", ""极地环境""]",冰架作为自然景观中的冰体形态，存在于极地或高纬度自然环境中，提供稳定的承载面和场景背景,冰架是自然景观中稳定存在的冰体形态，具有明确的地理和环境特征，可作为自然环境中的典型场景来源,screened
自然景观,自然景观 / 冰体 / 浮冰,30,keep,"[""自然环境"", ""水域环境"", ""冰体场景""]",包含浮冰等自然冰体在水体中的分布与形态,浮冰作为自然景观的一部分，具有稳定的自然来源和可编辑的环境结构，适用于多种自然场景,screened
自然景观,自然景观 / 冰川地貌,36,keep,"[""自然环境"", ""地形地貌""]",冰川地貌相关的自然景观场景,冰川地貌属于稳定的自然景观，具有明确的地理和环境来源，可提供可靠的场景支持。,screened
自然景观,自然景观 / 冰雪与极地,1,keep,"[""冰雪环境"", ""极地景观"", ""自然地形""]",包含冰雪覆盖的自然区域、极地地貌及相关自然环境,冰雪与极地景观具有稳定且广泛的自然场景来源，涵盖明确的承载面和环境结构,screened
自然景观,自然景观 / 冰雪与极地 / 冰原,24,keep,"[""冰原"", ""极地环境"", ""自然地形""]",冰原及极地自然景观场景，包含冰雪覆盖的广阔地表和典型自然环境,冰原具有稳定且广泛的自然场景来源，能提供清晰的承载面和环境结构，适合用于视觉编辑和概念关联。,screened
自然景观,自然景观 / 冰雪与极地 / 冰山,27,keep,"[""冰雪环境"", ""极地景观"", ""自然水域""]",冰山出现在极地或高纬度自然水域中的场景,冰山是极地自然景观中的稳定存在，具有明确的场景来源和可编辑环境结构,screened
自然景观,自然景观 / 冰雪与极地 / 冰川,26,keep,"[""冰川"", ""极地环境"", ""自然地形""]",包含冰川及其所在极地自然环境中的稳定场景,冰川是自然景观中具有稳定、可识别的地理来源和承载环境的典型场景,screened
自然景观,自然景观 / 冰雪与极地 / 冰柱,24,keep,"[""冰雪环境"", ""极地景观""]",冰柱出现在冰雪与极地自然环境中，具有稳定且可编辑的承载面和场景结构,冰柱是极地和冰雪环境中常见的自然现象，具有稳定且可编辑的场景来源，适用于自然景观类的图片召回,screened
自然景观,自然景观 / 冰雪与极地 / 冻土,40,keep,"[""冻土环境"", ""极地景观"", ""自然地形""]",包含冻土区域、极地自然地貌及冰雪覆盖的地形环境,冻土环境具有稳定且可识别的自然场景来源，适用于多种自然景观类图片的召回,screened
自然景观,自然景观 / 冰雪与极地 / 极地海冰,37,keep,"[""极地环境"", ""冰雪区域"", ""自然水域""]",极地海冰相关的自然景观和冰雪环境,极地海冰具有稳定且广泛的自然场景来源，能提供可靠的承载和环境结构支持。,screened
自然景观,自然景观 / 冰雪与极地 / 雪原,27,keep,"[""雪原"", ""自然环境"", ""极地景观""]",雪原等冰雪覆盖的自然地貌和极地环境,雪原作为自然景观中的稳定场景，具有明确的地理和视觉特征，可提供丰富的承载面和环境结构,screened
自然景观,自然景观 / 凹地 / 病灶巢,16,reject,[],自然景观 / 凹地 / 病灶巢,该分类包含抽象医学术语‘病灶巢’，缺乏稳定、通用的自然场景来源，属于符号化或专业医学概念，无广泛适用的场景或承载环境。,screened
自然景观,自然景观 / 凹地 / 蜂窝,18,hold,[],自然景观中的凹地类地形,分类名称模糊，'蜂窝'缺乏明确的稳定场景来源，无法确定其在自然景观中是否具有可编辑的承载或环境结构,screened
自然景观,自然景观 / 凹地 / 鸟巢,15,hold,[],自然景观中的凹地及鸟巢相关场景,分类名称缺乏明确的场景来源，无法确定是否存在稳定可用的自然景观场景或承载区域,screened
自然景观,自然景观 / 凹陷地 / V形谷,79,keep,"[""自然环境"", ""地形地貌""]",V形谷等凹陷地地貌在自然景观中的稳定存在场景,V形谷作为自然地形地貌的一部分，具有稳定且可重复出现的自然景观来源，属于典型的自然环境场景,screened
自然景观,自然景观 / 凹陷地 / 中空地形,39,keep,"[""自然环境"", ""地形地貌""]",包含各类凹陷地和中空地形的自然景观，如火山口、喀斯特洼地、盆地等,凹陷地和中空地形是自然景观中稳定存在的地理结构，具有明确的场景和承载面，可作为可编辑环境的来源,screened
自然景观,自然景观 / 凹陷地 / 低地,20,keep,"[""自然环境"", ""地形地貌""]",包含各类凹陷地和低地的自然景观，如洼地、盆地、河谷等,凹陷地和低地是自然景观中稳定存在的地形特征，具有明确的地理和环境来源,screened
自然景观,自然景观 / 凹陷地 / 天坑,28,keep,"[""自然环境"", ""地形地貌""]",包含天坑等自然凹陷地类地形，具有稳定存在的场景来源,天坑作为自然景观中的典型凹陷地，具有稳定且可识别的自然环境来源，能提供有效的承载与场景参考,screened
自然景观,自然景观 / 凹陷地 / 床,73,hold,[],自然景观中的凹陷地类地形,分类名称中'床'与'自然景观'语义冲突，无法确定是否存在稳定有用的自然场景来源,screened
自然景观,自然景观 / 凹陷地 / 河谷,37,keep,"[""河谷"", ""自然地形"", ""地形凹陷""]",包含各类河谷及自然凹陷地形场景,河谷作为自然景观中的稳定地形结构，具有明确的场景和承载面，适用于多种环境场景的图片召回,screened
自然景观,自然景观 / 凹陷地 / 盆,73,keep,"[""自然环境"", ""地形地貌""]",凹陷地类自然景观，如盆地、洼地等地理形态,凹陷地作为自然地形的一部分，具有稳定存在的场景和可编辑的承载面，适用于自然景观类环境的图片召回,screened
自然景观,自然景观 / 凹陷地 / 陨石坑,18,keep,"[""自然环境"", ""地形地貌""]",含有稳定存在的陨石坑等凹陷地类自然景观,陨石坑是自然景观中稳定存在的凹陷地貌，具有明确的场景来源和可编辑环境结构,screened
自然景观,自然景观 / 分水岭,37,keep,"[""自然环境"", ""地形地貌""]",分水岭作为自然景观中的地形特征，具有稳定且可识别的地理来源,分水岭是自然景观中稳定存在的地形结构，具有明确的地理和空间特征，可作为自然环境中的有效场景来源,screened
自然景观,自然景观 / 前滨,36,keep,"[""海滨"", ""前滨环境"", ""自然水域边""]",包含海滨、前滨等自然水域边缘的场景,前滨场景具有稳定且广泛的自然环境来源，如海岸线、沙滩、潮汐带等，能提供可靠的承载与编辑环境。,screened
自然景观,自然景观 / 园林,38,keep,"[""庭院公园"", ""自然环境""]",园林类自然景观，包括亭台楼阁、假山流水、花木植被等构成的景观空间,园林作为自然景观的一部分，具有稳定且丰富的场景来源，包含多种可编辑的承载面和空间结构,screened
自然景观,自然景观 / 土壤层,38,keep,"[""自然环境"", ""土壤环境""]",土壤层相关的自然景观场景,土壤层作为自然景观的一部分，具有稳定且广泛的自然场景来源，可提供可靠的承载和环境结构支持,screened
自然景观,自然景观 / 地外天体 / 外部,57,keep,"[""自然环境"", ""地外天体""]",包含地外天体如行星、卫星、星系等的自然景观场景,地外天体属于稳定的自然景观类别，具有明确的场景来源和可编辑环境结构,screened
自然景观,自然景观 / 地外天体 / 彗星,29,keep,"[""自然环境"", ""地外天体""]",彗星作为自然景观中的地外天体，可提供稳定的空间与天文观测场景,彗星属于地外天体，具有明确的自然景观属性，可作为天文观测和空间环境的稳定来源,screened
自然景观,自然景观 / 地外天体 / 月球,29,keep,"[""自然环境"", ""月球表面""]",月球等天体的自然景观场景,月球作为地外天体具有稳定且可识别的自然景观来源，适用于自然环境类场景的召回,screened
自然景观,自然景观 / 地幔,22,reject,[],地幔,地幔属于地球内部结构，缺乏稳定、可观察的自然景观场景来源，仅是抽象地质概念，无实际可编辑环境或承载面。,screened
自然景观,自然景观 / 地标,30,keep,"[""自然环境"", ""地标景观""]",包含自然形成的地标性景观，如山脉、岛屿、塔、洞穴等具有稳定地理特征的自然地标,自然景观中的地标具有稳定、可识别的场景来源，能提供可靠的环境结构和视觉参考,screened
自然景观,自然景观 / 地质地貌,19,keep,"[""地形地貌"", ""自然环境"", ""山水景观""]",包含各类地质构造、山脉、峡谷、平原、丘陵等自然形成的地表形态,地质地貌具有稳定且广泛的自然场景来源，能提供多样化的承载面和环境结构,screened
自然景观,自然景观 / 地质地貌 / 丘陵,148,keep,"[""丘陵地貌"", ""自然地形"", ""山地环境""]",包含各类丘陵地貌的自然景观场景,丘陵作为稳定的自然地理特征，具有明确的场景来源和可编辑环境结构,screened
自然景观,自然景观 / 地质地貌 / 丹霞地貌,20,keep,"[""丹霞地貌"", ""自然环境"", ""地形地貌""]",包含各类丹霞地貌的自然景观场景，如红色岩层、陡峭崖壁、峡谷等地貌结构,丹霞地貌具有稳定且可识别的自然场景特征，能提供丰富的地理与视觉参考,screened
自然景观,自然景观 / 地质地貌 / 半沙漠,24,keep,"[""半沙漠地貌"", ""自然地形""]",包含半沙漠环境中的地质特征和地貌结构,半沙漠地貌具有稳定的自然场景和承载面，适合提供可编辑的环境结构,screened
自然景观,自然景观 / 地质地貌 / 喀斯特地貌,28,keep,"[""喀斯特地貌"", ""自然地形"", ""地质环境""]",包含喀斯特地貌相关的自然景观和地质特征,喀斯特地貌具有稳定且广泛的自然场景来源，如溶洞、石林、峰林等地貌，可提供丰富的承载面和环境结构。,screened
自然景观,自然景观 / 地质地貌 / 地层,33,keep,"[""地形地貌"", ""地层结构"", ""自然环境""]",包含各类地质构造和地层形态的自然景观,地层和地质地貌具有稳定且广泛的自然场景来源，可提供可靠的承载与环境结构支持,screened
自然景观,自然景观 / 地质地貌 / 山地,26,keep,"[""山地"", ""自然环境"", ""地形地貌""]",包含各类山地地貌的自然景观，如山脉、丘陵、山峰等稳定地理结构,山地作为自然地貌的一部分，具有稳定且广泛的场景来源，可提供可靠的承载与环境结构支持,screened
自然景观,自然景观 / 地质地貌 / 岩石地貌,28,keep,"[""自然环境"", ""地形地貌""]",包含各类岩石地貌的自然景观，如山体、岩层、峡谷等,岩石地貌是自然景观中稳定且具有典型场景来源的组成部分，能提供丰富的地理和环境参考,screened
自然景观,自然景观 / 地质地貌 / 峡谷,24,keep,"[""峡谷"", ""自然环境"", ""地形地貌""]",包含各类峡谷地貌的自然景观场景,峡谷作为地质地貌的典型代表，具有稳定且广泛的自然场景来源，适用于多种环境下的图片召回。,screened
自然景观,自然景观 / 地质地貌 / 平原,31,keep,"[""平原"", ""自然环境"", ""地形地貌""]",包含各类平原地貌的自然场景，如开阔的平原地带、农田、草地等,平原作为自然地貌的一种，具有稳定且广泛的场景来源，适用于多种自然景观类别的图片召回,screened
自然景观,自然景观 / 地质地貌 / 恶地,65,keep,"[""恶地"", ""自然地形"", ""地质环境""]",包含各类恶地地貌场景，如风蚀地貌、干涸河床、石林等自然地质结构,恶地作为自然地质地貌的一种，具有稳定且可识别的自然场景来源，能提供丰富的地形与环境参考,screened
自然景观,自然景观 / 地质地貌 / 沉积,21,keep,"[""地形地貌"", ""沉积环境"", ""自然地表""]",包含各类沉积作用形成的自然地貌，如冲积平原、河床、湖积层等,沉积地貌具有稳定且广泛的自然场景来源，能提供可靠的承载与环境结构支持,screened
自然景观,自然景观 / 地质地貌 / 沙漠,25,keep,"[""沙漠地貌"", ""自然地形"", ""干旱环境""]",包含各类沙漠地貌和自然地质特征,沙漠作为自然景观中的典型地貌，具有稳定且广泛的场景来源，可提供丰富的承载面和环境结构,screened
自然景观,自然景观 / 地质地貌 / 洞穴,126,keep,"[""洞穴""]",洞穴类自然地貌，包括石灰岩洞、地下河、钟乳石等结构,洞穴是稳定的自然场景，具有明确的承载面和可编辑环境结构，适合用于视觉内容召回,screened
自然景观,自然景观 / 地质地貌 / 火山,30,keep,"[""火山地貌"", ""自然地形"", ""地质环境""]",包含各类火山地貌及其在自然景观中的表现形式,火山是自然地质地貌中的稳定存在，具有明确的场景来源和可编辑环境结构,screened
自然景观,自然景观 / 地质地貌 / 盆地,15,keep,"[""自然环境"", ""地形地貌""]",包含各类盆地的自然景观和地质结构,盆地作为稳定的自然地貌形态，具有明确的地理和环境来源，可提供可靠的场景支撑,screened
自然景观,自然景观 / 地质地貌 / 石林,27,keep,"[""石林景观"", ""自然地貌"", ""地形环境""]",包含石林等典型地质地貌场景，具有稳定且可编辑的自然环境来源,石林地貌具有稳定、可识别的自然景观特征，能提供明确的场景和承载面，适用于多种视觉编辑场景,screened
自然景观,自然景观 / 地质地貌 / 绿洲,27,keep,"[""绿洲"", ""自然环境"", ""地形地貌""]",包含绿洲等稳定存在的自然地貌场景，具有明确的承载面和可编辑环境结构,绿洲作为自然景观中的稳定地貌类型，具有明确的场景来源和可编辑环境，符合稳定场景要求,screened
自然景观,自然景观 / 地质地貌 / 荒原,24,keep,"[""荒原"", ""自然环境"", ""地形地貌""]",包含荒原类的地质地貌场景，如广袤无垠的草原、戈壁、沙漠等自然地貌区域,荒原作为自然景观中的典型地貌类型，具有稳定且广泛的场景来源，能提供丰富的承载面和环境结构,screened
自然景观,自然景观 / 地质地貌 / 雅丹地貌,23,keep,"[""自然环境"", ""地形地貌""]",雅丹地貌作为自然地质景观的一部分，具有稳定的地理来源和可编辑的自然环境结构,雅丹地貌是自然地质地貌的典型代表，具有稳定的自然环境来源和可编辑的地形结构,screened
自然景观,自然景观 / 地质地貌 / 高原,25,keep,"[""高原"", ""自然地形"", ""地质地貌""]",高原及高原区域的地质地貌特征,高原类自然景观具有稳定且广泛的场景来源，包含明确的地理和地形特征，适合作为可编辑环境的支撑背景。,screened
自然景观,自然景观 / 多云天气,20,keep,"[""自然环境"", ""天气场景""]",多云天气下的自然景观场景,多云天气是自然景观中常见且稳定的场景来源，具有明确的视觉可编辑性和环境承载特征,screened
自然景观,自然景观 / 大气状况 / 低气压,25,reject,[],低气压相关的自然现象,低气压主要表现为气象符号或抽象天气状态，缺乏稳定、可编辑的场景或承载环境来源,screened
自然景观,自然景观 / 大气状况 / 大气,28,keep,"[""自然环境"", ""大气现象""]",包含自然景观中与大气相关的现象，如云层、雾、雨、风等,大气状况在自然景观中具有稳定且普遍的场景来源，可作为环境背景提供支撑和可编辑空间,screened
自然景观,自然景观 / 大气状况 / 旋度,22,reject,[],旋度相关的大气现象,旋度属于抽象气象物理概念，缺乏稳定、可编辑的场景或承载环境来源,screened
自然景观,自然景观 / 大气状况 / 波,27,keep,"[""自然环境"", ""大气现象""]",包含各种自然中的大气状况，如云层、雾、雨、风等,波类大气现象如海浪、风浪、气流波动等具有稳定且可识别的自然场景来源,screened
自然景观,自然景观 / 大气状况 / 露水,23,hold,[],自然景观 / 大气状况 / 露水,仅凭分类名称无法确定是否存在稳定有用的场景或承载区域来源。,screened
自然景观,自然景观 / 大陆,14,keep,"[""自然环境"", ""地形地貌""]",包含大陆范围内的自然景观，如山脉、平原、高原、盆地等地理特征,大陆作为自然景观的重要组成部分，具有稳定且广泛的场景来源，涵盖多种地形和自然环境,screened
自然景观,自然景观 / 天体,20,keep,"[""自然环境"", ""天体景观""]",包含各类天体如太阳、月亮、星星等在自然景观中的表现,天体作为自然景观的一部分，具有稳定且广泛的场景来源，可提供可靠的视觉和空间参考,screened
自然景观,自然景观 / 天体 / 恒星,20,keep,"[""自然环境"", ""天体场景""]",恒星作为自然景观中的天体组成部分，存在于夜空等自然场景中,恒星是自然景观中稳定存在的天体，可作为夜空场景的典型来源，具有明确的场景和承载环境,screened
自然景观,自然景观 / 天体 / 星系,25,keep,"[""自然环境"", ""天文场景""]",星系作为自然景观中的天体组成部分，存在于宇宙空间中，提供稳定的天文观测和自然景观背景,星系属于稳定的自然天体结构，可作为自然景观中的典型场景来源，具有明确的场景和空间特征,screened
自然景观,自然景观 / 天体 / 黑洞,25,keep,"[""自然环境"", ""天体场景""]",包含黑洞等天体在自然景观中的表现场景,黑洞作为天体景观的一部分，具有稳定且可识别的天体场景来源，属于自然景观中的有效场景类型,screened
自然景观,自然景观 / 天体轨道,15,reject,[],天体轨道,天体轨道主要为抽象符号或纯文字描述，缺乏稳定、可编辑的场景或承载区域来源。,screened
自然景观,自然景观 / 天文天象气象,10,keep,"[""自然环境"", ""天文现象"", ""气象场景""]",包含天文天象和气象相关的自然景观场景,天文天象和气象现象具有稳定且可重复的自然场景来源，适用于多种环境下的视觉表达,screened
自然景观,自然景观 / 天文天象气象 / 云,209,keep,"[""自然环境"", ""天空场景""]",云作为自然景观中的天文天象气象现象，常见于天空中，具有稳定的视觉来源和可编辑的环境结构,云是自然景观中常见且稳定的天象现象，广泛存在于天空场景中，提供明确的视觉来源和可编辑环境结构。,screened
自然景观,自然景观 / 天文天象气象 / 冰雹,20,keep,"[""自然环境"", ""气象现象""]",冰雹出现的自然场景，如天空、地面、山区等,冰雹作为气象现象，常出现在特定自然环境中，具有稳定且可观察的场景来源,screened
自然景观,自然景观 / 天文天象气象 / 太阳,23,keep,"[""自然环境"", ""天文现象""]",太阳出现在天空中的自然景观场景,太阳作为自然天象具有稳定且广泛的场景来源，可覆盖多种自然景观和天文观测环境,screened
自然景观,自然景观 / 天文天象气象 / 彩虹,24,hold,[],自然景观 / 天文天象气象 / 彩虹,彩虹属于短暂、偶然的自然现象，缺乏稳定可用的场景或承载环境来源，无法确定其在实际场景中提供持续或可编辑的环境结构。,screened
自然景观,自然景观 / 天文天象气象 / 日食,14,keep,"[""自然环境"", ""天文现象""]",日食发生的自然场景和天文观测环境,日食作为一种天文现象，具有稳定的自然场景来源，可覆盖观测环境和相关自然背景。,screened
自然景观,自然景观 / 天文天象气象 / 星座,47,hold,[],天文天象气象中的星座相关现象,星座属于抽象符号，缺乏稳定、具体的场景或承载环境来源，无法确定其在自然景观中的实际表现或可编辑环境结构。,screened
自然景观,自然景观 / 天文天象气象 / 星空,20,keep,"[""星空"", ""夜间天象"", ""自然夜景""]",包含星空、星座、银河等天文现象的自然夜景场景,星空场景具有稳定且广泛的自然来源，适用于多种夜间环境和观测场景,screened
自然景观,自然景观 / 天文天象气象 / 月亮,22,keep,"[""自然环境"", ""夜间场景""]",月亮出现在夜空中的自然景观场景,月亮作为自然天象的一部分，常出现在夜间自然环境中，提供稳定且可编辑的场景来源。,screened
自然景观,自然景观 / 天文天象气象 / 月食,15,keep,"[""自然环境"", ""天文现象""]",月食发生的自然场景和天文观测环境,月食是自然景观中具有稳定、可重复发生的天文现象，常出现在夜间天空，具备明确的场景和观测环境,screened
自然景观,自然景观 / 天文天象气象 / 极光,13,keep,"[""极光夜空"", ""自然夜景"", ""高纬度环境""]",极光出现的高纬度夜间自然环境,极光常见于高纬度地区夜间天空，具有稳定且可识别的自然场景来源,screened
自然景观,自然景观 / 天文天象气象 / 流星雨,22,keep,"[""夜空"", ""天文观测场景""]",流星雨出现的夜空环境及观测场景,流星雨通常发生在夜空背景下，具有稳定且可重复的自然场景来源，适合作为可编辑环境结构的召回基础,screened
自然景观,自然景观 / 天文天象气象 / 行星,55,reject,[],行星,行星属于抽象天体符号，缺乏稳定、可编辑的场景或承载区域来源,screened
自然景观,自然景观 / 天文天象气象 / 银河,19,keep,"[""天文现象"", ""夜空环境""]",银河作为夜空中的天文现象，出现在自然景观中的夜间天象场景,银河是稳定存在的天文现象，常出现在夜空环境中，具有明确的场景来源和可编辑的观测背景,screened
自然景观,自然景观 / 天文天象气象 / 雨,46,keep,"[""自然环境"", ""天气现象""]",雨作为自然景观中的气象现象，常见于多种自然场景中,雨是自然景观中常见的气象现象，具有稳定的场景来源，如天空、地面、植被等，能提供明确的环境和承载面,screened
自然景观,自然景观 / 天文天象气象 / 雪,14,keep,"[""自然环境"", ""雪景""]",包含雪景相关的自然景观场景，如雪原、雪山、降雪天气等,雪是自然景观中常见的气象现象，具有稳定且可重复的场景来源，能提供清晰的自然环境承载面。,screened
自然景观,自然景观 / 天文天象气象 / 雷电,16,keep,"[""自然环境"", ""天气现象""]",雷电发生的自然场景和相关气象环境,雷电是自然景观中具有稳定场景和可编辑环境的天文天象，常见于特定天气条件下，具备明确的地理和空间来源。,screened
自然景观,自然景观 / 天文天象气象 / 雾,46,keep,"[""自然环境"", ""气象现象""]",雾作为自然景观中的气象现象，常见于多种自然环境中，提供稳定的场景来源,雾是自然景观中常见的气象现象，具有稳定的场景来源，可覆盖多种自然环境。,screened
自然景观,自然景观 / 天文天象气象 / 霜,24,keep,"[""自然环境"", ""气象现象""]",霜在自然景观中的出现场景，如冬季地面、植物表面等,霜是自然景观中常见的气象现象，具有稳定的自然来源和可观察的场景环境,screened
自然景观,自然景观 / 天文天象气象 / 露,15,keep,"[""自然环境"", ""天文气象""]",露在自然景观中的出现场景，如清晨草地、山野、田地等,露是自然景观中常见且稳定的气象现象，常出现在特定自然环境中，具有明确的场景来源,screened
自然景观,自然景观 / 天文天象气象 / 风暴,75,keep,"[""风暴天气"", ""自然气象现象"", ""天空环境""]",包含各种风暴类天气场景，如台风、雷暴、龙卷风等在自然中的表现,风暴作为自然景观中的典型气象现象，具有稳定且可重复出现的场景来源，能提供丰富的环境与承载面信息,screened
自然景观,自然景观 / 天然高地 / 前陆,49,keep,"[""天然高地"", ""自然地形"", ""前陆环境""]",包含天然高地、前陆等自然地理结构，具有稳定场景和承载面,前陆作为自然景观中的稳定地理结构，具有明确的场景来源和可编辑环境结构,screened
自然景观,自然景观 / 天然高地 / 坐骑,66,reject,[],天然高地,坐骑属于抽象符号或孤立小物特写，缺乏稳定有用的场景或承载区域来源,screened
自然景观,自然景观 / 天然高地 / 山脊,82,keep,"[""自然环境"", ""地形地貌""]",山脊作为天然高地的典型代表，存在于多种自然景观中，提供稳定的地理承载和视觉结构,山脊是自然景观中具有稳定结构和广泛分布的地理特征，能提供可靠的场景来源和可编辑环境结构,screened
自然景观,自然景观 / 天然高地 / 高地,20,keep,"[""自然环境"", ""地形地貌""]",天然高地类的自然景观，如山地、丘陵、高地等,高地类自然景观具有稳定且广泛的场景来源，能提供可靠的承载与环境结构支持,screened
自然景观,自然景观 / 天空,38,keep,"[""天空"", ""自然环境""]",天空相关的自然景观，如云层、日出日落、晴天、雨天等天空现象,天空作为自然景观的一部分，具有稳定且广泛的场景来源，适用于多种自然环境下的视觉表达,screened
自然景观,自然景观 / 天空 / 傍晚天空,26,keep,"[""傍晚天空"", ""自然环境"", ""天空场景""]",傍晚时段的天空景观，包含云层、日落、天色变化等自然现象,傍晚天空具有稳定且常见的自然场景来源，适合提供可编辑的天空背景和环境结构,screened
自然景观,自然景观 / 天空 / 蓝天,24,keep,"[""天空"", ""自然环境""]",蓝天作为自然景观中的天空部分，常见于各类自然场景中，如晴天、日出日落等,天空是自然景观中稳定且普遍存在的场景，具有明确的视觉来源和可编辑环境结构,screened
自然景观,自然景观 / 太阳光线,28,hold,[],自然景观 / 太阳光线,仅凭分类名称无法确定是否存在稳定有用的场景或承载区域来源。,screened
自然景观,自然景观 / 山口,28,keep,"[""山口"", ""自然环境"", ""地形地貌""]",山口作为自然景观中的典型地形节点，包含稳定的自然场景和承载面结构,山口具有稳定的自然地理特征和明确的场景来源，可作为自然景观中的典型承载区域,screened
自然景观,自然景观 / 山地景观,28,keep,"[""山地景观"", ""自然环境"", ""地形地貌""]",包含各类山地景观的自然场景，如山脉、山峰、山谷、山地植被等,山地景观具有稳定且丰富的自然场景来源，能提供多样化的承载面和环境结构,screened
自然景观,自然景观 / 山块,25,keep,"[""自然环境"", ""地形地貌""]",山块作为自然景观中的地形组成部分，具有稳定存在的场景来源,山块是自然景观中稳定存在的地形地貌，可作为自然环境中的典型承载面和场景来源,screened
自然景观,自然景观 / 山城,20,keep,"[""山城景观"", ""自然地形"", ""城市与自然融合环境""]",包含山地与城市结合的自然景观场景，如山体与建筑共存的地形结构,山城景观具有稳定且丰富的自然与人工结构共存场景，可提供多样化的承载面和可编辑环境,screened
自然景观,自然景观 / 山径,28,keep,"[""山径"", ""自然环境"", ""地形地貌""]",山径类自然景观路径，包含徒步路径、山间小道等稳定场景,山径作为自然景观中的稳定路径，具有明确的场景和承载面，适用于多种自然环境中的行走与观察场景,screened
自然景观,自然景观 / 山脉 / 阿尔卑斯山,27,keep,"[""自然环境"", ""地形地貌""]",包含阿尔卑斯山等山脉类自然景观，提供稳定的地理承载与视觉场景,山脉作为自然景观具有稳定且广泛的场景来源，可提供可靠的地理和环境背景,screened
自然景观,自然景观 / 山脊 / 刃脊,30,keep,"[""山脊"", ""自然地形"", ""地形地貌""]",山脊和刃脊等自然地形地貌场景,山脊和刃脊属于稳定的自然地形，具有明确的地理场景和可编辑环境结构,screened
自然景观,自然景观 / 山顶,21,keep,"[""山顶"", ""自然环境"", ""地形地貌""]",山顶类自然景观，包括山体、视野、植被等稳定存在的自然场景,山顶具有稳定的自然场景和可编辑的承载面，适合用于多种视觉场景的构建,screened
自然景观,自然景观 / 岩层构造,27,keep,"[""自然环境"", ""地形地貌""]",岩层构造相关的自然景观场景,岩层构造属于自然景观中具有稳定来源的地质场景，可覆盖多种自然环境下的地形地貌。,screened
自然景观,自然景观 / 岩屑坡,26,keep,"[""自然环境"", ""地形地貌""]",岩屑坡作为自然景观的一部分，常见于山地或坡地环境，具有稳定的地理承载和可编辑的自然场景特征,岩屑坡是自然景观中稳定的地形结构，具有明确的场景来源和可编辑环境结构,screened
自然景观,自然景观 / 岩石 / 卵石,25,keep,"[""自然环境"", ""地形地貌""]",岩石和卵石在自然景观中的分布与呈现,卵石和岩石作为自然景观的常见组成部分，具有稳定且广泛的场景来源，可提供可靠的承载与环境背景。,screened
自然景观,自然景观 / 岩石 / 基岩,20,keep,"[""自然环境"", ""地形地貌""]",基岩作为自然景观中的稳定地质结构，存在于各类山体、地表等地形中,基岩是自然景观中稳定存在的地质结构，具有明确的场景来源和承载环境,screened
自然景观,自然景观 / 岩石 / 岩丘,31,keep,"[""自然环境"", ""地形地貌""]",岩丘作为自然景观中的地形特征，具有稳定的地理来源和可编辑的环境结构,岩丘是自然景观中稳定的地形地貌，具有明确的场景来源和可编辑环境结构,screened
自然景观,自然景观 / 岩石 / 岩拱,23,keep,"[""自然环境"", ""地形地貌""]",岩拱作为自然景观中的典型岩石结构，存在于山地或峡谷等自然环境中,岩拱是自然景观中稳定存在的岩石地貌，具有明确的场景来源和可编辑环境结构,screened
自然景观,自然景观 / 岩石 / 岩石露头,29,keep,"[""自然环境"", ""地形地貌""]",岩石露头在自然景观中的稳定出现场景,岩石露头是自然景观中常见且稳定的地形来源，具有明确的场景和承载面，适用于多种自然环境场景。,screened
自然景观,自然景观 / 岩石 / 巨石,24,keep,"[""自然环境"", ""地形地貌""]",包含各类岩石和巨石的自然景观场景,岩石和巨石作为自然景观的一部分，具有稳定且广泛的场景来源，可提供可靠的承载和环境结构支持,screened
自然景观,自然景观 / 岩石拱,21,keep,"[""自然环境"", ""地形地貌""]",岩石拱作为自然景观中的典型地貌结构，常见于山地和峡谷区域,岩石拱是自然景观中稳定存在的地貌形态，具有明确的场景来源和可编辑环境结构,screened
自然景观,自然景观 / 岩石表面,15,keep,"[""自然环境"", ""地形地貌""]",岩石表面作为自然景观的一部分，提供稳定的承载面和可编辑环境结构,岩石表面是自然景观中稳定存在的场景来源，具有明确的地理和环境特征，可作为可编辑环境的支撑面,screened
自然景观,自然景观 / 岸 / 沙地,14,keep,"[""自然环境"", ""海岸地带"", ""沙地场景""]",包含海岸线、沙滩、沙地等自然地貌和相关环境,沙地作为自然景观的一部分，具有稳定且广泛的场景来源，可提供可靠的承载和环境结构支持,screened
自然景观,自然景观 / 岸 / 湖岸,27,keep,"[""湖岸"", ""自然环境"", ""水域周边""]",湖岸区域的自然景观，包括植被、水体、地形等稳定场景,湖岸具有稳定的自然场景和承载面，适合提供可编辑的环境结构,screened
自然景观,自然景观 / 岸 / 缕,20,hold,[],自然景观中的岸类场景,分类名称‘缕’无法确定具体场景范围，缺乏稳定可用的场景来源,screened
自然景观,自然景观 / 峰顶 / 山峰,29,keep,"[""山峰"", ""自然环境"", ""地形地貌""]",峰顶及山峰类自然景观，包含高海拔地形、山体结构和相关自然环境,山峰作为自然景观中的典型地貌，具有稳定且广泛的场景来源，可提供可靠的承载面和环境结构,screened
自然景观,自然景观 / 悬崖峭壁 / 峭岩,38,keep,"[""自然环境"", ""地形地貌""]",包含悬崖、峭壁、岩石等自然地形的场景,悬崖峭壁和峭岩是自然景观中稳定存在的地形特征，具有明确的场景来源和可编辑环境结构,screened
自然景观,自然景观 / 悬崖峭壁 / 悬崖,33,keep,"[""自然环境"", ""地形地貌""]",包含悬崖峭壁等自然地形的场景，如山体边缘、陡坡区域,悬崖峭壁是自然景观中具有稳定场景和承载面的典型地理结构，可提供可靠的视觉来源和可编辑环境,screened
自然景观,自然景观 / 斜坡,14,keep,"[""自然环境"", ""地形地貌""]",包含各类斜坡地形的自然景观场景,斜坡作为自然地形的一部分，具有稳定且广泛的自然景观来源，适用于多种自然环境场景,screened
自然景观,自然景观 / 晨光,21,keep,"[""晨光场景"", ""自然环境""]",包含晨光下的自然景观，如山川、湖泊、森林等在清晨时分的光照表现,晨光场景具有稳定且普遍的自然来源，能提供清晰的光照与环境结构，适合用于可编辑环境的构建,screened
自然景观,自然景观 / 暮光,21,keep,"[""暮光场景"", ""自然环境""]",包含自然景观中暮光时段的场景，如山野、海岸、田野等在黄昏时分的视觉表现,暮光是自然景观中常见且稳定的场景来源，具有明确的视觉特征和可编辑环境结构,screened
自然景观,自然景观 / 朝阳,16,keep,"[""自然环境"", ""日出场景""]",朝阳出现的自然景观场景，如山地、平原、海岸线等,朝阳在多种自然景观中稳定出现，提供明确的场景和视觉结构,screened
自然景观,自然景观 / 森林地表层,22,keep,"[""森林地表"", ""自然环境"", ""地形地貌""]",森林地表层的自然景观，包括落叶、苔藓、土壤、小动物活动痕迹等稳定存在的地表特征,森林地表层具有稳定且可重复出现的自然场景，能提供丰富的地表结构和生态信息，适合作为可编辑环境的来源,screened
自然景观,自然景观 / 植物结构 / 假种皮,13,reject,[],假种皮,假种皮为植物的抽象结构，缺乏稳定、可编辑的场景或承载环境来源，属于孤立小物特写，无实际场景支撑,screened
自然景观,自然景观 / 植物结构 / 卷须,16,hold,[],植物结构中的卷须,仅凭'卷须'无法确定其稳定存在的场景或承载环境，缺乏明确的场景来源,screened
自然景观,自然景观 / 植物结构 / 唇,21,reject,[],唇,唇是人体器官，不属于自然景观中的植物结构，且无稳定有用的场景或承载区域来源。,screened
自然景观,自然景观 / 植物结构 / 树桩,17,hold,[],植物结构中的树桩,仅凭'树桩'无法确定其是否具有稳定、可用的场景或承载区域来源,screened
自然景观,自然景观 / 植物结构 / 植物器官,2723,keep,"[""自然环境"", ""植物生长场景""]",包含各类植物的器官结构，如叶子、茎、根等在自然中的表现,植物器官在自然景观中具有稳定且普遍的场景来源，可提供可靠的承载与环境结构支持,screened
自然景观,自然景观 / 植物结构 / 花粉管,24,reject,[],花粉管,花粉管属于植物细胞内部的微观结构，缺乏稳定、可编辑的场景或承载面来源，仅是抽象符号，无实际环境支撑。,screened
自然景观,自然景观 / 植物结构 / 菌丝,22,hold,[],植物结构中的菌丝,无法确定菌丝是否具有稳定、可用的场景或承载区域来源,screened
自然景观,自然景观 / 气团,18,reject,[],气团,气团属于抽象气象现象，缺乏稳定、可编辑的场景或承载环境来源,screened
自然景观,自然景观 / 气流 / 阵风,23,reject,[],气流和阵风相关的自然现象,阵风属于抽象气象现象，缺乏稳定、可编辑的场景或承载区域来源，无法提供有效的视觉环境支持。,screened
自然景观,自然景观 / 水位,18,keep,"[""水域环境"", ""自然水体""]",包含河流、湖泊、海洋等水位相关的自然景观,水位相关的自然景观具有稳定且广泛的场景来源，如河流、湖泊和海洋，能提供可靠的承载与环境结构,screened
自然景观,自然景观 / 水坑 / 潮池,23,keep,"[""自然环境"", ""水域场景""]",水坑和潮池等自然水域中的临时积水区域,水坑和潮池是自然景观中常见的、具有稳定存在的水域场景，能提供明确的承载和环境结构,screened
自然景观,自然景观 / 水文水体 / 三角洲,32,keep,"[""三角洲"", ""水域环境"", ""自然水体""]",包含三角洲等水文水体相关的自然景观场景,三角洲是稳定存在的自然水体地貌，具有明确的地理和环境特征，可作为自然景观中的有效场景来源,screened
自然景观,自然景观 / 水文水体 / 冰川,36,keep,"[""冰川"", ""自然环境"", ""地形水域""]",冰川作为自然水文水体的一部分，存在于高海拔地区，具有稳定的地理和视觉特征,冰川是自然景观中稳定存在的水文水体，具有明确的场景和承载环境，可作为可靠场景来源,screened
自然景观,自然景观 / 水文水体 / 死水区,21,keep,"[""死水区"", ""自然水体"", ""静止水域""]",死水区等静止水体环境，包含自然景观中无流动的水体区域,死水区作为自然水体的一种，具有稳定的地理和生态特征，可提供可靠的场景来源,screened
自然景观,自然景观 / 水文水体 / 水库,76,keep,"[""自然环境"", ""水域环境"", ""水库场景""]",包含各类水库及其周边自然环境和水体特征,水库作为稳定的水文水体存在，具有明确的自然景观场景和承载面，适用于多种环境下的图片召回,screened
自然景观,自然景观 / 水文水体 / 河流,38,keep,"[""自然环境"", ""水域环境"", ""河流场景""]",包含各类河流及其周边自然场景,河流作为自然水文水体的典型代表，具有稳定且广泛的自然场景来源，适用于多种环境和可编辑结构。,screened
自然景观,自然景观 / 水文水体 / 河漫滩,37,keep,"[""河漫滩"", ""自然水体环境"", ""湿地景观""]",河漫滩作为水文水体的自然延伸，包含稳定存在的水边地貌和生态场景,河漫滩是自然水体中稳定存在的地貌类型，具有明确的场景和承载环境，适用于提供自然景观中的水边生态与地形信息,screened
自然景观,自然景观 / 水文水体 / 沼泽,27,keep,"[""湿地环境"", ""自然水体""]",沼泽作为自然水文水体的一种，具有稳定的自然场景和承载面，适用于多种环境中的视觉建模与编辑,沼泽是稳定的自然水文水体类型，具有明确的地理和生态场景，可提供丰富的环境背景和承载区域,screened
自然景观,自然景观 / 水文水体 / 泉水,86,keep,"[""自然环境"", ""水域场景""]",泉水作为自然水文水体的一部分，存在于自然景观中，具有稳定的地理和生态来源,泉水是自然水文水体的典型代表，具有稳定的自然来源和可识别的场景环境,screened
自然景观,自然景观 / 水文水体 / 海洋,142,keep,"[""海洋环境"", ""水域景观""]",海洋及相关水文水体的自然景观场景,海洋作为稳定存在的自然水体，具有明确且广泛的场景来源，适用于多种自然景观类别的图片召回。,screened
自然景观,自然景观 / 水文水体 / 湖泊,463,keep,"[""自然环境"", ""水域环境""]",湖泊作为自然水文水体的稳定存在，常见于多种自然景观中，提供可编辑的承载与背景场景,湖泊是自然水文水体中稳定且常见的场景来源，具有明确的地理和视觉特征，适用于多种环境构图。,screened
自然景观,自然景观 / 水文水体 / 湿地,38,keep,"[""湿地"", ""自然环境"", ""水域环境""]",湿地类自然水文景观，包含沼泽、泥炭地、浅水区等具有稳定生态特征的区域,湿地作为自然水文水体的重要组成部分，具有稳定的生态结构和可编辑的承载环境，适合用于多种场景的视觉建模和概念关联,screened
自然景观,自然景观 / 水文水体 / 溪流,188,keep,"[""自然环境"", ""溪流场景""]",含有稳定自然水体来源的溪流场景,溪流作为自然水文水体的一部分，具有稳定的自然景观来源，可提供有效的场景和承载面环境。,screened
自然景观,自然景观 / 水文水体 / 瀑布,50,keep,"[""自然环境"", ""水域场景""]",瀑布作为自然水文水体的典型代表，存在于山地或峡谷等自然景观中，提供稳定的场景和承载面,瀑布是自然水文水体中具有稳定场景和可编辑环境结构的典型存在，能提供明确的自然环境与视觉结构支持,screened
自然景观,自然景观 / 水路 / 急流,37,keep,"[""水路"", ""急流环境"", ""自然水域""]",包含急流等动态水路场景，如河流、瀑布、溪流等自然水体环境,急流作为自然水路的典型场景，具有稳定且可编辑的承载面和环境结构，适用于多种视觉任务。,screened
自然景观,自然景观 / 水面,18,keep,"[""水面"", ""自然环境"", ""水域""]",包含各类水面场景，如湖泊、河流、海洋、池塘等自然水面环境,水面是自然景观中稳定且常见的场景来源，具有明确的承载面和可编辑环境结构,screened
自然景观,自然景观 / 沙丘,32,keep,"[""自然环境"", ""地形地貌""]",沙丘作为自然景观中的典型地形，具有稳定的地理来源和可编辑的环境结构,沙丘是自然景观中稳定存在的地形地貌，具有明确的场景来源和可编辑环境结构,screened
自然景观,自然景观 / 河口,29,keep,"[""河口环境"", ""水域景观"", ""自然地理""]",河口及其周边自然地貌和水文环境,河口具有稳定的自然景观来源，包含水体交汇、滩涂、植被等可编辑的自然场景,screened
自然景观,自然景观 / 河曲 / 转弯,20,keep,"[""河流转弯"", ""自然水体形态"", ""地形地貌""]",河曲及转弯形态的自然景观场景,河曲转弯是自然水体中稳定存在的地貌形态，具有明确的场景来源和可编辑环境结构。,screened
自然景观,自然景观 / 浅处,38,keep,"[""自然环境"", ""水域环境""]",浅处的自然景观，如浅水区、河岸、湖边等,浅处自然景观具有稳定且常见的场景来源，如水体边缘、植被覆盖的浅水区域，能提供可靠的承载与环境结构。,screened
自然景观,自然景观 / 海冰,32,keep,"[""自然环境"", ""水域环境""]",海冰出现的自然景观场景，包括极地或寒冷海域的冰面环境,海冰是自然景观中稳定存在的冰体形态，具有明确的自然环境来源和可编辑的承载面,screened
自然景观,自然景观 / 海岸与岛屿,1,keep,"[""海岸线"", ""岛屿环境"", ""自然水域""]",包含海岸线、岛屿及周边自然水域的景观场景,海岸与岛屿具有稳定且广泛的自然场景来源，适用于多种环境下的图片召回,screened
自然景观,自然景观 / 海岸与岛屿 / 加勒比地区,37,keep,"[""海岸环境"", ""岛屿景观"", ""加勒比地区自然""]",加勒比地区的海岸与岛屿自然景观,加勒比地区海岸与岛屿具有稳定且丰富的自然场景来源，涵盖海洋、沙滩、植被等可编辑环境结构。,screened
自然景观,自然景观 / 海岸与岛屿 / 半岛,25,keep,"[""海岸环境"", ""岛屿区域"", ""自然地形""]",包含半岛、海岸线及周边自然地貌的场景,半岛作为自然景观的一部分，具有稳定且可重复出现的地理场景来源,screened
自然景观,自然景观 / 海岸与岛屿 / 岛屿,132,keep,"[""海岸环境"", ""岛屿地形""]",岛屿及其周边自然景观场景,岛屿作为自然景观的一部分，具有稳定且广泛的自然场景来源，可提供可靠的承载与环境结构支持。,screened
自然景观,自然景观 / 海岸与岛屿 / 岩石海岸,38,keep,"[""海岸环境"", ""岩石海岸"", ""自然地形""]",包含岩石海岸及其周边自然地貌和环境特征,岩石海岸具有稳定且常见的自然场景来源，能提供可靠的承载面和环境结构,screened
自然景观,自然景观 / 海岸与岛屿 / 海峡,31,keep,"[""海岸环境"", ""海峡景观"", ""岛屿区域""]",海岸与岛屿相关的自然地理场景，包括海峡、海岸线、岛屿等稳定自然地貌,海岸与岛屿/海峡属于稳定存在的自然景观，具有明确且广泛的场景来源，适用于多种环境和可编辑场景,screened
自然景观,自然景观 / 海岸与岛屿 / 海崖,37,keep,"[""海岸环境"", ""自然地形"", ""海崖景观""]",包含海崖等海岸自然地貌，具有稳定且可编辑的自然场景来源,海崖作为自然景观的一部分，具有稳定且可编辑的场景来源，适用于多种视觉建模和编辑场景,screened
自然景观,自然景观 / 海岸与岛屿 / 海湾,37,keep,"[""海岸环境"", ""海湾景观"", ""自然水域""]",包含海岸线、岛屿、海湾等自然地理特征的景观场景,海湾场景具有稳定且广泛的自然来源，能提供清晰的地理和环境背景,screened
自然景观,自然景观 / 海岸与岛屿 / 海滩,38,keep,"[""海滩"", ""海岸环境"", ""自然水域""]",包含海滩及海岸带的自然景观场景,海滩具有稳定且广泛的自然场景来源，适合提供支撑和承载区域,screened
自然景观,自然景观 / 海岸与岛屿 / 海蚀地貌,35,keep,"[""海岸环境"", ""自然地貌"", ""海蚀景观""]",包含海岸与岛屿中的海蚀地貌，如海崖、海蚀柱、海蚀洞等自然形成的地质结构,海蚀地貌具有稳定且可重复出现的自然场景，能提供丰富的地理与环境参考,screened
自然景观,自然景观 / 海岸与岛屿 / 滩涂,38,keep,"[""海岸环境"", ""滩涂区域"", ""自然水域""]",包含海岸与岛屿中的滩涂场景，如潮汐变化、泥滩、浅水区等自然地貌,滩涂作为稳定的自然景观组成部分，具有明确的地理和生态特征，可提供丰富的环境与承载面信息,screened
自然景观,自然景观 / 海岸与岛屿 / 珊瑚礁,38,keep,"[""海洋环境"", ""珊瑚礁生态系统"", ""海岸自然景观""]",包含珊瑚礁及其所在海洋与海岸环境的自然场景,珊瑚礁作为稳定的自然景观，具有明确的海洋环境来源和可编辑的承载面，适合召回相关图片,screened
自然景观,自然景观 / 海岸与岛屿 / 群岛,46,keep,"[""海岸环境"", ""群岛景观"", ""自然水域""]",包含海岸线、岛屿群、海洋与周边自然地貌的场景,群岛和海岸景观具有稳定且丰富的自然场景来源，适合提供可编辑的环境结构,screened
自然景观,自然景观 / 海洋盆地,27,keep,"[""海洋环境"", ""自然水域""]",海洋盆地相关的自然景观和水域环境,海洋盆地属于稳定的自然地理场景，具有明确的环境承载和可编辑空间,screened
自然景观,自然景观 / 海湾 / 小海湾,37,keep,"[""自然环境"", ""海岸景观""]",小海湾类自然景观，包含潮汐、沙滩、植被等稳定场景,小海湾具有稳定的自然场景和承载面，适合作为可编辑环境的来源,screened
自然景观,自然景观 / 海湾 / 峡湾,37,keep,"[""自然环境"", ""水域环境"", ""海岸景观""]",包含海湾和峡湾等自然水域形态的景观场景,海湾和峡湾是稳定的自然水域景观，具有明确的地理特征和可编辑的环境结构,screened
自然景观,自然景观 / 海湾 / 湖湾,28,keep,"[""自然环境"", ""水域景观""]",包含海湾和湖湾等自然水域区域，具有稳定场景和承载面,海湾和湖湾属于稳定的自然水域景观，具备明确的场景和可编辑环境结构,screened
自然景观,自然景观 / 海滨地带,38,keep,"[""海滨地带"", ""自然环境"", ""海岸景观""]",包含海滨地带的自然场景，如沙滩、海浪、海岸线等稳定环境,海滨地带具有稳定且广泛的自然场景来源，适合提供承载和编辑环境,screened
自然景观,自然景观 / 深水航道 / 水道,28,keep,"[""水道"", ""自然环境"", ""水域""]",深水航道及水道类自然景观场景,深水航道和水道属于稳定的自然水体环境，具有明确的场景和承载面，适用于多种视觉场景的召回。,screened
自然景观,自然景观 / 深水航道 / 运河,22,keep,"[""水路环境"", ""深水航道"", ""运河场景""]",深水航道和运河等水路交通与自然景观结合的场景,深水航道和运河具有稳定的水路场景来源，可作为自然景观中的承载与交通环境提供有效视觉支持,screened
自然景观,自然景观 / 湖滨,28,keep,"[""湖滨"", ""自然环境"", ""水域周边""]",湖滨区域的自然景观和周边环境,湖滨具有稳定且常见的自然场景来源，包含水域与周边生态环境，适合提供可编辑的承载和空间结构。,screened
自然景观,自然景观 / 滨水区,19,keep,"[""滨水区"", ""自然环境"", ""水域周边""]",包含河流、湖泊、海岸线等滨水区域的自然景观,滨水区具有稳定且多样化的自然场景和承载面，适合提供可编辑的环境结构,screened
自然景观,自然景观 / 漂砾 / 漂流物,25,keep,"[""自然环境"", ""地形地貌""]",漂砾和漂流物在自然景观中的分布与场景,漂砾和漂流物常见于河流、山体滑坡等自然环境中，具有稳定的自然来源和场景支撑,screened
自然景观,自然景观 / 潟湖,24,keep,"[""潟湖"", ""自然环境"", ""水域景观""]",包含各类潟湖的自然场景，如潮汐影响的浅水区域、湿地边缘、植被覆盖的滩涂等,潟湖是稳定的自然水体形态，具有明确的地理和生态特征，能提供丰富的自然景观场景来源,screened
自然景观,自然景观 / 火山口,24,keep,"[""自然环境"", ""地形地貌""]",火山口作为自然景观中的典型地形特征，具有稳定且可编辑的场景来源,火山口是自然景观中具有稳定场景和承载面的典型地理结构，可作为自然环境中的有效场景来源,screened
自然景观,自然景观 / 牛轭湖,24,keep,"[""自然环境"", ""水域景观""]",牛轭湖作为自然景观中的典型水体形态，存在于河流演变过程中，具有稳定的地理和生态背景,牛轭湖是自然景观中稳定存在的水体形态，具有明确的地理和生态背景，可作为自然环境中的典型场景来源,screened
自然景观,自然景观 / 生态环境,12,keep,"[""自然环境"", ""生态系统"", ""地形地貌""]",包含各类自然景观和生态环境，如森林、湿地、山脉、湖泊等,自然景观/生态环境包含稳定且广泛的场景来源，如森林、湿地、山脉等，具有明确的场景和承载面，适合召回相关图片,screened
自然景观,自然景观 / 生态环境 / 农田生态,28,keep,"[""农田生态"", ""自然环境"", ""生态场景""]",包含农田生态系统中的自然景观与生态结构，如农田、作物生长、土壤、植被等稳定场景,农田生态具有稳定且可重复的自然场景来源，能提供丰富的环境与承载面信息,screened
自然景观,自然景观 / 生态环境 / 城市生态,28,keep,"[""城市生态"", ""自然环境""]",包含城市中的生态系统和自然环境中的生态结构,城市生态和自然环境均具有稳定且可编辑的场景来源，能提供丰富的承载面和环境结构,screened
自然景观,自然景观 / 生态环境 / 森林,316,keep,"[""森林"", ""自然环境"", ""生态场景""]",包含森林等自然生态区域，具有稳定且丰富的场景来源,森林作为自然景观中的典型生态区域，具有稳定且广泛的场景来源，适用于多种环境和可编辑场景,screened
自然景观,自然景观 / 生态环境 / 海洋生态,28,keep,"[""海洋环境"", ""自然生态""]",海洋生态系统中的各类自然景观和生态环境,海洋生态包含稳定且广泛的自然场景，如海洋生物栖息地、珊瑚礁、海底地形等，具有明确的场景和承载面来源。,screened
自然景观,自然景观 / 生态环境 / 淡水生态,28,keep,"[""淡水生态系统"", ""湖泊湿地"", ""河流环境""]",包含淡水生态系统的自然场景，如湖泊、河流、湿地等,淡水生态涵盖稳定且常见的自然场景，具有明确的环境承载和可编辑性,screened
自然景观,自然景观 / 生态环境 / 湿地生态,28,keep,"[""湿地环境"", ""自然生态"", ""水域景观""]",湿地生态相关的自然场景和环境结构,湿地生态具有稳定且广泛的自然场景来源，包含水体、植被和生物互动，适合提供可编辑的自然环境背景。,screened
自然景观,自然景观 / 生态环境 / 热带,66,keep,"[""热带雨林"", ""生态湿地"", ""自然地形""]",包含热带地区的自然景观和生态环境，如雨林、湿地、火山地貌等,热带生态环境具有稳定且丰富的自然场景来源，适合提供多样化的自然环境背景,screened
自然景观,自然景观 / 生态环境 / 苔原,28,keep,"[""苔原"", ""自然环境"", ""生态系统""]",包含苔原等典型自然景观和生态环境场景,苔原具有稳定且可识别的自然场景来源，能提供可靠的环境背景和生态承载面,screened
自然景观,自然景观 / 生态环境 / 草原,28,keep,"[""草原"", ""自然环境"", ""生态场景""]",草原等自然生态区域，包含开阔草地、植被覆盖和典型生态环境,草原作为自然景观中的稳定场景，具有明确的地理和生态特征，可提供丰富的环境背景和承载面,screened
自然景观,自然景观 / 生态环境 / 荒漠,27,keep,"[""荒漠"", ""自然环境"", ""生态区域""]",荒漠及其中的生态环境，包括植被、地貌、气候特征等稳定自然场景,荒漠作为自然景观的一种，具有稳定且可重复的场景来源，能提供丰富的自然环境承载面和生态结构,screened
自然景观,自然景观 / 禅意花园,27,keep,"[""庭院公园"", ""自然环境""]",禅意花园作为自然景观中的具体场景，包含静谧的园林布局、植物配置和自然元素的融合,禅意花园具有稳定的自然场景来源，包含明确的承载面和可编辑环境结构，符合室内与自然环境的共用原图需求,screened
自然景观,自然景观 / 绿廊,27,keep,"[""绿廊"", ""自然环境"", ""庭院园林""]",包含绿廊类自然景观，如植被覆盖的走廊、步道等场景,绿廊作为自然景观的一部分，具有稳定的自然场景和承载面，适用于多种环境中的视觉编辑,screened
自然景观,自然景观 / 自然保护区,24,keep,"[""自然环境"", ""生态保护""]",自然保护区内的各类自然景观和生态场景,自然保护区包含稳定且丰富的自然景观和生态场景，具有明确的环境承载和可编辑性,screened
自然景观,自然景观 / 自然灾害,30,keep,"[""自然环境"", ""灾害场景""]",包含自然灾害相关的自然景观，如地震、洪水、火山喷发等场景,自然灾害场景具有稳定且广泛的来源，能提供多样化的自然环境和承载面，适用于可编辑环境结构的构建,screened
自然景观,自然景观 / 自然灾害 / 台风,28,keep,"[""台风影响区域"", ""自然环境"", ""灾害场景""]",台风发生及影响下的自然景观场景,台风作为自然灾害具有稳定的场景来源，涵盖受影响的自然环境和地理区域，提供可编辑的承载面和空间结构。,screened
自然景观,自然景观 / 自然灾害 / 地震,28,keep,"[""自然环境"", ""地震场景""]",涉及地震发生的自然景观场景，包括地震前后的地形变化、地质结构等,地震作为自然灾害的一种，具有稳定的自然景观来源，能提供明确的场景和承载环境,screened
自然景观,自然景观 / 自然灾害 / 寒潮,28,keep,"[""自然环境"", ""寒冷区域""]",寒潮影响下的自然景观场景,寒潮作为自然灾害在自然景观中具有稳定且可识别的场景来源，如冻土、冰封河流等，能提供有效的环境承载和视觉参考。,screened
自然景观,自然景观 / 自然灾害 / 山火,28,keep,"[""自然环境"", ""地形水域""]",山火发生的自然景观场景，包括森林、山地等易发区域,山火常见于特定自然地形中，具有稳定且可识别的场景来源,screened
自然景观,自然景观 / 自然灾害 / 干旱,28,keep,"[""干旱地区"", ""干燥地形"", ""自然环境""]",干旱导致的自然景观变化及受影响的地理区域,干旱作为一种自然灾害，具有稳定的自然场景来源，如干涸河床、荒漠化区域等，能提供可编辑的环境结构。,screened
自然景观,自然景观 / 自然灾害 / 暴雪,28,keep,"[""自然环境"", ""暴雪场景""]",暴雪天气下的自然景观场景，包括雪覆盖的山脉、道路、森林等,暴雪作为自然现象具有稳定的场景来源，能提供清晰的自然环境承载面和可编辑空间,screened
自然景观,自然景观 / 自然灾害 / 沙尘暴,26,keep,"[""自然环境"", ""沙尘暴场景""]",沙尘暴发生的自然景观场景，包括荒漠、戈壁等易受影响的区域,沙尘暴是自然景观中具有稳定场景来源的灾害性天气现象，能提供明确的环境承载和视觉特征,screened
自然景观,自然景观 / 自然灾害 / 洪水,27,keep,"[""自然环境"", ""洪水场景""]",涉及洪水发生的自然景观场景，包括河流泛滥、低洼地区淹没等,洪水作为自然灾害的一种，具有稳定的自然景观来源和明确的场景特征，可提供有效的环境承载与可编辑区域。,screened
自然景观,自然景观 / 自然灾害 / 海啸,28,keep,"[""自然环境"", ""海岸区域""]",海啸发生的自然场景和沿海区域,海啸属于自然景观中的自然灾害，具有稳定的自然场景来源，如海岸线和海洋环境。,screened
自然景观,自然景观 / 自然灾害 / 滑坡泥石流,28,keep,"[""自然环境"", ""地形地貌""]",滑坡泥石流等自然灾害在自然景观中的表现场景,滑坡泥石流属于自然景观中具有稳定场景和承载面的自然灾害类型，能提供有效的环境结构和空间参考,screened
自然景观,自然景观 / 自然灾害 / 火山喷发,29,keep,"[""自然环境"", ""火山喷发场景""]",包含火山喷发相关的自然景观和地质活动场景,火山喷发是自然景观中具有稳定场景和承载面的典型自然灾害，能提供明确的环境结构和可编辑空间,screened
自然景观,自然景观 / 自然灾害 / 雪崩,27,keep,"[""雪崩场景"", ""山区自然环境""]",雪崩发生的自然山区环境,雪崩场景具有稳定且可识别的自然环境来源，属于典型的自然灾害场景,screened
自然景观,自然景观 / 自然灾害 / 高温热浪,28,keep,"[""自然环境"", ""高温场景""]",高温热浪导致的自然景观变化场景,高温热浪作为自然灾害的一种，能稳定产生可识别的自然景观影响场景，如干旱、植被枯萎等，具有明确的环境来源和可编辑性。,screened
自然景观,自然景观 / 自然灾害 / 龙卷风,28,keep,"[""自然环境"", ""气象事件""]",龙卷风作为自然灾害在自然景观中的表现，具有稳定的场景来源和可编辑环境结构,龙卷风属于自然景观中具有明确场景和环境结构的灾害性天气现象，能提供稳定且可编辑的自然环境来源,screened
自然景观,自然景观 / 自然覆盖层 / 介壳,115,hold,[],自然景观 / 自然覆盖层 / 介壳,仅凭分类名称无法确定是否存在稳定有用的场景或承载区域来源,screened
自然景观,自然景观 / 自然覆盖层 / 体表覆盖物,299,keep,"[""自然环境"", ""地形覆盖""]",自然景观中具有稳定覆盖特性的体表覆盖物，如植被、苔藓、地衣等,自然覆盖层在多种自然环境中普遍存在，具有稳定且可编辑的场景来源,screened
自然景观,自然景观 / 自然覆盖层 / 信封,27,reject,[],自然覆盖层,信封属于人工制品，不构成自然景观中的稳定场景或承载区域来源,screened
自然景观,自然景观 / 自然覆盖层 / 包被,27,keep,"[""自然环境"", ""地形覆盖""]",自然景观中具有稳定覆盖特性的地表包被，如植被、苔藓、地衣等,自然覆盖层在多种自然环境中普遍存在，提供稳定的场景和承载面，适用于多种视觉场景。,screened
自然景观,自然景观 / 自然覆盖层 / 同被花被,20,keep,"[""自然环境"", ""植被覆盖""]",含有花被的自然覆盖层场景，如森林、草地等自然植被区域,自然景观中花被覆盖的植被具有稳定且常见的场景来源，可提供可靠的自然环境背景,screened
自然景观,自然景观 / 自然覆盖层 / 囊,21,reject,[],自然覆盖层,囊属于抽象符号或孤立小物特写，缺乏稳定有用的场景或承载区域来源,screened
自然景观,自然景观 / 自然覆盖层 / 壳,25,hold,[],自然覆盖层中的壳类结构,分类名称模糊，无法确定具体场景或稳定来源,screened
自然景观,自然景观 / 自然覆盖层 / 外壳,28,keep,"[""自然环境"", ""地形覆盖""]",自然景观中具有稳定覆盖特性的外壳结构，如岩石外层、土壤表层、植被覆盖层等,自然覆盖层在多种自然环境中普遍存在，提供稳定的场景和承载面，适用于多种视觉场景。,screened
自然景观,自然景观 / 自然覆盖层 / 容器盒,51,hold,[],自然景观中的容器盒类结构,分类名称模糊，无法确定是否存在稳定有用的自然场景来源,screened
自然景观,自然景观 / 自然覆盖层 / 屋顶,23,hold,[],自然景观 / 自然覆盖层 / 屋顶,无法确定屋顶作为自然覆盖层是否具有稳定、可用的场景来源，分类含义模糊，缺乏明确的场景支撑。,screened
自然景观,自然景观 / 自然覆盖层 / 披风,26,hold,[],自然景观中的披风覆盖层,分类名称‘披风’缺乏明确的自然景观语义，无法确定其在自然环境中的稳定来源或场景,screened
自然景观,自然景观 / 自然覆盖层 / 撇取,15,reject,[],自然覆盖层,撇取属于抽象动作或符号，缺乏稳定、可用的场景或承载区域来源,screened
自然景观,自然景观 / 自然覆盖层 / 果皮,22,reject,[],果皮,果皮属于孤立小物特写，缺乏稳定有用的场景或承载区域来源,screened
自然景观,自然景观 / 自然覆盖层 / 树皮,47,hold,[],自然景观中的树皮覆盖区域,仅凭'树皮'无法确定其是否具有稳定、可编辑的场景来源，缺乏明确的场景承载或环境结构支撑,screened
自然景观,自然景观 / 自然覆盖层 / 毛被,28,keep,"[""自然环境"", ""植被覆盖""]",具有毛被特征的自然覆盖层，如草地、灌木丛、森林地表等,毛被是自然景观中常见的植被覆盖形式，具有稳定且广泛的场景来源,screened
自然景观,自然景观 / 自然覆盖层 / 泥沼,25,keep,"[""泥沼"", ""自然环境"", ""湿地""]",泥沼作为自然覆盖层，存在于湿地和自然环境中，提供稳定的承载面和场景背景,泥沼是自然景观中稳定的覆盖层，具有明确的地理和生态场景，可作为可编辑环境的支撑区域,screened
自然景观,自然景观 / 自然覆盖层 / 衣服,27,reject,[],自然景观 / 自然覆盖层 / 衣服,衣服属于人类穿戴物，不属于自然覆盖层，且无稳定自然场景来源,screened
自然景观,自然景观 / 自然覆盖层 / 雪顶蜂鸟,33,reject,[],雪顶蜂鸟,雪顶蜂鸟是特定生物，属于孤立小物特写，缺乏稳定有用的场景或承载区域来源。,screened
自然景观,自然景观 / 蓄水层,32,hold,[],自然景观 / 蓄水层,仅凭分类名称无法确定是否存在稳定有用的场景或承载区域来源,screened
自然景观,自然景观 / 藤蔓缠结,22,keep,"[""自然环境"", ""植被覆盖场景""]",藤蔓缠结的自然景观场景，如山林、墙垣、岩石表面等,藤蔓缠结常见于自然环境中，提供稳定的植被覆盖和生长场景，具有明确的场景来源,screened
自然景观,自然景观 / 静谧景观,25,keep,"[""自然环境"", ""静谧景观""]",包含各类静谧的自然景观，如湖泊、森林、山谷等具有稳定场景和可编辑环境的自然区域,静谧景观通常具有稳定的自然场景和可编辑的环境结构，适合提供视觉参考和场景构建,screened
自然景观,自然景观 / 颗粒 / 基本粒子,24,reject,[],基本粒子,基本粒子是抽象符号，无稳定有用的场景或承载区域来源,screened
节日与符号,节日与符号 / 中国传统节日 / 七夕节,31,keep,"[""家庭室内"", ""夜间场景"", ""传统习俗""]",七夕节相关的家庭室内场景、夜间活动及传统习俗环境,七夕节常出现在家庭室内场景中，如庭院、房间等，伴有特定的节日活动和象征性布置，具有稳定且可编辑的场景来源。,screened
节日与符号,节日与符号 / 中国传统节日 / 上巳节,43,hold,[],节日与符号 / 中国传统节日 / 上巳节,仅凭分类名称无法确定是否存在稳定有用的场景或承载区域来源,screened
节日与符号,节日与符号 / 中国传统节日 / 中元节,35,keep,"[""祭祀场景"", ""家庭活动"", ""传统仪式""]",中元节相关的祭祀、家庭祭拜和传统仪式场景,中元节有稳定的祭祀和家庭活动场景，包含明确的承载面和环境结构，符合可编辑环境需求,screened
节日与符号,节日与符号 / 中国传统节日 / 中秋节,43,keep,"[""家庭室内"", ""节日庆典"", ""月夜景观""]",中秋节相关的家庭聚会、赏月活动及传统节日场景,中秋节常出现在家庭室内或户外赏月场景中，具有稳定且丰富的场景来源,screened
节日与符号,节日与符号 / 中国传统节日 / 元宵节,42,keep,"[""节日场景"", ""家庭活动"", ""城市夜景""]",元宵节相关的节日场景和家庭庆祝活动,元宵节有稳定的节日场景和家庭活动来源，如赏灯、吃汤圆等，具有明确的环境和承载面。,screened
节日与符号,节日与符号 / 中国传统节日 / 寒食节,30,hold,[],中国传统节日中的寒食节,仅凭名称无法确定是否存在稳定有用的场景或承载区域来源,screened
节日与符号,节日与符号 / 中国传统节日 / 小年,30,keep,"[""家庭活动"", ""室内场景"", ""传统习俗""]",小年相关的家庭聚会、室内庆祝活动及传统习俗场景,小年作为中国传统节日，常出现在家庭室内场景中，具有稳定且可重复的来源，如祭祖、扫尘、准备年货等行为，能提供丰富的可编辑环境和文化背景。,screened
节日与符号,节日与符号 / 中国传统节日 / 春节,46,keep,"[""家庭客厅"", ""室内节日场景"", ""春节装饰环境""]",春节相关的家庭室内场景和节日装饰环境,春节常出现在家庭客厅和室内环境中，具有稳定且丰富的节日场景来源,screened
节日与符号,节日与符号 / 中国传统节日 / 清明节,39,keep,"[""自然环境"", ""庭院公园"", ""祭扫场景""]",清明节相关的自然环境、庭院公园及祭扫活动场景,清明节常与自然环境、庭院公园及祭扫场景关联，具有稳定且非偶然的来源,screened
节日与符号,节日与符号 / 中国传统节日 / 端午节,39,keep,"[""家庭室内"", ""节日庆典""]",端午节相关的家庭场景和节日庆祝环境,端午节常出现在家庭室内和节日庆典场景中，具有稳定且丰富的场景来源,screened
节日与符号,节日与符号 / 中国传统节日 / 腊八节,39,keep,"[""家庭厨房"", ""节庆活动""]",腊八节相关的家庭场景和节庆活动环境,腊八节常出现在家庭厨房中，如熬腊八粥，以及节庆活动中，具有稳定且可编辑的场景来源,screened
节日与符号,节日与符号 / 中国传统节日 / 重阳节,35,keep,"[""家庭室内"", ""庭院园林"", ""传统活动场景""]",重阳节相关的家庭聚会、登高活动及传统节日场景,重阳节常出现在家庭室内或庭院园林中，具有稳定的场景来源和可编辑的环境结构,screened
节日与符号,节日与符号 / 中国传统节日 / 除夕,35,keep,"[""家庭室内"", ""年节氛围"", ""传统习俗场景""]",除夕相关的家庭聚会、年夜饭、守岁、贴春联等传统家庭场景,除夕作为中国传统节日，具有稳定的家庭室内场景和年节氛围，包含明确的承载面和可编辑环境结构。,screened
节日与符号,节日与符号 / 中国传统节日 / 龙抬头,34,hold,[],节日与符号 / 中国传统节日 / 龙抬头,仅凭分类名称无法确定是否存在稳定有用的场景或承载区域来源,screened
节日与符号,节日与符号 / 二十四节气,86,keep,"[""自然环境"", ""农业生产场景""]",与二十四节气相关的自然现象和农事活动场景,二十四节气与自然环境和农业生产密切相关，具有稳定且可重复的场景来源,screened
节日与符号,节日与符号 / 十二生肖,62,hold,[],节日与符号 / 十二生肖,仅凭分类名称无法确定是否存在稳定有用的场景或承载区域来源,screened
节日与符号,节日与符号 / 宗教与民族节日 / 伊斯兰节日,66,keep,"[""宗教场所"", ""礼拜环境"", ""文化仪式""]",与伊斯兰节日相关的宗教活动场景和场所,伊斯兰节日通常发生在特定宗教场所或家庭环境中，具有稳定且可重复的场景来源。,screened
节日与符号,节日与符号 / 宗教与民族节日 / 佛教节日,77,keep,"[""宗教场所"", ""寺院环境"", ""祭祀场景""]",佛教节日相关的宗教场所和仪式场景,佛教节日通常发生在寺院或宗教场所，具有稳定的场景来源和承载环境。,screened
节日与符号,节日与符号 / 宗教与民族节日 / 印度教节日,31,keep,"[""宗教仪式场景"", ""文化庆典环境"", ""印度教节日活动""]",与印度教节日相关的宗教仪式、庆典活动和文化场景,印度教节日通常包含稳定的宗教仪式和文化场景，具有明确的场景来源和可编辑环境结构。,screened
节日与符号,节日与符号 / 宗教与民族节日 / 基督教节日,69,keep,"[""宗教仪式场景"", ""教堂环境"", ""节日庆典空间""]",基督教节日相关的宗教仪式、教堂建筑及节日庆典场景,基督教节日通常与特定宗教仪式、教堂环境和节日庆典空间相关，具有稳定且可重复的场景来源。,screened
节日与符号,节日与符号 / 宗教与民族节日 / 民族传统节日,90,keep,"[""宗教仪式场景"", ""民族节日庆典"", ""文化传统空间""]",民族传统节日相关的宗教仪式、庆典活动和文化空间,民族传统节日通常伴随稳定的场景和承载环境，如庙会、祭祀场所、家庭聚会空间等，具有明确的场景来源。,screened
节日与符号,节日与符号 / 宗教与民族节日 / 犹太教节日,50,keep,"[""宗教仪式场景"", ""犹太教传统环境""]",犹太教节日相关的宗教仪式、家庭聚会和传统活动场景,犹太教节日通常伴随特定的仪式和环境，如家庭聚会、祈祷空间和传统装饰，具有稳定且可编辑的场景来源。,screened
节日与符号,节日与符号 / 庆典仪式元素 / 仪式服饰,60,hold,[],节日与符号 / 庆典仪式元素 / 仪式服饰,仅凭分类名称无法确定是否存在稳定有用的场景或承载区域来源,screened
节日与符号,节日与符号 / 庆典仪式元素 / 仪式道具,53,hold,[],节日与符号 / 庆典仪式元素 / 仪式道具,仅凭分类名称无法确定是否存在稳定有用的场景或承载区域来源,screened
节日与符号,节日与符号 / 庆典仪式元素 / 圣诞树,37,keep,"[""室内装饰"", ""节日场景""]",圣诞树作为节日庆典中的典型元素，常见于家庭或公共空间的室内装饰场景中,圣诞树是节日庆典中稳定的室内装饰元素，常出现在家庭、商场或节日活动现场，具有明确且稳定的场景来源,screened
节日与符号,节日与符号 / 庆典仪式元素 / 彩带,53,reject,[],彩带作为节日符号的抽象元素,彩带多为孤立符号或纯文字，缺乏稳定、可编辑的场景或承载区域来源,screened
节日与符号,节日与符号 / 庆典仪式元素 / 彩旗,42,keep,"[""节日场景"", ""公共活动环境""]",节日庆典中用于装饰或表达氛围的彩旗布置场景,彩旗常见于节日庆典、公共活动等具有明确场景和承载面的环境中，能提供稳定且丰富的视觉来源,screened
节日与符号,节日与符号 / 庆典仪式元素 / 气球,16,hold,[],节日与符号 / 庆典仪式元素 / 气球,仅凭分类名称无法确定是否存在稳定有用的场景或承载区域来源,screened
节日与符号,节日与符号 / 庆典仪式元素 / 灯笼,130,keep,"[""节日场景"", ""夜间环境"", ""公共空间""]",灯笼在节日庆典中作为装饰性元素出现的场景，如节日夜市、街道照明、庭院布置等,灯笼常出现在节日庆典中，提供稳定的夜间照明和装饰场景，具有明确的场景来源和可编辑环境结构,screened
节日与符号,节日与符号 / 庆典仪式元素 / 烟花,50,reject,[],烟花作为节日符号的抽象表现,烟花主要表现为纯文字、品牌标志或孤立特写，缺乏稳定、可编辑的场景或承载环境来源,screened
节日与符号,节日与符号 / 庆典仪式元素 / 礼炮,37,reject,[],礼炮相关符号或文字,礼炮主要为抽象符号或纯文字，缺乏稳定、可编辑的场景或承载区域来源,screened
节日与符号,节日与符号 / 庆典仪式元素 / 礼物,22,hold,"[""节日场景"", ""礼物赠送场景""]",节日中与礼物相关的仪式性场景,仅凭'礼物'无法确定稳定场景或承载区域来源，缺乏具体可召回的环境结构,screened
节日与符号,节日与符号 / 庆典仪式元素 / 红包,36,reject,[],红包作为节日符号,红包主要为抽象符号和品牌标志，缺乏稳定、可用的场景或承载区域来源,screened
节日与符号,节日与符号 / 庆典仪式元素 / 花环,37,keep,"[""节日场景"", ""室内装饰""]",节日与符号下的庆典仪式元素中，花环作为装饰物出现在节日庆典、室内布置等场景中,花环常见于节日庆典和室内装饰场景，具有稳定且可重复的来源，能提供明确的视觉和环境支撑,screened
节日与符号,节日与符号 / 庆典仪式元素 / 蛋糕,274,hold,[],节日与符号 / 庆典仪式元素 / 蛋糕,仅凭分类名称无法确定是否存在稳定有用的场景或承载区域来源,screened
节日与符号,节日与符号 / 庆典仪式元素 / 蜡烛,38,hold,[],节日与符号 / 庆典仪式元素 / 蜡烛,仅凭'蜡烛'无法确定其是否具有稳定可用的场景或承载区域来源。,screened
节日与符号,节日与符号 / 庆典仪式元素 / 贺卡,17,reject,[],贺卡相关符号和文字元素,贺卡主要为抽象符号和纯文字，缺乏稳定、可编辑的场景或承载区域来源,screened
节日与符号,节日与符号 / 文化图腾 / 动物图腾,59,hold,[],节日与符号 / 文化图腾 / 动物图腾,仅凭分类名称无法确定是否存在稳定有用的场景或承载区域来源。,screened
节日与符号,节日与符号 / 文化图腾 / 太阳月亮图腾,45,hold,[],节日与符号 / 文化图腾 / 太阳月亮图腾,仅凭分类名称无法确定是否存在稳定有用的场景或承载区域来源。,screened
节日与符号,节日与符号 / 文化图腾 / 宗教图腾,33,hold,[],节日与符号 / 文化图腾 / 宗教图腾,仅凭分类名称无法确定是否存在稳定有用的场景或承载区域来源,screened
节日与符号,节日与符号 / 文化图腾 / 植物图腾,43,hold,[],节日与符号 / 文化图腾 / 植物图腾,仅凭分类名称无法确定是否存在稳定有用的场景或承载区域来源。,screened
节日与符号,节日与符号 / 文化图腾 / 祖先图腾,38,hold,[],节日与符号 / 文化图腾 / 祖先图腾,仅凭分类名称无法确定是否存在稳定有用的场景或承载区域来源。,screened
节日与符号,节日与符号 / 文化图腾 / 部族图腾,38,hold,[],节日与符号 / 文化图腾 / 部族图腾,仅凭分类名称无法确定是否存在稳定有用的场景或承载区域来源。,screened
节日与符号,节日与符号 / 文字与语言符号 / 希腊字母,26,reject,[],希腊字母作为文字符号,希腊字母主要为抽象符号和文字标识，缺乏稳定、可编辑的场景或承载环境来源,screened
节日与符号,节日与符号 / 文字与语言符号 / 手语符号,35,reject,[],文字与语言符号,手语符号主要为抽象符号和纯文字，缺乏稳定、可用的场景或承载区域来源。,screened
节日与符号,节日与符号 / 文字与语言符号 / 拉丁字母,60,reject,[],拉丁字母作为文字符号,拉丁字母主要为抽象符号，缺乏稳定、可用的场景或承载区域来源,screened
节日与符号,节日与符号 / 文字与语言符号 / 数字,69,reject,[],数字作为文字与语言符号的表达,数字主要作为抽象符号存在，缺乏稳定、可编辑的场景或承载区域来源,screened
节日与符号,节日与符号 / 文字与语言符号 / 标点符号,32,reject,[],标点符号,标点符号多为抽象符号或纯文字，缺乏稳定、可用的场景或承载区域来源。,screened
节日与符号,节日与符号 / 文字与语言符号 / 汉字,66,reject,[],汉字作为文字符号,汉字主要表现为抽象文字或品牌标志，缺乏稳定、可编辑的场景或承载区域来源,screened
节日与符号,节日与符号 / 文字与语言符号 / 盲文,28,reject,[],文字与语言符号,盲文主要为抽象符号和文字表示，缺乏稳定、可编辑的场景或承载区域来源。,screened
节日与符号,节日与符号 / 文字与语言符号 / 象形文字,27,reject,[],文字与语言符号,象形文字多为抽象符号或纯文字，缺乏稳定、可用的场景或承载区域来源。,screened
节日与符号,节日与符号 / 文字与语言符号 / 音标,26,reject,[],音标作为文字与语言符号的抽象表示,音标主要为抽象符号，缺乏稳定、可编辑的场景或承载环境来源,screened
节日与符号,节日与符号 / 旗帜徽章 / 军旗,36,reject,[],军旗相关符号,军旗属于抽象符号和品牌标志，缺乏稳定、可用的场景或承载区域来源,screened
节日与符号,节日与符号 / 旗帜徽章 / 国家旗帜,30,reject,[],国家旗帜,国家旗帜多为抽象符号或纯文字标志，缺乏稳定、可编辑的场景或承载区域来源。,screened
节日与符号,节日与符号 / 旗帜徽章 / 国徽,30,reject,[],国徽作为抽象符号和品牌标志出现,国徽属于抽象符号和品牌标志，缺乏稳定、可用的场景或承载区域来源,screened
节日与符号,节日与符号 / 旗帜徽章 / 地区旗帜,32,keep,"[""自然环境"", ""公共空间"", ""文化场景""]",地区旗帜常见于公共空间、文化活动和自然环境中的标识场景,地区旗帜在公共空间和文化场景中具有稳定且广泛的出现来源，能提供明确的承载面和视觉背景,screened
节日与符号,节日与符号 / 旗帜徽章 / 奖章勋章,38,reject,[],旗帜徽章和奖章勋章,该类别主要为抽象符号或品牌标志，缺乏稳定、可用的场景或承载区域来源。,screened
节日与符号,节日与符号 / 旗帜徽章 / 校旗,38,reject,[],旗帜徽章,校旗属于抽象符号，缺乏稳定有用的场景或承载区域来源,screened
节日与符号,节日与符号 / 旗帜徽章 / 组织徽章,29,reject,[],组织徽章,仅提供抽象符号和品牌标志，缺乏稳定有用的场景或承载区域来源,screened
节日与符号,节日与符号 / 旗帜徽章 / 组织旗帜,48,reject,[],组织旗帜,仅提供抽象符号和孤立小物特写，缺乏稳定有用的场景或承载区域来源。,screened
节日与符号,节日与符号 / 标识符号 / 交通标识,49,keep,"[""交通环境"", ""公共空间""]",交通标识在道路、交叉口、路口等场景中的稳定出现,交通标识常见于道路和公共空间，具有稳定的场景来源和可编辑的承载环境,screened
节日与符号,节日与符号 / 标识符号 / 公共信息标识,52,keep,"[""公共空间"", ""交通环境"", ""城市环境""]",公共信息标识在各类公共空间中的应用场景,公共信息标识常见于交通、城市和公共空间中，具有稳定的场景来源和可编辑的承载环境,screened
节日与符号,节日与符号 / 标识符号 / 化学符号,60,reject,[],化学符号,化学符号多为抽象符号或纯文字，缺乏稳定、可用的场景或承载区域来源。,screened
节日与符号,节日与符号 / 标识符号 / 商业标识,57,reject,[],商业标识,主要为抽象符号、纯文字或品牌标志，缺乏稳定有用的场景或承载区域来源,screened
节日与符号,节日与符号 / 标识符号 / 安全标识,51,reject,[],安全标识,安全标识多为抽象符号或纯文字，缺乏稳定、可用的场景或承载区域来源。,screened
节日与符号,节日与符号 / 标识符号 / 宗教符号,52,hold,[],宗教符号,仅凭名称无法确定是否存在稳定有用的场景或承载区域来源,screened
节日与符号,节日与符号 / 标识符号 / 数字符号,58,reject,[],数字符号,仅提供抽象符号和纯文字，缺乏稳定有用的场景或承载区域来源,screened
节日与符号,节日与符号 / 标识符号 / 数学符号,53,reject,[],数学符号,数学符号多为抽象符号、纯文字，缺乏稳定、可编辑的场景或承载区域来源。,screened
节日与符号,节日与符号 / 标识符号 / 网络图标,51,reject,[],网络图标,主要为抽象符号或纯文字，缺乏稳定有用的场景或承载区域来源,screened
节日与符号,节日与符号 / 标识符号 / 表情符号,56,reject,[],仅限表情符号的抽象符号表现,表情符号为纯文字或抽象符号，缺乏稳定、可编辑的场景或承载区域来源,screened
节日与符号,节日与符号 / 民俗象征 / 不祥之物,38,reject,[],节日与符号 / 民俗象征 / 不祥之物,该类别主要涉及抽象符号和负面象征，缺乏稳定、可用的场景或承载环境来源。,screened
节日与符号,节日与符号 / 民俗象征 / 幸运符,45,hold,[],节日与符号 / 民俗象征 / 幸运符,仅凭分类名称无法确定是否存在稳定有用的场景或承载区域来源,screened
节日与符号,节日与符号 / 现代纪念日 / 公益纪念日,51,hold,[],现代纪念日中的公益纪念日,仅凭分类名称无法确定是否存在稳定有用的场景或承载区域来源,screened
节日与符号,节日与符号 / 现代纪念日 / 商业消费节日,55,hold,[],现代纪念日与商业消费节日相关的消费场景,分类名称较抽象，缺乏明确的稳定场景或承载环境来源，无法确定具体可召回的场景分组。,screened
节日与符号,节日与符号 / 现代纪念日 / 国家纪念日,38,hold,[],国家纪念日相关场景,仅凭分类名称无法确定具体场景或稳定来源，缺乏明确的场景或承载环境支持,screened
节日与符号,节日与符号 / 现代纪念日 / 国际主题日,44,hold,[],现代纪念日相关的节日与符号,仅凭分类名称无法确定具体场景或稳定来源，缺乏明确的场景或承载环境支持,screened
节日与符号,节日与符号 / 现代纪念日 / 职业节日,37,keep,"[""工作场所"", ""办公环境""]",职业节日相关的办公场景和职场环境,职业节日通常出现在工作场所，如教师节、医生节等，具有稳定的场景来源和可编辑环境结构。,screened
节日与符号,节日与符号 / 纹样与装饰符号 / 云水纹样,55,hold,[],纹样与装饰符号,仅凭名称无法确定是否存在稳定有用的场景或承载区域来源,screened
节日与符号,节日与符号 / 纹样与装饰符号 / 传统吉祥纹样,66,hold,[],传统吉祥纹样,仅凭分类名称无法确定具体场景或稳定来源，缺乏明确的场景或承载环境支持,screened
节日与符号,节日与符号 / 纹样与装饰符号 / 几何纹样,45,hold,[],几何纹样,仅凭分类名称无法确定是否存在稳定有用的场景或承载区域来源,screened
节日与符号,节日与符号 / 纹样与装饰符号 / 动物纹样,58,hold,[],节日与符号下的动物纹样,仅凭名称无法确定是否存在稳定有用的场景或承载区域来源,screened
节日与符号,节日与符号 / 纹样与装饰符号 / 宗教纹样,53,hold,[],宗教纹样,仅凭分类名称无法确定是否存在稳定有用的场景或承载区域来源,screened
节日与符号,节日与符号 / 纹样与装饰符号 / 植物纹样,63,hold,[],节日与符号下的植物纹样,仅凭名称无法确定是否存在稳定有用的场景或承载区域来源,screened
节日与符号,节日与符号 / 纹样与装饰符号 / 民族纹样,84,hold,[],民族纹样,仅凭分类名称无法确定是否存在稳定有用的场景或承载区域来源,screened
节日与符号,节日与符号 / 西方节日 / 万圣节,34,hold,[],节日与符号 / 西方节日 / 万圣节,仅凭分类名称无法确定是否存在稳定有用的场景或承载区域来源。,screened
节日与符号,节日与符号 / 西方节日 / 元旦,19,hold,[],节日与符号 / 西方节日 / 元旦,仅凭分类名称无法确定是否存在稳定有用的场景或承载区域来源。,screened
节日与符号,节日与符号 / 西方节日 / 圣帕特里克节,17,hold,[],节日与符号 / 西方节日 / 圣帕特里克节,仅凭分类名称无法确定是否存在稳定有用的场景或承载区域来源。,screened
节日与符号,节日与符号 / 西方节日 / 圣诞节,23,keep,"[""家庭室内"", ""节日装饰场景"", ""圣诞主题环境""]",与圣诞节相关的家庭室内布置、节日装饰和节日主题环境,圣诞节常出现在家庭室内和节日装饰场景中，具有稳定且广泛的场景来源,screened
节日与符号,节日与符号 / 西方节日 / 复活节,16,keep,"[""教堂场景"", ""家庭室内"", ""自然环境""]",与复活节相关的宗教仪式、家庭庆祝和自然场景,复活节常出现在教堂、家庭室内及自然环境如草地或花园中，具有稳定且可编辑的场景来源,screened
节日与符号,节日与符号 / 西方节日 / 平安夜,20,hold,[],节日与符号 / 西方节日 / 平安夜,仅凭分类名称无法确定是否存在稳定有用的场景或承载区域来源。,screened
节日与符号,节日与符号 / 西方节日 / 情人节,14,reject,[],情人节相关符号和文字,情人节主要表现为抽象符号、纯文字或品牌标志，缺乏稳定、可编辑的场景或承载区域来源,screened
节日与符号,节日与符号 / 西方节日 / 愚人节,20,reject,[],西方节日中的愚人节相关符号和文字,愚人节主要表现为抽象符号、纯文字或品牌标志，缺乏稳定、可编辑的场景或承载区域来源,screened
节日与符号,节日与符号 / 西方节日 / 感恩节,16,reject,[],西方节日中的感恩节相关符号和文字,感恩节主要表现为抽象符号、纯文字或品牌标志，缺乏稳定、可编辑的场景或承载区域来源,screened
节日与符号,节日与符号 / 西方节日 / 母亲节,19,reject,[],西方节日中的母亲节相关符号和文字,母亲节主要表现为抽象符号、纯文字或品牌标志，缺乏稳定、可编辑的场景或承载区域来源,screened
节日与符号,节日与符号 / 西方节日 / 父亲节,16,reject,[],西方节日中的父亲节相关符号,父亲节主要表现为品牌标志、抽象符号或文字图案，缺乏稳定、可编辑的场景或承载环境来源,screened
节日与符号,节日与符号 / 西方节日 / 狂欢节,15,hold,[],节日与符号 / 西方节日 / 狂欢节,仅凭分类名称无法确定是否存在稳定有用的场景或承载区域来源。,screened
行为动作,行为动作 / 下国际象棋,25,reject,[],行为动作 / 下国际象棋,下国际象棋主要涉及抽象符号和孤立小物特写，缺乏稳定、可用的场景或承载区域来源。,screened
行为动作,行为动作 / 下西洋跳棋,25,reject,[],行为动作 / 下西洋跳棋,该分类仅涉及抽象符号和游戏动作，缺乏稳定、可用的场景或承载区域来源。,screened
行为动作,行为动作 / 下降 / 跳伞运动,48,reject,[],跳伞运动相关场景,跳伞运动主要表现为抽象符号或孤立动作特写，缺乏稳定、通用的场景或承载区域来源。,screened
行为动作,行为动作 / 不挂断电话,27,reject,[],不挂断电话,该分类仅涉及抽象行为符号，缺乏稳定、可编辑的场景或承载环境来源。,screened
行为动作,行为动作 / 专心,27,hold,[],行为动作 / 专心,仅凭分类名称无法确定具体场景或是否存在稳定有用的来源,screened
行为动作,行为动作 / 丢失,23,hold,[],行为动作 / 丢失,仅凭分类名称无法确定具体场景或是否存在稳定有用的来源,screened
行为动作,行为动作 / 中断,26,hold,[],行为动作 / 中断,仅凭分类名称无法确定具体场景或是否存在稳定有用的来源,screened
行为动作,行为动作 / 举办婚礼,23,hold,[],举办婚礼的行为场景,仅凭分类名称无法确定具体场景范围或是否存在稳定有用的来源,screened
行为动作,行为动作 / 乘平底雪橇滑下,28,keep,"[""雪地环境"", ""冬季户外场景"", ""滑行场景""]",涉及雪地表面的乘雪橇滑行行为，常见于冬季自然或人工雪地场景,该行为在雪地环境中具有稳定且可重复的场景来源，能提供清晰的承载面和可编辑环境结构,screened
行为动作,行为动作 / 乘车上下班,22,keep,"[""交通环境"", ""通勤场景""]",与上下班相关的乘车行为场景，如地铁、公交、自驾等日常通勤环境,乘车上下班是常见行为，通常发生在交通环境中，具有稳定且广泛的场景来源,screened
行为动作,行为动作 / 书写 / 签名,24,reject,[],书写和签名行为,签名属于抽象符号和文字表达，缺乏稳定、可编辑的场景或承载区域来源,screened
行为动作,行为动作 / 买,34,reject,[],行为动作 / 买,该分类主要涉及抽象符号或纯文字，缺乏稳定、可编辑的场景或承载区域来源。,screened
行为动作,行为动作 / 乱穿马路,27,reject,[],行为动作 / 乱穿马路,该分类仅涉及抽象行为符号，缺乏稳定、可编辑的场景或承载区域来源。,screened
行为动作,行为动作 / 争取,20,hold,[],行为动作 / 争取,仅凭分类名称无法确定具体场景或是否存在稳定有用的来源,screened
行为动作,行为动作 / 争夺,28,hold,[],行为动作 / 争夺,仅凭分类名称无法确定具体场景或是否存在稳定有用的来源,screened
行为动作,行为动作 / 事故现场,28,hold,[],行为动作 / 事故现场,仅凭分类名称无法确定具体场景或是否存在稳定有用的来源,screened
行为动作,行为动作 / 互动 / 人际互动,38,hold,[],行为动作 / 互动 / 人际互动,仅凭分类名称无法确定具体场景或是否存在稳定有用的来源,screened
行为动作,行为动作 / 互动 / 牵手,25,hold,[],行为动作 / 互动 / 牵手,仅凭分类名称无法确定具体场景或稳定来源，缺乏明确的场景或承载环境支持。,screened
行为动作,行为动作 / 交易 / 付款,25,reject,[],交易付款相关的行为动作,该类别主要涉及抽象符号或文字，缺乏稳定、可编辑的场景或承载区域来源,screened
行为动作,行为动作 / 交易 / 贸易,28,hold,[],行为动作 / 交易 / 贸易,仅凭分类名称无法确定具体场景或是否存在稳定有用的来源,screened
行为动作,行为动作 / 交易 / 销售,80,hold,[],行为动作 / 交易 / 销售,仅凭分类名称无法确定具体场景或稳定来源，缺乏明确的场景或承载环境支持。,screened
行为动作,行为动作 / 交通出行动作,1,keep,"[""交通环境"", ""道路场景""]",与交通相关的出行动作，如出发、驾驶、步行等,交通出行动作通常发生在稳定且可编辑的交通环境中，如道路、车站、路口等，具有明确的场景来源。,screened
行为动作,行为动作 / 交通出行动作 / 上下车,34,keep,"[""交通环境"", ""公共交通场景""]",涉及乘客在交通工具上的上下车行为场景,上下车行为常见于交通环境和公共交通场景，具有稳定且广泛的来源,screened
行为动作,行为动作 / 交通出行动作 / 乘坐地铁,27,keep,"[""交通环境"", ""公共交通""]",乘坐地铁的相关场景和环境,地铁出行是常见且稳定的交通行为，具有明确的场景和承载环境，适用于多种真实场景。,screened
行为动作,行为动作 / 交通出行动作 / 乘坐火车,28,keep,"[""交通环境"", ""公共交通""]",乘坐火车的相关场景，如车站、车厢、候车区等,乘坐火车涉及稳定的交通环境和公共出行场景，具有明确的场景来源和可编辑性,screened
行为动作,行为动作 / 交通出行动作 / 乘机,25,keep,"[""交通环境"", ""出行场景""]",与乘机相关的交通出行动作场景，如机场、候机区、登机过程等,乘机行为通常发生在明确的交通环境中，如机场和候机区域，具有稳定且可编辑的场景来源。,screened
行为动作,行为动作 / 交通出行动作 / 乘船,27,keep,"[""交通环境"", ""水上场景""]",乘船相关的交通出行动作场景,乘船行为通常发生在稳定的水上交通环境中，具有明确的场景和承载面，可提供有效的可编辑环境结构。,screened
行为动作,行为动作 / 交通出行动作 / 乘车,28,keep,"[""交通环境"", ""公共交通场景""]",与乘车相关的交通出行动作场景，如公交、地铁、出租车等出行情境,乘车是常见且稳定的交通行为，广泛存在于城市交通环境中，具有明确的场景来源和可编辑性,screened
行为动作,行为动作 / 交通出行动作 / 打车出行,23,keep,"[""交通环境"", ""出行场景""]",与打车出行相关的交通场景和出行行为环境,打车出行常见于城市交通环境和出行场景，具有稳定且广泛的场景来源,screened
行为动作,行为动作 / 交通出行动作 / 搬运行李,25,hold,[],交通出行动作中的行李搬运行为,仅凭分类名称无法确定是否存在稳定有用的场景或承载区域来源,screened
行为动作,行为动作 / 交通出行动作 / 步行,313,keep,"[""交通环境"", ""城市街道"", ""行人场景""]",涉及行人步行的交通场景，如街道、人行道、交叉路口等,步行是常见且稳定的交通行为，广泛存在于城市和公共交通环境中，具有明确的场景来源和承载面。,screened
行为动作,行为动作 / 交通出行动作 / 驾驶,124,keep,"[""交通环境"", ""道路场景"", ""驾驶场景""]",驾驶相关的交通场景和道路环境,驾驶行为通常发生在稳定的交通环境中，具有明确的场景和承载面，可提供丰富的可编辑空间。,screened
行为动作,行为动作 / 交通出行动作 / 骑行,23,keep,"[""交通环境"", ""道路场景""]",骑行相关的交通场景和道路环境,骑行行为通常发生在道路或交通环境中，具有稳定且常见的场景来源,screened
行为动作,行为动作 / 享受,28,hold,[],行为动作 / 享受,仅凭分类名称无法确定具体场景或是否存在稳定有用的来源,screened
行为动作,行为动作 / 人体后空翻,22,reject,[],行为动作 / 人体后空翻,该类别主要为抽象动作符号，缺乏稳定可用的场景或承载区域来源。,screened
行为动作,行为动作 / 人际交流,19,keep,"[""室内交流场景"", ""公共空间互动"", ""工作场所沟通""]",人际交流类行为在各种日常和工作场景中的表现,人际交流常见于室内、公共空间和工作场所，具有稳定且广泛的场景来源,screened
行为动作,行为动作 / 付,32,hold,[],行为动作 / 付,仅凭分类名称无法确定具体场景或是否存在稳定有用的来源,screened
行为动作,行为动作 / 仪式 / 演示,27,hold,[],行为动作 / 仪式 / 演示,仅凭分类名称无法确定是否存在稳定有用的场景或承载区域来源,screened
行为动作,行为动作 / 休闲娱乐 / 乐趣,39,keep,"[""休闲娱乐场景"", ""户外活动环境"", ""家庭娱乐空间""]",包含各种休闲娱乐相关的场景和环境，如公园、家庭客厅、户外活动区等,休闲娱乐类行为通常发生在具有稳定场景和承载面的环境中，如公园、家庭空间等，具备丰富的可编辑环境结构,screened
行为动作,行为动作 / 休闲娱乐 / 体育,941,keep,"[""运动场地"", ""户外活动"", ""休闲场所""]",体育类行为在开放或半开放环境中发生的场景,体育活动通常发生在有明确空间和承载面的环境中，如公园、操场、运动场等，具有稳定且可编辑的场景来源,screened
行为动作,行为动作 / 休闲娱乐 / 娱乐,552,keep,"[""休闲场所"", ""公共空间"", ""家庭环境""]",包含各类休闲娱乐活动发生的场景，如公园、家庭客厅、娱乐设施周边等,娱乐行为通常发生在具有稳定场景和承载环境的场所，如公园、家庭空间等，具备明确的场景来源,screened
行为动作,行为动作 / 休闲娱乐 / 庆典,32,keep,"[""庆典场景"", ""公共活动空间"", ""节日环境""]",与庆典相关的公共活动和节日场景,庆典活动通常发生在稳定且具有明确场景的公共空间，如广场、公园或社区场所，具备丰富的可编辑环境结构。,screened
行为动作,行为动作 / 休闲娱乐 / 洗澡中的狗,27,reject,[],洗澡中的狗,该分类仅包含抽象符号或孤立小物特写，缺乏稳定有用的场景或承载区域来源。,screened
行为动作,行为动作 / 休闲娱乐 / 消防员,25,reject,[],消防员相关的行为动作,消防员行为多为专业救援或应急响应，缺乏稳定、普遍的休闲娱乐场景来源，属于抽象符号或职业特写，无明确的可编辑环境结构或承载面。,screened
行为动作,行为动作 / 休闲娱乐 / 游乐设施,34,keep,"[""游乐场所"", ""公共休闲空间"", ""户外娱乐环境""]",包含各类游乐设施在公共或户外环境中的使用场景,游乐设施通常存在于稳定的公共或户外场景中，提供明确的承载和互动环境,screened
行为动作,行为动作 / 休闲娱乐 / 玩弄,30,hold,[],行为动作 / 休闲娱乐 / 玩弄,仅凭分类名称无法确定具体场景或稳定来源，缺乏明确的场景或承载环境支持。,screened
行为动作,行为动作 / 休闲娱乐 / 玩老虎机,32,reject,[],玩老虎机的行为,该类别主要涉及抽象符号和孤立小物特写，缺乏稳定、可用的场景或承载区域来源。,screened
行为动作,行为动作 / 休闲娱乐动作 / 划船,31,keep,"[""水上环境"", ""休闲娱乐场景""]",划船行为主要发生在水面或水域环境中，适用于湖泊、河流、海洋等自然或人工水域场景,划船行为通常发生在有稳定水面的环境中，提供明确的场景和承载面，具有稳定的来源和可编辑性,screened
行为动作,行为动作 / 休闲娱乐动作 / 听音乐,31,hold,[],休闲娱乐动作中的听音乐行为,仅凭分类名称无法确定是否存在稳定有用的场景或承载区域来源,screened
行为动作,行为动作 / 休闲娱乐动作 / 唱歌,30,reject,[],唱歌,唱歌通常为抽象符号或纯文字表现，缺乏稳定、可编辑的场景或承载区域来源。,screened
行为动作,行为动作 / 休闲娱乐动作 / 器乐演奏,30,hold,[],器乐演奏相关的场景,仅凭分类名称无法确定是否存在稳定有用的场景或承载区域来源,screened
行为动作,行为动作 / 休闲娱乐动作 / 园艺,33,keep,"[""庭院公园"", ""自然环境""]",园艺相关的行为动作在庭院、公园或自然环境中发生,园艺活动通常发生在庭院、公园或自然环境中，具有稳定的场景和承载面，能提供有效的可编辑环境结构,screened
行为动作,行为动作 / 休闲娱乐动作 / 垂钓,30,keep,"[""自然环境"", ""户外场景""]",垂钓行为通常发生在自然水域或户外环境中，如湖边、河边、溪流等,垂钓行为具有稳定的自然场景来源，常见于户外水域环境，提供明确的承载面和可编辑空间,screened
行为动作,行为动作 / 休闲娱乐动作 / 戏曲表演,32,hold,[],戏曲表演相关的场景,仅凭分类名称无法确定是否存在稳定有用的场景或承载区域来源,screened
行为动作,行为动作 / 休闲娱乐动作 / 手工制作,32,keep,"[""手工制作场景"", ""家庭工作室"", ""业余创作空间""]",涉及手工制作的各类休闲娱乐行为场景，如DIY、手工艺制作等,手工制作通常发生在家庭、工作室或特定创作空间，具有稳定且可编辑的场景来源,screened
行为动作,行为动作 / 休闲娱乐动作 / 摄影,83,hold,[],休闲娱乐动作中的摄影行为,仅凭'摄影'无法确定稳定场景或承载环境来源，缺乏明确的场景或空间支撑,screened
行为动作,行为动作 / 休闲娱乐动作 / 攀岩,33,hold,[],攀岩行为相关的场景,仅凭分类名称无法确定是否存在稳定有用的场景或承载区域来源,screened
行为动作,行为动作 / 休闲娱乐动作 / 放风筝,32,keep,"[""户外场地"", ""庭院公园"", ""开阔空地""]",放风筝这一行为通常发生在户外开阔空间，如庭院、公园或空旷田野，具有稳定的场景来源,放风筝需要开阔的场地和风力支持，常见于户外环境，具备稳定且可编辑的场景来源,screened
行为动作,行为动作 / 休闲娱乐动作 / 旅行观光,33,keep,"[""旅游景点"", ""户外环境"", ""公共空间""]",与旅行观光相关的场景和环境,旅行观光行为通常发生在旅游景点、户外自然环境或公共空间等稳定且具有代表性的场景中，具备明确的场景来源。,screened
行为动作,行为动作 / 休闲娱乐动作 / 格斗,37,reject,[],格斗相关的行为动作,格斗多为抽象符号或孤立动作特写，缺乏稳定、通用的场景或承载环境来源,screened
行为动作,行为动作 / 休闲娱乐动作 / 棋牌活动,58,keep,"[""室内休闲场景"", ""家庭娱乐空间""]",棋牌活动常出现在家庭、茶室、公园等室内或半开放休闲环境中，提供稳定可编辑的承载与互动场景,棋牌活动通常发生在有明确空间和承载面的室内或休闲环境中，如家庭客厅、茶室、公园长椅等，具备稳定且可编辑的场景来源,screened
行为动作,行为动作 / 休闲娱乐动作 / 武术,59,hold,[],武术相关的行为动作,仅凭分类名称无法确定是否存在稳定有用的场景或承载区域来源,screened
行为动作,行为动作 / 休闲娱乐动作 / 泡温泉,33,keep,"[""温泉场所"", ""休闲环境"", ""室内休闲""]",泡温泉这一行为通常发生在有温泉设施的室内或室外场所，如温泉酒店、度假村、休闲中心等,泡温泉场景具有稳定且常见的环境来源，通常包含明确的承载面和可编辑环境结构，如温泉池、浴室、休息区等，符合稳定场景要求,screened
行为动作,行为动作 / 休闲娱乐动作 / 游戏,1527,hold,[],休闲娱乐动作中的游戏行为,仅凭'游戏'无法确定具体场景或稳定来源，缺乏明确的场景或承载环境支持,screened
行为动作,行为动作 / 休闲娱乐动作 / 游泳,30,keep,"[""水域环境"", ""游泳池场景"", ""户外自然水域""]",涉及游泳行为的水域场景，包括泳池、湖泊、河流等环境,游泳行为通常发生在有稳定水域承载的场景中，如泳池、湖泊或河流，具有明确且稳定的场景来源,screened
行为动作,行为动作 / 休闲娱乐动作 / 滑冰,29,hold,[],滑冰行为相关的场景,仅凭分类名称无法确定是否存在稳定有用的场景或承载区域来源,screened
行为动作,行为动作 / 休闲娱乐动作 / 滑雪,31,keep,"[""滑雪场"", ""山区环境"", ""冬季户外""]",滑雪相关的户外场景和自然环境,滑雪通常发生在有稳定雪地和坡道的自然或人工滑雪场环境中，具有明确且稳定的场景来源。,screened
行为动作,行为动作 / 休闲娱乐动作 / 潜水,32,reject,[],潜水行为,潜水属于抽象符号或特定场景下的孤立动作，缺乏稳定、普遍的场景或承载面来源。,screened
行为动作,行为动作 / 休闲娱乐动作 / 瑜伽,31,hold,[],瑜伽动作,仅凭分类名称无法确定是否存在稳定有用的场景或承载区域来源,screened
行为动作,行为动作 / 休闲娱乐动作 / 田径运动,49,keep,"[""运动场地"", ""户外环境"", ""体育活动场景""]",田径运动相关的户外或开放场地场景,田径运动通常发生在开放的运动场地或户外环境中，具有稳定且可编辑的场景来源。,screened
行为动作,行为动作 / 休闲娱乐动作 / 电子竞技,46,hold,[],电子竞技相关的行为场景,仅凭分类名称无法确定是否存在稳定有用的场景或承载区域来源,screened
行为动作,行为动作 / 休闲娱乐动作 / 登山,30,keep,"[""自然环境"", ""户外地形""]",登山行为发生的自然山地环境,登山通常发生在具有稳定地形和自然承载面的户外环境中，如山地、森林等，具备明确且稳定的场景来源。,screened
行为动作,行为动作 / 休闲娱乐动作 / 绘画创作,33,keep,"[""室内创作场景"", ""家庭空间""]",绘画创作行为在家庭、工作室等室内环境中的表现,绘画创作通常发生在有稳定承载面和可编辑环境的室内场景中，如家庭房间、画室等，具备明确且稳定的场景来源。,screened
行为动作,行为动作 / 休闲娱乐动作 / 观影,32,keep,"[""电影院"", ""家庭客厅"", ""公共场所观影区""]",与观影相关的室内或公共空间场景,观影行为通常发生在有稳定场景支撑的场所，如电影院、家庭影院或公共场所，具备明确的承载和环境结构。,screened
行为动作,行为动作 / 休闲娱乐动作 / 观看演出,30,keep,"[""演出场景"", ""公共娱乐空间"", ""文化活动场所""]",包含各类观看演出的场景，如剧院、音乐厅、体育场馆等公共表演空间,观看演出通常发生在有稳定场景和承载面的公共娱乐空间中，具备明确的环境结构和可编辑性,screened
行为动作,行为动作 / 休闲娱乐动作 / 观鸟,32,hold,[],休闲娱乐动作 / 观鸟,仅凭分类名称无法确定是否存在稳定有用的场景或承载区域来源,screened
行为动作,行为动作 / 休闲娱乐动作 / 跳舞,38,hold,[],休闲娱乐动作中的跳舞行为,仅凭'跳舞'无法确定稳定存在的场景或承载环境来源，缺乏明确的场景或空间支撑,screened
行为动作,行为动作 / 休闲娱乐动作 / 野餐,31,keep,"[""户外场景"", ""自然环境"", ""休闲娱乐""]",野餐相关的户外活动场景，包括草地、公园、树林等自然环境中的休闲行为,野餐通常发生在户外自然环境中，具有稳定的场景和承载面，能提供丰富的可编辑环境结构,screened
行为动作,行为动作 / 休闲娱乐动作 / 钓鱼,46,keep,"[""自然环境"", ""水边场景"", ""户外休闲""]",钓鱼行为通常发生在自然水域或户外环境，如湖边、河边、溪流等，具有稳定的场景来源,钓鱼行为常见于自然水域边，具有稳定且可编辑的场景来源，如湖边、河边等，符合室内或工作场所等稳定环境特征,screened
行为动作,行为动作 / 休闲娱乐动作 / 阅读,159,hold,[],阅读行为,仅凭'阅读'无法确定稳定场景或承载环境来源，缺乏明确的场景或空间支撑,screened
行为动作,行为动作 / 休闲娱乐动作 / 露营,31,keep,"[""户外环境"", ""自然环境"", ""露营场景""]",露营相关的户外休闲活动场景,露营场景具有稳定且丰富的自然环境承载面，适合提供可编辑的放置和互动区域。,screened
行为动作,行为动作 / 休闲娱乐动作 / 骑马,31,hold,[],骑马这一行为相关的场景,仅凭'骑马'这一动作名称无法确定其是否包含稳定、可用的场景或承载环境来源,screened
行为动作,行为动作 / 传播,28,hold,[],行为动作 / 传播,仅凭分类名称无法确定具体场景或是否存在稳定有用的来源,screened
行为动作,行为动作 / 传足球,29,hold,[],行为动作 / 传足球,仅凭分类名称无法确定是否存在稳定有用的场景或承载区域来源,screened
行为动作,行为动作 / 传递,28,hold,[],行为动作 / 传递,仅凭分类名称无法确定具体场景或是否存在稳定有用的来源,screened
行为动作,行为动作 / 伸出 / 凸出,31,hold,[],行为动作 / 伸出 / 凸出,仅凭分类名称无法确定是否存在稳定有用的场景或承载区域来源,screened
行为动作,行为动作 / 位置变化 / 上升,98,hold,[],行为动作 / 位置变化 / 上升,仅凭分类名称无法确定具体场景或是否存在稳定有用的来源,screened
行为动作,行为动作 / 位置变化 / 山崩,30,reject,[],山崩相关场景,山崩属于自然灾害中的抽象现象，缺乏稳定、可编辑的场景或承载区域来源，仅表现为地理变化，不提供实用的环境结构或放置区域。,screened
行为动作,行为动作 / 位置变化 / 泄漏,29,hold,[],行为动作 / 位置变化 / 泄漏,仅凭分类名称无法确定是否存在稳定有用的场景或承载区域来源。,screened
行为动作,行为动作 / 位置变化 / 涂抹物,28,hold,[],行为动作 / 位置变化 / 涂抹物,仅凭分类名称无法确定具体场景或是否存在稳定有用的来源,screened
行为动作,行为动作 / 位置变化 / 滴水声,29,reject,[],行为动作 / 位置变化 / 滴水声,该分类主要涉及抽象声音和动作变化，缺乏稳定、可编辑的场景或承载区域来源。,screened
行为动作,行为动作 / 位置变化 / 移动中的儿童,23,hold,[],行为动作 / 位置变化 / 移动中的儿童,仅凭分类名称无法确定具体场景或是否存在稳定有用的来源,screened
行为动作,行为动作 / 位置变化 / 移动中的婴儿,23,hold,[],行为动作 / 位置变化 / 移动中的婴儿,仅凭分类名称无法确定是否存在稳定有用的场景或承载区域来源。,screened
行为动作,行为动作 / 体育运动动作 / 举重,23,reject,[],举重动作,举重主要为抽象符号或孤立动作特写，缺乏稳定、可编辑的场景或承载区域来源。,screened
行为动作,行为动作 / 体育运动动作 / 体操运动,40,keep,"[""体育场馆"", ""训练环境"", ""学校场地""]",体操运动相关的训练和表演场景,体操运动通常发生在有稳定支撑和明确空间结构的体育场馆或训练场地，具备稳定的场景来源。,screened
行为动作,行为动作 / 体育运动动作 / 健身训练,23,keep,"[""健身场所"", ""室内运动环境"", ""训练空间""]",健身训练相关的场景和环境，如健身房、家庭训练区、户外运动场地等,健身训练动作通常发生在有稳定支撑和明确空间结构的环境中，如健身房或家庭训练区域，具备稳定的场景来源。,screened
行为动作,行为动作 / 体育运动动作 / 冰雪运动,99,keep,"[""冰雪运动场地"", ""冬季户外环境"", ""滑雪/滑冰场景""]",涉及冰雪运动的户外场景和相关环境,冰雪运动通常发生在特定的冬季户外环境，如滑雪场、冰场等，具有稳定且可编辑的场景来源。,screened
行为动作,行为动作 / 体育运动动作 / 射箭,25,reject,[],射箭动作,射箭动作主要为抽象符号或孤立小物特写，缺乏稳定、可编辑的场景或承载区域来源。,screened
行为动作,行为动作 / 体育运动动作 / 户外运动,119,keep,"[""户外环境"", ""自然地形"", ""运动场地""]",涉及户外运动的场景，如公园、山地、草地、运动场等,户外运动通常发生在具有稳定场景和承载面的自然或人工环境中，如公园、草地、山路等，具备丰富的可编辑环境结构。,screened
行为动作,行为动作 / 体育运动动作 / 柔道,23,hold,[],柔道相关的行为动作,仅凭分类名称无法确定是否存在稳定有用的场景或承载区域来源,screened
行为动作,行为动作 / 体育运动动作 / 武术格斗,37,keep,"[""武术训练场景"", ""格斗对抗环境"", ""体育竞技空间""]",涉及武术和格斗类动作的训练、对战或表演场景,武术格斗动作通常发生在有明确空间和承载面的场景中，如训练馆、空地或擂台，具有稳定且可编辑的环境结构。,screened
行为动作,行为动作 / 体育运动动作 / 水上运动,403,keep,"[""水上环境"", ""水域活动"", ""运动场景""]",涉及水上运动的行为动作，如游泳、划船、冲浪等,水上运动通常发生在稳定水域场景中，具有明确的承载面和可编辑环境结构，能提供丰富的视觉来源。,screened
行为动作,行为动作 / 体育运动动作 / 球类运动,233,keep,"[""体育场馆"", ""户外运动场"", ""比赛现场""]",球类运动相关的体育场景，如球场、体育馆、公园等,球类运动通常发生在有明确场景和承载面的体育环境中，如球场或体育馆，具有稳定且可编辑的场景来源。,screened
行为动作,行为动作 / 体育运动动作 / 跑跳,23,keep,"[""运动场景"", ""户外环境"", ""体育场地""]",各类体育运动中涉及的跑跳行为场景,跑跳动作常见于运动场景和户外环境中，具有稳定且广泛的场景来源,screened
行为动作,行为动作 / 体育运动动作 / 蹦床运动,26,keep,"[""体育运动场景"", ""蹦床运动环境""]",蹦床运动相关的体育活动场景，包括蹦床运动的训练、表演和比赛环境,蹦床运动具有稳定的场景来源，通常发生在室内或室外的专用运动场地，具备明确的承载面和可编辑环境结构。,screened
行为动作,行为动作 / 体育运动动作 / 骑行运动,23,keep,"[""交通环境"", ""户外场景""]",骑行运动相关的场景，如道路、自行车道、公园路径等,骑行运动通常发生在有明确道路或开放路径的场景中，具有稳定且可重复的环境来源,screened
行为动作,行为动作 / 作证,28,reject,[],行为动作 / 作证,作证属于抽象符号或法律场景，缺乏稳定、可编辑的场景或承载区域来源。,screened
行为动作,行为动作 / 佩戴隐形眼镜,25,reject,[],佩戴隐形眼镜的行为,该行为主要涉及抽象符号或个人动作特写，缺乏稳定、可编辑的场景或承载环境来源。,screened
行为动作,行为动作 / 使公诸于世,28,reject,[],行为动作 / 使公诸于世,该分类主要涉及抽象行为和符号表达，缺乏稳定、具体的场景或承载环境来源。,screened
行为动作,行为动作 / 使反射,21,hold,[],行为动作 / 使反射,仅凭分类名称无法确定具体场景或是否存在稳定有用的来源,screened
行为动作,行为动作 / 使吃惊,28,hold,[],行为动作 / 使吃惊,仅凭分类名称无法确定具体场景或是否存在稳定有用的来源,screened
行为动作,行为动作 / 使定居,28,hold,[],行为动作 / 使定居,仅凭分类名称无法确定具体场景或是否存在稳定有用的来源,screened
行为动作,行为动作 / 使就任,28,hold,[],行为动作 / 使就任,仅凭分类名称无法确定具体场景或是否存在稳定有用的来源,screened
行为动作,行为动作 / 使弯 / 向后弯腰,28,reject,[],行为动作 / 使弯 / 向后弯腰,该分类主要描述抽象动作，缺乏稳定、可编辑的场景或承载环境来源。,screened
行为动作,行为动作 / 使弯 / 弯曲金属,25,reject,[],弯曲金属的行为,该分类主要涉及抽象动作和金属材料的变形，缺乏稳定、可编辑的场景或承载环境来源，属于纯符号性或技术性操作，无实际场景支撑。,screened
行为动作,行为动作 / 使毁灭,28,reject,[],行为动作 / 使毁灭,该类别多为抽象符号或纯文字描述，缺乏稳定、具体的场景或承载环境来源。,screened
行为动作,行为动作 / 使流,26,hold,[],行为动作 / 使流,仅凭分类名称无法确定具体场景或是否存在稳定有用的来源,screened
行为动作,行为动作 / 使用 / 使用扩音器,28,reject,[],使用扩音器的行为场景,使用扩音器通常为抽象符号或孤立小物特写，缺乏稳定、可编辑的场景或承载区域来源,screened
行为动作,行为动作 / 使用 / 使用木偶,24,hold,[],使用木偶的行为场景,无法确定使用木偶的具体场景或稳定来源，缺乏明确的场景或承载环境支持,screened
行为动作,行为动作 / 使用 / 回收,25,hold,[],行为动作 / 使用 / 回收,仅凭分类名称无法确定具体场景或是否存在稳定有用的来源,screened
行为动作,行为动作 / 使用 / 实际应用,28,hold,[],行为动作的实际应用场景,仅凭分类名称无法确定具体的应用场景或是否存在稳定有用的来源,screened
行为动作,行为动作 / 使用Wii手柄,20,reject,[],使用Wii手柄的行为,该分类主要涉及抽象符号或孤立动作特写，缺乏稳定、可编辑的场景或承载环境来源。,screened
行为动作,行为动作 / 使用吸入器,23,reject,[],行为动作 / 使用吸入器,该分类主要涉及抽象符号或孤立动作特写，缺乏稳定、可编辑的场景或承载区域来源。,screened
行为动作,行为动作 / 使用圆锯,24,reject,[],使用圆锯的行为场景,该分类主要涉及抽象动作和工具使用，缺乏稳定、可编辑的场景或承载面来源，属于纯符号性行为，无明确的环境支撑。,screened
行为动作,行为动作 / 使用大锤,25,reject,[],行为动作 / 使用大锤,该分类主要涉及抽象动作和工具使用，缺乏稳定、可编辑的场景或承载环境来源，属于纯符号性或孤立动作，无明确的场景支撑。,screened
行为动作,行为动作 / 使用扳手,21,reject,[],行为动作 / 使用扳手,该分类主要涉及抽象符号或孤立小物特写，缺乏稳定、可用的场景或承载区域来源。,screened
行为动作,行为动作 / 使用显微镜,23,reject,[],使用显微镜的行为,该分类主要涉及抽象行为和显微镜的使用，缺乏稳定、可编辑的场景或承载环境来源，属于纯操作性动作，无明确的物理场景支撑。,screened
行为动作,行为动作 / 使用油漆滚筒,23,reject,[],行为动作 / 使用油漆滚筒,该分类仅涉及抽象行为动作，缺乏稳定、可编辑的场景或承载环境来源。,screened
行为动作,行为动作 / 使用游戏控制器,20,hold,[],行为动作 / 使用游戏控制器,仅凭分类名称无法确定是否存在稳定有用的场景或承载区域来源,screened
行为动作,行为动作 / 使用电钻,20,reject,[],使用电钻的行为场景,该分类主要涉及抽象动作和工具使用，缺乏稳定、可编辑的场景或承载面来源，属于纯行为符号，无明确的环境支撑。,screened
行为动作,行为动作 / 使用自动取款机,21,reject,[],使用自动取款机的行为场景,该类别主要涉及抽象符号和孤立行为，缺乏稳定、可编辑的场景或承载区域来源。,screened
行为动作,行为动作 / 使用装袋机,23,hold,[],行为动作 / 使用装袋机,仅凭分类名称无法确定是否存在稳定有用的场景或承载区域来源,screened
行为动作,行为动作 / 供应 / 分享,23,hold,[],行为动作 / 供应 / 分享,仅凭分类名称无法确定具体场景或是否存在稳定有用的来源,screened
行为动作,行为动作 / 供应 / 喂鱼,18,hold,[],行为动作 / 供应 / 喂鱼,仅凭分类名称无法确定是否存在稳定有用的场景或承载区域来源,screened
行为动作,行为动作 / 供应 / 喂鸟,22,hold,[],行为动作 / 供应 / 喂鸟,仅凭分类名称无法确定是否存在稳定有用的场景或承载区域来源,screened
行为动作,行为动作 / 依附,23,hold,[],行为动作 / 依附,仅凭分类名称无法确定具体场景或是否存在稳定有用的来源,screened
行为动作,行为动作 / 侧手翻,17,reject,[],行为动作 / 侧手翻,侧手翻属于抽象动作，缺乏稳定、可编辑的场景或承载区域来源，通常仅出现在特定运动或表演场景中，无法提供通用的环境支撑。,screened
行为动作,行为动作 / 促进发展,20,hold,[],行为动作 / 促进发展,仅凭分类名称无法确定具体场景或是否存在稳定有用的来源,screened
行为动作,行为动作 / 保护 / 自卫,61,hold,[],行为动作 / 保护 / 自卫,仅凭分类名称无法确定具体场景或是否存在稳定有用的来源,screened
行为动作,行为动作 / 修剪 / 修剪树木,23,keep,"[""园林环境"", ""庭院公园"", ""自然环境""]",修剪树木的行为通常发生在园林、庭院或自然植被区域，具有稳定的场景来源,修剪树木的行为常见于园林、庭院或自然环境中，具备稳定且可编辑的场景来源,screened
行为动作,行为动作 / 修剪 / 修剪灌木,23,hold,[],修剪灌木的行为场景,仅凭分类名称无法确定是否存在稳定有用的场景或承载区域来源,screened
行为动作,行为动作 / 修剪或剃胡须,24,reject,[],行为动作 / 修剪或剃胡须,该类别主要涉及抽象符号或个人行为特写，缺乏稳定、可编辑的场景或承载环境来源。,screened
行为动作,行为动作 / 修指甲,15,hold,[],行为动作 / 修指甲,仅凭分类名称无法确定是否存在稳定有用的场景或承载区域来源,screened
行为动作,行为动作 / 倒啤酒,23,hold,[],行为动作 / 倒啤酒,仅凭分类名称无法确定是否存在稳定有用的场景或承载区域来源,screened
行为动作,行为动作 / 倒牛奶,23,hold,[],行为动作 / 倒牛奶,仅凭分类名称无法确定是否存在稳定有用的场景或承载区域来源,screened
行为动作,行为动作 / 倒葡萄酒,19,hold,[],行为动作 / 倒葡萄酒,仅凭分类名称无法确定是否存在稳定有用的场景或承载区域来源,screened
行为动作,行为动作 / 倾泻 / 喷,24,keep,"[""自然环境"", ""建筑设施"", ""水体环境""]",倾泻和喷发类行为在自然或人工环境中发生的场景,倾泻和喷行为在自然环境如瀑布、喷泉或人工设施如喷泉、喷淋系统中具有稳定且可编辑的场景来源,screened
行为动作,行为动作 / 假装雕像,23,reject,[],行为动作 / 假装雕像,该类别主要为抽象符号或纯文字表现，缺乏稳定、可用的场景或承载区域来源。,screened
行为动作,行为动作 / 做,23,hold,[],行为动作 / 做,仅凭分类名称无法确定具体场景或是否存在稳定有用的来源,screened
行为动作,行为动作 / 做数独,21,reject,[],行为动作 / 做数独,该分类主要涉及抽象符号和纯文字操作，缺乏稳定、可编辑的场景或承载区域来源。,screened
行为动作,行为动作 / 做美甲,21,hold,[],行为动作 / 做美甲,仅凭分类名称无法确定是否存在稳定有用的场景或承载区域来源,screened
行为动作,行为动作 / 停工,21,hold,[],行为动作 / 停工,仅凭分类名称无法确定具体场景或是否存在稳定有用的来源,screened
行为动作,行为动作 / 停靠,20,hold,[],行为动作 / 停靠,仅凭分类名称无法确定具体场景或是否存在稳定有用的来源,screened
行为动作,行为动作 / 光照 / 光束,20,hold,[],行为动作下的光照与光束相关场景,仅凭分类名称无法确定是否存在稳定有用的场景或承载区域来源,screened
行为动作,行为动作 / 光照 / 太阳光,22,keep,"[""自然环境"", ""白天场景""]",太阳光照射下的自然场景和日常活动环境,太阳光是常见自然光照来源，广泛存在于白天的户外和室内场景中，提供稳定且可编辑的光照环境,screened
行为动作,行为动作 / 光照 / 月光,22,hold,[],行为动作下的光照场景,仅凭'月光'无法确定稳定存在的场景或承载环境来源，缺乏具体可召回的场景实例,screened
行为动作,行为动作 / 光照 / 霓虹灯光,21,keep,"[""夜间环境"", ""城市夜景"", ""霓虹灯光场景""]",包含夜间城市中霓虹灯光照射的场景，如街道、商业区、建筑立面等,霓虹灯光常见于城市夜间环境，提供稳定且可编辑的光照场景来源,screened
行为动作,行为动作 / 入学,22,hold,[],行为动作 / 入学,仅凭分类名称无法确定具体场景或是否存在稳定有用的来源,screened
行为动作,行为动作 / 养殖奶山羊,20,hold,[],养殖奶山羊的行为动作,仅凭分类名称无法确定是否存在稳定有用的场景或承载区域来源,screened
行为动作,行为动作 / 养蜂,23,hold,[],行为动作 / 养蜂,仅凭分类名称无法确定具体场景或是否存在稳定有用的来源,screened
行为动作,行为动作 / 写 / 印刷,17,hold,[],行为动作 / 写 / 印刷,仅凭分类名称无法确定具体场景或稳定来源，缺乏明确的场景或承载环境支持。,screened
行为动作,行为动作 / 冰壶运动,23,keep,"[""冰壶场地"", ""室内运动环境"", ""冬季体育场景""]",冰壶运动相关的场地和环境,冰壶运动有稳定且明确的场地和环境来源，如冰面场地和室内体育场馆。,screened
行为动作,行为动作 / 冰球急停,23,reject,[],冰球急停的行为场景,冰球急停属于具体动作，缺乏稳定、通用的场景或承载面来源，主要为运动中的瞬间行为，不构成可编辑环境结构。,screened
行为动作,行为动作 / 冲突,23,hold,[],行为动作 / 冲突,仅凭分类名称无法确定具体场景或稳定来源，缺乏明确的场景或承载环境支持。,screened
行为动作,行为动作 / 冲突与执法动作 / 争斗,22,reject,[],争斗相关的行为动作,争斗属于抽象符号和冲突场景，缺乏稳定、可编辑的场景或承载区域来源,screened
行为动作,行为动作 / 冲突与执法动作 / 军事训练,19,keep,"[""军事训练场景"", ""军事设施环境"", ""训练场地""]",军事训练中的行为动作及其发生的典型场景,军事训练场景具有稳定且持续的环境结构，包含明确的承载面和可编辑空间，适合召回相关图片。,screened
行为动作,行为动作 / 冲突与执法动作 / 审讯,20,hold,[],审讯行为,仅凭分类名称无法确定是否存在稳定有用的场景或承载区域来源,screened
行为动作,行为动作 / 冲突与执法动作 / 射击,21,reject,[],冲突与执法动作 / 射击,射击属于抽象符号或孤立小物特写，缺乏稳定有用的场景或承载区域来源。,screened
行为动作,行为动作 / 冲突与执法动作 / 巡逻,18,keep,"[""交通环境"", ""公共空间"", ""工作场所""]",巡逻行为在交通、公共和工作场所中的场景,巡逻行为通常发生在交通环境、公共空间和工作场所，具有稳定且可重复的场景来源,screened
行为动作,行为动作 / 冲突与执法动作 / 战斗,23,reject,[],冲突与执法动作 / 战斗,该类别主要涉及抽象符号、暴力行为或执法场景，缺乏稳定、非偶然的场景或承载区域来源，不符合可编辑环境结构的判断标准。,screened
行为动作,行为动作 / 冲突与执法动作 / 抓捕,20,reject,[],冲突与执法动作 / 抓捕,该类别主要涉及抽象符号或孤立行为特写，缺乏稳定、可编辑的场景或承载区域来源。,screened
行为动作,行为动作 / 冲突与执法动作 / 警戒,23,keep,"[""交通环境"", ""公共空间"", ""工作场所""]",警戒行为常见于交通管制、公共安全和执法场景中,警戒行为通常出现在需要维持秩序的公共或交通环境中，具有稳定的场景来源,screened
行为动作,行为动作 / 冲突与执法动作 / 追逐,22,hold,[],行为动作 / 冲突与执法动作 / 追逐,仅凭分类名称无法确定是否存在稳定有用的场景或承载区域来源。,screened
行为动作,行为动作 / 冲突与执法动作 / 防御,131,hold,[],行为动作 / 冲突与执法动作 / 防御,仅凭分类名称无法确定是否存在稳定有用的场景或承载区域来源。,screened
行为动作,行为动作 / 决策,23,hold,[],行为决策类动作,仅凭'决策'无法确定具体场景或稳定来源，缺乏明确的场景或承载环境支持,screened
行为动作,行为动作 / 准备沙拉,22,hold,[],行为动作 / 准备沙拉,仅凭分类名称无法确定是否存在稳定有用的场景或承载区域来源,screened
行为动作,行为动作 / 减压,21,hold,[],行为动作 / 减压,仅凭分类名称无法确定具体场景或是否存在稳定有用的来源,screened
行为动作,行为动作 / 出卖 / 拍卖,22,reject,[],行为动作 / 出卖 / 拍卖,该分类主要涉及抽象符号和纯文字，缺乏稳定、可编辑的场景或承载区域来源。,screened
行为动作,行为动作 / 出卖 / 零售,23,reject,[],零售行为,该类别主要涉及抽象符号和纯文字，缺乏稳定、可编辑的场景或承载区域来源。,screened
行为动作,行为动作 / 出场,23,hold,[],行为动作 / 出场,仅凭分类名称无法确定具体场景或是否存在稳定有用的来源,screened
行为动作,行为动作 / 出版 / 编辑,23,hold,[],出版和编辑行为的相关场景,仅凭分类名称无法确定具体场景或是否存在稳定有用的来源,screened
行为动作,行为动作 / 凿木,23,hold,[],行为动作 / 凿木,仅凭分类名称无法确定是否存在稳定有用的场景或承载区域来源,screened
行为动作,行为动作 / 凿石,24,hold,[],行为动作 / 凿石,仅凭分类名称无法确定是否存在稳定有用的场景或承载区域来源,screened
行为动作,行为动作 / 分散,21,hold,[],行为动作 / 分散,仅凭分类名称无法确定具体场景或稳定来源，缺乏明确的场景或承载环境支持。,screened
行为动作,行为动作 / 分腿动作,20,hold,[],行为动作 / 分腿动作,仅凭分类名称无法确定具体场景或是否存在稳定有用的来源,screened
行为动作,行为动作 / 分配 / 分摊,22,hold,[],行为动作 / 分配 / 分摊,仅凭分类名称无法确定具体场景或稳定来源，缺乏明确的场景或承载环境支持。,screened
行为动作,行为动作 / 切,23,hold,[],行为动作 / 切,仅凭'切'这一动作名称无法确定其具体场景或稳定来源，缺乏明确的场景或承载环境支持。,screened
行为动作,行为动作 / 切片洋葱,23,reject,[],切片洋葱的行为,该行为主要涉及孤立小物特写，缺乏稳定、通用的场景或承载区域来源。,screened
行为动作,行为动作 / 划水动作 / 一击,166,reject,[],划水动作,划水动作属于抽象符号或孤立小物特写，缺乏稳定有用的场景或承载区域来源。,screened
行为动作,行为动作 / 划水动作 / 击打,23,reject,[],划水动作和击打行为,该分类主要涉及抽象符号或孤立动作特写，缺乏稳定、可编辑的场景或承载区域来源。,screened
行为动作,行为动作 / 划独木舟或皮划艇,20,keep,"[""水上环境"", ""自然环境"", ""休闲活动场景""]",划独木舟或皮划艇的行为发生在水面环境中，常见于湖泊、河流等自然水域,该行为通常发生在稳定的水上场景中，具有明确的承载面和环境背景，可提供有效的可编辑区域,screened
行为动作,行为动作 / 创建,23,hold,[],行为动作 / 创建,仅凭分类名称无法确定具体场景或是否存在稳定有用的来源,screened
行为动作,行为动作 / 刨木,23,hold,[],行为动作 / 刨木,仅凭分类名称无法确定具体场景或是否存在稳定有用的来源,screened
行为动作,行为动作 / 刮腿毛,24,reject,[],行为动作 / 刮腿毛,该行为属于个人私密动作，缺乏稳定、普遍的场景或承载环境来源，通常不构成可编辑的环境结构或公共场景。,screened
行为动作,行为动作 / 制作,23,hold,[],行为动作 / 制作,仅凭分类名称无法确定具体场景或是否存在稳定有用的来源,screened
行为动作,行为动作 / 制作三明治,23,hold,[],行为动作 / 制作三明治,仅凭分类名称无法确定是否存在稳定有用的场景或承载区域来源。,screened
行为动作,行为动作 / 制作史莱姆,23,reject,[],行为动作 / 制作史莱姆,该类别主要涉及抽象符号或游戏内行为，缺乏稳定、可编辑的场景或承载环境来源。,screened
行为动作,行为动作 / 制作奶酪,23,hold,[],行为动作 / 制作奶酪,仅凭分类名称无法确定具体场景或稳定来源，缺乏明确的场景或承载环境支持。,screened
行为动作,行为动作 / 制作珠宝,20,hold,[],行为动作 / 制作珠宝,仅凭分类名称无法确定是否存在稳定有用的场景或承载区域来源,screened
行为动作,行为动作 / 制造,15,hold,[],行为动作 / 制造,仅凭分类名称无法确定具体场景或是否存在稳定有用的来源,screened
行为动作,行为动作 / 制造 / 组装计算机,21,hold,[],行为动作 / 制造 / 组装计算机,仅凭分类名称无法确定是否存在稳定有用的场景或承载区域来源。,screened
行为动作,行为动作 / 刷洗地板,23,hold,[],行为动作 / 刷洗地板,仅凭分类名称无法确定是否存在稳定有用的场景或承载区域来源,screened
行为动作,行为动作 / 刷牙,23,reject,[],行为动作 / 刷牙,刷牙属于抽象行为，缺乏稳定、可编辑的场景或承载区域来源，通常为个体动作特写，无通用环境支撑。,screened
行为动作,行为动作 / 刹车,18,reject,[],刹车行为,刹车行为通常只提供抽象符号或孤立动作特写，缺乏稳定、可编辑的场景或承载区域来源。,screened
行为动作,行为动作 / 刺绣活动,22,hold,[],刺绣活动,仅凭分类名称无法确定是否存在稳定有用的场景或承载区域来源,screened
行为动作,行为动作 / 剃须,23,reject,[],剃须行为相关场景,剃须行为主要涉及个人护理，通常为抽象符号或孤立小物特写，缺乏稳定、通用的场景或承载区域来源。,screened
行为动作,行为动作 / 削铅笔,16,reject,[],行为动作 / 削铅笔,削铅笔属于抽象符号或孤立小物特写，缺乏稳定有用的场景或承载区域来源。,screened
行为动作,行为动作 / 剑术格斗,36,reject,[],剑术格斗,该类别主要为抽象动作符号，缺乏稳定、可编辑的场景或承载环境来源。,screened
行为动作,行为动作 / 剥牡蛎壳,23,reject,[],行为动作 / 剥牡蛎壳,该行为主要涉及孤立小物特写和抽象符号，缺乏稳定、通用的场景或承载区域来源。,screened
行为动作,行为动作 / 剥香蕉皮,23,reject,[],行为动作 / 剥香蕉皮,该分类仅涉及抽象行为动作，缺乏稳定、可编辑的场景或承载区域来源。,screened
行为动作,行为动作 / 剪指甲,22,reject,[],行为动作 / 剪指甲,剪指甲属于抽象符号或个人行为特写，缺乏稳定、可编辑的场景或承载区域来源。,screened
行为动作,行为动作 / 剪羊毛,21,reject,[],行为动作 / 剪羊毛,剪羊毛是特定动物操作行为，缺乏稳定、通用的场景或承载环境来源，属于抽象符号类动作，无实际可编辑环境支撑。,screened
行为动作,行为动作 / 剪贴簿制作,23,hold,[],行为动作 / 剪贴簿制作,仅凭分类名称无法确定具体场景或稳定来源，缺乏明确的场景或承载环境支持,screened
行为动作,行为动作 / 加热,23,hold,[],行为动作 / 加热,仅凭分类名称无法确定具体场景或是否存在稳定有用的来源,screened
行为动作,行为动作 / 动物互动动作 / 喂养,24,keep,"[""家庭场景"", ""宠物照料环境""]",涉及动物喂养的行为场景，如家庭中喂食宠物的室内环境,喂养行为通常发生在家庭或宠物照料环境中，具有稳定且可重复的场景来源,screened
行为动作,行为动作 / 动物互动动作 / 抚摸,18,hold,[],动物互动动作,仅凭'抚摸'无法确定稳定场景或承载环境来源，缺乏具体场景支持,screened
行为动作,行为动作 / 动物互动动作 / 挤奶,20,reject,[],挤奶动作,挤奶动作主要涉及动物与人类的互动，缺乏稳定、通用的场景或承载环境来源，属于抽象符号类行为，无明确的可编辑环境结构。,screened
行为动作,行为动作 / 动物互动动作 / 捕捞,23,hold,[],行为动作 / 动物互动动作 / 捕捞,仅凭分类名称无法确定是否存在稳定有用的场景或承载区域来源。,screened
行为动作,行为动作 / 动物互动动作 / 放牧,24,keep,"[""牧场"", ""农村环境"", ""自然放养场景""]",放牧行为发生的典型场景，如开阔草地、牧场、乡村地带,放牧行为通常发生在有稳定承载面和自然环境的牧场或农村区域，具有明确且稳定的场景来源,screened
行为动作,行为动作 / 动物互动动作 / 牵引,25,hold,[],动物互动动作中的牵引行为,仅凭'牵引'无法确定稳定场景或承载环境，缺乏明确的场景来源或可编辑结构,screened
行为动作,行为动作 / 动物互动动作 / 观察动物,24,hold,[],动物互动动作,仅凭分类名称无法确定是否存在稳定有用的场景或承载区域来源,screened
行为动作,行为动作 / 动物互动动作 / 训练,44,hold,[],动物互动动作,仅凭分类名称无法确定具体场景或是否存在稳定有用的来源,screened
行为动作,行为动作 / 动物互动动作 / 遛宠物,18,hold,[],动物互动动作,仅凭分类名称无法确定是否存在稳定有用的场景或承载区域来源,screened
行为动作,行为动作 / 动物互动动作 / 骑乘,20,keep,"[""交通环境"", ""户外活动""]",动物与人类或其它动物的骑乘行为场景,骑乘行为常见于交通环境和户外活动场景，具有稳定且可编辑的承载面和空间结构,screened
行为动作,行为动作 / 努力拼搏,51,hold,[],行为动作 / 努力拼搏,仅凭分类名称无法确定具体场景或稳定来源，缺乏可判断的场景或承载环境,screened
行为动作,行为动作 / 包围 / 包,19,hold,[],行为动作 / 包围 / 包,仅凭分类名称无法确定具体场景或是否存在稳定有用的来源,screened
行为动作,行为动作 / 化学加工 / 侵蚀,24,reject,[],化学加工/侵蚀相关的抽象过程,该类别主要描述抽象的化学过程，缺乏稳定、可编辑的场景或承载环境来源。,screened
行为动作,行为动作 / 化学加工 / 化学反应,17,reject,[],化学反应,该类别主要涉及抽象符号和纯文字，缺乏稳定、可用的场景或承载区域来源。,screened
行为动作,行为动作 / 医疗护理动作 / 体检,24,hold,[],医疗护理动作 / 体检,仅凭分类名称无法确定是否存在稳定有用的场景或承载区域来源,screened
行为动作,行为动作 / 医疗护理动作 / 包扎,24,hold,[],医疗护理动作中的包扎行为,仅凭分类名称无法确定是否存在稳定有用的场景或承载区域来源,screened
行为动作,行为动作 / 医疗护理动作 / 康复训练,24,keep,"[""康复场所"", ""医疗机构"", ""患者环境""]",医疗护理和康复训练相关的场景，如医院、康复中心、家庭护理环境等,康复训练通常发生在有稳定场景支持的医疗机构或康复场所，具备明确的承载面和可编辑环境结构。,screened
行为动作,行为动作 / 医疗护理动作 / 手术,24,reject,[],医疗护理动作 / 手术,手术属于抽象符号和专业场景，缺乏稳定、通用的场景或承载区域来源，主要为文字或专业图像，不构成可编辑环境结构。,screened
行为动作,行为动作 / 医疗护理动作 / 护理照料,22,keep,"[""医疗场景"", ""护理环境"", ""医院室内""]",医疗护理动作发生的典型场景，如医院病房、护理站、居家护理环境等,护理照料动作通常发生在稳定的医疗或护理场景中，具有明确的场景和承载环境，能提供可编辑的交互空间。,screened
行为动作,行为动作 / 医疗护理动作 / 服药,23,hold,[],医疗护理动作中的服药行为,仅凭'服药'无法确定稳定场景或承载环境来源，缺乏明确的场景或空间支撑,screened
行为动作,行为动作 / 医疗护理动作 / 检测,24,hold,[],医疗护理动作中的检测类行为,仅凭分类名称无法确定是否存在稳定有用的场景或承载区域来源,screened
行为动作,行为动作 / 医疗护理动作 / 注射,23,reject,[],医疗护理动作中的注射行为,注射行为通常表现为抽象符号或纯文字，缺乏稳定、可编辑的场景或承载区域来源,screened
行为动作,行为动作 / 医疗护理动作 / 诊察,24,hold,[],医疗护理动作中的诊察行为,仅凭分类名称无法确定是否存在稳定有用的场景或承载区域来源,screened
行为动作,行为动作 / 医疗护理动作 / 输液,23,reject,[],医疗护理动作中的输液场景,输液属于具体医疗行为，缺乏稳定、通用的场景或承载环境来源，多为医院或诊所内的特定情境，不构成广泛适用的可编辑环境。,screened
行为动作,行为动作 / 医疗护理动作 / 针灸,18,reject,[],医疗护理动作 / 针灸,针灸属于抽象符号和专业医疗行为，缺乏稳定、通用的场景或承载环境来源。,screened
行为动作,行为动作 / 单独行动 / 独奏,16,hold,[],单独行动的行为动作,仅凭'独奏'无法确定具体场景或稳定来源，缺乏明确的场景或承载环境支持,screened
行为动作,行为动作 / 占用,33,hold,[],行为动作 / 占用,仅凭分类名称无法确定具体场景或是否存在稳定有用的来源,screened
行为动作,行为动作 / 卡拉OK电视娱乐,23,keep,"[""家庭娱乐空间"", ""室内客厅环境"", ""休闲娱乐场景""]",包含家庭中使用电视进行卡拉OK的娱乐场景，如客厅、家庭影院等环境,该类别涉及具体可观察的娱乐行为和稳定场景，如家庭客厅中使用电视进行卡拉OK，具有明确的场景和承载环境,screened
行为动作,行为动作 / 卡波耶拉,20,hold,[],行为动作 / 卡波耶拉,仅凭分类名称无法确定具体场景或是否存在稳定有用的来源,screened
行为动作,行为动作 / 卷睫毛,20,reject,[],行为动作 / 卷睫毛,卷睫毛属于抽象符号或个人行为特写，缺乏稳定、可用的场景或承载区域来源。,screened
行为动作,行为动作 / 历史重演,22,hold,[],行为动作 / 历史重演,仅凭分类名称无法确定具体场景或是否存在稳定有用的来源,screened
行为动作,行为动作 / 压坏,24,reject,[],行为动作 / 压坏,压坏属于抽象符号或动作描述，缺乏稳定、可编辑的场景或承载区域来源。,screened
行为动作,行为动作 / 参加会议,23,keep,"[""会议室"", ""办公环境"", ""工作场所""]",会议相关的室内场景和工作环境,参加会议通常发生在会议室或办公环境中，具有稳定且常见的场景来源,screened
行为动作,行为动作 / 参加大奖赛,20,hold,[],行为动作 / 参加大奖赛,仅凭分类名称无法确定具体场景或是否存在稳定有用的来源,screened
行为动作,行为动作 / 友谊赛,20,hold,[],行为动作 / 友谊赛,仅凭分类名称无法确定是否存在稳定有用的场景或承载区域来源,screened
行为动作,行为动作 / 发牌动作,21,hold,[],行为动作 / 发牌动作,仅凭分类名称无法确定具体场景或稳定来源，缺乏明确的场景或承载环境支持。,screened
行为动作,行为动作 / 发短信,23,reject,[],行为动作 / 发短信,发短信属于抽象符号和纯文字行为，缺乏稳定、可编辑的场景或承载区域来源。,screened
行为动作,行为动作 / 发笑,21,reject,[],行为动作 / 发笑,发笑属于抽象符号和情感表达，缺乏稳定、可编辑的场景或承载区域来源。,screened
行为动作,行为动作 / 发送,18,reject,[],发送行为,发送行为通常为抽象符号或纯文字，缺乏稳定、可编辑的场景或承载区域来源,screened
行为动作,行为动作 / 变形 / 剪切,17,reject,[],行为动作 / 变形 / 剪切,该分类主要涉及抽象符号或动作特写，缺乏稳定、可编辑的场景或承载区域来源。,screened
行为动作,行为动作 / 叠叠杯,23,hold,[],行为动作 / 叠叠杯,仅凭分类名称无法确定是否存在稳定有用的场景或承载区域来源,screened
行为动作,行为动作 / 叠衣服,19,hold,[],行为动作 / 叠衣服,仅凭分类名称无法确定是否存在稳定有用的场景或承载区域来源,screened
行为动作,行为动作 / 叠餐巾,20,hold,[],行为动作 / 叠餐巾,仅凭分类名称无法确定是否存在稳定有用的场景或承载区域来源,screened
行为动作,行为动作 / 合作,22,hold,[],行为动作 / 合作,仅凭分类名称无法确定具体场景或是否存在稳定有用的来源,screened
行为动作,行为动作 / 后轮支撑车技,21,hold,[],行为动作 / 后轮支撑车技,仅凭分类名称无法确定具体场景或稳定来源，缺乏明确的场景或承载环境支持。,screened
行为动作,行为动作 / 吹,22,hold,[],行为动作 / 吹,仅凭'吹'这一动作名称无法确定其稳定场景或承载环境来源，缺乏具体可召回的场景支持。,screened
行为动作,行为动作 / 吹气,23,hold,[],行为动作 / 吹气,仅凭分类名称无法确定具体场景或是否存在稳定有用的来源,screened
行为动作,行为动作 / 吹泡泡,23,reject,[],行为动作 / 吹泡泡,吹泡泡属于抽象符号和孤立小物特写，缺乏稳定有用的场景或承载区域来源。,screened
行为动作,行为动作 / 吹泡泡糖,22,reject,[],行为动作 / 吹泡泡糖,该类别主要涉及抽象符号和孤立行为，缺乏稳定、可编辑的场景或承载区域来源。,screened
行为动作,行为动作 / 吹灭蜡烛,22,reject,[],行为动作 / 吹灭蜡烛,该分类仅涉及抽象行为符号，缺乏稳定、可编辑的场景或承载区域来源。,screened
行为动作,行为动作 / 吹落叶,22,hold,[],行为动作 / 吹落叶,仅凭分类名称无法确定是否存在稳定有用的场景或承载区域来源,screened
行为动作,行为动作 / 呼吸 / 吸烟,41,reject,[],呼吸和吸烟的行为,吸烟行为主要表现为抽象符号或文字，缺乏稳定、可编辑的场景或承载区域来源,screened
行为动作,行为动作 / 呼吸 / 哼声,22,reject,[],呼吸哼声相关的行为,哼声多为抽象符号或孤立小物特写，缺乏稳定、可用的场景或承载区域来源,screened
行为动作,行为动作 / 呼吸 / 喘息,22,reject,[],呼吸/喘息相关的行为,呼吸/喘息属于抽象生理现象，缺乏稳定、可编辑的场景或承载环境来源,screened
行为动作,行为动作 / 呼吸 / 喘息声,20,reject,[],呼吸/喘息声,该类别主要为抽象声音符号，缺乏稳定可用的场景或承载区域来源。,screened
行为动作,行为动作 / 呼吸 / 喘鸣,23,reject,[],呼吸和喘鸣相关的行为,该类别主要涉及抽象符号或纯文字描述，缺乏稳定、可编辑的场景或承载区域来源。,screened
行为动作,行为动作 / 呼吸 / 打鼾,21,reject,[],呼吸和打鼾相关的行为,打鼾属于抽象生理现象，缺乏稳定、可编辑的场景或承载环境来源，仅表现为符号或文字，无法提供实际的视觉场景支持。,screened
行为动作,行为动作 / 咬,19,reject,[],行为动作 / 咬,咬属于抽象符号或孤立小物特写，缺乏稳定有用的场景或承载区域来源。,screened
行为动作,行为动作 / 品鉴啤酒,22,hold,[],行为动作 / 品鉴啤酒,仅凭分类名称无法确定是否存在稳定有用的场景或承载区域来源,screened
行为动作,行为动作 / 商业竞争 / 价格竞争,24,reject,[],价格竞争,该类别主要表现为抽象符号或商业策略描述，缺乏稳定、可编辑的场景或承载环境来源。,screened
行为动作,行为动作 / 啦啦操,22,hold,[],行为动作 / 啦啦操,仅凭分类名称无法确定是否存在稳定有用的场景或承载区域来源。,screened
行为动作,行为动作 / 喜悦 / 山体滑坡,23,reject,[],行为动作 / 喜悦 / 山体滑坡,该分类包含抽象符号和不相关的自然现象，缺乏稳定有用的场景或承载区域来源。,screened
行为动作,行为动作 / 回答问题,22,reject,[],行为动作 / 回答问题,该分类主要涉及抽象符号和纯文字表达，缺乏稳定、可编辑的场景或承载区域来源。,screened
行为动作,行为动作 / 回转,15,hold,[],行为动作 / 回转,仅凭分类名称无法确定具体场景或是否存在稳定有用的来源,screened
行为动作,行为动作 / 回转滑雪,21,reject,[],行为动作 / 回转滑雪,回转滑雪属于特定运动动作，缺乏稳定、通用的场景或承载环境来源，主要为运动特写或抽象符号，不符合有实际可编辑环境结构的场景要求。,screened
行为动作,行为动作 / 回转赛,22,reject,[],行为动作 / 回转赛,回转赛属于抽象比赛行为，缺乏稳定、可编辑的场景或承载环境来源，仅表现为符号或文字，无实际物理场景支撑。,screened
行为动作,行为动作 / 团队介绍,23,hold,[],行为动作 / 团队介绍,仅凭分类名称无法确定具体场景或是否存在稳定有用的来源,screened
行为动作,行为动作 / 在充气城堡上弹跳,22,hold,[],在充气城堡上弹跳的行为,无法确定该行为是否具有稳定、可重复的场景来源或承载环境,screened
行为动作,行为动作 / 地板砂磨,23,keep,"[""室内施工环境"", ""地面处理场景""]",涉及地板打磨的室内施工或维护场景,地板砂磨通常发生在室内施工或维护场景中，具有稳定且可编辑的承载面环境,screened
行为动作,行为动作 / 地质作用 / 侵蚀,20,keep,"[""自然环境"", ""地形变化""]",地质作用中的侵蚀过程，如风化、水流侵蚀等在自然地貌中的表现,侵蚀是自然环境中稳定存在的地质过程，常出现在地形、河岸、山体等场景中，具有明确的场景来源和可编辑环境结构,screened
行为动作,行为动作 / 坐 / 蜷缩,23,hold,[],行为动作 / 坐 / 蜷缩,仅凭分类名称无法确定是否存在稳定有用的场景或承载区域来源。,screened
行为动作,行为动作 / 坐立不安,23,hold,[],行为动作 / 坐立不安,仅凭分类名称无法确定是否存在稳定有用的场景或承载区域来源,screened
行为动作,行为动作 / 培育,23,hold,[],行为动作 / 培育,仅凭分类名称无法确定具体场景或是否存在稳定有用的来源,screened
行为动作,行为动作 / 堆叠骰子,23,reject,[],行为动作 / 堆叠骰子,该分类仅涉及抽象符号或孤立小物特写，缺乏稳定、可用的场景或承载区域来源。,screened
行为动作,行为动作 / 堆沙堡,18,hold,[],行为动作 / 堆沙堡,仅凭分类名称无法确定是否存在稳定有用的场景或承载区域来源,screened
行为动作,行为动作 / 堆雪人,23,hold,[],行为动作 / 堆雪人,仅凭分类名称无法确定是否存在稳定有用的场景或承载区域来源,screened
行为动作,行为动作 / 填满,22,hold,[],行为动作 / 填满,仅凭分类名称无法确定具体场景或是否存在稳定有用的来源,screened
行为动作,行为动作 / 增加 / 上涨,23,reject,[],行为动作 / 增加 / 上涨,该分类主要描述抽象变化趋势，缺乏稳定、具体的场景或承载环境来源。,screened
行为动作,行为动作 / 声乐 / 无伴奏合唱,21,reject,[],无伴奏合唱,该类别主要为纯声音表现，缺乏稳定、可编辑的场景或承载环境来源。,screened
行为动作,行为动作 / 声乐 / 歌唱,45,hold,[],行为动作 / 声乐 / 歌唱,仅凭分类名称无法确定是否存在稳定有用的场景或承载区域来源。,screened
行为动作,行为动作 / 声乐 / 说唱,22,reject,[],说唱类行为动作,说唱主要为抽象声音表达，缺乏稳定、可编辑的场景或承载环境来源,screened
行为动作,行为动作 / 处理塑料,21,hold,[],行为动作 / 处理塑料,仅凭分类名称无法确定具体场景或是否存在稳定有用的来源,screened
行为动作,行为动作 / 复印,23,reject,[],复印行为,复印行为通常只涉及抽象符号或纯文字，缺乏稳定、可用的场景或承载区域来源。,screened
行为动作,行为动作 / 夹板熨发,23,reject,[],夹板熨发,该行为主要涉及抽象符号或孤立小物特写，缺乏稳定、可用的场景或承载区域来源。,screened
行为动作,行为动作 / 姿势 / 击掌,20,reject,[],行为动作 / 姿势 / 击掌,击掌属于抽象符号和动作特写，缺乏稳定、可用的场景或承载区域来源。,screened
行为动作,行为动作 / 姿势 / 戳肚脐,15,reject,[],行为动作 / 姿势 / 戳肚脐,该行为属于抽象符号或个人特写，缺乏稳定、通用的场景或承载环境来源。,screened
行为动作,行为动作 / 姿势 / 挥拳庆祝,23,reject,[],行为动作 / 姿势 / 挥拳庆祝,该分类主要为抽象符号或孤立动作特写，缺乏稳定、可编辑的场景或承载区域来源。,screened
行为动作,行为动作 / 姿势 / 敬礼,21,reject,[],行为动作 / 姿势 / 敬礼,该分类主要为抽象符号或孤立动作特写，缺乏稳定、可编辑的场景或承载区域来源。,screened
行为动作,行为动作 / 安置 / 种植,21,keep,"[""种植场景"", ""户外环境"", ""自然空间""]",涉及种植行为的自然或户外场景，如花园、庭院、农田等,种植行为通常发生在具有稳定承载面和自然环境的场景中，如花园、庭院或农田，具备明确的场景来源和可编辑性。,screened
行为动作,行为动作 / 完成 / 四坏球保送,22,reject,[],行为动作 / 完成 / 四坏球保送,该分类属于抽象体育规则符号，缺乏稳定、可编辑的场景或承载环境来源。,screened
行为动作,行为动作 / 完成 / 壮举,52,hold,[],行为动作 / 完成 / 壮举,仅凭分类名称无法确定具体场景或稳定来源，缺乏可判断的场景或承载环境,screened
行为动作,行为动作 / 完成 / 成就,87,hold,[],行为动作 / 完成 / 成就,仅凭分类名称无法确定具体场景或稳定来源，缺乏明确的场景或承载环境支持。,screened
行为动作,行为动作 / 完成 / 释放,22,hold,[],行为动作 / 完成 / 释放,仅凭分类名称无法确定具体场景或稳定来源，缺乏明确的场景或承载环境支持。,screened
行为动作,行为动作 / 宗教仪式动作 / 仪式巡游,23,hold,[],宗教仪式动作 / 仪式巡游,仅凭分类名称无法确定是否存在稳定有用的场景或承载区域来源,screened
行为动作,行为动作 / 宗教仪式动作 / 冥想,20,hold,[],宗教仪式动作 / 冥想,仅凭分类名称无法确定是否存在稳定有用的场景或承载区域来源,screened
行为动作,行为动作 / 宗教仪式动作 / 朝圣,21,hold,[],宗教仪式动作 / 朝圣,仅凭分类名称无法确定是否存在稳定有用的场景或承载区域来源,screened
行为动作,行为动作 / 宗教仪式动作 / 洗礼,21,reject,[],宗教仪式动作 / 洗礼,洗礼属于抽象符号和特定宗教场景，缺乏稳定、普遍的场景或承载区域来源。,screened
行为动作,行为动作 / 宗教仪式动作 / 献祭,23,reject,[],宗教仪式动作 / 献祭,该类别主要涉及抽象符号和纯文字，缺乏稳定、可编辑的场景或承载区域来源。,screened
行为动作,行为动作 / 宗教仪式动作 / 礼拜,24,hold,[],宗教仪式动作 / 礼拜,仅凭分类名称无法确定是否存在稳定有用的场景或承载区域来源,screened
行为动作,行为动作 / 宗教仪式动作 / 祈祷,23,reject,[],宗教仪式动作,祈祷通常表现为抽象符号或纯文字，缺乏稳定、可编辑的场景或承载区域来源。,screened
行为动作,行为动作 / 宗教仪式动作 / 祝福,23,hold,[],宗教仪式动作 / 祝福,仅凭分类名称无法确定是否存在稳定有用的场景或承载区域来源,screened
行为动作,行为动作 / 宗教仪式动作 / 祭拜,23,hold,[],宗教仪式动作 / 祭拜,仅凭分类名称无法确定是否存在稳定有用的场景或承载区域来源,screened
行为动作,行为动作 / 宗教仪式动作 / 诵经,23,reject,[],宗教仪式动作,诵经主要表现为抽象符号或文字，缺乏稳定、可编辑的场景或承载区域来源。,screened
行为动作,行为动作 / 定位,15,hold,[],行为动作 / 定位,仅凭分类名称无法确定具体场景或是否存在稳定有用的来源,screened
行为动作,行为动作 / 定位 / 体育运动,23,keep,"[""体育运动场景"", ""户外活动环境"", ""公共运动空间""]",各类体育运动发生的实际场景，如球场、公园、跑道等,体育运动通常发生在具有明确空间和承载面的环境中，如球场、公园、跑道等，具备稳定且可编辑的场景来源。,screened
行为动作,行为动作 / 定位 / 帆船运动,23,hold,[],行为动作 / 定位 / 帆船运动,仅凭分类名称无法确定是否存在稳定有用的场景或承载区域来源。,screened
行为动作,行为动作 / 定位 / 职业,46,hold,[],行为动作 / 定位 / 职业,仅凭分类名称无法确定具体场景或是否存在稳定有用的来源,screened
行为动作,行为动作 / 宴请 / 会客,22,keep,"[""室内接待场景"", ""家庭聚会场景"", ""社交活动空间""]",涉及宴请和会客的行为场景，如家庭客厅、餐厅、酒店会客厅等空间中的互动场景,宴请和会客通常发生在有稳定场景支撑的室内空间中，如客厅、餐厅或会所，具备明确的承载面和社交互动环境,screened
行为动作,行为动作 / 对准,23,hold,[],行为动作 / 对准,仅凭分类名称无法确定具体场景或是否存在稳定有用的来源,screened
行为动作,行为动作 / 寻彩蛋,23,hold,[],行为动作 / 寻彩蛋,仅凭分类名称无法确定具体场景或是否存在稳定有用的来源,screened
行为动作,行为动作 / 射击 / 明火枪,19,reject,[],明火枪相关的行为动作,明火枪属于抽象符号或危险物品特写，缺乏稳定、可用的场景或承载环境来源,screened
行为动作,行为动作 / 尝试 / 化验,22,hold,[],行为动作 / 尝试 / 化验,仅凭分类名称无法确定是否存在稳定有用的场景或承载区域来源,screened
行为动作,行为动作 / 尝试 / 审判,22,hold,[],行为动作 / 尝试 / 审判,仅凭分类名称无法确定具体场景或稳定来源，缺乏明确的场景或承载环境支持。,screened
行为动作,行为动作 / 尝试 / 篮球投篮,21,reject,[],仅包含篮球投篮这一行为,该分类属于抽象行为动作，缺乏稳定、可编辑的场景或承载环境来源,screened
行为动作,行为动作 / 崇拜,19,hold,[],行为动作 / 崇拜,仅凭分类名称无法确定具体场景或是否存在稳定有用的来源,screened
行为动作,行为动作 / 工业生产,23,keep,"[""生产场所"", ""工业环境"", ""工作现场""]",工业生产相关的场景和环境,工业生产通常发生在稳定的生产场所，具有明确的承载面和可编辑环境结构，能提供丰富的场景来源。,screened
行为动作,行为动作 / 工作学习动作 / 书写,22,keep,"[""桌面"", ""室内"", ""学习场所""]",书写行为在有支撑表面的场景中出现,书写动作通常发生在桌面、书桌或学习区域等稳定承载面上，具有明确且常见的场景来源,screened
行为动作,行为动作 / 工作学习动作 / 仓储,23,keep,"[""仓储场所"", ""工作环境"", ""存储空间""]",仓储相关的工作与学习场景，如仓库内部、货物堆放区、操作台等,仓储场景具有稳定且持续的承载面和可编辑环境，适合提供实际的行动背景,screened
行为动作,行为动作 / 工作学习动作 / 会计财务,23,keep,"[""办公场所"", ""室内工作环境""]",会计财务相关的工作学习场景，如办公室、财务室等,会计财务动作通常发生在稳定的办公或工作环境中，具有明确的场景来源和可编辑性,screened
行为动作,行为动作 / 工作学习动作 / 会议讨论,23,keep,"[""会议室"", ""办公空间"", ""工作场所""]",会议讨论类行为在办公或学习环境中常见，具有稳定场景来源,会议讨论常见于会议室或办公空间，具有稳定且可编辑的场景来源,screened
行为动作,行为动作 / 工作学习动作 / 农业劳动,23,keep,"[""农田"", ""农业生产场景"", ""农村工作环境""]",农业劳动中的实际工作场景，如耕作、播种、收割等行为发生的自然与人工环境,农业劳动在农田和农村环境中具有稳定且持续的场景来源，能提供丰富的可编辑环境和承载面,screened
行为动作,行为动作 / 工作学习动作 / 农业耕作,23,keep,"[""农田"", ""农业生产场景"", ""农村工作环境""]",农业耕作相关的行为场景，包括播种、除草、收割等在农田中的实际操作,农业耕作在农田中具有稳定且持续的场景来源，包含明确的承载面和可编辑环境结构,screened
行为动作,行为动作 / 工作学习动作 / 切割,19,hold,[],工作学习动作中的切割行为,仅凭'切割'这一动作名称无法确定其稳定场景或承载环境来源，缺乏明确的场景关联,screened
行为动作,行为动作 / 工作学习动作 / 办公操作,23,keep,"[""办公场所"", ""工作环境"", ""学习场景""]",办公和学习过程中常见的操作行为，如打字、会议、阅读等,办公操作在多种稳定场景中普遍存在，具有明确的场景来源和可编辑性,screened
行为动作,行为动作 / 工作学习动作 / 医疗服务,23,keep,"[""医疗场所"", ""医院环境"", ""诊疗场景""]",医疗服务相关的室内场景和工作环境,医疗场景具有稳定且持续的来源，如医院、诊所等，包含明确的承载面和可编辑环境结构。,screened
行为动作,行为动作 / 工作学习动作 / 医疗诊察,17,keep,"[""医疗场景"", ""医院环境"", ""诊疗空间""]",医疗诊察相关的行为和场景，如医生与患者互动、检查操作等,医疗诊察场景具有稳定且持续的来源，常见于医院、诊所等实际环境中，提供明确的可编辑空间和行为背景。,screened
行为动作,行为动作 / 工作学习动作 / 实验研究,23,keep,"[""实验室"", ""工作场所"", ""研究环境""]",实验研究类行为动作在实验室、工作场所及研究环境中的典型场景,实验研究类行为动作通常发生在具有稳定结构的实验室或研究环境中，具备明确的场景和承载面，符合可编辑环境结构要求,screened
行为动作,行为动作 / 工作学习动作 / 工程施工,23,keep,"[""施工现场"", ""工作场所"", ""工程作业环境""]",工程施工相关的行为动作场景，如挖土、搭设、安装等,工程施工场景具有稳定且丰富的承载面和可编辑环境，包含明确的作业空间和行为来源,screened
行为动作,行为动作 / 工作学习动作 / 应急救援,23,keep,"[""工作场所"", ""应急现场"", ""救援环境""]",涉及工作、学习及应急救援场景中的行为动作,应急救援场景具有稳定且丰富的环境来源，包含明确的承载面和可编辑结构,screened
行为动作,行为动作 / 工作学习动作 / 搬运,23,keep,"[""工作场所"", ""室内环境"", ""搬运场景""]",涉及搬运行为的室内或工作场所环境,搬运动作常见于工作场所和室内环境，具有稳定且广泛的场景来源,screened
行为动作,行为动作 / 工作学习动作 / 播种,23,keep,"[""农田"", ""户外环境"", ""农业生产场景""]",涉及播种的行为在农田或户外农业生产场景中具有稳定来源,播种行为通常发生在农田或户外农业生产场景中，具有稳定且可重复的环境来源,screened
行为动作,行为动作 / 工作学习动作 / 收获,21,hold,[],工作学习动作中的收获类行为,仅凭'收获'无法确定具体场景或稳定来源，缺乏明确的场景或承载环境支持,screened
行为动作,行为动作 / 工作学习动作 / 教学,23,keep,"[""教室"", ""学习环境"", ""教学场景""]",教学相关的行为动作场景，如课堂授课、学生互动、作业指导等,教学场景中存在稳定且持续的来源，如教室、学校环境，能提供明确的可编辑空间和行为背景,screened
行为动作,行为动作 / 工作学习动作 / 数据分析,23,hold,[],工作学习动作中的数据分析相关行为,仅凭分类名称无法确定是否存在稳定有用的场景或承载区域来源,screened
行为动作,行为动作 / 工作学习动作 / 施肥,20,hold,[],工作学习动作 / 施肥,仅凭分类名称无法确定是否存在稳定有用的场景或承载区域来源,screened
行为动作,行为动作 / 工作学习动作 / 木工制作,23,keep,"[""工作场所"", ""室内环境"", ""手工制作场景""]",木工制作相关的工作学习场景，如家庭作坊、学校手工课、工作室等,木工制作通常发生在有稳定工作台和工具的室内环境，具有明确的场景和承载面，适合召回相关图片,screened
行为动作,行为动作 / 工作学习动作 / 演讲,23,hold,[],工作学习动作中的演讲行为,仅凭'演讲'无法确定稳定可用的场景或承载环境来源，缺乏明确的场景支撑,screened
行为动作,行为动作 / 工作学习动作 / 灌溉,21,keep,"[""农业场景"", ""户外环境""]",涉及灌溉的行为动作，常见于农田、花园等户外空间,灌溉动作通常发生在农业或园艺场景中，具有稳定的环境来源和承载面，符合可编辑环境结构要求,screened
行为动作,行为动作 / 工作学习动作 / 焊接,22,reject,[],焊接行为,焊接属于抽象符号或特定技术动作，缺乏稳定、通用的场景或承载环境来源。,screened
行为动作,行为动作 / 工作学习动作 / 理发美发,25,keep,"[""理发店场景"", ""室内服务环境"", ""个人护理空间""]",理发店、美发沙龙等提供理发美发服务的室内环境,理发美发行为通常发生在有稳定场景支撑的室内服务环境中，如理发店或美发沙龙，具备明确的承载面和可编辑环境结构。,screened
行为动作,行为动作 / 工作学习动作 / 生产制造,20,keep,"[""生产场所"", ""工作环境"", ""制造车间""]",生产制造相关的场景和环境，如工厂、车间、生产线等,生产制造类行为通常发生在稳定的生产场所，具有明确的承载面和可编辑环境结构，能提供丰富的场景来源。,screened
行为动作,行为动作 / 工作学习动作 / 电工操作,23,keep,"[""工作场所"", ""室内环境"", ""电力作业场景""]",电工在工作或学习过程中进行的各类操作行为,电工操作通常发生在工作场所或室内环境，具有稳定的场景和承载面，能提供有效的可编辑环境结构。,screened
行为动作,行为动作 / 工作学习动作 / 畜牧,20,hold,[],畜牧相关的行为动作,无法确定畜牧行为是否包含稳定可用的场景或承载环境来源,screened
行为动作,行为动作 / 工作学习动作 / 编程,23,hold,[],编程相关的行为动作,仅凭分类名称无法确定是否存在稳定有用的场景或承载区域来源,screened
行为动作,行为动作 / 工作学习动作 / 装配,24,hold,[],工作学习动作中的装配行为,仅凭'装配'无法确定稳定场景或承载环境来源，缺乏明确的场景或空间支撑,screened
行为动作,行为动作 / 工作学习动作 / 设备检修,24,keep,"[""工作场所"", ""生产环境""]",设备检修类行为在工作场所或生产环境中的典型场景,设备检修通常发生在工作场所或生产环境中，具有稳定的场景和承载面，能提供可编辑的环境结构,screened
行为动作,行为动作 / 工作学习动作 / 设计,23,hold,[],设计相关的行为动作,仅凭'设计'无法确定具体场景或稳定来源，缺乏明确的场景或承载环境支持,screened
行为动作,行为动作 / 工作学习动作 / 课堂学习,24,keep,"[""课堂环境"", ""室内教学场景"", ""学习空间""]",课堂学习相关的室内场景和教学环境,课堂学习场景具有稳定且常见的来源，如教室、课桌、黑板等，能提供明确的可编辑环境结构。,screened
行为动作,行为动作 / 工作学习动作 / 质量检测,20,hold,[],工作学习动作中的质量检测行为,仅凭分类名称无法确定是否存在稳定有用的场景或承载区域来源,screened
行为动作,行为动作 / 工作学习动作 / 配送,24,hold,[],工作学习动作中的配送相关场景,仅凭'配送'这一动作名称无法确定其稳定场景或承载环境来源，缺乏明确的场景支撑,screened
行为动作,行为动作 / 工作学习动作 / 采访,22,hold,[],工作学习动作中的采访行为,仅凭'采访'无法确定稳定场景或承载环境来源，缺乏明确的场景或空间结构支撑,screened
行为动作,行为动作 / 工作学习动作 / 阅读书写,23,keep,"[""室内学习场景"", ""办公环境"", ""阅读场景""]",涉及阅读和书写的室内场景，如书房、教室、办公桌等,阅读和书写的动作通常发生在有稳定承载面的室内环境中，如书桌、课桌等，具有明确且反复出现的场景来源。,screened
行为动作,行为动作 / 工作学习动作 / 餐饮服务,24,keep,"[""餐饮环境"", ""工作场所"", ""生活空间""]",餐饮服务相关的场景，如餐厅、厨房、办公区用餐等,餐饮服务在多种日常场景中具有稳定且持续的来源，如餐厅、家庭厨房、办公区用餐等，能提供明确的承载和行为环境。,screened
行为动作,行为动作 / 工作学习动作 / 驾驶运输,24,keep,"[""交通环境"", ""工作场所""]",驾驶运输相关的行为场景，如道路行驶、车辆操作等,驾驶运输行为通常发生在稳定的交通环境中，具有明确的场景和承载面，可提供有效的可编辑区域。,screened
行为动作,行为动作 / 工艺制作,23,keep,"[""工作场所"", ""家庭空间"", ""生产环境""]",工艺制作类行为在各类实际场景中的表现,工艺制作行为通常发生在有明确操作空间和工具支持的环境中，如家庭、工厂或工作室，具有稳定且可重复的场景来源,screened
行为动作,行为动作 / 帮 / 助推,24,hold,[],行为动作 / 帮 / 助推,仅凭分类名称无法确定具体场景或稳定来源，缺乏明确的场景或承载环境支持。,screened
行为动作,行为动作 / 帮 / 帮助,24,hold,[],行为动作 / 帮 / 帮助,仅凭分类名称无法确定具体场景或稳定来源，缺乏明确的场景或承载环境支持。,screened
行为动作,行为动作 / 帮 / 电梯,22,reject,[],电梯相关的行为动作,该分类主要涉及抽象行为和品牌符号，缺乏稳定、可编辑的场景或承载环境来源。,screened
行为动作,行为动作 / 庆祝活动,21,keep,"[""庆典场景"", ""公共活动"", ""节日环境""]",与庆祝相关的公共或社会性活动场景,庆祝活动通常发生在稳定且可编辑的公共或社会场景中，如节日庆典、婚礼、聚会等，具有明确的场景来源。,screened
行为动作,行为动作 / 应对危机 / 紧急事故,18,hold,[],行为动作 / 应对危机 / 紧急事故,仅凭分类名称无法确定具体场景或稳定来源，缺乏明确的场景或承载环境支持。,screened
行为动作,行为动作 / 应急救援动作 / 心肺复苏,23,reject,[],应急救援动作,心肺复苏属于抽象急救行为，缺乏稳定、可编辑的场景或承载环境来源，仅作为符号或文字存在，无实际场景支撑。,screened
行为动作,行为动作 / 应急救援动作 / 急救,22,keep,"[""急救场景"", ""医疗环境"", ""应急现场""]",涉及急救行为的应急救援场景，如医院、事故现场、公共场所等,急救动作通常发生在具有稳定场景和承载面的环境中，如医院、事故现场或公共场所，具备明确的可编辑和实用场景来源。,screened
行为动作,行为动作 / 应急救援动作 / 抢险,24,keep,"[""应急场景"", ""灾害现场"", ""救援环境""]",涉及突发事件或灾害中的抢险行为场景,抢险行动通常发生在明确的应急场景中，具有稳定且可编辑的环境结构，如灾害现场或救援区域。,screened
行为动作,行为动作 / 应急救援动作 / 搜救,24,keep,"[""应急场景"", ""救援现场"", ""灾害环境""]",搜救行为发生的实际场景，如地震、火灾、坍塌等灾害现场,搜救行为通常发生在具有明确场景和承载环境的应急现场，具备稳定且可编辑的环境结构,screened
行为动作,行为动作 / 应急救援动作 / 救生,24,keep,"[""应急场景"", ""救援环境"", ""公共安全场景""]",涉及应急救援的各类行为场景，如火灾、溺水、交通事故等发生的现场环境,救生动作通常发生在具有明确场景和承载面的应急环境中，如水域、建筑内部、道路等，具备稳定且可编辑的来源,screened
行为动作,行为动作 / 应急救援动作 / 止血,20,reject,[],应急救援动作中的止血行为,止血行为通常为抽象符号或纯文字描述，缺乏稳定、可编辑的场景或承载区域来源,screened
行为动作,行为动作 / 应急救援动作 / 灭火,22,keep,"[""消防现场"", ""应急环境"", ""火灾场景""]",灭火行为发生的实际场景，如火灾现场、消防站、建筑内部等,灭火行动通常发生在明确的火灾场景中，具有稳定且可编辑的环境结构，如火源、消防设备、人员操作等，具备可靠的场景来源。,screened
行为动作,行为动作 / 应急救援动作 / 灾后重建,23,keep,"[""灾后环境"", ""重建现场"", ""应急工作场所""]",灾后重建场景中的实际作业环境和基础设施恢复过程,灾后重建包含稳定且可编辑的现场环境，如临时建筑、道路修复、物资安置等，具有明确的场景和承载结构。,screened
行为动作,行为动作 / 应急救援动作 / 疏散,23,keep,"[""应急场景"", ""公共场所"", ""疏散环境""]",应急救援中的疏散行为在公共场所和建筑内部的典型场景,疏散行为通常发生在公共场所或建筑内部，具有稳定且可重复的场景来源，能提供有效的承载和环境结构支持,screened
行为动作,行为动作 / 开合跳,22,reject,[],行为动作 / 开合跳,开合跳属于具体动作，缺乏稳定、可编辑的场景或承载区域来源，仅表现为人体运动，不符合环境类场景的判断标准。,screened
行为动作,行为动作 / 开启非葡萄酒瓶,20,keep,"[""室内环境"", ""工作场所""]",开启非葡萄酒瓶的行为通常发生在室内或工作场所等有具体操作空间的环境中,开启非葡萄酒瓶的行为常出现在室内或工作场所，具有稳定的场景来源和可编辑的环境结构,screened
行为动作,行为动作 / 开启香槟,23,reject,[],行为动作 / 开启香槟,开启香槟主要为抽象符号或特定场景下的动作，缺乏稳定、通用的场景或承载区域来源。,screened
行为动作,行为动作 / 开箱,23,hold,[],行为动作 / 开箱,仅凭分类名称无法确定具体场景或是否存在稳定有用的来源,screened
行为动作,行为动作 / 开葡萄酒瓶,23,hold,[],行为动作 / 开葡萄酒瓶,仅凭分类名称无法确定是否存在稳定有用的场景或承载区域来源,screened
行为动作,行为动作 / 开锁技术,22,reject,[],行为动作 / 开锁技术,开锁技术通常只提供抽象符号或孤立小物特写，缺乏稳定、可用的场景或承载区域来源。,screened
行为动作,行为动作 / 开门,23,hold,[],行为动作 / 开门,仅凭分类名称无法确定具体场景或稳定来源，缺乏明确的场景或承载环境支持。,screened
行为动作,行为动作 / 弓步,20,hold,[],行为动作 / 弓步,仅凭分类名称无法确定是否存在稳定有用的场景或承载区域来源,screened
行为动作,行为动作 / 引发,23,hold,[],行为动作 / 引发,仅凭分类名称无法确定具体场景或稳定来源，缺乏明确的场景或承载环境支持,screened
行为动作,行为动作 / 引领,23,hold,[],行为动作 / 引领,仅凭分类名称无法确定具体场景或是否存在稳定有用的来源,screened
行为动作,行为动作 / 影棚拍摄,22,hold,[],影棚拍摄的行为动作,仅凭分类名称无法确定是否存在稳定有用的场景或承载区域来源,screened
行为动作,行为动作 / 忧惧表现,23,hold,[],行为动作 / 忧惧表现,仅凭分类名称无法确定具体场景或是否存在稳定有用的来源,screened
行为动作,行为动作 / 快速行动,23,hold,[],行为动作 / 快速行动,仅凭分类名称无法确定具体场景或稳定来源，缺乏明确的场景或承载环境支持。,screened
行为动作,行为动作 / 态度表现,21,hold,[],行为动作 / 态度表现,仅凭分类名称无法确定具体场景或是否存在稳定有用的来源,screened
行为动作,行为动作 / 思索 / 不同意,24,reject,[],行为动作 / 思索 / 不同意,该分类主要为抽象符号或心理状态，缺乏稳定、可编辑的场景或承载区域来源。,screened
行为动作,行为动作 / 思索 / 仔细考虑,24,hold,[],行为动作 / 思索 / 仔细考虑,仅凭分类名称无法确定是否存在稳定有用的场景或承载区域来源。,screened
行为动作,行为动作 / 思索 / 使发生联系,23,reject,[],行为动作 / 思索 / 使发生联系,该分类属于抽象符号和概念性描述，缺乏稳定、具体的场景或承载环境来源。,screened
行为动作,行为动作 / 思索 / 倾斜,22,hold,[],行为动作 / 思索 / 倾斜,仅凭分类名称无法确定是否存在稳定有用的场景或承载区域来源。,screened
行为动作,行为动作 / 思维活动 / 思考,23,reject,[],思维活动相关符号或抽象表达,该类别主要为抽象符号或文字表达，缺乏稳定、可编辑的场景或承载区域来源,screened
行为动作,行为动作 / 恢复 / 救援,23,hold,[],行为动作 / 恢复 / 救援,仅凭分类名称无法确定具体场景或稳定来源，缺乏明确的场景或承载环境支持。,screened
行为动作,行为动作 / 感觉活动 / 感测,180,hold,[],行为动作 / 感觉活动 / 感测,仅凭分类名称无法确定具体场景或是否存在稳定有用的来源,screened
行为动作,行为动作 / 戳洞,20,hold,[],行为动作 / 戳洞,仅凭分类名称无法确定具体场景或是否存在稳定有用的来源,screened
行为动作,行为动作 / 戳爆气球,23,reject,[],行为动作 / 戳爆气球,该分类主要涉及抽象符号或孤立小物特写，缺乏稳定、可用的场景或承载区域来源。,screened
行为动作,行为动作 / 扁带运动,22,hold,[],行为动作 / 扁带运动,仅凭分类名称无法确定具体场景或是否存在稳定有用的来源,screened
行为动作,行为动作 / 手写,22,hold,[],手写行为,仅凭'手写'无法确定具体场景或稳定来源，缺乏明确的场景或承载环境支持,screened
行为动作,行为动作 / 手指敲击,23,hold,[],行为动作 / 手指敲击,仅凭分类名称无法确定是否存在稳定有用的场景或承载区域来源,screened
行为动作,行为动作 / 手洗衣物,23,hold,[],行为动作 / 手洗衣物,仅凭分类名称无法确定是否存在稳定有用的场景或承载区域来源,screened
行为动作,行为动作 / 手语传译,21,reject,[],手语传译,手语传译主要为抽象符号和纯文字表达，缺乏稳定、可编辑的场景或承载区域来源。,screened
行为动作,行为动作 / 扎染,20,hold,[],行为动作 / 扎染,仅凭分类名称无法确定具体场景或是否存在稳定有用的来源,screened
行为动作,行为动作 / 扑灭大火 / 野火,20,reject,[],野火扑灭相关行为,该类别主要涉及抽象符号或特定情境下的行为，缺乏稳定、普遍的场景或承载环境来源。,screened
行为动作,行为动作 / 打乒乓球,22,hold,[],行为动作 / 打乒乓球,仅凭分类名称无法确定是否存在稳定有用的场景或承载区域来源,screened
行为动作,行为动作 / 打冰球,20,keep,"[""冰球场地"", ""室内体育馆"", ""冬季运动环境""]",冰球比赛或训练中的行为场景，包含冰面、球员动作、球类运动等,打冰球通常发生在有稳定冰面和明确规则环境的场地中，具备可编辑的运动场景和承载结构。,screened
行为动作,行为动作 / 打印,23,reject,[],打印行为,打印行为通常只提供抽象符号或文字输出，缺乏稳定、可编辑的场景或承载区域来源。,screened
行为动作,行为动作 / 打哈欠,23,reject,[],行为动作 / 打哈欠,打哈欠是抽象符号或个体生理行为，缺乏稳定、可编辑的场景或承载环境来源。,screened
行为动作,行为动作 / 打喷嚏,21,reject,[],行为动作 / 打喷嚏,打喷嚏属于抽象行为，缺乏稳定、可编辑的场景或承载环境来源，通常为孤立事件，无持续性空间或结构支撑。,screened
行为动作,行为动作 / 打嗝,23,reject,[],行为动作 / 打嗝,打嗝属于抽象生理现象，缺乏稳定、可编辑的场景或承载环境来源。,screened
行为动作,行为动作 / 打壁球或短柄墙球,21,hold,[],行为动作 / 打壁球或短柄墙球,仅凭分类名称无法确定是否存在稳定有用的场景或承载区域来源。,screened
行为动作,行为动作 / 打开冰箱,24,hold,[],行为动作 / 打开冰箱,仅凭分类名称无法确定是否存在稳定有用的场景或承载区域来源,screened
行为动作,行为动作 / 打开椰子,23,reject,[],行为动作 / 打开椰子,该行为属于具体动作且缺乏稳定、通用的场景或承载环境来源，通常仅出现在特定情境下，无广泛适用的场景或可编辑环境结构。,screened
行为动作,行为动作 / 打手机,21,hold,[],行为动作 / 打手机,仅凭分类名称无法确定具体场景或是否存在稳定有用的来源,screened
行为动作,行为动作 / 打排球,23,hold,[],行为动作 / 打排球,仅凭分类名称无法确定具体场景或稳定来源，缺乏明确的场景或承载环境支持。,screened
行为动作,行为动作 / 打无板篮球,23,hold,[],行为动作 / 打无板篮球,仅凭分类名称无法确定具体场景或稳定来源，缺乏明确的场景或承载环境支持。,screened
行为动作,行为动作 / 打曲棍球,23,keep,"[""体育运动场景"", ""室外场地""]",打曲棍球相关的室外运动场景,曲棍球运动通常发生在室外场地，具有稳定且可编辑的场景来源,screened
行为动作,行为动作 / 打板球,21,hold,[],行为动作 / 打板球,仅凭分类名称无法确定是否存在稳定有用的场景或承载区域来源。,screened
行为动作,行为动作 / 打棒球,23,hold,[],行为动作 / 打棒球,仅凭分类名称无法确定具体场景或稳定来源，缺乏明确的场景或承载环境支持。,screened
行为动作,行为动作 / 打水漂石,23,hold,[],行为动作 / 打水漂石,仅凭分类名称无法确定是否存在稳定有用的场景或承载区域来源,screened
行为动作,行为动作 / 打网球,21,hold,[],行为动作 / 打网球,仅凭分类名称无法确定是否存在稳定有用的场景或承载区域来源,screened
行为动作,行为动作 / 打街头曲棍球,21,hold,[],行为动作 / 打街头曲棍球,仅凭分类名称无法确定是否存在稳定有用的场景或承载区域来源。,screened
行为动作,行为动作 / 打高尔夫球,22,hold,[],行为动作 / 打高尔夫球,仅凭分类名称无法确定是否存在稳定有用的场景或承载区域来源,screened
行为动作,行为动作 / 打麻将,28,hold,[],行为动作 / 打麻将,仅凭分类名称无法确定具体场景或稳定来源，缺乏明确的场景或承载环境支持。,screened
行为动作,行为动作 / 扣球,19,hold,[],行为动作 / 扣球,仅凭分类名称无法确定具体场景或稳定来源，缺乏明确的场景或承载环境支持。,screened
行为动作,行为动作 / 扫地,22,hold,[],行为动作 / 扫地,仅凭分类名称无法确定具体场景或是否存在稳定有用的来源,screened
行为动作,行为动作 / 投掷球,20,hold,[],行为动作 / 投掷球,仅凭分类名称无法确定具体场景或是否存在稳定有用的来源,screened
行为动作,行为动作 / 抗议,21,hold,[],行为动作 / 抗议,仅凭分类名称无法确定具体场景或是否存在稳定有用的来源,screened
行为动作,行为动作 / 折纸 / 制作纸飞机,23,hold,[],行为动作 / 折纸 / 制作纸飞机,仅凭分类名称无法确定是否存在稳定有用的场景或承载区域来源,screened
行为动作,行为动作 / 抚摸猫,23,hold,[],行为动作 / 抚摸猫,仅凭分类名称无法确定是否存在稳定有用的场景或承载区域来源,screened
行为动作,行为动作 / 抚摸马,23,hold,[],行为动作 / 抚摸马,仅凭分类名称无法确定具体场景或稳定来源，缺乏明确的场景或承载环境支持。,screened
行为动作,行为动作 / 抛光家具,23,hold,[],行为动作 / 抛光家具,仅凭分类名称无法确定是否存在稳定有用的场景或承载区域来源,screened
行为动作,行为动作 / 抛硬币,21,reject,[],行为动作 / 抛硬币,抛硬币属于抽象符号行为，缺乏稳定、可编辑的场景或承载区域来源。,screened
行为动作,行为动作 / 抢镜,23,hold,[],行为动作 / 抢镜,仅凭分类名称无法确定具体场景或是否存在稳定有用的来源,screened
行为动作,行为动作 / 抹灰,36,hold,[],行为动作 / 抹灰,仅凭分类名称无法确定具体场景或是否存在稳定有用的来源,screened
行为动作,行为动作 / 抽象创作,20,hold,[],行为动作 / 抽象创作,仅凭分类名称无法确定具体场景或是否存在稳定有用的来源,screened
行为动作,行为动作 / 担任后卫,20,hold,[],行为动作 / 担任后卫,仅凭分类名称无法确定是否存在稳定有用的场景或承载区域来源,screened
行为动作,行为动作 / 拆礼物,23,hold,[],行为动作 / 拆礼物,仅凭分类名称无法确定是否存在稳定有用的场景或承载区域来源,screened
行为动作,行为动作 / 拌沙拉,22,hold,[],行为动作 / 拌沙拉,仅凭分类名称无法确定是否存在稳定有用的场景或承载区域来源,screened
行为动作,行为动作 / 拍摄环节 / 人像拍摄环节,29,hold,[],人像拍摄环节,仅凭分类名称无法确定具体场景或稳定来源，缺乏明确的场景或承载环境支持,screened
行为动作,行为动作 / 拍照,21,reject,[],行为动作 / 拍照,该分类主要涉及抽象符号或纯文字，缺乏稳定、可用的场景或承载区域来源。,screened
行为动作,行为动作 / 拍球,17,reject,[],行为动作 / 拍球,拍球主要为抽象动作，缺乏稳定、可编辑的场景或承载区域来源，通常仅出现在特定情境下，不构成通用场景环境。,screened
行为动作,行为动作 / 拔河,21,reject,[],行为动作 / 拔河,拔河属于抽象行为，缺乏稳定、可编辑的场景或承载环境来源，仅表现为符号性或文字性描述，无实际场景支撑。,screened
行为动作,行为动作 / 拖,21,hold,[],行为动作 / 拖,仅凭'拖'这一动作名称无法确定其具体场景或稳定来源，缺乏明确的场景或承载环境支持。,screened
行为动作,行为动作 / 拖着脚走,23,hold,[],行为动作 / 拖着脚走,仅凭分类名称无法确定是否存在稳定有用的场景或承载区域来源,screened
行为动作,行为动作 / 拦截,21,hold,[],行为动作 / 拦截,仅凭分类名称无法确定具体场景或是否存在稳定有用的来源,screened
行为动作,行为动作 / 拼拼图,23,hold,[],行为动作 / 拼拼图,仅凭分类名称无法确定是否存在稳定有用的场景或承载区域来源,screened
行为动作,行为动作 / 拾取,22,hold,[],行为动作 / 拾取,仅凭分类名称无法确定具体场景或是否存在稳定有用的来源,screened
行为动作,行为动作 / 指 / 朝向,22,reject,[],行为动作 / 指 / 朝向,该分类主要涉及抽象符号或动作特写，缺乏稳定、可编辑的场景或承载区域来源。,screened
行为动作,行为动作 / 指令 / 次序,15,reject,[],指令类行为的抽象符号或文字表达,该分类主要为抽象指令或文字描述，缺乏稳定、可编辑的场景或承载环境来源,screened
行为动作,行为动作 / 指挥交通,22,keep,"[""交通环境"", ""道路交通""]",指挥交通的行为在道路和交通场景中具有稳定来源,指挥交通的行为通常出现在交通环境中的稳定场景，如路口、交叉口等，具有明确的场景和承载面,screened
行为动作,行为动作 / 按压,38,hold,[],行为动作 / 按压,仅凭分类名称无法确定是否存在稳定有用的场景或承载区域来源,screened
行为动作,行为动作 / 挑眉,23,reject,[],行为动作 / 挑眉,挑眉属于抽象行为符号，缺乏稳定、可编辑的场景或承载环境来源。,screened
行为动作,行为动作 / 挑衅,22,reject,[],行为动作 / 挑衅,挑衅通常为抽象符号或孤立行为特写，缺乏稳定、可编辑的场景或承载环境来源。,screened
行为动作,行为动作 / 挖蛤,23,hold,[],行为动作 / 挖蛤,仅凭分类名称无法确定是否存在稳定有用的场景或承载区域来源,screened
行为动作,行为动作 / 挤作一团,22,hold,[],行为动作 / 挤作一团,仅凭分类名称无法确定是否存在稳定有用的场景或承载区域来源,screened
行为动作,行为动作 / 挤出,21,hold,[],行为动作 / 挤出,仅凭分类名称无法确定其具体场景或是否存在稳定有用的来源,screened
行为动作,行为动作 / 挥动,22,hold,[],行为动作 / 挥动,仅凭分类名称无法确定具体场景或稳定来源，缺乏明确的场景或承载环境支持。,screened
行为动作,行为动作 / 挥动棒球棒,23,reject,[],行为动作 / 挥动棒球棒,该分类主要涉及抽象动作和孤立物品，缺乏稳定、可编辑的场景或承载区域来源。,screened
行为动作,行为动作 / 挥手,20,reject,[],行为动作 / 挥手,挥手属于抽象符号或孤立动作，缺乏稳定、可编辑的场景或承载区域来源。,screened
行为动作,行为动作 / 挥舞,21,hold,[],行为动作 / 挥舞,仅凭分类名称无法确定具体场景或稳定来源，缺乏明确的场景或承载环境支持。,screened
行为动作,行为动作 / 损坏,23,hold,[],行为动作 / 损坏,仅凭分类名称无法确定具体场景或是否存在稳定有用的来源,screened
行为动作,行为动作 / 掐捏,22,hold,[],行为动作 / 掐捏,仅凭分类名称无法确定具体场景或是否存在稳定有用的来源,screened
行为动作,行为动作 / 排成一行,22,hold,[],行为动作 / 排成一行,仅凭分类名称无法确定具体场景或是否存在稳定有用的来源,screened
行为动作,行为动作 / 排放 / 放电,44,reject,[],行为动作 / 排放 / 放电,该分类主要涉及抽象符号或纯文字，缺乏稳定、可编辑的场景或承载区域来源。,screened
行为动作,行为动作 / 排放 / 爆发,22,reject,[],行为动作 / 排放 / 爆发,该分类主要涉及抽象符号或纯文字表达，缺乏稳定、可编辑的场景或承载区域来源。,screened
行为动作,行为动作 / 排队等候,22,keep,"[""公共空间"", ""交通环境"", ""服务场所""]",在公共场所、交通站点、服务区域等场景中，人们进行排队等候的行为,排队等候是常见于公共空间和交通环境中的稳定行为，具有明确的场景来源和可编辑性,screened
行为动作,行为动作 / 接或投垒球,17,hold,[],行为动作 / 接或投垒球,仅凭分类名称无法确定具体场景或稳定来源，缺乏明确的场景或承载环境支持。,screened
行为动作,行为动作 / 接或投棒球,17,hold,[],行为动作 / 接或投棒球,仅凭分类名称无法确定是否存在稳定有用的场景或承载区域来源。,screened
行为动作,行为动作 / 接或掷飞盘,23,hold,[],行为动作 / 接或掷飞盘,仅凭分类名称无法确定是否存在稳定有用的场景或承载区域来源,screened
行为动作,行为动作 / 接触杂耍,17,hold,[],行为动作 / 接触杂耍,仅凭分类名称无法确定是否存在稳定有用的场景或承载区域来源,screened
行为动作,行为动作 / 推 / 俯卧撑,21,reject,[],行为动作 / 推 / 俯卧撑,该分类主要涉及抽象动作和人体姿态，缺乏稳定、可编辑的场景或承载面来源，属于纯符号性或孤立动作，无法提供有效的视觉环境支撑。,screened
行为动作,行为动作 / 推土作业,37,keep,"[""施工场地"", ""建筑工地"", ""道路交通环境""]",推土作业相关的施工场景和工作环境,推土作业通常发生在施工场地或建筑工地，具有稳定的场景和承载面，能提供有效的可编辑环境结构。,screened
行为动作,行为动作 / 推进 / 卷,23,hold,[],行为动作 / 推进 / 卷,仅凭分类名称无法确定具体场景或是否存在稳定有用的来源,screened
行为动作,行为动作 / 推进 / 发射,21,hold,[],行为动作 / 推进 / 发射,仅凭分类名称无法确定具体场景或稳定来源，缺乏明确的场景或承载环境支持。,screened
行为动作,行为动作 / 推进 / 投掷,89,hold,[],行为动作 / 推进 / 投掷,仅凭分类名称无法确定具体场景或是否存在稳定有用的来源,screened
行为动作,行为动作 / 推进 / 拉,21,hold,[],行为动作 / 推进 / 拉,仅凭分类名称无法确定具体场景或稳定来源，缺乏明确的场景或承载环境支持。,screened
行为动作,行为动作 / 推进 / 推,68,keep,"[""室内环境"", ""工作场所"", ""交通环境""]",推这一行为在多种场景中均有稳定来源，如推门、推车、推椅子等,推作为一种常见行为，在室内、工作场所和交通环境中均有稳定且可编辑的场景来源,screened
行为动作,行为动作 / 推进 / 提起,23,hold,[],行为动作 / 推进 / 提起,仅凭分类名称无法确定具体场景或稳定来源，缺乏明确的场景或承载环境支持。,screened
行为动作,行为动作 / 推进 / 跳跃,46,hold,[],行为动作 / 推进 / 跳跃,仅凭分类名称无法确定具体场景或稳定来源，缺乏明确的场景或承载环境支持。,screened
行为动作,行为动作 / 推进 / 运球,23,hold,[],行为动作 / 推进 / 运球,仅凭分类名称无法确定具体场景或稳定来源，缺乏明确的场景或承载环境支持。,screened
行为动作,行为动作 / 掰手腕,17,hold,[],行为动作 / 掰手腕,仅凭分类名称无法确定具体场景或稳定来源，缺乏明确的场景或承载环境支持。,screened
行为动作,行为动作 / 插入 / 填料,23,hold,[],行为动作 / 插入 / 填料,仅凭分类名称无法确定具体场景或稳定来源，缺乏明确的场景或承载环境支持。,screened
行为动作,行为动作 / 握持,22,hold,[],行为动作 / 握持,仅凭分类名称无法确定具体场景或稳定来源，缺乏明确的场景或承载环境支持。,screened
行为动作,行为动作 / 握蛇,23,reject,[],行为动作 / 握蛇,握蛇属于抽象符号或孤立动作，缺乏稳定、可用的场景或承载区域来源。,screened
行为动作,行为动作 / 揭发,18,reject,[],行为动作 / 揭发,该类别主要涉及抽象符号或文字表达，缺乏稳定、可编辑的场景或承载区域来源。,screened
行为动作,行为动作 / 搁置,23,hold,[],行为动作 / 搁置,仅凭分类名称无法确定具体场景或是否存在稳定有用的来源,screened
行为动作,行为动作 / 搬运家具,19,keep,"[""室内空间"", ""工作场所"", ""家庭环境""]",涉及家具移动的室内场景，如搬运沙发、床、书桌等行为,搬运家具通常发生在室内空间中，具有稳定的场景和承载面，能提供明确的可编辑环境结构,screened
行为动作,行为动作 / 搭乐高积木,22,hold,[],行为动作 / 搭乐高积木,仅凭分类名称无法确定是否存在稳定有用的场景或承载区域来源。,screened
行为动作,行为动作 / 摄取 / 喂食,206,hold,[],行为动作 / 摄取 / 喂食,仅凭分类名称无法确定是否存在稳定有用的场景或承载区域来源。,screened
行为动作,行为动作 / 摄取 / 燕子,23,reject,[],燕子相关的摄取行为,燕子摄取行为多为抽象符号或孤立小物特写，缺乏稳定、可编辑的场景或承载区域来源,screened
行为动作,行为动作 / 摄影拍摄,23,hold,[],行为动作 / 摄影拍摄,仅凭分类名称无法确定具体场景或稳定来源，缺乏明确的场景或承载环境支持。,screened
行为动作,行为动作 / 摆动 / 在物体上荡摆,22,hold,[],行为动作 / 摆动 / 在物体上荡摆,仅凭分类名称无法确定是否存在稳定有用的场景或承载区域来源。,screened
行为动作,行为动作 / 摆弄手指,23,hold,[],行为动作 / 摆弄手指,仅凭分类名称无法确定是否存在稳定有用的场景或承载区域来源,screened
行为动作,行为动作 / 摇,23,hold,[],行为动作 / 摇,仅凭'摇'这一动作名称无法确定其具体场景或稳定来源，缺乏明确的场景或承载环境关联,screened
行为动作,行为动作 / 摇头,21,reject,[],行为动作 / 摇头,摇头属于抽象动作，缺乏稳定、可编辑的场景或承载环境来源，通常为孤立动作特写，无持续性场景支撑。,screened
行为动作,行为动作 / 撑杆跳高,22,reject,[],行为动作 / 撑杆跳高,撑杆跳高属于具体体育动作，缺乏稳定、通用的场景或承载环境来源，仅提供抽象符号或孤立动作特写。,screened
行为动作,行为动作 / 擀面,23,hold,[],行为动作 / 擀面,仅凭分类名称无法确定是否存在稳定有用的场景或承载区域来源,screened
行为动作,行为动作 / 操作设备,21,hold,[],行为动作 / 操作设备,仅凭分类名称无法确定具体场景或是否存在稳定有用的来源,screened
行为动作,行为动作 / 擒抱,22,hold,[],行为动作 / 擒抱,仅凭分类名称无法确定具体场景或是否存在稳定有用的来源,screened
行为动作,行为动作 / 擤鼻涕,23,reject,[],行为动作 / 擤鼻涕,该分类主要为抽象行为动作，缺乏稳定、可编辑的场景或承载区域来源，仅表现为孤立动作特写，不符合环境类场景的判断标准。,screened
行为动作,行为动作 / 擦亮鞋子,23,hold,[],行为动作 / 擦亮鞋子,仅凭分类名称无法确定是否存在稳定有用的场景或承载区域来源,screened
行为动作,行为动作 / 擦洗,22,hold,[],行为动作 / 擦洗,仅凭分类名称无法确定是否存在稳定有用的场景或承载区域来源,screened
行为动作,行为动作 / 攀梯,23,hold,[],行为动作 / 攀梯,仅凭分类名称无法确定是否存在稳定有用的场景或承载区域来源,screened
行为动作,行为动作 / 收到,20,hold,[],行为动作 / 收到,仅凭分类名称无法确定具体场景或稳定来源，缺乏明确的场景或承载环境支持。,screened
行为动作,行为动作 / 收获 / 采摘苹果,23,hold,[],行为动作 / 收获 / 采摘苹果,仅凭分类名称无法确定是否存在稳定有用的场景或承载区域来源,screened
行为动作,行为动作 / 改变与状态动作 / 填色,23,reject,[],填色行为,填色主要为抽象符号或文字操作，缺乏稳定、可编辑的场景或承载区域来源,screened
行为动作,行为动作 / 改变与状态动作 / 改进,265,hold,[],行为动作 / 改变与状态动作 / 改进,仅凭分类名称无法确定具体场景或稳定来源，缺乏明确的场景或承载环境支持。,screened
行为动作,行为动作 / 改变与状态动作 / 染发,23,reject,[],染发行为,染发属于抽象符号或纯文字描述，缺乏稳定、可编辑的场景或承载区域来源,screened
行为动作,行为动作 / 改变与状态动作 / 染眉,15,reject,[],染眉这一行为通常仅出现在个人美容场景中，且多为个体化、非公共的静态动作,染眉属于个人美容行为，缺乏稳定、可复现的场景或承载环境，主要表现为个体特写或抽象符号，无通用场景支持,screened
行为动作,行为动作 / 改变与状态动作 / 污染,19,reject,[],污染相关的行为动作,污染类行为多为抽象符号或孤立事件，缺乏稳定、可编辑的场景或承载环境来源,screened
行为动作,行为动作 / 改变与状态动作 / 烹饪,194,keep,"[""厨房"", ""家庭厨房环境"", ""烹饪场景""]",涉及烹饪行为的厨房或家庭烹饪场景,烹饪行为通常发生在厨房等稳定场景中，具有明确的承载面和可编辑环境结构,screened
行为动作,行为动作 / 改变与状态动作 / 纹身,23,reject,[],纹身相关的行为动作,纹身主要表现为抽象符号或纯文字，缺乏稳定、可用的场景或承载区域来源,screened
行为动作,行为动作 / 改变与状态动作 / 终止,43,hold,[],行为动作 / 改变与状态动作 / 终止,仅凭分类名称无法确定具体场景或稳定来源，缺乏明确的场景或承载环境支持。,screened
行为动作,行为动作 / 改变与状态动作 / 给植物浇水,19,keep,"[""室内环境"", ""庭院园林""]",涉及植物养护的场景，如家庭阳台、花园、庭院等,给植物浇水的行为通常发生在有植物生长的稳定场景中，如室内或户外绿化空间，具备明确的承载面和环境结构。,screened
行为动作,行为动作 / 改变与状态动作 / 美化,23,hold,[],行为动作 / 改变与状态动作 / 美化,仅凭分类名称无法确定具体场景或稳定来源，缺乏明确的场景或承载环境支持。,screened
行为动作,行为动作 / 改变与状态动作 / 醒来,23,hold,[],行为动作 / 改变与状态动作 / 醒来,仅凭分类名称无法确定是否存在稳定有用的场景或承载区域来源。,screened
行为动作,行为动作 / 改变与状态动作 / 飞溅,21,reject,[],飞溅相关的动作,飞溅通常表现为抽象符号或孤立小物特写，缺乏稳定、可用的场景或承载区域来源,screened
行为动作,行为动作 / 改变完整性 / 伤害,23,reject,[],伤害类行为,该类别主要涉及抽象符号或纯文字描述，缺乏稳定、可编辑的场景或承载区域来源。,screened
行为动作,行为动作 / 改变完整性 / 分开,196,hold,[],行为动作 / 改变完整性 / 分开,仅凭分类名称无法确定具体场景或稳定来源，缺乏明确的场景或承载环境支持。,screened
行为动作,行为动作 / 改变完整性 / 劈木板,23,reject,[],行为动作 / 改变完整性 / 劈木板,该分类主要涉及抽象行为动作，缺乏稳定、可编辑的场景或承载环境来源，属于纯符号性或孤立动作，无明确的物理场景支撑。,screened
行为动作,行为动作 / 改变完整性 / 合流,21,hold,[],行为动作 / 改变完整性 / 合流,仅凭分类名称无法确定具体场景或稳定来源，缺乏明确的场景或承载环境支持。,screened
行为动作,行为动作 / 改变完整性 / 填补眉毛,20,reject,[],行为动作 / 改变完整性 / 填补眉毛,该分类属于抽象符号或个体面部修饰行为，缺乏稳定、可编辑的场景或承载环境来源。,screened
行为动作,行为动作 / 改变完整性 / 夹心蛋糕,23,reject,[],该类别主要涉及抽象行为描述，缺乏稳定、可编辑的场景或承载环境,夹心蛋糕属于具体食品制作行为，缺乏稳定、普遍存在的场景或承载面，无法提供可编辑的环境结构或实用场景,screened
行为动作,行为动作 / 改变完整性 / 打碎玻璃,21,reject,[],行为动作 / 改变完整性 / 打碎玻璃,该分类主要涉及抽象行为和符号性动作，缺乏稳定、可编辑的场景或承载区域来源。,screened
行为动作,行为动作 / 改变完整性 / 打结,23,reject,[],行为动作 / 改变完整性 / 打结,该分类主要涉及抽象符号或动作特写，缺乏稳定、可编辑的场景或承载区域来源。,screened
行为动作,行为动作 / 改变完整性 / 搅拌水果,23,reject,[],搅拌水果,该分类主要涉及抽象行为，缺乏稳定、可编辑的场景或承载区域来源，仅表现为动作符号，无实际环境支撑。,screened
行为动作,行为动作 / 改变完整性 / 散布,23,hold,[],行为动作 / 改变完整性 / 散布,仅凭分类名称无法确定具体场景或稳定来源，缺乏明确的场景或承载环境支持。,screened
行为动作,行为动作 / 改变完整性 / 混合,23,hold,[],行为动作 / 改变完整性 / 混合,仅凭分类名称无法确定具体场景或是否存在稳定有用的来源,screened
行为动作,行为动作 / 改变完整性 / 点蜡烛,22,reject,[],点蜡烛的行为场景,该行为主要表现为符号性或抽象性动作，缺乏稳定、可编辑的场景或承载环境来源。,screened
行为动作,行为动作 / 改变完整性 / 焊接,22,reject,[],焊接行为,焊接属于抽象符号或技术操作，缺乏稳定、通用的场景或承载区域来源,screened
行为动作,行为动作 / 改变完整性 / 爆发,22,reject,[],行为动作 / 改变完整性 / 爆发,该分类主要描述抽象的行为状态，缺乏稳定、可编辑的场景或承载环境来源。,screened
行为动作,行为动作 / 改变完整性 / 生火,23,reject,[],生火相关的行为,该类别主要涉及抽象符号或纯文字，缺乏稳定、可用的场景或承载区域来源。,screened
行为动作,行为动作 / 改变完整性 / 破坏,22,reject,[],破坏类行为,该类别主要涉及抽象符号或孤立动作，缺乏稳定、可编辑的场景或承载环境来源。,screened
行为动作,行为动作 / 改变完整性 / 粉碎,23,reject,[],行为动作 / 改变完整性 / 粉碎,该分类主要涉及抽象动作和符号化表现，缺乏稳定、可编辑的场景或承载环境来源。,screened
行为动作,行为动作 / 改变完整性 / 系鞋带,22,reject,[],系鞋带的行为,系鞋带属于抽象动作，缺乏稳定、可编辑的场景或承载环境来源，仅表现为个体行为特写，无通用场景支持,screened
行为动作,行为动作 / 改变完整性 / 系领带,20,reject,[],系领带的行为,系领带属于抽象符号和个体动作，缺乏稳定、通用的场景或承载环境来源,screened
行为动作,行为动作 / 改变完整性 / 系领结,22,reject,[],系领结的行为动作,系领结属于抽象符号和个体行为，缺乏稳定、通用的场景或承载环境来源,screened
行为动作,行为动作 / 改变完整性 / 绑制飞蝇,21,reject,[],行为动作 / 改变完整性 / 绑制飞蝇,该分类主要涉及抽象符号或行为描述，缺乏稳定、可编辑的场景或承载区域来源。,screened
行为动作,行为动作 / 攻击 / 暴力,23,reject,[],攻击类行为,该类别主要涉及抽象符号或暴力行为的符号化表达，缺乏稳定、可编辑的场景或承载环境来源。,screened
行为动作,行为动作 / 攻击 / 费用,23,reject,[],攻击行为与费用相关概念,该分类包含抽象符号和非稳定场景，缺乏明确的场景或承载区域来源,screened
行为动作,行为动作 / 放飞气球,22,hold,[],行为动作 / 放飞气球,仅凭分类名称无法确定是否存在稳定有用的场景或承载区域来源,screened
行为动作,行为动作 / 敲笔,22,hold,[],行为动作 / 敲笔,仅凭分类名称无法确定具体场景或是否存在稳定有用的来源,screened
行为动作,行为动作 / 整理床铺,23,keep,"[""室内"", ""卧室""]",整理床铺的行为在卧室等室内空间中常见，具有稳定场景来源,整理床铺是常见室内行为，通常发生在卧室，具有稳定且可编辑的场景来源,screened
行为动作,行为动作 / 斗鸡眼,23,reject,[],行为动作 / 斗鸡眼,斗鸡眼为抽象面部特征或表情，缺乏稳定、可用的场景或承载环境来源。,screened
行为动作,行为动作 / 新闻主持,22,hold,[],新闻主持行为,仅凭分类名称无法确定是否存在稳定有用的场景或承载区域来源,screened
行为动作,行为动作 / 旅行 / 徒步旅行,22,keep,"[""自然环境"", ""户外地形"", ""徒步路径""]",徒步旅行相关的自然场景和户外路径环境,徒步旅行通常发生在自然环境中，具有稳定的户外场景和地形承载面，能提供丰富的可编辑环境结构。,screened
行为动作,行为动作 / 旅行 / 散步,20,keep,"[""户外环境"", ""自然场景"", ""公共空间""]",旅行中的散步行为通常发生在户外、自然或公共空间中，具有稳定的场景来源,散步作为一种常见行为，常出现在公园、街道、自然景观等稳定且可编辑的场景中，具备明确的场景来源,screened
行为动作,行为动作 / 旅行 / 旅程,155,keep,"[""旅行场景"", ""交通环境"", ""户外活动""]",与旅行相关的各种场景和环境，包括出发、途中、抵达等阶段,旅行旅程涉及多种稳定场景和环境，如交通环境、户外活动和目的地场景，具有明确的可编辑空间和承载结构,screened
行为动作,行为动作 / 旅行 / 水路旅行,91,keep,"[""水路环境"", ""航行场景"", ""港口区域""]",涉及水路旅行的行为和场景，如船只航行、码头活动等,水路旅行包含稳定且常见的场景来源，如河流、海洋、港口等，具有明确的承载面和可编辑环境结构。,screened
行为动作,行为动作 / 旅行 / 穿越,22,hold,[],行为动作 / 旅行 / 穿越,仅凭分类名称无法确定是否存在稳定有用的场景或承载区域来源。,screened
行为动作,行为动作 / 旅行 / 航空旅行,46,keep,"[""航空环境"", ""机场场景"", ""空中交通""]",航空旅行相关的场景，如机场、航班、登机、候机等,航空旅行包含稳定且常见的场景来源，如机场、航站楼、飞机起降环境，具有明确的承载面和可编辑空间。,screened
行为动作,行为动作 / 旋转,17,hold,[],行为动作 / 旋转,仅凭分类名称无法确定具体场景或是否存在稳定有用的来源,screened
行为动作,行为动作 / 旋转 / 扭,23,hold,[],行为动作 / 旋转 / 扭,仅凭分类名称无法确定具体场景或稳定来源，缺乏明确的场景或承载环境支持。,screened
行为动作,行为动作 / 旋转 / 轴向旋转,23,hold,[],行为动作 / 旋转 / 轴向旋转,仅凭分类名称无法确定是否存在稳定有用的场景或承载区域来源。,screened
行为动作,行为动作 / 旋转波伊球,21,reject,[],行为动作 / 旋转波伊球,该类别仅涉及抽象符号或孤立小物特写，缺乏稳定有用的场景或承载区域来源。,screened
行为动作,行为动作 / 旋转舞步,22,hold,[],行为动作 / 旋转舞步,仅凭分类名称无法确定具体场景或是否存在稳定有用的来源,screened
行为动作,行为动作 / 无动于衷,23,reject,[],无动于衷的行为,该类别主要表现为抽象符号或静态表达，缺乏稳定、可编辑的场景或承载环境来源。,screened
行为动作,行为动作 / 日光浴,19,hold,[],行为动作 / 日光浴,仅凭分类名称无法确定是否存在稳定有用的场景或承载区域来源,screened
行为动作,行为动作 / 日常生活动作 / 上下楼,16,keep,"[""室内环境"", ""住宅空间""]",日常生活中的上下楼行为，常见于住宅、公寓、楼梯间等场景,上下楼行为在住宅和室内环境中具有稳定且普遍的来源，能提供清晰的场景和承载面支持,screened
行为动作,行为动作 / 日常生活动作 / 休息,23,keep,"[""室内"", ""家庭空间"", ""休息环境""]",日常生活中的休息场景，如沙发、床、座椅等环境下的休息行为,休息行为常见于家庭、室内空间等稳定场景，具有明确的承载和环境来源,screened
行为动作,行为动作 / 日常生活动作 / 休息睡眠,22,keep,"[""室内环境"", ""卧室场景"", ""休息空间""]",日常生活中的休息和睡眠行为，常见于家庭室内环境,休息睡眠行为通常发生在稳定的室内场景中，如卧室或客厅，具有明确的场景来源和承载环境,screened
行为动作,行为动作 / 日常生活动作 / 倒垃圾,23,keep,"[""室内环境"", ""家庭场景""]",日常生活中的倒垃圾行为，常见于家庭厨房、阳台或楼道等室内空间,倒垃圾行为通常发生在有明确承载面和日常活动场景的室内环境中，如厨房或阳台，具有稳定且普遍的场景来源,screened
行为动作,行为动作 / 日常生活动作 / 喂养动物,18,keep,"[""家庭环境"", ""宠物照料场景""]",日常生活中的喂养动物行为，常见于家庭或宠物护理场景,喂养动物行为通常发生在家庭或宠物照料场景中，具有稳定且可重复的场景来源,screened
行为动作,行为动作 / 日常生活动作 / 家务清洁,20,keep,"[""室内环境"", ""家庭空间"", ""日常家居""]",日常生活中的清洁类家务行为，如擦地、洗碗、打扫房间等,家务清洁行为通常发生在家庭室内环境中，具有稳定且普遍的场景来源，能提供可靠的可编辑区域和承载面。,screened
行为动作,行为动作 / 日常生活动作 / 拖地,20,keep,"[""室内"", ""家庭环境"", ""清洁场景""]",日常生活中的拖地行为，常见于家庭厨房、客厅、卧室等室内空间,拖地是常见家庭清洁行为，通常发生在室内地面场景，具有稳定且可重复的来源,screened
行为动作,行为动作 / 日常生活动作 / 排队,21,keep,"[""公共空间"", ""人流环境"", ""日常场景""]",日常生活中的排队行为，常见于商场、车站、医院等公共场所,排队是常见于公共空间的稳定行为，具有明确的场景和承载环境，能提供可编辑的场景结构,screened
行为动作,行为动作 / 日常生活动作 / 整理收纳,20,keep,"[""室内空间"", ""家庭环境"", ""收纳场景""]",日常生活中的整理和收纳行为，常见于家庭、房间等室内环境,整理收纳行为通常发生在室内空间，如客厅、卧室、厨房等，具有稳定的场景和承载面，能提供有效的可编辑环境,screened
行为动作,行为动作 / 日常生活动作 / 晾晒衣物,16,keep,"[""户外阳台"", ""家庭庭院"", ""晾衣绳环境""]",日常生活中的晾晒衣物行为，常见于家庭或户外空间,晾晒衣物行为通常发生在有稳定承载面的户外或家庭环境中，如阳台、庭院，具有明确且稳定的场景来源,screened
行为动作,行为动作 / 日常生活动作 / 洗漱,19,keep,"[""室内场景"", ""个人日常空间""]",日常生活中的洗漱行为，常见于卧室、卫生间等个人生活空间,洗漱行为通常发生在有稳定承载面和日常使用场景的室内空间，如卫生间，具备明确且稳定的场景来源,screened
行为动作,行为动作 / 日常生活动作 / 洗澡沐浴,23,keep,"[""浴室"", ""家庭空间"", ""个人护理场景""]",日常生活中的洗澡沐浴行为，常见于家庭浴室等私密空间,洗澡沐浴行为通常发生在浴室等稳定场景中，具有明确的承载面和环境结构，符合可编辑环境的特征,screened
行为动作,行为动作 / 日常生活动作 / 洗碗,23,keep,"[""厨房"", ""家庭室内""]",日常生活中的厨房场景，涉及洗碗行为的环境和承载面,洗碗行为通常发生在厨房环境中，具有稳定且常见的场景来源，符合日常生活的可编辑环境需求,screened
行为动作,行为动作 / 日常生活动作 / 洗衣,22,keep,"[""家庭厨房"", ""家居生活""]",日常生活中的洗衣场景，如家庭洗衣间、阳台洗衣区等,洗衣行为通常发生在家庭厨房或阳台等稳定的生活场景中，具有明确的承载面和环境结构,screened
行为动作,行为动作 / 日常生活动作 / 清洁,20,keep,"[""室内环境"", ""家庭空间""]",日常生活中的清洁行为场景，如厨房、卫生间等家庭常见区域,清洁行为通常发生在有稳定承载面和明确空间结构的室内环境中，如厨房台面、浴室地面等，具备稳定且可编辑的场景来源,screened
行为动作,行为动作 / 日常生活动作 / 烹饪,36,keep,"[""厨房"", ""家庭空间"", ""烹饪环境""]",日常生活中的烹饪场景，包括厨房内各种操作和相关环境,烹饪行为通常发生在厨房等稳定场景中，具有明确的承载面和可编辑环境，能提供丰富的视觉素材,screened
行为动作,行为动作 / 日常生活动作 / 烹饪做饭,15,keep,"[""厨房"", ""家庭室内"", ""烹饪场景""]",日常生活中的厨房相关行为和烹饪活动,烹饪做饭通常发生在厨房这一稳定场景中，具有明确的承载面和可编辑环境结构。,screened
行为动作,行为动作 / 日常生活动作 / 照顾儿童,19,keep,"[""家庭室内"", ""育儿场景""]",日常生活中的儿童照护行为，如喂食、换尿布、哄睡等,该类别包含稳定的家庭育儿场景，具有明确的场景来源和可编辑环境结构,screened
行为动作,行为动作 / 日常生活动作 / 照顾老人,20,keep,"[""家庭场景"", ""室内环境"", ""照护空间""]",日常生活中的家庭照护场景，如老人居住的房间、护理区域等,照顾老人的行为通常发生在家庭或室内环境中，具有稳定且持续的场景来源，能提供可靠的可编辑空间和承载面。,screened
行为动作,行为动作 / 日常生活动作 / 熨烫衣物,18,hold,[],日常生活动作中的熨烫衣物,仅凭分类名称无法确定是否存在稳定有用的场景或承载区域来源,screened
行为动作,行为动作 / 日常生活动作 / 睡眠,21,keep,"[""卧室"", ""室内环境"", ""休息场景""]",日常生活中的睡眠行为，常见于卧室或休息区域,睡眠行为通常发生在稳定的室内环境如卧室，具有明确的场景和承载面，符合稳定场景来源的判断标准,screened
行为动作,行为动作 / 日常生活动作 / 穿衣,20,keep,"[""日常生活场景"", ""室内环境""]",穿衣行为在日常生活中常见的场景，如家居、卧室、客厅等,穿衣行为常见于日常生活场景中，具有稳定且广泛的场景来源，如家庭室内环境。,screened
行为动作,行为动作 / 日常生活动作 / 穿衣打扮,23,keep,"[""日常生活场景"", ""个人护理空间""]",日常生活中的穿衣打扮行为，如穿脱衣物、整理仪容等,穿衣打扮行为常见于家庭、卧室、浴室等日常场景，具有稳定且广泛的场景来源,screened
行为动作,行为动作 / 日常生活动作 / 等待,22,hold,[],日常生活中的等待行为,仅凭'等待'这一动作无法确定其稳定场景或承载环境，缺乏明确的场景来源,screened
行为动作,行为动作 / 日常生活动作 / 购物,21,keep,"[""购物场景"", ""室内商业环境"", ""消费空间""]",日常生活中的购物行为及相关场景,购物行为常见于商场、超市等稳定场景，具有明确的承载面和可编辑环境结构。,screened
行为动作,行为动作 / 日常生活动作 / 购物消费,24,keep,"[""商场场景"", ""超市环境"", ""消费场所""]",日常生活中的购物和消费行为场景,购物消费行为常见于商场、超市等具有稳定场景和承载面的日常消费环境中,screened
行为动作,行为动作 / 日常生活动作 / 起居洗漱,20,keep,"[""室内场景"", ""个人日常空间""]",日常生活中的起居洗漱行为，如刷牙、洗脸、梳头等在家庭或个人空间中的场景,该类别包含稳定且常见的日常生活场景，具有明确的室内空间和可编辑环境支撑,screened
行为动作,行为动作 / 日常生活动作 / 起床,24,keep,"[""室内"", ""卧室""]",日常生活中的起床行为，通常发生在卧室等私密空间,起床行为常见于卧室等室内场景，具有稳定且可重复的来源,screened
行为动作,行为动作 / 日常生活动作 / 跑步,22,hold,[],日常生活中的跑步行为,仅凭'跑步'这一动作无法确定其稳定场景或承载环境来源，缺乏明确的场景或空间结构支撑,screened
行为动作,行为动作 / 日常生活动作 / 进食,22,keep,"[""室内餐桌场景"", ""家庭厨房场景"", ""日常用餐环境""]",日常生活中的进食行为场景，包括家庭、餐厅等常见空间中的用餐情境,进食行为通常发生在有稳定承载面的室内场景中，如餐桌、厨房台面，具有明确且反复出现的环境来源,screened
行为动作,行为动作 / 日常生活动作 / 进食饮水,21,keep,"[""室内场景"", ""家庭环境""]",日常生活中的进食饮水行为，常见于家庭、餐厅等场景,进食饮水行为通常发生在有稳定承载面的室内场景中，如餐桌、厨房台面等，具有明确且稳定的场景来源,screened
行为动作,行为动作 / 日常生活动作 / 道歉,24,reject,[],道歉行为,道歉行为通常为抽象符号或孤立动作，缺乏稳定、可编辑的场景或承载区域来源。,screened
行为动作,行为动作 / 日常生活动作 / 饮水,23,keep,"[""室内场景"", ""日常生活环境""]",日常生活中的饮水行为场景，如厨房、客厅、办公室等常见空间,饮水行为常见于多种室内生活场景，具有稳定且普遍的来源，能提供有效的承载和环境结构支持,screened
行为动作,行为动作 / 时装表演 / 走秀,24,reject,[],时装表演/走秀,该分类主要为抽象符号和纯文字表现，缺乏稳定、可编辑的场景或承载区域来源。,screened
行为动作,行为动作 / 月球漫步,21,reject,[],行为动作 / 月球漫步,月球漫步属于抽象符号和虚构场景，缺乏稳定、现实的场景或承载区域来源。,screened
行为动作,行为动作 / 木材砂磨,23,reject,[],木材砂磨,该分类主要涉及抽象行为或工艺过程，缺乏稳定、可编辑的场景或承载区域来源。,screened
行为动作,行为动作 / 未完成 / 失误,23,hold,[],行为动作 / 未完成 / 失误,仅凭分类名称无法确定具体场景或稳定来源，缺乏明确的场景或承载环境支持。,screened
行为动作,行为动作 / 未完成 / 失败,23,hold,[],行为动作 / 未完成 / 失败,仅凭分类名称无法确定具体场景或稳定来源，缺乏明确的场景或承载环境支持。,screened
行为动作,行为动作 / 机动动作 / 划水动作,90,reject,[],划水动作,划水动作属于抽象符号或孤立小物特写，缺乏稳定有用的场景或承载区域来源。,screened
行为动作,行为动作 / 机动动作 / 自行车跳跃,22,reject,[],自行车跳跃,该动作主要表现为孤立的体育行为，缺乏稳定、普遍的场景或承载面来源，属于抽象符号类动作，无持续性环境支撑。,screened
行为动作,行为动作 / 机动动作 / 足球射门,23,reject,[],足球射门,仅提供抽象动作符号，无稳定可用的场景或承载区域来源,screened
行为动作,行为动作 / 杂耍球,23,reject,[],杂耍球相关的行为动作,杂耍球主要表现为抽象符号或孤立小物特写，缺乏稳定、可用的场景或承载区域来源,screened
行为动作,行为动作 / 查看手表,23,reject,[],查看手表的行为,该分类仅涉及抽象符号或孤立小物特写，缺乏稳定有用的场景或承载区域来源。,screened
行为动作,行为动作 / 校准,21,hold,[],行为动作 / 校准,仅凭分类名称无法确定其具体场景或是否存在稳定有用的来源,screened
行为动作,行为动作 / 校准眼镜,23,hold,[],行为动作 / 校准眼镜,仅凭分类名称无法确定是否存在稳定有用的场景或承载区域来源,screened
行为动作,行为动作 / 梳头,23,reject,[],行为动作 / 梳头,梳头属于抽象符号或个人行为特写，缺乏稳定、可编辑的场景或承载区域来源。,screened
行为动作,行为动作 / 梳头发,19,reject,[],行为动作 / 梳头发,该分类主要涉及抽象符号或个人行为特写，缺乏稳定、可编辑的场景或承载区域来源。,screened
行为动作,行为动作 / 梳理毛发的狗,23,hold,[],行为动作 / 梳理毛发的狗,仅凭分类名称无法确定是否存在稳定有用的场景或承载区域来源,screened
行为动作,行为动作 / 检查轮胎,22,reject,[],检查轮胎的行为,该类别主要涉及抽象行为和孤立物品操作，缺乏稳定、可编辑的场景或承载环境来源。,screened
行为动作,行为动作 / 橱窗展示,23,hold,[],行为动作 / 橱窗展示,仅凭分类名称无法确定是否存在稳定有用的场景或承载区域来源,screened
行为动作,行为动作 / 比赛 / 体育竞赛,19,keep,"[""体育竞赛现场"", ""运动场馆"", ""户外比赛环境""]",各类体育竞赛的举办场景，包括室内场馆、室外场地等,体育竞赛通常发生在有明确场景和承载面的环境中，如球场、跑道、体育馆等，具有稳定且可编辑的场景来源。,screened
行为动作,行为动作 / 比赛 / 政治竞选,22,reject,[],政治竞选,该类别主要提供抽象符号和文字内容，缺乏稳定、可编辑的场景或承载区域来源。,screened
行为动作,行为动作 / 比赛 / 自行车赛,16,keep,"[""交通环境"", ""户外场景""]",自行车赛通常发生在道路、赛道等开放空间，具有明确的场景和承载环境,自行车赛常见于道路或赛道等公开交通环境中，具有稳定且可编辑的场景来源,screened
行为动作,行为动作 / 比赛 / 赛跑,22,keep,"[""运动场景"", ""户外环境"", ""公共空间""]",赛跑类行为在各类开放空间中的发生场景,赛跑通常发生在户外或公共空间，具有稳定的场景来源和可编辑的环境结构,screened
行为动作,行为动作 / 比赛 / 铁人三项,23,hold,[],铁人三项比赛的相关场景,仅凭分类名称无法确定是否存在稳定有用的场景或承载区域来源,screened
行为动作,行为动作 / 毕业典礼,20,hold,[],毕业典礼相关的行为场景,仅凭分类名称无法确定是否存在稳定有用的场景来源或承载环境,screened
行为动作,行为动作 / 水上摩托运动,23,keep,"[""水上环境"", ""交通场景"", ""户外活动""]",水上摩托运动发生的场景，包括湖泊、河流、海洋等水域及周边开放空间,水上摩托运动通常发生在稳定的水域环境中，具有明确的场景和承载面，能提供可编辑的动态行为背景,screened
行为动作,行为动作 / 水下潜水,18,keep,"[""水下环境"", ""海洋场景""]",水下潜水相关的场景和环境,水下潜水具有稳定的水下环境来源，包含可编辑的承载面和自然场景，适合召回相关图片。,screened
行为动作,行为动作 / 水滑行,23,hold,[],行为动作 / 水滑行,仅凭分类名称无法确定是否存在稳定有用的场景或承载区域来源,screened
行为动作,行为动作 / 波浪运动 / 海浪,25,keep,"[""海洋环境"", ""海岸线""]",海浪在自然水域中的运动场景,海浪是海洋环境中稳定存在的自然现象，具有明确的场景来源和可编辑的承载面。,screened
行为动作,行为动作 / 波浪运动 / 涟漪,23,reject,[],波浪运动和涟漪相关的抽象动态现象,该分类主要描述抽象的动态现象，缺乏稳定、可编辑的场景或承载面来源，属于纯符号性或视觉效果，无实际可操作的环境结构。,screened
行为动作,行为动作 / 洗脚,22,hold,[],行为动作 / 洗脚,仅凭分类名称无法确定是否存在稳定有用的场景或承载区域来源,screened
行为动作,行为动作 / 洗衣服,22,hold,[],行为动作 / 洗衣服,仅凭分类名称无法确定是否存在稳定有用的场景或承载区域来源,screened
行为动作,行为动作 / 洞穴探险,23,hold,[],行为动作 / 洞穴探险,仅凭分类名称无法确定是否存在稳定有用的场景或承载区域来源,screened
行为动作,行为动作 / 流动,20,hold,[],行为动作 / 流动,仅凭分类名称无法确定具体场景或稳定来源，缺乏明确的场景或承载环境支撑。,screened
行为动作,行为动作 / 浇筑混凝土,21,reject,[],行为动作 / 浇筑混凝土,浇筑混凝土属于具体施工行为，缺乏稳定、通用的场景或承载环境来源，主要为抽象施工过程，无明确可编辑的环境结构或空间支撑。,screened
行为动作,行为动作 / 浪费,23,hold,[],行为动作 / 浪费,仅凭分类名称无法确定具体场景或是否存在稳定有用的来源,screened
行为动作,行为动作 / 浮动,22,hold,[],行为动作 / 浮动,仅凭分类名称无法确定具体场景或是否存在稳定有用的来源,screened
行为动作,行为动作 / 涂粉底,21,hold,[],行为动作 / 涂粉底,仅凭分类名称无法确定具体场景或是否存在稳定有用的来源,screened
行为动作,行为动作 / 涂鸦签名,23,reject,[],行为动作 / 涂鸦签名,涂鸦签名多为抽象符号或孤立小物特写，缺乏稳定有用的场景或承载区域来源。,screened
行为动作,行为动作 / 涉水而行,23,hold,[],行为动作 / 涉水而行,仅凭分类名称无法确定是否存在稳定有用的场景或承载区域来源,screened
行为动作,行为动作 / 涉过泥地,23,keep,"[""自然环境"", ""庭院公园"", ""户外场景""]",涉及泥地的行为动作，如行走、奔跑、涉水等在自然或户外场景中的表现,涉过泥地的行为常见于自然或户外环境，具有稳定且可编辑的场景来源,screened
行为动作,行为动作 / 淘金,23,hold,[],行为动作 / 淘金,仅凭分类名称无法确定是否存在稳定有用的场景或承载区域来源,screened
行为动作,行为动作 / 清洁窗户,22,hold,[],行为动作 / 清洁窗户,仅凭分类名称无法确定是否存在稳定有用的场景或承载区域来源,screened
行为动作,行为动作 / 滑动 / 单板滑雪,23,reject,[],单板滑雪行为,该类别主要为抽象动作符号，缺乏稳定、可编辑的场景或承载环境来源。,screened
行为动作,行为动作 / 滚翻,22,hold,[],行为动作 / 滚翻,仅凭分类名称无法确定是否存在稳定有用的场景或承载区域来源,screened
行为动作,行为动作 / 漂流,20,hold,[],行为动作 / 漂流,仅凭分类名称无法确定是否存在稳定有用的场景或承载区域来源。,screened
行为动作,行为动作 / 演出 / 独奏,23,hold,[],行为动作 / 演出 / 独奏,仅凭分类名称无法确定是否存在稳定有用的场景或承载区域来源。,screened
行为动作,行为动作 / 潜水 / 跳板跳水,22,keep,"[""水域环境"", ""跳板场景"", ""海洋活动""]",涉及跳板跳水的行为场景，包括跳板设置、跳水动作及周围水域环境,潜水类行为中跳板跳水具有稳定的场景来源，常见于水域环境和特定设施场景，具备可编辑的承载与动作结构,screened
行为动作,行为动作 / 潜水 / 跳水崖,17,reject,[],跳水崖相关场景,跳水崖属于特定运动场景，缺乏稳定、普遍的承载或环境来源，主要为抽象符号或孤立动作，无广泛适用的场景支持,screened
行为动作,行为动作 / 潮汐,18,reject,[],潮汐,潮汐是自然现象，属于抽象符号和纯文字描述，缺乏稳定、可用的场景或承载区域来源。,screened
行为动作,行为动作 / 激流回旋,23,reject,[],激流回旋行为,该类别主要为抽象符号或纯文字描述，缺乏稳定、可编辑的场景或承载区域来源。,screened
行为动作,行为动作 / 点亮,20,reject,[],行为动作 / 点亮,点亮通常为抽象符号或纯文字，缺乏稳定、可编辑的场景或承载区域来源,screened
行为动作,行为动作 / 烤乳猪,23,reject,[],烤乳猪的行为动作,该分类主要涉及抽象行为和烹饪过程，缺乏稳定、可编辑的场景或承载环境来源。,screened
行为动作,行为动作 / 烤棉花糖,22,reject,[],行为动作 / 烤棉花糖,该分类主要涉及抽象行为和符号化动作，缺乏稳定、可编辑的场景或承载环境来源。,screened
行为动作,行为动作 / 烧成焦炭,23,reject,[],行为动作 / 烧成焦炭,该分类仅涉及抽象行为结果，缺乏稳定、可编辑的场景或承载环境来源。,screened
行为动作,行为动作 / 照手电筒,23,reject,[],行为动作 / 照手电筒,该分类主要涉及抽象符号或孤立小物特写，缺乏稳定有用的场景或承载区域来源。,screened
行为动作,行为动作 / 爬山,23,keep,"[""自然环境"", ""户外活动""]",爬山行为发生的自然场景和户外环境,爬山通常发生在自然地形和户外环境中，具有稳定且广泛的场景来源,screened
行为动作,行为动作 / 物理动作 / 劈砍,23,reject,[],物理动作类行为,劈砍主要表现为抽象符号或孤立动作特写，缺乏稳定、可编辑的场景或承载区域来源。,screened
行为动作,行为动作 / 物理动作 / 漂移,22,hold,[],行为动作 / 物理动作 / 漂移,仅凭分类名称无法确定具体场景或稳定来源，缺乏明确的场景或承载环境支持。,screened
行为动作,行为动作 / 玩乒乓球,21,hold,[],行为动作 / 玩乒乓球,仅凭分类名称无法确定是否存在稳定有用的场景或承载区域来源,screened
行为动作,行为动作 / 玩台球,21,hold,[],行为动作 / 玩台球,仅凭分类名称无法确定是否存在稳定有用的场景或承载区域来源,screened
行为动作,行为动作 / 玩啤酒乒乓,23,hold,[],行为动作 / 玩啤酒乒乓,仅凭分类名称无法确定具体场景或稳定来源，缺乏明确的场景或承载环境支持。,screened
行为动作,行为动作 / 玩多米诺骨牌,22,hold,[],行为动作 / 玩多米诺骨牌,仅凭分类名称无法确定是否存在稳定有用的场景或承载区域来源。,screened
行为动作,行为动作 / 玩大富翁,23,hold,[],行为动作 / 玩大富翁,仅凭分类名称无法确定具体场景或稳定来源，缺乏明确的场景或承载环境支持。,screened
行为动作,行为动作 / 玩弹珠,22,hold,[],行为动作 / 玩弹珠,仅凭分类名称无法确定是否存在稳定有用的场景或承载区域来源,screened
行为动作,行为动作 / 玩弹球机,23,hold,[],行为动作 / 玩弹球机,仅凭分类名称无法确定是否存在稳定有用的场景或承载区域来源,screened
行为动作,行为动作 / 玩彩弹,22,reject,[],行为动作 / 玩彩弹,玩彩弹通常为抽象符号或孤立小物特写，缺乏稳定有用的场景或承载区域来源。,screened
行为动作,行为动作 / 玩拍手游戏,23,reject,[],行为动作 / 玩拍手游戏,该分类仅涉及抽象行为符号，缺乏稳定、可编辑的场景或承载环境来源。,screened
行为动作,行为动作 / 玩拼字游戏,22,reject,[],行为动作 / 玩拼字游戏,该类别主要涉及抽象符号和文字游戏，缺乏稳定、可编辑的场景或承载区域来源。,screened
行为动作,行为动作 / 玩沙狐球,22,reject,[],行为动作 / 玩沙狐球,该分类属于抽象符号或特定游戏行为，缺乏稳定、通用的场景或承载环境来源。,screened
行为动作,行为动作 / 玩激光枪战,22,reject,[],行为动作 / 玩激光枪战,该分类主要涉及抽象符号或纯文字，缺乏稳定、可用的场景或承载区域来源。,screened
行为动作,行为动作 / 玩街机,18,hold,[],行为动作 / 玩街机,仅凭分类名称无法确定是否存在稳定有用的场景或承载区域来源,screened
行为动作,行为动作 / 玩踢球,23,hold,[],行为动作 / 玩踢球,仅凭分类名称无法确定是否存在稳定有用的场景或承载区域来源,screened
行为动作,行为动作 / 玩飞镖,22,reject,[],行为动作 / 玩飞镖,飞镖游戏通常只提供抽象符号或孤立小物特写，缺乏稳定、通用的场景或承载区域来源。,screened
行为动作,行为动作 / 玩魔方,24,hold,[],行为动作 / 玩魔方,仅凭分类名称无法确定是否存在稳定有用的场景或承载区域来源,screened
行为动作,行为动作 / 生产 / 输出,23,hold,[],生产过程中的输出行为,仅凭分类名称无法确定具体场景或稳定来源，缺乏明确的场景或承载环境支持,screened
行为动作,行为动作 / 甩头,23,hold,[],行为动作 / 甩头,仅凭分类名称无法确定是否存在稳定有用的场景或承载区域来源,screened
行为动作,行为动作 / 电影首映,45,hold,[],电影首映行为,仅凭分类名称无法确定是否存在稳定有用的场景或承载区域来源,screened
行为动作,行为动作 / 画眼线,23,reject,[],行为动作 / 画眼线,该分类主要涉及抽象符号和纯文字，缺乏稳定、可用的场景或承载区域来源。,screened
行为动作,行为动作 / 直接行动,23,hold,[],行为动作 / 直接行动,仅凭分类名称无法确定具体场景或是否存在稳定有用的来源,screened
行为动作,行为动作 / 直立 / 闲站着,23,hold,[],行为动作 / 直立 / 闲站着,仅凭分类名称无法确定是否存在稳定有用的场景或承载区域来源,screened
行为动作,行为动作 / 眉部脱蜡,23,reject,[],行为动作 / 眉部脱蜡,该分类属于抽象符号或纯文字描述，缺乏稳定、可用的场景或承载区域来源。,screened
行为动作,行为动作 / 看电视,23,hold,[],行为动作 / 看电视,仅凭分类名称无法确定是否存在稳定有用的场景或承载区域来源,screened
行为动作,行为动作 / 眨眼,23,reject,[],行为动作 / 眨眼,眨眼属于抽象符号和纯文字表现，缺乏稳定、可用的场景或承载区域来源。,screened
行为动作,行为动作 / 着陆 / 触地,23,hold,[],行为动作 / 着陆 / 触地,仅凭分类名称无法确定是否存在稳定有用的场景或承载区域来源。,screened
行为动作,行为动作 / 睡觉 / 小睡,23,hold,[],行为动作 / 睡觉 / 小睡,仅凭分类名称无法确定是否存在稳定有用的场景或承载区域来源。,screened
行为动作,行为动作 / 睡觉 / 暂缓决定,23,hold,[],行为动作 / 睡觉 / 暂缓决定,仅凭分类名称无法确定是否存在稳定有用的场景或承载区域来源。,screened
行为动作,行为动作 / 石头剪刀布,22,reject,[],行为动作 / 石头剪刀布,该分类仅包含抽象符号和游戏动作，缺乏稳定、可用的场景或承载环境来源。,screened
行为动作,行为动作 / 研究反物质,19,reject,[],研究反物质,该类别属于抽象科学概念，缺乏稳定、可用的场景或承载环境来源。,screened
行为动作,行为动作 / 硬件操作,23,hold,[],行为动作与硬件操作的关联场景,仅凭分类名称无法确定具体场景或是否存在稳定有用的来源,screened
行为动作,行为动作 / 碎纸,22,reject,[],碎纸行为,碎纸属于抽象符号或孤立小物特写，缺乏稳定有用的场景或承载区域来源,screened
行为动作,行为动作 / 磨刀,22,reject,[],行为动作 / 磨刀,磨刀属于抽象符号或孤立小物特写，缺乏稳定有用的场景或承载区域来源。,screened
行为动作,行为动作 / 社交与日常行为 / 作为,16,hold,[],作为类行为的范畴,仅凭'作为'无法确定具体场景或稳定来源，缺乏明确的场景或承载环境支撑,screened
行为动作,行为动作 / 社交与日常行为 / 卷起,16,hold,[],卷起这一行为在日常社交或生活场景中的表现,仅凭'卷起'这一动作名称无法确定其具体场景或是否具有稳定、可编辑的来源,screened
行为动作,行为动作 / 社交与日常行为 / 合影,17,keep,"[""社交场景"", ""日常活动""]",涉及人们共同参与的合影行为，如家庭聚会、朋友聚会、节日庆典等,合影行为常见于多种社交场景，具有稳定且广泛的场景来源，能提供丰富的可编辑环境和承载面,screened
行为动作,行为动作 / 社交与日常行为 / 社交活动,20,keep,"[""社交场景"", ""日常聚会"", ""公共活动""]",各类社交互动和日常生活中常见的社交行为场景,社交活动通常发生在稳定且可观察的场景中，如家庭聚会、朋友聚餐、公共活动等，具有明确的场景和承载环境。,screened
行为动作,行为动作 / 社交互动动作 / 争论,23,hold,[],社交互动动作中的争论行为,仅凭分类名称无法确定是否存在稳定有用的场景或承载区域来源,screened
行为动作,行为动作 / 社交互动动作 / 交谈,46,hold,[],社交互动动作,仅凭分类名称无法确定具体场景或稳定来源，缺乏明确的场景或承载环境支持,screened
行为动作,行为动作 / 社交互动动作 / 亲吻,19,reject,[],亲吻动作,亲吻属于抽象社交行为，缺乏稳定、可编辑的场景或承载环境来源，通常为孤立动作特写，无普遍适用的场景支撑。,screened
行为动作,行为动作 / 社交互动动作 / 作揖,23,reject,[],作揖这一动作通常出现在特定文化或礼仪场景中，如正式场合、节日庆典等,作揖属于抽象礼仪动作，缺乏稳定、普遍的场景或承载环境来源，主要表现为符号性或文化特有行为，无法提供可编辑的物理环境或支撑结构。,screened
行为动作,行为动作 / 社交互动动作 / 协作,23,hold,[],社交互动动作中的协作行为,仅凭分类名称无法确定具体场景或稳定来源，缺乏明确的场景或承载环境支持,screened
行为动作,行为动作 / 社交互动动作 / 拥抱,23,reject,[],社交互动动作,拥抱属于抽象符号或纯动作表现，缺乏稳定、可编辑的场景或承载区域来源。,screened
行为动作,行为动作 / 社交互动动作 / 握手,23,reject,[],握手动作,握手属于抽象符号和社交行为特写，缺乏稳定、可编辑的场景或承载区域来源。,screened
行为动作,行为动作 / 社交互动动作 / 点头致意,23,hold,[],社交互动动作中的点头致意,仅凭分类名称无法确定是否存在稳定有用的场景或承载区域来源,screened
行为动作,行为动作 / 社交互动动作 / 照护,181,keep,"[""家庭场景"", ""养老机构"", ""日常照护环境""]",涉及人与人之间照护类的社交互动行为，如喂食、按摩、陪伴等,照护类社交互动常见于家庭、养老机构等稳定场景，具有明确的承载面和可编辑环境结构,screened
行为动作,行为动作 / 社交互动动作 / 碰杯祝酒,23,hold,[],社交互动动作中的碰杯祝酒,仅凭分类名称无法确定是否存在稳定有用的场景或承载区域来源,screened
行为动作,行为动作 / 社交互动动作 / 祝贺,23,hold,[],社交互动动作中的祝贺类行为,仅凭分类名称无法确定具体场景或稳定来源，缺乏明确的场景或承载环境支持,screened
行为动作,行为动作 / 社交互动动作 / 聚会,517,keep,"[""聚会场景"", ""社交环境"", ""公共空间""]",各类社交聚会场景，如家庭聚会、朋友聚餐、节日庆典等,聚会场景具有稳定且常见的来源，涵盖多种室内和室外社交环境，能提供丰富的可编辑空间和互动结构。,screened
行为动作,行为动作 / 社交互动动作 / 让座,21,hold,[],社交互动动作中的让座行为,仅凭分类名称无法确定具体场景或稳定来源，缺乏明确的场景或承载环境支持,screened
行为动作,行为动作 / 社交互动动作 / 赠礼,21,hold,[],社交互动动作中的赠礼行为,仅凭分类名称无法确定具体场景或稳定来源，缺乏明确的场景或承载环境支持,screened
行为动作,行为动作 / 社交互动动作 / 问候致意,23,hold,[],社交互动动作,仅凭分类名称无法确定具体场景或稳定来源，缺乏明确的场景或承载环境支持,screened
行为动作,行为动作 / 社交互动动作 / 鞠躬,22,reject,[],社交互动动作,鞠躬属于抽象符号或特定文化行为，缺乏稳定、普遍的场景或承载区域来源。,screened
行为动作,行为动作 / 社交互动动作 / 鼓掌喝彩,23,reject,[],社交互动动作中的鼓掌喝彩,鼓掌喝彩多为抽象符号或孤立动作，缺乏稳定、可编辑的场景或承载环境来源,screened
行为动作,行为动作 / 社会控制 / 义务,20,reject,[],社会控制与义务相关的抽象概念,该类别主要涉及抽象符号和制度性描述，缺乏稳定、可编辑的场景或承载环境来源。,screened
行为动作,行为动作 / 社会控制 / 军事控制,23,reject,[],军事控制相关场景,该类别主要涉及抽象符号和纯文字，缺乏稳定、可编辑的场景或承载区域来源。,screened
行为动作,行为动作 / 社会控制 / 指导,22,hold,[],行为动作 / 社会控制 / 指导,仅凭分类名称无法确定具体场景或稳定来源，缺乏明确的场景或承载环境支持。,screened
行为动作,行为动作 / 移动 / 下潜,24,hold,[],行为动作 / 移动 / 下潜,仅凭分类名称无法确定是否存在稳定有用的场景或承载区域来源。,screened
行为动作,行为动作 / 移动 / 作冲浪运动,32,reject,[],作冲浪运动,冲浪运动主要涉及特定水域环境和运动行为，缺乏稳定、通用的承载面或场景来源，属于抽象符号类行为，无可靠场景支撑。,screened
行为动作,行为动作 / 移动 / 划水动作,20,hold,[],行为动作 / 移动 / 划水动作,仅凭分类名称无法确定是否存在稳定有用的场景或承载区域来源。,screened
行为动作,行为动作 / 移动 / 巡游,24,hold,[],行为动作 / 移动 / 巡游,仅凭分类名称无法确定具体场景或是否存在稳定有用的来源,screened
行为动作,行为动作 / 移动 / 慢跑,21,hold,[],行为动作 / 移动 / 慢跑,仅凭分类名称无法确定是否存在稳定有用的场景或承载区域来源。,screened
行为动作,行为动作 / 移动 / 攀登,32,hold,[],行为动作 / 移动 / 攀登,仅凭分类名称无法确定是否存在稳定有用的场景或承载区域来源。,screened
行为动作,行为动作 / 移动 / 溜冰,29,hold,[],行为动作 / 移动 / 溜冰,仅凭分类名称无法确定是否存在稳定有用的场景或承载区域来源。,screened
行为动作,行为动作 / 移动 / 滑雪,36,hold,[],行为动作 / 移动 / 滑雪,仅凭分类名称无法确定是否存在稳定有用的场景或承载区域来源。,screened
行为动作,行为动作 / 移动 / 环形,23,hold,[],行为动作 / 移动 / 环形,仅凭分类名称无法确定是否存在稳定有用的场景或承载区域来源。,screened
行为动作,行为动作 / 移动 / 跑步机跑步,23,reject,[],跑步机跑步,该类别主要为抽象符号或设备特写，缺乏稳定、通用的场景或承载区域来源。,screened
行为动作,行为动作 / 移动 / 问候,22,hold,[],行为动作 / 移动 / 问候,仅凭分类名称无法确定具体场景或稳定来源，缺乏明确的场景或承载环境支持。,screened
行为动作,行为动作 / 移动 / 飞,20,reject,[],飞这一行为的动作场景,飞通常表现为抽象符号或纯文字，缺乏稳定、可编辑的场景或承载区域来源,screened
行为动作,行为动作 / 移动 / 骑马,23,hold,[],行为动作 / 移动 / 骑马,仅凭分类名称无法确定是否存在稳定有用的场景或承载区域来源。,screened
行为动作,行为动作 / 空中秋千表演,23,hold,[],空中秋千表演,无法确定是否存在稳定有用的场景或承载区域来源,screened
行为动作,行为动作 / 穿纱丽,23,reject,[],行为动作 / 穿纱丽,该分类主要涉及抽象符号或纯文字，缺乏稳定、可用的场景或承载区域来源。,screened
行为动作,行为动作 / 穿针,23,hold,[],行为动作 / 穿针,仅凭分类名称无法确定是否存在稳定有用的场景或承载区域来源,screened
行为动作,行为动作 / 穿鞋,20,hold,[],行为动作 / 穿鞋,仅凭分类名称无法确定是否存在稳定有用的场景或承载区域来源,screened
行为动作,行为动作 / 突出表现,23,hold,[],行为动作 / 突出表现,仅凭分类名称无法确定具体场景或是否存在稳定有用的来源,screened
行为动作,行为动作 / 竞走,18,hold,[],行为动作 / 竞走,仅凭分类名称无法确定是否存在稳定有用的场景或承载区域来源。,screened
行为动作,行为动作 / 篮球扣篮,23,reject,[],篮球扣篮,该行为主要表现为动作特写，缺乏稳定、可编辑的场景或承载区域来源，属于抽象符号类行为，无明确环境支撑。,screened
行为动作,行为动作 / 组装自行车,23,hold,[],行为动作 / 组装自行车,仅凭分类名称无法确定是否存在稳定有用的场景或承载区域来源,screened
行为动作,行为动作 / 经历事件,23,hold,[],行为动作 / 经历事件,仅凭分类名称无法确定具体场景或是否存在稳定有用的来源,screened
行为动作,行为动作 / 结合,23,hold,[],行为动作与结合相关的场景,仅凭'结合'无法确定具体场景或稳定来源，缺乏明确的场景或承载环境支持,screened
行为动作,行为动作 / 给予,22,hold,[],行为动作 / 给予,仅凭分类名称无法确定具体场景或是否存在稳定有用的来源,screened
行为动作,行为动作 / 给气球充气,23,hold,[],行为动作 / 给气球充气,仅凭分类名称无法确定是否存在稳定有用的场景或承载区域来源,screened
行为动作,行为动作 / 继续动作,22,hold,[],行为动作 / 继续动作,仅凭分类名称无法确定具体场景或是否存在稳定有用的来源,screened
行为动作,行为动作 / 继续跑,23,reject,[],行为动作 / 继续跑,该分类仅表示抽象行为动作，缺乏稳定、可编辑的场景或承载环境来源。,screened
行为动作,行为动作 / 绳索下压,15,hold,[],行为动作 / 绳索下压,仅凭分类名称无法确定具体场景或是否存在稳定有用的来源,screened
行为动作,行为动作 / 绳降,23,reject,[],绳降相关的行为场景,绳降属于抽象动作，缺乏稳定、可编辑的场景或承载面来源，通常仅出现在特定专业环境，无普遍适用的场景支持,screened
行为动作,行为动作 / 编辫子,20,hold,[],行为动作 / 编辫子,仅凭分类名称无法确定是否存在稳定有用的场景或承载区域来源,screened
行为动作,行为动作 / 缝制,23,hold,[],缝制行为相关的场景,仅凭'缝制'无法确定稳定或可用的场景来源或承载环境,screened
行为动作,行为动作 / 网球比赛,23,keep,"[""体育赛事"", ""室外运动场景"", ""公共活动空间""]",网球比赛相关的室外体育赛事和公共运动场景,网球比赛通常发生在室外场地，具有稳定的场景来源和可编辑的环境结构。,screened
行为动作,行为动作 / 翻瓶,23,hold,[],行为动作 / 翻瓶,仅凭分类名称无法确定具体场景或是否存在稳定有用的来源,screened
行为动作,行为动作 / 耀斑观测,21,reject,[],行为动作 / 耀斑观测,耀斑观测属于抽象天文现象，缺乏稳定、可编辑的场景或承载环境来源，仅提供符号化描述，无实际场景支持。,screened
行为动作,行为动作 / 聆听,20,hold,[],行为动作 / 聆听,仅凭分类名称无法确定是否存在稳定有用的场景或承载区域来源,screened
行为动作,行为动作 / 联结 / 拴,24,hold,[],行为动作 / 联结 / 拴,仅凭分类名称无法确定具体场景或稳定来源，缺乏明确的场景或承载环境支持。,screened
行为动作,行为动作 / 联结 / 拼凑,24,hold,[],行为动作 / 联结 / 拼凑,仅凭分类名称无法确定具体场景或稳定来源，缺乏明确的场景或承载环境支持。,screened
行为动作,行为动作 / 联结 / 连接,136,hold,[],行为动作 / 联结 / 连接,仅凭分类名称无法确定具体场景或稳定来源，缺乏明确的场景或承载环境支持。,screened
行为动作,行为动作 / 聚拢 / 聚集,23,hold,[],行为动作 / 聚拢 / 聚集,仅凭分类名称无法确定具体场景或是否存在稳定有用的来源,screened
行为动作,行为动作 / 肖像拍摄,23,hold,[],行为动作 / 肖像拍摄,仅凭分类名称无法确定是否存在稳定有用的场景或承载区域来源,screened
行为动作,行为动作 / 背部脱蜡,22,reject,[],行为动作 / 背部脱蜡,该分类属于抽象符号或特定工艺动作，缺乏稳定、通用的场景或承载环境来源。,screened
行为动作,行为动作 / 脉冲信号,23,reject,[],脉冲信号,脉冲信号属于抽象符号和纯文字，缺乏稳定有用的场景或承载区域来源,screened
行为动作,行为动作 / 脸部着地摔倒,20,reject,[],行为动作 / 脸部着地摔倒,该分类主要描述抽象行为，缺乏稳定、可编辑的场景或承载区域来源，属于纯动作符号，无实际环境支撑。,screened
行为动作,行为动作 / 腋毛脱蜡,23,reject,[],行为动作 / 腋毛脱蜡,该分类属于个人护理行为，缺乏稳定、通用的场景或承载环境来源，主要为抽象符号或隐私相关特写，不符合可编辑环境结构要求。,screened
行为动作,行为动作 / 腿部脱蜡,23,reject,[],行为动作 / 腿部脱蜡,腿部脱蜡属于抽象符号或特定医疗行为，缺乏稳定、通用的场景或承载环境来源。,screened
行为动作,行为动作 / 自拍,22,hold,[],行为动作 / 自拍,仅凭分类名称无法确定是否存在稳定有用的场景或承载区域来源,screened
行为动作,行为动作 / 舐,38,hold,[],行为动作 / 舐,仅凭'舐'这一动作名称无法确定其稳定场景或承载环境来源，缺乏明确的场景关联,screened
行为动作,行为动作 / 艺术线条画,23,reject,[],艺术线条画,主要为抽象符号或纯文字表现，缺乏稳定、可用的场景或承载区域来源,screened
行为动作,行为动作 / 艺术表演动作 / 乐器演奏,182,hold,[],乐器演奏,仅凭分类名称无法确定是否存在稳定有用的场景或承载区域来源,screened
行为动作,行为动作 / 艺术表演动作 / 书法,23,reject,[],书法动作,书法属于抽象符号和纯文字表现，缺乏稳定、可编辑的场景或承载区域来源。,screened
行为动作,行为动作 / 艺术表演动作 / 戏剧表演,33,hold,[],艺术表演动作 / 戏剧表演,仅凭分类名称无法确定是否存在稳定有用的场景或承载区域来源,screened
行为动作,行为动作 / 艺术表演动作 / 杂技,46,hold,[],艺术表演动作 / 杂技,仅凭分类名称无法确定是否存在稳定有用的场景或承载区域来源,screened
行为动作,行为动作 / 艺术表演动作 / 演唱,23,hold,[],艺术表演动作,仅凭'演唱'无法确定稳定场景或承载环境来源，缺乏具体可召回的场景支持,screened
行为动作,行为动作 / 艺术表演动作 / 绘画,113,reject,[],绘画动作,绘画类别主要提供抽象符号或纯文字，缺乏稳定、可用的场景或承载区域来源。,screened
行为动作,行为动作 / 艺术表演动作 / 舞蹈,512,hold,[],艺术表演动作 / 舞蹈,仅凭分类名称无法确定是否存在稳定有用的场景或承载区域来源,screened
行为动作,行为动作 / 艺术表演动作 / 雕刻,20,hold,[],艺术表演动作 / 雕刻,仅凭分类名称无法确定是否存在稳定有用的场景或承载区域来源,screened
行为动作,行为动作 / 艺术表演动作 / 魔术,23,hold,[],艺术表演动作 / 魔术,仅凭分类名称无法确定是否存在稳定有用的场景或承载区域来源,screened
行为动作,行为动作 / 草坪游戏,23,keep,"[""庭院公园"", ""自然环境""]",草坪游戏在庭院或公园等开放自然空间中的常见行为场景,草坪游戏通常发生在庭院公园或自然环境中，具有稳定且常见的场景来源,screened
行为动作,行为动作 / 获取 / 取得,23,hold,[],行为动作 / 获取 / 取得,仅凭分类名称无法确定具体场景或是否存在稳定有用的来源,screened
行为动作,行为动作 / 获取 / 接待,23,hold,[],行为动作 / 获取 / 接待,仅凭分类名称无法确定具体场景或是否存在稳定有用的来源,screened
行为动作,行为动作 / 萃取意式浓缩咖啡,23,reject,[],行为动作 / 萃取意式浓缩咖啡,该分类主要涉及抽象行为和动作，缺乏稳定、可编辑的场景或承载环境来源，仅表现为符号性或文字性描述，无实际场景支撑。,screened
行为动作,行为动作 / 行动方针 / 生活方式,22,hold,[],生活中的行为与选择倾向,仅凭分类名称无法确定具体场景或稳定来源，缺乏明确的场景化支撑,screened
行为动作,行为动作 / 行动计划 / 方案,23,hold,[],行为动作 / 行动计划 / 方案,仅凭分类名称无法确定具体场景或稳定来源，缺乏明确的场景或承载环境支持。,screened
行为动作,行为动作 / 行动计划 / 足球战术配合,46,reject,[],足球战术配合,该分类主要涉及抽象战术规划，缺乏稳定、可编辑的场景或承载环境来源。,screened
行为动作,行为动作 / 行进,23,hold,[],行为动作 / 行进,仅凭分类名称无法确定具体场景或是否存在稳定有用的来源,screened
行为动作,行为动作 / 表征 / 图像表征,23,reject,[],图像表征相关的内容,该分类主要涉及抽象符号或纯文字，缺乏稳定、具体的场景或承载区域来源。,screened
行为动作,行为动作 / 表现得体 / 谦逊,24,reject,[],该类别主要表现为抽象的社交态度或语言表达，缺乏稳定、可编辑的物理场景或承载环境,谦逊作为一种行为表现，多为抽象符号或语言描述，缺乏具体、稳定的物理场景或可编辑环境支撑,screened
行为动作,行为动作 / 裹面包屑,23,hold,[],行为动作 / 裹面包屑,仅凭分类名称无法确定是否存在稳定有用的场景或承载区域来源,screened
行为动作,行为动作 / 观看动画,23,reject,[],行为动作 / 观看动画,该分类主要涉及抽象符号或纯文字，缺乏稳定、可编辑的场景或承载区域来源。,screened
行为动作,行为动作 / 角色扮演,23,hold,[],行为动作 / 角色扮演,仅凭分类名称无法确定具体场景或是否存在稳定有用的来源,screened
行为动作,行为动作 / 触摸 / 击打,90,hold,[],行为动作 / 触摸 / 击打,仅凭分类名称无法确定具体场景或稳定来源，缺乏明确的场景或承载环境支持。,screened
行为动作,行为动作 / 触摸 / 挠痒,23,reject,[],触碰类行为,该类别主要为抽象动作，缺乏稳定、可编辑的场景或承载区域来源。,screened
行为动作,行为动作 / 言语行为,23,hold,[],言语行为,仅凭分类名称无法确定具体场景或是否存在稳定有用的来源,screened
行为动作,行为动作 / 讨论,23,hold,[],行为动作 / 讨论,仅凭分类名称无法确定具体场景或稳定来源，缺乏明确的场景或承载环境支持。,screened
行为动作,行为动作 / 评价,23,hold,[],行为动作 / 评价,仅凭分类名称无法确定具体场景或是否存在稳定有用的来源,screened
行为动作,行为动作 / 说话 / 交谈,124,hold,[],行为动作 / 说话 / 交谈,仅凭分类名称无法确定具体场景或是否存在稳定有用的来源,screened
行为动作,行为动作 / 请求动作,15,hold,[],行为动作 / 请求动作,仅凭分类名称无法确定具体场景或是否存在稳定有用的来源,screened
行为动作,行为动作 / 请求动作 / 定单,22,reject,[],请求动作类行为,该类别主要为抽象符号或文字表达，缺乏稳定、可编辑的场景或承载区域来源。,screened
行为动作,行为动作 / 请求动作 / 恳求,28,hold,[],行为动作 / 请求动作 / 恳求,仅凭分类名称无法确定具体场景或是否存在稳定有用的来源,screened
行为动作,行为动作 / 课程 / 健身课程,20,hold,[],行为动作 / 课程 / 健身课程,仅凭分类名称无法确定是否存在稳定有用的场景或承载区域来源。,screened
行为动作,行为动作 / 课程 / 研究会,23,hold,[],行为动作 / 课程 / 研究会,仅凭分类名称无法确定是否存在稳定有用的场景或承载区域来源,screened
行为动作,行为动作 / 贪婪 / 扣钩,23,reject,[],行为动作 / 贪婪 / 扣钩,该分类主要涉及抽象行为或符号化动作，缺乏稳定、可编辑的场景或承载环境来源。,screened
行为动作,行为动作 / 购物交易动作 / 所购物,28,hold,[],所购物,仅凭分类名称无法确定具体场景或稳定来源，缺乏明确的场景或承载环境支持,screened
行为动作,行为动作 / 赶牛,23,hold,[],行为动作 / 赶牛,仅凭分类名称无法确定是否存在稳定有用的场景或承载区域来源,screened
行为动作,行为动作 / 起重帽操作,23,reject,[],起重帽操作,该类别主要涉及抽象符号或孤立小物特写，缺乏稳定有用的场景或承载区域来源。,screened
行为动作,行为动作 / 足球竞赛,23,keep,"[""体育赛事"", ""室外场地"", ""公共活动""]",足球竞赛相关的室外比赛场景,足球竞赛通常发生在室外场地，具有稳定且丰富的场景来源，包含观众、球场、球员等可编辑环境元素。,screened
行为动作,行为动作 / 跑酷,23,hold,[],行为动作 / 跑酷,仅凭分类名称无法确定是否存在稳定有用的场景或承载区域来源,screened
行为动作,行为动作 / 跨栏赛,22,reject,[],跨栏赛相关的行为动作,跨栏赛主要表现为抽象符号或运动特写，缺乏稳定、通用的场景或承载环境来源。,screened
行为动作,行为动作 / 跪下,23,hold,[],行为动作 / 跪下,仅凭分类名称无法确定是否存在稳定有用的场景或承载区域来源,screened
行为动作,行为动作 / 跳入,23,hold,[],行为动作 / 跳入,仅凭'跳入'无法确定稳定场景或承载环境来源，缺乏具体场景支持,screened
行为动作,行为动作 / 踩葡萄,23,reject,[],行为动作 / 踩葡萄,该行为属于具体动作且缺乏稳定、通用的场景或承载环境来源，多为孤立动作特写，无明确可编辑的场景或空间结构。,screened
行为动作,行为动作 / 蹦床弹跳,23,hold,[],行为动作 / 蹦床弹跳,仅凭分类名称无法确定是否存在稳定有用的场景或承载区域来源,screened
行为动作,行为动作 / 蹦极,23,reject,[],行为动作 / 蹦极,蹦极属于抽象符号和高风险动作，缺乏稳定、通用的场景或承载环境来源。,screened
行为动作,行为动作 / 蹲,23,hold,[],行为动作 / 蹲,仅凭'蹲'这一动作无法确定其稳定存在的场景或承载环境来源。,screened
行为动作,行为动作 / 躺着,23,hold,[],行为动作 / 躺着,仅凭分类名称无法确定是否存在稳定有用的场景或承载区域来源,screened
行为动作,行为动作 / 转向操作 / 导航,22,hold,[],行为动作 / 转向操作 / 导航,仅凭分类名称无法确定是否存在稳定有用的场景或承载区域来源。,screened
行为动作,行为动作 / 转向操作 / 控制车,23,keep,"[""交通环境"", ""驾驶场景""]",涉及车辆转向控制的行为，在道路交通中常见,转向操作通常发生在交通环境中，具有稳定且可重复的场景来源,screened
行为动作,行为动作 / 转盘子表演,23,hold,[],行为动作 / 转盘子表演,仅凭分类名称无法确定是否存在稳定有用的场景或承载区域来源,screened
行为动作,行为动作 / 轻轻一击,23,hold,[],行为动作 / 轻轻一击,仅凭分类名称无法确定具体场景或稳定来源，缺乏明确的场景或承载环境支持。,screened
行为动作,行为动作 / 返回,23,hold,[],行为动作 / 返回,仅凭分类名称无法确定具体场景或是否存在稳定有用的来源,screened
行为动作,行为动作 / 进入教堂,22,hold,[],行为动作 / 进入教堂,仅凭分类名称无法确定是否存在稳定有用的场景或承载区域来源,screened
行为动作,行为动作 / 进行战争,24,reject,[],行为动作 / 进行战争,该分类主要涉及抽象符号和战争场景中的动作，缺乏稳定、可编辑的场景或承载区域来源。,screened
行为动作,行为动作 / 进行角色扮演,23,hold,[],行为动作 / 进行角色扮演,仅凭分类名称无法确定具体场景或是否存在稳定有用的来源,screened
行为动作,行为动作 / 进食,22,keep,"[""室内餐桌场景"", ""家庭厨房场景"", ""公共餐饮环境""]",与进食相关的室内或公共场景，如餐桌、厨房、餐厅等环境,进食行为通常发生在有稳定承载面和明确场景的环境中，如餐桌、厨房台面等，具有稳定的场景来源。,screened
行为动作,行为动作 / 连续击打,23,reject,[],行为动作 / 连续击打,该类别主要描述抽象动作，缺乏稳定、可编辑的场景或承载环境来源。,screened
行为动作,行为动作 / 逆转,15,hold,[],行为动作 / 逆转,仅凭分类名称无法确定具体场景或是否存在稳定有用的来源,screened
行为动作,行为动作 / 选择 / 决定,44,hold,[],行为动作 / 选择 / 决定,仅凭分类名称无法确定具体场景或稳定来源，缺乏明确的场景或承载环境支持。,screened
行为动作,行为动作 / 遭遇事故 / 事故,22,reject,[],事故类事件,事故类多为抽象符号或孤立事件，缺乏稳定、可编辑的场景或承载环境来源,screened
行为动作,行为动作 / 遵循惯例 / 习俗,20,hold,[],遵循惯例或习俗的行为,仅凭分类名称无法确定具体场景或稳定来源，缺乏明确的场景或承载环境支持,screened
行为动作,行为动作 / 遵循惯例 / 玄学,23,reject,[],遵循惯例 / 玄学,该类别主要涉及抽象符号、纯文字或迷信内容，缺乏稳定、可编辑的场景或承载区域来源。,screened
行为动作,行为动作 / 采摘蓝莓,23,hold,[],行为动作 / 采摘蓝莓,仅凭分类名称无法确定是否存在稳定有用的场景或承载区域来源,screened
行为动作,行为动作 / 采蘑菇,23,hold,[],行为动作 / 采蘑菇,仅凭分类名称无法确定具体场景或是否存在稳定有用的来源,screened
行为动作,行为动作 / 金属探测活动,23,reject,[],金属探测活动,该类别主要涉及抽象符号或孤立小物特写，缺乏稳定有用的场景或承载区域来源。,screened
行为动作,行为动作 / 铲雪,23,keep,"[""交通环境"", ""冬季场景"", ""公共空间""]",铲雪行为主要出现在冬季的街道、人行道、停车场等公共区域,铲雪行为通常发生在有积雪的交通道路和公共空间，具有稳定且可重复的场景来源,screened
行为动作,行为动作 / 铺石,23,hold,[],行为动作 / 铺石,仅凭分类名称无法确定是否存在稳定有用的场景或承载区域来源,screened
行为动作,行为动作 / 铺设地毯,24,hold,[],行为动作 / 铺设地毯,仅凭分类名称无法确定是否存在稳定有用的场景或承载区域来源,screened
行为动作,行为动作 / 铺设露台板,23,keep,"[""庭院公园"", ""户外空间"", ""露台环境""]",涉及露台铺设的行为动作，包含在户外庭院或阳台等场景中,铺设露台板是常见于庭院公园和户外空间的稳定行为，具有明确的场景和承载面来源,screened
行为动作,行为动作 / 链球运动,21,reject,[],链球运动相关场景,链球运动主要表现为抽象符号或特定体育动作，缺乏稳定、通用的场景或承载环境来源。,screened
行为动作,行为动作 / 键入,22,reject,[],键入行为,键入动作通常只提供抽象符号或文字特写，缺乏稳定、可编辑的场景或承载区域来源。,screened
行为动作,行为动作 / 锯木,23,hold,[],行为动作 / 锯木,仅凭分类名称无法确定是否存在稳定有用的场景或承载区域来源,screened
行为动作,行为动作 / 锻造,21,hold,[],行为动作 / 锻造,仅凭分类名称无法确定是否存在稳定有用的场景或承载区域来源,screened
行为动作,行为动作 / 闪烁 / 火花,22,reject,[],行为动作 / 闪烁 / 火花,该分类主要涉及抽象符号或短暂现象，缺乏稳定、可编辑的场景或承载区域来源。,screened
行为动作,行为动作 / 闪烁 / 闪电,23,reject,[],行为动作 / 闪烁 / 闪电,该分类主要为抽象符号或纯文字表现，缺乏稳定、可编辑的场景或承载区域来源。,screened
行为动作,行为动作 / 陆地帆车运动,23,hold,[],陆地帆车运动,无法确定该行为动作是否具有稳定可用的场景或承载环境来源,screened
行为动作,行为动作 / 陶器制作,24,hold,[],行为动作 / 陶器制作,仅凭分类名称无法确定是否存在稳定有用的场景或承载区域来源,screened
行为动作,行为动作 / 雪中骑行,23,hold,[],雪中骑行的行为场景,仅凭分类名称无法确定是否存在稳定有用的场景或承载区域来源,screened
行为动作,行为动作 / 雪地摩托运动,23,keep,"[""雪地环境"", ""户外运动场景"", ""交通与活动空间""]",雪地摩托运动发生的自然与户外场景,雪地摩托运动通常发生在雪地或寒冷户外环境，具有稳定的场景来源和可编辑的承载面。,screened
行为动作,行为动作 / 雷击,23,reject,[],雷击相关的行为动作,雷击是自然现象中的抽象符号，缺乏稳定、可用的场景或承载区域来源,screened
行为动作,行为动作 / 霹雳舞,22,reject,[],行为动作 / 霹雳舞,霹雳舞主要为抽象动作和符号化表现，缺乏稳定、通用的场景或承载环境来源。,screened
行为动作,行为动作 / 靠泊船只,23,keep,"[""水域环境"", ""港口场景"", ""交通环境""]",船只在水域中靠泊的行为场景,靠泊船只通常发生在港口、码头等稳定水域场景中，具有明确的承载面和环境结构。,screened
行为动作,行为动作 / 颁奖或领奖,22,hold,[],颁奖或领奖的行为场景,仅凭分类名称无法确定是否存在稳定有用的场景或承载区域来源,screened
行为动作,行为动作 / 飞牌,24,hold,[],行为动作 / 飞牌,仅凭分类名称无法确定具体场景或稳定来源，缺乏明确的场景或承载环境支持。,screened
行为动作,行为动作 / 飞盘高尔夫,23,hold,[],行为动作 / 飞盘高尔夫,仅凭分类名称无法确定是否存在稳定有用的场景或承载区域来源,screened
行为动作,行为动作 / 餐桌布置,23,keep,"[""餐桌场景"", ""室内用餐环境"", ""家庭生活空间""]",与餐桌相关的布置行为和场景,餐桌布置常见于家庭、餐厅等室内场景，具有稳定且丰富的场景来源,screened
行为动作,行为动作 / 餐饮制作动作 / 切配,22,keep,"[""厨房"", ""室内烹饪场景""]",餐饮制作过程中涉及切配的行为场景,切配动作常见于厨房环境中，具有稳定且可编辑的承载面和场景来源,screened
行为动作,行为动作 / 餐饮制作动作 / 揉制,21,hold,[],餐饮制作动作中的揉制行为,仅凭'揉制'无法确定稳定场景或承载环境，缺乏明确的场景来源或可编辑结构,screened
行为动作,行为动作 / 餐饮制作动作 / 搅拌,20,hold,[],餐饮制作动作中的搅拌行为,仅凭'搅拌'这一动作名称无法确定其稳定场景或承载环境来源，缺乏明确的场景关联,screened
行为动作,行为动作 / 餐饮制作动作 / 摆盘,23,keep,"[""餐饮场景"", ""桌面环境"", ""摆盘场景""]",餐饮制作过程中涉及的摆盘行为及其相关场景,摆盘行为通常发生在桌面或餐桌上，具有稳定的场景来源和可编辑的承载面，适用于餐饮制作场景。,screened
行为动作,行为动作 / 餐饮制作动作 / 油炸,23,keep,"[""厨房"", ""家庭烹饪场景"", ""餐饮制作环境""]",餐饮制作动作中涉及油炸的场景，如厨房操作、家庭烹饪等,油炸动作通常发生在厨房等稳定场景中，具有明确的承载面和可编辑环境结构，能提供有效的视觉来源。,screened
行为动作,行为动作 / 餐饮制作动作 / 烘焙,23,keep,"[""厨房"", ""家庭厨房环境"", ""烘焙场景""]",涉及餐饮制作中烘焙相关的厨房行为和环境,烘焙行为通常发生在厨房环境中，具有稳定且可编辑的承载面和场景来源，符合稳定场景需求,screened
行为动作,行为动作 / 餐饮制作动作 / 烧烤,23,keep,"[""户外烧烤场景"", ""家庭厨房环境"", ""公共休闲空间""]",涉及烧烤行为的各类场景，包括户外野餐、家庭聚会、街头摊位等,烧烤行为通常发生在具有稳定承载面和开放空间的场景中，如户外草地、庭院、街边等，具备明确的环境结构和可编辑性,screened
行为动作,行为动作 / 餐饮制作动作 / 煎炒,22,keep,"[""厨房"", ""烹饪场景"", ""家庭厨房""]",餐饮制作动作中涉及煎炒的场景，如厨房内使用锅具进行食物加热和翻炒的环境,煎炒动作通常发生在厨房环境中，具有稳定且常见的场景来源，能够提供可靠的承载面和可编辑空间。,screened
行为动作,行为动作 / 餐饮制作动作 / 煲汤炖煮,23,keep,"[""厨房"", ""家庭厨房环境"", ""烹饪场景""]",餐饮制作动作中涉及加热、长时间炖煮的场景，如厨房内使用锅具进行煲汤或炖煮的过程,煲汤炖煮通常发生在厨房环境中，具有稳定且常见的场景来源，能提供可靠的承载面和可编辑空间,screened
行为动作,行为动作 / 餐饮制作动作 / 用餐,23,keep,"[""室内用餐场景"", ""家庭厨房环境"", ""餐厅环境""]",涉及用餐行为的室内场景，包括家庭厨房、餐厅等常见空间,用餐行为通常发生在有稳定承载面和环境结构的室内场景中，如餐桌、厨房台面等，具备明确且稳定的场景来源,screened
行为动作,行为动作 / 餐饮制作动作 / 腌制,22,keep,"[""厨房"", ""家庭厨房环境"", ""食品加工场景""]",餐饮制作动作中的腌制过程，常见于厨房或家庭食品加工场景,腌制动作通常发生在厨房环境中，具有稳定的场景来源和可编辑的承载面，如容器、食材摆放等,screened
行为动作,行为动作 / 餐饮制作动作 / 蒸煮,22,keep,"[""厨房"", ""烹饪场景"", ""家庭厨房""]",餐饮制作动作中涉及蒸煮的场景，如厨房内使用蒸锅、蒸箱等设备的环境,蒸煮动作通常发生在厨房等稳定场景中，具有明确的承载面和环境结构，能提供可靠的可编辑区域,screened
行为动作,行为动作 / 餐饮制作动作 / 调味,23,hold,[],餐饮制作动作中的调味相关行为,仅凭'调味'无法确定具体场景或稳定来源，缺乏明确的场景或承载环境支持,screened
行为动作,行为动作 / 香肠制作,23,reject,[],香肠制作,该类别主要涉及抽象行为和符号化操作，缺乏稳定、可编辑的场景或承载环境来源。,screened
行为动作,行为动作 / 马术,16,hold,[],行为动作 / 马术,仅凭分类名称无法确定具体场景或是否存在稳定有用的来源,screened
行为动作,行为动作 / 驾驶拖拉机,23,hold,[],行为动作 / 驾驶拖拉机,仅凭分类名称无法确定是否存在稳定有用的场景或承载区域来源。,screened
行为动作,行为动作 / 驾驶骑乘式吹雪机,22,reject,[],驾驶骑乘式吹雪机相关的行为动作,该类别主要涉及抽象符号或孤立小物特写，缺乏稳定、可用的场景或承载区域来源。,screened
行为动作,行为动作 / 骑大象,23,reject,[],行为动作 / 骑大象,骑大象属于抽象符号或虚构场景，缺乏稳定、真实的场景或承载区域来源。,screened
行为动作,行为动作 / 骑悬浮滑板,23,hold,[],行为动作 / 骑悬浮滑板,仅凭分类名称无法确定是否存在稳定有用的场景或承载区域来源,screened
行为动作,行为动作 / 骑机械牛,23,reject,[],行为动作 / 骑机械牛,该分类仅涉及抽象符号或孤立行为，缺乏稳定、可编辑的场景或承载环境来源。,screened
行为动作,行为动作 / 骑滑板车,23,hold,[],行为动作 / 骑滑板车,仅凭分类名称无法确定是否存在稳定有用的场景或承载区域来源,screened
行为动作,行为动作 / 骑独轮车,23,hold,[],行为动作 / 骑独轮车,仅凭分类名称无法确定是否存在稳定有用的场景或承载区域来源。,screened
行为动作,行为动作 / 骑骆驼,22,hold,[],行为动作 / 骑骆驼,仅凭分类名称无法确定是否存在稳定有用的场景或承载区域来源,screened
行为动作,行为动作 / 骑骡子,22,reject,[],行为动作 / 骑骡子,骑骡子属于具体行为动作，缺乏稳定、通用的场景或承载环境来源，多为孤立动作特写，无持续性场景支撑。,screened
行为动作,行为动作 / 高尔夫开球击球,23,reject,[],高尔夫开球击球,该行为主要表现为抽象符号或孤立动作特写，缺乏稳定、可编辑的场景或承载环境来源。,screened
行为动作,行为动作 / 鼓励 / 啦啦队,22,hold,[],鼓励类行为动作,仅凭分类名称无法确定具体场景或稳定来源，缺乏明确的场景或承载环境支持,screened
食物,食物 / 中式主食面点,21,keep,"[""家庭厨房"", ""餐饮场所"", ""节庆活动""]",中式主食面点在家庭厨房、餐饮场所及节庆活动中常见的场景,中式面点常出现在家庭厨房和餐饮场景中，具有稳定且丰富的场景来源,screened
食物,食物 / 中式主食面点 / 三明治,20,keep,"[""餐食场景"", ""家庭厨房"", ""外出就餐""]",包含中式主食面点中的三明治类食物在日常饮食场景中的使用环境,三明治作为常见食物，常出现在家庭厨房、外出就餐等稳定场景中，具有明确的承载和食用环境,screened
食物,食物 / 中式主食面点 / 包子,21,keep,"[""家庭厨房"", ""街头小吃"", ""节庆场合""]",中式主食面点中的包子在家庭、街头和节庆场景中常见，具有稳定来源,包子常见于家庭厨房、街头摊位和节庆活动，具有稳定且多样的场景来源,screened
食物,食物 / 中式主食面点 / 包子饺子,41,keep,"[""家庭厨房"", ""街头小吃"", ""节庆场合""]",中式主食面点类食物在家庭、街头和节庆场景中的常见出现环境,包子饺子常见于家庭厨房、街头摊位和节庆活动等稳定场景，具有明确的承载和使用环境,screened
食物,食物 / 中式主食面点 / 发糕,17,hold,[],中式主食面点中的发糕,仅凭分类名称无法确定是否存在稳定有用的场景或承载区域来源,screened
食物,食物 / 中式主食面点 / 年糕,16,hold,[],食物类别中的年糕,仅凭分类名称无法确定是否存在稳定有用的场景或承载区域来源,screened
食物,食物 / 中式主食面点 / 意大利面,19,hold,[],中式主食面点 / 意大利面,仅凭分类名称无法确定是否存在稳定有用的场景或承载区域来源。,screened
食物,食物 / 中式主食面点 / 披萨,16,keep,"[""家庭厨房"", ""餐厅环境"", ""街头小吃""]",中式主食面点中的披萨类食物在家庭、餐厅或街头场景中的呈现,披萨作为食物可以在多种日常场景中稳定出现，如家庭厨房、餐厅和街头小吃摊，提供明确的承载和使用环境。,screened
食物,食物 / 中式主食面点 / 春卷,16,keep,"[""厨房"", ""家庭餐桌"", ""饮食场景""]",中式春卷在厨房或家庭饮食场景中的常见呈现,春卷作为中式面点，常见于厨房烹饪或家庭饮食场景，具有稳定且可编辑的来源环境,screened
食物,食物 / 中式主食面点 / 汉堡,18,hold,"[""快餐场景"", ""街边摊位""]",汉堡作为食物在街边摊、快餐店等场景中出现,分类名称具体但缺乏明确的稳定场景或承载环境来源，无法确定其是否具备可编辑的环境结构,screened
食物,食物 / 中式主食面点 / 汤圆,14,keep,"[""家庭厨房"", ""节庆场景"", ""传统饮食""]",中式主食面点中的汤圆类食物在家庭、节庆等场景中常见,汤圆常出现在家庭厨房或节庆场景中，具有稳定且可编辑的承载环境，符合日常饮食场景的可召回性,screened
食物,食物 / 中式主食面点 / 油条,20,keep,"[""早餐场景"", ""街边摊位"", ""中式早餐环境""]",油条常见于早餐场景，多出现在街边摊、早餐店等日常饮食环境中,油条作为中式主食面点，具有稳定的早餐场景来源，常见于街边摊、早餐店等可编辑环境,screened
食物,食物 / 中式主食面点 / 炒饭,15,keep,"[""厨房"", ""家庭餐桌"", ""餐饮场景""]",炒饭在厨房或家庭餐饮场景中作为主食出现，具有稳定且常见的来源,炒饭常见于厨房或家庭餐桌场景，具有稳定和普遍的来源，符合可编辑环境的覆盖需求,screened
食物,食物 / 中式主食面点 / 烧饼,19,keep,"[""街头小吃"", ""早餐场景"", ""市集环境""]",中式烧饼常见于街头、早餐摊位和市集等场景,烧饼作为常见中式面点，多出现在街头小吃和市集等具有稳定场景的环境中，具备明确的承载与使用场景,screened
食物,食物 / 中式主食面点 / 烧麦,15,keep,"[""餐饮场景"", ""家庭厨房"", ""街头小吃""]",中式主食面点类食物在餐饮和家庭厨房等场景中常见，具有稳定来源,烧麦作为中式面点，常见于餐饮场景、家庭厨房和街头小吃环境中，具有稳定且可编辑的承载面和使用场景,screened
食物,食物 / 中式主食面点 / 焖饭,20,keep,"[""厨房"", ""家庭用餐场景""]",中式主食面点中的焖饭类食物在家庭厨房或日常用餐场景中常见,焖饭作为中式主食面点，通常出现在家庭厨房或日常用餐场景中，具有稳定且常见的场景来源,screened
食物,食物 / 中式主食面点 / 煎饼,21,keep,"[""早餐场景"", ""街边摊位"", ""家庭厨房""]",中式煎饼相关的早餐或街边饮食场景,煎饼常见于早餐或街边摊位，具有稳定的场景来源和可编辑的承载面环境,screened
食物,食物 / 中式主食面点 / 盖饭,19,keep,"[""餐饮环境"", ""家庭厨房"", ""街头小吃""]",中式盖饭在餐饮场景中的常见呈现，包括家庭厨房、餐厅和街头摊位等环境,盖饭作为中式主食，常见于多种餐饮场景，具有稳定且丰富的场景来源,screened
食物,食物 / 中式主食面点 / 米粉,20,keep,"[""餐饮场景"", ""家庭厨房""]",中式主食面点中的米粉类食物在餐饮和家庭厨房场景中常见,米粉作为中式主食面点，常见于餐饮场景和家庭厨房中，具有稳定且广泛的来源,screened
食物,食物 / 中式主食面点 / 米粉米线,38,keep,"[""餐饮场景"", ""家庭厨房""]",中式主食面点类食物在餐饮和家庭厨房中的常见使用场景,米粉米线作为常见食物，在餐饮和家庭厨房场景中具有稳定且广泛的来源，能提供可编辑的承载和使用环境。,screened
食物,食物 / 中式主食面点 / 米糕,20,keep,"[""早餐场景"", ""家庭厨房""]",中式主食面点中的米糕类食物在家庭或早餐场景中的常见呈现,米糕作为常见中式面点，常出现在家庭厨房或早餐场景中，具有稳定且可编辑的承载环境,screened
食物,食物 / 中式主食面点 / 米线,20,keep,"[""餐饮环境"", ""街边摊位"", ""家庭厨房""]",中式米线相关的餐饮场景和制作环境,米线作为食物类别，常见于餐饮环境、街边摊位和家庭厨房中，具有稳定且丰富的场景来源。,screened
食物,食物 / 中式主食面点 / 米饭,28,keep,"[""厨房"", ""家庭用餐场景""]",米饭在家庭厨房或日常用餐场景中的常见呈现,米饭是常见食物，常出现在厨房和家庭用餐场景中，具有稳定且广泛的场景来源,screened
食物,食物 / 中式主食面点 / 粥类,18,keep,"[""厨房"", ""家庭用餐场景"", ""早餐场景""]",中式粥类在家庭或餐饮场景中的常见呈现,粥类常见于厨房或家庭早餐场景，具有稳定且可编辑的承载环境,screened
食物,食物 / 中式主食面点 / 粥饭,29,keep,"[""厨房"", ""家庭用餐场景"", ""早餐场景""]",中式主食面点中的粥饭类食物在家庭或餐饮场景中的常见呈现,粥饭类食物常见于厨房和家庭用餐场景，具有稳定的来源和可编辑的承载环境,screened
食物,食物 / 中式主食面点 / 糕团粑粿,22,keep,"[""厨房"", ""家庭餐桌"", ""节庆场景""]",中式主食面点类食物在家庭、节庆或日常厨房场景中的呈现,中式糕团粑粿常出现在厨房或家庭餐桌等稳定场景中，具有明确的承载和使用环境,screened
食物,食物 / 中式主食面点 / 花卷,20,keep,"[""厨房"", ""家庭餐桌""]",中式主食面点中的花卷在家庭厨房或餐桌上常见,花卷作为中式面点，常出现在家庭厨房或餐桌场景中，具有稳定且常见的使用环境,screened
食物,食物 / 中式主食面点 / 蒸饺,20,keep,"[""厨房"", ""家庭餐桌"", ""中式餐食场景""]",中式主食面点类食物在家庭或餐饮场景中的常见呈现,蒸饺作为中式面点，常见于厨房烹饪和家庭餐桌场景，具有稳定且广泛的场景来源,screened
食物,食物 / 中式主食面点 / 薯类主食,18,keep,"[""厨房"", ""家庭餐桌"", ""饮食场景""]",中式面点中以薯类为主的主食类食物在家庭或餐饮场景中的常见呈现,薯类主食如薯条、薯饼等常出现在厨房或家庭餐桌场景中，具有稳定且可编辑的承载环境,screened
食物,食物 / 中式主食面点 / 谷物早餐,18,keep,"[""早餐场景"", ""家庭厨房""]",中式主食面点中的谷物早餐类食物在家庭或日常饮食场景中的出现,谷物早餐类面点常见于家庭厨房或早餐场景，具有稳定且普遍的来源,screened
食物,食物 / 中式主食面点 / 锅贴,20,keep,"[""厨房"", ""家庭餐桌""]",中式主食面点类食物在家庭或餐饮场景中的常见呈现,锅贴作为中式面点，常见于厨房烹饪或家庭餐桌场景，具有稳定且可编辑的承载环境,screened
食物,食物 / 中式主食面点 / 面条,52,keep,"[""家庭厨房"", ""餐饮场所"", ""街头小吃""]",中式面点类食物在家庭、餐饮和街头场景中的常见呈现,面条类食物常见于家庭厨房、餐馆和街头小吃场景，具有稳定且广泛的场景来源,screened
食物,食物 / 中式主食面点 / 饺子,18,keep,"[""家庭厨房"", ""餐饮场景"", ""节庆活动""]",中式主食面点中的饺子相关场景，包括家庭制作、餐馆供应、节庆食用等,饺子常见于家庭厨房和节庆餐饮场景，具有稳定且丰富的场景来源,screened
食物,食物 / 中式主食面点 / 饼类,33,keep,"[""厨房"", ""家庭餐桌"", ""饮食场景""]",中式饼类在厨房或家庭饮食场景中的常见呈现,饼类食物通常出现在厨房或家庭餐桌等稳定场景中，具有明确的承载和使用环境,screened
食物,食物 / 中式主食面点 / 馄饨,17,keep,"[""家庭厨房"", ""街边小吃摊"", ""餐饮场所""]",包含馄饨制作、售卖及食用的典型场景,馄饨常见于家庭厨房、街边小吃摊和餐饮场所，具有稳定且丰富的场景来源,screened
食物,食物 / 中式主食面点 / 馄饨汤圆,26,keep,"[""家庭厨房"", ""街边小吃"", ""餐饮场所""]",中式主食面点类食物在家庭、街边或餐饮环境中的常见场景,馄饨汤圆常出现在家庭厨房或街边小吃摊等具有稳定场景和承载面的环境中，具备可编辑的使用场景,screened
食物,食物 / 中式主食面点 / 馅饼,20,keep,"[""家庭厨房"", ""街头小吃""]",中式馅饼在家庭厨房或街头摊位等场景中作为食物出现,馅饼作为中式主食面点，常见于家庭厨房或街头小吃场景，具有稳定且可编辑的承载环境,screened
食物,食物 / 中式主食面点 / 馒头,19,keep,"[""厨房"", ""家庭餐桌"", ""早餐场景""]",中式主食面点中的馒头类食物在家庭或餐饮场景中的常见出现环境,馒头作为常见中式主食，常出现在厨房、家庭餐桌等稳定场景中，具有明确的承载和使用环境,screened
食物,食物 / 中式主食面点 / 馒头花卷,26,keep,"[""家庭厨房"", ""早餐场景"", ""中式餐桌""]",包含馒头、花卷等中式面点在家庭或餐饮场景中的常见呈现,馒头花卷常见于家庭厨房和早餐场景，具有稳定且可编辑的承载环境，适合召回相关图片,screened
食物,食物 / 中式菜肴汤品 / 东南亚菜肴,22,hold,[],东南亚菜肴,分类路径中包含地域性菜肴，但缺乏明确的稳定场景或承载环境来源，无法确定其是否具有可编辑的场景或环境结构。,screened
食物,食物 / 中式菜肴汤品 / 凉拌菜,28,keep,"[""餐桌"", ""家庭厨房"", ""饮食场景""]",中式凉拌菜相关的饮食场景和厨房环境,凉拌菜常出现在家庭厨房或餐桌上，具有稳定的场景来源和可编辑的承载环境。,screened
食物,食物 / 中式菜肴汤品 / 凉菜,34,keep,"[""餐桌"", ""家庭厨房"", ""餐饮场景""]",中式菜肴汤品中的凉菜类食物在家庭或餐饮场景中的呈现,凉菜作为中式饮食的一部分，常见于餐桌上或厨房环境中，具有稳定的场景来源和可编辑的承载面。,screened
食物,食物 / 中式菜肴汤品 / 刺身,20,reject,[],中式菜肴汤品中的刺身类食物,刺身主要为冷食特写，缺乏稳定、广泛的场景或承载环境来源，属于孤立物品特写，无典型使用场景或环境支撑。,screened
食物,食物 / 中式菜肴汤品 / 卤制菜,24,hold,[],中式菜肴汤品中的卤制菜,仅凭分类名称无法确定是否存在稳定有用的场景或承载区域来源,screened
食物,食物 / 中式菜肴汤品 / 咖喱菜肴,23,reject,[],咖喱菜肴,该类别主要为抽象符号或纯文字，缺乏稳定、可用的场景或承载区域来源。,screened
食物,食物 / 中式菜肴汤品 / 寿司,25,hold,[],中式菜肴汤品中的寿司,仅凭分类名称无法确定是否存在稳定有用的场景或承载区域来源,screened
食物,食物 / 中式菜肴汤品 / 川菜,21,hold,[],中式菜肴汤品中的川菜,仅凭分类名称无法确定是否存在稳定有用的场景或承载区域来源,screened
食物,食物 / 中式菜肴汤品 / 徽菜,19,keep,"[""厨房"", ""家庭用餐场景"", ""中式餐饮环境""]",涉及徽菜的中式菜肴汤品，常见于家庭厨房或传统餐饮场景,徽菜汤品多出现在厨房或家庭用餐场景中，具有稳定的场景来源和可编辑环境结构,screened
食物,食物 / 中式菜肴汤品 / 水产菜肴,33,keep,"[""厨房"", ""家庭餐桌"", ""餐饮场景""]",中式菜肴中涉及水产的汤品类食物，常见于家庭烹饪或餐饮场景,水产菜肴通常出现在厨房或家庭餐桌等有明确烹饪和食用场景的环境中，具有稳定且可编辑的承载面和使用场景,screened
食物,食物 / 中式菜肴汤品 / 汤类,28,keep,"[""厨房"", ""家庭用餐场景"", ""餐饮服务环境""]",中式汤类菜肴在厨房、家庭用餐和餐饮服务场景中的常见出现环境,汤类食物通常出现在厨房或家庭用餐场景中，具有稳定的场景来源和承载环境,screened
食物,食物 / 中式菜肴汤品 / 汤羹,52,keep,"[""厨房"", ""家庭用餐场景"", ""餐饮服务环境""]",中式菜肴汤品类在厨房、家庭用餐和餐饮服务场景中的常见出现环境,汤羹类食物通常出现在厨房烹饪场景和家庭或餐厅用餐环境中，具有稳定且常见的场景来源,screened
食物,食物 / 中式菜肴汤品 / 浓汤,16,keep,"[""厨房"", ""家庭用餐场景"", ""餐饮环境""]",中式浓汤在厨房或家庭用餐场景中作为食物呈现，具有稳定来源和可编辑环境,浓汤作为中式菜肴常见于厨房和家庭用餐场景，具有稳定且可编辑的环境来源,screened
食物,食物 / 中式菜肴汤品 / 浙菜,19,keep,"[""厨房"", ""家庭用餐场景""]",中式浙菜汤品的制作与食用场景,浙菜汤品常见于家庭厨房和餐饮场景，具有稳定的来源和可编辑环境,screened
食物,食物 / 中式菜肴汤品 / 海鲜拼盘,26,hold,"[""海鲜拼盘""]",中式菜肴中的海鲜类拼盘,分类名称较模糊，缺乏明确的稳定场景或承载环境来源，无法确定其是否包含可编辑的场景或使用环境,screened
食物,食物 / 中式菜肴汤品 / 湘菜,19,keep,"[""厨房"", ""家庭用餐场景"", ""中式餐饮环境""]",中式湘菜汤品相关的厨房制作与用餐场景,湘菜汤品常出现在家庭厨房或餐馆用餐场景中，具有稳定的场景来源和可编辑环境结构,screened
食物,食物 / 中式菜肴汤品 / 火锅,23,keep,"[""餐饮环境"", ""室内用餐场景"", ""家庭厨房""]",火锅相关的餐饮场景和厨房环境,火锅作为中式菜肴汤品，常见于餐饮环境和家庭厨房，具有稳定且丰富的场景来源。,screened
食物,食物 / 中式菜肴汤品 / 炒制菜肴,55,keep,"[""厨房"", ""家庭用餐场景""]",中式炒制菜肴在厨房中的烹饪和食用场景,炒制菜肴通常出现在厨房环境中，具有稳定的烹饪和食用场景来源,screened
食物,食物 / 中式菜肴汤品 / 炒菜,26,keep,"[""厨房"", ""家庭用餐场景""]",中式炒菜类菜肴的制作与食用场景,炒菜常见于厨房环境中，具有稳定的场景来源和可编辑的承载面，如灶台、餐桌等。,screened
食物,食物 / 中式菜肴汤品 / 炖制菜肴,22,keep,"[""厨房"", ""家庭用餐场景"", ""烹饪环境""]",中式炖制菜肴相关的厨房场景和家庭用餐环境,炖制菜肴通常出现在厨房或家庭用餐场景中，具有稳定的场景来源和承载环境。,screened
食物,食物 / 中式菜肴汤品 / 炖汤,29,keep,"[""厨房"", ""家庭用餐场景"", ""饮食环境""]",中式炖汤类菜肴的制作与食用场景,炖汤类食物通常出现在厨房或家庭用餐场景中，具有稳定的场景来源和可编辑的承载环境。,screened
食物,食物 / 中式菜肴汤品 / 炖煮煲类,28,keep,"[""厨房"", ""家庭用餐场景"", ""烹饪环境""]",中式炖煮煲类菜肴的制作与食用场景,炖煮煲类菜肴通常出现在厨房或家庭用餐场景中，具有稳定的场景来源和可编辑的承载环境。,screened
食物,食物 / 中式菜肴汤品 / 炸制菜肴,23,keep,"[""厨房场景"", ""家庭用餐场景"", ""餐饮环境""]",中式炸制菜肴相关的厨房和用餐场景,炸制菜肴通常出现在厨房或家庭用餐场景中，具有稳定的场景来源和可编辑环境结构,screened
食物,食物 / 中式菜肴汤品 / 烤制菜肴,23,hold,[],中式菜肴汤品和烤制菜肴,分类名称未明确指向稳定可用的场景或承载环境，缺乏具体场景来源,screened
食物,食物 / 中式菜肴汤品 / 煎制菜肴,23,hold,[],中式菜肴汤品中的煎制菜肴,仅凭分类名称无法确定是否存在稳定有用的场景或承载区域来源,screened
食物,食物 / 中式菜肴汤品 / 煮制菜肴,20,keep,"[""厨房"", ""家庭用餐场景"", ""饮食环境""]",中式汤品的煮制过程及用餐场景,煮制菜肴通常发生在厨房等稳定场景中，具有明确的承载面和可编辑环境，符合稳定场景来源要求,screened
食物,食物 / 中式菜肴汤品 / 砂锅,21,keep,"[""厨房"", ""家庭用餐场景"", ""中式家庭厨房""]",中式菜肴汤品中的砂锅类食物，常见于家庭厨房或餐饮场景中,砂锅作为中式汤品的常见烹饪器具，具有稳定的厨房场景和家庭用餐环境来源,screened
食物,食物 / 中式菜肴汤品 / 禽类菜肴,23,keep,"[""厨房"", ""家庭用餐场景"", ""饮食文化场景""]",中式菜肴中涉及禽类的汤品类食物，常见于家庭烹饪和餐饮场景,禽类菜肴汤品通常出现在厨房或家庭用餐场景中，具有稳定的场景来源和可编辑的承载环境。,screened
食物,食物 / 中式菜肴汤品 / 禽蛋菜肴,29,keep,"[""厨房"", ""家庭用餐场景"", ""饮食文化场景""]",中式菜肴中涉及禽蛋类食材的汤品制作与食用场景,禽蛋菜肴汤品常见于家庭厨房和饮食文化场景，具有稳定且可编辑的来源环境,screened
食物,食物 / 中式菜肴汤品 / 粤菜,21,keep,"[""厨房"", ""家庭用餐场景"", ""饮食文化场景""]",中式粤菜相关的烹饪和饮食场景,粤菜汤品常见于家庭厨房和餐饮场景，具有稳定的来源和可编辑的环境结构。,screened
食物,食物 / 中式菜肴汤品 / 粥汤类,20,keep,"[""厨房"", ""家庭用餐场景"", ""早餐场景""]",中式粥汤类菜肴在家庭或餐饮场景中的常见呈现,粥汤类食物通常出现在厨房或家庭用餐场景中，具有稳定的场景来源和可编辑的承载环境。,screened
食物,食物 / 中式菜肴汤品 / 羹类,38,keep,"[""厨房"", ""家庭用餐场景"", ""饮食环境""]",中式菜肴中的羹类食物相关场景，如家庭厨房、餐桌上准备或食用场景,羹类食物通常出现在厨房或家庭用餐场景中，具有稳定的来源和可编辑的环境结构,screened
食物,食物 / 中式菜肴汤品 / 肉类菜肴,34,keep,"[""厨房"", ""家庭用餐场景"", ""餐饮环境""]",中式菜肴中涉及肉类的汤品类食物，常见于家庭烹饪和餐饮场景,肉类菜肴汤品通常出现在厨房或家庭用餐场景中，具有稳定的场景来源和可编辑的承载环境,screened
食物,食物 / 中式菜肴汤品 / 腌渍菜,24,keep,"[""厨房"", ""家庭餐桌"", ""日常饮食场景""]",中式菜肴汤品及腌渍菜在家庭厨房或日常饮食场景中的常见呈现,腌渍菜和汤品常出现在家庭厨房或餐桌场景中，具有稳定且普遍的来源环境,screened
食物,食物 / 中式菜肴汤品 / 苏菜,22,keep,"[""厨房"", ""家庭用餐场景""]",中式苏菜相关的烹饪和饮食场景,苏菜汤品常见于家庭厨房和餐饮场景，具有稳定的来源和可编辑的环境结构,screened
食物,食物 / 中式菜肴汤品 / 菌菇菜肴,23,keep,"[""厨房"", ""家庭用餐场景"", ""饮食文化场景""]",中式菜肴中以菌菇为主要食材的汤品类食物，常见于家庭烹饪和餐饮场景,菌菇菜肴通常出现在厨房或家庭用餐场景中，具有稳定的场景来源和可编辑的承载环境,screened
食物,食物 / 中式菜肴汤品 / 蒸制菜肴,45,keep,"[""厨房"", ""家庭用餐场景"", ""饮食环境""]",中式蒸制菜肴相关的厨房场景和家庭用餐环境,蒸制菜肴通常出现在厨房或家庭用餐场景中，具有稳定的场景来源和承载环境。,screened
食物,食物 / 中式菜肴汤品 / 蒸菜,21,keep,"[""厨房"", ""家庭用餐场景""]",中式菜肴汤品中的蒸菜类食物在厨房或家庭用餐场景中常见,蒸菜通常在厨房环境中制作和呈现，具有稳定的场景来源，符合可编辑环境结构要求,screened
食物,食物 / 中式菜肴汤品 / 蔬菜菜肴,29,keep,"[""厨房"", ""家庭餐桌"", ""饮食场景""]",中式菜肴中涉及蔬菜的烹饪和呈现场景,蔬菜菜肴在厨房和家庭饮食场景中具有稳定且常见的来源，能提供可靠的承载与编辑环境,screened
食物,食物 / 中式菜肴汤品 / 蛋类菜肴,22,keep,"[""厨房"", ""家庭用餐场景""]",中式菜肴中以蛋为主要食材的汤品类菜肴，常见于家庭烹饪和日常饮食场景,蛋类菜肴在厨房和家庭用餐场景中具有稳定且常见的来源，能提供可编辑的烹饪和饮食环境,screened
食物,食物 / 中式菜肴汤品 / 豆制品菜肴,25,keep,"[""厨房"", ""家庭用餐场景"", ""饮食文化场景""]",中式菜肴中涉及豆制品的汤品类食物，常见于家庭厨房或餐饮场景,豆制品菜肴通常出现在厨房或家庭用餐场景中，具有稳定的场景来源和可编辑的承载环境,screened
食物,食物 / 中式菜肴汤品 / 闽菜,23,hold,[],闽菜汤品,仅凭分类名称无法确定是否存在稳定有用的场景或承载区域来源,screened
食物,食物 / 中式菜肴汤品 / 韩式拌饭,22,keep,"[""餐食场景"", ""家庭厨房"", ""餐饮环境""]",包含中式汤品和韩式拌饭的日常饮食场景，如家庭厨房、餐厅用餐环境等,汤品和拌饭作为常见餐食，具有稳定的饮食场景来源，如厨房、餐桌、餐饮场所等，能提供可编辑的饮食环境支持,screened
食物,食物 / 中式菜肴汤品 / 饭团,17,keep,"[""餐食场景"", ""家庭厨房"", ""日常饮食""]",中式饭团相关的餐食场景和家庭厨房环境,饭团作为常见中式食物，常出现在家庭厨房和日常饮食场景中，具有稳定且广泛的来源,screened
食物,食物 / 中式菜肴汤品 / 鲁菜,20,keep,"[""厨房"", ""家庭用餐场景"", ""中式餐饮环境""]",中式鲁菜相关的烹饪和用餐场景,鲁菜作为中式菜肴的一部分，常见于家庭厨房和餐厅用餐场景，具有稳定且丰富的场景来源。,screened
食物,食物 / 串串,30,keep,"[""街头小吃"", ""餐饮环境"", ""消费场景""]",食物类中的串串相关场景，如街头摊位、餐馆内、夜市等,串串常见于街头餐饮场景，具有稳定的来源和可编辑的环境结构,screened
食物,食物 / 主食,54,keep,"[""厨房"", ""家庭餐桌"", ""餐饮场景""]",主食类食物在日常烹饪、家庭用餐和餐饮服务中的常见场景,主食类食物通常出现在厨房、家庭餐桌和餐饮场景中，具有稳定且广泛的场景来源,screened
食物,食物 / 乳酪 / 切达奶酪,17,hold,[],乳酪类食物,仅凭'切达奶酪'无法确定其稳定场景或承载环境来源，缺乏明确的场景关联,screened
食物,食物 / 乳酪 / 卡芒贝尔奶酪,17,reject,[],乳酪类食物,卡芒贝尔奶酪为具体乳酪品种，多以特写或符号形式呈现，缺乏稳定、广泛的场景或承载环境来源,screened
食物,食物 / 乳酪 / 奶油乳酪,17,hold,[],乳酪及奶油乳酪相关类别,仅凭分类名称无法确定是否存在稳定有用的场景或承载区域来源,screened
食物,食物 / 乳酪 / 奶酪条,19,hold,[],乳酪条作为食物的一种，可能出现在餐桌上或食品展示区,仅凭‘奶酪条’这一名称无法确定其稳定出现的场景或承载环境，缺乏明确的场景来源,screened
食物,食物 / 乳酪 / 山羊奶酪,18,hold,[],乳酪类食物,仅凭分类名称无法确定是否存在稳定有用的场景或承载区域来源,screened
食物,食物 / 乳酪 / 布里奶酪,16,hold,[],乳酪类食物,仅凭'布里奶酪'无法确定其稳定场景或承载环境来源，缺乏明确的场景关联,screened
食物,食物 / 乳酪 / 帕尔马奶酪,15,hold,[],乳酪类食物,仅凭名称无法确定是否存在稳定有用的场景或承载环境来源,screened
食物,食物 / 乳酪 / 格吕耶尔奶酪,17,hold,[],乳酪类食物,仅凭名称无法确定是否存在稳定有用的场景或承载环境来源,screened
食物,食物 / 乳酪 / 瑞士奶酪,18,hold,[],乳酪类食物,仅凭分类名称无法确定是否存在稳定有用的场景或承载区域来源,screened
食物,食物 / 乳酪 / 羊奶酪,10,hold,[],乳酪类食物,仅凭分类名称无法确定是否存在稳定有用的场景或承载区域来源,screened
食物,食物 / 乳酪 / 芝士条,18,hold,[],乳酪类食物,仅凭分类名称无法确定是否存在稳定有用的场景或承载区域来源,screened
食物,食物 / 乳酪 / 菲达奶酪,19,hold,[],乳酪类食物,仅凭名称无法确定是否存在稳定有用的场景或承载区域来源,screened
食物,食物 / 乳酪 / 蓝纹奶酪,16,hold,[],乳酪类食物,仅凭分类名称无法确定是否存在稳定有用的场景或承载区域来源,screened
食物,食物 / 乳酪 / 马苏里拉奶酪,15,hold,[],乳酪类食物,仅凭名称无法确定是否存在稳定有用的场景或承载环境来源,screened
食物,食物 / 乳酪 / 高达奶酪,15,hold,[],乳酪类食物,分类名称模糊，缺乏明确的场景或承载环境来源，无法确定其稳定存在的使用场景。,screened
食物,食物 / 低酒精啤酒,28,keep,"[""餐饮环境"", ""家庭厨房"", ""酒吧场景""]",食物/低酒精啤酒相关的餐饮或饮用场景,低酒精啤酒常见于餐饮和家庭厨房场景，具有稳定的来源和可编辑环境结构,screened
食物,食物 / 便当,26,keep,"[""餐食场景"", ""家庭厨房"", ""学校食堂""]",便当在家庭、学校、办公场所等常见用餐场景中作为食物载体出现,便当常出现在家庭、学校或工作场所的餐食场景中，具有稳定的场景来源和承载环境,screened
食物,食物 / 农产品,30,keep,"[""农田"", ""农村场景"", ""农业生产""]",农产品在农田、农村环境中的生产与采集场景,农产品通常出现在农田、农村及农业生产场景中，具有稳定且广泛的来源环境,screened
食物,食物 / 农产品 / 叶菜,32,keep,"[""农田"", ""菜园"", ""露天种植""]",叶菜类农产品在农业生产或种植环境中的场景,叶菜类农产品通常出现在农田、菜园等稳定种植场景中，具有明确的来源和承载环境,screened
食物,食物 / 农产品 / 蔬菜,1492,keep,"[""农田"", ""菜园"", ""农村场景""]",蔬菜在农业生产或自然生长环境中的场景,蔬菜通常生长在农田或菜园等稳定场景中，具有明确的承载面和环境背景，适合召回相关图片,screened
食物,食物 / 农产品 / 食用水果,1563,keep,"[""自然环境"", ""农田场景""]",食用水果在自然生长环境和农田中的场景,水果作为农产品，常见于自然生长环境和农田场景，具有稳定且广泛的来源,screened
食物,食物 / 农贸市场,32,keep,"[""农贸集市"", ""市集环境"", ""生活场景""]",农贸市场的食物展示与交易场景,农贸市场的食物类别具有稳定且丰富的场景来源，包含多种食物陈列和交易环境。,screened
食物,食物 / 冰淇淋筒,23,reject,[],冰淇淋筒,冰淇淋筒通常为纯文字、品牌标志或孤立小物特写，缺乏稳定有用的场景或承载区域来源,screened
食物,食物 / 剁肉工具,22,reject,[],食物相关的剁肉工具,剁肉工具属于抽象符号或孤立小物特写，缺乏稳定有用的场景或承载区域来源,screened
食物,食物 / 剩食,28,keep,"[""厨房"", ""家庭环境"", ""食物存储区""]",厨房及家庭中食物剩余的存放和处理场景,剩食常见于厨房和家庭环境中，具有稳定的场景来源和可编辑的承载面,screened
食物,食物 / 半流质食物,21,keep,"[""厨房"", ""餐饮场景""]",食物/半流质食物在厨房或餐饮场景中的常见呈现,半流质食物常出现在厨房准备或餐饮服务场景中，具有稳定且可编辑的来源环境,screened
食物,食物 / 卵黄,12,reject,[],卵黄作为食物成分，通常出现在烹饪或食品展示场景中,卵黄属于具体食物成分，缺乏稳定、广泛的场景或承载环境来源，多为孤立特写或符号化呈现，不符合有支撑或可编辑环境的场景要求,screened
食物,食物 / 厨房设备,24,keep,"[""厨房环境"", ""室内空间"", ""烹饪场景""]",厨房中用于食物处理和烹饪的设备类物品,厨房设备通常出现在稳定的厨房场景中，提供明确的承载和使用环境，具有持续的实用来源。,screened
食物,食物 / 发酵培养物,18,hold,[],食物 / 发酵培养物,仅凭分类名称无法确定是否存在稳定有用的场景或承载区域来源,screened
食物,食物 / 咖啡饮品与器具,17,keep,"[""室内场景"", ""餐饮环境"", ""家庭厨房""]",涉及咖啡饮品及其相关器具的使用场景,咖啡饮品与器具常见于室内餐饮和家庭厨房场景，具有稳定且广泛的来源,screened
食物,食物 / 土豆削皮工具,14,reject,[],土豆削皮工具,仅提供抽象工具符号，无稳定有用的场景或承载区域来源,screened
食物,食物 / 圣诞集市,20,keep,"[""圣诞集市"", ""公共空间"", ""节日环境""]",圣诞集市中与食物相关的场景和环境,圣诞集市通常包含稳定的食品摊位和消费场景，具有明确的承载面和可编辑环境结构,screened
食物,食物 / 垃圾食品,22,keep,"[""家庭厨房"", ""快餐环境"", ""街头摊位""]",包含家庭、快餐店、街头等常见场景中的垃圾食品出现环境,垃圾食品常见于家庭厨房、快餐店和街头摊位等具有明确场景和承载面的环境，具备稳定且非偶然的来源,screened
食物,食物 / 大蒜与红酒,20,hold,[],食物 / 大蒜与红酒,仅凭分类名称无法确定是否存在稳定有用的场景或承载区域来源,screened
食物,食物 / 奶 / 巧克力牛奶,19,keep,"[""家庭厨房"", ""学校食堂"", ""饮品消费场景""]",涉及巧克力牛奶的日常饮用场景，如家庭厨房、学校食堂等常见环境,巧克力牛奶常见于家庭厨房和学校食堂等稳定场景，具有明确的承载和使用环境,screened
食物,食物 / 奶 / 母乳,16,reject,[],母乳相关场景,母乳属于抽象生物行为符号，缺乏稳定、可编辑的场景或承载环境来源,screened
食物,食物 / 姜汁啤酒,20,reject,[],食物/姜汁啤酒,姜汁啤酒主要为饮品，缺乏稳定、非偶然的场景或承载区域来源，属于抽象符号类，无明确可编辑环境结构。,screened
食物,食物 / 姜饼屋,18,hold,[],食物 / 姜饼屋,仅凭分类名称无法确定是否存在稳定有用的场景或承载区域来源,screened
食物,食物 / 婴儿食品,26,hold,[],婴儿食品类别,仅凭分类名称无法确定是否存在稳定有用的场景或承载区域来源,screened
食物,食物 / 安慰食物,25,hold,[],食物 / 安慰食物,仅凭分类名称无法确定是否存在稳定有用的场景或承载区域来源,screened
食物,食物 / 家常菜肴,21,keep,"[""厨房"", ""家庭用餐场景"", ""日常生活""]",家常菜肴在厨房或家庭用餐场景中的常见呈现,家常菜肴通常出现在厨房或家庭用餐场景中，具有稳定且广泛的场景来源,screened
食物,食物 / 家庭烘焙咖啡,18,hold,[],家庭烘焙咖啡,仅凭分类名称无法确定是否存在稳定有用的场景或承载区域来源,screened
食物,食物 / 家庭种植,26,keep,"[""家庭厨房"", ""家庭院落""]",家庭环境中与种植相关的食物生产场景,家庭种植场景包含稳定的家庭厨房和院落环境，提供可编辑的承载面和实际种植活动背景,screened
食物,食物 / 寿司,21,hold,[],食物/寿司类别,仅凭分类名称无法确定是否存在稳定有用的场景或承载区域来源,screened
食物,食物 / 山羊饲料,20,hold,[],食物 / 山羊饲料,仅凭分类名称无法确定是否存在稳定有用的场景或承载区域来源,screened
食物,食物 / 巧克力 / 巧克力豆,28,hold,[],食物 / 巧克力 / 巧克力豆,仅凭分类名称无法确定是否存在稳定有用的场景或承载区域来源,screened
食物,食物 / 快餐 / 中式快餐,56,keep,"[""室内餐饮环境"", ""快餐店场景""]",中式快餐在餐饮场所中的常见场景，如快餐店、食堂、街边摊等,中式快餐通常出现在室内餐饮环境或街边餐饮场景中，具有稳定且可编辑的承载面和空间结构,screened
食物,食物 / 快餐 / 西式快餐,46,keep,"[""快餐店"", ""室内餐饮环境"", ""城市街景""]",西式快餐在餐厅、街边摊、便利店等场景中的常见环境,西式快餐通常出现在有稳定场景的餐饮环境中，如快餐店、街边摊位，具备明确的承载面和可编辑空间,screened
食物,食物 / 快餐车,26,keep,"[""街头场景"", ""交通环境"", ""户外空间""]",快餐车出现在街头、交通节点或户外公共空间等场景中，提供稳定的食物服务来源,快餐车常见于街头、交通环境和户外空间，具有稳定的场景来源和可编辑的承载面，符合环境类场景的覆盖需求,screened
食物,食物 / 意大利面食 / 意大利面,49,keep,"[""厨房"", ""家庭用餐场景""]",厨房环境中与意大利面相关的烹饪、准备和食用场景,意大利面常出现在厨房和家庭用餐场景中，具有稳定且常见的来源环境,screened
食物,食物 / 意大利面食 / 通心粉,21,hold,[],意大利面食中的通心粉,仅凭分类名称无法确定是否存在稳定有用的场景或承载区域来源,screened
食物,食物 / 意大利面食 / 饺子,45,hold,[],食物类别中的饺子,仅凭分类名称无法确定是否存在稳定有用的场景或承载区域来源,screened
食物,食物 / 手指食物,31,hold,[],手指食物类别,仅凭分类名称无法确定是否存在稳定有用的场景或承载区域来源,screened
食物,食物 / 方便速食 / 即食料理,26,keep,"[""家庭厨房"", ""便利店环境"", ""快餐场景""]",方便速食和即食料理在日常生活中的常见使用场景,即食料理常出现在家庭厨房、便利店和快餐场景中，具有稳定且广泛的场景来源,screened
食物,食物 / 方便速食 / 方便面,29,keep,"[""家庭厨房"", ""便利店环境"", ""快餐场景""]",方便面作为速食食品，常见于家庭厨房、便利店和快餐场景中，具有稳定的使用和呈现环境,方便面作为常见速食食品，常出现在家庭厨房、便利店和快餐场景中，具有稳定且广泛的场景来源,screened
食物,食物 / 方便速食 / 罐头食品,22,keep,"[""厨房"", ""家庭场景"", ""食品储存环境""]",涉及罐头食品的厨房或家庭储存场景,罐头食品常见于厨房或家庭食品储存环境中，具有稳定且普遍的场景来源,screened
食物,食物 / 方便速食 / 自热食品,23,keep,"[""户外野营"", ""家庭厨房"", ""应急场景""]",自热食品在户外、家庭及应急场景中具有稳定使用来源,自热食品常用于户外野营、家庭应急或临时场景，具备稳定且可编辑的承载环境,screened
食物,食物 / 方便速食 / 速冻食品,25,keep,"[""家庭厨房"", ""超市货架"", ""冷藏冷冻环境""]",速冻食品在家庭、超市及冷藏环境中的常见场景,速冻食品常见于家庭厨房、超市货架和冷藏冷冻环境，具有稳定且广泛的场景来源,screened
食物,食物 / 方便速食 / 预制菜,28,keep,"[""厨房"", ""家庭用餐场景"", ""便利店环境""]",方便速食和预制菜在厨房、家庭用餐及便利店等场景中常见,方便速食和预制菜通常出现在厨房、家庭用餐或便利店等具有稳定场景和承载面的环境中，具备可编辑的使用场景,screened
食物,食物 / 方便食品 / 熟食,28,hold,[],方便食品中的熟食类,仅凭分类名称无法确定是否存在稳定有用的场景或承载区域来源,screened
食物,食物 / 日式烤鸡串,22,reject,[],日式烤鸡串相关食物,仅提供抽象食物符号，缺乏稳定可用的场景或承载区域来源,screened
食物,食物 / 日韩东南亚料理 / 印度尼西亚料理,25,hold,[],食物类别中的印度尼西亚料理,仅凭分类名称无法确定是否存在稳定有用的场景或承载区域来源,screened
食物,食物 / 日韩东南亚料理 / 文莱料理,22,hold,[],文莱料理的相关食物场景,仅凭分类名称无法确定是否存在稳定有用的场景或承载区域来源,screened
食物,食物 / 日韩东南亚料理 / 新加坡马来料理,22,keep,"[""餐饮环境"", ""家庭厨房"", ""街头小吃""]",涉及新加坡马来料理的餐饮场景和厨房环境,新加坡马来料理常见于餐饮店、家庭厨房和街头摊位，具有稳定且丰富的场景来源,screened
食物,食物 / 日韩东南亚料理 / 日本料理,60,keep,"[""餐厅环境"", ""家庭厨房"", ""街头小吃""]",日本料理相关的餐饮场景和准备环境,日本料理常见于餐厅、家庭厨房和街头餐饮场景，具有稳定且丰富的场景来源,screened
食物,食物 / 日韩东南亚料理 / 柬埔寨料理,22,hold,[],食物类别中的柬埔寨料理,仅凭分类名称无法确定是否存在稳定有用的场景或承载区域来源,screened
食物,食物 / 日韩东南亚料理 / 泰国料理,39,keep,"[""餐厅环境"", ""家庭厨房"", ""街头小吃""]",泰国料理相关的餐饮场景，包括餐厅、家庭厨房和街头摊位等实际用餐或准备场景,泰国料理常出现在餐厅、家庭厨房和街头小吃场景中，具有稳定且丰富的场景来源,screened
食物,食物 / 日韩东南亚料理 / 缅甸料理,21,hold,[],食物类别中的缅甸料理,仅凭分类名称无法确定是否存在稳定有用的场景或承载区域来源,screened
食物,食物 / 日韩东南亚料理 / 老挝料理,23,hold,[],老挝料理的相关食物场景,仅凭分类名称无法确定是否存在稳定有用的场景或承载区域来源,screened
食物,食物 / 日韩东南亚料理 / 菲律宾料理,20,hold,[],食物类别中的菲律宾料理,仅凭分类名称无法确定是否存在稳定有用的场景或承载区域来源,screened
食物,食物 / 日韩东南亚料理 / 越南料理,34,keep,"[""餐厅环境"", ""家庭厨房""]",越南料理相关的餐饮场景，如餐厅、家庭厨房等,越南料理常出现在餐厅或家庭厨房等稳定场景中，具有明确的承载和使用环境,screened
食物,食物 / 日韩东南亚料理 / 韩国料理,74,keep,"[""餐厅环境"", ""家庭厨房"", ""街头小吃""]",韩国料理相关的餐饮场景，包括餐厅、家庭厨房和街头摊位等实际用餐或准备场景,韩国料理常出现在餐厅、家庭厨房和街头小吃场景中，具有稳定且丰富的场景来源,screened
食物,食物 / 早餐与轻食 / 三明治汉堡,21,hold,[],早餐与轻食中的三明治汉堡类食物,仅凭分类名称无法确定是否存在稳定有用的场景或承载区域来源,screened
食物,食物 / 早餐与轻食 / 中式早餐,23,keep,"[""早餐场景"", ""家庭厨房"", ""室内用餐""]",中式早餐相关的家庭或日常饮食场景,中式早餐常见于家庭厨房或早餐桌，具有稳定且广泛的场景来源,screened
食物,食物 / 早餐与轻食 / 代餐,22,hold,[],早餐与轻食 / 代餐,仅凭分类名称无法确定是否存在稳定有用的场景或承载区域来源,screened
食物,食物 / 早餐与轻食 / 沙拉,181,keep,"[""家庭厨房"", ""餐厅环境"", ""早餐场景""]",包含家庭或餐厅中常见的沙拉制作与食用场景,沙拉常出现在家庭厨房或餐厅的早餐场景中，具有稳定且可编辑的承载环境,screened
食物,食物 / 早餐与轻食 / 西式早餐,20,keep,"[""早餐场景"", ""室内厨房"", ""家庭用餐""]",西式早餐相关的家庭或日常用餐场景,西式早餐常见于家庭厨房或早餐桌场景，具有稳定且可编辑的环境来源,screened
食物,食物 / 早餐与轻食 / 轻食碗,23,keep,"[""早餐场景"", ""室内用餐环境""]",轻食碗在早餐或轻食场景中的常见使用环境,轻食碗常出现在早餐或轻食场景中，具有稳定的场景来源和可编辑的承载面,screened
食物,食物 / 早餐食品 / 荞麦食品,43,keep,"[""早餐场景"", ""家庭厨房""]",早餐食品中与荞麦相关的食物在家庭厨房或早餐场景中出现,荞麦食品常见于早餐场景，如家庭厨房中作为早餐主食，具有稳定且可编辑的场景来源,screened
食物,食物 / 明胶 / 明胶甜点,23,hold,[],明胶甜点类食物,分类名称具体但缺乏明确的稳定场景或承载环境来源，无法确定其在实际场景中的普遍适用性,screened
食物,食物 / 果汁 / 橙汁,20,hold,[],果汁类食物,仅凭'橙汁'无法确定稳定场景或承载环境来源，缺乏明确的场景关联,screened
食物,食物 / 果汁 / 花蜜,23,hold,[],食物 / 果汁 / 花蜜,仅凭分类名称无法确定是否存在稳定有用的场景或承载区域来源,screened
食物,食物 / 果汁 / 苹果汁,23,hold,[],果汁类食物,仅凭'苹果汁'无法确定稳定场景或承载环境来源，缺乏明确的使用或呈现场景,screened
食物,食物 / 果汁 / 蔓越莓汁,21,reject,[],果汁类饮品,蔓越莓汁属于具体饮品，缺乏稳定、广泛的场景或承载环境来源，主要为纯文字或符号表现，无典型使用场景或可编辑环境支撑,screened
食物,食物 / 果汁饮料 / 柠檬水,21,reject,[],柠檬水作为饮品的呈现,柠檬水属于纯文字或抽象符号类饮品，缺乏稳定、可编辑的场景或承载环境来源,screened
食物,食物 / 沙爹,17,reject,[],食物类别中的沙爹,沙爹属于具体食物品类，缺乏稳定、通用的场景或承载环境来源，主要为纯文字或特写，无广泛适用的场景支持,screened
食物,食物 / 油炸食品,47,hold,[],食物 / 油炸食品,仅凭分类名称无法确定是否存在稳定有用的场景或承载区域来源。,screened
食物,食物 / 泥状食品,23,keep,"[""自然环境"", ""厨房场景""]",泥状食品在自然或厨房场景中的呈现,泥状食品常出现在自然环境如土壤或厨房中，具有稳定场景来源,screened
食物,食物 / 洋葱圈,19,reject,[],食物类别中的洋葱圈,洋葱圈属于具体食品，通常以纯文字、品牌标志或孤立小物特写呈现，缺乏稳定、可用的场景或承载区域来源。,screened
食物,食物 / 洗洁精,27,reject,[],食物/洗洁精,洗洁精属于抽象符号和纯文字，缺乏稳定有用的场景或承载区域来源,screened
食物,食物 / 海鲜 / 咸水鱼,65,keep,"[""自然水域"", ""渔业场景"", ""餐桌环境""]",咸水鱼在自然水域中的捕捞、养殖及餐桌上的呈现场景,咸水鱼常见于自然水域和渔业场景，具有稳定的来源和可编辑的承载环境，如渔网、渔船、厨房餐桌等,screened
食物,食物 / 海鲜 / 对虾,29,hold,[],食物类别中的对虾,仅凭分类名称无法确定是否存在稳定有用的场景或承载区域来源,screened
食物,食物 / 海鲜 / 淡水鱼,40,keep,"[""自然水域"", ""水产养殖环境""]",淡水鱼在自然水域或养殖环境中的出现场景,淡水鱼常见于自然水域和水产养殖环境中，具有稳定且可编辑的场景来源,screened
食物,食物 / 海鲜 / 章鱼,24,hold,[],食物类别中的海鲜类,仅凭'章鱼'无法确定稳定场景或承载环境来源，缺乏明确的场景关联,screened
食物,食物 / 海鲜 / 贝类,97,keep,"[""海洋环境"", ""厨房场景"", ""餐饮场景""]",海鲜贝类相关的自然来源和烹饪场景,贝类常见于海洋环境，且在厨房和餐饮场景中具有稳定的应用来源,screened
食物,食物 / 海鲜 / 食用鱿鱼,26,hold,[],食物 / 海鲜 / 食用鱿鱼,仅凭分类名称无法确定是否存在稳定有用的场景或承载区域来源,screened
食物,食物 / 海鲜 / 鱼卵,16,hold,[],食物类别中的鱼卵,仅凭'鱼卵'无法确定其稳定出现的场景或承载环境，缺乏明确的场景来源,screened
食物,食物 / 海鲜水产食材 / 头足类食材,18,keep,"[""海洋环境"", ""水产市场"", ""厨房场景""]",海鲜水产食材中的头足类，如章鱼、墨鱼等在自然水域和加工场景中的出现,头足类食材常见于海洋环境和水产市场，具有稳定且可编辑的场景来源,screened
食物,食物 / 海鲜水产食材 / 水产加工品,32,hold,[],食物类别中的水产加工品,分类名称模糊，缺乏明确的稳定场景或承载环境来源，无法确定其是否包含可编辑的场景或实用环境。,screened
食物,食物 / 海鲜水产食材 / 海藻食材,21,keep,"[""海洋环境"", ""沿海区域"", ""自然水域""]",海藻食材在海洋或沿海自然环境中常见，具有稳定来源,海藻食材通常生长于海洋或沿海水域，具有稳定的自然场景来源，可提供有效的承载与环境背景,screened
食物,食物 / 海鲜水产食材 / 虾蟹食材,25,keep,"[""水产品场景"", ""厨房环境"", ""海鲜加工场景""]",涉及虾蟹等海鲜食材的烹饪、储存或加工场景,虾蟹食材常见于厨房或水产品加工场景，具有稳定且可编辑的承载环境,screened
食物,食物 / 海鲜水产食材 / 贝类食材,25,keep,"[""海洋环境"", ""市场摊位"", ""厨房场景""]",海鲜水产食材中的贝类，在自然水域、市场和厨房中常见,贝类食材常见于海洋环境、市场和厨房场景，具有稳定且可编辑的来源,screened
食物,食物 / 海鲜水产食材 / 鱼类食材,29,keep,"[""厨房"", ""水产市场"", ""餐桌""]",涉及鱼类食材的烹饪、准备和消费场景,鱼类食材常见于厨房、水产市场和餐桌等稳定场景，提供明确的承载与使用环境,screened
食物,食物 / 火锅烧烤 / 中式火锅,47,keep,"[""室内用餐场景"", ""家庭厨房场景"", ""餐饮场所""]",中式火锅相关的用餐和准备场景,中式火锅常见于家庭厨房和餐饮场所，具有稳定的场景来源和可编辑的承载环境。,screened
食物,食物 / 火锅烧烤 / 串串冒菜,31,keep,"[""餐饮环境"", ""室外用餐场景"", ""家庭厨房""]",火锅烧烤和串串冒菜相关的餐饮场景,火锅烧烤和串串冒菜通常出现在餐饮环境、室外用餐场景和家庭厨房中，具有稳定且常见的场景来源。,screened
食物,食物 / 火锅烧烤 / 关东煮,16,keep,"[""餐饮环境"", ""室内空间"", ""家庭厨房""]",火锅烧烤和关东煮相关的餐饮场景，包括家庭厨房、餐馆、街边摊位等,火锅烧烤和关东煮通常出现在餐饮环境中，具有稳定的场景来源和承载面，如餐桌、灶台、厨房区域等，适合召回相关图片。,screened
食物,食物 / 火锅烧烤 / 日韩锅物,26,keep,"[""餐饮场所"", ""家庭厨房"", ""户外聚餐""]",涉及日韩锅物的餐饮场景，包括家庭厨房、餐厅和户外聚餐环境,火锅烧烤类食物通常出现在有稳定承载面和社交互动的餐饮场景中，如厨房、餐厅或户外聚会，具备明确的场景来源,screened
食物,食物 / 火锅烧烤 / 海鲜烧烤,23,keep,"[""户外烧烤场景"", ""餐饮环境""]",涉及海鲜烧烤的户外或餐饮场景中，包含食材、炉具及用餐环境的来源,火锅烧烤和海鲜烧烤通常出现在户外或餐饮场所，具有稳定的场景和承载环境，适合提供可编辑的环境结构,screened
食物,食物 / 火锅烧烤 / 烤串,29,keep,"[""户外用餐场景"", ""街头摊位"", ""夜市环境""]",涉及烤串的食物场景，常见于户外或街头环境,烤串常出现在户外用餐或夜市场景中，具有稳定且丰富的场景来源,screened
食物,食物 / 火锅烧烤 / 烤肉,26,keep,"[""室外烧烤场景"", ""家庭厨房场景"", ""餐饮聚会场景""]",涉及食物制作和消费的典型环境，如户外烧烤、家庭厨房、聚会用餐等,烤肉类食物通常出现在有明确承载面和使用场景的环境中，如户外烧烤架、厨房灶台等，具有稳定且可编辑的场景来源。,screened
食物,食物 / 火锅烧烤 / 烤鱼,27,keep,"[""餐饮场景"", ""户外聚餐""]",火锅烧烤和烤鱼相关的餐饮活动场景,烤鱼等食物通常出现在餐饮场景中，如家庭聚餐或户外烧烤，具有稳定且常见的场景来源。,screened
食物,食物 / 火锅烧烤 / 铁板烧,22,keep,"[""餐饮场景"", ""室外用餐环境"", ""家庭厨房""]",火锅烧烤类食物的烹饪与食用场景,铁板烧常见于餐饮场景，具有稳定的烹饪和食用环境，包含明确的承载面和可编辑空间。,screened
食物,食物 / 火锅烧烤 / 麻辣烫,23,keep,"[""餐饮环境"", ""室内空间"", ""社交场景""]",火锅烧烤和麻辣烫相关的餐饮场景，包括就餐环境、摊位、厨房或家庭用餐场景,火锅烧烤和麻辣烫通常出现在餐饮环境中，具有稳定的场景来源，如餐馆、街边摊位或家庭厨房，能提供明确的承载面和可编辑环境。,screened
食物,食物 / 炒鸡蛋,28,hold,[],食物 / 炒鸡蛋,仅凭分类名称无法确定是否存在稳定有用的场景或承载区域来源,screened
食物,食物 / 烈酒小杯,17,hold,[],食物 / 烈酒小杯,仅凭分类名称无法确定是否存在稳定有用的场景或承载区域来源,screened
食物,食物 / 烘焙甜品点心,28,keep,"[""厨房"", ""家庭餐桌"", ""烘焙场景""]",涉及烘焙和甜品制作的室内场景，如厨房、家庭餐桌等,烘焙甜品点心通常出现在厨房或家庭餐桌等稳定室内场景中，具有明确的承载和使用环境。,screened
食物,食物 / 烘焙甜品点心 / 中式糕点,55,hold,[],中式糕点,仅凭分类名称无法确定是否存在稳定有用的场景或承载区域来源,screened
食物,食物 / 烘焙甜品点心 / 冰淇淋,68,keep,"[""家庭厨房"", ""甜品店场景"", ""户外休闲""]",包含家庭制作、店铺销售及户外消费等场景中的冰淇淋呈现环境,冰淇淋常见于厨房、甜品店和户外休闲场景，具有稳定且多样化的承载环境和使用场景,screened
食物,食物 / 烘焙甜品点心 / 华夫饼,16,keep,"[""厨房"", ""家庭餐桌""]",厨房环境中常见的烘焙食品场景,华夫饼作为常见烘焙甜品，通常出现在厨房或家庭餐桌等稳定场景中，具有明确的承载和使用环境。,screened
食物,食物 / 烘焙甜品点心 / 卤味零食,18,hold,[],食物类别中的烘焙甜品点心和卤味零食,仅凭分类名称无法确定是否存在稳定有用的场景或承载区域来源,screened
食物,食物 / 烘焙甜品点心 / 可丽饼,16,keep,"[""厨房"", ""家庭餐桌"", ""早餐场景""]",厨房及家庭用餐环境中常见的烘焙甜品场景,可丽饼常出现在厨房或家庭早餐场景中，具有稳定的场景来源和可编辑的承载面,screened
食物,食物 / 烘焙甜品点心 / 吐司面包,23,keep,"[""厨房"", ""家庭餐桌""]",厨房环境中常见的吐司面包场景,吐司面包常出现在厨房和家庭餐桌等稳定场景中，具有明确的承载和使用环境,screened
食物,食物 / 烘焙甜品点心 / 奶油甜品,24,keep,"[""厨房"", ""家庭餐桌"", ""烘焙场景""]",涉及奶油甜品的制作、呈现和食用场景,奶油甜品常出现在厨房或家庭餐桌等稳定场景中，具有明确的承载和使用环境,screened
食物,食物 / 烘焙甜品点心 / 威化饼干,15,keep,"[""厨房"", ""家庭餐桌"", ""烘焙场景""]",与烘焙甜品相关的厨房环境和家庭用餐场景,威化饼干常出现在厨房烘焙场景和家庭餐桌环境中，具有稳定且常见的来源,screened
食物,食物 / 烘焙甜品点心 / 巧克力,13,hold,[],食物 / 烘焙甜品点心 / 巧克力,仅凭分类名称无法确定是否存在稳定有用的场景或承载区域来源。,screened
食物,食物 / 烘焙甜品点心 / 巧克力糖果,36,hold,[],食物 / 烘焙甜品点心 / 巧克力糖果,分类名称缺乏明确的稳定场景或承载环境来源，无法确定其是否包含可编辑的场景或空间结构。,screened
食物,食物 / 烘焙甜品点心 / 布丁,15,keep,"[""厨房"", ""家庭餐桌""]",厨房环境中常见的布丁制作与呈现场景,布丁作为烘焙甜品，常出现在厨房或家庭餐桌场景中，具有稳定且可编辑的承载环境,screened
食物,食物 / 烘焙甜品点心 / 布丁果冻,23,hold,[],食物类别中的布丁果冻,仅凭分类名称无法确定是否存在稳定有用的场景或承载区域来源,screened
食物,食物 / 烘焙甜品点心 / 慕斯蛋糕,16,hold,[],食物类别中的慕斯蛋糕,仅凭分类名称无法确定是否存在稳定有用的场景或承载区域来源,screened
食物,食物 / 烘焙甜品点心 / 挞类甜点,19,hold,[],食物类别中的挞类甜点,仅凭分类名称无法确定是否存在稳定有用的场景或承载区域来源,screened
食物,食物 / 烘焙甜品点心 / 曲奇饼干,22,keep,"[""厨房"", ""家庭餐桌"", ""烘焙场景""]",厨房及家庭日常烘焙环境中出现的曲奇饼干场景,曲奇饼干常出现在厨房或家庭餐桌等稳定场景中，具有明确的承载和使用环境,screened
食物,食物 / 烘焙甜品点心 / 月饼,13,hold,"[""月饼相关场景""]",月饼作为食物的常见呈现场景，如节日家庭聚会、节日餐桌等,仅凭‘月饼’这一具体品类无法确定其稳定场景来源，且缺乏明确的承载面或环境结构，需进一步核查具体样例,screened
食物,食物 / 烘焙甜品点心 / 松饼,17,keep,"[""厨房"", ""家庭餐桌""]",厨房环境中常见的烘焙甜品制作与呈现场景,松饼作为常见烘焙甜品，通常出现在厨房或家庭餐桌等稳定场景中，具有明确的承载和使用环境,screened
食物,食物 / 烘焙甜品点心 / 果冻,19,hold,[],食物 / 烘焙甜品点心 / 果冻,仅凭分类名称无法确定是否存在稳定有用的场景或承载区域来源。,screened
食物,食物 / 烘焙甜品点心 / 果脯蜜饯,15,hold,[],食物类别中的果脯蜜饯子类,仅凭分类名称无法确定是否存在稳定有用的场景或承载区域来源,screened
食物,食物 / 烘焙甜品点心 / 法式面包,22,keep,"[""厨房"", ""家庭餐桌"", ""烘焙场景""]",法式面包通常出现在厨房、家庭餐桌或烘焙场景中，具有稳定的环境来源,法式面包常出现在厨房或家庭用餐场景中，具有稳定且可编辑的环境来源，符合桌面或承载面场景的覆盖需求,screened
食物,食物 / 烘焙甜品点心 / 泡芙,19,hold,[],食物 / 烘焙甜品点心 / 泡芙,仅凭分类名称无法确定是否存在稳定有用的场景或承载区域来源。,screened
食物,食物 / 烘焙甜品点心 / 派塔,19,keep,"[""厨房"", ""家庭餐桌"", ""烘焙场景""]",与烘焙相关的厨房环境及家庭用餐场景,派塔作为烘焙甜品，常见于厨房和家庭餐桌等稳定场景，具有明确的承载和使用环境,screened
食物,食物 / 烘焙甜品点心 / 派类甜点,20,hold,[],食物类别中的派类甜点,仅凭分类名称无法确定是否存在稳定有用的场景或承载区域来源,screened
食物,食物 / 烘焙甜品点心 / 海苔零食,19,hold,[],食物 / 烘焙甜品点心 / 海苔零食,分类名称缺乏明确的稳定场景或承载环境来源，无法确定其是否包含可编辑的场景或空间结构。,screened
食物,食物 / 烘焙甜品点心 / 玛德琳,14,hold,[],食物类别中的烘焙甜品点心,仅凭'玛德琳'无法确定其稳定场景或承载环境来源，缺乏明确的场景关联,screened
食物,食物 / 烘焙甜品点心 / 甜甜圈,16,keep,"[""厨房"", ""早餐场景"", ""餐饮环境""]",烘焙甜品点心类食物在厨房或餐饮场景中的常见呈现,甜甜圈作为常见烘焙食品，常出现在厨房或早餐餐饮场景中，具有稳定且可编辑的场景来源,screened
食物,食物 / 烘焙甜品点心 / 甜面包,21,keep,"[""厨房"", ""家庭餐桌"", ""烘焙场景""]",包含厨房环境中的甜面包制作与呈现场景,甜面包作为食物类别，常见于厨房和家庭餐桌等稳定场景，具有明确的承载和使用环境,screened
食物,食物 / 烘焙甜品点心 / 硬糖,17,hold,[],食物类别中的硬糖,仅凭分类名称无法确定是否存在稳定有用的场景或承载区域来源,screened
食物,食物 / 烘焙甜品点心 / 纸杯蛋糕,16,keep,"[""厨房"", ""家庭场景"", ""餐饮环境""]",包含纸杯蛋糕在厨房或家庭餐饮场景中的常见呈现,纸杯蛋糕常出现在厨房或家庭餐饮场景中，具有稳定的场景来源和可编辑环境结构,screened
食物,食物 / 烘焙甜品点心 / 肉干肉脯,21,hold,[],食物类别中的烘焙甜品点心和肉干肉脯,仅凭分类名称无法确定是否存在稳定有用的场景或承载区域来源,screened
食物,食物 / 烘焙甜品点心 / 膨化零食,19,keep,"[""厨房"", ""家庭餐桌"", ""零食分享场景""]",包含烘焙甜品和膨化零食的日常消费场景，如家庭厨房、餐桌上或休闲分享环境,烘焙甜品和膨化零食常出现在厨房或家庭用餐场景中，具有稳定且常见的场景来源,screened
食物,食物 / 烘焙甜品点心 / 芝士蛋糕,15,hold,[],食物类别中的烘焙甜品点心,仅凭分类名称无法确定是否存在稳定有用的场景或承载区域来源,screened
食物,食物 / 烘焙甜品点心 / 苏打饼干,19,keep,"[""厨房"", ""家庭餐桌""]",厨房环境中常见的烘焙食品场景,苏打饼干作为常见烘焙甜品，常出现在厨房或家庭餐桌等稳定场景中，具有明确的承载和使用环境。,screened
食物,食物 / 烘焙甜品点心 / 蛋挞,17,keep,"[""厨房"", ""家庭餐桌""]",烘焙甜品点心类食物在厨房或家庭用餐场景中的常见呈现,蛋挞作为常见烘焙甜品，通常出现在厨房或家庭餐桌等稳定场景中，具有明确的承载和使用环境,screened
食物,食物 / 烘焙甜品点心 / 蛋糕,28,keep,"[""厨房"", ""家庭餐桌"", ""烘焙场景""]",与蛋糕相关的厨房制作、家庭用餐及烘焙环境,蛋糕常出现在厨房和家庭餐桌等稳定场景中，提供明确的承载和使用环境,screened
食物,食物 / 烘焙甜品点心 / 软糖,21,hold,[],食物 / 烘焙甜品点心 / 软糖,仅凭分类名称无法确定是否存在稳定有用的场景或承载区域来源。,screened
食物,食物 / 烘焙甜品点心 / 酥点,30,keep,"[""厨房"", ""家庭餐桌"", ""烘焙场景""]",涉及厨房环境中的烘焙甜品制作与呈现场景,酥点通常在厨房或家庭烘焙场景中出现，具有稳定的场景来源和可编辑的承载面,screened
食物,食物 / 烘焙甜品点心 / 雪糕,21,keep,"[""户外活动"", ""家庭聚会"", ""甜品店""]",与雪糕相关的各种场景，包括户外、家庭和商业环境,雪糕常见于户外活动、家庭聚会和甜品店等场景，具有稳定的来源和可编辑环境结构,screened
食物,食物 / 烘焙甜品点心 / 面包,803,keep,"[""厨房"", ""家庭餐桌"", ""烘焙场景""]",包含面包等烘焙甜品在家庭或厨房环境中的制作与呈现场景,面包作为常见烘焙食品，常出现在厨房或家庭餐桌等稳定场景中，具有明确的承载和使用环境,screened
食物,食物 / 烘焙甜品点心 / 饼干,88,keep,"[""厨房"", ""家庭餐桌"", ""烘焙场景""]",与烘焙相关的厨房环境及家庭用餐场景,饼干作为常见烘焙甜品，常出现在厨房和家庭餐桌等稳定场景中，具有明确的承载和使用环境。,screened
食物,食物 / 烘焙甜品点心 / 马卡龙,16,hold,[],食物 / 烘焙甜品点心 / 马卡龙,仅凭分类名称无法确定是否存在稳定有用的场景或承载区域来源。,screened
食物,食物 / 烘焙食品 / 糕点,85,keep,"[""厨房"", ""家庭餐桌"", ""烘焙场景""]",烘焙食品中的糕点类在厨房或家庭环境中常见，常出现在餐桌或烘焙工作台等稳定场景中,糕点作为烘焙食品的一部分，通常出现在厨房或家庭餐桌等稳定场景中，具有明确的承载和使用环境,screened
食物,食物 / 烘焙食品 / 饼干和薄脆饼,42,keep,"[""厨房"", ""家庭餐桌"", ""烘焙场景""]",与饼干和薄脆饼相关的厨房制作、家庭食用及烘焙环境,饼干和薄脆饼常出现在厨房、家庭餐桌等稳定场景中，具有明确的承载和使用环境,screened
食物,食物 / 烤面包,28,hold,[],食物 / 烤面包,仅凭分类名称无法确定是否存在稳定有用的场景或承载区域来源,screened
食物,食物 / 烧烤炉,15,keep,"[""户外烧烤场景"", ""庭院环境"", ""公共休闲空间""]",涉及户外烧烤活动的场景，如庭院、公园、露营地等,烧烤炉常见于户外场景，提供稳定的承载和使用环境，具有明确的场景来源,screened
食物,食物 / 烹饪喷雾,25,reject,[],烹饪喷雾,烹饪喷雾多为抽象符号或孤立小物特写，缺乏稳定有用的场景或承载区域来源。,screened
食物,食物 / 猪肉排,26,reject,[],猪肉排作为食物类别,猪肉排属于具体食材，缺乏稳定、非偶然的场景或承载区域来源，主要为食物特写或符号，不符合环境类场景的判断标准,screened
食物,食物 / 玉米饼,16,hold,[],食物 / 玉米饼,仅凭分类名称无法确定是否存在稳定有用的场景或承载区域来源,screened
食物,食物 / 珍珠奶茶,12,reject,[],食物 / 珍珠奶茶,仅包含抽象饮品符号，无稳定场景或承载区域来源,screened
食物,食物 / 甜食,15,hold,[],食物/甜食类别,仅凭分类名称无法确定是否存在稳定有用的场景或承载区域来源,screened
食物,食物 / 甜食 / 口香糖,36,reject,[],口香糖作为食物类别,口香糖属于纯文字或符号类物品，缺乏稳定、可用的场景或承载区域来源,screened
食物,食物 / 甜食 / 太妃糖苹果,20,hold,[],食物 / 甜食 / 太妃糖苹果,分类名称具体但缺乏明确的稳定场景或承载环境来源，无法确定其是否包含可编辑的场景或空间结构。,screened
食物,食物 / 甜食 / 果酱,75,hold,[],食物/甜食/果酱,仅凭分类名称无法确定是否存在稳定有用的场景或承载区域来源,screened
食物,食物 / 甜食 / 糖制食品,411,keep,"[""家庭厨房"", ""餐饮场景"", ""甜品展示""]",涉及糖制食品的日常烹饪、消费和展示场景,糖制食品常出现在家庭厨房、餐厅或甜品展示等稳定场景中，具有明确的承载和使用环境,screened
食物,食物 / 甜食 / 糖果店,18,keep,"[""糖果店场景"", ""零售环境""]",糖果店内的食物展示与销售场景,糖果店提供稳定的零售场景和承载面，适合召回相关图片,screened
食物,食物 / 甜食 / 糖渍樱桃,18,hold,[],糖渍樱桃作为甜食的一种，可能出现在家庭厨房、食品展示区或甜品店等场景,分类名称具体但缺乏明确的稳定场景来源，无法确定其在实际场景中是否普遍存在或提供可编辑的承载环境,screened
食物,食物 / 生鲜食材 / 冷冻食品原料,34,hold,[],食物 / 生鲜食材 / 冷冻食品原料,仅凭分类名称无法确定是否存在稳定有用的场景或承载区域来源。,screened
食物,食物 / 生鲜食材 / 发酵原料,32,hold,[],食物 / 生鲜食材 / 发酵原料,仅凭分类名称无法确定是否存在稳定有用的场景或承载区域来源,screened
食物,食物 / 生鲜食材 / 坚果原料,32,hold,[],坚果原料,分类名称不明确，缺乏稳定场景或承载环境来源，无法确定具体可召回的场景,screened
食物,食物 / 生鲜食材 / 新鲜水果,32,keep,"[""室内厨房"", ""生鲜市场"", ""家庭储藏""]",新鲜水果在厨房、市场或家庭储藏环境中的常见场景,新鲜水果常出现在厨房、生鲜市场或家庭储藏环境中，具有稳定且可编辑的场景来源,screened
食物,食物 / 生鲜食材 / 新鲜蔬菜,34,keep,"[""厨房"", ""家庭餐桌"", ""生鲜市场""]",新鲜蔬菜在厨房、家庭餐桌和生鲜市场等场景中常见，具有稳定且可编辑的承载环境,新鲜蔬菜常见于厨房、家庭餐桌和生鲜市场等场景，具备稳定且可编辑的承载环境，符合场景覆盖要求,screened
食物,食物 / 生鲜食材 / 水果食材,41,keep,"[""室内厨房"", ""生鲜市场"", ""家庭储藏""]",水果食材在厨房、市场或家庭储藏环境中的常见场景,水果食材常出现在厨房、生鲜市场或家庭储藏环境中，具有稳定且可编辑的场景来源,screened
食物,食物 / 生鲜食材 / 淀粉,25,keep,"[""厨房"", ""家庭餐桌"", ""食品加工环境""]",生鲜食材中的淀粉类物品，如土豆、玉米、红薯等在厨房或家庭环境中常见的使用场景,淀粉类食材常见于厨房和家庭餐桌场景，具有稳定且可编辑的承载环境，符合实用场景需求,screened
食物,食物 / 生鲜食材 / 烘焙原料,33,hold,[],食物 / 生鲜食材 / 烘焙原料,仅凭分类名称无法确定是否存在稳定有用的场景或承载区域来源。,screened
食物,食物 / 生鲜食材 / 畜肉原料,34,hold,[],食物 / 生鲜食材 / 畜肉原料,仅凭分类名称无法确定是否存在稳定有用的场景或承载区域来源,screened
食物,食物 / 生鲜食材 / 禽肉原料,34,hold,[],禽肉原料,分类名称无法确定具体场景或稳定来源，缺乏明确的场景或承载环境支持,screened
食物,食物 / 生鲜食材 / 葱蒜类蔬菜,24,keep,"[""厨房"", ""家庭烹饪场景""]",厨房环境中常见的葱蒜类蔬菜摆放或使用场景,葱蒜类蔬菜常出现在厨房场景中，具有稳定的来源和使用环境，符合可编辑场景的覆盖需求,screened
食物,食物 / 生鲜食材 / 蔬菜食材,44,keep,"[""厨房"", ""家庭餐桌"", ""生鲜市场""]",蔬菜食材在厨房、家庭餐桌和生鲜市场等场景中具有稳定来源,蔬菜食材常见于厨房、家庭餐桌和生鲜市场等场景，具有稳定且广泛的来源,screened
食物,食物 / 生鲜食材 / 薯类原料,29,keep,"[""厨房"", ""家庭烹饪场景""]",涉及薯类原料的食物在厨房或家庭烹饪场景中的使用,薯类原料常出现在厨房环境中，作为烹饪原料具有稳定的场景来源,screened
食物,食物 / 生鲜食材 / 虾类食材,26,hold,[],虾类食材,仅凭分类名称无法确定是否存在稳定有用的场景或承载区域来源,screened
食物,食物 / 生鲜食材 / 蛋类原料,27,hold,[],蛋类原料,仅凭分类名称无法确定是否存在稳定有用的场景或承载区域来源,screened
食物,食物 / 生鲜食材 / 蟹类食材,24,hold,[],蟹类食材,仅凭分类名称无法确定是否存在稳定有用的场景或承载区域来源,screened
食物,食物 / 生鲜食材 / 谷物原料,23,keep,"[""厨房"", ""食品加工环境"", ""家庭储藏空间""]",涉及谷物原料的厨房及食品处理场景,谷物原料常出现在厨房环境中，具有稳定的来源和可编辑的承载面，适合召回相关图片,screened
食物,食物 / 生鲜食材 / 谷物原粮,33,keep,"[""农田"", ""仓储环境"", ""原产地场景""]",谷物原粮在农业生产、储存和原产地环境中的场景,谷物原粮通常出现在农田、仓储和原产地等稳定场景中，具有明确的来源和承载环境,screened
食物,食物 / 生鲜食材 / 豆制食材,38,keep,"[""厨房"", ""家庭餐桌"", ""食品加工环境""]",涉及豆制食材的厨房及家庭食品准备场景,豆制食材常出现在厨房和家庭餐桌等稳定场景中，具有明确的承载和使用环境,screened
食物,食物 / 生鲜食材 / 豆类原料,22,keep,"[""厨房"", ""家庭烹饪场景""]",生鲜食材中的豆类原料在厨房及家庭烹饪场景中常见，具有稳定来源,豆类原料常出现在厨房环境中，作为烹饪原料具有稳定且可编辑的场景来源,screened
食物,食物 / 生鲜食材 / 面粉,22,keep,"[""厨房"", ""家庭烹饪环境""]",厨房中用于制作面食的生鲜食材,面粉作为常见面食原料，常出现在厨房环境中，具有稳定且可编辑的承载和使用场景,screened
食物,食物 / 生鲜食材 / 食品添加剂,35,reject,[],食品添加剂,食品添加剂多为抽象符号或纯文字，缺乏稳定有用的场景或承载区域来源,screened
食物,食物 / 生鲜食材 / 食用花卉,26,hold,[],食物 / 生鲜食材 / 食用花卉,仅凭分类名称无法确定是否存在稳定有用的场景或承载区域来源,screened
食物,食物 / 生鲜食材 / 食用菌原料,24,keep,"[""厨房"", ""室内"", ""食物准备场景""]",生鲜食材中的食用菌原料在厨房及食物准备场景中常见，具有稳定来源,食用菌原料常出现在厨房环境中，作为食物准备的一部分，具有稳定的场景来源,screened
食物,食物 / 生鲜食材 / 香料原料,34,hold,[],食物 / 生鲜食材 / 香料原料,仅凭分类名称无法确定是否存在稳定有用的场景或承载区域来源,screened
食物,食物 / 生鲜食材 / 香草原料,20,hold,[],食物 / 生鲜食材 / 香草原料,仅凭分类名称无法确定是否存在稳定有用的场景或承载区域来源,screened
食物,食物 / 生鲜食材 / 香草香料,38,keep,"[""厨房"", ""室内"", ""食物准备场景""]",生鲜食材和香草香料在厨房中的使用场景,香草香料常用于烹饪，具有稳定的厨房场景来源，提供明确的承载和使用环境。,screened
食物,食物 / 生鲜食材 / 鲜奶原料,24,hold,[],鲜奶原料,分类名称模糊，缺乏明确的稳定场景或承载环境来源，无法确定其具体应用场景。,screened
食物,食物 / 生鲜食材 / 鲜菌食材,31,keep,"[""厨房"", ""家庭厨房场景"", ""食品加工环境""]",涉及生鲜菌类食材的厨房及食品处理场景,鲜菌食材通常出现在厨房或食品加工环境中，具有稳定的来源和可编辑的承载面，符合室内食物处理场景的覆盖需求,screened
食物,食物 / 盒饭,24,keep,"[""餐饮场景"", ""食堂环境"", ""家庭用餐""]",食物/盒饭相关的餐饮场景和用餐环境,盒饭常见于食堂、家庭用餐或外卖场景，具有稳定的场景来源和承载环境,screened
食物,食物 / 碳酸饮料,19,keep,"[""室内饮品场景"", ""户外休闲场景""]",碳酸饮料在各种日常场景中的使用和呈现,碳酸饮料常见于室内和户外场景，具有稳定的来源和可编辑环境，如餐厅、便利店、运动场所等,screened
食物,食物 / 符合犹太教规的,23,keep,"[""宗教仪式场景"", ""家庭厨房"", ""犹太社区生活""]",符合犹太教规的食物在宗教仪式、家庭烹饪和社区生活中的使用场景,该类别涉及具有稳定场景的宗教饮食实践，如厨房准备、节日仪式等，存在明确且持续的场景来源。,screened
食物,食物 / 粗燕麦粉,21,reject,[],食物类别中的粗燕麦粉,粗燕麦粉属于具体食品原料，缺乏稳定、广泛的场景或承载环境来源，主要为抽象符号或文字描述，无明确的使用场景或可编辑环境结构。,screened
食物,食物 / 素食,40,keep,"[""室内厨房"", ""家庭用餐场景"", ""饮食准备环境""]",素食相关的厨房准备、家庭用餐及饮食场景,素食类食物常见于家庭厨房和日常饮食场景，具有稳定且广泛的来源,screened
食物,食物 / 红茶 / 一杯茶,22,hold,[],食物类别中的红茶饮品,仅凭'一杯茶'无法确定稳定场景或承载环境来源，缺乏明确的场景或空间关联,screened
食物,食物 / 红茶 / 冰茶,26,hold,[],红茶和冰茶的饮用场景,分类名称具体但缺乏明确的稳定场景或承载环境来源，无法确定其是否包含可编辑的使用或呈现环境。,screened
食物,食物 / 红茶 / 奶茶,41,hold,[],红茶和奶茶的相关场景,仅凭分类名称无法确定是否存在稳定有用的场景或承载区域来源,screened
食物,食物 / 给食物调味,36,hold,[],食物调味相关场景,仅凭分类名称无法确定具体场景或稳定来源，缺乏明确的场景或承载环境支持,screened
食物,食物 / 绞肉,21,hold,[],食物/绞肉类别,仅凭'绞肉'无法确定其具体场景或稳定来源，缺乏明确的场景或承载环境支持,screened
食物,食物 / 维他命 / 水溶性维生素,124,reject,[],水溶性维生素相关符号或文字,该分类主要为抽象符号或纯文字，缺乏稳定、可用的场景或承载区域来源,screened
食物,食物 / 维他命 / 脂溶性维生素,34,reject,[],脂溶性维生素相关符号或文字,仅包含抽象符号、纯文字或品牌标志，无稳定有用的场景或承载区域来源,screened
食物,食物 / 美式灵魂菜,19,hold,[],食物 / 美式灵魂菜,分类名称缺乏明确的场景或承载环境指向，无法确定其稳定来源或适用场景。,screened
食物,食物 / 翻煎饼,25,hold,[],食物/翻煎饼,仅凭分类名称无法确定具体场景或稳定来源，缺乏明确的场景或承载环境支持,screened
食物,食物 / 肉 / 切割,143,keep,"[""厨房"", ""家庭用餐场景""]",厨房中涉及肉类切割的场景,肉类切割通常发生在厨房环境中，具有稳定且常见的场景来源,screened
食物,食物 / 肉 / 法式食用蜗牛,16,reject,[],法式食用蜗牛相关食物,法式食用蜗牛属于特定饮食文化中的抽象符号和孤立食物特写，缺乏稳定、通用的场景或承载环境来源。,screened
食物,食物 / 肉 / 牛肉,29,keep,"[""厨房"", ""餐饮场景"", ""家庭餐桌""]",涉及牛肉的烹饪、准备和食用场景,牛肉常出现在厨房和餐饮场景中，具有稳定的来源和可编辑的承载环境,screened
食物,食物 / 肉 / 猪肉,28,hold,[],食物类别中的猪肉相关,仅凭分类名称无法确定是否存在稳定有用的场景或承载区域来源,screened
食物,食物 / 肉 / 羊肉,28,hold,[],食物类别中的羊肉相关,仅凭分类名称无法确定是否存在稳定有用的场景或承载区域来源,screened
食物,食物 / 肉 / 腊肠,72,keep,"[""厨房"", ""家庭餐桌"", ""食品加工环境""]",与腊肠相关的食物制作、储存和消费场景,腊肠作为常见食物，常出现在厨房、家庭餐桌和食品加工环境中，具有稳定且广泛的场景来源,screened
食物,食物 / 肉蛋奶食材 / 乳制品,248,keep,"[""厨房"", ""家庭场景"", ""食品加工环境""]",涉及乳制品的厨房及家庭食品准备场景,乳制品常出现在厨房和家庭食品准备场景中，具有稳定且持续的来源环境,screened
食物,食物 / 肉蛋奶食材 / 加工肉制品,30,keep,"[""厨房"", ""家庭餐桌"", ""食品加工环境""]",涉及加工肉制品的厨房或食品处理场景,加工肉制品通常出现在厨房或食品加工环境中，具有稳定的场景来源,screened
食物,食物 / 肉蛋奶食材 / 动物内脏,40,hold,[],动物内脏作为食材的来源场景,分类名称模糊，缺乏明确的稳定场景或承载环境来源，无法确定其是否包含可编辑的实用场景,screened
食物,食物 / 肉蛋奶食材 / 畜肉,37,keep,"[""厨房"", ""家庭餐桌"", ""食品加工环境""]",涉及畜肉的厨房准备、烹饪和家庭饮食场景,畜肉常见于厨房和家庭餐桌场景，具有稳定且广泛的来源,screened
食物,食物 / 肉蛋奶食材 / 禽肉,36,keep,"[""厨房场景"", ""家庭餐桌"", ""餐饮环境""]",涉及禽肉类食材的厨房和餐饮使用场景,禽肉作为常见食材，常出现在厨房操作和家庭餐桌场景中，具有稳定且广泛的来源,screened
食物,食物 / 肉蛋奶食材 / 蛋类,23,keep,"[""厨房"", ""家庭餐桌"", ""食品加工环境""]",涉及蛋类食材的厨房及家庭用餐场景,蛋类食材常见于厨房和家庭餐桌场景，具有稳定且广泛的来源,screened
食物,食物 / 肉蛋奶食材 / 鲜奶,20,keep,"[""厨房"", ""家庭场景"", ""食品加工环境""]",与鲜奶相关的厨房或家庭食品准备场景,鲜奶常出现在厨房或家庭食品准备场景中，具有稳定且可编辑的承载环境,screened
食物,食物 / 胡萝卜菜肴,19,keep,"[""厨房"", ""家庭餐桌""]",涉及胡萝卜的菜肴场景，如家庭烹饪、餐桌上呈现,胡萝卜菜肴常见于厨房和家庭用餐场景，具有稳定且可编辑的承载环境,screened
食物,食物 / 脆饼,12,hold,[],食物/脆饼类别,仅凭分类名称无法确定是否存在稳定有用的场景或承载区域来源,screened
食物,食物 / 膳食补充剂,24,hold,[],食物/膳食补充剂,仅凭分类名称无法确定是否存在稳定有用的场景或承载区域来源,screened
食物,食物 / 芬达,25,reject,[],芬达作为具体饮料，主要表现为瓶装或罐装的符号或特写,芬达属于具体品牌饮料，缺乏稳定、通用的场景或承载环境来源，仅提供抽象符号或孤立物品特写,screened
食物,食物 / 苹果削皮工具,18,reject,[],苹果削皮工具,仅提供抽象工具符号，无稳定有用的场景或承载区域来源,screened
食物,食物 / 苹果酒 / 烈性苹果酒,27,reject,[],烈性苹果酒,仅提供抽象符号和纯文字，无稳定有用的场景或承载区域来源,screened
食物,食物 / 茶饮,26,keep,"[""室内场景"", ""日常消费场景""]",茶饮类食物在日常消费和室内场景中的稳定出现,茶饮常见于室内场景和日常消费环境中，具有稳定的来源和可编辑的承载面,screened
食物,食物 / 菜肴 / 中式炒饭,31,keep,"[""厨房"", ""家庭餐桌"", ""餐饮场景""]",中式炒饭在厨房或家庭用餐场景中常见，具有稳定来源,中式炒饭常见于厨房或家庭餐桌场景，具有稳定且可编辑的承载环境,screened
食物,食物 / 菜肴 / 主菜,35,keep,"[""厨房"", ""家庭用餐场景"", ""餐饮服务环境""]",包含各类主菜的烹饪、准备和食用场景,主菜通常出现在厨房或家庭/餐厅用餐场景中，具有稳定且广泛的场景来源,screened
食物,食物 / 菜肴 / 什锦果蔬丁,18,keep,"[""厨房"", ""家庭餐桌"", ""烹饪场景""]",涉及厨房环境中的食材准备和烹饪场景,什锦果蔬丁常见于厨房烹饪场景，提供稳定的食材处理和烹饪环境来源,screened
食物,食物 / 菜肴 / 什锦饭,22,keep,"[""餐桌上"", ""家庭厨房"", ""餐饮场所""]",包含各种菜肴的组合场景，如家庭聚餐、餐厅用餐等,什锦饭作为食物类别，常见于餐桌上或厨房环境中，具有稳定且广泛的场景来源,screened
食物,食物 / 菜肴 / 俄式酸奶油牛肉,18,reject,[],俄式酸奶油牛肉,该类别主要为抽象食物组合，缺乏稳定、通用的场景或承载环境来源，仅属于特定菜肴，无广泛适用的场景或可编辑环境结构。,screened
食物,食物 / 菜肴 / 冷酿番茄,15,hold,[],冷酿番茄作为菜肴的分类,分类名称缺乏明确的场景或承载环境信息，无法确定其稳定来源或适用场景,screened
食物,食物 / 菜肴 / 刺身,24,hold,[],食物/菜肴/刺身,仅凭分类名称无法确定是否存在稳定有用的场景或承载区域来源,screened
食物,食物 / 菜肴 / 卡仕达酱,36,reject,[],卡仕达酱相关场景,卡仕达酱为抽象食物成分，缺乏稳定、通用的场景或承载环境来源,screened
食物,食物 / 菜肴 / 印尼什锦饭,15,keep,"[""厨房场景"", ""家庭用餐场景"", ""饮食文化场景""]",包含印尼什锦饭相关的厨房制作和家庭用餐环境,印尼什锦饭通常出现在厨房烹饪和家庭聚餐场景中，具有稳定的场景来源,screened
食物,食物 / 菜肴 / 印度香饭,15,keep,"[""室内厨房"", ""家庭用餐场景""]",印度香饭作为菜肴出现在家庭或餐厅厨房及用餐场景中,印度香饭作为具体菜肴，常出现在厨房或家庭用餐场景中，具有稳定且可编辑的场景来源,screened
食物,食物 / 菜肴 / 卷心菜煎土豆,20,keep,"[""厨房"", ""家庭餐桌"", ""烹饪场景""]",包含厨房中常见的烹饪和食用场景，如煎制卷心菜土豆的烹饪过程及家庭用餐环境,卷心菜煎土豆是常见厨房菜肴，具有稳定的烹饪和食用场景，能提供丰富的厨房和家庭用餐环境来源,screened
食物,食物 / 菜肴 / 另点菜品,19,hold,[],食物/菜肴/另点菜品,仅凭分类名称无法确定具体场景或稳定来源，缺乏明确的场景或承载环境支持,screened
食物,食物 / 菜肴 / 咖喱,22,hold,[],食物/菜肴/咖喱,仅凭分类名称无法确定是否存在稳定有用的场景或承载区域来源,screened
食物,食物 / 菜肴 / 哈吉斯,19,reject,[],哈吉斯作为特定食物，主要为符号或品牌标识，缺乏稳定场景或承载环境,哈吉斯是特定品牌食品，通常以文字或特写呈现，无稳定场景或可编辑环境支持,screened
食物,食物 / 菜肴 / 培根煎蛋,18,keep,"[""厨房场景"", ""家庭用餐场景"", ""早餐场景""]",包含厨房中常见的煎蛋和培根烹饪及食用场景,培根煎蛋是常见厨房烹饪组合，具有稳定且可重复的厨房场景来源,screened
食物,食物 / 菜肴 / 墨西哥卷饼,20,keep,"[""餐饮场景"", ""家庭厨房"", ""街头小吃""]",墨西哥卷饼相关的餐饮场景和制作环境,墨西哥卷饼常出现在家庭厨房、街头小吃摊等稳定场景中，具有明确的承载和使用环境。,screened
食物,食物 / 菜肴 / 墨西哥脆饼,28,keep,"[""餐饮场景"", ""家庭厨房"", ""街头小吃""]",包含墨西哥脆饼相关的餐饮制作、食用场景，如家庭厨房、街头摊位等,墨西哥脆饼常出现在餐饮场景中，具有稳定的食用和制作环境，能提供可编辑的承载面和互动空间,screened
食物,食物 / 菜肴 / 多尔玛,18,keep,"[""室内餐桌"", ""户外聚餐""]",食物/菜肴/多尔玛类在餐食场景中的呈现,多尔玛作为常见菜肴，常出现在室内或户外的餐桌上，具有稳定且广泛的场景来源,screened
食物,食物 / 菜肴 / 天妇罗,22,keep,"[""厨房"", ""家庭用餐场景"", ""餐饮服务环境""]",包含天妇罗相关的烹饪、准备和食用场景,天妇罗常出现在厨房或家庭用餐场景中，具有稳定的场景来源和可编辑的承载环境,screened
食物,食物 / 菜肴 / 夹层板,26,keep,"[""厨房"", ""餐食场景"", ""家庭用餐""]",涉及夹层板的食物菜肴场景，常见于厨房或家庭用餐环境,夹层板作为食物呈现的载体，常见于厨房和餐食场景，具有稳定且可编辑的承载环境,screened
食物,食物 / 菜肴 / 奥尔洛夫小牛肉排,28,reject,[],奥尔洛夫小牛肉排,该分类仅包含具体菜品名称，缺乏稳定、通用的场景或承载环境来源。,screened
食物,食物 / 菜肴 / 奶酪火锅,23,keep,"[""餐饮场景"", ""家庭厨房"", ""聚会环境""]",涉及奶酪火锅的餐饮场景，包括家庭厨房、朋友聚会等常见用餐环境,奶酪火锅作为具体菜肴，常出现在家庭或社交餐饮场景中，具有稳定且可编辑的承载环境来源,screened
食物,食物 / 菜肴 / 寿司,21,keep,"[""餐饮场景"", ""家庭厨房"", ""餐厅环境""]",与寿司相关的餐饮场景和厨房环境,寿司常见于餐饮场景、家庭厨房和餐厅环境中，具有稳定且丰富的场景来源,screened
食物,食物 / 菜肴 / 寿喜烧,15,keep,"[""餐厅环境"", ""家庭厨房""]",寿喜烧作为菜肴，常见于餐厅、家庭厨房等场景中，具有稳定的来源和可编辑环境结构,寿喜烧作为具体菜肴，通常出现在餐厅或厨房场景中，具备稳定且可编辑的环境来源,screened
食物,食物 / 菜肴 / 小烤盅,16,hold,[],食物类别中的小烤盅,仅凭名称无法确定是否存在稳定有用的场景或承载区域来源,screened
食物,食物 / 菜肴 / 布丁,27,hold,[],菜品类别,仅凭'布丁'无法确定稳定场景或承载环境来源,screened
食物,食物 / 菜肴 / 帕尔马干酪焗小牛肉,29,reject,[],帕尔马干酪焗小牛肉,该类别主要为食物成品，缺乏稳定、非偶然的场景或承载环境来源，属于抽象符号或纯文字类，无明确可编辑的场景或空间结构。,screened
食物,食物 / 菜肴 / 恩奇拉达,12,hold,[],食物/菜肴/恩奇拉达,仅凭分类名称无法确定其具体场景或是否存在稳定有用的来源,screened
食物,食物 / 菜肴 / 惠灵顿牛排,26,reject,[],惠灵顿牛排相关场景,惠灵顿牛排为具体菜肴，属于抽象符号和纯文字类，缺乏稳定、通用的场景或承载区域来源,screened
食物,食物 / 菜肴 / 意大利稻米,14,hold,[],意大利稻米类菜肴,分类名称具体但缺乏明确的场景或承载环境来源，无法确定其稳定存在的使用场景或环境结构。,screened
食物,食物 / 菜肴 / 意大利面食,69,keep,"[""厨房"", ""家庭用餐场景"", ""餐饮环境""]",涉及意大利面食的烹饪、准备和食用场景,意大利面食常见于厨房和家庭用餐场景，具有稳定且广泛的场景来源,screened
食物,食物 / 菜肴 / 意式烘蛋,14,keep,"[""厨房"", ""家庭用餐场景""]",厨房环境中常见的烹饪和食用场景,意式烘蛋通常在厨房中制作和食用，具有稳定的场景来源,screened
食物,食物 / 菜肴 / 慕斯,23,hold,[],食物/菜肴/慕斯,仅凭分类名称无法确定是否存在稳定有用的场景或承载区域来源,screened
食物,食物 / 菜肴 / 抓饭,28,keep,"[""室内餐桌"", ""家庭厨房"", ""聚餐场景""]",与抓饭相关的餐饮场景，包括家庭烹饪、聚餐和日常饮食环境,抓饭通常出现在家庭厨房或聚餐场景中，具有稳定的场景来源和承载面，符合室内饮食环境的典型特征,screened
食物,食物 / 菜肴 / 披萨,108,keep,"[""家庭厨房"", ""餐厅环境"", ""外卖场景""]",披萨作为食物在家庭、餐厅和外卖场景中的常见呈现,披萨常出现在家庭厨房、餐厅和外卖场景中，具有稳定且丰富的场景来源,screened
食物,食物 / 菜肴 / 拉面,26,keep,"[""餐饮场景"", ""家庭厨房"", ""街边小吃""]",拉面作为食物在餐饮场景中常见，常出现在家庭厨房或街边小吃摊等环境中,拉面作为具体菜肴，常出现在餐饮场景中，具有稳定且可编辑的承载环境，如厨房、餐厅或街头摊位。,screened
食物,食物 / 菜肴 / 春卷,26,keep,"[""厨房"", ""家庭餐桌"", ""饮食场景""]",春卷作为食物出现在厨房或家庭用餐场景中，常与烹饪、食用相关,春卷通常出现在厨房或家庭餐桌等稳定场景中，具有明确的承载和使用环境,screened
食物,食物 / 菜肴 / 杂烩,22,hold,[],食物/菜肴/杂烩,分类名称模糊，缺乏明确的稳定场景或承载环境来源，无法确定其具体适用范围。,screened
食物,食物 / 菜肴 / 水波蛋,20,hold,[],食物/菜肴/水波蛋,仅凭分类名称无法确定是否存在稳定有用的场景或承载区域来源,screened
食物,食物 / 菜肴 / 水煮嫩蛋,23,reject,[],食物/菜肴类,水煮嫩蛋为具体菜品，缺乏稳定、通用的场景或承载环境来源，仅属于特定烹饪场景，无广泛适用的场景或可编辑环境结构。,screened
食物,食物 / 菜肴 / 水牛城辣鸡翅,26,reject,[],食物类别中的水牛城辣鸡翅,该分类仅指向特定品牌或地方性菜肴，缺乏稳定、通用的场景或承载环境来源。,screened
食物,食物 / 菜肴 / 汤,719,keep,"[""厨房"", ""家庭用餐场景"", ""餐饮服务环境""]",包含各种烹饪和食用场景中的汤类菜肴,汤类菜肴常见于厨房和家庭用餐场景，具有稳定的来源和可编辑的环境结构,screened
食物,食物 / 菜肴 / 沙嗲,22,hold,[],食物/菜肴/沙嗲,仅凭分类名称无法确定是否存在稳定有用的场景或承载区域来源,screened
食物,食物 / 菜肴 / 法式吐司,17,hold,[],法式吐司作为食物类别,仅凭名称无法确定其是否包含稳定可用的场景或承载环境来源,screened
食物,食物 / 菜肴 / 海螯虾,27,reject,[],海螯虾作为食物的呈现,海螯虾属于具体食材，缺乏稳定、广泛的场景或承载环境来源，主要为纯文字或特写，无典型使用场景或可编辑环境支撑,screened
食物,食物 / 菜肴 / 火腿鸡蛋,18,hold,[],食物/菜肴/火腿鸡蛋,仅凭分类名称无法确定是否存在稳定有用的场景或承载区域来源,screened
食物,食物 / 菜肴 / 炒蛋,14,hold,[],食物/菜肴/炒蛋,仅凭分类名称无法确定是否存在稳定有用的场景或承载区域来源,screened
食物,食物 / 菜肴 / 炒面,16,keep,"[""厨房"", ""家庭用餐场景""]",炒面作为食物在厨房或家庭用餐场景中常见，具有稳定来源,炒面常出现在厨房或家庭用餐场景中，有稳定且可编辑的场景来源,screened
食物,食物 / 菜肴 / 炖菜,163,keep,"[""厨房"", ""家庭用餐场景"", ""烹饪环境""]",涉及炖菜的厨房场景和家庭烹饪环境,炖菜通常出现在厨房中，具有稳定的烹饪和用餐场景来源,screened
食物,食物 / 菜肴 / 炸丸子,13,hold,[],食物类别中的炸丸子,仅凭分类名称无法确定是否存在稳定有用的场景或承载区域来源,screened
食物,食物 / 菜肴 / 炸肉排,26,hold,[],食物/菜肴/炸肉排,仅凭分类名称无法确定是否存在稳定有用的场景或承载区域来源,screened
食物,食物 / 菜肴 / 炸肉饼,22,hold,[],食物类别中的炸肉饼,仅凭分类名称无法确定是否存在稳定有用的场景或承载区域来源,screened
食物,食物 / 菜肴 / 炸豆丸子,20,reject,[],仅限于食物类菜肴,炸豆丸子属于具体菜品，缺乏稳定、广泛的场景或承载环境来源，主要为抽象符号或孤立食物特写，无通用场景支持,screened
食物,食物 / 菜肴 / 炸鱼薯条,19,hold,[],食物/菜肴/炸鱼薯条,仅凭分类名称无法确定是否存在稳定有用的场景或承载区域来源,screened
食物,食物 / 菜肴 / 烤猪肋排,19,reject,[],烤猪肋排相关食物,该分类主要为抽象菜肴，缺乏稳定、可编辑的场景或承载环境来源,screened
食物,食物 / 菜肴 / 烤肉串,21,keep,"[""户外烧烤场景"", ""家庭聚餐场景""]",涉及烤肉串的户外或家庭用餐环境,烤肉串常见于户外烧烤或家庭聚餐场景，具有稳定的场景来源和可编辑环境结构,screened
食物,食物 / 菜肴 / 烤蛋,14,keep,"[""厨房"", ""家庭用餐场景""]",厨房环境中与烤蛋相关的烹饪和食用场景,烤蛋作为常见菜肴，通常出现在厨房或家庭用餐场景中，具有稳定且可编辑的场景来源,screened
食物,食物 / 菜肴 / 烤鸡翅,19,reject,[],烤鸡翅作为食物类别,烤鸡翅属于具体食物特写，缺乏稳定、通用的场景或承载环境来源，主要为孤立物品特写，不符合有稳定场景的环境类要求。,screened
食物,食物 / 菜肴 / 热月龙虾,14,reject,[],食物/菜肴/热月龙虾,热月龙虾为特定食材，缺乏稳定、普遍的场景或承载环境来源，属于抽象符号类，无实际可编辑的场景支持,screened
食物,食物 / 菜肴 / 热酿番茄,16,keep,"[""厨房"", ""家庭用餐场景""]",涉及热酿番茄的烹饪和食用场景,热酿番茄作为菜肴，通常出现在厨房或家庭用餐场景中，具有稳定的场景来源和可编辑环境结构。,screened
食物,食物 / 菜肴 / 煎蛋,16,hold,[],食物/菜肴/煎蛋,仅凭分类名称无法确定是否存在稳定有用的场景或承载区域来源,screened
食物,食物 / 菜肴 / 煎蛋卷,13,hold,[],食物/菜肴/煎蛋卷,仅凭分类名称无法确定是否存在稳定有用的场景或承载区域来源,screened
食物,食物 / 菜肴 / 照烧,16,hold,[],菜系中的照烧类菜肴,分类名称具体但缺乏明确的场景或承载环境来源，无法确定其稳定出现的场景或使用环境。,screened
食物,食物 / 菜肴 / 煸炒,17,keep,"[""厨房"", ""家庭用餐场景"", ""烹饪场景""]",涉及烹饪和饮食场景的厨房环境及家庭用餐场景,煸炒类菜肴通常出现在厨房中，具有稳定的烹饪场景和承载环境，能提供有效的可编辑区域。,screened
食物,食物 / 菜肴 / 特色菜,36,hold,[],食物/菜肴/特色菜,仅凭分类名称无法确定具体场景或稳定来源，缺乏明确的场景或承载环境支持。,screened
食物,食物 / 菜肴 / 犹太灌肠,10,reject,[],仅限犹太灌肠的符号或文字特写,该类别主要为抽象符号或品牌标志，缺乏稳定、可用的场景或承载区域来源,screened
食物,食物 / 菜肴 / 猪肉豆子,11,hold,[],食物类别中的猪肉豆子,仅凭分类名称无法确定是否存在稳定有用的场景或承载区域来源,screened
食物,食物 / 菜肴 / 玉米棒,10,hold,[],食物/菜肴/玉米棒,仅凭分类名称无法确定是否存在稳定有用的场景或承载区域来源,screened
食物,食物 / 菜肴 / 玉米煎饼,11,keep,"[""早餐场景"", ""家庭厨房"", ""街边摊位""]",包含家庭或街边制作与食用玉米煎饼的日常场景,玉米煎饼作为常见早餐食品，常出现在家庭厨房或街边摊位等稳定场景中，具有明确的承载和食用环境,screened
食物,食物 / 菜肴 / 玉米粽,14,keep,"[""节日场景"", ""家庭聚餐""]",与节日或家庭聚餐相关的食物场景,玉米粽常见于节日或家庭聚餐场景，具有稳定的来源和可编辑环境,screened
食物,食物 / 菜肴 / 玉米粽派,19,hold,[],食物/菜肴/玉米粽派,分类名称模糊，'玉米粽派'并非明确存在的食物类别，无法确定其具体场景或稳定来源,screened
食物,食物 / 菜肴 / 玻璃罩烤雉,11,reject,[],玻璃罩烤雉,该分类属于具体菜品且缺乏稳定、通用的场景或承载环境来源，仅涉及特定烹饪方式和物品，无广泛适用的场景或可编辑环境结构。,screened
食物,食物 / 菜肴 / 班尼迪克蛋,16,reject,[],仅包含班尼迪克蛋这一具体菜肴,班尼迪克蛋属于具体食物，缺乏稳定、广泛的场景或承载环境来源，主要为纯文字或符号描述，无典型使用场景或可编辑环境结构,screened
食物,食物 / 菜肴 / 番茄汤,11,reject,[],番茄汤作为食物类别,番茄汤主要为抽象食物符号，缺乏稳定、可用的场景或承载环境来源,screened
食物,食物 / 菜肴 / 砂锅菜,13,keep,"[""厨房"", ""家庭用餐场景"", ""烹饪环境""]",砂锅菜相关的烹饪和用餐场景,砂锅菜通常出现在厨房或家庭用餐场景中，具有稳定的场景来源和承载环境。,screened
食物,食物 / 菜肴 / 粥,23,keep,"[""厨房"", ""家庭用餐场景"", ""早餐场景""]",与粥相关的厨房制作和家庭用餐场景,粥作为常见食物，常出现在厨房和家庭用餐场景中，具有稳定且广泛的来源,screened
食物,食物 / 菜肴 / 索尔兹伯里牛排,13,reject,[],索尔兹伯里牛排作为具体菜肴,该分类仅涉及具体菜肴名称，缺乏稳定、通用的场景或承载环境来源，属于抽象符号或品牌特写，无广泛适用的场景支持,screened
食物,食物 / 菜肴 / 红酒炖鸡,13,reject,[],红酒炖鸡,仅提供抽象食物组合，无稳定场景或承载环境来源,screened
食物,食物 / 菜肴 / 纽堡海鲜,12,hold,[],食物/菜肴/纽堡海鲜,仅凭分类名称无法确定是否存在稳定有用的场景或承载区域来源,screened
食物,食物 / 菜肴 / 翻转糕点,11,hold,[],食物/菜肴/翻转糕点,仅凭分类名称无法确定是否存在稳定有用的场景或承载区域来源,screened
食物,食物 / 菜肴 / 肉丸,15,hold,[],食物/菜肴/肉丸,仅凭分类名称无法确定是否存在稳定有用的场景或承载区域来源,screened
食物,食物 / 菜肴 / 肉丸意面,14,hold,[],食物/菜肴/肉丸意面,仅凭分类名称无法确定是否存在稳定有用的场景或承载区域来源,screened
食物,食物 / 菜肴 / 肉冻卷,13,hold,[],食物/菜肴/肉冻卷,仅凭分类名称无法确定是否存在稳定有用的场景或承载区域来源,screened
食物,食物 / 菜肴 / 肉卷,13,hold,[],食物/菜肴/肉卷,仅凭分类名称无法确定是否存在稳定有用的场景或承载区域来源,screened
食物,食物 / 菜肴 / 肉菜饭,12,keep,"[""厨房"", ""家庭用餐场景"", ""餐饮服务环境""]",涉及肉菜饭的烹饪、准备和食用场景,肉菜饭类食物通常出现在厨房或家庭用餐场景中，具有稳定的场景来源和可编辑的承载环境。,screened
食物,食物 / 菜肴 / 胡椒牛排,13,reject,[],胡椒牛排相关食物,胡椒牛排属于具体菜肴，缺乏稳定、广泛的场景或承载环境来源，主要为抽象符号或孤立食物特写，不符合有稳定场景的环境类要求,screened
食物,食物 / 菜肴 / 舒芙蕾,12,hold,[],菜肴类食物,仅凭'舒芙蕾'无法确定其稳定场景或承载环境来源,screened
食物,食物 / 菜肴 / 芋泥,10,hold,[],食物/菜肴/芋泥,仅凭分类名称无法确定是否存在稳定有用的场景或承载区域来源,screened
食物,食物 / 菜肴 / 苏格兰蛋,13,hold,[],苏格兰蛋作为菜肴的呈现场景,仅凭名称无法确定其稳定场景或承载环境来源，缺乏明确的可编辑场景支持,screened
食物,食物 / 菜肴 / 苹果泥,14,reject,[],苹果泥作为食物类别,苹果泥属于纯食物特写，缺乏稳定、可用的场景或承载环境来源,screened
食物,食物 / 菜肴 / 蒸粗麦粉,10,reject,[],蒸粗麦粉,该分类仅涉及具体食材，缺乏稳定、可用的场景或承载环境来源。,screened
食物,食物 / 菜肴 / 蓝带鸡排,15,reject,[],该类别主要为抽象符号或品牌标志，缺乏稳定、可用的场景或承载环境来源,蓝带鸡排属于具体菜品，通常以特写或文字形式出现，缺乏稳定、通用的场景或承载环境，无法提供可编辑的环境结构或空间支持,screened
食物,食物 / 菜肴 / 蘑菇鸡片,13,hold,[],食物类别中的蘑菇鸡片,仅凭分类名称无法确定是否存在稳定有用的场景或承载区域来源,screened
食物,食物 / 菜肴 / 西班牙式米饭,14,keep,"[""家庭厨房"", ""餐厅环境"", ""饮食场景""]",与西班牙式米饭相关的烹饪、准备和食用场景,西班牙式米饭通常出现在家庭厨房或餐厅环境中，具有稳定的场景来源和可编辑的承载面,screened
食物,食物 / 菜肴 / 西班牙海鲜饭,14,keep,"[""餐饮场景"", ""家庭厨房"", ""餐厅环境""]",涉及西班牙海鲜饭的餐饮准备、烹饪和食用场景,西班牙海鲜饭作为具体菜肴，常出现在家庭厨房、餐厅等具有稳定餐饮场景的环境中，能提供可靠的承载与使用背景,screened
食物,食物 / 菜肴 / 贝壳形烤盘,14,hold,[],贝壳形烤盘,分类名称不明确，无法确定是否存在稳定有用的场景或承载区域来源,screened
食物,食物 / 菜肴 / 辣椒,14,keep,"[""厨房"", ""家庭餐桌"", ""烹饪场景""]",与辣椒相关的烹饪和饮食场景,辣椒作为常见食材，常出现在厨房和家庭烹饪场景中，具有稳定且广泛的场景来源,screened
食物,食物 / 菜肴 / 酸菜,12,keep,"[""厨房"", ""家庭餐桌""]",与酸菜相关的烹饪场景和家庭饮食环境,酸菜常出现在厨房和家庭餐桌场景中，具有稳定的来源和可编辑的承载环境,screened
食物,食物 / 菜肴 / 酿甜椒,13,keep,"[""厨房"", ""家庭餐桌""]",与烹饪和食用相关的厨房场景,酿甜椒作为菜肴，通常出现在厨房或家庭餐桌等具有烹饪和饮食场景的环境中，具备稳定且可编辑的来源。,screened
食物,食物 / 菜肴 / 酿蛋,12,keep,"[""厨房"", ""家庭用餐场景""]",与烹饪和饮食相关的厨房环境及家庭用餐场景,酿蛋作为菜肴通常出现在厨房环境中，具有稳定的场景来源和可编辑的承载面，如灶台、餐桌等。,screened
食物,食物 / 菜肴 / 酿鱼丸,20,keep,"[""厨房"", ""家庭用餐场景""]",涉及烹饪和食用场景的厨房环境及家庭用餐场景,酿鱼丸作为菜肴，通常出现在厨房烹饪和家庭用餐场景中，具有稳定且常见的场景来源。,screened
食物,食物 / 菜肴 / 锅饼,19,keep,"[""厨房"", ""家庭用餐场景""]",厨房环境中常见的锅饼制作与食用场景,锅饼作为食物在厨房和家庭用餐场景中具有稳定且常见的来源，能提供可编辑的承载和操作环境,screened
食物,食物 / 菜肴 / 阿多波,15,hold,[],食物/菜肴/阿多波,仅凭分类名称无法确定其具体场景或是否存在稳定有用的来源,screened
食物,食物 / 菜肴 / 陶罐肉冻,19,reject,[],陶罐肉冻,该分类主要为抽象符号或纯文字，缺乏稳定、可用的场景或承载区域来源。,screened
食物,食物 / 菜肴 / 零食,261,keep,"[""餐饮场景"", ""家庭厨房"", ""户外野餐""]",食物类菜肴和零食在日常餐饮、家庭烹饪及户外活动中的使用场景,食物类菜肴和零食常见于多种生活场景，如厨房、餐厅、户外聚会等，具有稳定且广泛的场景来源,screened
食物,食物 / 菜肴 / 青椒牛排,24,reject,[],青椒牛排作为具体菜肴，主要呈现为食物特写或烹饪场景中的单品,青椒牛排属于具体菜肴，缺乏稳定、通用的场景或承载环境来源，仅表现为食物特写或烹饪过程中的孤立对象，不符合提供可编辑环境结构的要求,screened
食物,食物 / 菜肴 / 韩式拌饭,17,keep,"[""餐食场景"", ""家庭厨房"", ""餐厅环境""]",韩式拌饭相关的餐食场景和厨房环境,韩式拌饭作为具体菜肴，通常出现在家庭厨房或餐厅环境中，具有稳定且常见的场景来源,screened
食物,食物 / 菜肴 / 马伦戈鸡,17,reject,[],马伦戈鸡相关菜肴,马伦戈鸡属于具体菜品，缺乏稳定、广泛的场景或承载环境来源，仅提供抽象符号或孤立食物特写。,screened
食物,食物 / 菜肴 / 鱼条,18,hold,[],食物/菜肴/鱼条,仅凭分类名称无法确定是否存在稳定有用的场景或承载区域来源,screened
食物,食物 / 菜肴 / 鸡肉饭,19,hold,[],鸡肉饭相关菜肴,仅凭分类名称无法确定是否存在稳定有用的场景或承载区域来源,screened
食物,食物 / 菲律宾春卷,19,hold,[],食物 / 菲律宾春卷,仅凭分类名称无法确定其是否包含稳定有用的场景或承载区域来源。,screened
食物,食物 / 营养与特殊食品 / 代餐食品,25,hold,[],代餐食品,仅凭分类名称无法确定是否存在稳定有用的场景或承载区域来源,screened
食物,食物 / 营养与特殊食品 / 低糖低脂食品,23,keep,"[""饮食场景"", ""家庭厨房""]",低糖低脂食品在日常饮食和家庭烹饪中的使用场景,低糖低脂食品常出现在家庭厨房和健康饮食场景中，具有稳定的来源和可编辑环境,screened
食物,食物 / 营养与特殊食品 / 婴幼儿食品,20,keep,"[""家庭厨房"", ""婴幼儿日常场景"", ""喂养环境""]",婴幼儿食品在家庭厨房或喂养场景中的使用环境,婴幼儿食品常出现在家庭厨房或喂养场景中，具有稳定且常见的使用来源,screened
食物,食物 / 营养与特殊食品 / 无麸质食品,21,hold,[],无麸质食品,仅凭分类名称无法确定是否存在稳定有用的场景或承载区域来源,screened
食物,食物 / 营养与特殊食品 / 清真食品,19,hold,[],清真食品类别,仅凭分类名称无法确定是否存在稳定有用的场景或承载区域来源,screened
食物,食物 / 营养与特殊食品 / 老年食品,21,keep,"[""家庭厨房"", ""养老机构""]",老年食品在家庭或养老机构中的使用场景,老年食品常出现在家庭厨房或养老机构的用餐场景中，具有稳定且持续的来源,screened
食物,食物 / 营养与特殊食品 / 运动营养食品,18,hold,[],运动营养食品,仅凭分类名称无法确定是否存在稳定有用的场景或承载区域来源,screened
食物,食物 / 蒸米饭,16,keep,"[""厨房"", ""家庭用餐场景""]",厨房中用于蒸制米饭的场景和器具相关环境,蒸米饭通常发生在厨房环境中，具有稳定且常见的场景来源，符合可编辑环境结构要求,screened
食物,食物 / 蛋品分离工具,19,reject,[],蛋品分离工具,仅提供抽象工具符号，无稳定有用的场景或承载区域来源,screened
食物,食物 / 蛋糕烘焙工具,26,keep,"[""厨房"", ""家庭烹饪环境""]",厨房中用于蛋糕烘焙的工具和设备,蛋糕烘焙工具通常出现在厨房环境中，提供稳定且常见的使用场景和承载面，符合可编辑环境结构要求,screened
食物,食物 / 蛋糕类,20,keep,"[""室内厨房"", ""节日庆典"", ""甜点展示""]",与蛋糕相关的室内场景、节日或甜点展示环境,蛋糕类食物常出现在厨房、节日或甜点展示场景中，具有稳定且可编辑的承载环境,screened
食物,食物 / 蛋黄,26,reject,[],食物类别中的蛋黄,蛋黄属于具体食物成分，缺乏稳定、广泛的场景或承载环境来源，仅作为符号或文字出现，无实际可编辑的场景支持,screened
食物,食物 / 街头食品,25,keep,"[""街头环境"", ""公共空间""]",街头食品在户外或公共场所的常见场景,街头食品通常出现在公共空间或街头环境，具有稳定的场景来源和可编辑的承载面,screened
食物,食物 / 西式正餐 / 中东料理,18,hold,[],中东料理的饮食场景,仅凭分类名称无法确定是否存在稳定有用的场景或承载区域来源,screened
食物,食物 / 西式正餐 / 俄罗斯料理,16,hold,[],俄罗斯料理相关的食物场景,仅凭分类名称无法确定是否存在稳定有用的场景或承载区域来源,screened
食物,食物 / 西式正餐 / 北欧料理,18,hold,[],北欧料理相关的食物场景,仅凭分类名称无法确定是否存在稳定有用的场景或承载区域来源,screened
食物,食物 / 西式正餐 / 印度料理,20,hold,[],印度料理相关的食物场景,仅凭分类名称无法确定是否存在稳定有用的场景或承载区域来源,screened
食物,食物 / 西式正餐 / 土耳其料理,20,hold,[],食物/西式正餐/土耳其料理,仅凭分类名称无法确定是否存在稳定有用的场景或承载区域来源,screened
食物,食物 / 西式正餐 / 地中海料理,47,keep,"[""家庭厨房"", ""餐厅环境"", ""户外聚餐""]",地中海料理相关的食物场景，包括家庭烹饪、餐厅用餐和户外聚会环境,地中海料理常出现在家庭厨房、餐厅和户外聚餐等稳定场景中，具有明确的承载和使用环境,screened
食物,食物 / 西式正餐 / 德国料理,18,hold,[],德国料理相关的食物场景,仅凭分类名称无法确定是否存在稳定有用的场景或承载区域来源,screened
食物,食物 / 西式正餐 / 意大利料理,20,keep,"[""家庭厨房"", ""餐厅环境"", ""饮食场景""]",包含意大利料理相关的家庭烹饪、餐厅用餐等场景,意大利料理常出现在家庭厨房或餐厅环境中，具有稳定且丰富的场景来源,screened
食物,食物 / 西式正餐 / 拉丁美洲料理,58,hold,[],食物 / 西式正餐 / 拉丁美洲料理,仅凭分类名称无法确定是否存在稳定有用的场景或承载区域来源。,screened
食物,食物 / 西式正餐 / 法国料理,19,keep,"[""餐厅环境"", ""家庭厨房"", ""户外用餐""]",包含法国料理相关的餐厅、家庭厨房及户外用餐场景,法国料理常出现在餐厅、家庭厨房和户外用餐等稳定场景中，具有明确的场景来源,screened
食物,食物 / 西式正餐 / 美式料理,16,keep,"[""家庭厨房"", ""餐厅环境"", ""户外野餐""]",包含美式料理相关的厨房、餐厅及户外用餐场景,美式料理常见于家庭厨房、餐厅和户外用餐场景，具有稳定且丰富的场景来源,screened
食物,食物 / 西式正餐 / 英式料理,15,hold,[],英式料理相关的食物场景,仅凭分类名称无法确定是否存在稳定有用的场景或承载区域来源,screened
食物,食物 / 西式正餐 / 葡萄牙料理,17,keep,"[""餐厅环境"", ""家庭用餐场景""]",西式正餐中的葡萄牙料理相关场景，如餐厅、家庭厨房等用餐环境,葡萄牙料理常出现在餐厅或家庭用餐场景中，具有稳定且可编辑的场景来源,screened
食物,食物 / 西式食物,37,keep,"[""餐厅环境"", ""家庭厨房"", ""户外野餐""]",西式食物相关的餐饮场景，包括餐厅、厨房和户外用餐环境,西式食物常出现在餐厅、厨房和户外用餐等稳定场景中，具有明确的承载和使用环境,screened
食物,食物 / 调味剂 / 卡宴辣椒,14,reject,[],调味剂类,卡宴辣椒属于纯文字或品牌标志类符号，缺乏稳定、可用的场景或承载环境来源。,screened
食物,食物 / 调味剂 / 增甜,109,keep,"[""厨房"", ""家庭用餐场景""]",厨房中用于调味增甜的物品，如糖、蜂蜜等,调味剂中的增甜类物品常见于厨房场景，具有稳定且可编辑的使用环境,screened
食物,食物 / 调味剂 / 大蒜,15,reject,[],调味剂类食物,大蒜属于具体调味品，缺乏稳定、广泛的场景或承载环境来源，主要为孤立物品特写，无典型使用场景或环境支撑。,screened
食物,食物 / 调味剂 / 姜,16,keep,"[""厨房"", ""家庭烹饪场景""]",厨房环境中常见的调味剂使用场景,姜作为常见调味剂，常出现在厨房和家庭烹饪场景中，具有稳定且广泛的来源,screened
食物,食物 / 调味剂 / 姜黄,16,reject,[],调味剂类,姜黄作为具体调味品，多以纯文字、品牌标志或孤立小物特写呈现，缺乏稳定、通用的场景或承载区域来源。,screened
食物,食物 / 调味剂 / 小豆蔻,15,reject,[],调味剂类,小豆蔻属于抽象符号和孤立小物特写，缺乏稳定有用的场景或承载区域来源,screened
食物,食物 / 调味剂 / 摩卡,16,hold,[],调味剂类食物,仅凭'摩卡'无法确定稳定场景或承载环境来源,screened
食物,食物 / 调味剂 / 旱金莲,15,reject,[],调味剂,旱金莲是植物，不属于调味剂，该分类含义不清，无稳定有用的场景或承载区域来源,screened
食物,食物 / 调味剂 / 杜松子,19,reject,[],杜松子作为调味剂，通常出现在厨房或食品加工场景中,杜松子属于具体调味品，多以纯文字、品牌标志或小物特写形式出现，缺乏稳定、广泛的场景或承载面来源,screened
食物,食物 / 调味剂 / 檫树,17,reject,[],调味剂类,檫树属于抽象符号或非典型食物成分，缺乏稳定、可用的场景或承载环境来源。,screened
食物,食物 / 调味剂 / 盐,20,keep,"[""厨房"", ""家庭餐桌""]",厨房及家庭用餐场景中的调味剂使用环境,盐作为常见调味剂，常出现在厨房和餐桌等稳定场景中，具有明确的承载和使用环境,screened
食物,食物 / 调味剂 / 红辣椒粉,14,reject,[],调味剂类,红辣椒粉属于纯文字或符号类物品，缺乏稳定、可用的场景或承载环境来源。,screened
食物,食物 / 调味剂 / 罂粟籽,20,reject,[],调味剂类,罂粟籽属于受控物质，相关场景缺乏稳定、非偶然的公开可用来源，且涉及敏感内容，不适用于通用原图池的召回。,screened
食物,食物 / 调味剂 / 胡椒,14,reject,[],调味剂类,胡椒作为调味品多为孤立小物特写或品牌标志，缺乏稳定、通用的场景或承载区域来源。,screened
食物,食物 / 调味剂 / 芝麻籽,14,reject,[],调味剂类,芝麻籽属于具体食材，缺乏稳定、广泛的场景或承载环境来源，多为孤立物品特写，无典型使用场景或环境支撑。,screened
食物,食物 / 调味剂 / 芳草,357,hold,"[""芳草类植物""]",调味剂中以芳草为主的成分,芳草类调味剂缺乏明确的稳定场景或承载环境，无法确定其典型使用场景或可编辑环境结构,screened
食物,食物 / 调味剂 / 藏红花,25,reject,[],调味剂类食物,藏红花属于纯文字或符号类物品，缺乏稳定、可用的场景或承载环境来源。,screened
食物,食物 / 调味剂 / 韭菜,20,hold,[],调味剂类食物,仅凭'韭菜'无法确定其是否具有稳定场景或承载环境来源,screened
食物,食物 / 调味剂 / 香料,88,hold,[],调味剂和香料类物品,分类名称较模糊，缺乏明确的稳定场景或承载环境来源，无法确定其具体应用场景,screened
食物,食物 / 调味剂 / 香草豆荚,11,reject,[],调味剂类,香草豆荚属于抽象符号和孤立小物特写，缺乏稳定有用的场景或承载区域来源。,screened
食物,食物 / 调味品 / 佐餐芥末酱,18,reject,[],调味品类,佐餐芥末酱多为纯文字或孤立小物特写，缺乏稳定有用的场景或承载区域来源,screened
食物,食物 / 调味品 / 印度酸辣酱,16,reject,[],调味品类,印度酸辣酱多为纯文字或品牌标志，缺乏稳定、可用的场景或承载区域来源,screened
食物,食物 / 调味品 / 味精,25,reject,[],味精作为调味品，通常以小包装形式出现，缺乏稳定、通用的场景或承载环境,味精属于抽象调味品，多为小包装或文字标识，无稳定场景或承载面，无法提供可编辑的环境结构,screened
食物,食物 / 调味品 / 咖喱粉,26,reject,[],调味品类,咖喱粉属于抽象符号和纯文字，缺乏稳定、可用的场景或承载区域来源。,screened
食物,食物 / 调味品 / 复合酱料,36,keep,"[""厨房"", ""家庭餐桌""]",厨房环境中常见的复合酱料使用场景,复合酱料通常出现在厨房和家庭用餐场景中，具有稳定的使用环境和承载面，符合可编辑环境结构的覆盖需求,screened
食物,食物 / 调味品 / 大豆,20,keep,"[""厨房"", ""家庭用餐环境""]",厨房中与大豆相关的调味品使用场景,大豆类调味品常见于厨房环境中，具有稳定的使用场景和承载面，可作为食物类场景的有效来源,screened
食物,食物 / 调味品 / 山葵,20,reject,[],调味品类,山葵属于纯文字或孤立小物特写，缺乏稳定有用的场景或承载区域来源,screened
食物,食物 / 调味品 / 汁,769,hold,[],调味品类汁液相关物品,仅凭名称无法确定是否存在稳定有用的场景或承载区域来源,screened
食物,食物 / 调味品 / 汤料高汤,13,hold,[],调味品中的汤料高汤,仅凭分类名称无法确定是否存在稳定有用的场景或承载区域来源,screened
食物,食物 / 调味品 / 沙拉酱,11,keep,"[""厨房"", ""家庭餐桌""]",厨房及家庭用餐场景中与沙拉酱相关的使用环境,沙拉酱常见于厨房和餐桌场景，提供稳定且普遍的使用环境和承载面,screened
食物,食物 / 调味品 / 涂抹物,45,keep,"[""厨房"", ""家庭用餐场景""]",厨房及家庭日常用餐环境中常见的调味品和涂抹物使用场景,调味品和涂抹物常出现在厨房或家庭用餐场景中，具有稳定的使用环境和承载面，能提供明确的可编辑区域。,screened
食物,食物 / 调味品 / 火锅底料,17,reject,[],调味品类,火锅底料多为抽象符号或纯文字，缺乏稳定、可用的场景或承载区域来源。,screened
食物,食物 / 调味品 / 番茄酱,19,reject,[],番茄酱作为调味品，通常以小包装形式出现，缺乏稳定、普遍的场景或承载面环境,番茄酱属于纯文字或孤立小物特写，无稳定可用的场景或承载区域来源,screened
食物,食物 / 调味品 / 盐,17,keep,"[""厨房"", ""家庭餐桌""]",厨房及家庭用餐场景中的调味品使用环境,盐作为常见调味品，常出现在厨房和餐桌等稳定场景中，具有明确的承载和使用环境,screened
食物,食物 / 调味品 / 盐糖甜味料,16,keep,"[""厨房"", ""家庭餐桌"", ""食品加工环境""]",厨房及家庭日常饮食场景中与盐糖甜味料相关的使用环境,盐糖甜味料常见于厨房和家庭饮食场景，具有稳定的使用和承载环境，能提供有效的可编辑区域。,screened
食物,食物 / 调味品 / 糖,13,keep,"[""厨房"", ""家庭用餐场景""]",厨房及家庭日常饮食场景中与糖相关的环境和使用场景,糖作为调味品常见于厨房和家庭用餐场景，具有稳定且广泛的来源,screened
食物,食物 / 调味品 / 腌泡汁,18,keep,"[""厨房"", ""家庭餐桌""]",厨房环境中用于调味和腌制的液体或混合物,腌泡汁常见于厨房场景，具有稳定的使用环境和承载面，如碗、容器等，可作为调味和食品处理的支撑来源,screened
食物,食物 / 调味品 / 腌渍调味品,20,hold,[],调味品类别,仅凭分类名称无法确定是否存在稳定有用的场景或承载区域来源,screened
食物,食物 / 调味品 / 腌渍调味料,20,keep,"[""厨房"", ""家庭烹饪场景""]",厨房中用于调味的腌渍类食品相关场景,腌渍调味料通常出现在厨房环境中，具有稳定的使用场景和承载面，如调料架、台面等，能提供明确的可编辑环境结构。,screened
食物,食物 / 调味品 / 萨尔萨酱,19,reject,[],调味品类食物,萨尔萨酱主要为抽象符号或纯文字，缺乏稳定、可用的场景或承载区域来源,screened
食物,食物 / 调味品 / 蔓越莓酱,16,reject,[],调味品类,蔓越莓酱属于纯文字或品牌标志类，缺乏稳定、可用的场景或承载区域来源,screened
食物,食物 / 调味品 / 薄荷酱,23,reject,[],调味品类,薄荷酱属于抽象符号或纯文字，缺乏稳定、可用的场景或承载区域来源,screened
食物,食物 / 调味品 / 蘸料,22,keep,"[""厨房"", ""餐饮场景""]",厨房中用于食物调味的蘸料类物品,蘸料常见于厨房和餐饮场景，具有稳定的使用环境和承载面，能提供明确的可编辑区域。,screened
食物,食物 / 调味品 / 蚝油,22,reject,[],调味品类,蚝油属于纯文字或符号类调味品，缺乏稳定、可用的场景或承载环境来源。,screened
食物,食物 / 调味品 / 调味酱,72,keep,"[""厨房"", ""家庭餐桌""]",厨房及家庭用餐场景中的调味酱使用环境,调味酱常见于厨房和餐桌场景，提供稳定且广泛的使用来源,screened
食物,食物 / 调味品 / 豆瓣酱,18,reject,[],调味品类,豆瓣酱主要为抽象符号或纯文字，缺乏稳定、可用的场景或承载区域来源。,screened
食物,食物 / 调味品 / 豆豉,21,reject,[],调味品类,豆豉作为调味品多为孤立小物特写或品牌标志，缺乏稳定、通用的场景或承载区域来源。,screened
食物,食物 / 调味品 / 辣根,21,hold,[],调味品类食物,仅凭'辣根'无法确定其稳定场景或承载环境，缺乏明确的使用或呈现场景来源,screened
食物,食物 / 调味品 / 辣椒酱,25,keep,"[""厨房"", ""家庭餐桌""]",厨房及家庭用餐场景中常见的调味品使用环境,辣椒酱作为调味品，常见于厨房和家庭餐桌场景，具有稳定的使用环境和承载面，符合可编辑环境结构的覆盖需求,screened
食物,食物 / 调味品 / 酱油,23,keep,"[""厨房"", ""家庭用餐场景""]",厨房环境中常见的调味品使用场景,酱油作为常见调味品，通常出现在厨房场景中，具有稳定的来源和使用环境,screened
食物,食物 / 调味品 / 酱油醋,24,keep,"[""厨房"", ""家庭用餐场景"", ""食品储存环境""]",酱油醋常出现在厨房环境中，用于烹饪和调味，具有稳定的使用场景和承载面,酱油醋作为调味品，常见于厨房场景中，具有稳定的使用和存储环境，能提供明确的可编辑区域和场景来源,screened
食物,食物 / 调味品 / 醋,36,keep,"[""厨房"", ""家庭厨房环境""]",厨房中用于调味的醋类物品及其使用场景,醋作为常见调味品，常出现在厨房环境中，具有稳定且可编辑的使用场景,screened
食物,食物 / 调味品 / 食用油,16,keep,"[""厨房"", ""家庭烹饪场景""]",厨房环境中用于烹饪和调味的食用油相关场景,食用油常见于厨房场景，提供稳定且实用的烹饪承载与使用环境,screened
食物,食物 / 调味品 / 食用油脂,24,keep,"[""厨房"", ""家庭烹饪场景""]",厨房中用于烹饪和调味的食用油脂类物品,食用油脂常见于厨房场景，具有稳定的使用环境和承载面，可作为烹饪和调味的实用来源,screened
食物,食物 / 调味品 / 香辛料,23,keep,"[""厨房"", ""家庭烹饪场景""]",厨房中用于调味的香辛料类物品,香辛料常见于厨房场景，具有稳定的使用环境和承载面，可作为调味操作的支撑来源,screened
食物,食物 / 调味品 / 高汤料,15,hold,[],调味品类食物的使用场景,分类名称缺乏明确的场景或承载环境信息，无法确定稳定可用的来源场景。,screened
食物,食物 / 调味品 / 鱼露,23,reject,[],鱼露作为调味品，通常不构成稳定场景或承载环境,鱼露属于纯调味品，缺乏稳定、可编辑的场景或承载环境来源，仅作为符号或文字存在，不符合场景类别的判断标准,screened
食物,食物 / 调味品 / 鸡精,19,reject,[],鸡精作为调味品，通常以小包装形式存在，不构成稳定场景或承载环境,鸡精属于抽象调味品，缺乏稳定、可编辑的场景或承载环境来源，仅以小包装形式出现，无法提供有意义的视觉场景,screened
食物,食物 / 软饮料 / 可乐饮料,30,reject,[],可乐饮料,可乐饮料主要为抽象符号或纯文字，缺乏稳定、可用的场景或承载区域来源。,screened
食物,食物 / 软饮料 / 奎宁水,15,reject,[],软饮料类饮品,奎宁水属于特定品牌或配方饮品，缺乏稳定、普遍的场景或承载环境来源，多为孤立物品特写，无广泛适用的场景支持,screened
食物,食物 / 软饮料 / 姜味汽水,17,reject,[],软饮料类饮品,姜味汽水属于抽象符号和纯文字描述，缺乏稳定、可用的场景或承载区域来源,screened
食物,食物 / 软饮料 / 根啤酒,19,reject,[],软饮料类饮品,根啤酒属于纯文字或品牌标志类，缺乏稳定、可用的场景或承载环境来源,screened
食物,食物 / 软饮料 / 橙味汽水,17,reject,[],橙味汽水,橙味汽水属于纯文字或品牌标志类，缺乏稳定、可用的场景或承载区域来源。,screened
食物,食物 / 软饮料 / 汽水,36,keep,"[""室内饮品场景"", ""户外休闲场景""]",软饮料和汽水在各种日常场景中的出现，如家庭、户外、办公等环境,汽水常出现在室内和户外的饮用场景中，具有稳定的场景来源和可编辑环境结构,screened
食物,食物 / 进食场景,26,keep,"[""进食场景"", ""室内用餐"", ""家庭厨房""]",与进食相关的场景，如家庭餐桌、餐厅、户外野餐等,进食场景包含稳定且常见的生活场景，如家庭餐桌、餐厅环境等，具有明确的承载面和可编辑性,screened
食物,食物 / 酒吧服务,23,hold,[],食物 / 酒吧服务,仅凭分类名称无法确定是否存在稳定有用的场景或承载区域来源,screened
食物,食物 / 酒类饮品 / 中性烈酒,20,hold,[],酒类饮品,仅凭分类名称无法确定是否存在稳定有用的场景或承载区域来源,screened
食物,食物 / 酒类饮品 / 僧面猴,22,reject,[],酒类饮品,僧面猴是虚构或非现实的符号，不构成稳定场景或承载环境来源,screened
食物,食物 / 酒类饮品 / 利口酒,141,reject,[],酒类饮品,利口酒多为纯文字、品牌标志或孤立小物特写，缺乏稳定有用的场景或承载区域来源。,screened
食物,食物 / 酒类饮品 / 开胃酒,21,reject,[],酒类饮品,开胃酒多为抽象符号或纯文字，缺乏稳定有用的场景或承载区域来源。,screened
食物,食物 / 酒类饮品 / 混合饮料,316,hold,[],食物/酒类饮品/混合饮料,仅凭分类名称无法确定是否存在稳定有用的场景或承载区域来源,screened
食物,食物 / 酒类饮品 / 烈性苹果酒,20,reject,[],酒类饮品,烈性苹果酒属于抽象符号或纯文字，缺乏稳定有用的场景或承载区域来源。,screened
食物,食物 / 酒类饮品 / 烈性酒,491,reject,[],酒类饮品,烈性酒多为抽象符号或纯文字，缺乏稳定有用的场景或承载区域来源。,screened
食物,食物 / 酒类饮品 / 私酒,33,reject,[],酒类饮品,私酒属于抽象符号和非法内容，缺乏稳定有用的场景或承载区域来源,screened
食物,食物 / 酒类饮品 / 自酿品,34,hold,[],酒类饮品的自酿品,仅凭分类名称无法确定是否存在稳定有用的场景或承载区域来源,screened
食物,食物 / 酒类饮品 / 葡萄酒,796,keep,"[""餐饮场景"", ""家庭厨房""]",葡萄酒在餐饮或家庭厨房中的使用场景,葡萄酒常见于餐饮场景和家庭厨房，具有稳定的场景来源和承载环境,screened
食物,食物 / 酒类饮品 / 酿造饮料,241,hold,[],酒类饮品的酿造过程或相关场景,仅凭分类名称无法确定是否存在稳定有用的场景或承载区域来源,screened
食物,食物 / 酸奶 / 冻酸奶,16,keep,"[""室内冰箱"", ""家庭厨房"", ""冷藏环境""]",含有冷藏存储和消费场景的环境,冻酸奶常见于家庭厨房或冷藏环境中，具有稳定的场景来源,screened
食物,食物 / 零食品牌类别,23,reject,[],零食品牌类别,仅包含品牌标志或孤立小物特写，缺乏稳定有用的场景或承载区域来源,screened
食物,食物 / 零食小吃卤味 / 卤味熟食,35,keep,"[""街头摊位"", ""家庭厨房"", ""市集环境""]",与卤味熟食相关的街头、家庭或市集场景,卤味熟食常见于街头摊位、市集或家庭厨房等具有稳定场景的环境中，能提供明确的承载和展示空间。,screened
食物,食物 / 零食小吃卤味 / 坚果炒货,21,keep,"[""家庭厨房"", ""零售摊位"", ""街头小吃""]",坚果炒货类食物在家庭、零售和街头场景中的常见呈现,坚果炒货常出现在家庭厨房、零售摊位和街头小吃场景中，具有稳定且多样化的承载环境和使用场景,screened
食物,食物 / 零食小吃卤味 / 油炸小吃,24,keep,"[""街头摊位"", ""家庭厨房"", ""休闲场所""]",油炸小吃常见于街头、家庭厨房及休闲环境中的售卖或食用场景,油炸小吃通常出现在街头摊位、家庭厨房或休闲场所，具有稳定的场景来源和可编辑的承载环境,screened
食物,食物 / 零食小吃卤味 / 肉脯肉干,21,keep,"[""街头摊位"", ""家庭厨房"", ""休闲消费场景""]",食物/零食小吃卤味/肉脯肉干类在日常消费和饮食场景中的出现,肉脯肉干作为常见零食，常出现在街头摊位、家庭厨房和休闲消费场景中，具有稳定且广泛的场景来源。,screened
食物,食物 / 零食小吃卤味 / 膨化食品,29,keep,"[""桌面"", ""室内""]",膨化食品在日常生活中常见的场景，如家庭餐桌、便利店、休闲场所等,膨化食品常出现在桌面或室内环境中，具有稳定的场景来源，可作为可编辑环境的支撑或放置区域,screened
食物,食物 / 零食小吃卤味 / 蜜饯果干,27,keep,"[""家庭厨房"", ""零售摊位"", ""节日场景""]",食物/零食小吃卤味/蜜饯果干类在日常消费和节庆场景中的呈现,蜜饯果干常出现在家庭厨房、零售摊位和节日场景中，具有稳定且常见的来源场景,screened
食物,食物 / 零食小吃卤味 / 街头小吃,94,keep,"[""街头环境"", ""户外空间""]",街头小吃相关场景，如夜市、摊位、行人聚集区等,街头小吃常见于户外公共空间，具有稳定且可编辑的场景来源,screened
食物,食物 / 零食小吃卤味 / 豆制零食,27,keep,"[""街头摊位"", ""家庭厨房"", ""休闲消费场景""]",豆制零食在街头、家庭厨房及休闲消费场景中的常见呈现,豆制零食常出现在街头摊位、家庭厨房和休闲消费场景中，具有稳定且多样的场景来源,screened
食物,食物 / 零食小吃卤味 / 辣条面筋,22,keep,"[""街头摊位"", ""家庭厨房"", ""休闲消费场景""]",包含街头、家庭等常见消费场景中的零食小吃类物品,辣条面筋常见于街头摊位和家庭厨房，具有稳定且广泛的场景来源,screened
食物,食物 / 面食,58,keep,"[""厨房"", ""家庭用餐场景"", ""餐饮环境""]",面食相关的厨房制作与用餐场景,面食常出现在厨房和家庭用餐场景中，具有稳定且常见的来源环境,screened
食物,食物 / 食品 / 冷冻食品,18,hold,[],冷冻食品类别,仅凭分类名称无法确定是否存在稳定有用的场景或承载区域来源,screened
食物,食物 / 食品 / 凝乳,16,keep,"[""厨房"", ""家庭用餐场景""]",厨房及家庭用餐环境中与凝乳相关的场景,凝乳作为食品常见于厨房和家庭用餐场景，具有稳定且可编辑的承载环境,screened
食物,食物 / 食品 / 可可,16,hold,[],食物/食品/可可,仅凭分类名称无法确定是否存在稳定有用的场景或承载区域来源,screened
食物,食物 / 食品 / 奶,14,keep,"[""厨房"", ""家庭用餐场景""]",涉及奶类食品的厨房及家庭用餐环境,奶类食品常见于厨房和家庭用餐场景，具有稳定且广泛的来源,screened
食物,食物 / 食品 / 果汁,51,keep,"[""室内厨房"", ""饮品消费场景""]",果汁作为食物类别，常见于厨房准备、饮品消费等场景,果汁常见于厨房准备和饮品消费场景，具有稳定且可编辑的来源环境,screened
食物,食物 / 食品 / 混合物,130,keep,"[""厨房"", ""餐饮场景"", ""家庭用餐""]",食物类别中包含混合物，常见于厨房和餐饮场景中，具有稳定来源,混合物类食物在厨房和餐饮场景中普遍存在，提供稳定且可编辑的承载与使用环境,screened
食物,食物 / 食品 / 着色,17,hold,[],食物/食品中的着色类,仅凭'着色'无法确定具体场景或稳定来源，缺乏明确的场景或承载环境支持,screened
食物,食物 / 食品 / 粗饲料,17,keep,"[""养殖环境"", ""牲畜饲喂场景""]",与粗饲料相关的养殖和饲喂场景,粗饲料常见于养殖环境中，如牛羊饲喂场景，具有稳定且可重复的来源,screened
食物,食物 / 食品 / 罐头商品,19,keep,"[""厨房"", ""家庭储物区"", ""食品陈列区""]",罐头商品在厨房或家庭储物空间中的常见存放和使用场景,罐头商品通常出现在厨房或家庭储物区域，具有稳定的场景来源和承载环境,screened
食物,食物 / 食品 / 谷物,251,keep,"[""厨房"", ""家庭用餐场景"", ""食品加工环境""]",包含谷物相关的厨房准备、家庭饮食和食品加工场景,谷物作为常见食物成分，常出现在厨房和家庭用餐场景中，具有稳定且广泛的场景来源,screened
食物,食物 / 食品 / 面制食品,18,keep,"[""厨房"", ""家庭用餐场景"", ""餐饮服务环境""]",面制食品在厨房、家庭用餐和餐饮服务场景中的常见出现环境,面制食品通常出现在厨房或家庭用餐场景中，具有稳定的场景来源和可编辑的承载环境,screened
食物,食物 / 食品 / 面粉,21,reject,[],面粉作为食品原料,面粉属于纯文字或抽象符号，缺乏稳定、可用的场景或承载区域来源,screened
食物,食物 / 食品 / 餐食,40,keep,"[""室内用餐场景"", ""厨房环境"", ""餐饮场所""]",与餐饮相关的室内场景和厨房环境,餐饮场景具有稳定且广泛的来源，如家庭厨房、餐厅、食堂等，能提供可靠的承载和编辑环境。,screened
食物,食物 / 食物,20,keep,"[""室内厨房"", ""餐饮场景"", ""家庭用餐""]",食物相关的厨房和用餐场景,食物类别包含稳定的厨房和用餐场景，具有明确的承载和使用环境,screened
食物,食物 / 食用鱼肉 / 三文鱼,18,hold,[],食用鱼肉类食物,仅凭分类名称无法确定是否存在稳定有用的场景或承载区域来源,screened
食物,食物 / 食用鱼肉 / 烤鳗鱼,13,reject,[],烤鳗鱼,烤鳗鱼属于具体食物品类，缺乏稳定、通用的场景或承载环境来源，主要为食物特写或符号，无广泛适用的场景支持。,screened
食物,食物 / 食用鱼肉 / 鳗鲡类,18,hold,[],食物类别中的鳗鲡类,仅凭分类名称无法确定是否存在稳定有用的场景或承载区域来源,screened
食物,食物 / 食用鱼肉 / 鳟鱼,17,hold,[],食用鱼肉类食物,仅凭分类名称无法确定是否存在稳定有用的场景或承载区域来源,screened
食物,食物 / 餐序 / 主菜,38,keep,"[""餐厅环境"", ""家庭用餐场景"", ""餐饮服务场景""]",包含各类餐厅、家庭厨房或用餐场景中的主菜呈现环境,主菜通常出现在餐厅或家庭用餐场景中，具有稳定的场景来源和承载环境,screened
食物,食物 / 餐序 / 前菜,75,keep,"[""餐桌"", ""室内用餐环境"", ""家庭厨房""]",餐序中的前菜在用餐场景中常见，常出现在餐桌上或厨房环境中,前菜作为餐序的一部分，通常出现在餐桌上或家庭厨房中，具有稳定的场景来源,screened
食物,食物 / 餐序 / 点心,406,keep,"[""餐桌"", ""室内用餐"", ""社交场景""]",餐序中点心类食物在用餐场景中的出现,点心常出现在餐桌上，与室内用餐和社交场景有稳定关联，具备可编辑的承载环境。,screened
食物,食物 / 餐食 / 下午茶,21,keep,"[""室内用餐场景"", ""家庭客厅场景"", ""咖啡馆环境""]",与下午茶相关的餐饮场景，包括家庭、咖啡馆、办公空间等日常用餐环境,下午茶场景通常出现在室内或半开放空间，具有稳定的用餐和承载环境，适合召回相关图片,screened
食物,食物 / 餐食 / 便餐,40,keep,"[""室内用餐场景"", ""户外野餐场景""]",便餐在家庭、办公、户外等场景中的常见食用环境,便餐常出现在多种日常场景中，如家中餐桌、办公室小憩、公园野餐等，具有稳定且广泛的场景来源,screened
食物,食物 / 餐食 / 午餐,17,keep,"[""餐厅"", ""家庭厨房"", ""户外野餐""]",与午餐相关的餐饮场景，包括家庭、餐厅、户外等环境,午餐场景具有稳定且广泛的来源，常见于家庭厨房、餐厅和户外环境，能提供丰富的可编辑承载区域和真实使用情境,screened
食物,食物 / 餐食 / 圣诞晚餐,20,keep,"[""家庭餐桌"", ""节日场景"", ""室内用餐""]",与圣诞晚餐相关的家庭用餐场景和节日氛围环境,圣诞晚餐通常出现在家庭餐桌或节日场景中，具有稳定且常见的场景来源,screened
食物,食物 / 餐食 / 宴会,19,keep,"[""宴会场景"", ""餐饮环境"", ""家庭聚餐""]",与餐饮相关的正式或非正式用餐场景,宴会对多种室内场景和承载面有稳定来源，如餐桌、厅室、厨房等，具备明确的场景和环境支撑,screened
食物,食物 / 餐食 / 感恩节晚餐,17,keep,"[""家庭聚餐"", ""节日场景"", ""室内用餐""]",感恩节晚餐相关的家庭或社交用餐场景,感恩节晚餐通常出现在家庭或社交场合的室内用餐环境中，具有稳定且可编辑的场景来源。,screened
食物,食物 / 餐食 / 早午餐,16,keep,"[""室内用餐场景"", ""家庭厨房场景"", ""早餐场景""]",包含早午餐相关的室内用餐和厨房环境,早午餐场景在家庭和日常生活中常见，具有稳定且丰富的场景来源,screened
食物,食物 / 餐食 / 早餐,18,keep,"[""早餐场景"", ""室内厨房"", ""家庭用餐""]",早餐相关的室内用餐场景和厨房环境,早餐场景常见于家庭厨房或室内用餐环境，具有稳定且持续的来源，适合召回相关图片,screened
食物,食物 / 餐食 / 晚餐,20,keep,"[""家庭用餐场景"", ""餐厅环境"", ""户外聚餐""]",晚餐相关的家庭、餐厅或户外用餐场景,晚餐场景具有稳定且常见的来源，如家庭餐桌、餐厅环境和户外聚餐，能提供可靠的承载和编辑环境。,screened
食物,食物 / 餐食 / 自助餐,21,keep,"[""餐厅环境"", ""自助餐场景"", ""就餐空间""]",包含自助餐相关的餐厅场景和就餐环境,自助餐场景通常存在于餐厅或餐饮空间中，具有稳定且常见的场景来源，适合召回相关图片,screened
食物,食物 / 餐食 / 西餐,19,keep,"[""餐厅环境"", ""家庭用餐场景"", ""户外餐饮场景""]",西餐相关的用餐场景和环境,西餐常见于餐厅、家庭聚餐和户外餐饮场景，具有稳定且丰富的场景来源,screened
食物,食物 / 餐食 / 进餐,18,keep,"[""室内用餐场景"", ""家庭厨房"", ""餐厅环境""]",与进餐相关的室内场景和厨房环境,进餐场景具有稳定且常见的来源，如家庭餐桌、餐厅环境和厨房操作空间，能提供可靠的可编辑环境结构。,screened
食物,食物 / 餐食 / 野餐,20,keep,"[""户外野餐场景"", ""自然环境""]",野餐相关的餐食场景，包括户外草地、公园、树林等自然或半自然环境中的用餐场景,野餐场景具有稳定且常见的来源，包含明确的承载面和可编辑环境结构，符合室内或户外用餐的典型场景,screened
食物,食物 / 餐饮类别 / 菜单,33,reject,[],菜单,菜单属于抽象符号和文字内容，缺乏稳定、可用的场景或承载区域来源。,screened
食物,食物 / 餐饮类别 / 菜肴,38,keep,"[""餐饮场景"", ""家庭厨房"", ""餐厅环境""]",包含各类菜肴在实际餐饮场景中的呈现，如家庭烹饪、餐厅用餐等,菜肴通常出现在厨房或餐厅等有明确场景和承载面的环境中，具有稳定且丰富的来源,screened
食物,食物 / 餐饮类别 / 规定饮食,20,hold,[],规定饮食,仅凭分类名称无法确定具体场景或是否存在稳定有用的来源,screened
食物,食物 / 餐饮类别 / 饮食,78,keep,"[""室内用餐场景"", ""家庭厨房场景"", ""公共场所餐饮场景""]",与饮食相关的室内和公共用餐环境,饮食类场景普遍存在，涵盖家庭、餐厅等稳定场景，提供明确的承载和使用环境,screened
食物,食物 / 饮品 / 啜,19,hold,[],食物/饮品/啜类,分类名称模糊，'啜'缺乏明确场景或稳定来源，无法确定具体可编辑环境或承载区域。,screened
食物,食物 / 饮品类 / 乌龙茶饮品,30,hold,[],乌龙茶饮品,仅凭分类名称无法确定是否存在稳定有用的场景或承载区域来源,screened
食物,食物 / 饮品类 / 乳饮,40,keep,"[""室内餐饮场景"", ""家庭厨房""]",乳饮类食物在家庭、餐饮环境中的常见使用场景,乳饮类食物常出现在家庭厨房或餐饮场景中，具有稳定的来源和可编辑环境结构,screened
食物,食物 / 饮品类 / 冰沙,28,keep,"[""室内饮品场景"", ""户外休闲场景""]",冰沙作为饮品出现在家庭厨房、户外野餐、便利店或运动场所等场景中,冰沙作为一种常见饮品，常出现在多种室内和户外场景中，具有稳定的来源和可编辑的承载环境,screened
食物,食物 / 饮品类 / 冲调饮品,48,keep,"[""厨房"", ""家庭场景"", ""饮品准备环境""]",与冲调饮品相关的厨房或家庭准备场景,冲调饮品常出现在厨房或家庭环境中，具有稳定且常见的场景来源,screened
食物,食物 / 饮品类 / 功能饮料,34,reject,[],功能饮料类别,功能饮料多为抽象符号或纯文字，缺乏稳定、可用的场景或承载区域来源,screened
食物,食物 / 饮品类 / 可可饮品,27,keep,"[""室内饮品场景"", ""咖啡馆环境""]",可可饮品在餐饮或家庭饮用场景中的常见环境,可可饮品常出现在咖啡馆、家庭厨房或休闲室内场景中，具有稳定且可编辑的承载环境,screened
食物,食物 / 饮品类 / 咖啡,165,keep,"[""室内场景"", ""咖啡馆环境""]",咖啡相关的消费场景和环境,咖啡常出现在室内场景和咖啡馆环境中，具有稳定且常见的来源,screened
食物,食物 / 饮品类 / 啤酒,39,keep,"[""室内餐饮场景"", ""酒吧环境"", ""社交聚会场景""]",啤酒在餐饮、社交和酒吧等场景中的常见使用环境,啤酒常出现在酒吧、聚会和室内餐饮场景中，具有稳定的场景来源和承载环境,screened
食物,食物 / 饮品类 / 奶茶,55,hold,[],奶茶类饮品,仅凭分类名称无法确定是否存在稳定有用的场景或承载区域来源,screened
食物,食物 / 饮品类 / 果昔,29,keep,"[""室内饮品场景"", ""厨房环境""]",果昔作为饮品在家庭厨房、饮品店等场景中常见，常出现在桌面或餐台等承载面上,果昔作为饮品在家庭厨房、饮品店等场景中常见，常出现在桌面或餐台等承载面上，具有稳定且可编辑的使用场景,screened
食物,食物 / 饮品类 / 果汁,31,keep,"[""室内饮品场景"", ""家庭厨房场景""]",果汁类饮品在家庭、餐饮等日常场景中的呈现,果汁类饮品常见于家庭厨房、餐饮场景中，具有稳定的来源和可编辑环境,screened
食物,食物 / 饮品类 / 果蔬汁,39,keep,"[""厨房"", ""家庭餐桌"", ""饮食场景""]",食物/饮品类中的果蔬汁相关场景，如厨房准备、家庭用餐等环境,果蔬汁常见于厨房和家庭饮食场景，具有稳定且广泛的来源环境,screened
食物,食物 / 饮品类 / 果醋饮料,30,keep,"[""厨房"", ""家庭用餐场景""]",果醋饮料在厨房或家庭用餐场景中作为饮品出现的环境,果醋饮料常出现在厨房或家庭用餐场景中，具有稳定的来源和使用环境,screened
食物,食物 / 饮品类 / 植物奶,34,keep,"[""厨房"", ""家庭场景"", ""饮品消费场景""]",植物奶在厨房、家庭及饮品消费场景中的常见使用环境,植物奶常出现在厨房和家庭饮用场景中，具有稳定的来源和可编辑环境结构,screened
食物,食物 / 饮品类 / 植物饮料,39,keep,"[""自然环境"", ""庭院公园""]",植物饮料在自然环境中常见的来源和展示场景,植物饮料通常来源于自然环境，如植物生长区域或庭院公园，具有稳定且可编辑的场景来源,screened
食物,食物 / 饮品类 / 烈酒,30,reject,[],烈酒类别,烈酒多为抽象符号或纯文字，缺乏稳定有用的场景或承载区域来源,screened
食物,食物 / 饮品类 / 牛奶,26,keep,"[""室内厨房"", ""家庭场景"", ""饮用场景""]",牛奶在厨房、家庭日常饮用等场景中常见，具有稳定来源,牛奶常见于厨房和家庭饮用场景，具有稳定且广泛的场景来源,screened
食物,食物 / 饮品类 / 矿泉水,16,keep,"[""饮水场景"", ""室内环境""]",矿泉水在日常饮水、办公、户外活动等场景中的使用,矿泉水常出现在饮水场景和室内环境中，具有稳定且普遍的来源,screened
食物,食物 / 饮品类 / 碳酸饮料,35,keep,"[""室内饮品场景"", ""社交饮用环境""]",碳酸饮料在日常消费中的使用场景，如家庭、餐厅、户外聚会等,碳酸饮料常出现在多种日常消费场景中，具有稳定的饮用环境和承载面，如桌面、餐椅、户外活动等，能提供有效的可编辑区域。,screened
食物,食物 / 饮品类 / 米酒,29,hold,[],米酒类别,仅凭分类名称无法确定是否存在稳定有用的场景或承载区域来源,screened
食物,食物 / 饮品类 / 红茶饮品,24,hold,[],红茶饮品,仅凭分类名称无法确定是否存在稳定有用的场景或承载区域来源,screened
食物,食物 / 饮品类 / 绿茶饮品,30,keep,"[""室内饮品场景"", ""茶饮消费环境""]",绿茶饮品在家庭、茶馆、办公空间等场景中的饮用环境,绿茶饮品常出现在家庭、茶馆或办公环境中的饮用场景，具有稳定且可编辑的承载面和使用环境,screened
食物,食物 / 饮品类 / 花草茶,57,keep,"[""室内茶饮场景"", ""庭院休闲场景""]",花草茶在家庭、庭院或休闲空间中的饮用场景,花草茶常出现在室内或庭院的休闲场景中，具有稳定的饮用环境和承载面，适合作为可编辑场景召回。,screened
食物,食物 / 饮品类 / 苏打水,26,reject,[],苏打水相关饮品,苏打水属于纯文字或孤立小物特写，缺乏稳定有用的场景或承载区域来源,screened
食物,食物 / 饮品类 / 茶饮,74,keep,"[""室内场景"", ""茶饮消费环境""]",茶饮在家庭、咖啡馆、办公空间等场景中的饮用环境,茶饮常出现在室内场景中，如家庭、咖啡馆或办公场所，具有稳定的饮用环境和承载面，适合召回相关图片,screened
食物,食物 / 饮品类 / 葡萄酒,32,keep,"[""餐饮场景"", ""酒类饮用环境""]",葡萄酒相关的餐饮或饮用场景,葡萄酒常出现在餐饮场景中，如餐厅、家庭聚餐等，具有稳定的饮用环境和承载面，适合召回相关图片,screened
食物,食物 / 饮品类 / 蔬菜汁,35,keep,"[""厨房"", ""家庭用餐场景"", ""饮食准备环境""]",涉及蔬菜汁制作和饮用的厨房及家庭用餐场景,蔬菜汁常见于厨房或家庭饮食准备场景，具有稳定且可编辑的承载环境,screened
食物,食物 / 饮品类 / 豆浆,33,keep,"[""厨房"", ""家庭用餐场景""]",豆浆在厨房或家庭用餐场景中作为饮品出现的稳定来源,豆浆常见于厨房或家庭用餐场景，具有稳定的来源和承载环境，符合可编辑场景要求,screened
食物,食物 / 饮品类 / 运动饮料,30,keep,"[""运动场景"", ""户外活动""]",运动饮料在运动或户外活动中的使用场景,运动饮料常见于运动或户外活动中，具有稳定的使用场景和承载环境,screened
食物,食物 / 饮品类 / 酒类,81,keep,"[""餐饮环境"", ""酒吧场景"", ""社交聚会""]",酒类相关场景，如餐厅、酒吧、家庭聚餐等场所,酒类常见于餐饮和社交场景，具有稳定的场景来源和承载环境,screened
食物,食物 / 饮品类 / 酸奶,35,keep,"[""室内餐桌"", ""家庭厨房""]",酸奶在家庭或餐饮场景中的常见呈现,酸奶常出现在家庭厨房或餐桌场景中，具有稳定的场景来源和可编辑环境,screened
食物,食物 / 饮品类 / 饮用水,77,keep,"[""室内饮水场景"", ""公共饮水设施""]",与饮水相关的室内和公共环境场景,饮用水常见于室内和公共饮水设施中，具有稳定且广泛的场景来源,screened
食物,食物 / 饮品类 / 鸡尾酒,30,hold,[],食物/饮品类中的鸡尾酒,仅凭分类名称无法确定是否存在稳定有用的场景或承载区域来源,screened
食物,食物 / 饮品类 / 黄酒,22,reject,[],黄酒类别,黄酒属于纯文字或品牌标志类，缺乏稳定、可用的场景或承载区域来源,screened
食物,食物 / 饮食文化与名店名品 / 国际美食,451,keep,"[""餐饮环境"", ""城市街景"", ""文化场所""]",国际美食相关的餐饮场景和文化空间,国际美食类别包含稳定且多样化的餐饮环境和文化场景，具有明确的场景来源和可编辑性,screened
食物,食物 / 饮食文化与名店名品 / 地方小吃,91,keep,"[""街头场景"", ""市井环境"", ""地方饮食空间""]",地方小吃常见于街头巷尾、市集、传统饮食场所等具有地方文化特色的场景,地方小吃通常出现在具有稳定场景的街头或市井环境中，能提供丰富的承载面和可编辑的视觉结构,screened
食物,食物 / 饮食文化与名店名品 / 地方菜系,725,keep,"[""饮食场景"", ""地方特色环境"", ""餐饮空间""]",地方菜系相关的饮食场景和文化环境,地方菜系通常与特定地域的饮食场景和文化环境紧密相关，具有稳定且丰富的场景来源。,screened
食物,食物 / 饮食文化与名店名品 / 美食地标,346,keep,"[""餐饮场所"", ""城市地标"", ""文化空间""]",包含具有代表性的美食地标及其所在场景，如餐厅、美食街、文化街区等,美食地标通常位于具有稳定场景的餐饮或文化空间中，能提供丰富的场景和承载环境,screened
食物,食物 / 饮食文化与名店名品 / 美食节事,104,keep,"[""美食节事"", ""公共餐饮空间"", ""文化活动场景""]",美食节事及相关饮食文化活动中的公共展示与消费场景,美食节事通常发生在公共空间，具有稳定的场景和承载环境，能提供丰富的可编辑视觉内容。,screened
食物,食物 / 饮食文化与名店名品 / 饮食文化,353,keep,"[""饮食场景"", ""文化空间"", ""餐饮环境""]",与饮食文化相关的场景和空间，如餐厅、市集、家庭厨房等,饮食文化场景具有稳定且丰富的来源，涵盖多种社会和空间环境，适合召回相关图片,screened
食物,食物 / 饲料 / 干草,23,keep,"[""牧场"", ""农场"", ""动物饲养环境""]",饲料和干草在动物饲养场景中的使用环境,干草和饲料常出现在牧场或农场的动物饲养环境中，具有稳定且可编辑的场景来源,screened
食物,食物 / 饲料 / 油饼,20,hold,[],食物/饲料/油饼,仅凭分类名称无法确定是否存在稳定有用的场景或承载区域来源,screened
食物,食物 / 饲料 / 紫花苜蓿,13,hold,[],食物/饲料/紫花苜蓿,仅凭分类名称无法确定是否存在稳定有用的场景或承载区域来源,screened
食物,食物 / 饲料 / 蚕豆,24,hold,[],食物/饲料/蚕豆,仅凭分类名称无法确定是否存在稳定有用的场景或承载区域来源,screened
食物,食物 / 饲料 / 青贮饲料,22,keep,"[""农业环境"", ""饲料储存区"", ""畜牧场所""]",与青贮饲料相关的农业和畜牧场景,青贮饲料常用于畜牧业，出现在饲料储存区和畜牧场所，具有稳定且可编辑的场景来源,screened
食物,食物 / 饲料 / 鸟食,30,hold,[],食物/饲料/鸟食,仅凭分类名称无法确定是否存在稳定有用的场景或承载区域来源,screened
食物,食物 / 鹅肝酱,33,reject,[],食物/鹅肝酱,鹅肝酱多为抽象符号或纯文字呈现，缺乏稳定、可用的场景或承载区域来源。,screened
