index,sha256,source_concepts,width,height,representation,scene_groups,view_tags,caption,reason,regions,retrieval_tags,issues,status,blob_ref
1,0000ad5764ccc576260c48b38276ffb604c7c12142cf49ac5139064b146be38e,"[""吉州窑木叶天目盏""]",1200,1200,photo,"[""陶瓷器物"", ""文物摄影""]","[""正面"", ""平视"", ""近景""]",一只置于白色背景上的黑釉茶盏，盏身布满褐色木叶状斑纹，口沿处有褐色装饰带，底部可见圈足。,图像清晰展示了吉州窑木叶天目盏的完整外观，主体明确，背景干净，具备作为编辑初态的实用尺度。,"[{""location"": ""画面中央"", ""content"": ""黑釉盏身，表面分布着大小不一的褐色木叶状斑纹，釉面有光泽。"", ""space"": ""占据画面主体，呈倒锥形，口大底小。"", ""occlusion"": ""无遮挡，完整可见。""}, {""location"": ""盏口边缘"", ""content"": ""一圈褐色的口沿装饰，带有细密的纹理。"", ""space"": ""位于盏体最上端，呈水平环状。"", ""occlusion"": ""无遮挡。""}, {""location"": ""盏底"", ""content"": ""圈足部分，露胎处呈褐色，可见支烧痕迹。"", ""space"": ""位于盏体最下端，支撑整个器物。"", ""occlusion"": ""无遮挡。""}, {""location"": ""背景"", ""content"": ""纯白色背景，下方有淡淡的投影。"", ""space"": ""环绕器物，提供干净的负空间。"", ""occlusion"": ""无。""}]","[""茶盏"", ""陶瓷"", ""黑釉"", ""木叶纹"", ""吉州窑"", ""文物""]","[""右下角有轻微水印"", ""盏内不可见""]",unreviewed,"{""relative_uri"": ""demiwtg/collect/datasets/images.lance"", ""version"": 5, ""sha256"": ""0000ad5764ccc576260c48b38276ffb604c7c12142cf49ac5139064b146be38e"", ""column"": ""data""}"
2,00013981ce5de2eb16bda8088bd4670eb0e4cb91b32f9117b418bc1f6c1c0c6e,"[""双皮奶""]",1200,1200,photo,"[""饮食场景"", ""厨房台面""]","[""斜俯视"", ""近景""]",一张美食摄影照片，前景为一碗盛在白色瓷碗中的双皮奶，旁边配有金属勺，背景可见另一碗双皮奶、一篮鸡蛋和一杯牛奶，置于灰色石质台面上。,图像清晰展示了双皮奶及其制作原料（鸡蛋、牛奶），场景连贯且主体明确，符合保留条件。,"[{""location"": ""画面前景中央"", ""content"": ""盛满白色双皮奶的白瓷碗，碗身印有红色图案，置于白色方碟上。"", ""space"": ""占据前景主要位置，周围有少量台面空间。"", ""occlusion"": ""无遮挡，完整可见。""}, {""location"": ""画面右上方"", ""content"": ""竹编蒸笼内盛放着数枚棕色鸡蛋。"", ""space"": ""位于背景右侧，部分被前景碗遮挡。"", ""occlusion"": ""部分被前景碗遮挡。""}, {""location"": ""画面左上方"", ""content"": ""另一碗双皮奶，碗身有红色圆形标志。"", ""space"": ""位于背景左侧，部分被前景碗遮挡。"", ""occlusion"": ""部分被前景碗遮挡。""}, {""location"": ""画面中上方"", ""content"": ""透明量杯内装有白色液体（牛奶），带有红色刻度。"", ""space"": ""位于背景中央，部分被前景碗遮挡。"", ""occlusion"": ""部分被前景碗遮挡。""}]","[""甜品"", ""双皮奶"", ""鸡蛋"", ""牛奶"", ""餐具"", ""食物""]","[""右下角有'HUANG KITCHEN'水印文字。""]",unreviewed,"{""relative_uri"": ""demiwtg/collect/datasets/images.lance"", ""version"": 5, ""sha256"": ""00013981ce5de2eb16bda8088bd4670eb0e4cb91b32f9117b418bc1f6c1c0c6e"", ""column"": ""data""}"
3,00020c3f18fa27ac468c22bdd015a498e594c3fd03fd8719be6da332bc8de589,"[""开罗汗·哈利利市场香料区""]",1788,1192,photo,"[""室内市场"", ""工艺品店"", ""中东风格装饰""]","[""全景"", ""平视"", ""室内""]",一张阿拉伯风格室内市场的照片，天花板悬挂着各式彩色玻璃吊灯，两侧是摆满工艺品和装饰品的木质展示柜，中间是狭窄的过道。,图像展示了典型的阿拉伯风格室内市场场景，具有清晰的透视、连贯的空间结构和可辨识的编辑区域，符合保留条件。,"[{""location"": ""画面中央过道地面"", ""content"": ""浅色地砖，表面有反光"", ""space"": ""狭窄的通道空间，两侧被展示柜占据，中间留有行走空间"", ""occlusion"": ""无遮挡，透视延伸至画面深处""}, {""location"": ""画面顶部天花板区域"", ""content"": ""深色木质横梁，悬挂着密集的彩色玻璃吊灯和金属灯具"", ""space"": ""顶部空间被大量悬挂物占据，灯具之间留有少量空隙"", ""occlusion"": ""灯具相互遮挡，部分灯具被前景物体遮挡""}, {""location"": ""画面右侧展示柜"", ""content"": ""深色木质框架，玻璃柜内陈列着蓝色玻璃器皿、金属工艺品和装饰盘"", ""space"": ""柜内空间被商品填满，柜顶摆放着公鸡造型的装饰物"", ""occlusion"": ""玻璃反光轻微遮挡内部细节，柜体边缘清晰""}, {""location"": ""画面左侧展示柜"", ""content"": ""深色木质框架，玻璃柜内陈列着各种小件工艺品和装饰品"", ""space"": ""柜内空间被商品填满，柜体结构复杂"", ""occlusion"": ""玻璃反光和柜内密集商品导致部分细节模糊""}]","[""市场"", ""商店"", ""工艺品"", ""灯具"", ""室内装饰"", ""中东风格""]","[""场景物品非常密集，可用于编辑的空白区域较少"", ""右下角有微博水印""]",unreviewed,"{""relative_uri"": ""demiwtg/collect/datasets/images.lance"", ""version"": 5, ""sha256"": ""00020c3f18fa27ac468c22bdd015a498e594c3fd03fd8719be6da332bc8de589"", ""column"": ""data""}"
4,00021b22c832099de22acf3b75c422a2f6dbf2bb1f1fb822e4095c02991da1a0,"[""茶会图片""]",1242,1656,photo,"[""茶会"", ""餐厅"", ""餐桌""]","[""近景"", ""斜俯视""]",一张铺着蓝灰色桌布的餐桌特写，前景是一个装有茶叶的玻璃茶壶，旁边有茶杯、点心盘和红色装饰物，背景为模糊的餐厅环境。,图像清晰展示了茶会场景，包含茶壶、茶杯及桌面空间，符合来源概念且具备可编辑区域。,"[{""location"": ""画面前景中央"", ""content"": ""透明玻璃茶壶，内含淡黄色茶汤和深色茶叶，配有棕色把手。"", ""space"": ""占据前景主要位置，周围有少量桌面空隙。"", ""occlusion"": ""无遮挡，完整可见。""}, {""location"": ""画面中景右侧"", ""content"": ""深褐色茶杯及茶托，旁边有白色花瓶。"", ""space"": ""位于茶壶右后方，占据部分桌面。"", ""occlusion"": ""部分被茶壶把手遮挡。""}, {""location"": ""画面中景左侧"", ""content"": ""白色方盘，盛有蛋挞和深色点心。"", ""space"": ""位于茶壶左后方，占据桌面空间。"", ""occlusion"": ""部分被茶壶壶嘴遮挡。""}, {""location"": ""画面左上方"", ""content"": ""红色椭圆形装饰物（似柿子或摆件）。"", ""space"": ""位于背景左侧，占据较大视觉面积。"", ""occlusion"": ""无遮挡。""}]","[""茶具"", ""餐桌"", ""点心"", ""餐厅"", ""聚会""]","[""背景虚化严重，无法作为编辑区域。"", ""前景茶壶占据较大空间，限制了桌面可用面积。""]",unreviewed,"{""relative_uri"": ""demiwtg/collect/datasets/images.lance"", ""version"": 5, ""sha256"": ""00021b22c832099de22acf3b75c422a2f6dbf2bb1f1fb822e4095c02991da1a0"", ""column"": ""data""}"
5,0003c5305ccfe4d8f6a7ecee486c2b81030b7294accfa89b84d3ebad76b3cd51,"[""中央邮局""]",7151,4773,photo,"[""城市地标"", ""公共广场"", ""历史建筑""]","[""全景"", ""斜俯视"", ""正面""]",黄昏时分的河内中央邮局，黄色法式建筑立面，门前广场上有游客、摩托车和行人，背景可见现代高楼。,图像清晰展示了越南河内中央邮局（Bưu Điện Hà Nội）的标志性黄色建筑外观，场景连贯，具备明确的公共空间与城市景观特征，符合来源概念。,"[{""location"": ""画面中央及右侧"", ""content"": ""黄色法式建筑立面，带有拱形入口、绿色百叶窗、白色浮雕装饰及巨大的圆形时钟。"", ""space"": ""建筑主体占据画面大部分，前方有台阶和广场空间。"", ""occlusion"": ""建筑前方有树木、路灯杆和人群部分遮挡。""}, {""location"": ""画面下方前景"", ""content"": ""城市街道与广场铺装路面，可见一辆银色面包车、摩托车及多名行人。"", ""space"": ""路面开阔，有车辆和行人活动，占据画面底部约三分之一。"", ""occlusion"": ""无明显遮挡，视野开阔。""}, {""location"": ""画面左侧及上方"", ""content"": ""高大的行道树，枝叶茂密，部分遮挡了天空和建筑顶部。"", ""space"": ""树木位于建筑前方，占据画面左侧边缘及上方部分区域。"", ""occlusion"": ""树枝遮挡了部分天空和建筑屋顶。""}, {""location"": ""画面背景上方"", ""content"": ""现代高层建筑，玻璃幕墙结构，位于黄色建筑后方。"", ""space"": ""位于黄色建筑屋顶后方，占据画面上部背景。"", ""occlusion"": ""被前景的树木和黄色建筑屋顶部分遮挡。""}]","[""城市建筑"", ""广场"", ""街道"", ""旅游地标"", ""公共空间""]","[""前景有较多行人和车辆，可能干扰对地面或建筑底层的编辑。"", ""树木和路灯杆对建筑立面有一定遮挡。""]",unreviewed,"{""relative_uri"": ""demiwtg/collect/datasets/images.lance"", ""version"": 5, ""sha256"": ""0003c5305ccfe4d8f6a7ecee486c2b81030b7294accfa89b84d3ebad76b3cd51"", ""column"": ""data""}"
6,0004abb57e1e060e7a6091b9db7fcee9da82a097a042a5bb0669f9caed3b80fa,"[""华南理工大学"", ""重庆大学""]",4318,2513,photo,"[""大学校园"", ""教学楼"", ""水景广场""]","[""全景"", ""斜俯视"", ""远景""]",一张大学校园的广角全景照片，前景为平静的水面，中景是绿树成荫的广场和草坪，背景矗立着一座红砖绿瓦的高层主楼及两侧的教学楼，天空云层丰富。,图像清晰展示了具有典型岭南建筑风格的大学校园全景，场景连贯且包含多个可编辑区域，符合保留条件。,"[{""location"": ""画面中央草坪区域"", ""content"": ""修剪整齐的绿色草坪，中间有一个小型景观石或雕塑。"", ""space"": ""开阔的平地，周围有步道环绕，空间充足。"", ""occlusion"": ""无遮挡，视野清晰。""}, {""location"": ""画面底部前景"", ""content"": ""平静的水面，倒映着岸边的树木和建筑。"", ""space"": ""横向延伸的水域，占据画面底部约1/5。"", ""occlusion"": ""无遮挡。""}, {""location"": ""画面中央背景"", ""content"": ""一座红砖外墙、绿色琉璃瓦屋顶的高层建筑，具有明显的中式风格。"", ""space"": ""建筑主体高耸，前方有台阶和广场。"", ""occlusion"": ""建筑底部被前方的树木和广场设施轻微遮挡。""}, {""location"": ""画面左侧中景"", ""content"": ""一座低层红砖建筑，拥有大面积的绿色坡屋顶。"", ""space"": ""建筑前方有道路和绿化带。"", ""occlusion"": ""部分被前景的树木遮挡。""}]","[""校园"", ""大学"", ""建筑"", ""广场"", ""水景"", ""绿化""]","[""全景视角导致近景细节较小，不适合进行极近距离的微调编辑。""]",unreviewed,"{""relative_uri"": ""demiwtg/collect/datasets/images.lance"", ""version"": 5, ""sha256"": ""0004abb57e1e060e7a6091b9db7fcee9da82a097a042a5bb0669f9caed3b80fa"", ""column"": ""data""}"
7,0005be8d9603b1963030bd92dd1b060ad99dae6bb138b51312c64456808933dc,"[""孝感米酒酿制技艺"", ""德国啤酒酿造技艺""]",2268,4032,photo,"[""啤酒花采摘"", ""原料收集"", ""户外作业""]","[""俯视"", ""近景"", ""第一人称视角""]",第一人称视角拍摄，一只手拿着新鲜采摘的啤酒花枝条，下方黄色塑料桶内装满啤酒花，周围地面散落着塑料袋和啤酒花。,图像清晰展示了啤酒花采摘与收集的真实场景，黄色容器与地面提供了明确的空间参照，符合酿造原料处理环节的特征。,"[{""location"": ""画面中央"", ""content"": ""黄色塑料桶，内部装满绿色的啤酒花球果"", ""space"": ""桶内空间被原料填满，桶口边缘清晰可见"", ""occlusion"": ""部分桶身被手持的枝条遮挡""}, {""location"": ""画面左侧"", ""content"": ""一只左手，手指捏着一根带有球果的啤酒花枝条"", ""space"": ""占据前景左侧，手臂延伸至画面边缘"", ""occlusion"": ""无""}, {""location"": ""画面下方及右侧"", ""content"": ""灰色混凝土地面，散落着透明塑料袋和零星的啤酒花"", ""space"": ""地面有较多空隙，可见部分被塑料袋覆盖"", ""occlusion"": ""部分被人物腿部遮挡""}, {""location"": ""画面左上角"", ""content"": ""红色金属框架的折叠桌，桌面为木条结构"", ""space"": ""位于背景，部分被前景物体遮挡"", ""occlusion"": ""被啤酒花枝条部分遮挡""}]","[""啤酒花"", ""塑料桶"", ""采摘"", ""农业原料"", ""户外"", ""酿造原料""]","[""前景手持枝条遮挡了部分桶内细节"", ""地面杂物较多，背景较为杂乱""]",unreviewed,"{""relative_uri"": ""demiwtg/collect/datasets/images.lance"", ""version"": 5, ""sha256"": ""0005be8d9603b1963030bd92dd1b060ad99dae6bb138b51312c64456808933dc"", ""column"": ""data""}"
8,000931557ffbf31c2d0569082dd1000ead779e580400a4d1178e769beb96ef2e,"[""滨水亲水平台道"", ""街市招牌""]",1920,1080,render,"[""滨水平台"", ""城市夜景"", ""公园绿地""]","[""全景"", ""平视"", ""远景""]",一幅数字艺术风格的夜景图，前景为紫色调的草地平台，一名女子背对镜头坐着，右侧立有复古路灯，中景为城市灯光与水面，远景为天际线。,图像展示了清晰的城市滨水夜景，前景有明确的草地平台和路灯，具备可编辑的空间与尺度。,"[{""location"": ""画面右下角前景"", ""content"": ""紫色调的草地与植被，一名长发女子背对镜头坐在草地上"", ""space"": ""开阔的草地平台，女子占据部分空间，周围有植被覆盖"", ""occlusion"": ""无遮挡，视野开阔""}, {""location"": ""画面右侧前景"", ""content"": ""一盏点亮的复古黑色路灯，灯柱细长"", ""space"": ""竖立在草地边缘，占据垂直空间"", ""occlusion"": ""无遮挡""}, {""location"": ""画面中景"", ""content"": ""城市建筑群与水面，城市灯光闪烁，水面反射天空色彩"", ""space"": ""横向延伸的城市景观，水面占据中景大部分区域"", ""occlusion"": ""无遮挡""}, {""location"": ""画面上方"", ""content"": ""深蓝色夜空，布满云彩、星星和流星，左上角有一弯新月"", ""space"": ""占据画面上半部分，云层分布不均"", ""occlusion"": ""无遮挡""}]","[""滨水平台"", ""城市夜景"", ""路灯"", ""草地"", ""公园"", ""天际线""]","[""图像为数字艺术风格，非真实照片，光影效果较为理想化"", ""前景植被细节较为模糊，可能影响精细编辑""]",unreviewed,"{""relative_uri"": ""demiwtg/collect/datasets/images.lance"", ""version"": 5, ""sha256"": ""000931557ffbf31c2d0569082dd1000ead779e580400a4d1178e769beb96ef2e"", ""column"": ""data""}"
9,0009575d81aa4863eb1fb1ca3af9cc0121dab7a0175369ff40f7c180da44c7d6,"[""鼋头渚""]",2048,1152,photo,"[""城市景观"", ""旅游空间"", ""人文环境""]","[""斜俯视"", ""全景""]",航拍视角下的鼋头渚樱花谷，一座多层中式楼阁矗立在盛开的粉色樱花林中，背景为郁郁葱葱的山坡。,图像清晰展示了鼋头渚樱花谷的标志性景观，包含完整的传统建筑与大面积樱花林，场景连贯且具备明确的编辑区域。,"[{""location"": ""画面左侧中部"", ""content"": ""多层中式楼阁，具有深色瓦顶、红色立柱和金色装饰，可见游客在回廊上。"", ""space"": ""建筑主体占据画面左侧，周围被樱花树环绕，建筑底部被前景花枝部分遮挡。"", ""occlusion"": ""建筑底层被前景樱花遮挡，顶部结构完整可见。""}, {""location"": ""画面前景及右侧"", ""content"": ""大面积盛开的樱花树冠，呈现粉白色调，枝叶茂密。"", ""space"": ""占据画面下半部及右侧大部分区域，形成花海景观。"", ""occlusion"": ""前景花枝遮挡了建筑底部及部分地面。""}, {""location"": ""画面背景"", ""content"": ""覆盖着绿色植被的山坡，远处可见淡蓝色的天空和地平线。"", ""space"": ""位于建筑和樱花林后方，作为远景背景。"", ""occlusion"": ""无明显遮挡，视野开阔。""}]","[""樱花"", ""古建筑"", ""公园"", ""旅游地标"", ""自然景观""]","[""前景樱花密度较高，遮挡了建筑底部细节"", ""画面主体为自然景观，建筑作为背景元素""]",unreviewed,"{""relative_uri"": ""demiwtg/collect/datasets/images.lance"", ""version"": 5, ""sha256"": ""0009575d81aa4863eb1fb1ca3af9cc0121dab7a0175369ff40f7c180da44c7d6"", ""column"": ""data""}"
10,00098afe0dccea8a776f548c7a98d4b26660ad8bcae68b9db97c28f351782d6e,"[""雅典卫城""]",4096,3072,photo,"[""历史建筑"", ""古代遗址"", ""建筑艺术""]","[""仰视"", ""近景"", ""局部""]",帕特农神庙局部特写，展示了三根科林斯式石柱、带有浮雕的檐壁以及上方的檐部结构，背景为晴朗蓝天。,图像清晰展示了雅典卫城帕特农神庙的局部建筑细节，结构完整，透视明确，符合历史建筑与遗迹的编辑初态要求。,"[{""location"": ""画面下方及中部"", ""content"": ""三根带有凹槽的石质圆柱，柱头为科林斯式，表面有风化痕迹。"", ""space"": ""柱体占据主要垂直空间，柱间可见天空背景。"", ""occlusion"": ""无遮挡，柱身完整可见。""}, {""location"": ""画面上部"", ""content"": ""水平延伸的檐壁（Frieze），表面刻有浮雕图案，包括动物和人物形象。"", ""space"": ""位于柱头上方，横向贯穿画面。"", ""occlusion"": ""无遮挡，浮雕细节清晰。""}, {""location"": ""画面最上方"", ""content"": ""檐部（Cornice）及顶部的装饰性构件，可见部分兽首装饰。"", ""space"": ""位于檐壁上方，构成建筑顶部轮廓。"", ""occlusion"": ""顶部边缘有轻微裁切。""}]","[""古希腊建筑"", ""石柱"", ""浮雕"", ""大理石"", ""神庙"", ""遗迹""]","[""视角为仰视，透视变形较大，不适合进行需要水平平面的编辑。"", ""画面仅展示建筑局部，缺乏地面或完整环境背景。""]",unreviewed,"{""relative_uri"": ""demiwtg/collect/datasets/images.lance"", ""version"": 5, ""sha256"": ""00098afe0dccea8a776f548c7a98d4b26660ad8bcae68b9db97c28f351782d6e"", ""column"": ""data""}"
11,000b0d1738683b3806b91c083b35d93717997d283e861612e4be2e879145d3d6,"[""唐津烧""]",3601,5279,photo,"[""陶瓷器物"", ""博物馆陈列""]","[""近景"", ""斜俯视""]",一件置于白色展台上的深褐色釉面陶瓷瓶，瓶身带有流淌状釉色，背景模糊可见博物馆环境。,图像清晰展示了具有典型特征的陶瓷器物，场景连贯，具备明确的编辑区域。,"[{""location"": ""画面中央"", ""content"": ""深褐色釉面陶瓷瓶，表面有光泽及流淌状纹理"", ""space"": ""占据画面主体，立于白色平面之上"", ""occlusion"": ""无遮挡""}, {""location"": ""画面底部"", ""content"": ""白色展台表面"", ""space"": ""作为承载面，可见瓶底投影"", ""occlusion"": ""无""}, {""location"": ""画面右侧背景"", ""content"": ""模糊的浅色陶器"", ""space"": ""位于主物体后方，处于焦外"", ""occlusion"": ""被主物体部分遮挡""}]","[""陶瓷"", ""花瓶"", ""文物"", ""釉面"", ""博物馆""]","[""背景虚化严重，仅前景清晰""]",unreviewed,"{""relative_uri"": ""demiwtg/collect/datasets/images.lance"", ""version"": 5, ""sha256"": ""000b0d1738683b3806b91c083b35d93717997d283e861612e4be2e879145d3d6"", ""column"": ""data""}"
12,000bbc1743fd4d2c4618c8ef05ae12219bbb28a881514562bbd96a26fad85fcb,"[""鄱阳湖""]",4964,2000,photo,"[""湖泊湿地"", ""水鸟栖息地"", ""自然水域""]","[""全景"", ""平视"", ""远景""]",一张宽幅全景照片，展示了湖泊湿地景观。前景是长满绿草的滩涂，散布着大量白色水鸟（疑似白鹭或天鹅），中间有一片积水洼地。中景是宽阔的蓝色湖面，停泊着几艘带顶棚的船只。远景是淡蓝色的山峦轮廓和天空。,图像清晰展示了湖泊湿地景观，包含开阔水面、草地、水洼及鸟类，场景连贯且具备可编辑区域，符合保留条件。,"[{""location"": ""画面前景及中下部"", ""content"": ""茂密的绿色草地，散布着许多白色水鸟，中间有一片不规则形状的积水洼地。"", ""space"": ""草地表面大部分可见，水鸟占据部分空间，洼地水面平静。"", ""occlusion"": ""无明显遮挡，视野开阔。""}, {""location"": ""画面中上部"", ""content"": ""宽阔平静的蓝色湖面，水面上停泊着几艘带有顶棚的船只，右侧有一艘较大的船。"", ""space"": ""水面占据画面主要部分，船只分散分布。"", ""occlusion"": ""无遮挡。""}, {""location"": ""画面顶部边缘"", ""content"": ""淡蓝色的远山轮廓，与天空相接。"", ""space"": ""作为背景存在，占据画面上方约五分之一。"", ""occlusion"": ""无遮挡，但距离较远细节模糊。""}]","[""湖泊"", ""湿地"", ""草地"", ""水鸟"", ""船只"", ""自然景观""]","[""画面较宽，部分细节（如远处的船只和山峦）分辨率较低。""]",unreviewed,"{""relative_uri"": ""demiwtg/collect/datasets/images.lance"", ""version"": 5, ""sha256"": ""000bbc1743fd4d2c4618c8ef05ae12219bbb28a881514562bbd96a26fad85fcb"", ""column"": ""data""}"
13,000ce10f42cb1979112182a66cde0624940311dc25f956171a87676489d63a82,"[""斯托海德花园""]",1200,1800,photo,"[""历史建筑"", ""园林景观"", ""秋季植物""]","[""正面"", ""平视"", ""全景""]",透过覆盖着红叶常春藤的石拱门，看到秋季公园内的红枫树、草坪和铁栅栏门。,图像展示了具有历史感的石砌拱门与秋季花园景观，场景连贯且透视清晰，符合历史建筑与文化场所的视觉特征。,"[{""location"": ""画面前景及两侧"", ""content"": ""粗糙的石砌拱门，表面覆盖着红绿相间的常春藤叶片。"", ""space"": ""拱门结构占据画面边缘，形成框景，内部空间通向后方花园。"", ""occlusion"": ""无遮挡，结构完整可见。""}, {""location"": ""画面中景中央"", ""content"": ""一棵色彩鲜艳的红枫树，叶片呈橙红色，树干细长。"", ""space"": ""位于草坪中央，周围有低矮的黑色金属围栏环绕。"", ""occlusion"": ""无遮挡，树冠完整。""}, {""location"": ""画面右侧"", ""content"": ""黑色的铁艺栅栏门，带有装饰性尖顶。"", ""space"": ""门处于半开状态，连接着石墙与内部草地。"", ""occlusion"": ""部分被右侧石墙遮挡。""}, {""location"": ""画面底部"", ""content"": ""灰色的铺装路面，散落着枯叶。"", ""space"": ""路面平坦，延伸至拱门下方，占据前景底部区域。"", ""occlusion"": ""无遮挡。""}]","[""石拱门"", ""常春藤"", ""红枫树"", ""铁栅栏"", ""公园"", ""秋季景观""]","[""左下角有摄影师水印文字。""]",unreviewed,"{""relative_uri"": ""demiwtg/collect/datasets/images.lance"", ""version"": 5, ""sha256"": ""000ce10f42cb1979112182a66cde0624940311dc25f956171a87676489d63a82"", ""column"": ""data""}"
14,000eccdce0631b5dbace0ae85fbf9fda553f07b8824a68d97b8332fe0ac1b88d,"[""装配工""]",5472,3648,photo,"[""家具组装"", ""工作场所""]","[""近景"", ""斜俯视""]",一只手正使用内六角扳手拧紧浅色竹制家具框架上的金色螺栓，背景为木地板。,图像清晰展示了家具组装过程中的手部操作细节，场景连贯且关键结构（家具框架、工具、手部）可辨，符合保留条件。,"[{""location"": ""画面右侧"", ""content"": ""一只右手，手指握持着银色内六角扳手。"", ""space"": ""手部占据右侧前景，遮挡了部分家具边缘。"", ""occlusion"": ""无""}, {""location"": ""画面中央"", ""content"": ""浅色竹制家具框架的转角处，可见金色螺栓和扳手接触点。"", ""space"": ""家具框架占据画面主体，结构清晰。"", ""occlusion"": ""无""}, {""location"": ""画面左侧"", ""content"": ""家具的垂直支撑腿，表面有竹纹。"", ""space"": ""占据左侧大部分区域，延伸至画面底部。"", ""occlusion"": ""无""}, {""location"": ""画面背景"", ""content"": ""浅灰色木纹地板。"", ""space"": ""作为背景填充，提供环境参照。"", ""occlusion"": ""无""}]","[""家具"", ""工具"", ""手部"", ""组装"", ""五金件""]",[],unreviewed,"{""relative_uri"": ""demiwtg/collect/datasets/images.lance"", ""version"": 5, ""sha256"": ""000eccdce0631b5dbace0ae85fbf9fda553f07b8824a68d97b8332fe0ac1b88d"", ""column"": ""data""}"
15,000f26364b3aebe5b11da897d6018d985b1d058fe2b55923121a84201f89e757,"[""卡尔莫修道院""]",5472,3648,photo,"[""历史遗迹"", ""建筑废墟"", ""庭院""]","[""全景"", ""平视"", ""对称构图""]",卡尔莫修道院庭院废墟，两侧为哥特式石柱拱廊，中间是碎石铺地通道，尽头可见带有圆形窗的残破石墙，天空晴朗。,图像清晰展示了卡尔莫修道院（Mosteiro dos Clérigos）的庭院废墟，场景连贯，透视明确，地面与建筑结构提供了良好的编辑基础。,"[{""location"": ""画面中央地面"", ""content"": ""碎石铺成的通道，两侧有草坪"", ""space"": ""开阔的通道空间，延伸至远处建筑"", ""occlusion"": ""无遮挡，视野开阔""}, {""location"": ""画面左侧"", ""content"": ""带有拱门和窗户的石砌建筑外墙"", ""space"": ""建筑立面，包含多个拱形结构"", ""occlusion"": ""部分被前景石柱遮挡""}, {""location"": ""画面右侧"", ""content"": ""残破的石柱和拱门结构"", ""space"": ""废墟结构，部分墙体缺失"", ""occlusion"": ""无遮挡，可见天空背景""}, {""location"": ""画面远处中央"", ""content"": ""带有圆形窗和尖拱门的残墙"", ""space"": ""庭院尽头的背景建筑"", ""occlusion"": ""无遮挡""}]","[""历史建筑"", ""废墟"", ""庭院"", ""石柱"", ""拱门""]","[""右下角有橙色日期水印 '2013 06 04'"", ""地面有少量游客，可能干扰特定编辑""]",unreviewed,"{""relative_uri"": ""demiwtg/collect/datasets/images.lance"", ""version"": 5, ""sha256"": ""000f26364b3aebe5b11da897d6018d985b1d058fe2b55923121a84201f89e757"", ""column"": ""data""}"
16,001197b629934f39a824ae3e4bfaf00e4d6b307e6b29222ad992416d1ff1ce64,"[""星光夜市""]",2144,1424,photo,"[""夜市摊位"", ""街头人群"", ""城市招牌""]","[""平视"", ""全景"", ""斜侧""]",一张台湾夜市街景照片，前景为售卖香肠和炸鸡的摊位，背景是密集的招牌和拥挤的行人。,图像清晰展示了台湾夜市（安平分店）的街头场景，包含具体的摊位、招牌和人群，场景连贯且具备可编辑的实体区域。,"[{""location"": ""画面左侧前景"", ""content"": ""带有“大花香肠”字样的白色招牌及下方展示的香肠实物图。"", ""space"": ""占据左侧约三分之一画面，下方可见部分金属摊位结构。"", ""occlusion"": ""无明显遮挡，边缘清晰。""}, {""location"": ""画面中央"", ""content"": ""红色的“基多司脆皮鸡排”招牌及下方的不锈钢烹饪设备。"", ""space"": ""位于画面中心，下方有操作台和油炸锅，上方有灯箱。"", ""occlusion"": ""部分被前方人群头部遮挡。""}, {""location"": ""画面右侧及中景"", ""content"": ""密集的行人背影和侧影，穿着休闲夏装。"", ""space"": ""人群占据了街道的大部分空间，形成拥挤的视觉效果。"", ""occlusion"": ""人物之间互相遮挡，部分面部不可见。""}, {""location"": ""画面背景"", ""content"": ""街道两侧林立的垂直招牌，包括“KING”、“大鸡排创始店”等。"", ""space"": ""延伸至街道深处，展示了夜市的纵深感和商业密度。"", ""occlusion"": ""远处招牌因距离和透视略显模糊。""}]","[""夜市"", ""小吃摊"", ""街头"", ""招牌"", ""人群"", ""台湾""]","[""画面元素非常密集，背景杂乱，可能干扰对特定小区域的编辑。"", ""前景人物较多，遮挡了部分摊位细节。""]",unreviewed,"{""relative_uri"": ""demiwtg/collect/datasets/images.lance"", ""version"": 5, ""sha256"": ""001197b629934f39a824ae3e4bfaf00e4d6b307e6b29222ad992416d1ff1ce64"", ""column"": ""data""}"
17,00124a4ffd0abf7ba687930663931ff1c38d95cb440e32308569cd76278b8118,"[""金文""]",2894,4093,illustration,"[""奇幻角色"", ""石碑铭文""]","[""正面"", ""全景""]",一位白发精灵女性角色坐在一块刻有竖排铭文的灰色石碑上，手持法杖，背景为米色纹理。,画面清晰展示了带有铭文的石碑载体，符合“金文”概念，且石碑表面平整、边界清晰，具备作为编辑初态的实用尺度。,"[{""location"": ""画面下方中央"", ""content"": ""灰色石碑表面，刻有黑色竖排铭文"", ""space"": ""石碑顶部平面被人物臀部占据，侧面铭文区域可见"", ""occlusion"": ""人物腿部遮挡了石碑下半部分""}, {""location"": ""画面左侧"", ""content"": ""米色背景，带有“訫&賜”文字标签"", ""space"": ""大面积留白区域"", ""occlusion"": ""无""}, {""location"": ""画面右侧"", ""content"": ""棕色法杖，缠绕藤蔓与花朵"", ""space"": ""垂直延伸，占据右侧空间"", ""occlusion"": ""无""}]","[""石碑"", ""铭文"", ""角色"", ""法杖"", ""奇幻""]","[""石碑下半部分被人物遮挡，无法看到完整结构"", ""背景文字标签可能干扰部分编辑操作""]",unreviewed,"{""relative_uri"": ""demiwtg/collect/datasets/images.lance"", ""version"": 5, ""sha256"": ""00124a4ffd0abf7ba687930663931ff1c38d95cb440e32308569cd76278b8118"", ""column"": ""data""}"
18,00128d4d0a6fa1b96d0abc6a3720cb8b3ca8f10dcfcc37e1ba7747d44ac64a42,"[""油草""]",1080,1919,photo,"[""自然环境"", ""农田"", ""草地""]","[""斜俯视"", ""全景""]",阴天环境下的一片茂密绿色油草田，远处可见堤岸和树木。,图像展示了大面积清晰的绿色植被（符合油草特征），场景连贯，具有明确的透视关系和可编辑的地面区域。,"[{""location"": ""画面中下部"", ""content"": ""茂密的绿色油草，叶片细长，生长密集。"", ""space"": ""大面积连续植被覆盖，占据画面主体。"", ""occlusion"": ""无遮挡，视野开阔。""}, {""location"": ""画面上部"", ""content"": ""灰白色的天空与远处的堤岸。"", ""space"": ""天空占据上方约三分之一，堤岸横贯画面。"", ""occlusion"": ""无遮挡。""}]","[""草地"", ""农田"", ""植被"", ""油草"", ""堤岸""]","[""阴天光线较平，缺乏立体感。"", ""远处堤岸细节较模糊。""]",unreviewed,"{""relative_uri"": ""demiwtg/collect/datasets/images.lance"", ""version"": 5, ""sha256"": ""00128d4d0a6fa1b96d0abc6a3720cb8b3ca8f10dcfcc37e1ba7747d44ac64a42"", ""column"": ""data""}"
19,0012d6c819e2bd4ba63d36963a893217b3dd2a0dcf6d67c39f7a0693c10ca0f8,"[""代县阿育王塔"", ""雷峰塔地宫鎏金银阿育王塔""]",1080,1620,photo,"[""古建筑"", ""塔"", ""户外景观""]","[""仰视"", ""近景""]",仰视视角下的石质阿育王塔，塔身呈圆锥形，顶部有金属华盖和宝珠，背景为晴朗天空。,图像清晰展示了阿育王塔的上半部分，结构完整，透视明确，且背景天空提供了良好的编辑空间。,"[{""location"": ""画面上部中央"", ""content"": ""金属塔刹，包含镂空华盖、悬挂的风铃和顶部的宝珠。"", ""space"": ""位于塔身最顶端，周围是开阔的天空。"", ""occlusion"": ""无遮挡，结构清晰可见。""}, {""location"": ""画面中部"", ""content"": ""石质塔身，由多层叠涩砖石构成，呈圆锥状向上收窄。"", ""space"": ""占据画面主体，表面纹理清晰，无其他物体遮挡。"", ""occlusion"": ""无遮挡。""}, {""location"": ""画面底部"", ""content"": ""塔基部分，可见石质基座和雕刻细节。"", ""space"": ""位于画面最下方，部分被画面边缘裁切。"", ""occlusion"": ""底部边缘被裁切。""}, {""location"": ""画面背景"", ""content"": ""淡蓝色天空。"", ""space"": ""占据画面大部分区域，无云，干净平整。"", ""occlusion"": ""无遮挡。""}]","[""古塔"", ""建筑"", ""天空"", ""石质结构"", ""宗教建筑""]","[""画面底部塔基被裁切，无法看到完整的地面环境。"", ""右下角有轻微水印。""]",unreviewed,"{""relative_uri"": ""demiwtg/collect/datasets/images.lance"", ""version"": 5, ""sha256"": ""0012d6c819e2bd4ba63d36963a893217b3dd2a0dcf6d67c39f7a0693c10ca0f8"", ""column"": ""data""}"
20,0013044e77ef5023ddbfd0ab83564a11e52b7d5498bc0d54c3414f30683dfab6,"[""彩色纸风车""]",1080,1394,photo,"[""手工艺品"", ""室内静物""]","[""正面"", ""近景""]",手持的彩色纸风车，背景为浅灰色墙面，画面带有彩虹和COOL字样的贴纸装饰。,图像清晰展示了彩色纸风车及其支撑杆，主体完整且背景简洁，符合保留条件。,"[{""location"": ""画面中央"", ""content"": ""由红、黄、绿、蓝、紫等颜色组成的纸质风车叶片"", ""space"": ""占据画面主要位置，叶片呈放射状分布"", ""occlusion"": ""无遮挡""}, {""location"": ""画面下方"", ""content"": ""白色细杆及手持部分"", ""space"": ""垂直向下延伸，连接风车中心"", ""occlusion"": ""底部被手部及贴纸部分遮挡""}, {""location"": ""画面背景"", ""content"": ""浅灰色平整墙面"", ""space"": ""作为背景填充，无其他物体"", ""occlusion"": ""无""}]","[""风车"", ""纸制品"", ""玩具"", ""手工艺品"", ""手持物""]","[""画面左上角和下方存在贴纸装饰，可能干扰背景编辑"", ""风车叶片存在重叠，部分区域细节被遮挡""]",unreviewed,"{""relative_uri"": ""demiwtg/collect/datasets/images.lance"", ""version"": 5, ""sha256"": ""0013044e77ef5023ddbfd0ab83564a11e52b7d5498bc0d54c3414f30683dfab6"", ""column"": ""data""}"
21,00146fbba22d8abe65a9e6dfcaf1ab42886948a5b6afb004e77a1f6b71202e1f,"[""玉雕花鸟""]",3531,3937,photo,"[""玉雕摆件"", ""传统工艺"", ""花鸟题材""]","[""正面"", ""平视"", ""近景""]",白色背景下并排摆放的一对绿色玉雕花鸟摆件，雕刻有繁复的枝叶、花卉及栖息的鸟类，带有白色标签。,图像清晰展示了一对玉雕花鸟摆件，主体明确，结构完整，符合传统工艺场景的视觉特征，具备作为编辑初态的实用尺度。,"[{""location"": ""画面左侧"", ""content"": ""绿色玉雕花鸟摆件，包含镂空枝叶、花卉及一只鸟，挂有白色标签。"", ""space"": ""占据画面左半部分，底部有稳固的底座，周围留有白色背景空间。"", ""occlusion"": ""无遮挡，标签轻微遮挡局部雕件。""}, {""location"": ""画面右侧"", ""content"": ""绿色玉雕花鸟摆件，与左侧对称，包含镂空枝叶、花卉及一只鸟，挂有白色标签。"", ""space"": ""占据画面右半部分，底部有稳固的底座，周围留有白色背景空间。"", ""occlusion"": ""无遮挡，标签轻微遮挡局部雕件。""}, {""location"": ""画面底部"", ""content"": ""两个摆件的底座及投射在白色平面上的阴影。"", ""space"": ""作为支撑面，占据画面底部区域。"", ""occlusion"": ""无遮挡。""}]","[""玉雕"", ""花鸟"", ""摆件"", ""工艺品"", ""传统艺术""]","[""摆件上挂有白色标签，可能干扰对雕件细节的观察。""]",unreviewed,"{""relative_uri"": ""demiwtg/collect/datasets/images.lance"", ""version"": 5, ""sha256"": ""00146fbba22d8abe65a9e6dfcaf1ab42886948a5b6afb004e77a1f6b71202e1f"", ""column"": ""data""}"
22,00151057a35f13599a0de13074e1b8f5252f5a64aaae6ebf2a795b7155c93806,"[""灵芝炖鸡汤""]",2208,1242,photo,"[""中式养生膳食"", ""茶席静物""]","[""斜俯视"", ""近景""]",木质桌面上放置着一个竹制托盘，托盘中央是一碗盛有深色食材（疑似灵芝或药材）和红枣的汤品，旁边配有青瓷勺和一杯茶，背景可见木盒与红色浆果。,画面清晰展示了中式养生汤品场景，包含汤碗、托盘及背景陈设，具备明确的编辑空间与透视关系。,"[{""location"": ""画面中央"", ""content"": ""青瓷碗内盛有汤水，可见深色块状物（疑似灵芝）及红枣、枸杞等食材。"", ""space"": ""碗内空间被汤品占据，食材漂浮于液面。"", ""occlusion"": ""无遮挡，食材细节清晰可见。""}, {""location"": ""画面中右侧"", ""content"": ""竹制托盘表面，放置有青瓷勺和玻璃茶杯。"", ""space"": ""托盘表面平整，勺子和杯子周围留有少量空隙。"", ""occlusion"": ""无遮挡。""}, {""location"": ""画面左侧背景"", ""content"": ""木质桌面及一个深色木盒，旁边有红色浆果装饰。"", ""space"": ""桌面空间开阔，木盒占据部分背景区域。"", ""occlusion"": ""部分被前景物体遮挡，景深较浅。""}]","[""汤碗"", ""竹托盘"", ""中式餐具"", ""养生食材"", ""木质桌面""]","[""右上角及右下角存在视频水印文字。"", ""背景部分存在虚化。""]",unreviewed,"{""relative_uri"": ""demiwtg/collect/datasets/images.lance"", ""version"": 5, ""sha256"": ""00151057a35f13599a0de13074e1b8f5252f5a64aaae6ebf2a795b7155c93806"", ""column"": ""data""}"
23,001738b5309557988a2f2f83c3bae8846db7391f9b7ea5e982874b484ea96cad,"[""Do都城""]",1920,1440,photo,"[""城市夜景"", ""公共广场"", ""地标建筑""]","[""全景"", ""平视"", ""夜景""]",夜间城市景观，前景为一名男子背对镜头站在玻璃护栏前，中景是带有蓝色灯光的喷泉广场，背景为杭州钱江新城地标建筑群。,图像清晰展示了杭州钱江新城夜景，包含标志性建筑（如大金球、城市阳台）及前景人物，场景连贯且具备可编辑区域。,"[{""location"": ""画面前景中央"", ""content"": ""一名身穿深色上衣和迷彩短裤的男子背影，站在玻璃护栏前。"", ""space"": ""占据前景主要位置，遮挡了部分中景喷泉。"", ""occlusion"": ""无遮挡，完整可见。""}, {""location"": ""画面中景"", ""content"": ""带有蓝色LED灯光的阶梯式喷泉广场，地面铺设平整。"", ""space"": ""开阔的公共空间，喷泉设施占据中心，周围有少量绿化。"", ""occlusion"": ""部分被前景人物遮挡。""}, {""location"": ""画面背景左侧"", ""content"": ""杭州国际会议中心（大金球）建筑，表面有暖色灯光装饰。"", ""space"": ""位于远景天际线，占据左侧显著位置。"", ""occlusion"": ""无遮挡。""}, {""location"": ""画面背景右侧"", ""content"": ""杭州大剧院（日月贝）建筑，呈现蓝色灯光效果。"", ""space"": ""位于远景天际线，占据右侧显著位置。"", ""occlusion"": ""无遮挡。""}]","[""城市地标"", ""夜景"", ""广场"", ""喷泉"", ""玻璃护栏"", ""人物背影""]","[""夜间拍摄，部分暗部细节（如地面纹理）可能丢失。"", ""前景人物遮挡了部分中景视野。""]",unreviewed,"{""relative_uri"": ""demiwtg/collect/datasets/images.lance"", ""version"": 5, ""sha256"": ""001738b5309557988a2f2f83c3bae8846db7391f9b7ea5e982874b484ea96cad"", ""column"": ""data""}"
24,0017d51ada46bc8958a5046aae53c5fbd8e2440eb217a6fd6bbbfad495132ca9,"[""乔治·华盛顿大桥""]",3580,2685,photo,"[""桥梁"", ""河流"", ""城市景观""]","[""全景"", ""斜俯视""]",一张高角度拍摄的风景照，展示了一座大型悬索桥横跨宽阔的河流，连接两岸的城市与森林区域。,图像清晰展示了横跨河流的大型悬索桥，与来源概念“乔治·华盛顿大桥”相符，场景连贯且结构可辨。,"[{""location"": ""画面中央"", ""content"": ""横跨河流的悬索桥，包含两座高耸的桥塔和悬索结构。"", ""space"": ""连接两岸，桥面有车辆通行，占据画面横向中心位置。"", ""occlusion"": ""无遮挡，结构完整可见。""}, {""location"": ""画面下方及左侧"", ""content"": ""宽阔的河流，水面呈灰褐色。"", ""space"": ""占据画面下半部分大部分区域，延伸至远方。"", ""occlusion"": ""无遮挡。""}, {""location"": ""画面右下角"", ""content"": ""密集的城市建筑群，包括多栋高层公寓楼。"", ""space"": ""位于河岸一侧，建筑排列紧密。"", ""occlusion"": ""无遮挡。""}, {""location"": ""画面上方"", ""content"": ""蓝天与云层。"", ""space"": ""占据画面上部约三分之一区域。"", ""occlusion"": ""无遮挡。""}]","[""桥梁"", ""河流"", ""城市"", ""风景"", ""交通设施""]",[],unreviewed,"{""relative_uri"": ""demiwtg/collect/datasets/images.lance"", ""version"": 5, ""sha256"": ""0017d51ada46bc8958a5046aae53c5fbd8e2440eb217a6fd6bbbfad495132ca9"", ""column"": ""data""}"
25,00184d8d7b2f14597f3ac5959c3ae3cf8bd3b5158ace3f9f52794554435e3576,"[""奥迪Q5""]",1600,1200,photo,"[""户外交通场景"", ""道路环境"", ""车辆外观""]","[""斜俯视"", ""全景"", ""侧面""]",一辆白色奥迪Q5 SUV停在户外铺装路面上，背景为干旱的山坡和工业设施。,图像清晰展示了奥迪Q5 SUV在户外道路环境中的外观，场景连贯，车辆主体完整且细节清晰，符合保留条件。,"[{""location"": ""画面中央"", ""content"": ""白色奥迪Q5 SUV车身，包含前格栅、车灯、侧面车门及轮毂。"", ""space"": ""车辆占据画面主要位置，周围是空旷的沥青路面。"", ""occlusion"": ""无遮挡，车辆完整可见。""}, {""location"": ""画面下方"", ""content"": ""灰色沥青路面，可见黄色道路标线。"", ""space"": ""路面平坦开阔，延伸至车辆底部。"", ""occlusion"": ""无遮挡。""}, {""location"": ""画面上方及背景"", ""content"": ""干旱的土黄色山坡，以及左侧的钢结构工业建筑。"", ""space"": ""背景区域，位于车辆后方。"", ""occlusion"": ""无遮挡。""}]","[""SUV"", ""汽车"", ""道路"", ""户外"", ""白色车辆""]","[""车牌位置有“太平洋汽车网”水印遮挡。""]",unreviewed,"{""relative_uri"": ""demiwtg/collect/datasets/images.lance"", ""version"": 5, ""sha256"": ""00184d8d7b2f14597f3ac5959c3ae3cf8bd3b5158ace3f9f52794554435e3576"", ""column"": ""data""}"
26,00185a924d59a97c8a5bb6544f0f6663fd0421a633e91f85e1358c995c1295d4,"[""壁式烛台架""]",1280,1280,photo,"[""室内装饰"", ""墙面照明"", ""家居陈设""]","[""正面"", ""近景""]",室内灰泥墙面上安装着两个点燃的木质壁式烛台架，下方台面上摆放着装有苹果的铜盆、书籍和插有红玫瑰的花瓶，左侧可见部分画框。,图像清晰展示了壁式烛台架及其所在的室内墙面场景，主体明确，空间关系连贯，符合保留条件。,"[{""location"": ""画面中上部墙面"", ""content"": ""两个深色木质壁式烛台架，内部放置白色柱状蜡烛并点燃，发出暖光。"", ""space"": ""固定在粗糙的灰泥墙面上，占据墙面中上部区域，周围留有空白墙面。"", ""occlusion"": ""无遮挡，完整可见。""}, {""location"": ""画面下方台面"", ""content"": ""一个复古铜盆内装有两个红苹果，旁边竖立着几本精装书，右侧有一个插着红玫瑰的绿色花瓶。"", ""space"": ""位于深色木质台面上，物品排列紧凑，占据前景主要位置。"", ""occlusion"": ""无遮挡，完整可见。""}, {""location"": ""画面左侧边缘"", ""content"": ""金色画框的局部，框内可见风景画的一角。"", ""space"": ""位于画面最左侧，紧贴边缘。"", ""occlusion"": ""大部分被画面边缘裁切，仅可见右侧边框和部分画芯。""}]","[""烛台"", ""壁灯"", ""墙面装饰"", ""室内摆件"", ""花瓶"", ""书籍""]","[""画面上方和下方存在明显的半透明中文水印文字，覆盖在墙面和物品上。""]",unreviewed,"{""relative_uri"": ""demiwtg/collect/datasets/images.lance"", ""version"": 5, ""sha256"": ""00185a924d59a97c8a5bb6544f0f6663fd0421a633e91f85e1358c995c1295d4"", ""column"": ""data""}"
27,0018699f06117e770bc4db28e4f2dea77cf8bd8e135adabbaee7320cf09a78c1,"[""青州龙兴寺佛造像""]",1200,1800,photo,"[""寺庙建筑"", ""户外雕塑"", ""自然景观""]","[""全景"", ""正面"", ""平视""]",户外寺庙庭院中矗立着一尊大型白色观音立像，背景为金黄色琉璃瓦屋顶的大雄宝殿及郁郁葱葱的山林。,图像清晰展示了户外寺庙场景中的大型白色观音立像，主体完整、透视明确，且背景包含建筑与自然景观，符合保留条件。,"[{""location"": ""画面左侧前景"", ""content"": ""白色观音立像，立于莲花座上，右手施无畏印，左手持净瓶。"", ""space"": ""占据画面左半部分主要空间，立于石质台基之上。"", ""occlusion"": ""无遮挡，完整可见。""}, {""location"": ""画面中后部"", ""content"": ""传统中式建筑，金黄色琉璃瓦屋顶，檐下有彩绘斗拱，悬挂“大雄宝殿”匾额。"", ""space"": ""横向贯穿画面中部，作为背景建筑。"", ""occlusion"": ""下部被前景雕像及栏杆部分遮挡。""}, {""location"": ""画面顶部背景"", ""content"": ""茂密的绿色针叶林，覆盖山坡。"", ""space"": ""占据画面上部约三分之一区域。"", ""occlusion"": ""无遮挡。""}, {""location"": ""画面底部"", ""content"": ""白色石质栏杆与台阶。"", ""space"": ""位于雕像基座前方，延伸至画面边缘。"", ""occlusion"": ""部分被画面边缘裁切。""}]","[""佛像"", ""寺庙"", ""雕塑"", ""古建筑"", ""园林""]","[""左上角存在网站水印文字。""]",unreviewed,"{""relative_uri"": ""demiwtg/collect/datasets/images.lance"", ""version"": 5, ""sha256"": ""0018699f06117e770bc4db28e4f2dea77cf8bd8e135adabbaee7320cf09a78c1"", ""column"": ""data""}"
28,00189191e0a773005357d8dd0ce396f94e9e088a07c8c60ab53fd5b55ac2d22f,"[""志愿军肖像""]",2698,3510,illustration,"[""人物肖像"", ""历史人物""]","[""正面"", ""近景""]",一幅棕褐色调的男性半身肖像画，人物戴圆框眼镜和条纹软帽，身穿立领制服，背景为纯色。,图像为清晰的人物肖像画，主体明确，面部及服饰细节可辨，符合保留条件。,"[{""location"": ""画面中央"", ""content"": ""人物面部，佩戴圆框眼镜，五官清晰"", ""space"": ""占据画面核心位置，无遮挡"", ""occlusion"": ""无""}, {""location"": ""画面上部"", ""content"": ""深色软帽，带有浅色条纹装饰"", ""space"": ""覆盖头顶，边缘清晰"", ""occlusion"": ""无""}, {""location"": ""画面下部"", ""content"": ""深色立领制服，可见领口及一颗纽扣"", ""space"": ""占据画面下半部分，衣领结构完整"", ""occlusion"": ""无""}, {""location"": ""背景"", ""content"": ""均匀的深褐色背景"", ""space"": ""填充人物周围空间，无具体物体"", ""occlusion"": ""无""}]","[""人物"", ""肖像"", ""历史"", ""军装"", ""眼镜""]","[""单色棕褐色调，色彩信息缺失"", ""绘画风格，非真实照片""]",unreviewed,"{""relative_uri"": ""demiwtg/collect/datasets/images.lance"", ""version"": 5, ""sha256"": ""00189191e0a773005357d8dd0ce396f94e9e088a07c8c60ab53fd5b55ac2d22f"", ""column"": ""data""}"
29,0018c6ad58647fc1aa055defda115cf968c6f06ae3581fb0eed286fbf434bbfe,"[""4月25日大桥""]",1620,1080,photo,"[""城市景观"", ""历史建筑"", ""公共空间""]","[""全景"", ""斜俯视""]",黄昏时分，一座红色悬索桥横跨宽阔水域，连接两岸城市，天空呈现橙蓝渐变色。,图像清晰展示了大型悬索桥及其周边城市与水域环境，场景连贯，具备明确的编辑区域。,"[{""location"": ""画面中央及右侧"", ""content"": ""红色悬索桥主体结构，包括桥塔、悬索及桥面"", ""space"": ""占据画面主要视觉中心，横跨水面"", ""occlusion"": ""无遮挡，结构完整可见""}, {""location"": ""画面下方及左侧"", ""content"": ""宽阔的深蓝色水面"", ""space"": ""占据画面下半部分，水面平静"", ""occlusion"": ""无遮挡""}, {""location"": ""画面上方"", ""content"": ""黄昏天空，色彩从橙色过渡到蓝色"", ""space"": ""占据画面上部约三分之一"", ""occlusion"": ""无遮挡""}, {""location"": ""画面背景"", ""content"": ""远处的城市建筑群与山丘轮廓"", ""space"": ""位于地平线附近，作为背景"", ""occlusion"": ""无遮挡""}]","[""桥梁"", ""城市"", ""河流"", ""天空"", ""黄昏"", ""交通""]",[],unreviewed,"{""relative_uri"": ""demiwtg/collect/datasets/images.lance"", ""version"": 5, ""sha256"": ""0018c6ad58647fc1aa055defda115cf968c6f06ae3581fb0eed286fbf434bbfe"", ""column"": ""data""}"
30,001904d870fb39891bf64f5d39288f9c7599f21a8fc47eae517047d193e55239,"[""青岛八大关""]",3258,1833,photo,"[""历史建筑"", ""文化场所"", ""户外景观""]","[""正面"", ""全景"", ""平视""]",青岛工人运动纪念馆正面外观，黄色墙体配白色立柱，前方有宽阔石阶，两侧有茂密树木。,图像清晰展示了青岛八大关区域的典型历史建筑（青岛工人运动纪念馆），场景连贯，台阶与建筑立面提供了明确的编辑区域。,"[{""location"": ""画面下方中央"", ""content"": ""宽阔的灰色石质台阶，表面平整，贴有黄色警示标语。"", ""space"": ""台阶表面空旷，无杂物遮挡，占据前景主要位置。"", ""occlusion"": ""无遮挡，完整可见。""}, {""location"": ""画面中央建筑主体"", ""content"": ""黄色外墙，白色装饰立柱，深褐色木门，悬挂有红色竖幅牌匾。"", ""space"": ""建筑立面结构清晰，门窗位置明确。"", ""occlusion"": ""部分被上方树枝遮挡，但主体结构完整。""}, {""location"": ""画面左右两侧"", ""content"": ""高大的常绿乔木，枝叶繁茂，树干粗壮。"", ""space"": ""树木占据画面两侧边缘，形成自然框架。"", ""occlusion"": ""树枝部分遮挡了建筑顶部和天空。""}]","[""建筑"", ""台阶"", ""树木"", ""纪念馆"", ""历史街区""]","[""上方树枝对建筑顶部有一定遮挡"", ""台阶上有黄色警示贴纸""]",unreviewed,"{""relative_uri"": ""demiwtg/collect/datasets/images.lance"", ""version"": 5, ""sha256"": ""001904d870fb39891bf64f5d39288f9c7599f21a8fc47eae517047d193e55239"", ""column"": ""data""}"
31,0019c3498d8b112b2c543fc166c15c051594a7f3d53764b4811fe11c41f043c8,"[""迎真身银金花双轮十二环锡杖""]",4360,5813,photo,"[""佛教法器"", ""青铜文物"", ""博物馆藏品""]","[""正面"", ""全景"", ""平视""]",一件青铜质地、表面带有绿色铜锈的佛教锡杖，垂直立于白色方形底座之上，背景为纯白。,图像清晰展示了锡杖的完整结构，主体与背景分离度高，具备明确的编辑区域。,"[{""location"": ""画面中央上部"", ""content"": ""锡杖的杖头部分，包含顶端的宝珠状装饰、双轮结构以及缠绕的龙形或兽形装饰，表面有明显的氧化痕迹。"", ""space"": ""占据画面上半部分核心区域，结构复杂，各部件相互穿插。"", ""occlusion"": ""无遮挡，结构细节清晰可见。""}, {""location"": ""画面中央下部"", ""content"": ""锡杖的长柄部分，呈圆柱形，表面有斑驳的铜绿，底部可见一个圆孔。"", ""space"": ""垂直贯穿画面中下部，连接杖头与底座。"", ""occlusion"": ""无遮挡。""}, {""location"": ""画面底部"", ""content"": ""白色的方形展示底座，表面平整，支撑着锡杖。"", ""space"": ""位于画面最下方，作为承载物，周围留有白色背景空间。"", ""occlusion"": ""无遮挡。""}]","[""锡杖"", ""佛教文物"", ""青铜器"", ""法器"", ""博物馆展品""]","[""背景为纯白，缺乏环境信息，仅适合作为物体本身的编辑。""]",unreviewed,"{""relative_uri"": ""demiwtg/collect/datasets/images.lance"", ""version"": 5, ""sha256"": ""0019c3498d8b112b2c543fc166c15c051594a7f3d53764b4811fe11c41f043c8"", ""column"": ""data""}"
32,0019e3530f265465072b828a4dc0daa0d3f1e82bbf6bcf826c21e5f8df9bd040,"[""亚拉国家公园""]",2000,1333,photo,"[""自然景观"", ""湿地环境"", ""户外生态""]","[""全景"", ""平视"", ""远景""]",黄昏时分的自然湿地景观，前景为平静的水面与红土岸线，中景分布着茂密的树木和灌木丛，背景为开阔的蓝天。,图像展示了清晰连贯的自然湿地景观，包含水面、树木和草地，具备可编辑的实用尺度区域，符合保留条件。,"[{""location"": ""画面下半部"", ""content"": ""平静的水面，倒映着树木和天空，呈现红褐色调。"", ""space"": ""占据画面约40%的面积，表面平整，无遮挡。"", ""occlusion"": ""无遮挡，边缘与岸线自然过渡。""}, {""location"": ""画面中部"", ""content"": ""茂密的树木群，包含高大的乔木和低矮的灌木，枝叶繁茂。"", ""space"": ""横向贯穿画面，形成视觉主体，部分树干立于水中。"", ""occlusion"": ""树木之间相互遮挡，但整体轮廓清晰。""}, {""location"": ""画面左下角"", ""content"": ""红土岸线与低矮的绿色植被。"", ""space"": ""位于前景，占据画面左下角区域，地面平坦。"", ""occlusion"": ""无遮挡，与水面交界处清晰。""}, {""location"": ""画面上半部"", ""content"": ""晴朗的蓝天，无云。"", ""space"": ""占据画面上部约50%的空间，背景开阔。"", ""occlusion"": ""无遮挡。""}]","[""自然景观"", ""水面"", ""树木"", ""湿地"", ""户外"", ""黄昏""]","[""光线较暗，部分阴影区域细节可能丢失"", ""水面倒影可能干扰对底部地形的判断""]",unreviewed,"{""relative_uri"": ""demiwtg/collect/datasets/images.lance"", ""version"": 5, ""sha256"": ""0019e3530f265465072b828a4dc0daa0d3f1e82bbf6bcf826c21e5f8df9bd040"", ""column"": ""data""}"
33,001a0faa73bb3b36eded071e0b59cce1f4bc3f64673d7a8eff157400eb9cd068,"[""冷萃咖啡""]",1080,1436,photo,"[""餐饮环境"", ""饮食场景"", ""室内场景""]","[""近景"", ""斜俯视""]",两杯盛有冰块和薄荷叶的冷萃咖啡放置在木质托盘上，周围散落着咖啡豆，背景为模糊的绿植。,图像清晰展示了冷萃咖啡饮品及其所在的木质桌面场景，主体明确，具备可编辑的承载空间。,"[{""location"": ""画面中央"", ""content"": ""装有冰块、深色液体和薄荷叶的雕花玻璃杯"", ""space"": ""占据画面中心主要位置，杯身完整可见"", ""occlusion"": ""无遮挡""}, {""location"": ""画面下方"", ""content"": ""圆形木质托盘及散落的咖啡豆"", ""space"": ""作为前景承载物，表面有零散咖啡豆分布，留有部分空隙"", ""occlusion"": ""部分被前景咖啡豆遮挡""}, {""location"": ""画面右后方"", ""content"": ""另一杯冷萃咖啡"", ""space"": ""位于主杯右后方，部分被主杯遮挡"", ""occlusion"": ""被前景主杯部分遮挡""}, {""location"": ""画面左侧"", ""content"": ""装有咖啡豆的小金属碗"", ""space"": ""位于主杯左侧，放置在桌面上"", ""occlusion"": ""无遮挡""}]","[""咖啡杯"", ""饮品"", ""木质托盘"", ""咖啡豆"", ""薄荷叶"", ""冰块""]","[""背景虚化严重，无法作为编辑区域"", ""前景咖啡豆分布较密，可能干扰局部编辑""]",unreviewed,"{""relative_uri"": ""demiwtg/collect/datasets/images.lance"", ""version"": 5, ""sha256"": ""001a0faa73bb3b36eded071e0b59cce1f4bc3f64673d7a8eff157400eb9cd068"", ""column"": ""data""}"
34,001a885e75584113053a3c6c8611d6acb7399d1b83e241e2c758c0e55ba9bc42,"[""粮仓通风井筒""]",2504,2504,photo,"[""工业设施"", ""筒仓"", ""室外场景""]","[""全景"", ""仰视"", ""斜侧视""]",一座高大的白色圆柱形工业筒仓，顶部为蓝色，侧面附有蓝色的螺旋楼梯和检修平台，背景为蓝天白云及工业厂房。,图像清晰展示了工业筒仓及其附属的螺旋楼梯结构，场景连贯，具备明确的垂直空间与结构边界，符合保留条件。,"[{""location"": ""画面中央主体"", ""content"": ""白色圆柱形筒仓外壁，表面平整，可见垂直接缝。"", ""space"": ""占据画面主要垂直空间，表面无遮挡。"", ""occlusion"": ""无遮挡。""}, {""location"": ""筒仓左侧"", ""content"": ""蓝色金属螺旋楼梯，带有护栏，盘旋向上。"", ""space"": ""依附于筒仓外壁，占据左侧垂直空间。"", ""occlusion"": ""无遮挡。""}, {""location"": ""筒仓顶部"", ""content"": ""蓝色圆顶结构，设有护栏和检修平台。"", ""space"": ""位于筒仓顶端，水平空间。"", ""occlusion"": ""无遮挡。""}, {""location"": ""画面底部"", ""content"": ""灰色混凝土地面，可见筒仓底部的支撑结构。"", ""space"": ""地面平坦，延伸至画面边缘。"", ""occlusion"": ""无遮挡。""}]","[""筒仓"", ""工业建筑"", ""螺旋楼梯"", ""粮仓"", ""通风井"", ""室外""]","[""筒仓主体占据画面比例极大，限制了水平方向的编辑空间。""]",unreviewed,"{""relative_uri"": ""demiwtg/collect/datasets/images.lance"", ""version"": 5, ""sha256"": ""001a885e75584113053a3c6c8611d6acb7399d1b83e241e2c758c0e55ba9bc42"", ""column"": ""data""}"
35,001bb70dabfb6eaf1ade43c40aaa74110b240717873749ac25aab1c40ee4eaf4,"[""阳澄湖大闸蟹""]",2048,1536,photo,"[""湖泊湿地"", ""水产养殖环境"", ""自然景观""]","[""全景"", ""平视"", ""远景""]",阴天下的湖泊湿地景观，前景为茂密的芦苇丛，中景为平静的水面及一排竖立的木桩，远景为朦胧的湖岸线。,图像展示了开阔的湖泊湿地景观，包含芦苇、水面及养殖设施，符合“阳澄湖大闸蟹”产地环境的地域特征，且场景连贯、结构清晰，具备作为环境背景编辑的潜力。,"[{""location"": ""画面前景及底部"", ""content"": ""茂密的绿色芦苇丛，叶片细长，部分带有枯黄。"", ""space"": ""占据画面下方约三分之一区域，植被密集，遮挡了部分水岸交界。"", ""occlusion"": ""芦苇丛遮挡了部分近岸水面。""}, {""location"": ""画面中部"", ""content"": ""宽阔平静的灰蓝色水面，表面有细微波纹。"", ""space"": ""占据画面中心大部分区域，视野开阔，无大型漂浮物。"", ""occlusion"": ""无遮挡。""}, {""location"": ""画面中上部"", ""content"": ""一排整齐竖立在水中的细长木桩，呈线性排列。"", ""space"": ""位于水面中远处，横向贯穿画面，间距均匀。"", ""occlusion"": ""无遮挡。""}, {""location"": ""画面顶部"", ""content"": ""灰白色的天空，云层厚重，光线柔和。"", ""space"": ""占据画面上方约三分之一，与远处湖岸线相接。"", ""occlusion"": ""无遮挡。""}]","[""湖泊"", ""湿地"", ""芦苇"", ""水产养殖"", ""自然环境"", ""大闸蟹产地""]","[""天气阴沉，整体色调偏灰，色彩饱和度较低。"", ""画面中无具体大闸蟹实体，仅展示环境背景。""]",unreviewed,"{""relative_uri"": ""demiwtg/collect/datasets/images.lance"", ""version"": 5, ""sha256"": ""001bb70dabfb6eaf1ade43c40aaa74110b240717873749ac25aab1c40ee4eaf4"", ""column"": ""data""}"
36,001bb8add2bec9a0d5228a0cc95fd591ad126266f8285bedf0dc7d8301a6e4b2,"[""拉利贝拉岩石教堂""]",2048,1536,photo,"[""历史建筑"", ""考古现场"", ""建筑修缮""]","[""斜俯视"", ""全景""]",一座红褐色岩石教堂建筑，外部搭建有密集的竹木脚手架和金属屋顶，周围环绕着巨大的岩石地形，右侧可见一名行人。,图像清晰展示了拉利贝拉岩石教堂的修缮场景，建筑主体、脚手架及岩石环境结构完整，具备明确的编辑区域。,"[{""location"": ""画面中央及左侧"", ""content"": ""红褐色岩石建筑外墙，表面有风化纹理和方形小窗。"", ""space"": ""建筑主体占据画面中心，墙面平整但被脚手架部分遮挡。"", ""occlusion"": ""建筑左侧及顶部被密集的竹木脚手架和金属顶棚遮挡。""}, {""location"": ""画面前景及底部"", ""content"": ""巨大的深灰色岩石表面，带有地衣和粗糙纹理。"", ""space"": ""前景岩石占据画面下方约三分之一，表面起伏不平。"", ""occlusion"": ""无遮挡，清晰可见。""}, {""location"": ""画面右侧"", ""content"": ""岩石建筑延伸部分及一个黑暗的入口通道。"", ""space"": ""右侧空间较开阔，有一名行人正在行走。"", ""occlusion"": ""入口内部黑暗不可见，建筑边缘被脚手架立柱部分遮挡。""}, {""location"": ""画面背景"", ""content"": ""蓝天白云及远处的绿色树木。"", ""space"": ""背景天空开阔，树木位于建筑后方。"", ""occlusion"": ""无遮挡。""}]","[""岩石建筑"", ""脚手架"", ""历史遗迹"", ""教堂"", ""岩石地形""]","[""脚手架结构复杂，遮挡了建筑左侧的大部分细节。"", ""前景岩石纹理粗糙，可能影响精细编辑。""]",unreviewed,"{""relative_uri"": ""demiwtg/collect/datasets/images.lance"", ""version"": 5, ""sha256"": ""001bb8add2bec9a0d5228a0cc95fd591ad126266f8285bedf0dc7d8301a6e4b2"", ""column"": ""data""}"
37,001c82071a53f949e2e975fe571a10479208735d0d02a8e5b2a61ff8b106641b,"[""柱侧板""]",2048,2048,render,"[""家具"", ""室内陈设"", ""支撑结构""]","[""斜俯视"", ""全景""]",一张带有玻璃台面的现代风格边桌，底座由米色弧形侧板和深色木纹侧板组成，右后方有黑色金属支架。,图像清晰展示了家具侧板结构，包含米色弧形板与木纹板，符合“柱侧板”概念，且透视与边界清晰，具备编辑基础。,"[{""location"": ""画面左下方"", ""content"": ""米色弧形侧板，表面光滑，呈内凹曲线。"", ""space"": ""占据底座左侧主要空间，表面平整无遮挡。"", ""occlusion"": ""无遮挡，完整可见。""}, {""location"": ""画面右下方"", ""content"": ""深棕色木纹侧板，表面有垂直纹理。"", ""space"": ""占据底座右侧空间，与米色板拼接。"", ""occlusion"": ""无遮挡，完整可见。""}, {""location"": ""画面上方"", ""content"": ""透明玻璃台面，边缘有黑色包边。"", ""space"": ""覆盖在底座上方，透过玻璃可见下方结构。"", ""occlusion"": ""无遮挡。""}, {""location"": ""画面右上方"", ""content"": ""黑色金属支架，呈倒L形。"", ""space"": ""连接台面与底座后方，垂直向上延伸。"", ""occlusion"": ""无遮挡。""}]","[""家具"", ""侧板"", ""支撑结构"", ""底座"", ""玻璃台面""]",[],unreviewed,"{""relative_uri"": ""demiwtg/collect/datasets/images.lance"", ""version"": 5, ""sha256"": ""001c82071a53f949e2e975fe571a10479208735d0d02a8e5b2a61ff8b106641b"", ""column"": ""data""}"
38,001db9fac1884966082deb7b6067a5b63a75c48f876f417e739d4df67d8e5231,"[""旧唱片""]",1435,2055,photo,"[""复古设备"", ""室内静物""]","[""斜俯视"", ""近景""]",一台老式手摇留声机，带有巨大的金属喇叭，木质底座上放置着一张黑胶唱片。,图像清晰展示了老式留声机及其上的黑胶唱片，主体完整，结构清晰，符合“旧唱片”概念，且具备可编辑的平面区域。,"[{""location"": ""画面下方中央"", ""content"": ""放置在转盘上的黑色圆形黑胶唱片"", ""space"": ""唱片平铺在木质底座顶部的转盘上，占据中心位置"", ""occlusion"": ""无遮挡，完整可见""}, {""location"": ""画面下方"", ""content"": ""深褐色木质箱体底座"", ""space"": ""作为支撑结构，表面有磨损痕迹，右侧可见手摇曲柄"", ""occlusion"": ""无遮挡""}, {""location"": ""画面上方及左侧"", ""content"": ""巨大的金属喇叭口"", ""space"": ""呈花瓣状展开，占据画面上半部分大部分空间"", ""occlusion"": ""无遮挡""}]","[""留声机"", ""黑胶唱片"", ""复古"", ""音乐"", ""老物件""]","[""背景为纯白，缺乏环境信息"", ""木质底座表面有磨损和污渍""]",unreviewed,"{""relative_uri"": ""demiwtg/collect/datasets/images.lance"", ""version"": 5, ""sha256"": ""001db9fac1884966082deb7b6067a5b63a75c48f876f417e739d4df67d8e5231"", ""column"": ""data""}"
39,001e7a2857d5051476b4634967b046b6797e7805693f24a4050608d07c3bd8d3,"[""峨眉山"", ""峨眉山金顶""]",1080,1921,photo,"[""宗教建筑"", ""高山景观"", ""云海""]","[""全景"", ""斜俯视""]",峨眉山金顶的十方普贤金像与金殿矗立于悬崖之上，背景是云海与日照金山的壮丽景色。,图像清晰展示了峨眉山金顶的标志性景观（十方普贤金像与金殿），场景连贯，关键结构可辨，符合保留条件。,"[{""location"": ""画面左侧中景"", ""content"": ""巨大的金色普贤菩萨坐像，坐于六牙白象之上，细节清晰。"", ""space"": ""占据左侧主要视觉空间，立于岩石平台之上。"", ""occlusion"": ""无遮挡，完整可见。""}, {""location"": ""画面右侧中景"", ""content"": ""多层重檐的金色寺庙建筑（金殿），屋顶呈金黄色。"", ""space"": ""位于金像右侧，占据右侧主要视觉空间。"", ""occlusion"": ""无遮挡，完整可见。""}, {""location"": ""画面底部前景"", ""content"": ""深色的岩石悬崖峭壁，表面粗糙，有少量植被。"", ""space"": ""作为建筑与金像的基座，占据画面下方约三分之一。"", ""occlusion"": ""无遮挡。""}, {""location"": ""画面背景"", ""content"": ""连绵的雪山山脉，山顶被夕阳染成金黄色，下方是白色的云海。"", ""space"": ""占据画面上半部分，作为远景背景。"", ""occlusion"": ""无遮挡。""}]","[""佛像"", ""寺庙"", ""山峰"", ""云海"", ""悬崖"", ""金色建筑""]","[""画面主体为大型地标建筑，若需进行局部细节编辑，需注意透视与光影的一致性。""]",unreviewed,"{""relative_uri"": ""demiwtg/collect/datasets/images.lance"", ""version"": 5, ""sha256"": ""001e7a2857d5051476b4634967b046b6797e7805693f24a4050608d07c3bd8d3"", ""column"": ""data""}"
40,001ed3613efdf755faccbb0e790f3c324ff4e5c771ca5159a97a59bda0bd1a24,"[""尖拱廊""]",1664,2496,illustration,"[""宗教建筑"", ""建筑结构"", ""奇幻场景""]","[""全景"", ""平视""]",粉发少女背对镜头坐在水面上，背景是装饰着花卉的哥特式尖拱廊，光线柔和，周围有白鸽和书籍。,图像清晰展示了哥特式尖拱廊结构，场景连贯且透视明确，符合来源概念。,"[{""location"": ""背景中央"", ""content"": ""高耸的哥特式尖拱门廊，带有精细的雕花装饰"", ""space"": ""垂直空间，被建筑结构占据，具有明显的透视深度"", ""occlusion"": ""无遮挡，结构完整可见""}, {""location"": ""画面左侧"", ""content"": ""装饰着粉色玫瑰的立柱和垂下的薄纱"", ""space"": ""垂直空间，被柱体和植物占据"", ""occlusion"": ""部分被前景人物头发遮挡""}, {""location"": ""画面下方"", ""content"": ""平静的水面，倒映着建筑和人物，散落着花瓣"", ""space"": ""水平空间，被水面和漂浮物占据"", ""occlusion"": ""无遮挡""}, {""location"": ""左下角"", ""content"": ""堆叠的旧书，上面停着一只白鸽"", ""space"": ""局部空间，被书籍和鸽子占据"", ""occlusion"": ""无遮挡""}]","[""教堂"", ""拱门"", ""立柱"", ""水面"", ""花卉"", ""书籍""]","[""背景光线较强，部分细节可能过曝"", ""前景人物占据画面中心，限制了背景编辑的连续性""]",unreviewed,"{""relative_uri"": ""demiwtg/collect/datasets/images.lance"", ""version"": 5, ""sha256"": ""001ed3613efdf755faccbb0e790f3c324ff4e5c771ca5159a97a59bda0bd1a24"", ""column"": ""data""}"
41,0020bb792c314eebdab9e98cdf701729bed5d93277faad57c10ea45f5e50807c,"[""红河迤萨古镇""]",1920,1280,photo,"[""古建筑"", ""城市景观"", ""砖石结构""]","[""仰视"", ""近景""]",一张仰视视角的建筑摄影，展示了红砖砌筑的阶梯状山墙，顶部有石质装饰塔楼，背景为晴朗蓝天。,图像清晰展示了具有地域特色的传统建筑山墙，结构完整且透视明确，符合古镇建筑景观的视觉特征。,"[{""location"": ""画面中央"", ""content"": ""红砖与灰砖混砌的阶梯状山墙主体"", ""space"": ""占据画面主要部分，表面平整，砖缝清晰"", ""occlusion"": ""无遮挡""}, {""location"": ""山墙顶部中央"", ""content"": ""石质装饰塔楼，带有尖顶和镂空窗"", ""space"": ""位于山墙最高处，轮廓清晰"", ""occlusion"": ""无遮挡""}, {""location"": ""画面左侧"", ""content"": ""相邻建筑的屋檐与墙体局部"", ""space"": ""位于主建筑左侧，部分被主建筑遮挡"", ""occlusion"": ""部分被主建筑遮挡""}, {""location"": ""画面右侧"", ""content"": ""相邻建筑的屋顶瓦片与墙体局部"", ""space"": ""位于主建筑右侧，部分被主建筑遮挡"", ""occlusion"": ""部分被主建筑遮挡""}]","[""古建筑"", ""砖墙"", ""屋顶"", ""山墙"", ""装饰构件""]","[""画面主要聚焦于建筑上部，缺乏地面或街道环境信息""]",unreviewed,"{""relative_uri"": ""demiwtg/collect/datasets/images.lance"", ""version"": 5, ""sha256"": ""0020bb792c314eebdab9e98cdf701729bed5d93277faad57c10ea45f5e50807c"", ""column"": ""data""}"
42,0021bb62ba1bc0040f77b7826ea368b1c7d46f231e2f05a5bf8bde517f934ac1,"[""上海田子坊"", ""东方明珠"", ""杨浦大桥"", ""豫园""]",4461,3437,photo,"[""市井生活"", ""弄堂街景"", ""菜摊""]","[""斜俯视"", ""近景""]",上海弄堂内的街边菜摊，前景摆放着花菜、黄瓜、青椒等蔬菜，背景为斑驳的旧墙和正在劳作的摊主。,图像清晰展示了具有典型上海弄堂特征的街边菜摊场景，透视与结构完整，具备可编辑的实用空间。,"[{""location"": ""画面中下方"", ""content"": ""白色泡沫箱内整齐码放的绿色黄瓜"", ""space"": ""箱内空间被黄瓜填满，箱顶平面可作为放置点"", ""occlusion"": ""无遮挡""}, {""location"": ""画面中央"", ""content"": ""堆放在白色泡沫托盘上的多颗花菜"", ""space"": ""花菜之间及托盘边缘存在空隙"", ""occlusion"": ""部分花菜相互堆叠遮挡""}, {""location"": ""画面右侧"", ""content"": ""红色塑料筐内盛放的绿色长辣椒"", ""space"": ""辣椒堆叠，筐口边缘可见"", ""occlusion"": ""无遮挡""}, {""location"": ""画面左上方"", ""content"": ""身穿条纹衫的摊主及案板"", ""space"": ""案板表面可见，周围有杂物"", ""occlusion"": ""人物身体部分被案板遮挡""}]","[""蔬菜"", ""泡沫箱"", ""塑料筐"", ""菜摊"", ""弄堂"", ""旧墙""]","[""场景较为杂乱，背景墙面有污渍和破损"", ""部分蔬菜堆叠紧密，细节辨识受限""]",unreviewed,"{""relative_uri"": ""demiwtg/collect/datasets/images.lance"", ""version"": 5, ""sha256"": ""0021bb62ba1bc0040f77b7826ea368b1c7d46f231e2f05a5bf8bde517f934ac1"", ""column"": ""data""}"
43,0021d1059d198d9716429bfa8d46a6e9ba0b368327bd92aebb913846bfa09d3f,"[""《二堂舍子》""]",1280,1747,photo,"[""舞台场景"", ""戏曲表演"", ""文化演出空间""]","[""正面"", ""全景""]",京剧演员身着蓝色戏服，头戴头饰，在舞台上表演，背景为蓝色帷幕和金色幕布。,图像清晰展示了京剧舞台场景，人物与背景结构完整，符合文化演出空间的来源概念，具备可编辑区域。,"[{""location"": ""画面中央"", ""content"": ""京剧演员，身穿蓝色绣花戏服，手持白色水袖，面部妆容清晰。"", ""space"": ""占据画面主体，周围留有舞台空间。"", ""occlusion"": ""无遮挡。""}, {""location"": ""画面左侧"", ""content"": ""蓝色舞台帷幕，垂坠感明显。"", ""space"": ""占据左侧背景，垂直分布。"", ""occlusion"": ""无遮挡。""}, {""location"": ""画面右侧及后方"", ""content"": ""金色条纹幕布，作为舞台背景。"", ""space"": ""占据右侧及后方背景，垂直分布。"", ""occlusion"": ""无遮挡。""}, {""location"": ""画面底部"", ""content"": ""红色舞台边缘，带有金色装饰图案。"", ""space"": ""位于画面最下方，水平分布。"", ""occlusion"": ""无遮挡。""}]","[""舞台"", ""戏曲"", ""京剧"", ""演员"", ""帷幕"", ""表演""]","[""右下角有水印文字“梨园乡韵”。""]",unreviewed,"{""relative_uri"": ""demiwtg/collect/datasets/images.lance"", ""version"": 5, ""sha256"": ""0021d1059d198d9716429bfa8d46a6e9ba0b368327bd92aebb913846bfa09d3f"", ""column"": ""data""}"
44,00220047eb0d8c79668262c727db3f9bc8465277f9c35435a2d20d86fb6b2290,"[""越前漆器""]",3648,2736,photo,"[""手工艺制作"", ""漆艺特写""]","[""近景"", ""俯视""]",特写镜头展示双手操作，黑色粘稠液体（疑似生漆）正从上方工具滴落至下方平面，液面呈现高光泽与流动形态。,图像清晰展示了漆液滴落与流动的特写场景，符合传统工艺制作环境的视觉特征，且具备可编辑的液面与工具区域。,"[{""location"": ""画面中央"", ""content"": ""黑色粘稠液体，表面有气泡与高光反射，呈现流动状态。"", ""space"": ""占据画面中心主要区域，液体正在汇聚。"", ""occlusion"": ""无遮挡，清晰可见。""}, {""location"": ""画面右侧"", ""content"": ""一只人手，手指弯曲，似乎正在辅助或控制液体流动。"", ""space"": ""占据右侧边缘，部分手指位于液面附近。"", ""occlusion"": ""无遮挡。""}, {""location"": ""画面左上方"", ""content"": ""另一只手的指尖及工具末端，正在引导液体滴落。"", ""space"": ""位于上方边缘，连接着滴落的液体流。"", ""occlusion"": ""无遮挡。""}, {""location"": ""背景区域"", ""content"": ""模糊的棕褐色平面，可能是工作台或容器底部。"", ""space"": ""作为背景衬托前景的液体与手部。"", ""occlusion"": ""因景深原因模糊。""}]","[""漆液"", ""生漆"", ""手工艺"", ""工具"", ""液体"", ""特写""]","[""背景虚化严重，缺乏环境细节"", ""画面为极近距离特写，透视关系单一""]",unreviewed,"{""relative_uri"": ""demiwtg/collect/datasets/images.lance"", ""version"": 5, ""sha256"": ""00220047eb0d8c79668262c727db3f9bc8465277f9c35435a2d20d86fb6b2290"", ""column"": ""data""}"
45,002272b61e2eb3346f5c53f21d28596d5e422d4447c67651541a4ce4a3b425e4,"[""维朗德里城堡花园""]",5000,3000,photo,"[""城堡建筑"", ""法式几何花园"", ""周边自然景观""]","[""俯视"", ""全景""]",维朗德里城堡花园的航拍全景，展示了城堡建筑、几何图案的修剪花园、中央水池以及周边的森林和村庄。,图像清晰展示了维朗德里城堡花园的鸟瞰全景，场景连贯，包含多个具有明确边界和尺度的可编辑区域（如草坪、水池、建筑屋顶），符合保留条件。,"[{""location"": ""画面中下部"", ""content"": ""长方形水池及周边的几何草坪和圆形花坛"", ""space"": ""水池占据中心，周围是修剪整齐的草坪和铺装小径，空间开阔"", ""occlusion"": ""无遮挡，视野清晰""}, {""location"": ""画面中上部"", ""content"": ""城堡主体建筑及紧邻的迷宫式绿篱花园"", ""space"": ""建筑屋顶和庭院清晰可见，绿篱花园呈网格状分布"", ""occlusion"": ""无遮挡""}, {""location"": ""画面左侧"", ""content"": ""村庄房屋、道路及农田"", ""space"": ""密集的房屋群与开阔的农田交错，道路贯穿其中"", ""occlusion"": ""无遮挡""}, {""location"": ""画面右侧及底部"", ""content"": ""茂密的森林树冠"", ""space"": ""大面积的深绿色植被覆盖，形成花园的自然边界"", ""occlusion"": ""无遮挡""}]","[""城堡"", ""花园"", ""水池"", ""草坪"", ""森林"", ""村庄""]","[""航拍视角导致地面细节（如具体植物种类）难以辨认"", ""画面范围较大，单一区域在整体中占比相对较小""]",unreviewed,"{""relative_uri"": ""demiwtg/collect/datasets/images.lance"", ""version"": 5, ""sha256"": ""002272b61e2eb3346f5c53f21d28596d5e422d4447c67651541a4ce4a3b425e4"", ""column"": ""data""}"
46,0022ca075295cc7754f1ac477f1260dc1c51d4ddbb7cbb0620c090f61215609c,"[""电子靶""]",1920,1189,photo,"[""室内射击馆"", ""电子靶"", ""射击台""]","[""全景"", ""正面""]",室内射击馆全景，包含电子靶、射击台、大屏幕及多名运动员。,图像清晰展示了室内射击馆场景，包含电子靶、射击台及大屏幕，场景连贯且关键结构可辨，符合保留条件。,"[{""location"": ""画面中后方"", ""content"": ""一排安装在支架上的电子靶，靶面可见圆形靶心。"", ""space"": ""位于射击馆远端，占据中景位置，周围有空间。"", ""occlusion"": ""无遮挡，清晰可见。""}, {""location"": ""画面前景"", ""content"": ""多个木质射击台，标有A、C、F等字母，台面上有射击设备。"", ""space"": ""分布在前景左右两侧及中间，占据前景空间。"", ""occlusion"": ""无遮挡，清晰可见。""}, {""location"": ""画面上方"", ""content"": ""两块大型蓝色电子显示屏，显示比赛信息。"", ""space"": ""悬挂于天花板下方，占据上方空间。"", ""occlusion"": ""无遮挡，清晰可见。""}, {""location"": ""画面地面"", ""content"": ""木质地板，表面光滑，有反光。"", ""space"": ""占据整个地面区域，部分被射击台和人员遮挡。"", ""occlusion"": ""部分被前景物体遮挡。""}]","[""射击馆"", ""电子靶"", ""射击台"", ""室内运动"", ""体育场馆""]","[""右下角有“南宁云”水印，可能影响局部编辑。""]",unreviewed,"{""relative_uri"": ""demiwtg/collect/datasets/images.lance"", ""version"": 5, ""sha256"": ""0022ca075295cc7754f1ac477f1260dc1c51d4ddbb7cbb0620c090f61215609c"", ""column"": ""data""}"
47,0024b89984e2c425ee3412fcc4ca169c89ae4bfcf2bc1d5d0c0c5743ab251679,"[""塑料中空板周转箱""]",1920,1920,photo,"[""物流设备"", ""仓储周转""]","[""斜俯视"", ""近景""]",一个蓝色塑料中空板周转箱放置在水泥地面上，箱体内部可见典型的瓦楞结构，四角有白色加固护角。,图像清晰展示了蓝色塑料中空板周转箱，结构完整，透视与边界可辨，符合保留条件。,"[{""location"": ""画面中央"", ""content"": ""蓝色塑料中空板箱体，内部可见瓦楞结构"", ""space"": ""箱体内部为空，占据画面主要位置"", ""occlusion"": ""无遮挡""}, {""location"": ""箱体四角"", ""content"": ""白色塑料护角"", ""space"": ""位于箱体边缘，起加固作用"", ""occlusion"": ""无遮挡""}, {""location"": ""背景"", ""content"": ""灰色水泥地面"", ""space"": ""平整地面，有细微纹理"", ""occlusion"": ""无遮挡""}]","[""塑料箱"", ""周转箱"", ""物流"", ""仓储"", ""中空板""]",[],unreviewed,"{""relative_uri"": ""demiwtg/collect/datasets/images.lance"", ""version"": 5, ""sha256"": ""0024b89984e2c425ee3412fcc4ca169c89ae4bfcf2bc1d5d0c0c5743ab251679"", ""column"": ""data""}"
48,00257d45cc2f47d76195efd37adfe57380899f010d6c0520d1a5a2f3d8180eb2,"[""工匠服饰造型""]",1080,1440,photo,"[""时装展示"", ""服饰细节""]","[""背面"", ""中景""]",模特身穿白色立体花卉装饰上衣与刺绣长裤，展示在T台背景中。,图像清晰展示了带有立体花卉装饰的服饰，符合“工匠服饰造型”概念，且结构完整，具备编辑基础。,"[{""location"": ""画面上半部"", ""content"": ""白色上衣背部，装饰有密集的橙色与黄色立体花朵及绿色刺绣叶片。"", ""space"": ""花朵覆盖背部主要区域，下方连接百褶裙摆。"", ""occlusion"": ""无遮挡，细节清晰。""}, {""location"": ""画面下半部"", ""content"": ""白色长裤，表面有绿色植物茎叶刺绣图案。"", ""space"": ""刺绣图案沿裤腿纵向分布，占据大部分可见表面。"", ""occlusion"": ""无遮挡。""}, {""location"": ""画面右侧"", ""content"": ""垂坠的白色袖管或装饰带，带有百褶细节。"", ""space"": ""自然垂落，占据右侧垂直空间。"", ""occlusion"": ""无遮挡。""}]","[""服饰"", ""刺绣"", ""立体装饰"", ""时装"", ""花卉图案""]","[""头部被裁切，仅可见颈部以下。""]",unreviewed,"{""relative_uri"": ""demiwtg/collect/datasets/images.lance"", ""version"": 5, ""sha256"": ""00257d45cc2f47d76195efd37adfe57380899f010d6c0520d1a5a2f3d8180eb2"", ""column"": ""data""}"
49,0025d960247ae46020ae097e16c054100b548fe1798d002006d876e3c78a1fe8,"[""兼六园""]",1146,2048,photo,"[""日本庭园"", ""松树景观"", ""园林植物""]","[""全景"", ""平视""]",晴朗天空下的日本庭园一角，画面中心为一棵被竹竿支撑成锥形的松树，周围环绕着其他松树和灌木，前景有低矮植被和碎石地面。,图像清晰展示了日本庭园景观，包含典型的“吊枝”松树造型，与来源概念“兼六园”高度吻合，且场景结构完整，具备可编辑区域。,"[{""location"": ""画面中央"", ""content"": ""一棵高大的松树，树冠被竹竿和绳索支撑成尖塔状（吊枝造型）。"", ""space"": ""占据画面垂直中心，周围有少量空隙，背景为蓝天。"", ""occlusion"": ""无遮挡，结构清晰可见。""}, {""location"": ""画面前景下方"", ""content"": ""茂密的低矮灌木丛和地被植物，叶片呈深绿色。"", ""space"": ""占据画面底部约四分之一区域，遮挡了部分地面。"", ""occlusion"": ""无遮挡，细节清晰。""}, {""location"": ""画面左下角"", ""content"": ""碎石铺地的小径边缘，可见部分泥土和石块。"", ""space"": ""位于灌木丛左侧，空间较小。"", ""occlusion"": ""部分被前景植物遮挡。""}, {""location"": ""画面右侧"", ""content"": ""另一棵较小的松树，同样带有竹竿支撑结构。"", ""space"": ""位于主树右侧，与主树有一定距离。"", ""occlusion"": ""部分枝叶被前景植物遮挡。""}]","[""松树"", ""竹竿"", ""灌木"", ""碎石"", ""天空"", ""园林""]","[""前景灌木较为茂密，可能遮挡地面细节。"", ""竹竿支撑结构较为密集，可能影响对树干本身的观察。""]",unreviewed,"{""relative_uri"": ""demiwtg/collect/datasets/images.lance"", ""version"": 5, ""sha256"": ""0025d960247ae46020ae097e16c054100b548fe1798d002006d876e3c78a1fe8"", ""column"": ""data""}"
50,0026110e95ebb5f985e83e610eaf5de8fcf9edf5e37ff6246ac90d6405c3947d,"[""商业街""]",2560,1757,render,"[""商业街区"", ""城市街道"", ""公共空间""]","[""全景"", ""斜俯视""]",黄昏时分的现代中式商业街区，包含低层商铺、高耸的钟楼、街道及行人。,图像为清晰的商业街区建筑效果图，场景连贯，包含街道、广场及建筑立面，具备可编辑的实用空间。,"[{""location"": ""画面下方前景"", ""content"": ""宽阔的沥青路面与铺装广场，可见斑马线及路缘石。"", ""space"": ""大面积开放空间，有少量行人和车辆分布，路面平整。"", ""occlusion"": ""无遮挡，视野开阔。""}, {""location"": ""画面中部"", ""content"": ""两至三层的商业建筑，具有木质格栅、玻璃幕墙及坡屋顶。"", ""space"": ""建筑立面及底层商铺入口，门前有少量绿化和行人。"", ""occlusion"": ""部分底层细节被行人和树木遮挡。""}, {""location"": ""画面右侧"", ""content"": ""高耸的方形钟楼，带有中式屋檐和红色装饰挂件。"", ""space"": ""垂直结构，占据右侧主要视觉空间。"", ""occlusion"": ""无遮挡。""}, {""location"": ""画面左侧"", ""content"": ""延伸的商业建筑及街道，可见停放的车辆。"", ""space"": ""街道空间，有车辆和行人活动。"", ""occlusion"": ""部分被前景人物遮挡。""}]","[""街道"", ""广场"", ""建筑立面"", ""钟楼"", ""商业区"", ""城市景观""]","[""图像为渲染图，光影效果较为理想化。"", ""前景人物较多，可能干扰局部编辑。""]",unreviewed,"{""relative_uri"": ""demiwtg/collect/datasets/images.lance"", ""version"": 5, ""sha256"": ""0026110e95ebb5f985e83e610eaf5de8fcf9edf5e37ff6246ac90d6405c3947d"", ""column"": ""data""}"
51,00277e1861bcbfb5c3a5424a06d775ab6b71c8070da53a324b0a4956ecb37a6e,"[""大型玻璃罩""]",1440,1080,photo,"[""工业厂房"", ""安全防护设施"", ""机械设备""]","[""全景"", ""斜俯视"", ""室内""]",工业厂房内部，前景为长排铝合金框架玻璃防护围栏，后方可见大型蓝色与黄色工业机械设备。,图像清晰展示了工业厂房内的玻璃防护围栏，符合“大型玻璃罩”作为防护区域的视觉特征，场景连贯且结构清晰。,"[{""location"": ""画面前景及中景"", ""content"": ""由银色铝合金立柱和透明玻璃面板组成的长排防护围栏，底部有蓝色底座。"", ""space"": ""围栏沿对角线延伸，占据画面下半部分，玻璃面板清晰可见，内部空间被隔离。"", ""occlusion"": ""无遮挡，玻璃面板通透，可透视后方设备。""}, {""location"": ""画面中后部"", ""content"": ""大型工业设备，主体为蓝色立柱和黄色横梁结构，带有红色部件。"", ""space"": ""位于围栏后方，占据画面中上部，设备庞大，结构复杂。"", ""occlusion"": ""部分被前景围栏遮挡，但主体结构清晰。""}, {""location"": ""画面左侧及地面"", ""content"": ""光洁的浅色环氧地坪，左侧有蓝色和黄色地面标线。"", ""space"": ""地面平整空旷，延伸至画面深处，提供清晰的透视引导。"", ""occlusion"": ""无遮挡。""}]","[""玻璃围栏"", ""工业防护"", ""厂房设施"", ""机械设备"", ""安全隔离""]","[""背景设备细节较多，可能干扰对前景围栏的聚焦。""]",unreviewed,"{""relative_uri"": ""demiwtg/collect/datasets/images.lance"", ""version"": 5, ""sha256"": ""00277e1861bcbfb5c3a5424a06d775ab6b71c8070da53a324b0a4956ecb37a6e"", ""column"": ""data""}"
52,0028a3ad51ad6e591cb50f634b45e56096df338fd0175b96f0fc1e69d931f7fe,"[""明嘉靖五彩鱼藻纹大罐""]",1439,1545,photo,"[""瓷器"", ""文物"", ""鱼藻纹""]","[""正面"", ""全景"", ""平视""]",一张白底背景下的五彩鱼藻纹大罐照片，罐身绘有游鱼、水草及花卉，配有盖。,图像清晰展示了带有鱼藻纹饰的五彩瓷罐，主体完整，表面纹理与结构清晰，符合候选原图标准。,"[{""location"": ""罐身腹部"", ""content"": ""白釉底色上绘有红彩游鱼、蓝彩水草及杂色花卉"", ""space"": ""占据画面主体，表面呈弧形，纹饰分布均匀"", ""occlusion"": ""无遮挡，完整可见""}, {""location"": ""罐盖"", ""content"": ""绘有鱼藻纹饰，顶部有宝珠形钮"", ""space"": ""位于罐口上方，呈扁圆形"", ""occlusion"": ""无遮挡""}, {""location"": ""罐身肩部"", ""content"": ""绘有几何纹饰带，包含菱形与花卉图案"", ""space"": ""位于腹部上方，呈带状分布"", ""occlusion"": ""无遮挡""}, {""location"": ""罐身底部"", ""content"": ""绘有蓝色波浪纹饰"", ""space"": ""位于罐体最下方，呈带状"", ""occlusion"": ""无遮挡""}]","[""瓷器"", ""罐"", ""鱼"", ""藻"", ""纹饰"", ""古董""]",[],unreviewed,"{""relative_uri"": ""demiwtg/collect/datasets/images.lance"", ""version"": 5, ""sha256"": ""0028a3ad51ad6e591cb50f634b45e56096df338fd0175b96f0fc1e69d931f7fe"", ""column"": ""data""}"
53,0028b0a67744dc7c61079cda47eefc77041c660087f5c7cb502a3a77fa8782e7,"[""大维德瓶""]",3648,5472,photo,"[""博物馆陈列"", ""瓷器文物"", ""展柜内部""]","[""正面"", ""近景"", ""平视""]",博物馆展柜内陈列的梅森瓷器花瓶，瓶身绘有花卉与人物图案，前方有木质说明牌。,图像清晰展示了梅森瓷器花瓶及其博物馆陈列环境，主体完整且具备可编辑的承载空间。,"[{""location"": ""画面中央"", ""content"": ""绘有花卉与人物图案的梅森瓷器花瓶"", ""space"": ""占据画面主体，立于木质台面上"", ""occlusion"": ""无遮挡""}, {""location"": ""画面下方"", ""content"": ""木质说明牌，印有文字信息"", ""space"": ""位于花瓶前方，占据前景底部"", ""occlusion"": ""无遮挡""}, {""location"": ""画面右侧"", ""content"": ""另一个带盖瓷罐的局部"", ""space"": ""位于花瓶右侧，部分被裁切"", ""occlusion"": ""右侧边缘被裁切""}, {""location"": ""画面背景"", ""content"": ""深色木质展柜内壁"", ""space"": ""作为背景，提供深色衬托"", ""occlusion"": ""无遮挡""}]","[""瓷器"", ""花瓶"", ""博物馆"", ""展柜"", ""文物"", ""梅森瓷器""]","[""右侧瓷罐被裁切，仅可见局部"", ""背景较暗，细节较少""]",unreviewed,"{""relative_uri"": ""demiwtg/collect/datasets/images.lance"", ""version"": 5, ""sha256"": ""0028b0a67744dc7c61079cda47eefc77041c660087f5c7cb502a3a77fa8782e7"", ""column"": ""data""}"
54,002948884f443e628f9eace8d9fdd496b63cb89e2e44d01bab564ecb82982360,"[""森林摄影""]",1280,1920,photo,"[""森林植被"", ""苔藓树桩""]","[""近景"", ""平视""]",森林环境中，一个绿色的FLEXTAIL设备竖立在长满苔藓的树桩上，背景为虚化的绿色植被。,图像展示了清晰的森林自然环境，苔藓覆盖的树桩提供了稳定且可辨的承载表面，符合保留条件。,"[{""location"": ""画面下方中央"", ""content"": ""覆盖着绿色苔藓的树桩表面"", ""space"": ""树桩顶部平面，设备占据中心位置，周围有少量苔藓空间"", ""occlusion"": ""设备遮挡了树桩中心部分，边缘可见""}, {""location"": ""画面中央"", ""content"": ""绿色FLEXTAIL电子设备"", ""space"": ""竖立放置，占据画面垂直中心"", ""occlusion"": ""无遮挡，完整可见""}, {""location"": ""画面背景"", ""content"": ""虚化的森林植物与光影"", ""space"": ""作为背景填充，无具体承载功能"", ""occlusion"": ""景深虚化，细节不可辨""}]","[""户外设备"", ""森林场景"", ""苔藓"", ""树桩"", ""自然摄影""]","[""画面底部存在明显的“J STUDIO”水印文字"", ""画面顶部存在“Focus on photography...”文字""]",unreviewed,"{""relative_uri"": ""demiwtg/collect/datasets/images.lance"", ""version"": 5, ""sha256"": ""002948884f443e628f9eace8d9fdd496b63cb89e2e44d01bab564ecb82982360"", ""column"": ""data""}"
55,0029bd6ec7d053f30aa7a621d2b1c8bd9a49d1dbd075c46dbda74d664386bc0e,"[""办公楼走廊""]",1280,1706,photo,"[""办公楼走廊"", ""玻璃隔断"", ""室内空间""]","[""斜俯视"", ""近景"", ""透视""]",一张现代办公楼走廊的照片，左侧为带有品牌标识和百叶窗的玻璃隔断墙，右侧为铺设条纹地毯的通道，天花板为木质格栅。,图像清晰展示了办公楼走廊场景，透视与结构完整，玻璃墙面与地面提供了明确的编辑区域。,"[{""location"": ""左侧墙面"", ""content"": ""带有“Home”字样及绿色圆形图案的玻璃隔断，内部可见百叶窗。"", ""space"": ""垂直立面，表面平整，占据画面左侧大部分区域。"", ""occlusion"": ""无遮挡，清晰可见。""}, {""location"": ""右侧地面"", ""content"": ""铺设着蓝灰黑相间的条纹方块地毯。"", ""space"": ""水平地面，向画面深处延伸，空间开阔。"", ""occlusion"": ""无遮挡，清晰可见。""}, {""location"": ""顶部"", ""content"": ""木质格栅吊顶，呈平行排列。"", ""space"": ""顶部空间，与墙面垂直。"", ""occlusion"": ""无遮挡，清晰可见。""}, {""location"": ""中景走廊"", ""content"": ""走廊延伸处的玻璃门及内部空间。"", ""space"": ""通道区域，连接前后空间。"", ""occlusion"": ""部分被前景玻璃隔断遮挡。""}]","[""办公楼"", ""走廊"", ""玻璃墙"", ""地毯"", ""室内装修"", ""商业空间""]","[""右下角有小红书水印及文字，可能干扰该区域的编辑。"", ""玻璃表面有反光，可能影响对内部细节的编辑。""]",unreviewed,"{""relative_uri"": ""demiwtg/collect/datasets/images.lance"", ""version"": 5, ""sha256"": ""0029bd6ec7d053f30aa7a621d2b1c8bd9a49d1dbd075c46dbda74d664386bc0e"", ""column"": ""data""}"
56,0029c89278ef898188380826897ed74f4d9a64ff13f2dd859f16ee94d917f7ad,"[""莲雾""]",1079,1366,photo,"[""植物特写"", ""热带植物"", ""自然植被""]","[""近景"", ""斜俯视""]",特写镜头下的莲雾花序，包含盛开的白色丝状花朵、多个圆球状花蕾及幼果，背景为深绿色叶片。,图像清晰展示了莲雾花与幼果的自然生长状态，主体明确，符合来源概念，且具备可编辑的视觉区域。,"[{""location"": ""画面中央"", ""content"": ""盛开的莲雾花，具有大量白色细长雄蕊和淡黄色花心。"", ""space"": ""占据画面核心位置，周围环绕着花蕾。"", ""occlusion"": ""无明显遮挡，细节清晰。""}, {""location"": ""画面下方及右侧"", ""content"": ""多个圆球状的白色花蕾和浅绿色幼果。"", ""space"": ""分布在主花下方，部分果实相互重叠。"", ""occlusion"": ""部分花蕾被前景的花丝轻微遮挡。""}, {""location"": ""背景区域"", ""content"": ""深绿色的莲雾叶片，叶脉清晰可见。"", ""space"": ""作为背景填充，衬托前景的花果。"", ""occlusion"": ""部分叶片被前景的花序遮挡。""}]","[""花卉"", ""果实"", ""植物"", ""自然"", ""热带植物""]","[""背景叶片较暗，细节略少"", ""花丝结构复杂，精细编辑难度较高""]",unreviewed,"{""relative_uri"": ""demiwtg/collect/datasets/images.lance"", ""version"": 5, ""sha256"": ""0029c89278ef898188380826897ed74f4d9a64ff13f2dd859f16ee94d917f7ad"", ""column"": ""data""}"
57,002a8a75ec195267afb09cba4f753324cabf408ffc6324215f7f8e7d6d60c4d3,"[""兰博基尼Huracan""]",1080,1434,photo,"[""跑车"", ""山地公路"", ""自然景观""]","[""斜俯视"", ""全景""]",一辆银灰色兰博基尼Huracan跑车行驶在蜿蜒的山间柏油公路上，背景是红褐色岩石山脉和阴沉的天空。,图像清晰展示了兰博基尼Huracan在山地公路行驶的场景，主体明确，透视与结构完整，符合保留条件。,"[{""location"": ""画面中央"", ""content"": ""银灰色兰博基尼Huracan跑车，可见车头、侧面及车轮"", ""space"": ""占据道路中央，车身周围有路面空间"", ""occlusion"": ""无遮挡""}, {""location"": ""画面下方"", ""content"": ""深灰色柏油路面，带有白色车道线"", ""space"": ""宽阔路面，车辆行驶其上"", ""occlusion"": ""无遮挡""}, {""location"": ""画面背景"", ""content"": ""红褐色岩石山脉与远处雪山"", ""space"": ""占据画面上半部分，作为远景"", ""occlusion"": ""无遮挡""}]","[""跑车"", ""公路"", ""山脉"", ""户外"", ""车辆""]",[],unreviewed,"{""relative_uri"": ""demiwtg/collect/datasets/images.lance"", ""version"": 5, ""sha256"": ""002a8a75ec195267afb09cba4f753324cabf408ffc6324215f7f8e7d6d60c4d3"", ""column"": ""data""}"
58,002c3b648fa017beaae35f4b3ae403bdecc0c798793ae8ac06d0e0aec5b14c49,"[""通用固定器""]",1667,1667,diagram,"[""汽车车顶"", ""安装示意图""]","[""侧面"", ""近景""]",一张展示汽车车顶纵杆安装方式的示意图，分为上下两部分，分别描绘了贴顶一体式和悬空式纵杆车型，并标注了纵杆凹槽挂点细节。,图像为清晰的产品安装示意图，展示了两种车顶纵杆结构，纵杆区域清晰可见且具备明确的物理尺度，符合编辑初态要求。,"[{""location"": ""上半部分车顶"", ""content"": ""贴顶一体式橙色纵杆，紧贴车顶表面"", ""space"": ""纵杆位于车顶上方，下方为车顶金属表面"", ""occlusion"": ""无遮挡，线条清晰""}, {""location"": ""下半部分车顶"", ""content"": ""悬空式橙色纵杆，通过支架与车顶分离"", ""space"": ""纵杆与车顶之间留有可见的空隙"", ""occlusion"": ""无遮挡，结构可见""}, {""location"": ""右上角"", ""content"": ""纵杆横截面示意图，显示凹槽结构"", ""space"": ""独立于主图的说明区域"", ""occlusion"": ""无遮挡""}]","[""车顶行李架"", ""汽车改装"", ""车顶箱"", ""自行车架"", ""纵杆""]","[""图像包含较多说明性文字和标注，可能干扰对纯场景的感知"", ""示意图风格，非真实照片，光影和材质细节较少""]",unreviewed,"{""relative_uri"": ""demiwtg/collect/datasets/images.lance"", ""version"": 5, ""sha256"": ""002c3b648fa017beaae35f4b3ae403bdecc0c798793ae8ac06d0e0aec5b14c49"", ""column"": ""data""}"
59,002c5051d3a07d1d3924c893e37bdd0556c5c4e542e5fd8da5a98a99c877de02,"[""社区服务中心""]",2048,1178,photo,"[""社区服务建筑"", ""公共空间"", ""居民生活场景""]","[""正面"", ""全景"", ""平视""]",深圳市光明区光明新村社区综合服务中心建筑外观，红色门头与玻璃幕墙，门前有宣传展板及花篮。,图像清晰展示了社区服务中心建筑外观，场景连贯，具备可编辑的招牌、入口及广场区域，符合保留条件。,"[{""location"": ""画面上部"", ""content"": ""白底红字的“深圳市光明区光明新村社区综合服务中心”招牌及橙色装饰条"", ""space"": ""占据建筑顶部横向空间，背景为高层住宅楼"", ""occlusion"": ""无遮挡""}, {""location"": ""画面中部"", ""content"": ""红色门廊结构，包含玻璃推拉门及两侧立柱"", ""space"": ""建筑主入口区域，地面铺设红地毯，有人员进出"", ""occlusion"": ""部分被门口站立的人物遮挡""}, {""location"": ""画面左下"", ""content"": ""一排竖立的宣传展板，印有图文信息"", ""space"": ""位于建筑左侧台阶前，占据部分前景空间"", ""occlusion"": ""无遮挡""}, {""location"": ""画面底部"", ""content"": ""灰色石材台阶及低矮绿化灌木"", ""space"": ""建筑前的公共活动区域，地面平整"", ""occlusion"": ""无遮挡""}]","[""建筑外观"", ""门头招牌"", ""玻璃幕墙"", ""公共广场"", ""宣传展板"", ""社区设施""]","[""右下角存在“深圳新闻网”水印"", ""门口有行人及花篮，对入口区域有一定遮挡""]",unreviewed,"{""relative_uri"": ""demiwtg/collect/datasets/images.lance"", ""version"": 5, ""sha256"": ""002c5051d3a07d1d3924c893e37bdd0556c5c4e542e5fd8da5a98a99c877de02"", ""column"": ""data""}"
60,002d2859a0e75885ffd1a1e80cef8738618325fe66906b9a6976ee5efe9d9450,"[""亚高山冷杉针叶"", ""高山植被""]",2500,1276,photo,"[""森林景观"", ""自然环境"", ""庭院公园""]","[""斜俯视"", ""全景""]",高山环境下的针叶林景观，前景为密集的南洋杉，背景可见白色网格状穹顶建筑及现代木质结构。,图像清晰展示了高山针叶林与建筑景观，场景连贯，具备可编辑的植被与建筑区域。,"[{""location"": ""画面前景及中景"", ""content"": ""密集的南洋杉（诺福克松）针叶林，树干笔直，枝叶呈层状分布。"", ""space"": ""树木占据大部分画面，林下可见绿色草地，空间被植被密集填充。"", ""occlusion"": ""前景树木遮挡了部分中景建筑及地面细节。""}, {""location"": ""画面中上部"", ""content"": ""白色网格状穹顶结构，具有明显的几何纹理。"", ""space"": ""位于树林后方，部分被树冠遮挡，占据背景上方空间。"", ""occlusion"": ""被前景的针叶树枝干部分遮挡。""}, {""location"": ""画面右侧"", ""content"": ""现代建筑局部，包含深色木质墙面、玻璃栏杆及白色墙体。"", ""space"": ""位于画面右边缘，与树林相邻，部分结构延伸至画面外。"", ""occlusion"": ""右侧边缘被裁切，部分被前景树枝遮挡。""}, {""location"": ""画面中右侧"", ""content"": ""木质露台或走廊，上方有深色平顶雨棚。"", ""space"": ""位于树林与右侧建筑之间，地面铺设木板，空间相对开阔。"", ""occlusion"": ""被周围树木部分遮挡，透视角度较远。""}]","[""针叶树"", ""森林"", ""高山植被"", ""建筑景观"", ""自然环境""]","[""前景树木密度较高，遮挡了部分中景地面和建筑细节。"", ""拍摄距离较远，局部细节（如地面纹理）不够清晰。""]",unreviewed,"{""relative_uri"": ""demiwtg/collect/datasets/images.lance"", ""version"": 5, ""sha256"": ""002d2859a0e75885ffd1a1e80cef8738618325fe66906b9a6976ee5efe9d9450"", ""column"": ""data""}"
61,002d65993d9deeb5f9bd6add5e8199bb4aadcbf56ac6e7cb1809c1d7db1baed7,"[""索诺兰沙漠""]",1920,1080,photo,"[""沙漠植被"", ""山脉地形"", ""天空""]","[""全景"", ""平视""]",日落时分的索诺兰沙漠景观，前景为岩石与灌木，中景分布着高大的巨人柱仙人掌，背景是连绵的山脉与绚丽的晚霞。,图像清晰展示了索诺兰沙漠的典型地貌，包含前景岩石、中景仙人掌与远景山脉，场景连贯且具备多个可编辑区域。,"[{""location"": ""画面底部前景"", ""content"": ""红褐色岩石与稀疏的沙漠灌木"", ""space"": ""地面区域，散布着石块和植被，具有明显的透视感"", ""occlusion"": ""无遮挡，清晰可见""}, {""location"": ""画面中景"", ""content"": ""多株高大的巨人柱仙人掌及低矮灌木"", ""space"": ""开阔的沙漠平地，植被分布不均，留有大量空隙"", ""occlusion"": ""无遮挡，主体清晰""}, {""location"": ""画面远景"", ""content"": ""连绵起伏的山脉轮廓"", ""space"": ""地平线位置，作为背景层"", ""occlusion"": ""无遮挡，轮廓清晰""}, {""location"": ""画面上部"", ""content"": ""色彩斑斓的晚霞云层"", ""space"": ""占据画面上半部分，云层纹理丰富"", ""occlusion"": ""无遮挡""}]","[""沙漠"", ""仙人掌"", ""山脉"", ""岩石"", ""自然景观"", ""黄昏""]",[],unreviewed,"{""relative_uri"": ""demiwtg/collect/datasets/images.lance"", ""version"": 5, ""sha256"": ""002d65993d9deeb5f9bd6add5e8199bb4aadcbf56ac6e7cb1809c1d7db1baed7"", ""column"": ""data""}"
62,002dec2146ba347fb76057ab54fb2de4f68275ec91c4a43d73a1a298091117f2,"[""领事馆大楼""]",1920,1080,photo,"[""政府建筑"", ""城市环境"", ""公共空间""]","[""正面"", ""全景"", ""平视""]",一张展示两层殖民风格建筑正面的照片，建筑拥有白色立柱、拱形门廊和瓦片屋顶，前方设有白色铁艺围栏，两侧有茂密树木遮挡。,图像清晰展示了一座具有殖民风格的政府或公共建筑外观，结构完整，透视清晰，符合“领事馆大楼”及“政府建筑”的视觉特征，具备作为编辑底图的实用价值。,"[{""location"": ""画面中央建筑主体"", ""content"": ""两层楼高的米色石材外墙，包含四根白色方形立柱、二楼栏杆及深色门窗洞口。"", ""space"": ""建筑立面占据画面中心，结构清晰，立柱间有明确的垂直空间。"", ""occlusion"": ""左右两侧被树枝部分遮挡，但核心立面结构完整可见。""}, {""location"": ""画面前景底部"", ""content"": ""白色铁艺围栏，带有装饰性花纹和石柱，石柱上装有黑色路灯。"", ""space"": ""围栏横贯画面底部，将建筑与观察者隔开，形成前景层次。"", ""occlusion"": ""无遮挡，完整可见。""}, {""location"": ""画面顶部"", ""content"": ""灰瓦坡屋顶，中央有一个带绿色百叶窗的小老虎窗。"", ""space"": ""屋顶位于建筑最上方，占据画面上部空间。"", ""occlusion"": ""部分被上方树枝遮挡。""}]","[""建筑"", ""外墙"", ""围栏"", ""立柱"", ""屋顶"", ""树木""]","[""两侧树木枝叶对建筑边缘有一定遮挡"", ""建筑内部空间不可见""]",unreviewed,"{""relative_uri"": ""demiwtg/collect/datasets/images.lance"", ""version"": 5, ""sha256"": ""002dec2146ba347fb76057ab54fb2de4f68275ec91c4a43d73a1a298091117f2"", ""column"": ""data""}"
63,002e4bcae9e4be71991c4e81616d23f33455a71b0392fa6e5ac0fe0fac6f5062,"[""喂饭""]",2000,2000,illustration,"[""家庭用餐"", ""育儿照护"", ""室内场景""]","[""正面"", ""平视"", ""中景""]",卡通风格插画，描绘了一位女性正在用勺子喂坐在绿色高脚椅上的幼儿吃饭，桌上放有牛奶罐和盛有水果的盘子。,画面清晰展示了喂饭场景，包含明确的餐桌、人物及餐具，符合来源概念且具备可编辑区域。,"[{""location"": ""画面下方"", ""content"": ""棕色木质桌面，上面放置着装有红色水果的浅色盘子和一个印有“牛奶”字样的罐子。"", ""space"": ""桌面前景区域，除盘子和罐子外，左右两侧留有明显的空白空间。"", ""occlusion"": ""无遮挡，完整可见。""}, {""location"": ""画面左侧"", ""content"": ""绿色的儿童高脚餐椅，幼儿坐在其中，身穿黄色上衣。"", ""space"": ""餐椅占据左侧中景，椅背和扶手清晰可见。"", ""occlusion"": ""幼儿身体遮挡了餐椅座面部分。""}, {""location"": ""画面中央"", ""content"": ""女性手持紫色碗和勺子，正在向幼儿喂食。"", ""space"": ""人物动作区域，连接了右侧的喂食者与左侧的受食者。"", ""occlusion"": ""无遮挡。""}, {""location"": ""画面背景"", ""content"": ""纯白色背景。"", ""space"": ""人物和家具后方的大面积留白区域。"", ""occlusion"": ""无遮挡。""}]","[""餐桌"", ""餐具"", ""儿童餐椅"", ""食物"", ""家庭"", ""育儿""]","[""背景为纯白，缺乏环境细节，若需特定室内背景需进行替换或添加。""]",unreviewed,"{""relative_uri"": ""demiwtg/collect/datasets/images.lance"", ""version"": 5, ""sha256"": ""002e4bcae9e4be71991c4e81616d23f33455a71b0392fa6e5ac0fe0fac6f5062"", ""column"": ""data""}"
64,002ec4eab1b1bde4e1045c75ef85954496613218ee1f5f10b25c367412c06f14,"[""织女星运载火箭""]",1065,1262,render,"[""航天器"", ""太空环境""]","[""斜俯视"", ""全景""]",一枚带有Ares和Vega-C标识的白色运载火箭正在太空中飞行，背景是地球弧线和黑色宇宙空间，火箭尾部喷射出明亮的火焰。,图像清晰展示了运载火箭在太空中飞行的场景，主体完整，背景连贯，符合保留条件。,"[{""location"": ""画面中央"", ""content"": ""白色圆柱形火箭主体，表面印有Ares、Vega-C、Avio和Esa等标识及多国国旗图案。"", ""space"": ""占据画面主要对角线位置，周围是黑色太空背景。"", ""occlusion"": ""无遮挡，结构完整可见。""}, {""location"": ""画面左下角"", ""content"": ""火箭尾部喷射出的明亮黄色/白色火焰尾迹。"", ""space"": ""从火箭底部延伸出画面边缘。"", ""occlusion"": ""无遮挡。""}, {""location"": ""画面背景"", ""content"": ""深蓝色的地球表面，可见云层和海洋纹理，呈现弧形边缘。"", ""space"": ""作为背景填充火箭周围的大部分空间。"", ""occlusion"": ""无遮挡。""}]","[""运载火箭"", ""航天器"", ""太空"", ""地球"", ""发射""]",[],unreviewed,"{""relative_uri"": ""demiwtg/collect/datasets/images.lance"", ""version"": 5, ""sha256"": ""002ec4eab1b1bde4e1045c75ef85954496613218ee1f5f10b25c367412c06f14"", ""column"": ""data""}"
65,002ef18cf933ce9e48d244d550b3f9e3e5c3ea3018d8fa46be69f5b5885435ec,"[""兰州黄河母亲""]",1280,1706,photo,"[""公共空间"", ""文化遗址""]","[""全景"", ""斜俯视""]",兰州黄河母亲石雕，一位母亲与婴儿侧卧于波浪之上，背景为蓝天与远山，上方有“兰州”字样。,图像清晰展示了兰州黄河母亲雕塑，场景连贯，主体与背景结构完整，符合保留条件。,"[{""location"": ""画面中下部"", ""content"": ""巨大的红砂岩材质雕塑，呈现母亲与婴儿侧卧姿态，表面有波浪纹理。"", ""space"": ""占据画面主要位置，作为核心视觉主体。"", ""occlusion"": ""无遮挡，完整可见。""}, {""location"": ""画面上部"", ""content"": ""纯净的蓝色天空，叠加有白色“兰州”及“LANZHOU”文字。"", ""space"": ""占据画面上半部分，作为背景。"", ""occlusion"": ""无遮挡。""}, {""location"": ""画面中景"", ""content"": ""远处的山峦轮廓及稀疏的植被。"", ""space"": ""位于雕塑后方，作为远景背景。"", ""occlusion"": ""无遮挡。""}, {""location"": ""画面底部"", ""content"": ""绿色的灌木丛与红色花卉。"", ""space"": ""位于雕塑基座前方，作为前景。"", ""occlusion"": ""无遮挡。""}]","[""雕塑"", ""地标"", ""户外"", ""文化"", ""石刻""]","[""画面上方叠加了明显的文字标题，可能干扰对天空区域的编辑。""]",unreviewed,"{""relative_uri"": ""demiwtg/collect/datasets/images.lance"", ""version"": 5, ""sha256"": ""002ef18cf933ce9e48d244d550b3f9e3e5c3ea3018d8fa46be69f5b5885435ec"", ""column"": ""data""}"
66,0030ad7c9fc14437f7fd8c8970bb2ef32c3a4afbb6a7dc460c64a34f22cd5c45,"[""埃及费昂斯釉陶""]",3487,2325,photo,"[""文物展览"", ""博物馆"", ""陶器残片""]","[""俯视"", ""近景""]",黑色展台上平铺着三块带有蓝绿色釉面的古代陶片，釉面有剥落和裂纹，呈现出明显的费昂斯工艺特征。,图像清晰展示了三块带有典型蓝绿色釉面的陶片，符合埃及费昂斯釉陶的视觉特征，且背景平整，具备作为编辑初态的实用尺度。,"[{""location"": ""画面左侧"", ""content"": ""一块较大的长方形陶片，表面覆盖蓝绿色釉，可见白色线条勾勒的图案及剥落痕迹。"", ""space"": ""平铺于黑色背景上，周围留有充足空间。"", ""occlusion"": ""无遮挡，边缘有自然破损。""}, {""location"": ""画面中央"", ""content"": ""一块三角形陶片，釉面呈蓝绿色，带有明显的裂纹和白色斑点。"", ""space"": ""位于两块陶片之间，平铺于黑色背景。"", ""occlusion"": ""无遮挡。""}, {""location"": ""画面右侧"", ""content"": ""两块较小的陶片，其中一块带有弧形边缘，釉面颜色较浅，有白色纹饰。"", ""space"": ""平铺于黑色背景右侧。"", ""occlusion"": ""无遮挡。""}, {""location"": ""背景区域"", ""content"": ""黑色平整的展示台表面，上方可见部分米色墙面。"", ""space"": ""作为承载物，表面平整，无杂物。"", ""occlusion"": ""无遮挡。""}]","[""陶片"", ""文物"", ""费昂斯"", ""釉陶"", ""考古"", ""博物馆""]","[""陶片表面存在自然风化、剥落和裂纹，编辑时需考虑纹理的连续性。"", ""背景为单一黑色，缺乏环境参照物。""]",unreviewed,"{""relative_uri"": ""demiwtg/collect/datasets/images.lance"", ""version"": 5, ""sha256"": ""0030ad7c9fc14437f7fd8c8970bb2ef32c3a4afbb6a7dc460c64a34f22cd5c45"", ""column"": ""data""}"
67,0031317bebb42e74a12b7abfd7c1636abd5ee93af0c0624b5b2598b0ebd5809a,"[""皮卡挡风玻璃""]",1920,1080,photo,"[""户外越野"", ""车辆"", ""河滩""]","[""斜俯视"", ""全景""]",一辆红色Jeep Gladiator皮卡停在碎石河滩上，车斗装载皮划艇，挡风玻璃清晰可见。,图像清晰展示了红色皮卡（Jeep Gladiator）及其挡风玻璃区域，场景连贯，符合来源概念。,"[{""location"": ""画面中下方，车辆前部"", ""content"": ""红色皮卡的前挡风玻璃，玻璃表面有反光，透过玻璃可见车内驾驶员及内饰轮廓。"", ""space"": ""玻璃表面平整，占据车头上方区域，是车辆前部的主要视觉界面。"", ""occlusion"": ""无遮挡，视野清晰。""}, {""location"": ""画面左侧，车辆后部"", ""content"": ""皮卡货斗，装载着绿色和橙色的皮划艇。"", ""space"": ""货斗空间被皮划艇占据，皮划艇横向放置。"", ""occlusion"": ""无遮挡。""}, {""location"": ""画面背景及周围"", ""content"": ""碎石河滩地面，远处有溪流和树林。"", ""space"": ""开阔的碎石地面，车辆周围有充足的空间。"", ""occlusion"": ""无遮挡。""}]","[""汽车"", ""皮卡"", ""挡风玻璃"", ""户外"", ""越野"", ""车辆配件""]",[],unreviewed,"{""relative_uri"": ""demiwtg/collect/datasets/images.lance"", ""version"": 5, ""sha256"": ""0031317bebb42e74a12b7abfd7c1636abd5ee93af0c0624b5b2598b0ebd5809a"", ""column"": ""data""}"
68,00314fbe8c1eec93bce0554c15251a682495f8b907835fe38b79d7b97a17f217,"[""铁板牛排""]",2592,3872,photo,"[""餐饮场景"", ""餐厅环境""]","[""斜俯视"", ""近景""]",黑色铁板上盛放着一块煎牛排，配有煎蛋、西兰花、意面及胡萝卜花，背景可见酱汁壶和汤碗。,图像清晰展示了铁板牛排及配菜，场景连贯，关键结构可辨，符合保留条件。,"[{""location"": ""画面中央"", ""content"": ""黑色圆形铁板，表面有纹理，盛放着牛排、煎蛋、西兰花和意面。"", ""space"": ""铁板内部被食物占据，边缘有少量空隙。"", ""occlusion"": ""无遮挡。""}, {""location"": ""铁板左下方"", ""content"": ""一块煎至焦褐色的牛排，表面有油光和调料颗粒。"", ""space"": ""占据铁板约三分之一面积。"", ""occlusion"": ""无遮挡。""}, {""location"": ""铁板右上方"", ""content"": ""一盘卷曲的意面，旁边有绿色蔬菜和红色胡萝卜花装饰。"", ""space"": ""占据铁板右侧区域。"", ""occlusion"": ""无遮挡。""}, {""location"": ""画面左上角"", ""content"": ""一个银色金属酱汁壶，内装棕色酱汁。"", ""space"": ""位于铁板后方，部分被裁切。"", ""occlusion"": ""壶身部分可见。""}]","[""牛排"", ""铁板"", ""西餐"", ""配菜"", ""酱汁"", ""餐桌""]","[""背景物体（如酒瓶）部分被裁切。""]",unreviewed,"{""relative_uri"": ""demiwtg/collect/datasets/images.lance"", ""version"": 5, ""sha256"": ""00314fbe8c1eec93bce0554c15251a682495f8b907835fe38b79d7b97a17f217"", ""column"": ""data""}"
69,0031e259e81ce9d551a5ac9e59628422f03affdde5daeff586bff150988c4e28,"[""冰球训练""]",1618,1079,photo,"[""冰球场地"", ""战术讲解"", ""运动装备""]","[""近景"", ""平视""]",两名身穿中国队队服的人员在冰面上，右侧教练手持战术板与记号笔进行讲解，左侧队员手持球杆聆听。,图像清晰展示了冰球训练场景，包含战术板、冰面背景及装备，关键结构可辨，符合保留条件。,"[{""location"": ""画面右侧"", ""content"": ""白色冰球战术板，表面印有红色场地线条及蓝色标记点"", ""space"": ""被教练左手持握，占据右侧前景，板面平整"", ""occlusion"": ""无遮挡""}, {""location"": ""画面左侧"", ""content"": ""黑色冰球球杆杆身及红黑配色手套"", ""space"": ""被左侧队员持握，位于身体前方"", ""occlusion"": ""无遮挡""}, {""location"": ""画面背景"", ""content"": ""白色冰面，带有模糊的红色痕迹"", ""space"": ""作为地面背景，延伸至画面边缘"", ""occlusion"": ""无遮挡""}]","[""战术板"", ""冰球杆"", ""冰面"", ""运动服"", ""手套""]","[""人物面部清晰，涉及隐私"", ""战术板上的具体战术细节较小""]",unreviewed,"{""relative_uri"": ""demiwtg/collect/datasets/images.lance"", ""version"": 5, ""sha256"": ""0031e259e81ce9d551a5ac9e59628422f03affdde5daeff586bff150988c4e28"", ""column"": ""data""}"
70,0033c60fb22ead6020c1b401ef843b2b612ecb47cbeedf37f80d3e8155a21fd9,"[""何园""]",1621,1080,photo,"[""中式园林"", ""庭院环境"", ""自然景观""]","[""全景"", ""平视""]",一张中式园林庭院照片，前景为修剪整齐的灌木花坛与碎石小径，中景有木拱桥、假山石及装饰性铁桶，背景为白墙黛瓦的园林建筑与月洞门。,图像清晰展示了中式园林庭院场景，包含建筑、植物、铺装及装饰物，结构完整且透视清晰，符合保留条件。,"[{""location"": ""画面前景下方"", ""content"": ""修剪成球形的绿色灌木、低矮花卉及边缘的碎石带"", ""space"": ""花坛区域，植物茂密，边缘有白色碎石带界定"", ""occlusion"": ""无明显遮挡，视野开阔""}, {""location"": ""画面中景中央"", ""content"": ""一座小型木质拱桥，旁边有假山石和生锈的铁桶装饰"", ""space"": ""位于植物丛中，周围有灌木和花卉环绕"", ""occlusion"": ""部分被前景植物轻微遮挡""}, {""location"": ""画面背景"", ""content"": ""白墙黑瓦的园林建筑，带有漏窗和月洞门，墙上有匾额"", ""space"": ""建筑立面，墙面平整，门窗结构清晰"", ""occlusion"": ""部分被树木枝叶遮挡""}, {""location"": ""画面右侧"", ""content"": ""铺设整齐的石板路面，延伸至月洞门"", ""space"": ""通道区域，路面平整，无杂物"", ""occlusion"": ""无明显遮挡""}]","[""园林"", ""庭院"", ""建筑"", ""植物"", ""景观"", ""文化场所""]",[],unreviewed,"{""relative_uri"": ""demiwtg/collect/datasets/images.lance"", ""version"": 5, ""sha256"": ""0033c60fb22ead6020c1b401ef843b2b612ecb47cbeedf37f80d3e8155a21fd9"", ""column"": ""data""}"
71,003408293b12630c911e0705d33404054ad9f7553f46a75b8b186195e8454ccb,"[""放大镜台灯""]",1383,1500,photo,"[""办公用品"", ""照明设备""]","[""斜俯视"", ""近景""]",白色放大镜台灯，带有圆形底座、可弯曲支架、环形灯头及翻盖，置于白色背景中。,图像清晰展示了放大镜台灯的整体结构，主体完整且无遮挡，符合保留条件。,"[{""location"": ""画面左上方"", ""content"": ""圆形灯头，包含透明放大镜镜片和白色翻盖"", ""space"": ""灯头下方为开放空间，翻盖处于开启状态"", ""occlusion"": ""无遮挡""}, {""location"": ""画面右侧"", ""content"": ""白色波纹状可弯曲支架"", ""space"": ""连接底座与灯头，占据垂直空间"", ""occlusion"": ""无遮挡""}, {""location"": ""画面右下方"", ""content"": ""白色方形底座，表面有黑色圆形按钮"", ""space"": ""底座表面平整，占据前景位置"", ""occlusion"": ""无遮挡""}]","[""台灯"", ""放大镜"", ""桌面设备"", ""照明工具""]","[""背景为纯白，缺乏环境参照物""]",unreviewed,"{""relative_uri"": ""demiwtg/collect/datasets/images.lance"", ""version"": 5, ""sha256"": ""003408293b12630c911e0705d33404054ad9f7553f46a75b8b186195e8454ccb"", ""column"": ""data""}"
72,00346ed3b579de6e3db391aa31ffb4de42fd26f8252ee5afcfd10b8aecfc9e4c,"[""赛马场""]",2270,1280,photo,"[""赛马场"", ""体育场所"", ""户外场地""]","[""俯视"", ""全景""]",航拍视角下的赛马场，包含环形跑道、看台建筑及周边农田与道路。,图像清晰展示了赛马场全景，包含跑道、看台及周边环境，场景连贯且关键结构可辨，符合保留条件。,"[{""location"": ""画面中央"", ""content"": ""环形土质跑道及内部草地"", ""space"": ""跑道呈闭合环形，内部为草地，跑道外侧有围栏"", ""occlusion"": ""无遮挡""}, {""location"": ""画面左侧"", ""content"": ""看台建筑"", ""space"": ""位于跑道旁，呈长条形，有红色屋顶"", ""occlusion"": ""无遮挡""}, {""location"": ""画面右侧"", ""content"": ""道路与农田"", ""space"": ""道路沿跑道延伸，右侧为成排种植的农田"", ""occlusion"": ""无遮挡""}, {""location"": ""画面左下角"", ""content"": ""附属建筑"", ""space"": ""位于跑道外侧，为低矮的长条形建筑"", ""occlusion"": ""无遮挡""}]","[""赛马"", ""跑道"", ""看台"", ""体育设施"", ""户外场地"", ""农业环境""]",[],unreviewed,"{""relative_uri"": ""demiwtg/collect/datasets/images.lance"", ""version"": 5, ""sha256"": ""00346ed3b579de6e3db391aa31ffb4de42fd26f8252ee5afcfd10b8aecfc9e4c"", ""column"": ""data""}"
73,0034cda5f9b657009751e1e59df4c81f40862340e73f9b7d4c45cb1ab8a0e8b1,"[""水稻"", ""水稻田""]",1620,2880,photo,"[""农田"", ""自然环境"", ""稻作区域""]","[""近景"", ""全景"", ""平视""]",晴朗天气下的金黄色水稻田，前景为特写稻穗，背景是连绵的绿色山丘与蓝天。,图像清晰展示了成熟的水稻田场景，前景稻穗细节丰富，中远景层次分明，符合来源概念且具备编辑潜力。,"[{""location"": ""画面前景"", ""content"": ""密集的金黄色稻穗与绿色稻叶，颗粒饱满，纹理清晰。"", ""space"": ""占据画面下半部分，植物生长茂密，无大面积裸露地面。"", ""occlusion"": ""无遮挡，部分稻穗因景深效果略微虚化。""}, {""location"": ""画面中景"", ""content"": ""广阔的金黄色稻田，延伸至地平线。"", ""space"": ""平坦开阔的农田区域，视野通透。"", ""occlusion"": ""无遮挡。""}, {""location"": ""画面远景"", ""content"": ""起伏的绿色山丘，植被覆盖均匀。"", ""space"": ""位于稻田后方，作为背景存在。"", ""occlusion"": ""无遮挡。""}, {""location"": ""画面上方"", ""content"": ""湛蓝的天空，点缀着少量白云。"", ""space"": ""占据画面上部约三分之一，空间开阔。"", ""occlusion"": ""无遮挡。""}]","[""农作物"", ""田野"", ""自然景观"", ""山丘"", ""天空"", ""丰收""]","[""前景稻穗密度极高，若需添加物体需考虑遮挡关系。""]",unreviewed,"{""relative_uri"": ""demiwtg/collect/datasets/images.lance"", ""version"": 5, ""sha256"": ""0034cda5f9b657009751e1e59df4c81f40862340e73f9b7d4c45cb1ab8a0e8b1"", ""column"": ""data""}"
74,0034cf11474a2d02e480e08d2f57e17eb778a201f0e753edfb5649d15bec5e93,"[""成都宽窄巷子"", ""金沙遗址太阳神鸟金饰""]",4032,3024,photo,"[""传统室内陈设"", ""木雕工艺品"", ""历史建筑内部""]","[""斜俯视"", ""近景""]",传统中式室内一角，前景长木案上放置着一尊木雕瑞兽，后方石台上摆放着黄色漆器托盘，背景可见木架、木椅及“贵重商品 请勿触摸”的提示牌。,图像展示了具有清晰透视和连贯空间的传统室内场景，前景的长木案和石台提供了明确、可定位且具有实用尺度的编辑区域。,"[{""location"": ""前景长木案左侧"", ""content"": ""风化严重的深色木质表面，可见木纹与磨损痕迹"", ""space"": ""大面积平整空位，仅被提示牌占据极小一角"", ""occlusion"": ""无遮挡，边缘清晰""}, {""location"": ""中景石台"", ""content"": ""粗糙的灰色石质表面，上方放置黄色漆器"", ""space"": ""石台边缘及漆器周围有少量空隙"", ""occlusion"": ""被漆器部分遮挡""}, {""location"": ""前景长木案右侧"", ""content"": ""深褐色木雕瑞兽，表面有光泽"", ""space"": ""占据案面右侧大部分空间"", ""occlusion"": ""无遮挡，主体完整""}, {""location"": ""背景左侧木架"", ""content"": ""深色木质层架，陈列着其他工艺品"", ""space"": ""层架空间被物品占据"", ""occlusion"": ""部分被前景物体遮挡""}]","[""长案"", ""石台"", ""木雕"", ""漆器"", ""室内陈设"", ""博物馆""]","[""前景瑞兽占据较大空间，限制了右侧编辑区域"", ""背景光线较暗，细节辨识度略低""]",unreviewed,"{""relative_uri"": ""demiwtg/collect/datasets/images.lance"", ""version"": 5, ""sha256"": ""0034cf11474a2d02e480e08d2f57e17eb778a201f0e753edfb5649d15bec5e93"", ""column"": ""data""}"
75,003547791fb6f82158cd56abd54beb5d1deb66711819b36483d19cd8dd42d16e,"[""哀悼基督（米开朗基罗）""]",6000,4000,photo,"[""宗教浮雕"", ""建筑外墙"", ""文化遗址""]","[""正面"", ""近景""]",红砖墙面上嵌有一块长方形的灰色石质浮雕，浮雕描绘了圣母玛利亚怀抱耶稣遗体的哀悼场景，左下角有一跪地祈祷的人物。,图像清晰展示了红砖墙面上的宗教浮雕，浮雕内容符合“哀悼基督”主题，且墙面与浮雕本身提供了清晰、连贯的编辑区域。,"[{""location"": ""画面中央"", ""content"": ""灰色石质浮雕，刻有圣母怀抱耶稣及跪地人物的形象，表面有风化痕迹。"", ""space"": ""浮雕嵌于墙内，四周有石质边框，浮雕内部为立体雕刻空间。"", ""occlusion"": ""无遮挡，浮雕边缘清晰可见。""}, {""location"": ""浮雕周围"", ""content"": ""红砖墙面，砖块排列整齐，颜色深浅不一，有水泥勾缝。"", ""space"": ""平整的垂直墙面，浮雕占据了中心位置，周围留有砖墙空间。"", ""occlusion"": ""无遮挡。""}]","[""宗教雕塑"", ""石质浮雕"", ""砖墙"", ""教堂建筑"", ""文化遗迹""]","[""浮雕表面风化严重，细节部分模糊"", ""浮雕为立体结构，非平面，编辑时需考虑光影与深度""]",unreviewed,"{""relative_uri"": ""demiwtg/collect/datasets/images.lance"", ""version"": 5, ""sha256"": ""003547791fb6f82158cd56abd54beb5d1deb66711819b36483d19cd8dd42d16e"", ""column"": ""data""}"
76,00358144b180589323af624d3a9fdba04e2adbae90d91ed06bee2203b92a7d57,"[""女王凤凰螺""]",1999,1876,photo,"[""贝壳标本"", ""静物摄影""]","[""侧面"", ""近景""]",一只女王凤凰螺标本，具有标志性的粉红色翼状结构，放置在浅灰色背景上。,图像清晰展示了女王凤凰螺的完整形态，主体明确，背景简洁，符合保留条件。,"[{""location"": ""画面中央"", ""content"": ""女王凤凰螺主体，包含米黄色螺塔和巨大的粉红色翼状结构"", ""space"": ""占据画面主要空间，底部接触平面"", ""occlusion"": ""无遮挡，完整可见""}, {""location"": ""画面底部"", ""content"": ""浅灰色平面，作为贝壳的支撑面"", ""space"": ""位于贝壳下方，可见贝壳投下的阴影"", ""occlusion"": ""无""}]","[""贝壳"", ""海洋生物"", ""标本"", ""静物"", ""女王凤凰螺""]",[],unreviewed,"{""relative_uri"": ""demiwtg/collect/datasets/images.lance"", ""version"": 5, ""sha256"": ""00358144b180589323af624d3a9fdba04e2adbae90d91ed06bee2203b92a7d57"", ""column"": ""data""}"
77,00360114ef70438be6f8fc520b1e5fbe15879f9e5ae412fedf12044ffc322787,"[""全息城市""]",1536,2048,render,"[""未来城市"", ""夜景"", ""科幻建筑""]","[""全景"", ""斜俯视""]",未来主义风格的夜景城市，多座摩天大楼带有蓝色全息光效，前景为带有光轨的河流与高架道路。,图像呈现了清晰、连贯的未来城市夜景，具有明确的透视关系和可编辑区域，符合保留条件。,"[{""location"": ""画面中上部"", ""content"": ""多座带有蓝色发光线条和全息网格效果的摩天大楼"", ""space"": ""占据画面主体，建筑之间有部分重叠，背景为深色夜空"", ""occlusion"": ""无明显遮挡，建筑轮廓清晰""}, {""location"": ""画面下方"", ""content"": ""蜿蜒的河流与高架道路，路面有明亮的蓝色光轨"", ""space"": ""前景区域，水面反射着城市灯光，道路两侧有树木"", ""occlusion"": ""无遮挡，光轨线条流畅""}, {""location"": ""画面底部中央"", ""content"": ""LibLibAI 水印及文字"", ""space"": ""位于前景水面区域"", ""occlusion"": ""覆盖在部分水面和光轨上""}]","[""城市天际线"", ""未来建筑"", ""夜景"", ""科幻场景"", ""全息投影"", ""高架桥""]","[""底部存在水印，可能影响该区域的编辑"", ""画面整体色调偏蓝，色彩空间较单一""]",unreviewed,"{""relative_uri"": ""demiwtg/collect/datasets/images.lance"", ""version"": 5, ""sha256"": ""00360114ef70438be6f8fc520b1e5fbe15879f9e5ae412fedf12044ffc322787"", ""column"": ""data""}"
78,003704648ad1b131268b0c898f4f3184b343c6a86931c23da16e9a0e93bcd00d,"[""革命广场""]",3648,2736,photo,"[""城市广场"", ""公共空间"", ""建筑景观""]","[""全景"", ""平视""]",黄昏时分的城市广场，背景为带有拱形窗户的砖石建筑，前景有行人、路灯杆和自行车。,图像展示了清晰的城市公共广场场景，具有连贯的建筑背景和开阔的地面空间，符合保留条件。,"[{""location"": ""画面下方及左侧"", ""content"": ""宽阔的铺装地面，表面平整，有路灯杆基座和停放的自行车。"", ""space"": ""大面积开放空间，除少量行人和设施外，大部分区域空旷。"", ""occlusion"": ""无明显遮挡，视野开阔。""}, {""location"": ""画面右侧及背景"", ""content"": ""长排砖石建筑，具有连续的拱形窗户和底层商铺，部分窗户透出灯光。"", ""space"": ""建筑立面占据背景，底层有商铺入口和少量行人。"", ""occlusion"": ""无遮挡，建筑轮廓清晰。""}, {""location"": ""画面中央"", ""content"": ""一根高耸的白色路灯杆，顶部装有多个监控或照明设备。"", ""space"": ""垂直占据画面中心，底部有自行车停放。"", ""occlusion"": ""无遮挡。""}, {""location"": ""画面中左侧"", ""content"": ""两名行人（一男一女）站在广场上，男子穿浅色外套，女子穿黑色长袍。"", ""space"": ""位于广场空地上，周围无遮挡。"", ""occlusion"": ""无遮挡。""}]","[""广场"", ""街道"", ""建筑"", ""路灯"", ""行人"", ""城市""]","[""光线较暗，为黄昏或夜间拍摄，部分细节可能不够清晰。"", ""画面中有行人和自行车，可能干扰某些编辑操作。""]",unreviewed,"{""relative_uri"": ""demiwtg/collect/datasets/images.lance"", ""version"": 5, ""sha256"": ""003704648ad1b131268b0c898f4f3184b343c6a86931c23da16e9a0e93bcd00d"", ""column"": ""data""}"
79,00384956b064a0bf5446949b136ec5f4a75e01453050e1a45dfa961486713b55,"[""江鳕""]",1728,1080,render,"[""岩石岸边"", ""垂钓展示"", ""鱼类特写""]","[""正面"", ""近景""]",一名戴帽子和墨镜的男子站在布满灰色岩石的岸边，双手横持一条体型巨大的黄褐色斑纹鱼（江鳕），背景可见绿色植被。,图像清晰展示了人物在岩石岸边手持大型鱼类的场景，鱼体特征符合江鳕（Cusk）的形态，且背景环境连贯，具备明确的编辑区域。,"[{""location"": ""画面中央"", ""content"": ""一条巨大的江鳕，体表呈黄褐色并带有深色斑纹，背鳍高耸，被人物双手托举。"", ""space"": ""占据画面核心位置，横向延伸，遮挡了人物躯干的大部分。"", ""occlusion"": ""鱼身遮挡了人物的胸部和腹部，鱼尾延伸至画面右侧边缘。""}, {""location"": ""画面中上部"", ""content"": ""一名男子的头部和肩部，戴着灰色棒球帽和蓝色边框墨镜，身穿黑色上衣。"", ""space"": ""位于鱼身后方，头部完整可见，身体被鱼身遮挡。"", ""occlusion"": ""躯干部分被前方的鱼身完全遮挡。""}, {""location"": ""画面背景及底部"", ""content"": ""大量不规则的灰色岩石堆叠，缝隙间生长着绿色杂草和灌木。"", ""space"": ""构成了场景的地面和背景，岩石表面纹理清晰，占据画面大部分面积。"", ""occlusion"": ""部分岩石被人物和鱼身遮挡。""}]","[""鱼类"", ""江鳕"", ""岩石"", ""户外"", ""人物"", ""垂钓""]","[""右下角存在游戏UI水印（截图已保存），可能干扰该区域的编辑。"", ""鱼身与人物接触的边缘略显生硬，具有明显的合成或渲染痕迹。""]",unreviewed,"{""relative_uri"": ""demiwtg/collect/datasets/images.lance"", ""version"": 5, ""sha256"": ""00384956b064a0bf5446949b136ec5f4a75e01453050e1a45dfa961486713b55"", ""column"": ""data""}"
80,003892383ce0bfbf4f5a79e283e2dc7cd736e22366dc6b27e1d4bbbc6a812c32,"[""高邮咸鸭蛋""]",1080,1440,photo,"[""饮食场景"", ""地方特色环境""]","[""斜俯视"", ""近景""]",木质桌面上摆放着两个高邮咸鸭蛋礼盒，后方立着印有地标图案的邮礼手提袋，右侧有一盆绿植。,图像清晰展示了高邮咸鸭蛋礼盒及手提袋，场景连贯，桌面空间充足，符合保留条件。,"[{""location"": ""画面下方"", ""content"": ""棕色木纹桌面"", ""space"": ""前景大面积留白，无遮挡"", ""occlusion"": ""无""}, {""location"": ""画面中下部"", ""content"": ""两个透明塑料包装的咸鸭蛋礼盒"", ""space"": ""占据桌面中心位置，并排摆放"", ""occlusion"": ""无""}, {""location"": ""画面左后方"", ""content"": ""印有高邮地标插画和“邮礼”字样的手提袋"", ""space"": ""竖立放置，占据左侧背景"", ""occlusion"": ""无""}, {""location"": ""画面右侧"", ""content"": ""白色纹理花盆及绿色植物"", ""space"": ""占据右侧边缘，部分叶片遮挡背景"", ""occlusion"": ""无""}]","[""食品"", ""礼盒"", ""桌面"", ""特产"", ""植物""]",[],unreviewed,"{""relative_uri"": ""demiwtg/collect/datasets/images.lance"", ""version"": 5, ""sha256"": ""003892383ce0bfbf4f5a79e283e2dc7cd736e22366dc6b27e1d4bbbc6a812c32"", ""column"": ""data""}"
81,003a465217decddfec516ba45ab92065ce6b9d264d3acd083b769d9e3a93b504,"[""八廓街""]",2016,1512,photo,"[""城市广场"", ""藏式建筑"", ""人文环境""]","[""斜俯视"", ""全景""]",一张高角度拍摄的广场照片，两侧为藏式传统建筑，地面铺设石板，许多身着藏族服饰及现代服装的行人正在行走，天空晴朗。,图像清晰展示了具有典型藏式建筑风格的广场场景，透视与结构完整，符合“八廓街”及城市景观的召回概念，且包含多个可编辑区域。,"[{""location"": ""画面中央及下方"", ""content"": ""灰色石板铺设的开阔广场地面"", ""space"": ""大面积开放空间，散布着行人、自行车及少量设施"", ""occlusion"": ""无遮挡，视野开阔""}, {""location"": ""画面左侧"", ""content"": ""多层藏式建筑，具有白色墙面、红色檐口及装饰性窗框"", ""space"": ""建筑立面及底层商铺空间"", ""occlusion"": ""部分底层被遮阳棚和行人遮挡""}, {""location"": ""画面右侧"", ""content"": ""建筑立面及木质结构设施"", ""space"": ""建筑边缘及路边空间"", ""occlusion"": ""部分被树木和行人遮挡""}, {""location"": ""画面中景"", ""content"": ""广场上的行人及设施（如转经筒、自行车）"", ""space"": ""动态空间，行人分布不均"", ""occlusion"": ""部分行人相互遮挡""}]","[""广场"", ""街道"", ""建筑"", ""人群"", ""旅游"", ""城市""]","[""画面中行人较多，可能干扰对地面或背景细节的编辑"", ""部分区域（如底层商铺内部）被遮挡，不可见""]",unreviewed,"{""relative_uri"": ""demiwtg/collect/datasets/images.lance"", ""version"": 5, ""sha256"": ""003a465217decddfec516ba45ab92065ce6b9d264d3acd083b769d9e3a93b504"", ""column"": ""data""}"
82,003ac2338a32e8b68a429b67934ebb3ec4c00e7b31561a743d26935b7720d947,"[""窗花""]",2048,1365,photo,"[""传统工艺场景"", ""室内节日场景"", ""手工艺制作环境""]","[""近景"", ""平视""]",室内窗边，多只手正在展示红色的剪纸窗花，包括长条花卉纹样和方形团花，背景为明亮的窗户。,图像清晰展示了窗花剪纸的制作与展示场景，主体明确，背景虚化得当，符合传统工艺场景的保留条件。,"[{""location"": ""画面右侧"", ""content"": ""一张正方形的红色剪纸，图案为对称的团花，边缘有锯齿状装饰。"", ""space"": ""被一只手捏住上边缘，悬空展示，占据画面右侧主要位置。"", ""occlusion"": ""无遮挡，剪纸细节清晰可见。""}, {""location"": ""画面左侧及中部"", ""content"": ""一条长条形的红色剪纸，图案为连续的花卉和枝叶纹样。"", ""space"": ""被两只手分别捏住两端，呈展开状态，位于画面中左部。"", ""occlusion"": ""无遮挡，剪纸细节清晰可见。""}, {""location"": ""画面背景"", ""content"": ""明亮的窗户区域，光线充足，隐约可见窗框结构。"", ""space"": ""作为背景填充，提供逆光效果，使前景剪纸轮廓分明。"", ""occlusion"": ""被前景的手和剪纸部分遮挡。""}]","[""剪纸"", ""窗花"", ""手工艺"", ""红色装饰"", ""春节"", ""传统文化""]","[""背景过曝，细节丢失，但主体清晰。"", ""手部动作占据部分空间，可能限制某些编辑操作。""]",unreviewed,"{""relative_uri"": ""demiwtg/collect/datasets/images.lance"", ""version"": 5, ""sha256"": ""003ac2338a32e8b68a429b67934ebb3ec4c00e7b31561a743d26935b7720d947"", ""column"": ""data""}"
83,003c4e69e835dd0130709241eaef412ebf62c78132b1aee3ac16460781ff7934,"[""扬州漆器""]",2000,2666,photo,"[""漆器工艺品"", ""传统手工艺"", ""螺钿镶嵌""]","[""正面"", ""近景""]",一张灰色背景下的圆形漆器特写，表面饰有精美的螺钿镶嵌图案，包括花鸟纹样和几何花卉，上方连接着镶嵌螺钿的长柄。,图像清晰展示了扬州漆器（螺钿镶嵌）工艺品的完整形态，主体明确，表面纹理与装饰细节丰富，符合保留条件。,"[{""location"": ""画面中央圆形区域"", ""content"": ""深色漆面背景上镶嵌着复杂的螺钿图案，中心为对称花卉，四周环绕花鸟纹饰。"", ""space"": ""平面装饰区域，图案分布均匀，占据主要视觉空间。"", ""occlusion"": ""无遮挡，完整可见。""}, {""location"": ""画面上方垂直延伸部分"", ""content"": ""深色长柄，表面镶嵌有一排排圆形的白色螺钿片。"", ""space"": ""垂直结构，连接圆形主体，向上延伸至画面边缘。"", ""occlusion"": ""顶部被画面边缘裁切。""}, {""location"": ""圆形区域边缘"", ""content"": ""漆器边缘轮廓，可见深色漆面与背景的交界。"", ""space"": ""边界区域，界定主体范围。"", ""occlusion"": ""无遮挡。""}]","[""漆器"", ""螺钿"", ""工艺品"", ""传统装饰"", ""乐器"", ""手工艺""]","[""右下角有微博水印文字。""]",unreviewed,"{""relative_uri"": ""demiwtg/collect/datasets/images.lance"", ""version"": 5, ""sha256"": ""003c4e69e835dd0130709241eaef412ebf62c78132b1aee3ac16460781ff7934"", ""column"": ""data""}"
84,003c75a1bfcfd219070331aff23c1651b8a03b330643d1c4fe46b0cfa289a9db,"[""灯塔风景区"", ""烟台山"", ""烟台山灯塔""]",1080,1439,photo,"[""海岸环境"", ""建筑设施"", ""旅游空间""]","[""全景"", ""斜俯视""]",一座白色塔身、红色顶盖的灯塔矗立在绿树环绕的山丘上，背景是蔚蓝的海面、远处的港口设施及山脉，前景可见纪念碑与步道。,图像清晰展示了灯塔及其周边的海岸与公园环境，场景连贯，关键结构可辨，符合保留条件。,"[{""location"": ""画面中央"", ""content"": ""白色圆柱形灯塔主体，带有红色塔顶和玻璃灯室"", ""space"": ""占据画面垂直中心，周围被树木环绕"", ""occlusion"": ""塔身下部被前景树木部分遮挡""}, {""location"": ""画面前景下方"", ""content"": ""茂密的绿色树木、草坪及一座石质纪念碑"", ""space"": ""占据画面底部约三分之一区域，植被覆盖密集"", ""occlusion"": ""无""}, {""location"": ""画面中景"", ""content"": ""深蓝色的海面及远处的港口防波堤"", ""space"": ""横贯画面中部，连接灯塔与远山"", ""occlusion"": ""无""}, {""location"": ""画面背景"", ""content"": ""远处的山脉轮廓及港口起重机设施"", ""space"": ""位于海平线之上，占据画面上部背景"", ""occlusion"": ""无""}]","[""灯塔"", ""海岸"", ""公园"", ""纪念碑"", ""港口"", ""旅游地标""]","[""前景树木遮挡了灯塔基座及部分地面细节""]",unreviewed,"{""relative_uri"": ""demiwtg/collect/datasets/images.lance"", ""version"": 5, ""sha256"": ""003c75a1bfcfd219070331aff23c1651b8a03b330643d1c4fe46b0cfa289a9db"", ""column"": ""data""}"
85,003cf8993f264ff6eba9a5c6aae0e1ecacfc406dd4dfadb1e925bf6266ca5826,"[""陶瓷花瓶""]",1080,1434,photo,"[""家居装饰"", ""室内静物"", ""陶瓷器皿""]","[""斜俯视"", ""近景""]",一组不同形状和纹饰的陶瓷花瓶摆放在浅色桌布上，背景为素色墙面。,图像清晰展示了多个陶瓷花瓶及其承载平面，场景连贯，具备可编辑的实用尺度区域。,"[{""location"": ""画面底部前景"", ""content"": ""铺有浅色纹理桌布的平面"", ""space"": ""花瓶底部之间的空隙及前景边缘区域"", ""occlusion"": ""被前排花瓶底部部分遮挡""}, {""location"": ""画面中左侧"", ""content"": ""绘有蓝色花卉图案的白瓷瓶"", ""space"": ""占据中景左侧位置"", ""occlusion"": ""无遮挡，完整可见""}, {""location"": ""画面中右侧"", ""content"": ""绘有红色梅花图案的白瓷瓶"", ""space"": ""占据中景右侧位置"", ""occlusion"": ""无遮挡，完整可见""}, {""location"": ""画面背景"", ""content"": ""多个不同造型的陶瓷花瓶"", ""space"": ""位于后排，形成景深"", ""occlusion"": ""部分被前排花瓶遮挡""}]","[""陶瓷花瓶"", ""家居摆件"", ""桌面装饰"", ""中式瓷器"", ""静物摄影""]","[""画面中物体密集，部分背景花瓶被遮挡，可编辑空间主要集中在前景桌面。""]",unreviewed,"{""relative_uri"": ""demiwtg/collect/datasets/images.lance"", ""version"": 5, ""sha256"": ""003cf8993f264ff6eba9a5c6aae0e1ecacfc406dd4dfadb1e925bf6266ca5826"", ""column"": ""data""}"
86,003d1d0a9ed16386608a5fb0fea91ac77b87811790bd28dcb19b9ca193ead50b,"[""明宣德雪花蓝釉钵"", ""明宣德青花""]",5184,3456,photo,"[""博物馆"", ""文物展览"", ""瓷器""]","[""正面"", ""近景""]",博物馆展柜中展示的一件大型青花瓷盘，盘面绘有花鸟纹饰，置于白色展台上。,图像清晰展示了博物馆展柜中的青花瓷盘，场景连贯，器物表面及展台空间可辨，符合候选池保留条件。,"[{""location"": ""画面中央"", ""content"": ""青花瓷盘盘面，绘有花鸟图案，可见细微裂纹"", ""space"": ""占据画面主体，表面平整"", ""occlusion"": ""无遮挡""}, {""location"": ""画面下方"", ""content"": ""白色展台表面"", ""space"": ""位于瓷盘下方，可见部分台面"", ""occlusion"": ""被瓷盘底部及支架部分遮挡""}, {""location"": ""画面背景"", ""content"": ""深色展柜内壁"", ""space"": ""位于瓷盘后方，作为背景"", ""occlusion"": ""无遮挡""}]","[""瓷器"", ""青花"", ""博物馆"", ""展台"", ""文物""]","[""瓷盘表面可见裂纹"", ""背景较暗，细节较少""]",unreviewed,"{""relative_uri"": ""demiwtg/collect/datasets/images.lance"", ""version"": 5, ""sha256"": ""003d1d0a9ed16386608a5fb0fea91ac77b87811790bd28dcb19b9ca193ead50b"", ""column"": ""data""}"
87,003dbc353ce9203e568987950c25a739bf659926d8404c1977c723dac24bf51e,"[""国家大剧院""]",4928,3264,photo,"[""公共建筑"", ""建筑外观"", ""现代建筑""]","[""仰视"", ""近景"", ""室外""]",晴朗蓝天下的现代建筑局部，主体为米白色弧形与几何体块结合的外墙，底部为深色砖石基座，左下角有树枝遮挡。,图像清晰展示了具有现代建筑特征的建筑外观，包含大面积平整墙面与清晰结构，符合公共建筑场景的编辑初态要求。,"[{""location"": ""画面中央及左侧"", ""content"": ""米白色弧形建筑外墙，表面平整，带有少量孔洞细节"", ""space"": ""大面积连续墙面，占据画面主体，无遮挡"", ""occlusion"": ""无""}, {""location"": ""画面右侧"", ""content"": ""米白色几何体块建筑，带有深色矩形窗户"", ""space"": ""垂直立面，窗户占据部分空间，墙体平整"", ""occlusion"": ""无""}, {""location"": ""画面下方"", ""content"": ""深褐色砖石砌成的建筑基座"", ""space"": ""位于建筑底部，纹理清晰，占据画面下缘"", ""occlusion"": ""左下角被树枝部分遮挡""}, {""location"": ""画面左下角"", ""content"": ""绿色树叶与树枝"", ""space"": ""前景植物，部分遮挡建筑基座"", ""occlusion"": ""遮挡了部分建筑底部""}]","[""建筑外墙"", ""公共场馆"", ""现代建筑"", ""几何结构"", ""城市景观""]","[""左下角树枝遮挡了部分建筑基座"", ""画面为局部特写，未展示建筑全貌""]",unreviewed,"{""relative_uri"": ""demiwtg/collect/datasets/images.lance"", ""version"": 5, ""sha256"": ""003dbc353ce9203e568987950c25a739bf659926d8404c1977c723dac24bf51e"", ""column"": ""data""}"
88,003dd11eec46eb7849df454f0f8cb9c163d14aa2043f1cbd3c91e627e4e2a708,"[""布达佩斯多瑙河堤岸""]",2578,3872,photo,"[""城市地标"", ""宗教建筑"", ""公共广场""]","[""正面"", ""全景"", ""平视""]",布达佩斯圣伊什特万大教堂的正面全景，包含中央圆顶和两侧钟楼，前方是宽阔的铺石广场，广场上设有少量临时设施。,图像清晰展示了布达佩斯圣伊什特万大教堂的正面及前方广场，场景连贯，广场地面提供了具有实用尺度的可编辑区域。,"[{""location"": ""画面下方前景"", ""content"": ""宽阔的浅色铺石广场地面，可见清晰的铺装纹理。"", ""space"": ""大面积开阔空间，仅散布少量行人、路灯杆和临时帐篷，大部分区域空置。"", ""occlusion"": ""无遮挡，视野开阔。""}, {""location"": ""画面中央"", ""content"": ""教堂主入口，包含巨大的拱门、科林斯式立柱和上方的三角楣饰。"", ""space"": ""建筑立面结构，拱门内部较暗，外部台阶清晰可见。"", ""occlusion"": ""无遮挡。""}, {""location"": ""画面中上部"", ""content"": ""教堂中央巨大的绿色铜质圆顶，顶部有金色装饰。"", ""space"": ""建筑顶部结构，占据画面上方中心位置。"", ""occlusion"": ""无遮挡。""}, {""location"": ""画面左右两侧"", ""content"": ""对称分布的两座钟楼，带有钟面和拱形窗。"", ""space"": ""建筑两侧垂直结构，与中央圆顶共同构成建筑主体。"", ""occlusion"": ""无遮挡。""}]","[""广场"", ""地标建筑"", ""教堂"", ""城市景观"", ""欧洲建筑""]","[""广场上有少量行人和临时设施，可能干扰部分区域的编辑。""]",unreviewed,"{""relative_uri"": ""demiwtg/collect/datasets/images.lance"", ""version"": 5, ""sha256"": ""003dd11eec46eb7849df454f0f8cb9c163d14aa2043f1cbd3c91e627e4e2a708"", ""column"": ""data""}"
89,003f16fd07172c02b26e539717ebe6c9570e4a65bc39e4b5010076337bf14fbc,"[""班克斯暗黑乐园""]",3600,2444,photo,"[""主题乐园"", ""公共空间"", ""城市景观""]","[""全景"", ""平视""]",阴天下的主题乐园全景，中央为灰白色城堡，前方水面上立有美人鱼雕像，右侧可见摩天轮，左侧有游乐设施局部。,图像清晰展示了主题乐园的城堡、水面及游乐设施，场景连贯且结构完整，符合公共空间与城市景观的召回提示。,"[{""location"": ""画面中央水面"", ""content"": ""平静的水面，倒映着城堡与雕像，中央立有美人鱼雕塑。"", ""space"": ""开阔的水域，占据画面下半部分，除雕像外无其他大型物体。"", ""occlusion"": ""无遮挡，视野开阔。""}, {""location"": ""画面中上部"", ""content"": ""灰白色城堡建筑，具有多个尖顶塔楼和拱形门洞。"", ""space"": ""占据画面中心背景，结构复杂，细节清晰。"", ""occlusion"": ""无遮挡。""}, {""location"": ""画面右侧"", ""content"": ""红白相间的摩天轮及仿岩石结构。"", ""space"": ""位于城堡右侧，部分结构被前景植被轻微遮挡。"", ""occlusion"": ""底部被植被遮挡。""}, {""location"": ""画面左侧"", ""content"": ""游乐设施局部（黑色轮胎状结构）及红白帐篷。"", ""space"": ""位于画面左边缘，部分被裁切。"", ""occlusion"": ""左侧边缘被裁切。""}]","[""城堡"", ""摩天轮"", ""水面"", ""雕像"", ""游乐设施"", ""主题公园""]","[""天空阴沉，光线较平，缺乏立体感。"", ""左侧游乐设施被裁切，不完整。""]",unreviewed,"{""relative_uri"": ""demiwtg/collect/datasets/images.lance"", ""version"": 5, ""sha256"": ""003f16fd07172c02b26e539717ebe6c9570e4a65bc39e4b5010076337bf14fbc"", ""column"": ""data""}"
90,003f6702ccbadac4ebbe0d53d7f25516a899111ed61fd9f88441f1775192cf97,"[""避暑山庄""]",1797,1123,photo,"[""中式园林"", ""水景建筑"", ""历史建筑""]","[""全景"", ""平视"", ""斜侧视""]",晴朗天气下的中式园林水景，画面包含临水而建的红色立柱亭台、石砌驳岸、牌坊以及平静的水面倒影。,图像清晰展示了具有典型中式园林风格的临水建筑群，场景连贯，水面与建筑平台提供了明确的编辑空间，符合保留条件。,"[{""location"": ""画面下方"", ""content"": ""平静的水面，呈现建筑与天空的倒影"", ""space"": ""大面积开阔水域，无遮挡"", ""occlusion"": ""无""}, {""location"": ""画面中部"", ""content"": ""石砌驳岸与临水平台，连接着多座亭台"", ""space"": ""硬质铺装地面，可见少量游客"", ""occlusion"": ""无""}, {""location"": ""画面中右侧"", ""content"": ""红柱灰瓦的亭台建筑群，具有彩绘装饰"", ""space"": ""建筑主体占据中景，结构清晰"", ""occlusion"": ""无""}, {""location"": ""画面右侧"", ""content"": ""一座独立的红色牌坊，立于石基之上"", ""space"": ""位于岸边，结构完整"", ""occlusion"": ""无""}]","[""亭台"", ""水面"", ""园林"", ""驳岸"", ""牌坊"", ""古建筑""]",[],unreviewed,"{""relative_uri"": ""demiwtg/collect/datasets/images.lance"", ""version"": 5, ""sha256"": ""003f6702ccbadac4ebbe0d53d7f25516a899111ed61fd9f88441f1775192cf97"", ""column"": ""data""}"
91,004010552b1bfc9b63dbbc42b7d050328b9a7ceb2b8cee444cdba7ed6a8b6cf7,"[""金属网格购物车""]",2160,3840,photo,"[""超市购物"", ""零食特写""]","[""俯视"", ""近景""]",第一人称视角拍摄的双手在金属网格购物车中展示多包薯片和果汁盒，背景为超市货架。,图像清晰展示了金属网格购物车内部及装载的零食，场景连贯，网格结构清晰，符合来源概念且具备可编辑区域。,"[{""location"": ""画面中上部"", ""content"": ""金属网格购物车内壁及底部"", ""space"": ""网格结构清晰，部分区域被零食包装遮挡，可见网格空隙"", ""occlusion"": ""被零食包装部分遮挡""}, {""location"": ""画面中部"", ""content"": ""多包Lay's薯片及好友趣薯片"", ""space"": ""紧密排列在购物车内，占据主要空间"", ""occlusion"": ""无""}, {""location"": ""画面中下部"", ""content"": ""多盒100% NFC果汁（西梅味与苹果味）"", ""space"": ""被双手托举，位于购物车上方，遮挡了部分网格"", ""occlusion"": ""被双手部分遮挡""}, {""location"": ""画面底部"", ""content"": ""金属网格购物车前缘"", ""space"": ""可见网格结构，部分被手部遮挡"", ""occlusion"": ""被手部遮挡""}]","[""购物车"", ""超市"", ""零食"", ""饮料"", ""购物场景""]","[""购物车内物品较多，部分网格区域被遮挡"", ""背景货架模糊，焦点集中在前景物品""]",unreviewed,"{""relative_uri"": ""demiwtg/collect/datasets/images.lance"", ""version"": 5, ""sha256"": ""004010552b1bfc9b63dbbc42b7d050328b9a7ceb2b8cee444cdba7ed6a8b6cf7"", ""column"": ""data""}"
92,004015fb3abaa16358fc040481908d1201b2223f707f8c3eb558a3d7d23eadd0,"[""赫内拉利费花园"", ""阿尔罕布拉宫""]",3011,2004,photo,"[""历史建筑"", ""花园景观"", ""城市远景""]","[""全景"", ""斜俯视""]",阿尔罕布拉宫建筑群与赫内拉利费花园的远景，前景为茂密的植被，中景可见红砖塔楼与城墙，背景为蓝天与远山。,图像清晰展示了阿尔罕布拉宫建筑群及其周边的赫内拉利费花园景观，场景连贯，关键结构可辨，符合保留条件。,"[{""location"": ""画面中下部"", ""content"": ""茂密的绿色灌木丛与树木，部分可见红色果实"", ""space"": ""植被覆盖的坡地，占据前景大部分区域"", ""occlusion"": ""无""}, {""location"": ""画面中部"", ""content"": ""红砖砌成的方形塔楼与城墙，带有垛口"", ""space"": ""位于植被后方，部分被树木遮挡"", ""occlusion"": ""部分被前景树木遮挡""}, {""location"": ""画面左上方"", ""content"": ""带有尖顶的教堂塔楼，米黄色外墙"", ""space"": ""位于树林上方，背景清晰"", ""occlusion"": ""无""}, {""location"": ""画面右侧远景"", ""content"": ""密集的白色建筑群与远处的山脉"", ""space"": ""位于地平线附近，延伸至画面边缘"", ""occlusion"": ""无""}]","[""历史遗迹"", ""花园"", ""塔楼"", ""城墙"", ""植被"", ""城市景观""]","[""前景植被茂密，遮挡了部分建筑底部细节""]",unreviewed,"{""relative_uri"": ""demiwtg/collect/datasets/images.lance"", ""version"": 5, ""sha256"": ""004015fb3abaa16358fc040481908d1201b2223f707f8c3eb558a3d7d23eadd0"", ""column"": ""data""}"
93,00403488b53e3684871a1f364e9cabc8d88b85cbdd7ac0867206b32c668db329,"[""鸡蛋三明治""]",1805,1412,photo,"[""餐食场景"", ""家庭厨房""]","[""斜俯视"", ""近景""]",白色木纹桌面上，右侧木砧板上摆放着切开的鸡蛋三明治，左侧有白色马克杯、木质日历和散落的圣女果。,图像清晰展示了鸡蛋三明治及早餐场景，主体明确，承载物（木砧板）空间充足，符合保留条件。,"[{""location"": ""画面右侧"", ""content"": ""深棕色木质砧板，表面有切痕和纹理"", ""space"": ""砧板上有三个三明治切块，右下角及边缘留有可见的空余空间"", ""occlusion"": ""无遮挡""}, {""location"": ""画面左侧"", ""content"": ""白色陶瓷马克杯，印有黑色Logo"", ""space"": ""杯内盛有浅色液体，杯身占据左侧主要位置"", ""occlusion"": ""无遮挡""}, {""location"": ""画面中上部"", ""content"": ""木质翻页日历，显示日期01月27日"", ""space"": ""位于杯子与砧板之间，占据少量空间"", ""occlusion"": ""无遮挡""}, {""location"": ""画面左下及中部"", ""content"": ""白色纱布及散落的红色圣女果"", ""space"": ""纱布铺在桌面上，圣女果点缀其间"", ""occlusion"": ""无遮挡""}]","[""三明治"", ""早餐"", ""砧板"", ""咖啡杯"", ""食物"", ""桌面""]",[],unreviewed,"{""relative_uri"": ""demiwtg/collect/datasets/images.lance"", ""version"": 5, ""sha256"": ""00403488b53e3684871a1f364e9cabc8d88b85cbdd7ac0867206b32c668db329"", ""column"": ""data""}"
94,00405ada30194769f5f77deeb2cc8f172a00f6cb8c4d4282b3b49389c258889e,"[""金卤灯""]",1279,1396,photo,"[""照明设备"", ""工业产品""]","[""斜俯视"", ""近景""]",放置在灰色瓷砖地面上的黄色金卤灯灯具背面，可见散热鳍片、金属支架及电源接线。,图像清晰展示了金卤灯灯具的背面结构（散热鳍片、支架、接线），主体完整且透视清晰，符合保留条件。,"[{""location"": ""画面中央"", ""content"": ""黄色金属散热鳍片阵列"", ""space"": ""占据灯具主体背部，呈长条状排列"", ""occlusion"": ""无遮挡""}, {""location"": ""画面右侧"", ""content"": ""黄色金属安装支架"", ""space"": ""呈U型弯曲，连接灯具两端"", ""occlusion"": ""无遮挡""}, {""location"": ""画面左侧"", ""content"": ""黑色电源线缆及剥皮导线"", ""space"": ""从灯具端部引出，延伸至地面"", ""occlusion"": ""无遮挡""}, {""location"": ""背景"", ""content"": ""灰色大理石纹瓷砖地面"", ""space"": ""平整地面，可见接缝"", ""occlusion"": ""无遮挡""}]","[""金卤灯"", ""灯具"", ""散热片"", ""支架"", ""工业照明""]","[""左下角存在手机水印"", ""灯具处于未安装状态，非实际照明场景""]",unreviewed,"{""relative_uri"": ""demiwtg/collect/datasets/images.lance"", ""version"": 5, ""sha256"": ""00405ada30194769f5f77deeb2cc8f172a00f6cb8c4d4282b3b49389c258889e"", ""column"": ""data""}"
95,00408ff20fa7dab96428829e76b9b3179611121847152468a1e57087e31e1b72,"[""巴中南龛摩崖造像""]",2000,3012,photo,"[""摩崖造像"", ""石刻艺术"", ""宗教遗迹""]","[""正面"", ""近景""]",红砂岩摩崖造像龛内，中央为一尊彩绘立佛，两侧各有一尊胁侍菩萨，下方左右各有一尊护法力士，背景为红色岩壁。,图像清晰展示了摩崖造像龛内的石刻群像，场景连贯，主体与背景结构完整，符合保留条件。,"[{""location"": ""画面中央"", ""content"": ""一尊高大的彩绘立佛，身着长袍，头戴宝冠，身后有镂空背光。"", ""space"": ""占据龛内主要空间，立于莲花座上。"", ""occlusion"": ""无遮挡，完整可见。""}, {""location"": ""画面左侧"", ""content"": ""上方为一尊胁侍菩萨立像，下方为一尊护法力士像。"", ""space"": ""位于主佛左侧，上下排列。"", ""occlusion"": ""无遮挡，完整可见。""}, {""location"": ""画面右侧"", ""content"": ""上方为一尊胁侍菩萨立像，下方为一尊护法力士像。"", ""space"": ""位于主佛右侧，上下排列。"", ""occlusion"": ""无遮挡，完整可见。""}, {""location"": ""背景"", ""content"": ""红砂岩岩壁，表面有风化痕迹和彩绘残留。"", ""space"": ""作为造像的背景，填充了龛内剩余空间。"", ""occlusion"": ""无遮挡。""}]","[""佛像"", ""摩崖石刻"", ""宗教造像"", ""历史遗迹"", ""彩绘石刻""]","[""图像底部有微博水印。"", ""石刻表面有自然风化和彩绘剥落痕迹。""]",unreviewed,"{""relative_uri"": ""demiwtg/collect/datasets/images.lance"", ""version"": 5, ""sha256"": ""00408ff20fa7dab96428829e76b9b3179611121847152468a1e57087e31e1b72"", ""column"": ""data""}"
96,0041cc4da07395f9a0d65a83ca0a45224a34c0de1f260c3e876fe7d2d92cbeb7,"[""白瓷""]",1260,1260,photo,"[""餐具"", ""静物""]","[""斜俯视"", ""近景""]",纯白背景下的一个白色圆形瓷盘，呈斜俯视角度拍摄，盘面光滑洁净。,图像清晰展示了白瓷盘，主体完整且具备明确的编辑区域，符合保留条件。,"[{""location"": ""画面中央"", ""content"": ""白色瓷盘盘面，表面光滑，可见细微的同心圆纹理"", ""space"": ""盘面大部分区域为空，中心有轻微凹陷"", ""occlusion"": ""无遮挡""}, {""location"": ""画面下方"", ""content"": ""瓷盘边缘及底部投影"", ""space"": ""边缘呈弧形，下方有柔和阴影"", ""occlusion"": ""无遮挡""}]","[""盘子"", ""餐具"", ""陶瓷"", ""白色"", ""静物""]","[""背景为纯白，缺乏环境信息""]",unreviewed,"{""relative_uri"": ""demiwtg/collect/datasets/images.lance"", ""version"": 5, ""sha256"": ""0041cc4da07395f9a0d65a83ca0a45224a34c0de1f260c3e876fe7d2d92cbeb7"", ""column"": ""data""}"
97,00424561d8ba528989440949608dba158967cf74b9894fa6aeba522ebc99e91e,"[""卡法克斯塔""]",1365,2048,photo,"[""城市地标"", ""公共广场"", ""历史建筑""]","[""仰视"", ""全景"", ""户外""]",一张仰视视角的户外照片，主体为一座带有钟面和城垛的石砌塔楼，前景有密集的游客人群，背景为蓝天白云。,图像清晰展示了具有明确透视和结构的石砌塔楼及广场场景，符合公共空间与城市景观的视觉特征，具备可编辑区域。,"[{""location"": ""画面中央"", ""content"": ""米黄色石砌塔楼主体，包含哥特式拱窗、钟面及城垛结构"", ""space"": ""占据画面主要垂直空间，结构完整"", ""occlusion"": ""无遮挡""}, {""location"": ""画面底部"", ""content"": ""密集的游客人群，可见头部、肩部及衣着"", ""space"": ""占据前景底部区域，遮挡了塔楼基座部分"", ""occlusion"": ""人群相互遮挡，且遮挡了建筑底部""}, {""location"": ""画面右侧"", ""content"": ""茂密的绿色树冠"", ""space"": ""位于塔楼右侧，填充了部分背景空间"", ""occlusion"": ""无""}, {""location"": ""画面左侧"", ""content"": ""邻近的石砌建筑屋顶与烟囱"", ""space"": ""位于塔楼左侧，作为背景元素"", ""occlusion"": ""部分被前景树木遮挡""}]","[""塔楼"", ""广场"", ""人群"", ""石墙"", ""天空"", ""树木""]","[""前景人群密集，遮挡了塔楼底部的入口区域"", ""右下角存在水印文字""]",unreviewed,"{""relative_uri"": ""demiwtg/collect/datasets/images.lance"", ""version"": 5, ""sha256"": ""00424561d8ba528989440949608dba158967cf74b9894fa6aeba522ebc99e91e"", ""column"": ""data""}"
98,004266e89da423d7b7e7a9732b928afd03cd294dee0f0f24fa951a54ff5f576a,"[""宁夏枸杞""]",1536,2048,photo,"[""自然环境"", ""植物特写""]","[""近景"", ""平视""]",一张户外拍摄的枸杞灌木特写，画面中可见茂密的绿色枝叶、紫红色的花朵以及枯萎的花蕾，背景为模糊的树干与林地。,图像清晰展示了枸杞植株的自然生长状态，枝叶与花朵细节丰富，具备作为自然场景编辑底图的潜力。,"[{""location"": ""画面中央及左侧"", ""content"": ""密集的枸杞枝条，带有绿色叶片和盛开的紫红色花朵"", ""space"": ""枝叶交错，占据画面主要空间，形成复杂的纹理背景"", ""occlusion"": ""无明显遮挡，部分枝条相互重叠""}, {""location"": ""画面右侧背景"", ""content"": ""模糊的深色树干与林地地面"", ""space"": ""作为背景虚化区域，衬托前景植物"", ""occlusion"": ""被前景枝叶部分遮挡""}, {""location"": ""画面下方"", ""content"": ""低垂的枝条与枯萎的花蕾"", ""space"": ""位于画面底部，展示了植株的下部结构"", ""occlusion"": ""部分被上方枝叶遮挡""}]","[""植物"", ""灌木"", ""花卉"", ""自然"", ""户外""]","[""枝叶较为杂乱，寻找单一平整的编辑区域可能需要较多处理""]",unreviewed,"{""relative_uri"": ""demiwtg/collect/datasets/images.lance"", ""version"": 5, ""sha256"": ""004266e89da423d7b7e7a9732b928afd03cd294dee0f0f24fa951a54ff5f576a"", ""column"": ""data""}"
99,00444ed0887b0b2e8e0dc21e61fdb11ea21c020d70f5ae62393e2770d639d5bb,"[""珊瑚喇叭鱼""]",1282,1676,photo,"[""海洋生物"", ""水下环境""]","[""侧面"", ""近景""]",深蓝色海水中垂直游动的管口鱼，身体细长呈橙黄色，带有黑色斑点，头部朝下。,图像清晰展示了海洋环境中的管口鱼，主体完整且背景连贯，符合保留条件。,"[{""location"": ""画面中央"", ""content"": ""管口鱼主体，细长身体，橙黄色皮肤，黑色斑点，头部朝下，眼睛清晰可见。"", ""space"": ""占据画面垂直中心，周围为开阔水域。"", ""occlusion"": ""无遮挡，完整可见。""}, {""location"": ""画面背景"", ""content"": ""深蓝色海水，上方有水面波纹光影，下方较暗。"", ""space"": ""充满整个背景，提供环境氛围。"", ""occlusion"": ""无遮挡。""}]","[""鱼类"", ""海洋"", ""水下"", ""生物""]",[],unreviewed,"{""relative_uri"": ""demiwtg/collect/datasets/images.lance"", ""version"": 5, ""sha256"": ""00444ed0887b0b2e8e0dc21e61fdb11ea21c020d70f5ae62393e2770d639d5bb"", ""column"": ""data""}"
100,00458386b2417c60eda49c9632716b615ed6b48952da1afe134279a3040fb399,"[""库车博物馆""]",4928,3264,photo,"[""户外广场"", ""公共建筑"", ""宣传展示""]","[""全景"", ""平视""]",一群戴口罩的人在户外广场观看关于烈士陈潭秋的宣传展板，背景为粉色多层建筑。,图像清晰展示了户外广场场景，包含建筑背景、地面及展示板，具备可编辑的空间与结构。,"[{""location"": ""画面背景"", ""content"": ""粉色外墙的多层建筑，可见多扇窗户及篮球架"", ""space"": ""占据画面上半部分，作为场景背景"", ""occlusion"": ""无遮挡""}, {""location"": ""画面右侧"", ""content"": ""竖立的宣传展板，印有文字和人物肖像"", ""space"": ""占据右侧前景，部分遮挡后方建筑"", ""occlusion"": ""无遮挡""}, {""location"": ""画面左侧及中部"", ""content"": ""聚集的人群，穿着冬装并佩戴口罩"", ""space"": ""占据中景主要位置，站立于地面"", ""occlusion"": ""人物之间有部分遮挡""}, {""location"": ""画面底部"", ""content"": ""平整的浅色铺装地面"", ""space"": ""作为场景基底，可见部分区域"", ""occlusion"": ""被人群和展板底部遮挡""}]","[""广场"", ""建筑外墙"", ""人群"", ""展板"", ""户外""]","[""前景人物较多，遮挡了部分地面和背景细节"", ""右侧展板占据较大画面比例""]",unreviewed,"{""relative_uri"": ""demiwtg/collect/datasets/images.lance"", ""version"": 5, ""sha256"": ""00458386b2417c60eda49c9632716b615ed6b48952da1afe134279a3040fb399"", ""column"": ""data""}"
101,0045c5e0c2e5ea5f530671cc5d52d15e1a42950959ed23f95b57ac90b90a427e,"[""希拉大门""]",1920,1243,photo,"[""历史遗迹"", ""城市景观"", ""公共空间""]","[""斜俯视"", ""近景""]",土耳其希拉波利斯古城遗址的局部特写，展示了带有精美浮雕和科林斯柱头的石质门廊结构，前景为平整的石板地面。,图像清晰展示了希拉波利斯古城遗址的标志性建筑（如圣泉门），场景连贯，具备明确的公共空间与城市景观特征，且包含多个可定位的编辑区域。,"[{""location"": ""画面前景底部"", ""content"": ""铺设整齐的大块浅色石板地面"", ""space"": ""开阔平坦，无遮挡，占据画面下方约四分之一区域"", ""occlusion"": ""无""}, {""location"": ""画面左侧中部"", ""content"": ""带有浮雕装饰的柱廊结构及一尊站立雕像"", ""space"": ""位于建筑凹进处，周围有石柱环绕"", ""occlusion"": ""部分被前方石柱遮挡""}, {""location"": ""画面右侧中部"", ""content"": ""另一组带有科林斯柱头的石柱及门楣结构"", ""space"": ""位于建筑主体右侧，结构完整"", ""occlusion"": ""无""}, {""location"": ""画面中上部"", ""content"": ""建筑顶部的石质横梁与浮雕装饰"", ""space"": ""位于石柱上方，呈现复杂的雕刻细节"", ""occlusion"": ""无""}]","[""古建筑"", ""石柱"", ""浮雕"", ""遗址"", ""广场"", ""石雕""]","[""背景部分区域存在碎石和杂草，地面并非完全整洁"", ""建筑顶部边缘有破损痕迹""]",unreviewed,"{""relative_uri"": ""demiwtg/collect/datasets/images.lance"", ""version"": 5, ""sha256"": ""0045c5e0c2e5ea5f530671cc5d52d15e1a42950959ed23f95b57ac90b90a427e"", ""column"": ""data""}"
102,00487c6e8851c4a282f13903ec0e25efd4658548c324acd08f1322625151b2e6,"[""舞茸""]",2000,1333,photo,"[""林地地表"", ""野生菌类""]","[""斜俯视"", ""近景""]",林地地表上生长的一丛舞茸，周围环绕着枯枝落叶和绿色植物。,图像清晰展示了生长在林地腐殖层上的舞茸，主体完整且细节丰富，符合保留条件。,"[{""location"": ""画面中央"", ""content"": ""一丛灰白色舞茸，菌盖呈波浪状层叠，边缘卷曲。"", ""space"": ""占据画面中心主要位置，周围被枯叶和植物包围。"", ""occlusion"": ""无明显遮挡，主体完整可见。""}, {""location"": ""画面四周"", ""content"": ""深褐色的腐殖土、枯枝、松针及散落的绿色叶片。"", ""space"": ""作为背景填充画面边缘，提供自然生长环境。"", ""occlusion"": ""部分前景叶片轻微遮挡边缘，但不影响主体。""}]","[""舞茸"", ""蘑菇"", ""林地"", ""腐殖土"", ""野生植物""]","[""前景有少量虚化叶片，可能干扰边缘细节的编辑。""]",unreviewed,"{""relative_uri"": ""demiwtg/collect/datasets/images.lance"", ""version"": 5, ""sha256"": ""00487c6e8851c4a282f13903ec0e25efd4658548c324acd08f1322625151b2e6"", ""column"": ""data""}"
103,00490cdc5216bbe649e84cf6d4c734272ff5a4a5d8ea7bb0b6a1a32263788a03,"[""宣威火腿"", ""火腿刀""]",1280,1744,photo,"[""饮食场景"", ""工作台面""]","[""近景"", ""斜俯视""]",特写镜头展示了一只手使用长柄刀在整块火腿上切下一片薄肉，肉片卷曲，背景深暗。,图像清晰展示了火腿切片的使用场景，火腿与刀具结构完整，符合来源概念，具备编辑初态。,"[{""location"": ""画面下方及中部"", ""content"": ""整块深红色火腿，表面可见油脂纹理及刀切痕迹"", ""space"": ""占据画面下半部分，作为主要承载物"", ""occlusion"": ""无遮挡，边缘清晰""}, {""location"": ""画面中部"", ""content"": ""一片卷曲的薄切火腿肉，呈现红白相间的纹理"", ""space"": ""位于火腿主体上方，呈动态卷曲状"", ""occlusion"": ""无遮挡""}, {""location"": ""画面右上方"", ""content"": ""一只手握持的长柄切肉刀，刀身细长"", ""space"": ""从右上方向左下方延伸，刀尖接触肉片"", ""occlusion"": ""手部部分被裁切，刀身清晰""}]","[""火腿"", ""刀具"", ""肉类"", ""食材"", ""厨房工具""]","[""背景较暗，细节不可见"", ""手部部分被裁切""]",unreviewed,"{""relative_uri"": ""demiwtg/collect/datasets/images.lance"", ""version"": 5, ""sha256"": ""00490cdc5216bbe649e84cf6d4c734272ff5a4a5d8ea7bb0b6a1a32263788a03"", ""column"": ""data""}"
104,004a1a1590724ac48f42e56d060ecb83afb2b31f655611f7a8efebc116609c42,"[""扶手椅瀑布""]",3092,2178,render,"[""家具"", ""室内陈设""]","[""斜俯视"", ""近景""]",灰色背景下的浅色木质扶手椅，具有弯曲的靠背和扶手设计。,图像清晰展示了一把木质扶手椅，结构完整，透视明确，且具备可编辑的实用尺度区域。,"[{""location"": ""画面中央"", ""content"": ""浅色木质座面，表面平整，可见木纹。"", ""space"": ""座面区域空旷，无其他物品。"", ""occlusion"": ""无遮挡。""}, {""location"": ""画面左上方"", ""content"": ""弯曲的木质靠背，连接扶手。"", ""space"": ""靠背表面平整，占据上方空间。"", ""occlusion"": ""无遮挡。""}, {""location"": ""画面右侧"", ""content"": ""木质扶手，呈圆角矩形结构。"", ""space"": ""扶手下方有空间，上方为扶手表面。"", ""occlusion"": ""无遮挡。""}]","[""椅子"", ""家具"", ""木质"", ""室内"", ""座椅""]",[],unreviewed,"{""relative_uri"": ""demiwtg/collect/datasets/images.lance"", ""version"": 5, ""sha256"": ""004a1a1590724ac48f42e56d060ecb83afb2b31f655611f7a8efebc116609c42"", ""column"": ""data""}"
105,004a51d9d527c73f947a17a194739def46caee15bcf9c9aa67726c6590d7d3c6,"[""皇家史特福骨瓷""]",1920,1920,photo,"[""骨瓷杯碟"", ""桌面静物"", ""花卉背景""]","[""斜俯视"", ""近景""]",一张放置在米色桌布上的白金装饰骨瓷咖啡杯与底碟，背景有虚化的绿色植物和白色花朵。,图像清晰展示了带有白金装饰的骨瓷杯碟，具备明确的编辑区域和连贯场景，符合保留条件。,"[{""location"": ""画面中央"", ""content"": ""带有白金建筑图案和文字装饰的骨瓷杯身"", ""space"": ""占据画面中心，表面平整，具有清晰的透视结构"", ""occlusion"": ""无遮挡""}, {""location"": ""杯身下方"", ""content"": ""带有金边和文字装饰的骨瓷底碟"", ""space"": ""承托杯身，边缘可见，表面平整"", ""occlusion"": ""中心部分被杯身遮挡""}, {""location"": ""画面背景"", ""content"": ""虚化的绿色植物叶片与白色花朵"", ""space"": ""位于杯碟后方，作为背景填充"", ""occlusion"": ""景深虚化""}, {""location"": ""画面底部"", ""content"": ""米色纹理桌布"", ""space"": ""作为承载平面，占据画面下半部分"", ""occlusion"": ""右下角有水印文字覆盖""}]","[""骨瓷"", ""咖啡杯"", ""茶杯"", ""瓷器"", ""餐具"", ""静物""]","[""右下角存在明显的店铺水印文字"", ""背景花卉处于虚化状态""]",unreviewed,"{""relative_uri"": ""demiwtg/collect/datasets/images.lance"", ""version"": 5, ""sha256"": ""004a51d9d527c73f947a17a194739def46caee15bcf9c9aa67726c6590d7d3c6"", ""column"": ""data""}"
106,004abac95f43bfec752615cb1c628b734f6324c94646c1ad6a186cc52123fc24,"[""大同土林""]",1920,1248,photo,"[""自然景观"", ""地质地貌"", ""荒野""]","[""全景"", ""平视""]",一张展示红褐色土林地貌的风景照片，画面中有多个被侵蚀的土柱和土丘，前景为带有稀疏植被的沙土地面，背景是淡蓝色天空。,图像清晰展示了典型的土林地貌，场景连贯且透视明确，前景地面提供了具有实用尺度的可编辑区域。,"[{""location"": ""画面下方前景"", ""content"": ""沙土与稀疏的绿色草丛"", ""space"": ""开阔的地面区域，占据画面底部约三分之一，无大型障碍物"", ""occlusion"": ""无遮挡""}, {""location"": ""画面中部"", ""content"": ""红褐色土柱与侵蚀沟壑"", ""space"": ""中景区域，由多个高低不一的土丘和柱状结构组成"", ""occlusion"": ""无遮挡""}, {""location"": ""画面上方"", ""content"": ""淡蓝色天空"", ""space"": ""背景区域，占据画面上部约三分之一，云层稀薄"", ""occlusion"": ""无遮挡""}]","[""自然景观"", ""土林"", ""荒漠"", ""地质"", ""户外"", ""风景""]",[],unreviewed,"{""relative_uri"": ""demiwtg/collect/datasets/images.lance"", ""version"": 5, ""sha256"": ""004abac95f43bfec752615cb1c628b734f6324c94646c1ad6a186cc52123fc24"", ""column"": ""data""}"
107,004ac1e2b3466fbb8459e87263f2f10117c3f55015fe1567ba1dc80c58bb762e,"[""桂林山水""]",2870,1916,photo,"[""梯田"", ""山地景观"", ""乡村建筑""]","[""全景"", ""斜俯视""]",云雾缭绕的山间梯田景观，左侧有一栋多层木质建筑，梯田层层叠叠延伸至远方。,图像清晰展示了云雾缭绕的山间梯田与木质建筑，场景连贯且透视明确，符合保留条件。,"[{""location"": ""画面左侧"", ""content"": ""多层木质结构建筑，带有深色瓦顶和窗户"", ""space"": ""建筑占据左侧山坡，周围有植被和石阶"", ""occlusion"": ""无遮挡""}, {""location"": ""画面中下部"", ""content"": ""层层叠叠的梯田，部分田块注水反光，部分长有绿色植被"", ""space"": ""梯田沿山坡分布，占据画面主要部分"", ""occlusion"": ""无遮挡""}, {""location"": ""画面上部及背景"", ""content"": ""连绵的山脉和浓厚的云雾"", ""space"": ""云雾弥漫在山谷间，遮挡了部分远山"", ""occlusion"": ""云雾遮挡了部分山体""}]","[""梯田"", ""山脉"", ""云雾"", ""乡村建筑"", ""自然景观""]","[""云雾遮挡了部分远景，限制了背景区域的编辑空间""]",unreviewed,"{""relative_uri"": ""demiwtg/collect/datasets/images.lance"", ""version"": 5, ""sha256"": ""004ac1e2b3466fbb8459e87263f2f10117c3f55015fe1567ba1dc80c58bb762e"", ""column"": ""data""}"
108,004b90e07617a508e2ab6bc4e5967042ba3984177462b8c1bc4b5fc968327cb2,"[""亚历山大·涅夫斯基教堂""]",4120,3264,photo,"[""宗教建筑"", ""城市景观"", ""冬季环境""]","[""全景"", ""平视"", ""斜侧视""]",一张冬季城市景观照片，主体为一座拥有多个金色洋葱头圆顶的白色东正教教堂，周围环绕着落叶树木、积雪地面及背景中的多层住宅楼。,图像清晰展示了具有典型东正教建筑特征（金顶、白墙）的教堂及其周边城市环境，场景连贯且结构完整，符合保留条件。,"[{""location"": ""画面中央"", ""content"": ""白色教堂主体，包含多个金色圆顶、拱形窗户及绿色屋顶结构。"", ""space"": ""占据画面核心位置，周围有围墙和树木环绕。"", ""occlusion"": ""前景的几棵落叶树木部分遮挡了教堂的下部墙体和入口。""}, {""location"": ""画面前景"", ""content"": ""覆盖着积雪和泥土的地面，以及几棵光秃的树干。"", ""space"": ""开阔的户外空间，地面有积雪堆积。"", ""occlusion"": ""无。""}, {""location"": ""画面背景"", ""content"": ""多栋红砖和米色的多层住宅楼。"", ""space"": ""位于教堂后方，构成了城市天际线。"", ""occlusion"": ""部分被教堂和树木遮挡。""}, {""location"": ""画面左侧"", ""content"": ""停放的车辆（红色和灰色）及低矮的白色围墙。"", ""space"": ""位于教堂左侧的街道区域。"", ""occlusion"": ""被前景的树木部分遮挡。""}]","[""教堂"", ""建筑"", ""城市"", ""冬季"", ""宗教场所"", ""地标""]","[""前景树木对教堂底部细节有一定遮挡"", ""地面有积雪，可能影响地面物体的放置""]",unreviewed,"{""relative_uri"": ""demiwtg/collect/datasets/images.lance"", ""version"": 5, ""sha256"": ""004b90e07617a508e2ab6bc4e5967042ba3984177462b8c1bc4b5fc968327cb2"", ""column"": ""data""}"
109,004b96ca028da11e5dc387bcb223336b38ce67ff09796c3e2e999375fe1cfbee,"[""雏菊日中花'粉红'""]",1080,1440,photo,"[""庭院景观"", ""花卉展示""]","[""全景"", ""平视""]",户外花园场景，右侧为高大的锥形粉色菊花树，左侧及前景分布着黄色和粉色菊花丛，背景有树木、山丘及游客。,图像展示了清晰的户外花园场景，包含多种菊花（含粉色）及可编辑的地面与花丛区域，符合保留条件。,"[{""location"": ""画面右侧"", ""content"": ""高大的锥形植物，表面覆盖密集的粉色和白色菊花"", ""space"": ""占据画面右侧大部分垂直空间，底部与地面花丛相接"", ""occlusion"": ""无明显遮挡，顶部接近画面上边缘""}, {""location"": ""画面左下及前景"", ""content"": ""成片的黄色和粉色菊花丛，伴有绿色叶片"", ""space"": ""占据前景地面，花丛间可见部分土壤或铺装地面"", ""occlusion"": ""左下角有水印文字覆盖""}, {""location"": ""画面中景"", ""content"": ""两名游客（一穿条纹衫，一穿黄衣）及后方的黄色花带"", ""space"": ""位于花丛之间的通道区域"", ""occlusion"": ""人物部分遮挡了后方的花丛""}, {""location"": ""画面背景"", ""content"": ""茂密的绿色树木、远处的山丘及灰白色天空"", ""space"": ""位于所有前景花卉之后，延伸至地平线"", ""occlusion"": ""无明显遮挡""}]","[""花卉"", ""菊花"", ""花园"", ""植物"", ""户外景观""]","[""左下角存在“无他相机”水印"", ""右下角存在“头条”水印"", ""天空阴沉，光线较平""]",unreviewed,"{""relative_uri"": ""demiwtg/collect/datasets/images.lance"", ""version"": 5, ""sha256"": ""004b96ca028da11e5dc387bcb223336b38ce67ff09796c3e2e999375fe1cfbee"", ""column"": ""data""}"
110,004b9bc685f6591f14dbf8e2b369e0e3d89a53691a9dcf33a4c031ff735383de,"[""花手鞠绣球""]",1080,1620,photo,"[""花卉"", ""庭院植物""]","[""近景"", ""斜俯视""]",一丛盛开的粉色绣球花，花球圆润饱满，绿叶衬托，背景为模糊的庭院地面。,图像清晰展示了绣球花丛，主体明确，符合来源概念，且具备可编辑的视觉区域。,"[{""location"": ""画面中央"", ""content"": ""一朵硕大的粉色绣球花球，花瓣密集。"", ""space"": ""占据画面中心主要位置，周围被叶片环绕。"", ""occlusion"": ""无明显遮挡，完整可见。""}, {""location"": ""画面右上方"", ""content"": ""几朵粉色绣球花，部分花瓣呈现淡紫色调。"", ""space"": ""位于画面右上部，与中心花球相邻。"", ""occlusion"": ""部分被前景叶片遮挡。""}, {""location"": ""画面左上方"", ""content"": ""一朵颜色较浅、略带黄绿色的绣球花球。"", ""space"": ""位于左上角，处于半开放状态。"", ""occlusion"": ""部分被上方叶片遮挡。""}, {""location"": ""画面底部"", ""content"": ""深绿色的绣球花叶片及地面的杂草。"", ""space"": ""作为背景衬托，占据画面下方区域。"", ""occlusion"": ""部分被上方花球遮挡。""}]","[""绣球花"", ""花卉"", ""植物"", ""庭院"", ""粉色""]","[""右下角有微博水印。""]",unreviewed,"{""relative_uri"": ""demiwtg/collect/datasets/images.lance"", ""version"": 5, ""sha256"": ""004b9bc685f6591f14dbf8e2b369e0e3d89a53691a9dcf33a4c031ff735383de"", ""column"": ""data""}"
111,004c662fdabdc02c1adbbfbb9c6e6bd6df29ac832f1c895531f755bcad7371d9,"[""滑板合影""]",1200,1799,photo,"[""户外公交站台"", ""人物合影"", ""街头滑板""]","[""斜俯视"", ""全景""]",五位年轻女性在户外公交站台合影，其中一人站在站台边缘，一人脚踩滑板，背景可见树木与广告牌。,图像清晰展示了户外公交站台场景，包含人物合影与滑板元素，符合来源概念，且地面与站台结构清晰，具备编辑基础。,"[{""location"": ""画面下方前景"", ""content"": ""灰色混凝土路面，可见黑色滑板及人物鞋履"", ""space"": ""地面平坦，滑板占据部分空间，周围有阴影"", ""occlusion"": ""无遮挡""}, {""location"": ""画面中后部"", ""content"": ""绿色金属公交候车亭，包含网状围栏与长椅"", ""space"": ""长椅被人物占据，围栏后方可见树木"", ""occlusion"": ""部分被人物遮挡""}, {""location"": ""画面左侧"", ""content"": ""竖立的广告牌，印有“RENNERVATION”字样及人物肖像"", ""space"": ""位于候车亭侧面，占据垂直空间"", ""occlusion"": ""无遮挡""}, {""location"": ""画面右侧"", ""content"": ""绿色铁丝网围栏及后方植被"", ""space"": ""围栏延伸至画面边缘，后方为自然背景"", ""occlusion"": ""无遮挡""}]","[""滑板"", ""公交站台"", ""户外合影"", ""街头服饰"", ""城市设施""]","[""人物较多，占据画面主要区域，可能限制背景编辑空间"", ""地面有阴影，可能影响光影一致性""]",unreviewed,"{""relative_uri"": ""demiwtg/collect/datasets/images.lance"", ""version"": 5, ""sha256"": ""004c662fdabdc02c1adbbfbb9c6e6bd6df29ac832f1c895531f755bcad7371d9"", ""column"": ""data""}"
112,004d0f2bb837a8385662f1d0422315681ef368dc5811ef4d86f7188204af03ba,"[""胡桃夹子""]",3072,1743,photo,"[""舞台表演"", ""芭蕾舞剧"", ""节日场景""]","[""全景"", ""正面""]",舞台剧《胡桃夹子》演出场景，中央为身穿红色制服的士兵角色，周围环绕着老鼠角色，背景可见圣诞树与城堡布景。,图像清晰展示了《胡桃夹子》芭蕾舞剧的舞台场景，包含明确的表演者与布景，符合来源概念且具备可编辑区域。,"[{""location"": ""画面中央"", ""content"": ""身穿红色军装、白色裤子的士兵角色，手持剑，呈舞蹈姿态。"", ""space"": ""占据舞台中心主要位置，周围有空间但被其他角色部分包围。"", ""occlusion"": ""无遮挡，全身可见。""}, {""location"": ""画面左侧"", ""content"": ""多只穿着戏服的老鼠角色，其中一只体型较大，呈站立姿态。"", ""space"": ""占据舞台左侧区域，角色之间有部分重叠。"", ""occlusion"": ""部分角色被前方角色遮挡。""}, {""location"": ""画面背景中央"", ""content"": ""装饰有彩灯的圣诞树。"", ""space"": ""位于舞台后方，作为背景元素。"", ""occlusion"": ""被前方角色部分遮挡。""}, {""location"": ""画面右侧"", ""content"": ""城堡风格的舞台布景及更多老鼠角色。"", ""space"": ""占据舞台右侧及背景区域。"", ""occlusion"": ""部分被前方角色遮挡。""}]","[""舞台"", ""表演"", ""节日"", ""戏剧"", ""舞蹈""]","[""舞台灯光较暗，背景细节可能不够清晰。"", ""角色众多，部分区域较为拥挤。""]",unreviewed,"{""relative_uri"": ""demiwtg/collect/datasets/images.lance"", ""version"": 5, ""sha256"": ""004d0f2bb837a8385662f1d0422315681ef368dc5811ef4d86f7188204af03ba"", ""column"": ""data""}"
113,004dbff70a75ef1feae25ac64e07d34219582c5f2053a4bbe321b439ba66b357,"[""川藏茶马古道"", ""滇藏茶马古道""]",1827,2400,photo,"[""马帮运输"", ""山地古道"", ""历史民俗""]","[""平视"", ""中景"", ""侧面""]",一张棕褐色调的历史照片，展示了马帮在崎岖山路上运输货物的场景，前景为背负巨大竹编货物的人，背景可见其他马帮成员与山林。,图像清晰展示了茶马古道上的马帮运输场景，人物、货物与地形结构完整，符合历史景观与文化遗产区域的视觉特征。,"[{""location"": ""画面左侧前景"", ""content"": ""一名背负巨大竹编货物的人，货物堆叠极高，几乎遮挡了上半身，可见其面部、手臂及腿部。"", ""space"": ""人物占据左侧主要空间，货物体积庞大，与右侧货物形成夹道之势。"", ""occlusion"": ""货物遮挡了人物背部及大部分身体，头部清晰可见。""}, {""location"": ""画面右侧前景"", ""content"": ""另一名背负竹编货物的人，货物呈圆柱状层层堆叠，侧面挂有一顶斗笠。"", ""space"": ""占据右侧主要空间，货物高度超过人物头部，底部可见支撑杆。"", ""occlusion"": ""货物完全遮挡了该人物的上半身，仅露出腿部。""}, {""location"": ""画面中央中景"", ""content"": ""崎岖不平的土石路面，散落着碎石，延伸向画面深处。"", ""space"": ""位于两列货物之间，是马帮行进的主要通道。"", ""occlusion"": ""路面部分被前景人物的腿部遮挡。""}, {""location"": ""画面背景"", ""content"": ""模糊的山林植被与更多戴斗笠的马帮成员，显示出队伍的长度。"", ""space"": ""位于道路尽头，作为环境背景。"", ""occlusion"": ""受景深影响，背景人物和树木较为模糊。""}]","[""马帮"", ""古道"", ""竹编货物"", ""斗笠"", ""山地"", ""历史照片""]","[""图像为单色棕褐色调，色彩信息缺失。"", ""背景人物细节模糊，难以进行精细编辑。""]",unreviewed,"{""relative_uri"": ""demiwtg/collect/datasets/images.lance"", ""version"": 5, ""sha256"": ""004dbff70a75ef1feae25ac64e07d34219582c5f2053a4bbe321b439ba66b357"", ""column"": ""data""}"
114,004df09e8055a345217324f2acf4e7674a2d03b3731d49da6fd7c500f3fa0539,"[""东湖生态旅游景区""]",1080,1617,photo,"[""公园景观"", ""城市地标"", ""花卉绿植""]","[""全景"", ""仰视""]",户外公园场景，前景为茂密的紫叶植物与多彩花卉，背景矗立着一座白色网格状高塔及路灯，天空晴朗。,图像展示了清晰的户外公园景观，包含前景花坛、中景植物及背景地标建筑，场景连贯且具备可编辑空间。,"[{""location"": ""画面中上部"", ""content"": ""白色网格状高塔结构"", ""space"": ""背景主体，占据垂直空间，周围为天空"", ""occlusion"": ""塔身下部被前景植物部分遮挡""}, {""location"": ""画面前景及中下部"", ""content"": ""茂密的紫叶植物与粉、黄、红色花卉"", ""space"": ""占据画面下半部分，植物生长密集"", ""occlusion"": ""无遮挡，为画面主体""}, {""location"": ""画面左侧"", ""content"": ""白色多头路灯"", ""space"": ""位于花坛后方，垂直竖立"", ""occlusion"": ""灯杆下部被植物遮挡""}, {""location"": ""画面底部边缘"", ""content"": ""灰色铺装地面"", ""space"": ""位于花坛前方，可见少量路面"", ""occlusion"": ""大部分被花坛边缘遮挡""}]","[""公园"", ""花坛"", ""地标建筑"", ""城市景观"", ""户外"", ""绿化""]","[""前景植物枝叶繁茂，遮挡了背景建筑及地面的部分细节"", ""背景天空区域过曝，细节较少""]",unreviewed,"{""relative_uri"": ""demiwtg/collect/datasets/images.lance"", ""version"": 5, ""sha256"": ""004df09e8055a345217324f2acf4e7674a2d03b3731d49da6fd7c500f3fa0539"", ""column"": ""data""}"
115,004e34dbc0e1f4ff24234293a8bc99027c3e89b78542e4b323b27a6ec13a5ac2,"[""绞缬""]",1530,2040,photo,"[""手工艺制作"", ""纺织工艺""]","[""近景"", ""斜俯视""]",一张特写照片，展示了用棉线扎结的白色布料团，放置在带有颜料痕迹的工作台面上。,图像清晰展示了绞缬工艺中扎结布料的特写，主体清晰且背景具有可编辑的工作台空间，符合保留条件。,"[{""location"": ""画面中央"", ""content"": ""被棉线紧密扎结的白色布料团，可见明显的螺旋状折叠纹理和线头。"", ""space"": ""占据画面核心位置，体积较大，遮挡了部分背景。"", ""occlusion"": ""无遮挡，主体完整可见。""}, {""location"": ""画面下方及左侧"", ""content"": ""带有黄色和蓝色颜料斑点的工作台面。"", ""space"": ""作为背景承载物，表面有零散的空位。"", ""occlusion"": ""部分被布料团遮挡。""}, {""location"": ""画面左上角"", ""content"": ""模糊的棕色纸盒边缘。"", ""space"": ""位于背景深处，空间有限。"", ""occlusion"": ""被裁切且处于焦外。""}]","[""布料"", ""棉线"", ""工作台"", ""手工艺"", ""扎染""]","[""背景较为杂乱，存在颜料污渍。"", ""景深较浅，背景物体模糊。""]",unreviewed,"{""relative_uri"": ""demiwtg/collect/datasets/images.lance"", ""version"": 5, ""sha256"": ""004e34dbc0e1f4ff24234293a8bc99027c3e89b78542e4b323b27a6ec13a5ac2"", ""column"": ""data""}"
116,004ec5d8b8738d85627376b3f3ce6e78519e65f2159958843f64b19ebfc62877,"[""小号轮盘球""]",1920,1920,photo,"[""玩具静物"", ""桌面场景""]","[""斜俯视"", ""近景""]",多个色彩鲜艳的小型球类玩具（包括轮盘球、篮球纹球、足球纹球等）散落在铺有杂志和白色布料的平面上。,图像清晰展示了多种小型球类玩具（含轮盘球）散落在平面上的场景，主体明确，背景承载物清晰，具备编辑初态。,"[{""location"": ""画面中央"", ""content"": ""白色杂志页面，印有模糊的建筑线条图"", ""space"": ""平面承载物，部分区域被球体遮挡，留有空白"", ""occlusion"": ""被周围球体部分遮挡""}, {""location"": ""画面右下角"", ""content"": ""橙色带黑色五边形图案的球体"", ""space"": ""位于白色布料上，周围有少量空间"", ""occlusion"": ""无遮挡""}, {""location"": ""画面左侧"", ""content"": ""多个不同花纹的球体（笑脸、大理石纹等）"", ""space"": ""密集排列，占据左侧大部分空间"", ""occlusion"": ""球体之间相互遮挡""}, {""location"": ""画面底部"", ""content"": ""白色褶皱布料"", ""space"": ""作为底层背景，可见部分褶皱"", ""occlusion"": ""被上方杂志和球体遮挡""}]","[""球类玩具"", ""轮盘球"", ""桌面"", ""静物"", ""杂志""]","[""球体数量较多且分布密集，部分区域空间较小"", ""背景杂志上的文字和图案较为模糊""]",unreviewed,"{""relative_uri"": ""demiwtg/collect/datasets/images.lance"", ""version"": 5, ""sha256"": ""004ec5d8b8738d85627376b3f3ce6e78519e65f2159958843f64b19ebfc62877"", ""column"": ""data""}"
117,004f5fb560b0646fd7f5bd663ebd285340d8d97659d36a47260e3e7dbbe60c30,"[""加州春季野花""]",2000,1436,photo,"[""自然环境"", ""野花景观""]","[""近景"", ""斜俯视""]",低角度拍摄的加州罂粟花田，前景为清晰的橙黄色花朵与绿叶，背景是覆盖着野花的起伏山丘。,图像清晰展示了加州春季野花（加州罂粟）的自然景观，前景与背景层次分明，具备可编辑的实用空间。,"[{""location"": ""画面前景左侧"", ""content"": ""盛开的橙黄色加州罂粟花朵及绿色茎叶"", ""space"": ""占据前景主要位置，花朵与叶片交错分布"", ""occlusion"": ""无遮挡，清晰可见""}, {""location"": ""画面中景"", ""content"": ""密集的野花丛与绿色植被"", ""space"": ""连接前景与背景，植被茂密"", ""occlusion"": ""部分被前景花朵遮挡""}, {""location"": ""画面背景"", ""content"": ""覆盖着橙色野花的山坡"", ""space"": ""延伸至地平线，呈现大面积花海"", ""occlusion"": ""无遮挡，透视清晰""}, {""location"": ""画面右下角"", ""content"": ""白色水印文字与图标"", ""space"": ""叠加在植被之上"", ""occlusion"": ""覆盖部分背景植被""}]","[""野花"", ""自然景观"", ""植物"", ""户外"", ""花海""]","[""右下角存在水印文字"", ""背景部分区域因景深原因略显模糊""]",unreviewed,"{""relative_uri"": ""demiwtg/collect/datasets/images.lance"", ""version"": 5, ""sha256"": ""004f5fb560b0646fd7f5bd663ebd285340d8d97659d36a47260e3e7dbbe60c30"", ""column"": ""data""}"
118,005052d427ae619e9b708e004439eafd4f95e5723d9aada70b994e459876e979,"[""德国洋甘菊""]",1080,1440,photo,"[""植物生长场景"", ""花卉特写""]","[""正面"", ""近景""]",一束带有白色花瓣和黄色花心的洋甘菊，绿叶茂盛，背景为纯净的浅灰蓝色。,图像清晰展示了洋甘菊植物，主体明确，背景干净，符合植物生长场景的编辑需求。,"[{""location"": ""画面中上部"", ""content"": ""多朵盛开的洋甘菊，白色花瓣环绕黄色花心"", ""space"": ""花朵占据主要视觉中心，分布较为密集"", ""occlusion"": ""无明显遮挡，部分花朵因角度不同呈现不同形态""}, {""location"": ""画面中下部"", ""content"": ""绿色的洋甘菊茎叶，叶片呈羽状分裂"", ""space"": ""枝叶交错，支撑着上方的花朵"", ""occlusion"": ""部分叶片被其他枝叶遮挡""}, {""location"": ""背景区域"", ""content"": ""均匀的浅灰蓝色背景"", ""space"": ""背景留白较多，衬托主体"", ""occlusion"": ""无遮挡""}]","[""洋甘菊"", ""花卉"", ""植物"", ""绿叶"", ""草本植物""]",[],unreviewed,"{""relative_uri"": ""demiwtg/collect/datasets/images.lance"", ""version"": 5, ""sha256"": ""005052d427ae619e9b708e004439eafd4f95e5723d9aada70b994e459876e979"", ""column"": ""data""}"
119,00538955729a9612f422291987e803e16526615ce3198804dd03efb281e2817a,"[""佛光寺""]",5472,3648,photo,"[""历史建筑"", ""木构梁架"", ""室内结构""]","[""仰视"", ""近景""]",仰视视角下的传统木构建筑内部，可见绘有红黄云纹的粗大横梁与立柱，上方为密集的灰色椽条屋顶结构，下方为白色墙面。,图像清晰展示了传统木构建筑的内部梁架结构，具有明确的历史建筑特征，与来源概念“佛光寺”及“历史建筑”高度匹配，且结构细节丰富，适合作为编辑底图。,"[{""location"": ""画面中央"", ""content"": ""两根横向贯穿的粗大木梁，表面绘有红黄相间的云纹图案，梁身有明显的木纹与漆面质感。"", ""space"": ""占据画面核心位置，连接左右立柱，上方有斜向支撑结构。"", ""occlusion"": ""无遮挡，结构完整可见。""}, {""location"": ""画面上方"", ""content"": ""密集的灰色木质椽条与望板，呈放射状排列，构成屋顶的底部结构。"", ""space"": ""占据画面上半部分，形成深邃的顶部空间。"", ""occlusion"": ""无遮挡，透视感强。""}, {""location"": ""画面左下"", ""content"": ""一根红色的方形立柱，表面光滑，旁边可见部分白色窗棂结构。"", ""space"": ""位于前景左侧，支撑上方梁架。"", ""occlusion"": ""部分被画面边缘裁切。""}, {""location"": ""画面底部"", ""content"": ""白色的墙面，表面有细微的裂纹与污渍，右下角可见部分壁画痕迹。"", ""space"": ""位于梁架下方，作为背景衬托。"", ""occlusion"": ""无遮挡。""}]","[""古建筑"", ""木结构"", ""梁架"", ""寺庙"", ""斗拱"", ""彩绘""]","[""仰视角度导致透视变形较大，编辑时需考虑透视匹配。"", ""梁架结构复杂，遮挡关系多，局部编辑需精细处理。""]",unreviewed,"{""relative_uri"": ""demiwtg/collect/datasets/images.lance"", ""version"": 5, ""sha256"": ""00538955729a9612f422291987e803e16526615ce3198804dd03efb281e2817a"", ""column"": ""data""}"
120,0053a05c5b9b79fe7cd5389d9ab84ce833cf62f7343605f8ebf4be83207e8713,"[""临沂市博物馆""]",3264,2448,photo,"[""博物馆建筑"", ""城市广场"", ""人文景观""]","[""全景"", ""斜俯视""]",临沂市博物馆建筑外观，红褐色镂空外墙，前方广场有石柱、树木及草坪。,图像清晰展示了临沂市博物馆建筑外观及前广场，场景连贯，具备明确的建筑立面与地面空间，符合保留条件。,"[{""location"": ""画面上半部"", ""content"": ""红褐色镂空纹理建筑外墙，右上角有“临沂市博物馆”白色字样"", ""space"": ""建筑主体立面，占据画面主要背景"", ""occlusion"": ""无遮挡""}, {""location"": ""画面左下及中部"", ""content"": ""两根白色雕花石柱，立于方形基座之上"", ""space"": ""广场铺装地面，石柱周围有少量绿植"", ""occlusion"": ""无遮挡""}, {""location"": ""画面底部"", ""content"": ""绿色草坪与铺装路面"", ""space"": ""开阔的室外地面空间"", ""occlusion"": ""无遮挡""}, {""location"": ""画面右侧"", ""content"": ""几棵落叶乔木，枝叶稀疏"", ""space"": ""建筑前方绿化带"", ""occlusion"": ""部分遮挡建筑底层玻璃窗""}]","[""博物馆"", ""建筑外观"", ""广场"", ""石柱"", ""城市地标""]",[],unreviewed,"{""relative_uri"": ""demiwtg/collect/datasets/images.lance"", ""version"": 5, ""sha256"": ""0053a05c5b9b79fe7cd5389d9ab84ce833cf62f7343605f8ebf4be83207e8713"", ""column"": ""data""}"
121,00542bc31f79a18c5170109c2e123766268a92f907fb39b246871f68e2a71f83,"[""碾米机""]",1080,1080,photo,"[""农产品加工机械"", ""工业设备展示""]","[""斜俯视"", ""全景""]",一台灰白色的双头碾米机放置在水泥地面上，机器顶部有两个漏斗状进料口，侧面可见电机和皮带轮结构，底部有出料槽。,图像清晰展示了一台双头碾米机，主体完整，结构细节（如进料斗、电机、出料口）清晰可辨，且置于水泥地面场景中，符合保留条件。,"[{""location"": ""画面上方"", ""content"": ""两个灰白色的漏斗状进料斗"", ""space"": ""占据机器顶部空间，开口朝上"", ""occlusion"": ""无遮挡""}, {""location"": ""画面左侧中部"", ""content"": ""带有散热孔的电机外壳及皮带轮"", ""space"": ""位于机器侧面，连接传动系统"", ""occlusion"": ""无遮挡""}, {""location"": ""画面下方"", ""content"": ""金属支架与出料槽"", ""space"": ""支撑机器主体，出料口位于底部前方"", ""occlusion"": ""无遮挡""}, {""location"": ""背景"", ""content"": ""灰色水泥地面"", ""space"": ""机器周围的地面区域"", ""occlusion"": ""无遮挡""}]","[""碾米机"", ""农业机械"", ""加工车间"", ""工业设备"", ""农产品加工""]",[],unreviewed,"{""relative_uri"": ""demiwtg/collect/datasets/images.lance"", ""version"": 5, ""sha256"": ""00542bc31f79a18c5170109c2e123766268a92f907fb39b246871f68e2a71f83"", ""column"": ""data""}"
122,00543561ed3a26676a4cb57503f98d78a490a357a25061384af4200dbf7032e0,"[""居延汉简""]",4592,3448,photo,"[""文物展览"", ""博物馆陈列"", ""古代简牍""]","[""斜俯视"", ""近景""]",黑色展台上平铺陈列着十余枚长短不一的古代木简，木简表面可见墨书文字，部分简牍有断裂痕迹，由黑色泡沫块固定。,图像清晰展示了陈列在黑色衬底上的多枚汉代木简，场景连贯，木简表面及周围空间可辨，符合候选池保留条件。,"[{""location"": ""画面左侧"", ""content"": ""数枚较短的木简，表面有清晰的墨书文字，部分简端有残缺。"", ""space"": ""木简之间留有黑色泡沫衬底空隙，木简被黑色泡沫块固定。"", ""occlusion"": ""无遮挡，完整可见。""}, {""location"": ""画面中部"", ""content"": ""几枚较长的木简，其中一枚有明显的横向断裂，文字依稀可辨。"", ""space"": ""木简平行排列，下方有黑色泡沫支撑，周围为黑色背景。"", ""occlusion"": ""无遮挡。""}, {""location"": ""画面右侧"", ""content"": ""三枚较长的木简，排列较为紧密，表面文字清晰。"", ""space"": ""木简占据右侧大部分区域，底部有黑色泡沫块固定。"", ""occlusion"": ""无遮挡。""}, {""location"": ""画面背景"", ""content"": ""黑色颗粒状泡沫衬底，作为展陈背景。"", ""space"": ""填充了木简之间的空隙，提供了平整的展示平面。"", ""occlusion"": ""无遮挡。""}]","[""木简"", ""文物"", ""书法"", ""展览"", ""历史"", ""竹简""]","[""部分木简表面文字因年代久远或拍摄角度略显模糊"", ""木简存在物理断裂和残缺""]",unreviewed,"{""relative_uri"": ""demiwtg/collect/datasets/images.lance"", ""version"": 5, ""sha256"": ""00543561ed3a26676a4cb57503f98d78a490a357a25061384af4200dbf7032e0"", ""column"": ""data""}"
123,00543be5d41763d63b2b4a793fea26a150bf7e026c0c4db0ec0680c021ee6168,"[""清康熙青花"", ""清康熙青花冰梅纹将军罐"", ""清康熙青花山水人物纹瓶""]",3000,4000,photo,"[""文物展览"", ""博物馆"", ""瓷器""]","[""正面"", ""全景"", ""平视""]",一件清康熙青花方瓶，颈部绘有山水人物纹，腹部主体为白地青花书法，置于灰色背景中。,图像清晰展示了清康熙青花方瓶的完整形态，器身纹饰与书法清晰可辨，符合文物展览场景的候选标准。,"[{""location"": ""画面中部偏下，瓶身腹部"", ""content"": ""白釉地，绘有竖排青花书法文字，左下角有方形印章款识"", ""space"": ""大面积平整的方形器身表面，文字排列整齐，留有边距"", ""occlusion"": ""无遮挡，完整可见""}, {""location"": ""画面上部，瓶颈处"", ""content"": ""白釉地，绘有青花山水、树木及人物纹饰"", ""space"": ""圆柱形颈部空间，纹饰环绕分布"", ""occlusion"": ""无遮挡，完整可见""}, {""location"": ""画面最上方，瓶口"", ""content"": ""撇口，口沿外翻，内壁可见"", ""space"": ""瓶口边缘及内部空间"", ""occlusion"": ""无遮挡""}, {""location"": ""画面最下方，瓶底"", ""content"": ""方形圈足，底部平整"", ""space"": ""支撑面，与背景接触"", ""occlusion"": ""无遮挡""}]","[""青花瓷"", ""方瓶"", ""书法"", ""文物"", ""瓷器"", ""康熙""]",[],unreviewed,"{""relative_uri"": ""demiwtg/collect/datasets/images.lance"", ""version"": 5, ""sha256"": ""00543be5d41763d63b2b4a793fea26a150bf7e026c0c4db0ec0680c021ee6168"", ""column"": ""data""}"
124,0054b3a84ea5382c7d82843188628cca1591a140826c83c4033c5690160f4374,"[""应天书院""]",4096,3072,photo,"[""古建筑"", ""旅游景点"", ""人文环境""]","[""正面"", ""全景"", ""平视""]",应天书院正门建筑外观，红墙灰瓦，门前有石阶和广场，右侧停放一辆自行车。,图像清晰展示了应天书院的正门建筑，场景连贯，前景广场与台阶提供了明确的可编辑空间，符合保留条件。,"[{""location"": ""画面下方前景"", ""content"": ""灰色石板铺设的广场地面"", ""space"": ""开阔平坦，无遮挡，占据画面底部约三分之一区域"", ""occlusion"": ""无""}, {""location"": ""画面中下方"", ""content"": ""通往大门的灰色石质台阶"", ""space"": ""台阶呈梯形向上延伸，两侧有斜坡，台阶表面可见"", ""occlusion"": ""无""}, {""location"": ""画面右侧中景"", ""content"": ""停放在台阶右侧的一辆黑色山地自行车"", ""space"": ""停靠在砖墙边，占据右侧部分空间"", ""occlusion"": ""无""}, {""location"": ""画面上方及中部"", ""content"": ""应天书院大门建筑，包括红墙、灰瓦屋顶、匾额及对联"", ""space"": ""建筑主体占据画面上半部分，结构完整"", ""occlusion"": ""无""}]","[""古建筑"", ""广场"", ""台阶"", ""旅游景点"", ""书院"", ""文化地标""]","[""前景广场地面纹理较为单一"", ""右侧自行车可能干扰部分编辑操作""]",unreviewed,"{""relative_uri"": ""demiwtg/collect/datasets/images.lance"", ""version"": 5, ""sha256"": ""0054b3a84ea5382c7d82843188628cca1591a140826c83c4033c5690160f4374"", ""column"": ""data""}"
125,0054e719cfdddd53c6d0d16406c4c1ed18eaab35eb4bda4c256a435ff865ee0b,"[""东正教堂""]",1080,1440,photo,"[""宗教建筑"", ""城市街道"", ""建筑环境""]","[""全景"", ""斜俯视"", ""正面""]",城市街道交叉口处的一座白色东正教风格教堂，拥有深色洋葱头穹顶，周围有现代高楼、行道树及交通设施。,图像清晰展示了具有典型东正教建筑特征（洋葱头穹顶）的教堂外观，场景连贯，具备明确的建筑主体与街道环境，符合保留条件。,"[{""location"": ""画面中央"", ""content"": ""白色教堂主体，包含多个深色洋葱头穹顶、拱形窗户及红色屋顶结构。"", ""space"": ""占据画面核心位置，建筑体量完整，周围有少量绿化遮挡底部。"", ""occlusion"": ""前方有电线杆和架空电线横穿，底部被灌木丛部分遮挡。""}, {""location"": ""画面前景"", ""content"": ""沥青路面，可见白色斑马线标线。"", ""space"": ""占据画面下方约三分之一区域，路面平整开阔。"", ""occlusion"": ""无明显遮挡，视野开阔。""}, {""location"": ""画面左侧"", ""content"": ""现代高层建筑群，包括玻璃幕墙大楼和米色住宅楼。"", ""space"": ""位于教堂左后方，作为背景存在。"", ""occlusion"": ""部分被前景的树木枝干遮挡。""}, {""location"": ""画面右侧"", ""content"": ""街道设施，包括红绿灯杆、路牌及行道树。"", ""space"": ""位于教堂右侧及前方，构成街道边界。"", ""occlusion"": ""树木枝干部分遮挡了教堂右侧墙面。""}]","[""教堂"", ""建筑"", ""街道"", ""城市"", ""穹顶"", ""地标""]","[""画面中架空电线较多，对建筑立面有一定视觉干扰。"", ""前景树木枝干遮挡了建筑的部分细节。""]",unreviewed,"{""relative_uri"": ""demiwtg/collect/datasets/images.lance"", ""version"": 5, ""sha256"": ""0054e719cfdddd53c6d0d16406c4c1ed18eaab35eb4bda4c256a435ff865ee0b"", ""column"": ""data""}"
126,0055b198256b4ead8e74791e9bf9e5dee26824511649dab69cad67183a08e4d1,"[""韩式辣白菜豆腐""]",1448,1086,photo,"[""韩式料理"", ""餐桌场景""]","[""斜俯视"", ""近景""]",一张摆满韩式料理的餐桌，前景有石锅拌饭和辣白菜豆腐汤，背景有金属碗盛装的拌饭、玉米段及紫色点心，背景为暖黄色。,图像清晰展示了韩式料理场景，包含石锅拌饭和辣白菜豆腐汤，与来源概念高度匹配，且桌面空间充足，具备编辑条件。,"[{""location"": ""画面前景中央"", ""content"": ""黑色石锅盛装的拌饭，包含煎蛋、牛肉、玉米、胡萝卜丝及海苔。"", ""space"": ""占据前景主要位置，下方垫有圆形木托盘。"", ""occlusion"": ""无遮挡，完整可见。""}, {""location"": ""画面右侧前景"", ""content"": ""金色金属锅盛装的辣白菜豆腐汤，可见豆腐块、牛肉及红色辣白菜。"", ""space"": ""位于石锅右侧，下方有金属底座。"", ""occlusion"": ""无遮挡，完整可见。""}, {""location"": ""画面中上部"", ""content"": ""两个金色金属碗，盛有拌饭，包含玉米、肉丝、海苔及蔬菜。"", ""space"": ""位于石锅后方，占据中景位置。"", ""occlusion"": ""无遮挡，完整可见。""}, {""location"": ""画面左侧及右下角"", ""content"": ""左侧有白色花朵装饰，右下角有金色餐具（勺子、叉子）。"", ""space"": ""分布在画面边缘，作为装饰和辅助元素。"", ""occlusion"": ""花朵部分被裁切，餐具完整可见。""}]","[""韩式料理"", ""石锅拌饭"", ""辣白菜豆腐汤"", ""餐桌"", ""金属餐具"", ""食物摄影""]","[""画面元素较多，背景物体密集，编辑时需考虑遮挡关系。""]",unreviewed,"{""relative_uri"": ""demiwtg/collect/datasets/images.lance"", ""version"": 5, ""sha256"": ""0055b198256b4ead8e74791e9bf9e5dee26824511649dab69cad67183a08e4d1"", ""column"": ""data""}"
127,005825210ee8be8e72a7409f03aba761a422a8c5a96b9a60de2bea784d2d84e7,"[""波斯波利斯""]",1439,1080,photo,"[""历史遗迹"", ""古代建筑"", ""考古现场""]","[""正面"", ""全景"", ""平视""]",波斯波利斯遗址的正面景观，前景为刻有古代人物浮雕的石墙，后方矗立着多根残破的石柱和门框结构，背景为晴朗蓝天。,图像清晰展示了波斯波利斯遗址的标志性浮雕墙与残存石柱，场景连贯，具备明确的可编辑区域。,"[{""location"": ""画面下方前景"", ""content"": ""刻有古代人物浮雕的石墙基座"", ""space"": ""占据画面底部约三分之一，表面平整，前方有碎石地面"", ""occlusion"": ""无遮挡，完整可见""}, {""location"": ""画面中上部"", ""content"": ""多根残存的高大石柱与门框结构"", ""space"": ""矗立在浮雕墙后方，高度不一，部分柱顶残缺"", ""occlusion"": ""无遮挡，结构清晰""}, {""location"": ""画面最左侧"", ""content"": ""一根高耸的独立石柱"", ""space"": ""位于画面左边缘，高度超过其他残柱"", ""occlusion"": ""无遮挡""}, {""location"": ""画面底部地面"", ""content"": ""灰白色的碎石与沙土地面"", ""space"": ""位于浮雕墙前方，延伸至画面边缘"", ""occlusion"": ""无遮挡""}]","[""石柱"", ""浮雕"", ""遗址"", ""石墙"", ""古迹"", ""建筑废墟""]","[""图像带有明显的胶片颗粒感，色彩略显陈旧"", ""浮雕细节在远距离下略显模糊""]",unreviewed,"{""relative_uri"": ""demiwtg/collect/datasets/images.lance"", ""version"": 5, ""sha256"": ""005825210ee8be8e72a7409f03aba761a422a8c5a96b9a60de2bea784d2d84e7"", ""column"": ""data""}"
128,0058643193d2a149f23bf36c436dfe15311533421ebcbf9d6e515009811cd0ff,"[""草编餐具垫""]",3264,2448,photo,"[""桌面场景"", ""餐具摆设"", ""室内静物""]","[""斜俯视"", ""近景""]",一张浅色木纹桌面上放置着圆形草编餐垫，垫上有一盘炸物，周围配有筷子、茶杯及调味碟。,图像清晰展示了草编餐具垫作为桌面承载物的场景，主体明确且透视关系正确，符合保留条件。,"[{""location"": ""画面中央"", ""content"": ""圆形草编餐垫，表面呈现编织纹理，上方放置白色圆盘及食物。"", ""space"": ""餐垫边缘可见，中心区域被盘子及食物占据。"", ""occlusion"": ""中心部分被白色圆盘遮挡，边缘完整可见。""}, {""location"": ""画面左下角"", ""content"": ""木质筷子架及一双深色筷子，放置在桌面上。"", ""space"": ""占据左下角部分桌面空间。"", ""occlusion"": ""无遮挡，完整可见。""}, {""location"": ""画面左上角"", ""content"": ""盛有深色液体的茶杯及盛有绿色葱花的小碟。"", ""space"": ""位于背景区域，占据左上角空间。"", ""occlusion"": ""无遮挡，完整可见。""}, {""location"": ""画面右上角"", ""content"": ""木质容器（部分可见），呈现深棕色木纹。"", ""space"": ""位于背景右侧，部分被画面边缘裁切。"", ""occlusion"": ""右侧及上方被画面边缘裁切。""}]","[""餐垫"", ""编织物"", ""桌面"", ""餐具"", ""食物"", ""静物""]","[""餐垫中心区域被盘子及食物大面积遮挡，仅边缘可见。""]",unreviewed,"{""relative_uri"": ""demiwtg/collect/datasets/images.lance"", ""version"": 5, ""sha256"": ""0058643193d2a149f23bf36c436dfe15311533421ebcbf9d6e515009811cd0ff"", ""column"": ""data""}"
129,00591d8f91b278c77130020f2a62abedd6c6c917072bb574edb76cf470a59f64,"[""剑川古城""]",3362,2241,photo,"[""古城广场"", ""传统楼阁"", ""白族建筑群""]","[""全景"", ""正面"", ""平视""]",蓝天白云下，一座三层重檐的木质楼阁矗立在开阔的铺石广场中央，匾额可见“文昌阁”字样，两侧为白墙灰瓦的连排建筑，背景是连绵的青山。,图像清晰展示了具有典型白族建筑风格的古城广场与楼阁，场景连贯且空间开阔，符合古城旅游空间的视觉特征。,"[{""location"": ""画面下方前景"", ""content"": ""宽阔的灰色石板铺装地面，中央有一块深色的矩形装饰图案。"", ""space"": ""大面积空旷区域，仅散布少量游客，地面平整且无大型障碍物。"", ""occlusion"": ""无遮挡，视野开阔。""}, {""location"": ""画面中央"", ""content"": ""三层中式木结构楼阁，飞檐翘角，挂有红底金字匾额，底部为石砌台基。"", ""space"": ""建筑主体占据画面中心，台基前有少量游客活动。"", ""occlusion"": ""无遮挡，建筑全貌清晰可见。""}, {""location"": ""画面左右两侧"", ""content"": ""白墙灰瓦的单层或两层传统建筑，带有木质门窗和廊柱。"", ""space"": ""建筑沿广场边缘延伸，门前有少量绿化和行人。"", ""occlusion"": ""无遮挡，建筑立面清晰。""}, {""location"": ""画面背景"", ""content"": ""覆盖植被的绿色山峦，上方是蓝天白云。"", ""space"": ""作为远景背景，无前景物体遮挡。"", ""occlusion"": ""无遮挡。""}]","[""古建筑"", ""广场"", ""旅游地标"", ""白族民居"", ""城市景观""]","[""广场上有少量行人，可能干扰对地面细节的编辑。""]",unreviewed,"{""relative_uri"": ""demiwtg/collect/datasets/images.lance"", ""version"": 5, ""sha256"": ""00591d8f91b278c77130020f2a62abedd6c6c917072bb574edb76cf470a59f64"", ""column"": ""data""}"
130,005967099df01e33c6ce3246feb5795914da9d5fad40e428a9ddf62bb3b53f0c,"[""老火例汤""]",4398,3550,photo,"[""汤品"", ""餐具""]","[""斜俯视"", ""近景""]",一个白色竖纹陶瓷炖盅，内盛金黄色肉汤和肉块，置于深灰色纹理背景上。,图像清晰展示了盛有肉汤的白色容器，符合“老火例汤”的视觉特征，且容器表面与汤面提供了明确的编辑区域。,"[{""location"": ""画面中央"", ""content"": ""金黄色肉汤及浸泡其中的肉块"", ""space"": ""汤面占据容器内部上方空间，肉块部分露出液面"", ""occlusion"": ""无遮挡""}, {""location"": ""画面中下部"", ""content"": ""白色陶瓷炖盅外壁"", ""space"": ""占据画面主体，表面有竖向凹凸纹理"", ""occlusion"": ""无遮挡""}, {""location"": ""画面背景"", ""content"": ""深灰色纹理表面"", ""space"": ""环绕炖盅四周，作为背景承载物"", ""occlusion"": ""无遮挡""}]","[""汤"", ""炖盅"", ""陶瓷容器"", ""肉"", ""食物""]","[""背景较为单一，缺乏复杂环境元素""]",unreviewed,"{""relative_uri"": ""demiwtg/collect/datasets/images.lance"", ""version"": 5, ""sha256"": ""005967099df01e33c6ce3246feb5795914da9d5fad40e428a9ddf62bb3b53f0c"", ""column"": ""data""}"
131,0059cd0bebbd02ed42d86757cbdf036a50d9e88d9fc50d7c9541b95395f1f16b,"[""中央火车站""]",4256,2832,photo,"[""城市建筑"", ""街道交通"", ""公共广场""]","[""全景"", ""斜俯视"", ""正面""]",一张展示乌拉圭蒙得维的亚中央火车站（Terminal Central）外观的街景照片，前景为宽阔的街道和停放的车辆，背景为宏伟的历史建筑。,图像清晰展示了中央火车站（Terminal Central）的宏伟建筑外观及前方广场，场景连贯且具备明确的公共空间特征，符合来源概念。,"[{""location"": ""画面前景及中下部"", ""content"": ""宽阔的沥青路面，可见车道标线及路缘石。"", ""space"": ""路面大部分区域空旷，右侧有一辆红色轿车正在行驶，左侧有少量停放车辆。"", ""occlusion"": ""无遮挡，视野开阔。""}, {""location"": ""画面中景，建筑前方"", ""content"": ""一排停放的汽车（包括白色SUV、银色轿车等）及带有涂鸦的白色施工围挡。"", ""space"": ""车辆沿路边停放，围挡后方为建筑底层拱廊区域。"", ""occlusion"": ""车辆和围挡遮挡了建筑底层的部分细节。""}, {""location"": ""画面背景主体"", ""content"": ""中央火车站的米黄色石质外墙，具有典型的欧式古典风格，包含拱门、窗户和屋顶装饰。"", ""space"": ""建筑占据画面大部分背景，结构完整。"", ""occlusion"": ""建筑主体清晰可见，无遮挡。""}, {""location"": ""画面左侧"", ""content"": ""光秃的树木枝干及路灯杆。"", ""space"": ""位于街道边缘，部分遮挡了建筑左侧边缘。"", ""occlusion"": ""树枝遮挡了部分天空和建筑顶部。""}]","[""火车站"", ""城市广场"", ""街道"", ""历史建筑"", ""公共空间""]","[""前景车辆较多，可能限制地面编辑空间"", ""中景涂鸦围挡遮挡了建筑底层部分细节""]",unreviewed,"{""relative_uri"": ""demiwtg/collect/datasets/images.lance"", ""version"": 5, ""sha256"": ""0059cd0bebbd02ed42d86757cbdf036a50d9e88d9fc50d7c9541b95395f1f16b"", ""column"": ""data""}"
132,005a001dd423bd174e9ce389f385aee982881cec194b78c268bb9373b4121264,"[""圣母圣心节"", ""圣母堂女修道院"", ""圣母安息大教堂中堂"", ""圣母报喜教堂"", ""圣母朝圣地"", ""圣母玛利亚圣诞节"", ""圣母玛利亚诞辰节"", ""圣母访亲节""]",1080,1335,photo,"[""宗教场所"", ""宗教仪式场景"", ""教堂环境""]","[""正面"", ""近景""]",一尊装饰华丽的圣母玛利亚雕像特写，头戴银色光芒光环，身披紫色刺绣斗篷与白色蕾丝头纱，面部带有泪痕，双手呈祈祷姿态。,图像清晰展示了宗教圣像（圣母像）的正面特写，具有明确的宗教场所/仪式场景特征，且头部、手部及服饰区域结构清晰，可作为编辑初态。,"[{""location"": ""画面顶部及头部周围"", ""content"": ""银色金属材质的放射状光环，镶嵌有宝石，具有复杂的雕刻细节。"", ""space"": ""占据画面上部约三分之一，作为头部背景。"", ""occlusion"": ""无遮挡，细节清晰。""}, {""location"": ""画面中央"", ""content"": ""圣母面部，肤色白皙，眼角有泪滴状装饰，表情肃穆。"", ""space"": ""位于光环中心，是视觉焦点。"", ""occlusion"": ""无遮挡。""}, {""location"": ""画面中下部"", ""content"": ""双手交叠于胸前，右手持白色蕾丝织物，左手持荆棘冠冕。"", ""space"": ""位于躯干前方，手部结构完整。"", ""occlusion"": ""无遮挡。""}, {""location"": ""画面两侧及肩部"", ""content"": ""深紫色天鹅绒斗篷，边缘饰有金色植物纹样刺绣。"", ""space"": ""覆盖身体两侧，向画面边缘延伸。"", ""occlusion"": ""无遮挡。""}]","[""宗教雕像"", ""圣母像"", ""宗教服饰"", ""教堂装饰"", ""宗教仪式"", ""宗教建筑""]","[""背景较暗且模糊，主要聚焦于雕像本身"", ""属于特写镜头，缺乏更广阔的环境空间""]",unreviewed,"{""relative_uri"": ""demiwtg/collect/datasets/images.lance"", ""version"": 5, ""sha256"": ""005a001dd423bd174e9ce389f385aee982881cec194b78c268bb9373b4121264"", ""column"": ""data""}"
133,005a404e71025140d5a0e3511d5d768be6a793e18112412da7b626c6b3cc44e5,"[""将棋""]",1080,1284,photo,"[""将棋棋盘"", ""棋具"", ""室内桌面""]","[""俯视"", ""全景""]",一张木质将棋棋盘的特写，棋盘上摆放着完整的初始布局棋子，包括王将、金将、银将、桂马、香车、飞车、角行和步兵。,图像清晰展示了标准的将棋棋盘与棋子布局，场景连贯，符合来源概念，具备明确的编辑区域。,"[{""location"": ""画面中央"", ""content"": ""棋盘中间区域，包含第4、5、6行，目前为空白格。"", ""space"": ""大面积空置的网格区域，表面平整。"", ""occlusion"": ""无遮挡。""}, {""location"": ""画面上方"", ""content"": ""棋盘顶部区域，排列着黑方（或上方）的棋子，包括飞车、角行、桂马等。"", ""space"": ""棋子占据了对应网格，排列整齐。"", ""occlusion"": ""无遮挡。""}, {""location"": ""画面下方"", ""content"": ""棋盘底部区域，排列着白方（或下方）的棋子，包括王将、金将、步兵等。"", ""space"": ""棋子占据了对应网格，排列整齐。"", ""occlusion"": ""无遮挡。""}, {""location"": ""画面边缘"", ""content"": ""棋盘边框，印有数字（1-9）和汉字（一至九）坐标。"", ""space"": ""边框区域，用于定位。"", ""occlusion"": ""无遮挡。""}]","[""棋盘"", ""棋子"", ""木质表面"", ""网格"", ""游戏道具""]",[],unreviewed,"{""relative_uri"": ""demiwtg/collect/datasets/images.lance"", ""version"": 5, ""sha256"": ""005a404e71025140d5a0e3511d5d768be6a793e18112412da7b626c6b3cc44e5"", ""column"": ""data""}"
134,005b6ff7b23d33d5aa7275e1f6b9e59aaaf8bf6cc9e2ce58cd7442069b6301f3,"[""非机动车道""]",3648,2736,photo,"[""城市街道"", ""道路交通"", ""公共空间""]","[""斜俯视"", ""全景""]",城市街道日间场景，左侧为机动车道，右侧为带有自行车标识的非机动车道，多名骑行者正在行驶，路边有绿化带和红色消防栓。,图像清晰展示了城市道路场景，路面可见明确的非机动车道标识（自行车图案）及骑行者，符合来源概念且具备可编辑区域。,"[{""location"": ""画面中下方路面"", ""content"": ""沥青路面，绘有白色自行车图案及车道分界线"", ""space"": ""非机动车道区域，路面平整，有骑行者经过"", ""occlusion"": ""无遮挡，视野开阔""}, {""location"": ""画面右侧前景"", ""content"": ""红色消防栓及绿色草坪"", ""space"": ""路边绿化带，地面有落叶"", ""occlusion"": ""无遮挡""}, {""location"": ""画面左侧"", ""content"": ""白色轿车及后方车辆"", ""space"": ""机动车道，车辆正在行驶"", ""occlusion"": ""无遮挡""}, {""location"": ""画面中景"", ""content"": ""多名骑电动车/摩托车的人员"", ""space"": ""非机动车道内，占据部分路面"", ""occlusion"": ""无遮挡""}]","[""道路"", ""交通设施"", ""车辆"", ""行人"", ""城市景观""]","[""路面有动态骑行者，编辑时需考虑遮挡关系"", ""右下角有水印""]",unreviewed,"{""relative_uri"": ""demiwtg/collect/datasets/images.lance"", ""version"": 5, ""sha256"": ""005b6ff7b23d33d5aa7275e1f6b9e59aaaf8bf6cc9e2ce58cd7442069b6301f3"", ""column"": ""data""}"
135,005b831c75fa60a42de969f04b2ea2a82215b7beacb79f2133451bb9c944ae4b,"[""芦花鸡""]",3264,2448,photo,"[""家禽养殖区"", ""农村环境"", ""农场""]","[""近景"", ""斜俯视""]",农村养殖场地内，一只芦花鸡位于前景中央，背景可见铁笼、简易棚舍及散养的其他鸡群。,图像清晰展示了农村养殖环境中的芦花鸡群，主体明确，场景连贯，符合保留条件。,"[{""location"": ""画面中央前景"", ""content"": ""一只羽毛黑白相间的芦花鸡，红色鸡冠清晰可见"", ""space"": ""占据画面中心主要位置，站立于水泥地面"", ""occlusion"": ""无遮挡""}, {""location"": ""画面左侧"", ""content"": ""一个生锈的金属丝笼，内部可见黄色食槽"", ""space"": ""放置于泥土地面上，占据左侧约三分之一区域"", ""occlusion"": ""无遮挡""}, {""location"": ""画面右侧及背景"", ""content"": ""多只散养的芦花鸡，部分正在觅食"", ""space"": ""分布在右侧水泥地面及后方围栏区域"", ""occlusion"": ""部分鸡只被前景鸡只或彼此遮挡""}, {""location"": ""画面左下角"", ""content"": ""地面散落着碎石块和泥土"", ""space"": ""位于前景鸡只左下方，地面不平整"", ""occlusion"": ""无遮挡""}]","[""家禽"", ""鸡"", ""养殖"", ""农场"", ""农村"", ""动物""]","[""背景较为杂乱，包含铁笼和简易建筑"", ""右下角有轻微水印""]",unreviewed,"{""relative_uri"": ""demiwtg/collect/datasets/images.lance"", ""version"": 5, ""sha256"": ""005b831c75fa60a42de969f04b2ea2a82215b7beacb79f2133451bb9c944ae4b"", ""column"": ""data""}"
136,005d29fb7ba247969bef75a8b37de4c56026148b7f03852014d2d63f5123b6ba,"[""明万历五彩镂空云凤纹瓶""]",2100,3150,photo,"[""瓷器"", ""文物"", ""静物""]","[""正面"", ""近景""]",一件置于白色台面上的五彩瓷罐，背景为米色织物，罐身绘有花卉、飞鸟及云纹图案。,图像清晰展示了具有典型明代风格的五彩瓷罐，场景连贯，主体完整，符合候选池保留标准。,"[{""location"": ""画面中央"", ""content"": ""瓷罐腹部，绘有红、绿、蓝、紫等色的花卉与飞鸟纹饰"", ""space"": ""占据画面主体，表面为弧形釉面"", ""occlusion"": ""无遮挡""}, {""location"": ""画面上方"", ""content"": ""瓷罐口沿及颈部，绘有红色火焰纹与绿色云纹"", ""space"": ""位于罐体上部，口沿呈圆形"", ""occlusion"": ""无遮挡""}, {""location"": ""画面下方"", ""content"": ""白色平面台面"", ""space"": ""作为承载物，占据画面底部区域"", ""occlusion"": ""无遮挡""}, {""location"": ""画面背景"", ""content"": ""米色织物背景"", ""space"": ""位于瓷罐后方，作为衬托"", ""occlusion"": ""无遮挡""}]","[""瓷器"", ""花瓶"", ""古董"", ""彩绘"", ""博物馆藏品""]",[],unreviewed,"{""relative_uri"": ""demiwtg/collect/datasets/images.lance"", ""version"": 5, ""sha256"": ""005d29fb7ba247969bef75a8b37de4c56026148b7f03852014d2d63f5123b6ba"", ""column"": ""data""}"
137,005dfc88c00ca821d9cce5124facd41b21a48677a69452e54ed72c7659a5182b,"[""儿童公园""]",2000,1333,photo,"[""儿童游乐设施"", ""公园绿地"", ""户外休闲""]","[""平视"", ""全景""]",户外公园儿童游乐区，一名女子在黄色铺装地面上照看坐在蓝色圆筒秋千里的幼儿，前景悬挂着黑色网状秋千，背景为树林。,图像清晰展示了户外儿童游乐场景，包含明确的游乐设施、地面铺装及人物互动，场景连贯且具备可编辑的实用空间。,"[{""location"": ""画面左下及中部地面"", ""content"": ""黄色与棕色相间的橡胶地垫，表面有白色线条装饰"", ""space"": ""大面积平整铺装区域，除人物站立点外大部分为空旷地面"", ""occlusion"": ""无遮挡，视野开阔""}, {""location"": ""画面中左侧"", ""content"": ""蓝白相间的圆筒形游乐设施，带有红色开口"", ""space"": ""设施内部容纳一名幼儿，外部占据部分地面空间"", ""occlusion"": ""无遮挡""}, {""location"": ""画面右前景"", ""content"": ""黑色圆形网状秋千，由金属链条悬挂"", ""space"": ""悬空于地面之上，下方对应区域为沙地或裸露地面"", ""occlusion"": ""无遮挡""}, {""location"": ""画面背景"", ""content"": ""茂密的绿色树木与植被"", ""space"": ""作为场景背景，占据画面上半部分"", ""occlusion"": ""无遮挡""}]","[""儿童游乐设施"", ""公园"", ""户外"", ""地面铺装"", ""秋千"", ""亲子互动""]","[""右下角存在水印文字"", ""前景秋千链条对背景部分树木有轻微遮挡""]",unreviewed,"{""relative_uri"": ""demiwtg/collect/datasets/images.lance"", ""version"": 5, ""sha256"": ""005dfc88c00ca821d9cce5124facd41b21a48677a69452e54ed72c7659a5182b"", ""column"": ""data""}"
138,005e9233e4e42be53cfe8f6175dac076cf3d4eb03faa6752bcc1ab9d3b0c4f33,"[""兰斯大教堂微笑天使""]",2526,2091,photo,"[""文化遗址"", ""宗教雕塑"", ""建筑细节""]","[""近景"", ""正面""]",兰斯大教堂外立面著名的微笑天使石雕特写，天使面带微笑，双翼展开，背景为哥特式建筑浮雕。,图像清晰展示了兰斯大教堂著名的微笑天使雕像，场景连贯，主体与背景结构完整，符合保留条件。,"[{""location"": ""画面中央"", ""content"": ""天使雕像的头部、躯干及双手，面部表情清晰，衣褶纹理可见。"", ""space"": ""占据画面核心位置，是主要的视觉焦点。"", ""occlusion"": ""无遮挡，完整可见。""}, {""location"": ""画面左侧"", ""content"": ""天使的左翼（观众视角左侧），羽毛雕刻细节丰富，呈展开状。"", ""space"": ""位于雕像左侧，延伸至画面边缘。"", ""occlusion"": ""无遮挡。""}, {""location"": ""画面右侧"", ""content"": ""天使的右翼（观众视角右侧），羽毛层叠，受光面明显。"", ""space"": ""位于雕像右侧，延伸至画面边缘。"", ""occlusion"": ""无遮挡。""}, {""location"": ""背景区域"", ""content"": ""哥特式建筑石墙，包含复杂的植物纹样浮雕和石柱结构。"", ""space"": ""填充天使雕像周围的空间，提供环境背景。"", ""occlusion"": ""部分被天使雕像遮挡。""}]","[""天使雕像"", ""哥特式建筑"", ""石雕"", ""宗教艺术"", ""兰斯大教堂"", ""文化地标""]","[""雕像表面有自然风化痕迹和污渍，属于历史文物的真实状态。"", ""画面为近景特写，未展示建筑全貌。""]",unreviewed,"{""relative_uri"": ""demiwtg/collect/datasets/images.lance"", ""version"": 5, ""sha256"": ""005e9233e4e42be53cfe8f6175dac076cf3d4eb03faa6752bcc1ab9d3b0c4f33"", ""column"": ""data""}"
139,005ed81ddfa27a3e34e569f4b80af42d0b600b962f6de51086f707bbf9293e26,"[""御林广场""]",2048,1575,photo,"[""公共空间"", ""城市景观"", ""建筑外观""]","[""正面"", ""全景"", ""平视""]",柏林音乐厅（Konzerthaus Berlin）的正面全景，新古典主义风格建筑，前方有台阶、雕塑群及少量行人。,图像清晰展示了柏林音乐厅（Konzerthaus Berlin）的正面建筑与广场空间，场景连贯，具备公共空间与城市景观特征，符合保留条件。,"[{""location"": ""画面下方中央"", ""content"": ""宽阔的石质台阶，表面平整，有行人站立或行走。"", ""space"": ""台阶占据前景主要空间，部分区域被雕塑基座和人物遮挡，其余为开放空间。"", ""occlusion"": ""中央被大型雕塑基座遮挡，两侧有少量行人。""}, {""location"": ""画面中央"", ""content"": ""一组白色大理石雕塑，包括中央站立的女神像及两侧坐姿人物。"", ""space"": ""雕塑群位于台阶顶端平台，占据画面中心视觉焦点。"", ""occlusion"": ""无遮挡，完整可见。""}, {""location"": ""画面上方及背景"", ""content"": ""新古典主义建筑立面，包含科林斯柱式、三角楣饰及“KONZERT BERLIN”字样。"", ""space"": ""建筑主体占据背景大部分区域，结构清晰。"", ""occlusion"": ""无遮挡。""}, {""location"": ""画面左右两侧边缘"", ""content"": ""青铜色骑马雕像，位于建筑侧翼的基座上。"", ""space"": ""位于建筑两侧延伸部分，作为装饰性元素。"", ""occlusion"": ""无遮挡。""}]","[""广场"", ""台阶"", ""建筑"", ""雕塑"", ""城市地标"", ""公共区域""]","[""前景雕塑群占据较大视觉空间，可能限制部分编辑区域。"", ""台阶上有少量行人，需注意避让或处理。""]",unreviewed,"{""relative_uri"": ""demiwtg/collect/datasets/images.lance"", ""version"": 5, ""sha256"": ""005ed81ddfa27a3e34e569f4b80af42d0b600b962f6de51086f707bbf9293e26"", ""column"": ""data""}"
140,005facd3225b3262c8a7abb52dbb476d64903351ad994308f0d18ef1845eca01,"[""巴黎新桥""]",3648,2736,photo,"[""城市景观"", ""历史建筑"", ""公共空间""]","[""全景"", ""平视""]",巴黎新桥上的城市景观，画面中心为亨利四世骑马雕像，前景为鹅卵石路面及一辆白色轿车，背景可见塞纳河沿岸的历史建筑与树木。,图像清晰展示了巴黎新桥（Pont Neuf）及其周边的城市景观，包含标志性的骑马雕像、鹅卵石路面及历史建筑，场景连贯且具备明确的编辑区域。,"[{""location"": ""画面前景"", ""content"": ""灰色鹅卵石路面"", ""space"": ""占据画面下方约三分之一，左侧停放一辆白色轿车，右侧为空旷路面"", ""occlusion"": ""无遮挡""}, {""location"": ""画面中景中心"", ""content"": ""骑马雕像及其白色基座"", ""space"": ""位于黑色铁栅栏围成的区域内，基座周围有少量空隙"", ""occlusion"": ""无遮挡""}, {""location"": ""画面中景右侧"", ""content"": ""黑色复古路灯及行人"", ""space"": ""位于人行道边缘，周围有少量行人活动"", ""occlusion"": ""无遮挡""}, {""location"": ""画面背景"", ""content"": ""塞纳河沿岸建筑与树木"", ""space"": ""位于雕像后方，被树木部分遮挡"", ""occlusion"": ""部分被树木遮挡""}]","[""城市街道"", ""历史地标"", ""桥梁"", ""雕塑"", ""公共广场""]","[""右下角存在橙色日期水印"", ""前景车辆占据部分路面空间""]",unreviewed,"{""relative_uri"": ""demiwtg/collect/datasets/images.lance"", ""version"": 5, ""sha256"": ""005facd3225b3262c8a7abb52dbb476d64903351ad994308f0d18ef1845eca01"", ""column"": ""data""}"
141,00606e6fbbf31827e4fa6c8ba0abc3f6819d3e3c427317688038423d5d93b8df,"[""圆形石板瓦"", ""现代石板瓦""]",3888,2592,photo,"[""建筑屋顶"", ""自然覆盖环境""]","[""近景"", ""斜俯视""]",一张老旧石板瓦屋顶的近景照片，瓦片上覆盖着绿色苔藓和枯黄的落叶，背景可见光秃的树枝。,图像清晰展示了石板瓦屋顶的纹理与结构，符合来源概念，且存在可定位的编辑区域。,"[{""location"": ""画面中上部"", ""content"": ""层叠排列的灰色石板瓦，表面有风化痕迹和零星苔藓。"", ""space"": ""瓦片表面相对平整，部分区域被落叶和苔藓覆盖，但整体结构清晰可见。"", ""occlusion"": ""无严重遮挡，背景树枝略微干扰视线。""}, {""location"": ""画面左下部"", ""content"": ""堆积的枯叶、干草和泥土，覆盖在石板瓦表面。"", ""space"": ""杂物堆积形成不规则表面，遮挡了部分瓦片纹理。"", ""occlusion"": ""落叶和干草遮挡了下方瓦片。""}, {""location"": ""画面右侧"", ""content"": ""较为干净的石板瓦区域，点缀着明显的圆形绿色苔藓斑块。"", ""space"": ""瓦片表面可见，苔藓斑块分布不均，留有瓦片底色。"", ""occlusion"": ""无遮挡。""}]","[""屋顶"", ""石板"", ""苔藓"", ""落叶"", ""建筑表面""]","[""屋顶表面杂物较多，部分区域纹理被遮挡。"", ""背景树枝可能干扰对屋顶边缘的判断。""]",unreviewed,"{""relative_uri"": ""demiwtg/collect/datasets/images.lance"", ""version"": 5, ""sha256"": ""00606e6fbbf31827e4fa6c8ba0abc3f6819d3e3c427317688038423d5d93b8df"", ""column"": ""data""}"
142,006084a8eed5ca6af2605bcfd52df771df4c7fb3e632a35e82699be033ad9096,"[""日本镰仓大佛""]",4864,3648,photo,"[""宗教场所"", ""石像"", ""庭院""]","[""近景"", ""平视""]",日本神社庭院碎石地面上的两尊地藏石像，石像颈部系有白色布条，背景为石墙与树木。,图像清晰展示了日本神社或寺庙庭院中的两尊地藏石像，场景连贯，石像表面及周围碎石地面提供了清晰可辨的编辑区域。,"[{""location"": ""画面左侧"", ""content"": ""较小的地藏石像，表面有风化痕迹，刻有汉字，颈部系有白色布条。"", ""space"": ""立于碎石地面上，周围有少量落叶。"", ""occlusion"": ""无遮挡，完整可见。""}, {""location"": ""画面右侧"", ""content"": ""较大的地藏石像，面部雕刻清晰，颈部系有白色布条。"", ""space"": ""立于碎石地面上，占据画面右侧主要位置。"", ""occlusion"": ""无遮挡，完整可见。""}, {""location"": ""画面背景"", ""content"": ""灰色石砌墙壁，墙前有树干和树枝。"", ""space"": ""位于石像后方，作为背景存在。"", ""occlusion"": ""部分被树枝遮挡。""}, {""location"": ""画面地面"", ""content"": ""铺满白色和灰色碎石的庭院地面。"", ""space"": ""平坦开阔，散布着落叶和小石块。"", ""occlusion"": ""无遮挡。""}]","[""石像"", ""神社"", ""庭院"", ""宗教"", ""日本"", ""地面""]",[],unreviewed,"{""relative_uri"": ""demiwtg/collect/datasets/images.lance"", ""version"": 5, ""sha256"": ""006084a8eed5ca6af2605bcfd52df771df4c7fb3e632a35e82699be033ad9096"", ""column"": ""data""}"
143,006120d1b6b9fd5b6c32d93290ab30fb1c4261d6d8c41e76b52e6b57b9b959c4,"[""魁北克大桥""]",1920,1200,photo,"[""桥梁"", ""河流"", ""冬季景观""]","[""全景"", ""平视""]",冬季黄昏时分的魁北克大桥，钢桁架结构在夕阳下呈剪影状，河面漂浮着碎冰，前景有枯枝。,图像清晰展示了魁北克大桥的剪影与冬季河面场景，结构完整，具备作为编辑底图的实用价值。,"[{""location"": ""画面中部"", ""content"": ""横跨河面的大型钢桁架桥梁，呈现黑色剪影。"", ""space"": ""占据画面水平中心，连接两岸。"", ""occlusion"": ""无遮挡，结构清晰。""}, {""location"": ""画面下半部"", ""content"": ""宽阔的河面，水面呈深蓝色，漂浮着大量白色碎冰。"", ""space"": ""占据前景与中景的大部分区域。"", ""occlusion"": ""前景左侧有枯枝遮挡部分视线。""}, {""location"": ""画面左侧前景"", ""content"": ""黑色的枯树枝条，无树叶。"", ""space"": ""从左下角延伸至画面中部。"", ""occlusion"": ""遮挡了部分河面与桥墩。""}, {""location"": ""画面上部"", ""content"": ""黄昏天空，云层呈深蓝色，地平线处有橙红色余晖。"", ""space"": ""占据画面上方约三分之一。"", ""occlusion"": ""无。""}]","[""桥梁"", ""河流"", ""冬季"", ""黄昏"", ""交通设施""]","[""前景枯枝遮挡了部分河面与桥体细节"", ""右下角有Microsoft Bing水印""]",unreviewed,"{""relative_uri"": ""demiwtg/collect/datasets/images.lance"", ""version"": 5, ""sha256"": ""006120d1b6b9fd5b6c32d93290ab30fb1c4261d6d8c41e76b52e6b57b9b959c4"", ""column"": ""data""}"
144,0061703f287273322f7a6e7fa4653ae32ca7996df037655fc5c1585e9ed68af3,"[""南宁轨道交通""]",1970,1450,render,"[""城市交通工具"", ""轨道交通接驳"", ""车辆外观""]","[""斜俯视"", ""全景"", ""侧面""]",一辆蓝色半透明车身的巴士三维渲染图，车身侧面印有“地铁快巴”字样及轨道交通相关图案，车顶装有白色设备箱，背景为纯白。,图像为清晰的三维渲染图，展示了带有“地铁快巴”标识的蓝色巴士，车身结构完整，透视关系明确，且与来源概念“轨道交通”高度相关。,"[{""location"": ""车身侧面中部"", ""content"": ""蓝色车漆表面，印有白色“地铁快巴”大字及黄色流线型装饰图案"", ""space"": ""大面积平整表面，无遮挡，适合进行贴图或文字编辑"", ""occlusion"": ""无""}, {""location"": ""车顶"", ""content"": ""白色空调机组及通风口设备，安装在半透明蓝色车顶上方"", ""space"": ""设备占据车顶大部分空间，周围有少量蓝色车顶表面"", ""occlusion"": ""无""}, {""location"": ""车身侧面车窗区域"", ""content"": ""深色玻璃窗，透过玻璃可见内部蓝色座椅及扶手结构"", ""space"": ""车窗区域被车身框架分割，内部空间可见"", ""occlusion"": ""无""}, {""location"": ""车身前部侧面"", ""content"": ""蓝色车漆，印有“社区专线”字样及编号“3959”"", ""space"": ""平整表面，位于前轮上方"", ""occlusion"": ""无""}]","[""巴士"", ""公交车"", ""车辆涂装"", ""城市交通"", ""接驳车""]","[""背景为纯白，缺乏环境参照，属于孤立物体展示"", ""车身材质为半透明渲染风格，非真实照片质感""]",unreviewed,"{""relative_uri"": ""demiwtg/collect/datasets/images.lance"", ""version"": 5, ""sha256"": ""0061703f287273322f7a6e7fa4653ae32ca7996df037655fc5c1585e9ed68af3"", ""column"": ""data""}"
145,0061e52b2d64d0f5eeba0515dd7d5b95a2ed7f3e4e2d2938b946915b068066e5,"[""瞻园""]",4032,2268,photo,"[""公园景观"", ""户外环境"", ""人文设施""]","[""斜俯视"", ""全景""]",户外公园碎石地面上的石碑，周围环绕着树木，背景可见台阶与围栏。,图像展示了清晰的户外公园场景，包含石碑、树木及碎石地面，透视关系明确，具备可编辑的承载空间。,"[{""location"": ""画面中央"", ""content"": ""竖立的长方形石碑，表面刻有文字，底部有方形基座。"", ""space"": ""石碑周围是碎石地面，占据画面中心位置。"", ""occlusion"": ""无遮挡，完整可见。""}, {""location"": ""画面右侧"", ""content"": ""一棵树干粗壮、根部隆起的树木。"", ""space"": ""位于石碑右侧，根部周围有少量落叶。"", ""occlusion"": ""树干下部被根部结构包围，上部延伸至画外。""}, {""location"": ""画面前景"", ""content"": ""大面积的深灰色碎石地面，散落着少量枯叶。"", ""space"": ""占据画面下半部分，表面平整，空间开阔。"", ""occlusion"": ""无遮挡。""}, {""location"": ""画面背景"", ""content"": ""远处的台阶、围栏及绿化带。"", ""space"": ""位于画面顶部，作为背景存在。"", ""occlusion"": ""部分被前景树木遮挡。""}]","[""公园"", ""石碑"", ""树木"", ""地面"", ""户外"", ""景观""]","[""石碑上的文字因距离和分辨率原因难以辨认。"", ""地面为碎石材质，非平整铺装。""]",unreviewed,"{""relative_uri"": ""demiwtg/collect/datasets/images.lance"", ""version"": 5, ""sha256"": ""0061e52b2d64d0f5eeba0515dd7d5b95a2ed7f3e4e2d2938b946915b068066e5"", ""column"": ""data""}"
146,0062d54a0e803c1df082e9f023e28466b69bd04fb1f40a6c4d092cb73ce5f026,"[""木质握把""]",1792,2400,photo,"[""运动装备"", ""静物展示""]","[""斜俯视"", ""近景""]",米色台面上摆放着一双白棕配色的儿童运动鞋、一个红白棒球以及一把带有木质握把的复古网球拍。,画面清晰展示了复古网球拍及其木质握把，符合来源概念，且场景连贯，具备可编辑区域。,"[{""location"": ""画面左下方"", ""content"": ""复古网球拍的木质握把，表面缠绕着深棕色皮革带，末端可见木质截面。"", ""space"": ""握把斜向延伸至画面边缘，占据前景主要位置。"", ""occlusion"": ""无遮挡，结构完整。""}, {""location"": ""画面左侧"", ""content"": ""网球拍的木质拍框与绿色网线，拍框边缘有绿色绑带装饰。"", ""space"": ""拍面平放于台面，部分位于画面边缘。"", ""occlusion"": ""拍框左侧边缘被画面裁切。""}, {""location"": ""画面中右侧"", ""content"": ""一双白棕配色的儿童运动鞋，带有魔术贴和鞋带设计。"", ""space"": ""两只鞋并排摆放，占据台面中心区域。"", ""occlusion"": ""无遮挡。""}, {""location"": ""画面左上方"", ""content"": ""一个红白相间的棒球，表面有红色缝线。"", ""space"": ""静置于台面左上角，靠近背景墙。"", ""occlusion"": ""无遮挡。""}]","[""网球拍"", ""木质手柄"", ""运动鞋"", ""棒球"", ""运动器材""]","[""网球拍拍框左侧被画面边缘裁切。""]",unreviewed,"{""relative_uri"": ""demiwtg/collect/datasets/images.lance"", ""version"": 5, ""sha256"": ""0062d54a0e803c1df082e9f023e28466b69bd04fb1f40a6c4d092cb73ce5f026"", ""column"": ""data""}"
147,0062ee6fb47587505317c0f854c60033cce9f07b83b8b4f75c0c77e07b4a1ff8,"[""菲律宾酸汤""]",2880,2160,photo,"[""餐饮环境"", ""烹饪场景""]","[""俯视"", ""近景""]",一锅正在烹煮的汤菜，包含绿色蔬菜、豆角、胡萝卜和肉丸，汤色呈橙黄色，右下角有水印。,图像清晰展示了盛满汤菜的锅具，场景连贯，食材与汤面区域清晰可见，符合保留条件。,"[{""location"": ""画面中央及左侧"", ""content"": ""橙黄色的汤液，表面有气泡和油光，浸泡着豆角和肉丸。"", ""space"": ""汤液占据了锅内大部分空间，表面有少量空隙。"", ""occlusion"": ""无遮挡，清晰可见。""}, {""location"": ""画面右侧"", ""content"": ""成簇的绿色叶菜，叶片宽大，茎部清晰。"", ""space"": ""叶菜漂浮在汤面上，占据了右侧约三分之一的区域。"", ""occlusion"": ""无遮挡，清晰可见。""}, {""location"": ""画面下方"", ""content"": ""橙红色的胡萝卜块，形状不规则。"", ""space"": ""位于汤底，部分被汤汁覆盖。"", ""occlusion"": ""部分被汤汁和气泡遮挡。""}, {""location"": ""画面边缘"", ""content"": ""白色锅沿，带有橙色把手。"", ""space"": ""锅沿环绕整个画面，界定了烹饪容器的边界。"", ""occlusion"": ""无遮挡。""}]","[""汤"", ""蔬菜"", ""锅具"", ""烹饪"", ""食物""]","[""右下角有文字水印“厨房女汉子Rita's”，可能干扰该区域的编辑。""]",unreviewed,"{""relative_uri"": ""demiwtg/collect/datasets/images.lance"", ""version"": 5, ""sha256"": ""0062ee6fb47587505317c0f854c60033cce9f07b83b8b4f75c0c77e07b4a1ff8"", ""column"": ""data""}"
148,0063548900bf0c0a31a87e1a6b8a5948923019ff6759d4417e87eb51ad9bb083,"[""明孝陵神道石象路""]",4000,3000,photo,"[""林荫道"", ""秋季景观"", ""公共空间""]","[""全景"", ""平视"", ""纵深""]",秋季林荫道，两侧高大的银杏树形成拱形树冠，金黄色的落叶铺满石板路面，多名游客在路中行走或驻足。,图像清晰展示了秋季林荫道场景，透视与空间结构完整，路面与树冠区域清晰可辨，符合候选池保留标准。,"[{""location"": ""画面下方中央"", ""content"": ""石板路面，表面覆盖着大量金黄色的银杏落叶"", ""space"": ""路面中央区域，被游客占据，两侧有低矮灌木丛"", ""occlusion"": ""无遮挡，清晰可见""}, {""location"": ""画面上方及两侧"", ""content"": ""高大的银杏树树干与茂密的树冠，叶片呈金黄色"", ""space"": ""树冠在上方交织形成拱形，占据大部分天空区域"", ""occlusion"": ""无遮挡，清晰可见""}, {""location"": ""画面中景"", ""content"": ""多名游客，穿着秋季服装，有的行走有的拍照"", ""space"": ""分布在路面上，占据道路中段"", ""occlusion"": ""部分游客被前方树木或人群遮挡""}, {""location"": ""画面两侧边缘"", ""content"": ""修剪整齐的低矮绿色灌木丛"", ""space"": ""沿道路两侧延伸，作为道路边界"", ""occlusion"": ""无遮挡，清晰可见""}]","[""道路"", ""树木"", ""落叶"", ""公园"", ""秋季"", ""游客""]","[""路面有较多落叶，可能影响特定物体的放置效果"", ""中景有较多游客，可能遮挡部分背景细节""]",unreviewed,"{""relative_uri"": ""demiwtg/collect/datasets/images.lance"", ""version"": 5, ""sha256"": ""0063548900bf0c0a31a87e1a6b8a5948923019ff6759d4417e87eb51ad9bb083"", ""column"": ""data""}"
149,00647c8e8f4bf08c4d16004598fc9c0117b3916817fbce37cecb677ee2aecb3d,"[""大卫（米开朗基罗）""]",3648,5472,photo,"[""博物馆"", ""雕塑"", ""室内空间""]","[""正面"", ""全景"", ""平视""]",米开朗基罗的大卫大理石雕像，站立于室内展厅，背景为米色护墙板。,图像清晰展示了米开朗基罗的大卫雕像，场景连贯，主体与背景结构完整，符合保留条件。,"[{""location"": ""画面中央"", ""content"": ""大卫雕像主体，包括头部、躯干、四肢及底座"", ""space"": ""占据画面主要垂直空间，站立于石质底座上"", ""occlusion"": ""无遮挡，完整可见""}, {""location"": ""画面背景"", ""content"": ""米色墙面，带有矩形装饰线条"", ""space"": ""位于雕像后方，作为背景填充"", ""occlusion"": ""无遮挡""}, {""location"": ""画面底部"", ""content"": ""雕像底座，表面有粗糙纹理"", ""space"": ""位于雕像脚下，支撑主体"", ""occlusion"": ""无遮挡""}]","[""雕塑"", ""博物馆"", ""艺术品"", ""室内"", ""大理石""]",[],unreviewed,"{""relative_uri"": ""demiwtg/collect/datasets/images.lance"", ""version"": 5, ""sha256"": ""00647c8e8f4bf08c4d16004598fc9c0117b3916817fbce37cecb677ee2aecb3d"", ""column"": ""data""}"
150,0065059060ea41aa138da80cc3af3db6217e55ed1520abfcd1a106762cdc28b2,"[""李斯特音乐学院""]",2000,1324,photo,"[""城市建筑"", ""公共广场"", ""地标景观""]","[""正面"", ""全景"", ""平视""]",黄昏时分的布达佩斯李斯特音乐学院（Országos Magyar Királyi Zeneakadémia）正面全景，建筑立面宏伟，前方为开阔的鹅卵石广场，有少量行人和长椅。,图像清晰展示了李斯特音乐学院（布达佩斯）的宏伟建筑外观及前方广场，场景连贯，具备明确的公共空间与建筑编辑区域。,"[{""location"": ""画面中央建筑主体"", ""content"": ""新巴洛克风格的石质建筑立面，包含多根立柱、拱形窗户、雕塑装饰及顶部铭文牌匾。"", ""space"": ""建筑占据画面主要垂直空间，结构完整，透视清晰。"", ""occlusion"": ""无遮挡，完整可见。""}, {""location"": ""画面下方广场区域"", ""content"": ""铺设鹅卵石的开阔地面，设有路灯和长椅，有零星行人。"", ""space"": ""前景大面积留白，地面平整，空间开阔。"", ""occlusion"": ""左下角有轻微运动模糊的人影，右下角有树木遮挡部分视线。""}, {""location"": ""建筑正门入口"", ""content"": ""位于建筑底层中央的拱形玻璃门廊，内部透出暖色灯光。"", ""space"": ""入口区域相对狭窄，位于建筑基座中央。"", ""occlusion"": ""无遮挡。""}, {""location"": ""画面左侧边缘"", ""content"": ""一棵大树的枝叶，部分遮挡了建筑左侧翼楼。"", ""space"": ""位于前景左侧，占据部分画面边缘。"", ""occlusion"": ""遮挡了部分建筑立面。""}]","[""建筑"", ""广场"", ""地标"", ""城市"", ""黄昏"", ""公共空间""]","[""左侧树木遮挡了部分建筑细节"", ""左下角行人存在运动模糊""]",unreviewed,"{""relative_uri"": ""demiwtg/collect/datasets/images.lance"", ""version"": 5, ""sha256"": ""0065059060ea41aa138da80cc3af3db6217e55ed1520abfcd1a106762cdc28b2"", ""column"": ""data""}"
151,00660386bf5ed7990bc1d0f1395ee8119519a8cb7ab7fc86971a2807a5f3cde2,"[""属都湖"", ""普达措国家公园""]",1920,1080,photo,"[""高原湖泊"", ""湿地草甸"", ""观景平台""]","[""俯视"", ""全景""]",一张高角度拍摄的风景照，展示了平静的高原湖泊，湖中有枯黄草甸露出，前景为半圆形木质观景平台，背景是覆盖植被的山峦。,图像清晰展示了高原湖泊景观，包含开阔水面、湿地草甸及观景平台，场景连贯且具备可编辑区域。,"[{""location"": ""画面下方前景"", ""content"": ""半圆形木质观景平台，表面平整，有少量游客和长椅。"", ""space"": ""平台表面大部分区域空置，边缘有栏杆。"", ""occlusion"": ""无遮挡，完整可见。""}, {""location"": ""画面中部"", ""content"": ""宽阔平静的湖面，水色深蓝，倒映天空。"", ""space"": ""开阔水域，散布着若干枯黄草甸斑块。"", ""occlusion"": ""无遮挡。""}, {""location"": ""画面右侧及湖中"", ""content"": ""枯黄色的湿地草甸，部分露出水面。"", ""space"": ""不规则分布的陆地与水域交界区域。"", ""occlusion"": ""无遮挡。""}, {""location"": ""画面上方背景"", ""content"": ""连绵的山峦，覆盖着深绿色针叶林和秋季变色的植被。"", ""space"": ""远景山体，占据画面上部空间。"", ""occlusion"": ""无遮挡。""}]","[""湖泊"", ""湿地"", ""观景台"", ""自然风景"", ""高原"", ""旅游""]","[""前景平台上有少量游客，可能干扰特定编辑操作。""]",unreviewed,"{""relative_uri"": ""demiwtg/collect/datasets/images.lance"", ""version"": 5, ""sha256"": ""00660386bf5ed7990bc1d0f1395ee8119519a8cb7ab7fc86971a2807a5f3cde2"", ""column"": ""data""}"
152,006b371738191baa67965bb3d2010e71b986f9a14363424fb3edb57885d8d0aa,"[""热带生物区""]",2450,1632,photo,"[""热带园林"", ""自然景观"", ""水景""]","[""全景"", ""平视""]",热带园林中的池塘景观，前景有巨石和睡莲，中景为中式凉亭，背景是茂密的山林。,图像展示了清晰的热带园林场景，包含池塘、凉亭和植被，具有明确的透视和可编辑区域，符合保留条件。,"[{""location"": ""画面前景左侧"", ""content"": ""巨大的褐色岩石，表面粗糙，部分浸入水中。"", ""space"": ""占据前景左侧空间，周围有少量水生植物。"", ""occlusion"": ""无遮挡，完整可见。""}, {""location"": ""画面中下部"", ""content"": ""覆盖着睡莲叶片的池塘水面。"", ""space"": ""占据画面下半部分，水面开阔，睡莲分布不均。"", ""occlusion"": ""无遮挡，水面清晰可见。""}, {""location"": ""画面中景中央"", ""content"": ""一座双层中式凉亭，灰色瓦顶，木质结构。"", ""space"": ""位于池塘对岸，周围有栏杆和植被环绕。"", ""occlusion"": ""无遮挡，结构完整。""}, {""location"": ""画面背景"", ""content"": ""覆盖着茂密植被的山坡，可见棕榈树和其他热带植物。"", ""space"": ""占据画面上半部分，作为背景延伸。"", ""occlusion"": ""无遮挡，植被层次丰富。""}]","[""园林"", ""池塘"", ""凉亭"", ""热带植物"", ""岩石"", ""自然景观""]",[],unreviewed,"{""relative_uri"": ""demiwtg/collect/datasets/images.lance"", ""version"": 5, ""sha256"": ""006b371738191baa67965bb3d2010e71b986f9a14363424fb3edb57885d8d0aa"", ""column"": ""data""}"
153,006b4773c6dba298386e0d81ca0bfb4da8dc2e8196d8460b28e9e523a3583760,"[""蝴蝶""]",3000,2598,photo,"[""庭院雕塑"", ""自然生态""]","[""近景"", ""侧面""]",一只白色蝴蝶停落在一座风化严重的灰色石质天使雕像头部，背景为深绿色虚化植物。,图像清晰展示了蝴蝶与雕塑的互动，主体明确，背景虚化，具备作为编辑初态的清晰场景与结构。,"[{""location"": ""画面左侧及中部"", ""content"": ""一只展开翅膀的白色蝴蝶，翅膀上有明显的黑色斑纹和眼状斑点。"", ""space"": ""占据画面左半部分，翅膀边缘清晰，与雕像头部形成接触。"", ""occlusion"": ""无遮挡，主体完整可见。""}, {""location"": ""画面右侧及下方"", ""content"": ""一座灰色石质雕像的头部和肩部，表面粗糙，有风化痕迹和苔藓感。"", ""space"": ""占据画面右半部分，作为蝴蝶的承载物，结构稳固。"", ""occlusion"": ""无遮挡，细节清晰。""}, {""location"": ""背景"", ""content"": ""深绿色的植物叶片，处于焦外虚化状态。"", ""space"": ""填充主体周围空间，提供环境氛围。"", ""occlusion"": ""无。""}]","[""蝴蝶"", ""雕塑"", ""花园"", ""昆虫"", ""石头""]","[""背景较暗，若需编辑背景可能需要处理光影一致性。""]",unreviewed,"{""relative_uri"": ""demiwtg/collect/datasets/images.lance"", ""version"": 5, ""sha256"": ""006b4773c6dba298386e0d81ca0bfb4da8dc2e8196d8460b28e9e523a3583760"", ""column"": ""data""}"
154,006b625f85bd42b7d5be65ec280a087a9a35e196f45b08e6438c72c4da8364cd,"[""兰博基尼""]",4608,3072,photo,"[""室内展厅"", ""跑车展示""]","[""侧面"", ""全景""]",一辆红色兰博基尼跑车停放在室内展厅，车门呈剪刀门开启状态，背景可见另一辆白色跑车。,图像清晰展示了兰博基尼车型，场景连贯，具备可编辑的实体对象与空间。,"[{""location"": ""画面中央"", ""content"": ""红色兰博基尼跑车车身，剪刀门向上开启，可见内部红色内饰与方向盘。"", ""space"": ""占据画面主体，车身周围有地面空间。"", ""occlusion"": ""无遮挡，结构完整。""}, {""location"": ""画面右侧背景"", ""content"": ""白色跑车，车门同样开启，可见部分车身与内饰。"", ""space"": ""位于红色车后方，部分被遮挡。"", ""occlusion"": ""被前景红色车遮挡。""}, {""location"": ""画面下方"", ""content"": ""灰色抛光混凝土地面，有车辆倒影。"", ""space"": ""平整开阔，作为车辆承载面。"", ""occlusion"": ""无遮挡。""}, {""location"": ""画面上方背景"", ""content"": ""米色石材墙面，带有红色灯光投射效果。"", ""space"": ""作为背景墙面，平整无杂物。"", ""occlusion"": ""无遮挡。""}]","[""跑车"", ""兰博基尼"", ""汽车"", ""展厅"", ""室内""]","[""背景车辆部分被遮挡"", ""地面反光可能影响编辑融合""]",unreviewed,"{""relative_uri"": ""demiwtg/collect/datasets/images.lance"", ""version"": 5, ""sha256"": ""006b625f85bd42b7d5be65ec280a087a9a35e196f45b08e6438c72c4da8364cd"", ""column"": ""data""}"
155,006d5bb6a1dcd1d383932818eea2c58a104163228490565c0bd068714ba753c8,"[""可折叠电动自行车"", ""折叠自行车"", ""折叠自行车骑行""]",1600,1200,photo,"[""骑行环境"", ""户外空间"", ""交通场景""]","[""侧面"", ""全景""]",一名女子身穿牛仔外套，背着背包，骑着一辆白色Gopina折叠电动自行车，行驶在临水的木质栈道上，背景是平静的水面和栏杆。,图像清晰展示了骑行者驾驶折叠电动自行车的场景，主体完整，背景环境连贯，符合保留条件。,"[{""location"": ""画面中央"", ""content"": ""白色Gopina折叠电动自行车，可见车架、车轮、车把及骑行者。"", ""space"": ""占据画面主要位置，骑行者跨坐在车上。"", ""occlusion"": ""无遮挡，主体清晰可见。""}, {""location"": ""画面下方"", ""content"": ""木质栈道地面，由长条木板铺设而成。"", ""space"": ""作为骑行路径，延伸至画面边缘。"", ""occlusion"": ""部分被车轮和骑行者腿部遮挡。""}, {""location"": ""画面背景"", ""content"": ""金属栏杆及远处的水面，天空呈现日落时的暖色调。"", ""space"": ""位于骑行者身后，提供环境背景。"", ""occlusion"": ""无遮挡。""}]","[""自行车"", ""电动车"", ""骑行者"", ""户外"", ""交通工具""]",[],unreviewed,"{""relative_uri"": ""demiwtg/collect/datasets/images.lance"", ""version"": 5, ""sha256"": ""006d5bb6a1dcd1d383932818eea2c58a104163228490565c0bd068714ba753c8"", ""column"": ""data""}"
156,006dd0d539f04b92c00c5e4da83842daa2f7306f7a6cefbf8a7992b3e7abaacd,"[""悉尼海港大桥""]",7520,2972,photo,"[""城市景观"", ""历史建筑"", ""旅游景点""]","[""全景"", ""平视""]",黄昏时分的悉尼海港全景，左侧为悉尼歌剧院，中后方横跨海港大桥，右侧有一艘帆船及城市天际线。,图像清晰展示了悉尼海港大桥与歌剧院，场景连贯，关键地标结构完整且可辨，符合保留条件。,"[{""location"": ""画面中上部"", ""content"": ""海港大桥的钢拱结构及桥面"", ""space"": ""横跨画面，连接两岸，桥下为开阔水域"", ""occlusion"": ""无遮挡，结构完整可见""}, {""location"": ""画面左侧"", ""content"": ""悉尼歌剧院的白色贝壳状屋顶"", ""space"": ""位于水边，占据左侧前景"", ""occlusion"": ""无遮挡""}, {""location"": ""画面右侧"", ""content"": ""停泊的帆船及桅杆"", ""space"": ""位于水面，占据右侧中景"", ""occlusion"": ""无遮挡""}, {""location"": ""画面底部"", ""content"": ""平静的海港水面"", ""space"": ""占据画面下方约三分之一，呈现长曝光效果"", ""occlusion"": ""无遮挡""}]","[""地标建筑"", ""桥梁"", ""城市天际线"", ""海港"", ""黄昏"", ""旅游""]","[""画面为远景，具体细节（如桥面纹理）较小"", ""长曝光导致水面细节平滑，缺乏波纹""]",unreviewed,"{""relative_uri"": ""demiwtg/collect/datasets/images.lance"", ""version"": 5, ""sha256"": ""006dd0d539f04b92c00c5e4da83842daa2f7306f7a6cefbf8a7992b3e7abaacd"", ""column"": ""data""}"
157,006f0444a49b3faaa9594f2de68a72b1ce3525bfe37823df0cf7bcd89b172882,"[""草地鹿""]",1080,1439,photo,"[""户外庭院"", ""草坪"", ""雕塑""]","[""全景"", ""平视""]",夕阳下的住宅区庭院草坪，草地上立着两只白色镂空鹿雕塑，背景有树木和高层住宅楼。,图像清晰展示了户外草坪场景，包含明显的鹿雕塑，符合来源概念，且草坪区域平整、边界清晰，具备编辑潜力。,"[{""location"": ""画面下方前景"", ""content"": ""修剪整齐的绿色草坪"", ""space"": ""大面积平坦空地，仅被鹿雕塑局部占用"", ""occlusion"": ""无遮挡，视野开阔""}, {""location"": ""画面中右侧"", ""content"": ""两只白色镂空鹿雕塑（一低头一抬头）"", ""space"": ""占据草坪局部区域，结构清晰"", ""occlusion"": ""无遮挡""}, {""location"": ""画面中景"", ""content"": ""修剪过的灌木丛和树木"", ""space"": ""位于草坪后方，形成背景层次"", ""occlusion"": ""部分遮挡后方建筑""}]","[""草坪"", ""雕塑"", ""庭院"", ""户外"", ""鹿""]","[""背景有逆光，部分区域曝光较高"", ""鹿雕塑本身占据了一定的前景空间""]",unreviewed,"{""relative_uri"": ""demiwtg/collect/datasets/images.lance"", ""version"": 5, ""sha256"": ""006f0444a49b3faaa9594f2de68a72b1ce3525bfe37823df0cf7bcd89b172882"", ""column"": ""data""}"
158,006f8a173ea0d5fc7b8c9ddb3264e98176a3e018531f74c436cb11ab081141de,"[""防尘罩面板""]",2048,2048,photo,"[""商用设备"", ""食品加工"", ""室内空间""]","[""斜俯视"", ""全景""]",一台粉色框架的商用棉花糖机，顶部配有透明半球形防尘罩，机身带有控制面板和抽屉，底部装有橙色轮子，置于白色背景中。,图像清晰展示了带有透明防尘罩的商用棉花糖机，主体完整，结构清晰，符合防尘罩面板的视觉特征。,"[{""location"": ""画面顶部中央"", ""content"": ""透明半球形防尘罩，表面光滑，可见内部金属锅边缘"", ""space"": ""罩体内部空间被金属锅占据，罩体外部为空气"", ""occlusion"": ""无遮挡，完整可见""}, {""location"": ""画面中部"", ""content"": ""粉色机身正面，包含黑色控制面板（带仪表和开关）及银色抽屉"", ""space"": ""面板区域被控制元件占据，抽屉处于关闭状态"", ""occlusion"": ""无遮挡""}, {""location"": ""画面中上部两侧"", ""content"": ""粉色金属操作台面，左侧可见三个圆形孔洞"", ""space"": ""台面大部分区域空置，仅被机器主体占据中心"", ""occlusion"": ""无遮挡""}, {""location"": ""画面底部"", ""content"": ""橙色橡胶轮胎与黄色轮毂，以及粉色金属支架"", ""space"": ""轮子占据底部空间，支架连接机身与地面"", ""occlusion"": ""无遮挡""}]","[""棉花糖机"", ""防尘罩"", ""商用设备"", ""食品车"", ""透明罩"", ""粉色机器""]","[""背景为纯白，缺乏环境参照，可能影响特定场景下的融合"", ""机器主体占据画面绝大部分，周围留白较少""]",unreviewed,"{""relative_uri"": ""demiwtg/collect/datasets/images.lance"", ""version"": 5, ""sha256"": ""006f8a173ea0d5fc7b8c9ddb3264e98176a3e018531f74c436cb11ab081141de"", ""column"": ""data""}"
159,006fbefe1ec7ad44cc967bb840131c7644995371bd2946299e4d2db071570c7f,"[""公园河流""]",2362,1329,photo,"[""公园河流"", ""自然景观"", ""城市公园""]","[""全景"", ""平视"", ""远景""]",阴天环境下的一处公园河流景观，浑浊的河水在茂密的绿色植被间蜿蜒流过，远处可见成排的树木和白色栏杆结构。,图像清晰展示了公园内的河流与植被场景，透视与边界明确，符合来源概念且具备可编辑区域。,"[{""location"": ""画面中央"", ""content"": ""浑浊的河流水面"", ""space"": ""占据画面中部的开阔水域，向远处延伸"", ""occlusion"": ""前景有少量杂草遮挡边缘""}, {""location"": ""画面前景"", ""content"": ""茂密的绿色灌木与杂草"", ""space"": ""占据画面下方约三分之一区域，植被生长密集"", ""occlusion"": ""无""}, {""location"": ""画面中远景"", ""content"": ""成排的高大树木"", ""space"": ""分布在河流两岸，形成林带"", ""occlusion"": ""无""}, {""location"": ""画面右侧远景"", ""content"": ""白色栏杆或桥梁结构"", ""space"": ""位于树林后方，横向延伸"", ""occlusion"": ""部分被树木遮挡""}]","[""河流"", ""公园"", ""植被"", ""自然景观"", ""湿地""]","[""天气阴沉，光线较平"", ""河水浑浊，细节较少""]",unreviewed,"{""relative_uri"": ""demiwtg/collect/datasets/images.lance"", ""version"": 5, ""sha256"": ""006fbefe1ec7ad44cc967bb840131c7644995371bd2946299e4d2db071570c7f"", ""column"": ""data""}"
160,0070422461110f086fa090d783d3c77189916b67b3722233dbcd37113a0c8c3a,"[""铃铛石楠""]",1800,1197,photo,"[""自然环境"", ""植物特写""]","[""近景"", ""平视""]",一张植物特写照片，展示了茂密的绿色长椭圆形叶片和成簇的红色浆果，背景为虚化的自然环境。,图像清晰展示了具有辨识度的植物枝叶与果实，符合自然环境场景，且具备可编辑的视觉区域。,"[{""location"": ""画面中央"", ""content"": ""密集的红色浆果簇与绿色叶片"", ""space"": ""占据画面核心位置，枝叶交错"", ""occlusion"": ""无明显遮挡，细节清晰""}, {""location"": ""画面右侧"", ""content"": ""另一簇红色浆果及下垂的叶片"", ""space"": ""位于主体右侧，与中心区域有重叠"", ""occlusion"": ""部分叶片被前景遮挡""}, {""location"": ""画面背景"", ""content"": ""虚化的绿色植被与光斑"", ""space"": ""作为背景填充，提供景深"", ""occlusion"": ""被前景植物完全遮挡""}]","[""植物"", ""浆果"", ""绿叶"", ""灌木"", ""自然"", ""花卉""]","[""背景虚化严重，仅前景清晰"", ""枝叶结构复杂，局部区域可能难以进行精细分割""]",unreviewed,"{""relative_uri"": ""demiwtg/collect/datasets/images.lance"", ""version"": 5, ""sha256"": ""0070422461110f086fa090d783d3c77189916b67b3722233dbcd37113a0c8c3a"", ""column"": ""data""}"
161,00705fe53d3e5919624be4f9ea13ffc5a1be982ea122d14f377c4860381f537b,"[""万圣节三色玉米糖""]",1448,1086,illustration,"[""万圣节糖果"", ""卡通角色"", ""节日装饰""]","[""正面"", ""全景""]",三个拟人化的万圣节三色玉米糖角色并排站立，分别提着南瓜桶、捧着糖果和拿着糖果袋，背景有蝙蝠、月亮和星星装饰。,图像清晰展示了万圣节主题的拟人化三色玉米糖角色，主体明确，背景简洁，符合来源概念且具备编辑潜力。,"[{""location"": ""画面中央"", ""content"": ""中间的角色捧着一个装满各式糖果的南瓜桶"", ""space"": ""角色双手与南瓜桶之间，桶内空间被糖果填满"", ""occlusion"": ""无遮挡""}, {""location"": ""画面左侧"", ""content"": ""左侧角色提着一个南瓜造型的糖果桶"", ""space"": ""角色手部与桶柄连接处，桶身完整可见"", ""occlusion"": ""无遮挡""}, {""location"": ""画面右侧"", ""content"": ""右侧角色提着一个黑底橙点的糖果袋"", ""space"": ""角色手部与袋口连接处，袋身完整可见"", ""occlusion"": ""无遮挡""}, {""location"": ""画面底部中央"", ""content"": ""地面上放置着一颗黑橙条纹的糖果"", ""space"": ""位于角色脚下前方，周围留白"", ""occlusion"": ""无遮挡""}]","[""万圣节"", ""糖果"", ""卡通"", ""南瓜"", ""节日"", ""插画""]",[],unreviewed,"{""relative_uri"": ""demiwtg/collect/datasets/images.lance"", ""version"": 5, ""sha256"": ""00705fe53d3e5919624be4f9ea13ffc5a1be982ea122d14f377c4860381f537b"", ""column"": ""data""}"
162,0070ab0edaf260d2e113677df4ed2b7418fcdd3ace4b2818b9c0dfcc0104e7af,"[""神舟战神""]",2000,1333,photo,"[""室内桌面"", ""电子设备""]","[""正面"", ""近景""]",一台打开的黑色神舟战神笔记本电脑，屏幕显示Windows桌面及品牌Logo，放置在浅色桌面上，背景为深色窗帘。,图像清晰展示了神舟战神笔记本电脑的正面外观及屏幕内容，场景连贯，具备明确的编辑区域。,"[{""location"": ""画面中央"", ""content"": ""笔记本电脑屏幕，显示黑色背景、橙色Logo及Windows任务栏"", ""space"": ""屏幕区域被显示内容完全覆盖"", ""occlusion"": ""无遮挡""}, {""location"": ""画面下方"", ""content"": ""笔记本电脑键盘及掌托区域，黑色键帽"", ""space"": ""键盘区域可见，底部边缘被画面裁切"", ""occlusion"": ""底部边缘裁切""}, {""location"": ""画面底部"", ""content"": ""浅色桌面表面"", ""space"": ""位于笔记本下方，可见部分平整"", ""occlusion"": ""被笔记本机身遮挡大部分""}, {""location"": ""画面背景"", ""content"": ""深灰色窗帘"", ""space"": ""作为背景填充，呈现垂直褶皱"", ""occlusion"": ""无遮挡""}]","[""笔记本电脑"", ""游戏本"", ""桌面"", ""屏幕"", ""键盘""]","[""键盘底部边缘被画面裁切"", ""屏幕显示内容固定，若需编辑屏幕内容需覆盖原图""]",unreviewed,"{""relative_uri"": ""demiwtg/collect/datasets/images.lance"", ""version"": 5, ""sha256"": ""0070ab0edaf260d2e113677df4ed2b7418fcdd3ace4b2818b9c0dfcc0104e7af"", ""column"": ""data""}"
163,0071a0b762fa0947e5d3e19ff3f27ece09e9fd0db904f42c06707b38a6195ac4,"[""至正通宝""]",1472,1488,photo,"[""文物"", ""古钱币"", ""特写""]","[""俯视"", ""近景""]",一枚放置在白色织物背景上的圆形方孔古钱币，表面呈深褐色，带有明显的锈蚀和磨损痕迹，钱文依稀可见。,图像清晰展示了古代钱币的正面细节，文字与形制可辨，符合文物展览类场景的编辑初态要求。,"[{""location"": ""画面中央"", ""content"": ""古钱币主体，包含圆形外廓、方形穿孔及四个象限内的钱文。"", ""space"": ""钱币占据画面中心大部分区域，周围留有织物背景。"", ""occlusion"": ""无遮挡，完整可见。""}, {""location"": ""钱币中心"", ""content"": ""方形穿孔，透过孔洞可见下方的白色织物纹理。"", ""space"": ""孔洞内部通透，无填充物。"", ""occlusion"": ""无。""}, {""location"": ""钱币表面"", ""content"": ""深褐色金属表面，分布着不规则的锈斑和磨损凹坑。"", ""space"": ""表面纹理丰富，具有明显的年代感。"", ""occlusion"": ""无。""}, {""location"": ""画面背景"", ""content"": ""白色编织纹理的布料，作为钱币的衬底。"", ""space"": ""均匀分布在钱币四周。"", ""occlusion"": ""被钱币遮挡中心部分。""}]","[""古钱币"", ""文物"", ""金属"", ""历史"", ""特写""]","[""钱币表面锈蚀较重，部分文字笔画细节模糊。""]",unreviewed,"{""relative_uri"": ""demiwtg/collect/datasets/images.lance"", ""version"": 5, ""sha256"": ""0071a0b762fa0947e5d3e19ff3f27ece09e9fd0db904f42c06707b38a6195ac4"", ""column"": ""data""}"
164,0071b1787dcb6b8b4642e93c0f08c8daab76a2dcab77078f80ab03fcfffdd445,"[""泥染"", ""非洲泥染""]",4480,6720,photo,"[""传统织物"", ""非洲手工艺"", ""几何纹样""]","[""俯视"", ""近景""]",一张平铺展示的非洲风格织物，黑色底色上印有金黄色和白色的几何图案，包括三角形、圆点、叶片状图形及条纹，边缘可见流苏。,图像清晰展示了具有非洲泥染风格的织物，图案与色彩特征符合来源概念，且织物表面平整、纹理清晰，具备作为编辑底图的条件。,"[{""location"": ""画面中央"", ""content"": ""垂直排列的几何图案带，包含圆点、叶片状图形和横向条纹，色彩为金黄与白色。"", ""space"": ""织物表面平整，图案区域占据主要视觉空间，无其他物体遮挡。"", ""occlusion"": ""无遮挡，完整可见。""}, {""location"": ""画面左侧"", ""content"": ""另一条垂直图案带，包含较大的叶片状图形和三角形，边缘有白色线条装饰。"", ""space"": ""织物表面平整，与中央区域并列。"", ""occlusion"": ""无遮挡。""}, {""location"": ""画面右侧"", ""content"": ""垂直图案带，包含三角形和圆点图案，与左侧图案形成对称布局。"", ""space"": ""织物表面平整，占据右侧主要区域。"", ""occlusion"": ""无遮挡。""}, {""location"": ""画面顶部与底部"", ""content"": ""织物边缘，可见金黄色的流苏和缝线细节。"", ""space"": ""边缘区域，背景为深色布料。"", ""occlusion"": ""边缘部分有轻微裁切，但主体清晰。""}]","[""织物"", ""纺织品"", ""图案"", ""手工艺品"", ""布料"", ""装饰""]","[""织物边缘有轻微磨损和流苏，可能影响边缘区域的编辑。"", ""背景为深色布料，与织物颜色对比度较低，可能影响背景分离。""]",unreviewed,"{""relative_uri"": ""demiwtg/collect/datasets/images.lance"", ""version"": 5, ""sha256"": ""0071b1787dcb6b8b4642e93c0f08c8daab76a2dcab77078f80ab03fcfffdd445"", ""column"": ""data""}"
165,0072340e0f4c7089c00d053261afb0c423495899f60dd76b5e113824fc4de3ed,"[""六横岛""]",1732,2309,photo,"[""乡村社区"", ""户外空地"", ""山地景观""]","[""全景"", ""平视"", ""斜俯视""]",一张乡村或海岛社区的全景照片，前景为宽阔的水泥空地，中景停放着两辆轿车，背景是依山而建的民居、篮球架及连绵的青山。,图像展示了清晰的乡村/海岛社区场景，包含宽阔的水泥空地、民居、山景及篮球架，透视关系明确，具备多个可编辑区域。,"[{""location"": ""画面前景及中下部"", ""content"": ""宽阔平整的水泥地面，带有明显的伸缩缝线条。"", ""space"": ""大面积空旷区域，无遮挡，占据画面约40%面积。"", ""occlusion"": ""无遮挡。""}, {""location"": ""画面中景左侧"", ""content"": ""一辆黑色轿车，车尾朝向镜头，停靠在路边。"", ""space"": ""位于水泥地边缘，紧邻左侧的挡土墙。"", ""occlusion"": ""无遮挡。""}, {""location"": ""画面中景右侧"", ""content"": ""一辆白色两厢轿车，车尾朝向镜头，旁边有行人。"", ""space"": ""位于水泥地边缘，靠近右侧的绿化带和篮球架。"", ""occlusion"": ""无遮挡。""}, {""location"": ""画面背景"", ""content"": ""依山而建的几栋民居，包括灰墙和绿墙建筑，以及一个绿色的篮球架。"", ""space"": ""位于道路尽头，被山体环绕。"", ""occlusion"": ""部分被树木和电线杆遮挡。""}]","[""乡村道路"", ""水泥广场"", ""民居"", ""山地"", ""停车场"", ""篮球架""]","[""天空部分云层较厚，光线略显平淡。"", ""画面左上角有电线横穿，可能干扰部分编辑。""]",unreviewed,"{""relative_uri"": ""demiwtg/collect/datasets/images.lance"", ""version"": 5, ""sha256"": ""0072340e0f4c7089c00d053261afb0c423495899f60dd76b5e113824fc4de3ed"", ""column"": ""data""}"
166,007296507ee071d5512d42e3c0e0de3c16c665f2720ef8b1beff500559c6b873,"[""西兰花盆栽""]",1080,1440,photo,"[""室内桌面"", ""静物"", ""植物""]","[""斜俯视"", ""近景""]",室内桌面上放置着一个装有水的透明玻璃瓶，瓶中插着一棵巨大的西兰花，背景可见窗户、黄色花盆及绿色摆件。,图像清晰展示了西兰花作为盆栽/插花置于玻璃瓶中的场景，主体明确，桌面空间充足，符合保留条件。,"[{""location"": ""画面中央"", ""content"": ""巨大的绿色西兰花，表面纹理清晰，茎部插入瓶中。"", ""space"": ""占据画面中心主要位置，上方无遮挡。"", ""occlusion"": ""无遮挡。""}, {""location"": ""画面下方中央"", ""content"": ""透明玻璃瓶，内盛清水，可见瓶身反光及水位线。"", ""space"": ""位于桌面中央，支撑上方西兰花。"", ""occlusion"": ""无遮挡。""}, {""location"": ""画面底部"", ""content"": ""浅色木纹桌面，表面平整。"", ""space"": ""占据前景大部分区域，左右两侧有少量空余空间。"", ""occlusion"": ""无遮挡。""}, {""location"": ""画面右后方"", ""content"": ""黄色花盆及绿色小摆件。"", ""space"": ""位于背景区域，部分被前景物体遮挡。"", ""occlusion"": ""部分被前景遮挡。""}]","[""蔬菜"", ""植物"", ""花瓶"", ""桌面"", ""静物"", ""室内""]","[""背景较为杂乱，包含其他植物和摆件，可能干扰对主体的关注。""]",unreviewed,"{""relative_uri"": ""demiwtg/collect/datasets/images.lance"", ""version"": 5, ""sha256"": ""007296507ee071d5512d42e3c0e0de3c16c665f2720ef8b1beff500559c6b873"", ""column"": ""data""}"
167,0072d7852a4b04d5909f12722bd1d7336dfb965d2932fddb505a8a4459f8a502,"[""童话森林""]",1920,1080,render,"[""森林小屋"", ""自然生态"", ""奇幻环境""]","[""全景"", ""平视""]",一幅描绘童话森林的写实风格数字绘画，画面中心是一座长满青苔的蘑菇状石屋，周围环绕着巨大的古树、雾气、鹿、猫头鹰等动物以及花草。,图像呈现了清晰、连贯的童话森林场景，包含具体的建筑与自然环境，具备多个可定位的编辑区域。,"[{""location"": ""画面中央"", ""content"": ""蘑菇状石屋，拥有拱形木门、砖石墙面和覆盖着厚厚青苔的圆顶屋顶。"", ""space"": ""占据画面核心位置，屋顶和墙面提供了大面积的纹理表面。"", ""occlusion"": ""无遮挡，结构完整。""}, {""location"": ""画面左侧"", ""content"": ""巨大的古树树干与树根，表面覆盖着鲜绿色的苔藓，一只小鹿站立其上。"", ""space"": ""占据左侧前景与中景，树根形成的平台提供了稳固的立足点。"", ""occlusion"": ""部分树枝延伸至画面上方。""}, {""location"": ""画面下方"", ""content"": ""长满青草和苔藓的地面，点缀着红色花朵和一只白色兔子。"", ""space"": ""前景开阔，地面起伏平缓，适合放置小型物体。"", ""occlusion"": ""无遮挡。""}, {""location"": ""画面上方"", ""content"": ""茂密的树冠与透过林间的雾气，一只猫头鹰栖息在树枝上。"", ""space"": ""背景区域，光线柔和，营造出深邃的空间感。"", ""occlusion"": ""部分被前景树枝遮挡。""}]","[""森林"", ""小屋"", ""苔藓"", ""动物"", ""奇幻"", ""自然""]","[""画面细节极其丰富，局部区域（如树根缝隙）可能因纹理复杂而增加编辑难度。""]",unreviewed,"{""relative_uri"": ""demiwtg/collect/datasets/images.lance"", ""version"": 5, ""sha256"": ""0072d7852a4b04d5909f12722bd1d7336dfb965d2932fddb505a8a4459f8a502"", ""column"": ""data""}"
168,007432da5d8fccf3de0109eec6e9005d4384904ce10dba44a813407b56f8649c,"[""川藏线""]",1080,1440,photo,"[""高原公路"", ""雪山景观"", ""秋季植被""]","[""全景"", ""斜俯视""]",川藏线秋季高原风光，一辆绿色越野车行驶在蜿蜒公路上，背景为雪山与金黄树林，路边有牦牛群。,图像清晰展示了川藏线典型的高原秋季景观，包含雪山、公路、越野车及牦牛，场景连贯且关键结构可辨，符合保留条件。,"[{""location"": ""画面中下部"", ""content"": ""蜿蜒的柏油公路"", ""space"": ""路面平整，占据画面横向延伸，车辆行驶其上"", ""occlusion"": ""无遮挡""}, {""location"": ""画面中右侧"", ""content"": ""绿色越野车"", ""space"": ""位于公路右侧车道，车身完整可见"", ""occlusion"": ""无遮挡""}, {""location"": ""画面背景上部"", ""content"": ""连绵雪山"", ""space"": ""占据画面上半部分，山体覆盖积雪"", ""occlusion"": ""无遮挡""}, {""location"": ""画面中景两侧"", ""content"": ""金黄色树林"", ""space"": ""分布在山坡上，色彩鲜艳"", ""occlusion"": ""无遮挡""}]","[""公路"", ""越野车"", ""雪山"", ""高原"", ""秋季"", ""牦牛""]",[],unreviewed,"{""relative_uri"": ""demiwtg/collect/datasets/images.lance"", ""version"": 5, ""sha256"": ""007432da5d8fccf3de0109eec6e9005d4384904ce10dba44a813407b56f8649c"", ""column"": ""data""}"
169,00745260fe3eb9719e44615c5664043ba79905e482fd190f2ec63818a431233e,"[""朱缨花红色绒球花""]",2000,1313,photo,"[""植物花卉"", ""自然环境""]","[""近景"", ""侧面""]",一枝朱缨花特写，红色绒球状花序盛开，上方有褐色花蕾，背景为虚化的白色天空。,图像清晰展示了朱缨花红色绒球状花序，主体明确，背景简洁，符合来源概念且具备编辑潜力。,"[{""location"": ""画面中央"", ""content"": ""盛开的红色朱缨花花球，由无数细长红色花丝组成，呈放射状。"", ""space"": ""占据画面核心位置，周围留白较多。"", ""occlusion"": ""无遮挡，结构清晰。""}, {""location"": ""花球上方"", ""content"": ""一个褐色的球形花蕾，表面有颗粒感。"", ""space"": ""位于花球正上方，通过短茎连接。"", ""occlusion"": ""无遮挡。""}, {""location"": ""画面左下至中部"", ""content"": ""灰褐色的树枝，表面粗糙，有节疤。"", ""space"": ""从左下角延伸支撑花球。"", ""occlusion"": ""无遮挡。""}, {""location"": ""画面背景"", ""content"": ""大面积虚化的白色/浅灰色背景，右下角有模糊的绿色光斑。"", ""space"": ""作为负空间包围主体。"", ""occlusion"": ""无。""}]","[""花卉"", ""植物"", ""树枝"", ""自然"", ""红色""]","[""右下角有水印文字。""]",unreviewed,"{""relative_uri"": ""demiwtg/collect/datasets/images.lance"", ""version"": 5, ""sha256"": ""00745260fe3eb9719e44615c5664043ba79905e482fd190f2ec63818a431233e"", ""column"": ""data""}"
170,00745c952c92b3428ce547e8535cd567cde1d5813c49ec286eab01d182e810dc,"[""蕾丝贴边""]",1440,2170,photo,"[""服装展示"", ""时尚摄影""]","[""正面"", ""全景"", ""平视""]",一位模特身穿淡紫色与粉色花卉图案的改良旗袍式长裙，领口、袖口及前襟处有明显的蕾丝贴边装饰，背景为纯白摄影棚。,图像清晰展示了带有蕾丝贴边细节的服装，主体完整，符合来源概念，且具备可编辑的视觉区域。,"[{""location"": ""画面中上部，模特颈部及肩部"", ""content"": ""淡紫色立领，领口边缘装饰有精致的白色蕾丝花边"", ""space"": ""领口区域结构清晰，蕾丝贴边完整可见"", ""occlusion"": ""无遮挡""}, {""location"": ""画面中部，模特前胸至腹部"", ""content"": ""半透明薄纱上衣，前襟排列有紫色盘扣，边缘饰有蕾丝"", ""space"": ""衣物表面平整，蕾丝细节清晰"", ""occlusion"": ""无遮挡""}, {""location"": ""画面中下部，模特裙身"", ""content"": ""粉色花卉图案的长裙面料，质地轻薄"", ""space"": ""裙身垂坠，占据画面主要垂直空间"", ""occlusion"": ""无遮挡""}, {""location"": ""画面底部，模特脚部"", ""content"": ""带有花朵装饰的平底鞋"", ""space"": ""位于黑色地面区域"", ""occlusion"": ""部分被裙摆遮挡""}]","[""蕾丝"", ""服装"", ""旗袍"", ""裙装"", ""时尚"", ""配饰""]","[""画面底部有“ESSENTIAL”文字水印，可能干扰底部区域的编辑"", ""背景为纯色，缺乏环境细节""]",unreviewed,"{""relative_uri"": ""demiwtg/collect/datasets/images.lance"", ""version"": 5, ""sha256"": ""00745c952c92b3428ce547e8535cd567cde1d5813c49ec286eab01d182e810dc"", ""column"": ""data""}"
171,00746fbbaf9765bbfb6b8ca623bb689e31274052f54da3e22f816b4b442eb5b9,"[""安博塞利国家公园"", ""草原象群""]",1920,1080,photo,"[""稀树草原"", ""野生动物"", ""自然环境""]","[""全景"", ""平视""]",日落时分的稀树草原，一群大象在枯树和金色天空的映衬下呈现剪影，地面有尘土飞扬。,图像清晰展示了稀树草原日落时分的象群剪影，场景连贯，符合来源概念，且前景地面提供了可编辑区域。,"[{""location"": ""画面底部前景"", ""content"": ""干燥的草地与泥土，可见少量低矮植被。"", ""space"": ""横向延伸的地面区域，部分被大象腿部遮挡，其余部分可见。"", ""occlusion"": ""被大象身体和腿部部分遮挡。""}, {""location"": ""画面中上部"", ""content"": ""巨大的枯树剪影，枝桠向四周伸展。"", ""space"": ""占据天空大部分区域，背景为橙黄色天空。"", ""occlusion"": ""无遮挡，清晰可见。""}, {""location"": ""画面中下部"", ""content"": ""多只大象的剪影，包括成年象和幼象。"", ""space"": ""散布在地面上，占据画面中景。"", ""occlusion"": ""部分大象身体相互重叠，且受逆光影响细节不可见。""}, {""location"": ""画面背景"", ""content"": ""橙黄色的天空，带有朦胧的雾气或尘土。"", ""space"": ""作为背景填充整个画面上方。"", ""occlusion"": ""无遮挡。""}]","[""大象"", ""枯树"", ""草原"", ""日落"", ""剪影"", ""野生动物""]","[""逆光拍摄导致主体呈剪影，细节缺失。"", ""前景地面部分被大象遮挡。""]",unreviewed,"{""relative_uri"": ""demiwtg/collect/datasets/images.lance"", ""version"": 5, ""sha256"": ""00746fbbaf9765bbfb6b8ca623bb689e31274052f54da3e22f816b4b442eb5b9"", ""column"": ""data""}"
172,0075a45eb4221ddfc7b3a0fa27d065de82251ff56db2bb8014892631619469ea,"[""武夷岩茶""]",1280,1707,photo,"[""自然环境"", ""农业环境"", ""山岳景观""]","[""全景"", ""仰视"", ""正面""]",武夷山丹霞地貌岩壁全景，山脚处有石砌护坡、栈道及一处小型建筑，前景为开阔的土质空地。,图像展示了武夷山典型的丹霞地貌岩壁与山脚空地，场景清晰连贯，符合自然环境与农业环境（茶区）的地理特征，具备可编辑空间。,"[{""location"": ""画面前景底部"", ""content"": ""平整的土质空地，表面有少量杂草与落叶。"", ""space"": ""开阔平坦，无大型障碍物，占据画面下方约1/5区域。"", ""occlusion"": ""无遮挡，视野清晰。""}, {""location"": ""画面中下部"", ""content"": ""依山势修筑的石砌护坡与栈道，左侧可见一处小型木质建筑。"", ""space"": ""呈带状分布，连接山脚与岩壁，部分被植被覆盖。"", ""occlusion"": ""部分被前景灌木遮挡。""}, {""location"": ""画面中上部"", ""content"": ""巨大的丹霞岩壁，表面有垂直纹理与风化痕迹，右侧可见摩崖石刻。"", ""space"": ""占据画面主体，垂直耸立，表面崎岖不平。"", ""occlusion"": ""顶部边缘被少量树木遮挡。""}]","[""山石"", ""岩壁"", ""空地"", ""植被"", ""建筑"", ""自然景观""]","[""前景地面纹理较粗糙，非硬质铺装。"", ""岩壁区域纹理复杂，不适合放置平面物体。""]",unreviewed,"{""relative_uri"": ""demiwtg/collect/datasets/images.lance"", ""version"": 5, ""sha256"": ""0075a45eb4221ddfc7b3a0fa27d065de82251ff56db2bb8014892631619469ea"", ""column"": ""data""}"
173,0075c313d66c3a9662484307802e310407e0f0e44625b66bcd98e1159ae5c19c,"[""北极点""]",1836,1032,photo,"[""极地景观"", ""冰雪环境""]","[""全景"", ""平视""]",极地冰雪景观，前景为平坦的冰面与浅水洼，中景矗立着巨大的白色冰山，背景为淡蓝色天空。,图像展示了清晰、连贯的极地冰雪景观，包含前景开阔的冰面与中景冰山，具备可定位的编辑区域，符合保留条件。,"[{""location"": ""画面前景"", ""content"": ""平坦的冰雪表面，带有细微的纹理和浅蓝色的水洼倒影。"", ""space"": ""占据画面下方约三分之一，表面开阔，无大型遮挡物。"", ""occlusion"": ""无遮挡，边缘清晰。""}, {""location"": ""画面中景左侧"", ""content"": ""巨大的白色冰山，表面有起伏的积雪和冰层结构。"", ""space"": ""占据画面左侧中部，体积庞大，底部与水面接触。"", ""occlusion"": ""无遮挡，轮廓完整。""}, {""location"": ""画面中景右侧"", ""content"": ""连绵的冰山群，形态尖锐，覆盖着厚雪。"", ""space"": ""占据画面右侧中部，延伸至地平线。"", ""occlusion"": ""无遮挡，细节可见。""}]","[""极地"", ""冰山"", ""雪原"", ""自然景观"", ""冰面""]",[],unreviewed,"{""relative_uri"": ""demiwtg/collect/datasets/images.lance"", ""version"": 5, ""sha256"": ""0075c313d66c3a9662484307802e310407e0f0e44625b66bcd98e1159ae5c19c"", ""column"": ""data""}"
174,007654b73d89b93c7ebf23881ede778c95d704058e60f18b3a65419bc2c53576,"[""五象岭森林公园""]",1080,1600,photo,"[""登山步道"", ""公园景观"", ""户外环境""]","[""仰视"", ""全景"", ""户外""]",一张仰视视角的森林公园登山石阶照片，左侧立有“第一象岭”黑色石碑及宣传海报，右侧为修剪整齐的绿篱，石阶向上延伸至林间。,图像清晰展示了森林公园内的登山石阶场景，透视关系明确，台阶与两侧植被提供了具有实用尺度的可编辑区域，且画面中的“第一象岭”标识与来源概念相符。,"[{""location"": ""画面中央及下方"", ""content"": ""宽阔的灰色混凝土台阶，表面有风化痕迹"", ""space"": ""台阶表面平整，占据画面主要纵向空间，向上延伸至远处"", ""occlusion"": ""无遮挡，透视清晰""}, {""location"": ""画面左侧前景"", ""content"": ""黑色立式石碑，刻有白色“第一象岭”字样"", ""space"": ""立于石阶左侧边缘，周围有低矮灌木"", ""occlusion"": ""无遮挡""}, {""location"": ""画面左侧中景"", ""content"": ""多块竖立的宣传海报，包含“信用南宁”等文字"", ""space"": ""排列在石阶左侧的坡地边缘"", ""occlusion"": ""部分被前景石碑遮挡""}, {""location"": ""画面右侧"", ""content"": ""修剪整齐的绿色灌木绿篱"", ""space"": ""沿石阶右侧边缘延伸，形成边界"", ""occlusion"": ""无遮挡""}]","[""石阶"", ""公园"", ""步道"", ""户外"", ""植被"", ""景区""]","[""画面中存在较多文字标识（石碑、海报），可能干扰对背景环境的编辑"", ""远处人物较小，细节不清晰""]",unreviewed,"{""relative_uri"": ""demiwtg/collect/datasets/images.lance"", ""version"": 5, ""sha256"": ""007654b73d89b93c7ebf23881ede778c95d704058e60f18b3a65419bc2c53576"", ""column"": ""data""}"
175,007680764f47f045594a4e39e759ddbee9a67b44ad0b97aef949113c49e4af7b,"[""挂图""]",3000,2250,photo,"[""室内空间"", ""地图场景"", ""工作场所""]","[""正面"", ""全景""]",室内一角，整面墙壁覆盖着灰白色调的世界地图挂图，前景放置有一盏三脚落地灯和一把黑色椅子，地面为浅色木地板。,图像清晰展示了室内墙面挂图场景，地图作为背景承载物完整可见，且前景家具与地面提供了明确的透视与空间参照，符合保留条件。,"[{""location"": ""背景墙面"", ""content"": ""覆盖整面墙的世界地图，包含各大洲、海洋及地名标注，色调为灰白与浅棕。"", ""space"": ""占据画面绝大部分垂直空间，作为背景平面存在。"", ""occlusion"": ""左下部分被落地灯灯罩及支架遮挡，中下部分被椅子遮挡。""}, {""location"": ""画面左侧前景"", ""content"": ""一盏落地灯，具有灰色圆柱形灯罩、黑色金属支架及木质底座。"", ""space"": ""立于地面，占据左侧垂直空间。"", ""occlusion"": ""遮挡了部分地图及墙面插座。""}, {""location"": ""画面中下前景"", ""content"": ""一把黑色塑料靠背椅，带有木质椅腿。"", ""space"": ""位于画面中央偏下，占据前景主要位置。"", ""occlusion"": ""遮挡了地图下半部分及地面。""}, {""location"": ""画面底部"", ""content"": ""浅色木质地板，纹理清晰。"", ""space"": ""作为地面承载家具，延伸至画面边缘。"", ""occlusion"": ""部分被家具腿部遮挡。""}]","[""墙面"", ""地图"", ""室内背景"", ""家具"", ""装饰画""]","[""前景家具遮挡了地图的部分区域，若需编辑地图细节需注意遮挡关系。""]",unreviewed,"{""relative_uri"": ""demiwtg/collect/datasets/images.lance"", ""version"": 5, ""sha256"": ""007680764f47f045594a4e39e759ddbee9a67b44ad0b97aef949113c49e4af7b"", ""column"": ""data""}"
176,00775ec9e7f475a3406cf936c90d7f0b5d0acc6faf6eccde4fb93443d40cf2f8,"[""兰州拉面"", ""兰州牛肉面"", ""兰州牛肉面技艺""]",2048,1365,photo,"[""餐饮空间"", ""用餐场景"", ""地方特色环境""]","[""斜俯视"", ""近景""]",一碗盛在青花瓷碗中的兰州牛肉面，配有牛肉片、葱花和辣椒油，置于木纹桌面上，画面中有筷子和汤勺。,图像清晰展示了兰州牛肉面及其用餐环境，场景连贯，碗内空间及桌面区域可定位，符合保留条件。,"[{""location"": ""画面中央"", ""content"": ""青花瓷碗内的牛肉面，包含面条、牛肉片、葱花及红油汤底"", ""space"": ""碗内空间被食物和汤汁填满，表面可见食材分布"", ""occlusion"": ""无遮挡，食材清晰可见""}, {""location"": ""画面左侧"", ""content"": ""一只白底蓝花的汤勺，勺内盛有少许红油汤汁"", ""space"": ""悬空于碗上方，占据画面左侧部分空间"", ""occlusion"": ""勺柄被画面边缘裁切""}, {""location"": ""画面右侧"", ""content"": ""一双黑色筷子，正夹起碗中的牛肉片"", ""space"": ""从右侧伸入画面，部分位于碗内"", ""occlusion"": ""无遮挡""}, {""location"": ""背景及底部"", ""content"": ""浅色木纹桌面"", ""space"": ""作为承载物，碗周围有可见的空余桌面区域"", ""occlusion"": ""底部有水印文字覆盖""}]","[""面食"", ""牛肉"", ""汤碗"", ""餐具"", ""餐桌"", ""中式餐饮""]","[""画面底部存在水印文字"", ""汤勺和筷子部分被画面边缘裁切""]",unreviewed,"{""relative_uri"": ""demiwtg/collect/datasets/images.lance"", ""version"": 5, ""sha256"": ""00775ec9e7f475a3406cf936c90d7f0b5d0acc6faf6eccde4fb93443d40cf2f8"", ""column"": ""data""}"
177,007838ac359a50f51b521045cec656181823508f0ed841ac5995b1be44c9070c,"[""端砚文化村""]",1080,1331,photo,"[""端砚展示"", ""文化展览"", ""室内陈设""]","[""斜俯视"", ""近景""]",室内展览场景，前景为一块雕刻精细的大型端砚，背景为写有“端砚八德”的展板及木质格栅。,图像清晰展示了端砚文化展览场景，包含完整的端砚实物与背景展板，场景连贯且关键结构可辨，符合保留条件。,"[{""location"": ""画面下方前景"", ""content"": ""大型端砚，表面有复杂的龙纹浮雕和中央砚堂"", ""space"": ""占据画面下半部，砚堂区域相对平整"", ""occlusion"": ""无遮挡，完整可见""}, {""location"": ""画面中上部"", ""content"": ""白色展板，印有“端砚八德”标题及八条说明文字"", ""space"": ""位于端砚后方，占据背景中心位置"", ""occlusion"": ""无遮挡""}, {""location"": ""画面背景两侧"", ""content"": ""浅色木质格栅屏风"", ""space"": ""位于展板两侧，延伸至画面边缘"", ""occlusion"": ""无遮挡""}]","[""端砚"", ""文房四宝"", ""展览"", ""雕刻"", ""文化"", ""室内""]","[""端砚表面纹理复杂，细节较多，可能影响特定区域的编辑定位"", ""背景展板文字密集，若需编辑背景需注意文字避让""]",unreviewed,"{""relative_uri"": ""demiwtg/collect/datasets/images.lance"", ""version"": 5, ""sha256"": ""007838ac359a50f51b521045cec656181823508f0ed841ac5995b1be44c9070c"", ""column"": ""data""}"
178,0078cdca9516338b79201a1658dcd6b26792a0ac0f9238dfb47b2e722599144c,"[""上海图书馆""]",1079,1440,photo,"[""室内空间"", ""文化场馆"", ""导视系统""]","[""仰视"", ""近景""]",仰视视角下的图书馆内部天花板，悬挂着三块写有“全球城市馆”、“新阅读体验区”等中英文指引的白色导视牌，背景为金属网格吊顶。,图像清晰展示了图书馆内部的悬挂导视牌与天花板结构，场景连贯且具备可编辑的平面区域。,"[{""location"": ""画面左侧"", ""content"": ""悬挂的白色矩形导视牌，印有“全球城市馆”、“前沿科技馆”等黑色中英文文字及垃圾桶图标。"", ""space"": ""占据左侧主要空间，通过金属杆悬挂于天花板下方。"", ""occlusion"": ""无遮挡，边缘清晰。""}, {""location"": ""画面中上方"", ""content"": ""悬挂的白色矩形导视牌，印有“新阅读体验区”及英文“New Media experience”。"", ""space"": ""位于左侧大导视牌右上方，悬挂于天花板。"", ""occlusion"": ""无遮挡。""}, {""location"": ""画面右侧"", ""content"": ""悬挂的白色矩形导视牌，印有“音乐图书馆”、“研讨空间”等文字及洗手间图标。"", ""space"": ""位于画面右侧，悬挂于天花板。"", ""occlusion"": ""无遮挡。""}, {""location"": ""背景"", ""content"": ""金属网格状天花板，可见嵌入式圆形灯具和长条形灯带。"", ""space"": ""作为背景填充整个画面上方，呈现规则的几何纹理。"", ""occlusion"": ""部分被导视牌遮挡。""}]","[""导视牌"", ""图书馆"", ""天花板"", ""室内标识"", ""金属网格""]","[""视角为仰视，透视变形较大"", ""导视牌表面文字密集，可能干扰部分编辑操作""]",unreviewed,"{""relative_uri"": ""demiwtg/collect/datasets/images.lance"", ""version"": 5, ""sha256"": ""0078cdca9516338b79201a1658dcd6b26792a0ac0f9238dfb47b2e722599144c"", ""column"": ""data""}"
179,007b2be53960ec51ec27c9b6543e5825387a137f186ee30ebd6afbec6aa0a252,"[""花花（大熊猫）""]",3584,2014,photo,"[""动物园"", ""大熊猫"", ""游客""]","[""斜俯视"", ""中景""]",游客在动物园围栏外拍摄两只大熊猫，背景为原木搭建的栖息地设施。,图像清晰展示了大熊猫栖息地场景，主体明确，前景与背景层次分明，具备可编辑的实用空间。,"[{""location"": ""画面中上部"", ""content"": ""两只大熊猫（一大一小）坐在铺有竹子的原木平台上"", ""space"": ""平台表面有散落的竹叶，熊猫占据中心位置"", ""occlusion"": ""无遮挡，清晰可见""}, {""location"": ""画面前景"", ""content"": ""多名游客的背影及高举的手机"", ""space"": ""占据画面下半部分，手臂和手机形成前景遮挡"", ""occlusion"": ""部分遮挡了中景的围栏和地面""}, {""location"": ""画面背景"", ""content"": ""由原木和树枝搭建的棚屋结构"", ""space"": ""位于熊猫后方，作为栖息地背景"", ""occlusion"": ""被前景游客和熊猫部分遮挡""}, {""location"": ""画面左侧"", ""content"": ""散落在地面上的原木和围栏"", ""space"": ""地面区域，有泥土和少量植被"", ""occlusion"": ""无遮挡""}]","[""大熊猫"", ""动物园"", ""原木"", ""竹子"", ""游客"", ""围栏""]","[""前景游客和手机遮挡了部分中景视野"", ""画面主体（熊猫）距离较远，细节分辨率有限""]",unreviewed,"{""relative_uri"": ""demiwtg/collect/datasets/images.lance"", ""version"": 5, ""sha256"": ""007b2be53960ec51ec27c9b6543e5825387a137f186ee30ebd6afbec6aa0a252"", ""column"": ""data""}"
180,007b32778f5fba7e97828ed69e2f43190a9bb0170340fb2199750a003da18bdf,"[""应县木塔""]",4947,3298,photo,"[""历史建筑"", ""古迹场景"", ""城市景观""]","[""全景"", ""斜俯视""]",应县木塔矗立在蓝天之下，塔身多层，周围是开阔的广场和绿树，远处可见其他古建筑。,图像清晰展示了应县木塔及其周边广场环境，场景连贯，具备明确的可编辑区域。,"[{""location"": ""画面中央"", ""content"": ""应县木塔主体，多层木结构塔身，飞檐翘角"", ""space"": ""占据画面主要垂直空间，塔基周围有石砌平台"", ""occlusion"": ""无明显遮挡，塔身细节清晰""}, {""location"": ""画面下方"", ""content"": ""宽阔的铺装广场，地面平整"", ""space"": ""大面积空旷区域，散布少量游客"", ""occlusion"": ""无遮挡，视野开阔""}, {""location"": ""画面左侧"", ""content"": ""茂密的树木枝叶"", ""space"": ""占据左上角部分空间，形成前景框架"", ""occlusion"": ""部分遮挡天空背景""}, {""location"": ""画面左后方"", ""content"": ""低矮的传统建筑群，屋顶为灰瓦"", ""space"": ""位于广场远端，与主塔形成空间层次"", ""occlusion"": ""部分被树木遮挡""}]","[""古建筑"", ""塔"", ""广场"", ""树木"", ""天空"", ""旅游景点""]",[],unreviewed,"{""relative_uri"": ""demiwtg/collect/datasets/images.lance"", ""version"": 5, ""sha256"": ""007b32778f5fba7e97828ed69e2f43190a9bb0170340fb2199750a003da18bdf"", ""column"": ""data""}"
181,007b8c240d34f30a8dcf2ba9ef283ae6c73ced4bc78738e8c1e8423e6e954ebb,"[""路虎卫士""]",1080,1080,illustration,"[""车辆外观"", ""越野装备""]","[""侧面"", ""全景""]",一辆浅绿色车身、米色车顶的路虎卫士越野车，侧面视角，车顶装有行李架，背景为纯色。,图像清晰展示了路虎卫士车型，具备完整的车身结构与可编辑区域，符合保留条件。,"[{""location"": ""画面中央"", ""content"": ""车辆主体，包括车门、引擎盖、轮拱及车窗"", ""space"": ""占据画面主要部分，车身表面平整，结构清晰"", ""occlusion"": ""无遮挡""}, {""location"": ""车顶上方"", ""content"": ""金属行李架及装载的货物"", ""space"": ""位于车顶平面之上，有明确的框架结构"", ""occlusion"": ""无遮挡""}, {""location"": ""画面下方"", ""content"": ""四个越野轮胎及轮毂"", ""space"": ""位于车身底部，与地面接触，胎纹清晰可见"", ""occlusion"": ""无遮挡""}, {""location"": ""画面左侧"", ""content"": ""车头部分，包括前格栅、大灯及保险杠"", ""space"": ""位于车辆前端，结构完整"", ""occlusion"": ""无遮挡""}]","[""越野车"", ""SUV"", ""车顶行李架"", ""车辆改装"", ""户外车辆""]","[""背景为纯色，缺乏真实环境参照"", ""插画风格，非写实照片""]",unreviewed,"{""relative_uri"": ""demiwtg/collect/datasets/images.lance"", ""version"": 5, ""sha256"": ""007b8c240d34f30a8dcf2ba9ef283ae6c73ced4bc78738e8c1e8423e6e954ebb"", ""column"": ""data""}"
182,007c3dc513cf10159a80788fd19212b7aff4ad57bb182a001e1ba6d6db5d65e2,"[""武当山古建筑群""]",1080,1378,photo,"[""古建筑"", ""山岳景观"", ""宗教场所""]","[""全景"", ""斜俯视""]",云雾缭绕的山峰顶端矗立着一组红墙金顶的中国传统古建筑群，前方有石阶和石砌平台，背景为层峦叠嶂的群山。,图像清晰展示了武当山古建筑群的全貌，场景连贯，建筑与自然环境结构完整，具备多个可编辑区域。,"[{""location"": ""画面中央上部"", ""content"": ""金顶大殿，红墙黑瓦，屋顶为金黄色琉璃瓦"", ""space"": ""位于建筑群最高处，周围有石砌围墙环绕"", ""occlusion"": ""无遮挡，结构完整可见""}, {""location"": ""画面中央下部"", ""content"": ""石砌平台与台阶，包含石栏杆和小型石亭"", ""space"": ""连接主殿与下方山路，平台上有少量石质设施"", ""occlusion"": ""无遮挡，透视清晰""}, {""location"": ""画面左侧"", ""content"": ""红墙配殿，带有传统瓦顶"", ""space"": ""位于主殿左侧，依山势而建"", ""occlusion"": ""无遮挡""}, {""location"": ""画面背景"", ""content"": ""连绵起伏的山脉，覆盖植被，远处有云雾"", ""space"": ""占据画面上半部分，作为远景背景"", ""occlusion"": ""部分被云雾遮挡""}]","[""古建筑"", ""寺庙"", ""山景"", ""屋顶"", ""石阶"", ""云雾""]","[""远景山脉受雾气影响细节较少"", ""建筑细节在远景中可能不够清晰""]",unreviewed,"{""relative_uri"": ""demiwtg/collect/datasets/images.lance"", ""version"": 5, ""sha256"": ""007c3dc513cf10159a80788fd19212b7aff4ad57bb182a001e1ba6d6db5d65e2"", ""column"": ""data""}"
183,007dca7e32be862b271763ef23bd0811727760f64b306d03f44eb96b958575e2,"[""多格法式落地门""]",3840,1280,photo,"[""室内空间"", ""建筑门窗"", ""自然景观""]","[""正面"", ""全景""]",室内视角透过敞开的白色多格法式落地门望向蔚蓝海岸，左侧有蓝色百叶窗和盆栽，右侧有木质边桌及摆件。,图像清晰展示了多格法式落地门及其周边的室内空间，场景连贯且关键结构可辨，符合保留条件。,"[{""location"": ""画面中央"", ""content"": ""敞开的白色多格法式落地门，门扇向两侧打开，可见玻璃格与门框结构。"", ""space"": ""门洞区域，连接室内与室外，视野开阔。"", ""occlusion"": ""无遮挡，视野清晰。""}, {""location"": ""画面左侧"", ""content"": ""浅蓝色百叶窗及白色墙面，前方放置一盆绿植。"", ""space"": ""墙面区域，盆栽占据部分前景空间。"", ""occlusion"": ""盆栽遮挡了部分墙面和窗框下部。""}, {""location"": ""画面右侧"", ""content"": ""白色墙面及木质边桌，桌上摆放有玻璃瓶、陶罐和折叠毛巾。"", ""space"": ""墙面与桌面区域，物品占据桌面空间。"", ""occlusion"": ""桌上物品遮挡了部分墙面下部。""}, {""location"": ""画面背景"", ""content"": ""透过门洞可见的海岸景观，包括悬崖、植被和蓝色海面。"", ""space"": ""室外远景，占据门洞视野的大部分。"", ""occlusion"": ""无遮挡。""}]","[""门窗"", ""室内装饰"", ""家具"", ""植物"", ""建筑""]",[],unreviewed,"{""relative_uri"": ""demiwtg/collect/datasets/images.lance"", ""version"": 5, ""sha256"": ""007dca7e32be862b271763ef23bd0811727760f64b306d03f44eb96b958575e2"", ""column"": ""data""}"
184,007f2564f0f3915acdaa202497b70f49ec1aeb9545be1c7ea121421202cc4ada,"[""圣马蒂诺修道院""]",3342,2228,photo,"[""修道院庭院"", ""历史建筑"", ""花园景观""]","[""全景"", ""平视"", ""广角""]",一张修道院庭院的广角照片，前景为修剪整齐的草坪和中央喷泉，背景是带有拱廊和钟楼的黄色建筑立面，天空晴朗。,图像清晰展示了修道院庭院的完整场景，包含草坪、建筑立面及中央喷泉，透视与结构清晰，符合保留条件。,"[{""location"": ""画面前景及中景"", ""content"": ""大片绿色草坪，中间有红砖铺设的人字形小径通向喷泉。"", ""space"": ""开阔的草地空间，被小径分割，占据画面下半部分。"", ""occlusion"": ""无遮挡，视野开阔。""}, {""location"": ""画面中央"", ""content"": ""一座石质喷泉，顶部有雕像，周围种植着几棵绿树。"", ""space"": ""位于庭院中心，周围有树木环绕，占据中景核心位置。"", ""occlusion"": ""树木部分遮挡了喷泉后方的建筑底层。""}, {""location"": ""画面背景"", ""content"": ""修道院主体建筑，黄色墙面，带有拱廊、圆形窗户和钟楼。"", ""space"": ""占据画面上半部分，作为庭院的背景墙。"", ""occlusion"": ""无遮挡，建筑细节清晰可见。""}]","[""庭院"", ""草坪"", ""喷泉"", ""建筑"", ""花园"", ""历史遗迹""]","[""画面较宽，部分细节（如建筑顶部）在缩略图下可能不够清晰。""]",unreviewed,"{""relative_uri"": ""demiwtg/collect/datasets/images.lance"", ""version"": 5, ""sha256"": ""007f2564f0f3915acdaa202497b70f49ec1aeb9545be1c7ea121421202cc4ada"", ""column"": ""data""}"
185,007f3055c829a02c87644764f704591b9c9c873b92e15d54a2ea73bcceef8faa,"[""仓储式商店""]",1280,1706,photo,"[""商业空间"", ""室内场景"", ""零售环境""]","[""正面"", ""全景"", ""平视""]",仓储式商店内部过道，两侧为蓝色金属货架，陈列着各类日用品、清洁用品及食品，上方悬挂红色促销吊旗。,图像清晰展示了仓储式商店的内部过道，货架结构、透视关系及商品陈列均清晰可辨，符合保留条件。,"[{""location"": ""画面右侧货架"", ""content"": ""多层蓝色金属货架，陈列着清洁剂、洗护用品及纸箱。"", ""space"": ""货架层板被商品密集占据，层板边缘可见少量空隙。"", ""occlusion"": ""无遮挡，货架结构完整可见。""}, {""location"": ""画面左侧货架"", ""content"": ""多层蓝色金属货架，陈列着零食、牙刷、包装盒及纸箱。"", ""space"": ""货架层板被商品密集占据，部分层板边缘可见空隙。"", ""occlusion"": ""无遮挡，货架结构完整可见。""}, {""location"": ""画面中央地面"", ""content"": ""灰色水泥地面，表面有磨损痕迹。"", ""space"": ""过道地面大部分区域空旷，延伸至画面深处。"", ""occlusion"": ""无遮挡，地面平整可见。""}, {""location"": ""画面上方"", ""content"": ""悬挂的红色促销吊旗，印有卡通图案及“便宜到”字样。"", ""space"": ""吊旗悬挂于货架上方空间，占据部分顶部视野。"", ""occlusion"": ""无遮挡，吊旗内容清晰可见。""}]","[""货架"", ""商品"", ""过道"", ""吊旗"", ""纸箱"", ""清洁用品""]","[""货架上商品密集，部分区域细节较小，可能影响精细编辑。"", ""吊旗遮挡了部分顶部空间。""]",unreviewed,"{""relative_uri"": ""demiwtg/collect/datasets/images.lance"", ""version"": 5, ""sha256"": ""007f3055c829a02c87644764f704591b9c9c873b92e15d54a2ea73bcceef8faa"", ""column"": ""data""}"
186,007f39cab2a45512eb5db51c9478e519829cafd7ebcfaac0d7ac2cdb09ed0c00,"[""阳明山国家公园""]",1920,1281,photo,"[""高山草甸"", ""旅游步道"", ""放牧区""]","[""全景"", ""斜俯视""]",一张高山草甸风景照，画面中有蜿蜒的木栈道、木栅栏、放牧的水牛以及正在游览的游客，背景为覆盖植被的山坡。,图像清晰展示了高山草甸、木栈道及放牧水牛，场景连贯且具备明确的编辑区域，符合保留条件。,"[{""location"": ""画面中下部"", ""content"": ""蜿蜒的木栈道及两侧木栅栏"", ""space"": ""栈道上有游客行走，两侧为草地"", ""occlusion"": ""无明显遮挡""}, {""location"": ""画面左侧及前景"", ""content"": ""绿色草地及几头正在吃草或休息的水牛"", ""space"": ""开阔的草地空间，水牛分散分布"", ""occlusion"": ""无明显遮挡""}, {""location"": ""画面背景"", ""content"": ""覆盖着茂密植被的山坡"", ""space"": ""占据画面上半部分，作为远景背景"", ""occlusion"": ""无明显遮挡""}, {""location"": ""画面右侧"", ""content"": ""聚集在栈道旁的游客群"", ""space"": ""位于栈道边缘，部分游客倚靠栅栏"", ""occlusion"": ""部分游客被前方游客或栅栏遮挡""}]","[""草地"", ""木栈道"", ""水牛"", ""栅栏"", ""山坡"", ""游客""]","[""画面中人物较多，若需编辑特定区域可能受人物干扰""]",unreviewed,"{""relative_uri"": ""demiwtg/collect/datasets/images.lance"", ""version"": 5, ""sha256"": ""007f39cab2a45512eb5db51c9478e519829cafd7ebcfaac0d7ac2cdb09ed0c00"", ""column"": ""data""}"
187,008052502a229e161c2062efdd71c445c26d41b8603bfac5b201c296c20d1627,"[""大连自然博物馆""]",1080,1410,photo,"[""博物馆展厅"", ""海洋生物标本"", ""室内空间""]","[""全景"", ""仰视"", ""室内""]",博物馆展厅内景，蓝色网格天花板下悬挂着鲨鱼标本，下方展台陈列着大型海洋生物模型。,图像清晰展示了博物馆展厅内部，包含悬挂标本与展台，场景连贯且结构可辨，符合保留条件。,"[{""location"": ""画面上方"", ""content"": ""蓝色网格状天花板，悬挂着照明灯具和一只鲨鱼标本"", ""space"": ""顶部空间，有悬挂物占据"", ""occlusion"": ""无""}, {""location"": ""画面中部"", ""content"": ""一只巨大的灰白色海洋生物模型（似鲸鲨），放置在蓝色支架上"", ""space"": ""展台上方，占据主要视觉中心"", ""occlusion"": ""无""}, {""location"": ""画面左下方"", ""content"": ""另一只深色海洋生物模型，放置在较低的展台上"", ""space"": ""展台区域，有围栏遮挡部分视线"", ""occlusion"": ""前景有金属围栏""}, {""location"": ""画面底部"", ""content"": ""浅色地砖地面，设有金属围栏和说明牌"", ""space"": ""地面区域，被围栏和展台底座部分占用"", ""occlusion"": ""无""}]","[""博物馆"", ""展厅"", ""标本"", ""海洋生物"", ""室内"", ""天花板""]","[""前景围栏遮挡了部分展台细节"", ""悬挂标本与展台标本在空间上重叠，增加了编辑定位的复杂性""]",unreviewed,"{""relative_uri"": ""demiwtg/collect/datasets/images.lance"", ""version"": 5, ""sha256"": ""008052502a229e161c2062efdd71c445c26d41b8603bfac5b201c296c20d1627"", ""column"": ""data""}"
188,00808e31fa2845b88ecc7422a2394d6dbdbeae86d3b36317d9216541c1b93b9f,"[""铃木吉姆尼""]",2894,4093,illustration,"[""废弃车辆"", ""废墟环境"", ""自然植被""]","[""斜俯视"", ""近景""]",插画风格画面，一辆锈迹斑斑、长满植物的铃木吉姆尼越野车停在废墟中，车顶坐着一个男孩和一只动物，前景有一只巨大的蜻蜓。,画面清晰展示了一辆被植被覆盖的吉姆尼越野车，场景连贯且关键结构可辨，符合保留条件。,"[{""location"": ""画面中央"", ""content"": ""锈迹斑斑的吉姆尼车身，表面覆盖着藤蔓和苔藓，车窗破碎。"", ""space"": ""车辆主体占据画面中心，周围被废墟和植被包围。"", ""occlusion"": ""前景的蜻蜓翅膀和植物叶片部分遮挡了车头和车轮。""}, {""location"": ""车顶上方"", ""content"": ""一个黑发男孩和一只类似浣熊的动物坐在车顶边缘。"", ""space"": ""位于车顶平面，背景是夕阳和废墟建筑。"", ""occlusion"": ""无遮挡，清晰可见。""}, {""location"": ""画面前景"", ""content"": ""一只巨大的蜻蜓，翅膀透明，身体呈橙红色。"", ""space"": ""位于镜头极近处，横跨画面下方。"", ""occlusion"": ""蜻蜓翅膀遮挡了部分车辆前部和地面。""}, {""location"": ""背景"", ""content"": ""废弃的城市建筑、电线杆和茂密的树木。"", ""space"": ""位于车辆后方，延伸至地平线。"", ""occlusion"": ""被前景的植物和车辆部分遮挡。""}]","[""越野车"", ""废墟"", ""植被"", ""昆虫"", ""人物"", ""动物""]","[""前景蜻蜓翅膀遮挡了部分车辆细节"", ""画面为插画风格，非真实照片""]",unreviewed,"{""relative_uri"": ""demiwtg/collect/datasets/images.lance"", ""version"": 5, ""sha256"": ""00808e31fa2845b88ecc7422a2394d6dbdbeae86d3b36317d9216541c1b93b9f"", ""column"": ""data""}"
189,0080f3be18d5493bcae0e619916e28dd5124a774d0ac748f17b4cec88cb4e0dd,"[""开罗大学""]",1406,1079,photo,"[""城市景观"", ""旅游环境"", ""公共空间""]","[""全景"", ""平视""]",一名戴草帽的男子倚靠在吉萨金字塔景区的石墙上，背景可见狮身人面像及多座金字塔，右侧为成排的空座椅。,图像清晰展示了吉萨金字塔群及狮身人面像，场景连贯，前景石墙与中景地面提供了明确的可编辑区域，符合保留条件。,"[{""location"": ""画面前景中央"", ""content"": ""米黄色石砌矮墙，表面平整，男子倚靠其上"", ""space"": ""墙体顶部为线性空间，被男子部分占用，其余部分可见"", ""occlusion"": ""男子身体遮挡了墙体中段""}, {""location"": ""画面左侧中景"", ""content"": ""铺设平整的浅色石板地面"", ""space"": ""开阔的步行区域，有零星游客分布"", ""occlusion"": ""无明显遮挡""}, {""location"": ""画面右侧中景"", ""content"": ""成排排列的米色折叠椅"", ""space"": ""密集的座椅阵列，占据较大面积"", ""occlusion"": ""无明显遮挡""}, {""location"": ""画面远景"", ""content"": ""吉萨金字塔群及狮身人面像"", ""space"": ""沙漠背景，地平线清晰"", ""occlusion"": ""无明显遮挡""}]","[""石墙"", ""地面"", ""座椅"", ""沙漠"", ""古迹""]","[""前景人物占据画面中心位置，可能干扰部分编辑操作"", ""右侧座椅区域较为密集，细节可能影响精细编辑""]",unreviewed,"{""relative_uri"": ""demiwtg/collect/datasets/images.lance"", ""version"": 5, ""sha256"": ""0080f3be18d5493bcae0e619916e28dd5124a774d0ac748f17b4cec88cb4e0dd"", ""column"": ""data""}"
190,0081d09d79a3909f3d7cc7e270f3f68ed58a4e94c46bd78dac4480920f5a1491,"[""韩式酱猪蹄""]",1920,1282,photo,"[""韩式料理"", ""餐桌特写"", ""街头小吃""]","[""斜俯视"", ""近景""]",一张特写照片，展示了盛在金属盘中的切片韩式酱猪蹄，周围配有豆芽汤、蘸料和生菜。,图像清晰展示了韩式酱猪蹄及配菜，场景连贯，主体与背景结构可辨，符合保留条件。,"[{""location"": ""画面中央"", ""content"": ""堆叠的切片酱猪蹄，可见红亮的猪皮和肉质纹理"", ""space"": ""占据金属盘大部分区域，堆叠紧密"", ""occlusion"": ""无遮挡，主体清晰""}, {""location"": ""画面左上角"", ""content"": ""盛有豆芽和葱花的汤碗"", ""space"": ""位于主菜后方，部分被主菜遮挡"", ""occlusion"": ""碗口边缘可见，内容物清晰""}, {""location"": ""画面右上角"", ""content"": ""新鲜的绿色生菜叶"", ""space"": ""位于盘子边缘外侧，作为配菜"", ""occlusion"": ""部分叶片被裁切""}, {""location"": ""画面左下角"", ""content"": ""部分可见的煎饼或炸物"", ""space"": ""位于前景边缘，仅露出一角"", ""occlusion"": ""大部分被裁切""}]","[""猪蹄"", ""肉类"", ""韩式料理"", ""配菜"", ""金属盘"", ""餐桌""]","[""主体堆叠密集，部分区域难以单独定位"", ""背景物体（如汤碗）部分被遮挡""]",unreviewed,"{""relative_uri"": ""demiwtg/collect/datasets/images.lance"", ""version"": 5, ""sha256"": ""0081d09d79a3909f3d7cc7e270f3f68ed58a4e94c46bd78dac4480920f5a1491"", ""column"": ""data""}"
191,00826a755dd683b50a3b0f452beba3fdcd6725060390a2c10bfc8708cffa3dac,"[""保温水壶""]",1080,1301,photo,"[""室内餐桌"", ""静物摄影"", ""家居环境""]","[""近景"", ""斜俯视""]",一张室内静物摄影，画面中心为一个白色Fuguang品牌保温水壶，放置在印有文字的粉色餐垫上，左侧有一杯柠檬水，右下角有马卡龙和草莓，背景为模糊的家居环境。,图像清晰展示了保温水壶及其所在的桌面场景，主体完整，背景虚化得当，具备明确的编辑区域。,"[{""location"": ""画面中央"", ""content"": ""白色保温水壶，带有灰色手柄和壶嘴，壶身下方印有Fuguang字样。"", ""space"": ""占据画面主体位置，放置在粉色餐垫上。"", ""occlusion"": ""无遮挡，完整可见。""}, {""location"": ""画面左侧"", ""content"": ""透明玻璃杯，内盛有柠檬片和水。"", ""space"": ""位于水壶左侧，放置在白色桌面上。"", ""occlusion"": ""无遮挡。""}, {""location"": ""画面右下角"", ""content"": ""粉色小碟子，盛放着马卡龙和草莓切片。"", ""space"": ""位于画面右下角边缘，部分被裁切。"", ""occlusion"": ""部分被画面边缘裁切。""}, {""location"": ""画面背景"", ""content"": ""模糊的室内环境，可见白色沙发或床铺一角及窗帘。"", ""space"": ""作为背景虚化处理，提供空间深度。"", ""occlusion"": ""无。""}]","[""保温壶"", ""水壶"", ""餐具"", ""桌面"", ""饮品"", ""甜点""]","[""右下角食物部分被裁切"", ""背景虚化严重，细节不可用""]",unreviewed,"{""relative_uri"": ""demiwtg/collect/datasets/images.lance"", ""version"": 5, ""sha256"": ""00826a755dd683b50a3b0f452beba3fdcd6725060390a2c10bfc8708cffa3dac"", ""column"": ""data""}"
192,00842c68cf611b49470d1333abe10cad7d224b77ea32b9c229ead7fb66c15c6e,"[""城山日出峰""]",1080,1410,photo,"[""海岸景观"", ""自然风景区"", ""户外步道""]","[""全景"", ""斜俯视""]",一张展示城山日出峰海岸景观的照片，前景为带木栏杆的步道，中景是清澈的海湾与黑色沙滩，背景为植被覆盖的火山岩山体。,图像清晰展示了城山日出峰周边的海岸景观，包含前景步道、中景海湾与远景山体，场景连贯且具备多个可编辑区域。,"[{""location"": ""画面下方中央"", ""content"": ""铺设平整的灰色石板步道，两侧设有木质护栏。"", ""space"": ""步道表面空旷，延伸至画面深处，具有明确的透视引导线。"", ""occlusion"": ""无遮挡，视野开阔。""}, {""location"": ""画面左侧及中部"", ""content"": ""平静的蓝色海面，近岸处水色呈浅绿松石色，可见水下礁石。"", ""space"": ""大面积水域，水面开阔，左侧有少量黑色礁石露出。"", ""occlusion"": ""无遮挡。""}, {""location"": ""画面右侧中景"", ""content"": ""黑色的火山沙滩，呈弧形延伸，连接海水与山体。"", ""space"": ""沙滩表面平坦，大部分区域空旷，边缘有少量碎石。"", ""occlusion"": ""无遮挡。""}, {""location"": ""画面上方及右侧背景"", ""content"": ""巨大的火山岩山体，表面覆盖着茂密的绿色植被，岩石纹理清晰。"", ""space"": ""山体占据背景大部分空间，地势陡峭，植被分布不均。"", ""occlusion"": ""无遮挡。""}]","[""自然景观"", ""海岸线"", ""步道"", ""山体"", ""旅游地标""]",[],unreviewed,"{""relative_uri"": ""demiwtg/collect/datasets/images.lance"", ""version"": 5, ""sha256"": ""00842c68cf611b49470d1333abe10cad7d224b77ea32b9c229ead7fb66c15c6e"", ""column"": ""data""}"
193,0084b673c991e541fda41cd2cb013429901974c25c767419349c358869d13b62,"[""统万城遗址""]",1920,1080,photo,"[""历史遗迹"", ""夜景建筑"", ""公共空间""]","[""斜俯视"", ""全景"", ""夜景""]",统万城遗址夜景航拍，画面主体为被暖色灯光照亮的现代建筑群，周围是积雪覆盖的地面和远处的道路，左侧有文字标题。,图像清晰展示了统万城遗址的夜景建筑与周边环境，场景连贯，具备可编辑的明确区域，符合保留条件。,"[{""location"": ""画面中下部"", ""content"": ""被暖色灯光勾勒轮廓的低矮建筑群，屋顶平坦，结构呈几何状。"", ""space"": ""建筑主体占据画面中心，周围有少量积雪空地。"", ""occlusion"": ""无遮挡，建筑全貌可见。""}, {""location"": ""画面上部"", ""content"": ""远处的道路、路灯及起伏的土丘，地面覆盖积雪。"", ""space"": ""开阔的远景区域，包含道路和自然地形。"", ""occlusion"": ""无遮挡，视野开阔。""}, {""location"": ""画面左侧"", ""content"": ""白色文字标题“统万城 TONGWAN CHENG”及宣传语。"", ""space"": ""叠加在黑暗背景上的文字区域。"", ""occlusion"": ""文字覆盖在部分背景之上。""}]","[""古建筑"", ""遗址"", ""夜景"", ""博物馆"", ""雪景"", ""灯光""]","[""左侧文字覆盖部分背景"", ""夜景光线较暗，细节可能受限""]",unreviewed,"{""relative_uri"": ""demiwtg/collect/datasets/images.lance"", ""version"": 5, ""sha256"": ""0084b673c991e541fda41cd2cb013429901974c25c767419349c358869d13b62"", ""column"": ""data""}"
194,0085787687c80d796ec08064818a1bd2b423f9a6a6f86998ca019ead2dab0565,"[""卡拉加奇树林""]",1920,2110,photo,"[""夜间公园"", ""林间小径"", ""城市绿地""]","[""全景"", ""平视"", ""夜间""]",夜间拍摄的林间小径，路面被路灯照亮，两侧分布着茂密的树木和草丛。,图像展示了夜间公园或林间小径的清晰场景，路面与植被区域具有明确的透视和空间尺度，符合编辑初态要求。,"[{""location"": ""画面下方及中部"", ""content"": ""浅色铺装路面，表面平整，可见路灯投射的光斑。"", ""space"": ""占据画面主要前景与中景，路面开阔，无大型障碍物。"", ""occlusion"": ""无遮挡，透视清晰延伸至远处。""}, {""location"": ""画面左侧"", ""content"": ""茂密的绿色草丛与低矮灌木，紧邻路面边缘。"", ""space"": ""沿路边分布，形成自然的边界带。"", ""occlusion"": ""无遮挡，细节可见。""}, {""location"": ""画面右侧"", ""content"": ""高大的树木，枝叶繁茂，部分叶片被强光照射呈亮白色。"", ""space"": ""占据右侧空间，树冠延伸至画面上方。"", ""occlusion"": ""部分枝叶因强光过曝，细节略模糊。""}, {""location"": ""画面中远景"", ""content"": ""多盏路灯发出冷白光，照亮了后方的树林轮廓。"", ""space"": ""沿小径排列，提供场景照明。"", ""occlusion"": ""光源处存在光晕，背景树林处于阴影中。""}]","[""公园"", ""道路"", ""树木"", ""路灯"", ""草地"", ""夜景""]","[""夜间拍摄导致背景树林细节较暗"", ""路灯强光造成局部过曝""]",unreviewed,"{""relative_uri"": ""demiwtg/collect/datasets/images.lance"", ""version"": 5, ""sha256"": ""0085787687c80d796ec08064818a1bd2b423f9a6a6f86998ca019ead2dab0565"", ""column"": ""data""}"
195,0086bf95b10c8f6b21be6b6be89b83751408d10282719f5750f9bb8c430370ae,"[""土豆窖""]",1080,1439,photo,"[""地下储藏室"", ""农产品堆垛"", ""砖砌结构""]","[""正面"", ""全景"", ""平视""]",砖砌拱顶地下储藏室，两侧堆满袋装农产品，中间留有狭窄通道，尽头有光源。,图像清晰展示了砖砌拱顶地下空间及堆放的袋装物，符合“土豆窖”的地下存储场景特征，具备可编辑的通道与堆垛区域。,"[{""location"": ""画面中央"", ""content"": ""狭窄的泥土通道"", ""space"": ""地面通道，两侧被袋装物占据，中间留有空隙"", ""occlusion"": ""无遮挡，透视延伸至深处""}, {""location"": ""画面左侧"", ""content"": ""堆叠的袋装物"", ""space"": ""沿墙堆叠，占据左侧大部分空间"", ""occlusion"": ""部分袋子被前方物体遮挡""}, {""location"": ""画面右侧"", ""content"": ""堆叠的袋装物"", ""space"": ""沿墙堆叠，占据右侧大部分空间"", ""occlusion"": ""部分袋子被前方物体遮挡""}, {""location"": ""画面上方"", ""content"": ""砖砌拱顶"", ""space"": ""覆盖整个空间顶部"", ""occlusion"": ""无遮挡""}]","[""地下空间"", ""储藏室"", ""农产品"", ""袋装物"", ""砖墙"", ""拱顶""]","[""光线较暗，深处细节模糊"", ""袋装物具体种类无法完全确认""]",unreviewed,"{""relative_uri"": ""demiwtg/collect/datasets/images.lance"", ""version"": 5, ""sha256"": ""0086bf95b10c8f6b21be6b6be89b83751408d10282719f5750f9bb8c430370ae"", ""column"": ""data""}"
196,0086e984030c07dbf8bdc38d7a377026f6f02213729ea6326a89d6c5f5631f89,"[""机场图""]",3680,2456,photo,"[""机场停机坪"", ""航空器""]","[""全景"", ""平视""]",机场停机坪上停放着一架蓝白相间的小型螺旋桨飞机和一架中国南方航空的喷气式客机，背景为晴朗蓝天。,图像清晰展示了机场停机坪场景，包含两架飞机及大面积平整地面，透视与边界清晰，符合保留条件。,"[{""location"": ""画面下方前景"", ""content"": ""灰色混凝土停机坪地面，可见红色与白色标线"", ""space"": ""大面积平整空地，无遮挡"", ""occlusion"": ""无""}, {""location"": ""画面左侧"", ""content"": ""蓝白涂装的小型螺旋桨飞机，机身编号B-0501"", ""space"": ""占据左侧中景，机头朝向右侧"", ""occlusion"": ""无""}, {""location"": ""画面右侧中景"", ""content"": ""中国南方航空喷气式客机，机身编号B-3147"", ""space"": ""占据右侧中景，机头朝向右侧"", ""occlusion"": ""无""}, {""location"": ""画面上方"", ""content"": ""晴朗的蓝色天空"", ""space"": ""占据画面上半部分，无云"", ""occlusion"": ""无""}]","[""机场"", ""停机坪"", ""飞机"", ""地面"", ""交通设施""]","[""左下角有轻微水印""]",unreviewed,"{""relative_uri"": ""demiwtg/collect/datasets/images.lance"", ""version"": 5, ""sha256"": ""0086e984030c07dbf8bdc38d7a377026f6f02213729ea6326a89d6c5f5631f89"", ""column"": ""data""}"
197,00874b0b95fe8eaf6dbc4552bd47e4799f91b43e0e38dc8331da91b98efa971c,"[""边防军""]",1080,1124,photo,"[""边防军"", ""雪山环境"", ""公共空间""]","[""全景"", ""斜俯视""]",一队身着迷彩服的边防军士兵在积雪覆盖的崎岖山路上列队行进，右侧士兵手持一面鲜艳的五星红旗，背景为陡峭的雪山岩壁。,图像清晰展示了边防军士兵在雪山环境行进的连贯场景，主体明确，符合来源概念，且具备可编辑的雪地与人物区域。,"[{""location"": ""画面中下部"", ""content"": ""一队约七名身着迷彩服、佩戴头盔的士兵，呈纵队行进姿态，右侧士兵手持旗杆。"", ""space"": ""占据画面主要前景与中景，人物之间保持一定间距，脚下为积雪路面。"", ""occlusion"": ""无遮挡，人物轮廓清晰。""}, {""location"": ""画面右侧中上部"", ""content"": ""一面红底黄星的中国国旗，固定在白色旗杆上。"", ""space"": ""旗帜展开，占据右侧显著位置，旗杆垂直向下延伸至士兵手中。"", ""occlusion"": ""无遮挡。""}, {""location"": ""画面背景及上部"", ""content"": ""覆盖着积雪的陡峭山坡，可见裸露的深色岩石与碎石。"", ""space"": ""作为背景填充了画面上半部分，地形崎岖。"", ""occlusion"": ""无遮挡。""}, {""location"": ""画面底部"", ""content"": ""被白雪覆盖的地面，可见士兵行进留下的痕迹及散落的碎石。"", ""space"": ""作为前景承载物，表面不平整。"", ""occlusion"": ""部分被士兵腿部遮挡。""}]","[""雪地"", ""山脉"", ""旗帜"", ""迷彩服"", ""户外"", ""军事""]","[""背景雪山细节较多，若需大面积编辑背景可能增加复杂度。"", ""士兵面部细节较小，不适合进行精细的面部特征编辑。""]",unreviewed,"{""relative_uri"": ""demiwtg/collect/datasets/images.lance"", ""version"": 5, ""sha256"": ""00874b0b95fe8eaf6dbc4552bd47e4799f91b43e0e38dc8331da91b98efa971c"", ""column"": ""data""}"
198,008751c27bb4e71293436bc1bec5c7e7476a411c38a514a431be095cbafa55d6,"[""古老月季""]",1080,1231,photo,"[""庭院园林"", ""植物特写""]","[""斜俯视"", ""近景""]",户外阳光下的一丛月季，可见茂密的绿叶、多个未开放的花蕾以及部分病斑叶片，底部为土壤。,图像清晰展示了月季植株及其生长环境，具备明确的场景与可编辑区域，符合保留条件。,"[{""location"": ""画面中央"", ""content"": ""数个簇生的绿色月季花蕾，周围环绕着深绿色叶片。"", ""space"": ""枝叶间存在自然空隙，花蕾占据主要视觉中心。"", ""occlusion"": ""无明显遮挡，叶片间有自然重叠。""}, {""location"": ""画面底部"", ""content"": ""深褐色的土壤表面，散落着少量枯叶和碎屑。"", ""space"": ""地面区域，部分被上方垂下的枝叶阴影覆盖。"", ""occlusion"": ""部分区域被阴影遮挡，细节可见。""}, {""location"": ""画面左侧"", ""content"": ""带有褐色斑点的月季叶片，显示植物生长状态。"", ""space"": ""叶片层叠分布，占据左侧边缘空间。"", ""occlusion"": ""叶片相互遮挡，形成层次感。""}]","[""花卉"", ""植物"", ""庭院"", ""绿化"", ""土壤""]","[""部分叶片存在病斑，可能影响特定编辑需求。"", ""枝叶较为茂密，部分区域空间受限。""]",unreviewed,"{""relative_uri"": ""demiwtg/collect/datasets/images.lance"", ""version"": 5, ""sha256"": ""008751c27bb4e71293436bc1bec5c7e7476a411c38a514a431be095cbafa55d6"", ""column"": ""data""}"
199,00884e3a9ac053247fa5ba79aed6c5e54ab4ea3b213a387a9cad7113e602e641,"[""圣卡洛剧院""]",2000,1975,photo,"[""剧院内部"", ""古典建筑"", ""公共空间""]","[""仰视"", ""全景"", ""室内""]",宏伟的剧院内部，展示了多层环形包厢、华丽的金色装饰、红色天鹅绒帷幔以及绘有古典神话图案的穹顶壁画。,图像清晰展示了剧院内部宏伟的穹顶与多层包厢结构，场景连贯且透视关系明确，符合公共空间与城市景观的视觉特征。,"[{""location"": ""画面上方中央"", ""content"": ""绘有放射状光芒和人物形象的穹顶壁画"", ""space"": ""占据顶部大部分空间，呈弧形分布"", ""occlusion"": ""无遮挡，完整可见""}, {""location"": ""画面中部及两侧"", ""content"": ""多层环形包厢，带有金色栏杆和红色帷幔"", ""space"": ""环绕整个空间，层层递进"", ""occlusion"": ""无遮挡，结构清晰""}, {""location"": ""画面下方中央"", ""content"": ""带有皇冠装饰的中央包厢（皇家包厢）"", ""space"": ""位于多层包厢的中心位置，突出于其他包厢"", ""occlusion"": ""无遮挡，细节清晰""}, {""location"": ""包厢栏杆处"", ""content"": ""多组壁灯"", ""space"": ""均匀分布在每一层包厢的立柱之间"", ""occlusion"": ""无遮挡""}]","[""剧院"", ""穹顶"", ""包厢"", ""古典装饰"", ""壁画"", ""室内建筑""]",[],unreviewed,"{""relative_uri"": ""demiwtg/collect/datasets/images.lance"", ""version"": 5, ""sha256"": ""00884e3a9ac053247fa5ba79aed6c5e54ab4ea3b213a387a9cad7113e602e641"", ""column"": ""data""}"
200,0089d5a0b268501b084785b942d7a977904542417c381699f6f7903c031dfa42,"[""短尾魟""]",2048,1536,photo,"[""海洋生物"", ""浅水环境""]","[""俯视"", ""近景""]",一只深色短尾魟在浅水岩石底质上游动，背部有白色斑纹，周围是绿色藻类覆盖的岩石。,图像清晰展示了短尾魟在浅水环境中的形态，主体完整且背景具有可编辑性，符合保留条件。,"[{""location"": ""画面中央"", ""content"": ""短尾魟的背部，呈深灰色，带有不规则的白色斑纹和光泽。"", ""space"": ""占据画面中心大部分区域，身体扁平，边缘清晰。"", ""occlusion"": ""无遮挡，完整可见。""}, {""location"": ""画面左上方"", ""content"": ""短尾魟的尾部，细长且向上延伸。"", ""space"": ""延伸至画面上方，部分被水面波纹干扰。"", ""occlusion"": ""无遮挡。""}, {""location"": ""画面背景"", ""content"": ""覆盖着绿色藻类的岩石底质，透过浅水可见。"", ""space"": ""环绕在魟鱼周围，作为环境背景。"", ""occlusion"": ""部分区域因水深和光线显得较暗。""}]","[""海洋生物"", ""鱼类"", ""魟鱼"", ""水下摄影"", ""自然生态""]","[""水面波纹导致部分细节（如尾部尖端）略显模糊。""]",unreviewed,"{""relative_uri"": ""demiwtg/collect/datasets/images.lance"", ""version"": 5, ""sha256"": ""0089d5a0b268501b084785b942d7a977904542417c381699f6f7903c031dfa42"", ""column"": ""data""}"
201,008a0e022f5fe18a651a98d5968982333ba8f372b2f0bb476eedde1555110eba,"[""机枪射击"", ""机枪枪管"", ""机枪碉堡"", ""机枪阵地""]",1299,1081,photo,"[""军事装备"", ""展示环境""]","[""侧面"", ""近景""]",一具沙色机枪架设在三脚架上，放置于迷彩伪装网覆盖的台面上，背景为模糊的室内环境。,图像清晰展示了机枪及其枪管细节，场景连贯，符合来源概念中关于机枪及枪管的描述，具备编辑基础。,"[{""location"": ""画面右侧"", ""content"": ""黑色枪管及消焰器"", ""space"": ""枪管水平延伸，占据右侧前景"", ""occlusion"": ""无遮挡""}, {""location"": ""画面中部"", ""content"": ""沙色机匣及护木"", ""space"": ""位于枪管后方，连接枪托与枪管"", ""occlusion"": ""无遮挡""}, {""location"": ""画面下方"", ""content"": ""黑色三脚架"", ""space"": ""支撑机枪，腿部延伸至画面底部"", ""occlusion"": ""无遮挡""}, {""location"": ""画面底部"", ""content"": ""迷彩伪装网"", ""space"": ""覆盖整个台面，作为背景承载物"", ""occlusion"": ""无遮挡""}]","[""机枪"", ""枪管"", ""三脚架"", ""迷彩网"", ""军事装备""]",[],unreviewed,"{""relative_uri"": ""demiwtg/collect/datasets/images.lance"", ""version"": 5, ""sha256"": ""008a0e022f5fe18a651a98d5968982333ba8f372b2f0bb476eedde1555110eba"", ""column"": ""data""}"
202,008b9a2995b6bb9167cccdcef38057085f44306826ebd1831fb3a7af9194d99d,"[""玉扣纸""]",4000,3000,photo,"[""传统工艺材料"", ""纸张特写""]","[""近景"", ""侧面""]",一卷厚实的黄色手工纸（玉扣纸）侧放于台面上，展示了纸张的层叠纹理与卷曲形态。,图像清晰展示了成卷的黄色纸张，符合“玉扣纸”的视觉特征，且纸张表面平整、纹理清晰，具备作为编辑初态的实用尺度。,"[{""location"": ""画面中央"", ""content"": ""卷起的黄色纸张侧面，可见清晰的层叠纹理和纸张边缘。"", ""space"": ""占据画面主体，纸张紧密卷绕，表面平整。"", ""occlusion"": ""无遮挡，完整可见。""}, {""location"": ""画面下方"", ""content"": ""承载纸张的浅色台面，表面光滑且有反光。"", ""space"": ""位于纸张下方，提供支撑。"", ""occlusion"": ""部分被纸张遮挡。""}]","[""纸张"", ""手工纸"", ""玉扣纸"", ""传统工艺"", ""材料""]","[""背景较为模糊，主要聚焦于纸张本身。""]",unreviewed,"{""relative_uri"": ""demiwtg/collect/datasets/images.lance"", ""version"": 5, ""sha256"": ""008b9a2995b6bb9167cccdcef38057085f44306826ebd1831fb3a7af9194d99d"", ""column"": ""data""}"
203,008c6b9cbfe649489d772d2cb5ff07e73d71ebdd571ab79ddc828993644c25fe,"[""非洲象""]",1920,1200,photo,"[""野生动物"", ""草原场景"", ""自然环境""]","[""正面"", ""全景"", ""平视""]",一只成年非洲象在阴天的草原上向镜头方向行走，背景是低矮的山丘和厚重的云层。,图像清晰展示了非洲象在草原环境中的完整形态，主体与背景结构连贯，符合保留条件。,"[{""location"": ""画面中央"", ""content"": ""非洲象的头部、象鼻、象牙及前躯"", ""space"": ""占据画面核心位置，主体清晰可见"", ""occlusion"": ""无遮挡""}, {""location"": ""画面下方"", ""content"": ""绿色的草原植被"", ""space"": ""作为地面承载物，延伸至画面边缘"", ""occlusion"": ""象腿部分被草丛轻微遮挡""}, {""location"": ""画面上方"", ""content"": ""灰暗的云层"", ""space"": ""占据背景上半部分，营造阴天氛围"", ""occlusion"": ""无""}, {""location"": ""画面中远景"", ""content"": ""深色的山丘轮廓"", ""space"": ""位于地平线处，作为背景层次"", ""occlusion"": ""无""}]","[""大象"", ""野生动物"", ""草原"", ""非洲"", ""自然环境""]","[""天空云层较暗，可能影响整体亮度调整""]",unreviewed,"{""relative_uri"": ""demiwtg/collect/datasets/images.lance"", ""version"": 5, ""sha256"": ""008c6b9cbfe649489d772d2cb5ff07e73d71ebdd571ab79ddc828993644c25fe"", ""column"": ""data""}"
204,008cb381506d274268e83693b4d2ffceeaae2d9994698203d33eb0ea896c3e73,"[""仁寺洞""]",1080,1350,photo,"[""城市景观"", ""公共空间"", ""旅游环境""]","[""全景"", ""斜俯视""]",夜间拍摄的城市商业街区，左侧为多层现代建筑，右侧有传统韩式亭子，地面铺设地砖，有行人和展览广告牌。,图像清晰展示了首尔仁寺洞（Insadong）的夜间城市景观，包含现代建筑与传统亭子，场景连贯且具备可编辑的公共空间区域。,"[{""location"": ""画面下方中央"", ""content"": ""铺设灰色地砖的步行道，带有黄色盲道条纹。"", ""space"": ""地面开阔，有行人正在行走，占据部分空间。"", ""occlusion"": ""无遮挡，视野清晰。""}, {""location"": ""画面右侧"", ""content"": ""传统韩式木制亭子，带有瓦片屋顶和台阶。"", ""space"": ""亭子结构占据右侧前景，台阶通向亭内。"", ""occlusion"": ""亭子部分遮挡了后方的树木和建筑。""}, {""location"": ""画面左侧及上方"", ""content"": ""多层现代商业建筑，带有玻璃幕墙、金属格栅和垂直灯带。"", ""space"": ""建筑立面占据左侧大部分空间，包含多个楼层和入口。"", ""occlusion"": ""无遮挡，建筑细节清晰可见。""}, {""location"": ""画面中下方"", ""content"": ""展览广告牌和导视牌，显示“INSADONG ANTIQUES & ART FAIR”字样。"", ""space"": ""广告牌竖立在地面上，占据部分通道空间。"", ""occlusion"": ""无遮挡，文字清晰可读。""}]","[""城市街道"", ""商业区"", ""传统建筑"", ""现代建筑"", ""夜景"", ""公共广场""]","[""夜间拍摄，部分区域光线较暗，可能影响细节编辑。"", ""行人和广告牌占据部分空间，限制了某些区域的编辑自由度。""]",unreviewed,"{""relative_uri"": ""demiwtg/collect/datasets/images.lance"", ""version"": 5, ""sha256"": ""008cb381506d274268e83693b4d2ffceeaae2d9994698203d33eb0ea896c3e73"", ""column"": ""data""}"
205,008d169bd3f0524d4e1a9769b988f1c562d809dee3ea7edaa88a2cab54be81cf,"[""世界青年举重锦标赛""]",1920,1080,photo,"[""体育场馆"", ""比赛现场""]","[""正面"", ""近景""]",一名身穿黑色举重服的运动员正在比赛中进行挺举动作，肩扛杠铃，背景可见显示重量和时间的电子计分板。,图像清晰展示了举重比赛现场，包含运动员、杠铃及背景计分板，场景连贯且关键结构可辨，符合保留条件。,"[{""location"": ""画面中央"", ""content"": ""举重运动员，身穿黑色紧身衣，佩戴举重腰带，肩扛杠铃。"", ""space"": ""占据画面主体，身体周围有少量空间。"", ""occlusion"": ""无遮挡。""}, {""location"": ""画面左右两侧"", ""content"": ""杠铃及杠铃片，可见ELEIKO品牌标识及20kg、25kg重量标记。"", ""space"": ""横向延伸，占据画面大部分宽度。"", ""occlusion"": ""无遮挡。""}, {""location"": ""画面左上角"", ""content"": ""电子计分板，显示时间00:12及重量116kg。"", ""space"": ""位于背景墙面，部分被杠铃片遮挡。"", ""occlusion"": ""部分被杠铃片遮挡。""}, {""location"": ""画面背景"", ""content"": ""深灰色墙面，作为比赛背景。"", ""space"": ""占据背景大部分区域，较为空旷。"", ""occlusion"": ""无遮挡。""}]","[""举重"", ""体育比赛"", ""运动员"", ""杠铃"", ""计分板""]","[""背景墙面较为单调，缺乏细节。"", ""运动员面部表情较为用力，可能影响部分编辑操作。""]",unreviewed,"{""relative_uri"": ""demiwtg/collect/datasets/images.lance"", ""version"": 5, ""sha256"": ""008d169bd3f0524d4e1a9769b988f1c562d809dee3ea7edaa88a2cab54be81cf"", ""column"": ""data""}"
206,008e1ede5878a7c62e14977a98c7bfa8b95226b7aafc6c2b87318cbe3ef46ebe,"[""元谋物茂土林""]",2592,3840,photo,"[""自然景观"", ""地质地貌"", ""户外环境""]","[""仰视"", ""近景"", ""全景""]",晴朗天空下的土林地貌，画面主体为多根高耸的橙黄色土柱，表面有垂直侵蚀纹理，底部为浅色沙土地面。,图像清晰展示了典型的土林地貌，具有明确的垂直柱状结构和地面空间，符合保留条件。,"[{""location"": ""画面底部中央"", ""content"": ""浅米色沙土地面，表面有少量碎石和枯枝。"", ""space"": ""位于土柱底部的开阔平地，空间相对平坦。"", ""occlusion"": ""无遮挡，视野清晰。""}, {""location"": ""画面右侧"", ""content"": ""巨大的土林岩壁，呈橙黄色，表面有明显的垂直沟壑和层状结构。"", ""space"": ""占据画面右侧大部分区域，垂直耸立。"", ""occlusion"": ""无遮挡。""}, {""location"": ""画面左侧"", ""content"": ""一排较细的土柱，顶部有深色植被或岩石覆盖，柱身呈红褐色。"", ""space"": ""位于左侧中景，与右侧岩壁形成空间层次。"", ""occlusion"": ""无遮挡。""}, {""location"": ""画面上方"", ""content"": ""纯净的蓝色天空，无云。"", ""space"": ""占据画面上部约三分之一区域。"", ""occlusion"": ""无遮挡。""}]","[""自然景观"", ""土林"", ""地质"", ""户外"", ""地貌"", ""旅游""]","[""地面区域相对较小，且位于土柱根部，可能受阴影影响。""]",unreviewed,"{""relative_uri"": ""demiwtg/collect/datasets/images.lance"", ""version"": 5, ""sha256"": ""008e1ede5878a7c62e14977a98c7bfa8b95226b7aafc6c2b87318cbe3ef46ebe"", ""column"": ""data""}"
207,008f87e08e11ff38388f74e8b5b5a09b1c06b772ad6dc1ab05eb65c992085206,"[""草原火灾""]",1620,1080,photo,"[""火灾现场"", ""自然环境"", ""应急救援环境""]","[""全景"", ""平视""]",几名身穿橙色防护服、背负设备的救援人员在燃烧的枯黄草地上作业，背景有浓烟和蓝天。,图像清晰展示了草原火灾现场及救援人员，场景连贯，具备可编辑的地面与背景区域，符合保留条件。,"[{""location"": ""画面前景及中景地面"", ""content"": ""枯黄的干草地，部分区域有烧焦痕迹"", ""space"": ""地面起伏不平，被救援人员占据部分空间，其余为开阔草地"", ""occlusion"": ""无遮挡，清晰可见""}, {""location"": ""画面中景左侧"", ""content"": ""正在燃烧的火焰与升腾的浓烟"", ""space"": ""占据中景部分区域，火焰高度约至人腰部"", ""occlusion"": ""烟雾部分遮挡后方背景""}, {""location"": ""画面中景及右侧"", ""content"": ""四名身穿橙色防火服的救援人员"", ""space"": ""分散站立在草地上，占据画面主要视觉中心"", ""occlusion"": ""无遮挡，人物姿态清晰""}, {""location"": ""画面上方背景"", ""content"": ""蓝天与白云"", ""space"": ""占据画面上部约三分之一区域"", ""occlusion"": ""部分被烟雾遮挡""}]","[""草地"", ""火焰"", ""烟雾"", ""救援人员"", ""户外"", ""灾害现场""]","[""右下角有红色水印文字"", ""烟雾导致背景部分区域细节模糊""]",unreviewed,"{""relative_uri"": ""demiwtg/collect/datasets/images.lance"", ""version"": 5, ""sha256"": ""008f87e08e11ff38388f74e8b5b5a09b1c06b772ad6dc1ab05eb65c992085206"", ""column"": ""data""}"
208,008fbad154df7f3eaee08f4f0826b00b71871ccc9e5427acf11b2bf8db4d9f11,"[""玄武岩墙""]",2800,2800,photo,"[""石墙"", ""建筑外墙""]","[""正面"", ""近景""]",一张深灰色玄武岩砌块墙面的特写，表面粗糙，可见明显的垂直纹理和石块拼接缝隙。,图像展示了清晰、连贯的玄武岩墙面纹理，具有明确的透视和结构，符合保留条件。,"[{""location"": ""画面中央"", ""content"": ""深灰色玄武岩砌块表面，具有粗糙的颗粒感和垂直的凿痕纹理。"", ""space"": ""平整的垂直墙面，被石块接缝分割，无其他物体遮挡。"", ""occlusion"": ""无遮挡，完整可见。""}, {""location"": ""画面左侧"", ""content"": ""多块玄武岩砌块，表面有自然的色泽深浅变化。"", ""space"": ""垂直墙面区域，石块紧密排列。"", ""occlusion"": ""无遮挡。""}, {""location"": ""画面右侧"", ""content"": ""玄武岩砌块，可见明显的垂直纹理和细微的裂纹。"", ""space"": ""垂直墙面区域，石块紧密排列。"", ""occlusion"": ""无遮挡。""}, {""location"": ""画面底部"", ""content"": ""墙面的下部区域，石块纹理与上方一致。"", ""space"": ""垂直墙面区域，延伸至画面边缘。"", ""occlusion"": ""无遮挡。""}]","[""石墙"", ""玄武岩"", ""建筑外墙"", ""纹理背景"", ""岩石""]",[],unreviewed,"{""relative_uri"": ""demiwtg/collect/datasets/images.lance"", ""version"": 5, ""sha256"": ""008fbad154df7f3eaee08f4f0826b00b71871ccc9e5427acf11b2bf8db4d9f11"", ""column"": ""data""}"
209,009076938e3db4798cb7d4ecef631c6d8b4e0d9f465830a37924cb6defa78d5f,"[""乌尤寺""]",1800,1200,photo,"[""古建筑"", ""庭院景观"", ""人文环境""]","[""全景"", ""仰视"", ""斜俯视""]",一座多层砖石结构的古塔矗立在庭院中央，周围环绕着黑色铁栅栏，背景可见传统建筑屋顶及茂密的树木，天空晴朗。,图像清晰展示了古塔及其周边的庭院环境，场景连贯，具备明确的编辑区域。,"[{""location"": ""画面中央"", ""content"": ""多层砖石古塔，塔身有雕刻装饰，底部被黑色铁栅栏围住。"", ""space"": ""塔体占据画面中心主要位置，周围有少量空隙。"", ""occlusion"": ""塔体下部被铁栅栏部分遮挡。""}, {""location"": ""画面前景"", ""content"": ""铺设整齐的浅色石板地面。"", ""space"": ""开阔的硬质铺装区域，延伸至塔基周围。"", ""occlusion"": ""无遮挡，视野清晰。""}, {""location"": ""画面右侧"", ""content"": ""高大的绿色树木及树荫下的行人。"", ""space"": ""树木占据右侧边缘，地面有树影投射。"", ""occlusion"": ""树叶遮挡了部分天空和背景。""}, {""location"": ""画面右后方"", ""content"": ""红瓦屋顶的传统建筑一角。"", ""space"": ""位于古塔右后方，部分被树木遮挡。"", ""occlusion"": ""被前景树木和古塔部分遮挡。""}]","[""古塔"", ""寺庙"", ""庭院"", ""古建筑"", ""石塔"", ""景区""]","[""前景铁栅栏对塔体底部细节有一定遮挡"", ""右侧树木遮挡了部分背景建筑""]",unreviewed,"{""relative_uri"": ""demiwtg/collect/datasets/images.lance"", ""version"": 5, ""sha256"": ""009076938e3db4798cb7d4ecef631c6d8b4e0d9f465830a37924cb6defa78d5f"", ""column"": ""data""}"
210,0090a8d5060b50cade1015d3f07f4b36eaa15e4445bc6812c372757ff9261f09,"[""汀棠公园""]",4000,2760,photo,"[""城市公园"", ""湖景"", ""自然景观""]","[""全景"", ""平视""]",一张城市公园湖景照片，画面中心为植被茂密的湖心岛，前景是平静的水面倒影，右侧背景可见高层住宅楼与凉亭。,图像展示了清晰的城市公园湖景，包含水面、植被岛屿及建筑，场景连贯且具备可编辑的开阔区域。,"[{""location"": ""画面下半部"", ""content"": ""平静开阔的湖面，呈现清晰的倒影"", ""space"": ""大面积空旷水面，无遮挡"", ""occlusion"": ""无""}, {""location"": ""画面中部"", ""content"": ""湖心岛，覆盖茂密的绿色树木与灌木"", ""space"": ""岛屿占据画面中心，边缘有石砌护岸"", ""occlusion"": ""无""}, {""location"": ""画面右侧背景"", ""content"": ""高层住宅建筑群及一座中式凉亭"", ""space"": ""位于湖岸线后方，部分被树木遮挡"", ""occlusion"": ""部分被前景树木遮挡""}, {""location"": ""画面上半部"", ""content"": ""晴朗的蓝色天空"", ""space"": ""大面积空旷天空"", ""occlusion"": ""无""}]","[""公园"", ""湖泊"", ""城市景观"", ""自然"", ""建筑"", ""户外""]","[""背景建筑距离较远，细节分辨率有限""]",unreviewed,"{""relative_uri"": ""demiwtg/collect/datasets/images.lance"", ""version"": 5, ""sha256"": ""0090a8d5060b50cade1015d3f07f4b36eaa15e4445bc6812c372757ff9261f09"", ""column"": ""data""}"
211,0091347c6a1db2bb6f2666617cc1ba1143ad936ff84ed0ba8555a17b01fa357f,"[""郊区高尔夫球场""]",2650,1772,render,"[""郊区景观"", ""度假村建筑"", ""自然环境""]","[""俯视"", ""全景""]",一张郊区大型度假村或高尔夫社区的鸟瞰渲染图，展示了多栋米黄色建筑、中央泳池、蜿蜒河流、大片修剪整齐的草坪以及周边的茂密树林。,图像为清晰的郊区度假村鸟瞰渲染图，包含大片草坪、道路及建筑，场景连贯且具备可编辑的实用尺度。,"[{""location"": ""画面右侧中部"", ""content"": ""一块修剪整齐的绿色矩形草坪，类似高尔夫球场果岭或景观绿地。"", ""space"": ""开阔平坦，周围有道路和树木环绕，无大型遮挡物。"", ""occlusion"": ""无遮挡，视野清晰。""}, {""location"": ""画面下方"", ""content"": ""铺设好的沥青道路及停车场，可见停放的车辆。"", ""space"": ""路面平整，有明确的停车位标线，空间充足。"", ""occlusion"": ""无遮挡。""}, {""location"": ""画面中上部"", ""content"": ""大型户外泳池区域，包含蓝色水面、躺椅和遮阳伞。"", ""space"": ""被棕榈树和建筑包围，水面开阔。"", ""occlusion"": ""部分被前景树木轻微遮挡。""}, {""location"": ""画面左侧及背景"", ""content"": ""蜿蜒的河流与茂密的树林。"", ""space"": ""自然地形，水面与植被交错。"", ""occlusion"": ""无遮挡。""}]","[""草坪"", ""道路"", ""建筑"", ""树木"", ""郊区"", ""度假村""]","[""图像为渲染图，非真实照片，光影和材质具有CG特征。""]",unreviewed,"{""relative_uri"": ""demiwtg/collect/datasets/images.lance"", ""version"": 5, ""sha256"": ""0091347c6a1db2bb6f2666617cc1ba1143ad936ff84ed0ba8555a17b01fa357f"", ""column"": ""data""}"
212,009168ddf9e062fb45b34f296cd5593508eed6516cfe2f58fd0b0eb2953d7f54,"[""圣母教堂"", ""教堂""]",1080,1527,illustration,"[""宗教场所"", ""建筑外部"", ""文化区域""]","[""正面"", ""全景""]",一幅插画，描绘了深蓝色背景下，一位蓝发人物跪在白色圣母雕像前的台阶上，雕像带有光环与翅膀，两侧有装饰性烛台。,图像清晰展示了教堂风格的雕像与人物场景，结构完整，具备明确的编辑区域。,"[{""location"": ""画面中央"", ""content"": ""白色圣母雕像，带有光环和翅膀，身着长袍"", ""space"": ""占据画面主体，立于台阶之上"", ""occlusion"": ""无遮挡""}, {""location"": ""画面中下方"", ""content"": ""蓝发人物，身穿黑色斗篷，跪姿，手持长条状物体"", ""space"": ""位于雕像正前方的台阶上"", ""occlusion"": ""无遮挡""}, {""location"": ""画面左右两侧"", ""content"": ""白色装饰性烛台或喷泉结构"", ""space"": ""对称分布于雕像两侧"", ""occlusion"": ""无遮挡""}, {""location"": ""画面底部"", ""content"": ""多层台阶与地面，带有倒影效果"", ""space"": ""作为场景的基底，延伸至画面边缘"", ""occlusion"": ""无遮挡""}]","[""雕像"", ""教堂"", ""人物"", ""台阶"", ""宗教"", ""插画""]",[],unreviewed,"{""relative_uri"": ""demiwtg/collect/datasets/images.lance"", ""version"": 5, ""sha256"": ""009168ddf9e062fb45b34f296cd5593508eed6516cfe2f58fd0b0eb2953d7f54"", ""column"": ""data""}"
213,0091a133e877b478508ee0386a85c08ef015a4be4b1b1d8dcafc4ebfb55d7ee1,"[""乱针绣""]",2432,2948,photo,"[""刺绣织物"", ""传统工艺"", ""花鸟纹样""]","[""近景"", ""俯视""]",米白色织物上的刺绣特写，画面中心为一只绿色鹦鹉，周围环绕着枝叶与花卉图案，针脚细密且色彩层次分明。,图像清晰展示了具有乱针绣特征的刺绣织物局部，纹理与针法细节丰富，符合来源概念，且具备可编辑的平面区域。,"[{""location"": ""画面中心"", ""content"": ""绿色鹦鹉刺绣图案，羽毛由不同深浅的绿色和红色丝线构成。"", ""space"": ""占据画面核心位置，周围有少量留白。"", ""occlusion"": ""无遮挡，完整可见。""}, {""location"": ""画面右侧"", ""content"": ""棕色树干与绿色叶片刺绣，叶片呈现明显的针脚纹理。"", ""space"": ""纵向延伸，占据右侧约三分之一区域。"", ""occlusion"": ""无遮挡。""}, {""location"": ""画面左上方"", ""content"": ""米白色底布，可见织物经纬纹理及少量刺绣边缘。"", ""space"": ""作为背景区域，相对空旷。"", ""occlusion"": ""无遮挡。""}, {""location"": ""画面下方"", ""content"": ""深色花卉与枝叶刺绣，包含红色与黑色丝线细节。"", ""space"": ""位于鹦鹉下方，图案较为密集。"", ""occlusion"": ""无遮挡。""}]","[""刺绣"", ""织物"", ""花鸟"", ""传统工艺"", ""纹理"", ""装饰""]","[""织物表面存在自然褶皱，非完全平整平面"", ""画面为局部特写，未展示完整作品全貌""]",unreviewed,"{""relative_uri"": ""demiwtg/collect/datasets/images.lance"", ""version"": 5, ""sha256"": ""0091a133e877b478508ee0386a85c08ef015a4be4b1b1d8dcafc4ebfb55d7ee1"", ""column"": ""data""}"
214,00923bc5d8152270a8ec2e54759a3e330e69e9b9ff377f91c2e3615ca809e05e,"[""玉猪龙"", ""玉米粒串"", ""玉米粒堆"", ""玉米粒粥"", ""玉米粒脆饼"", ""玉米粥"", ""玉翁"", ""玉荷包荔枝"", ""玉荷花"", ""玉蟹""]",3053,2290,photo,"[""文物展览"", ""博物馆""]","[""近景"", ""斜俯视""]",一件黄绿色调的红山文化玉猪龙，呈C形卷曲，头部有穿孔，表面可见褐色沁斑，置于灰白渐变背景中。,图像清晰展示了红山文化玉猪龙文物，主体完整，背景干净，符合博物馆藏品摄影特征，可作为文物类编辑任务的底图。,"[{""location"": ""画面中央"", ""content"": ""玉猪龙主体，呈C形，头部雕刻有猪首特征，背部有穿孔，表面有褐色沁色和光泽。"", ""space"": ""占据画面主要位置，周围留有均匀的灰色背景空间。"", ""occlusion"": ""无遮挡，完整可见。""}, {""location"": ""画面底部"", ""content"": ""物体投射在平面上的黑色阴影。"", ""space"": ""位于物体正下方，呈椭圆形。"", ""occlusion"": ""无。""}]","[""玉器"", ""文物"", ""红山文化"", ""玉猪龙"", ""博物馆藏品""]","[""背景为纯色渐变，缺乏具体环境细节，不适合作为复杂场景编辑的底图。""]",unreviewed,"{""relative_uri"": ""demiwtg/collect/datasets/images.lance"", ""version"": 5, ""sha256"": ""00923bc5d8152270a8ec2e54759a3e330e69e9b9ff377f91c2e3615ca809e05e"", ""column"": ""data""}"
215,0092991de838f958791f9685a80fbbddc0d63800733ae2f72c9bd423e31feee4,"[""瀑布岩石""]",1535,2732,photo,"[""自然景观"", ""瀑布"", ""森林""]","[""全景"", ""平视""]",一张展示高山湖泊瀑布景观的图片，前景有一块长满青苔的扁平岩石，背景是茂密的针叶林和倾泻而下的瀑布。,图像清晰展示了瀑布、岩石与森林的自然场景，前景岩石具有明确的空间与尺度，符合保留条件。,"[{""location"": ""画面前景中央"", ""content"": ""一块扁平的岩石，表面覆盖着绿色青苔，边缘有水流冲击。"", ""space"": ""岩石位于水面之上，周围是清澈的湖水，岩石表面平坦且有一定面积。"", ""occlusion"": ""无遮挡，岩石全貌可见。""}, {""location"": ""画面中景"", ""content"": ""宽阔的蓝绿色湖面，水面有波纹和倒影。"", ""space"": ""湖面开阔，连接前景岩石与背景瀑布。"", ""occlusion"": ""无遮挡。""}, {""location"": ""画面右上方"", ""content"": ""从高处倾泻而下的白色瀑布，水流湍急。"", ""space"": ""瀑布位于森林边缘，占据背景右侧大部分空间。"", ""occlusion"": ""部分被前景树木遮挡。""}, {""location"": ""画面背景"", ""content"": ""茂密的深绿色针叶林，覆盖着山坡。"", ""space"": ""森林环绕着湖泊和瀑布，延伸至画面顶部。"", ""occlusion"": ""无遮挡。""}]","[""岩石"", ""瀑布"", ""湖泊"", ""森林"", ""自然景观""]","[""右下角有“豆包AI生成”水印。""]",unreviewed,"{""relative_uri"": ""demiwtg/collect/datasets/images.lance"", ""version"": 5, ""sha256"": ""0092991de838f958791f9685a80fbbddc0d63800733ae2f72c9bd423e31feee4"", ""column"": ""data""}"
216,0093e34b1d6c3b88e277abec8ff0b07b7691a041a98424b6087e52fd0613ffa4,"[""玉舞人""]",1080,1049,photo,"[""玉器"", ""文物"", ""古代艺术""]","[""正面"", ""近景""]",黑色背景下的白玉舞人佩，人物呈舞蹈姿态，发髻高耸，衣纹流畅，底部有穿孔。,图像清晰展示了玉舞人文物，主体完整，结构可辨，符合保留条件。,"[{""location"": ""画面中央"", ""content"": ""玉舞人主体，包含头部、躯干、手臂及飘带"", ""space"": ""占据画面主要垂直空间，背景为纯黑"", ""occlusion"": ""无遮挡，完整可见""}, {""location"": ""画面顶部"", ""content"": ""人物高耸的发髻与飘带末端"", ""space"": ""位于主体上方，呈弯曲状"", ""occlusion"": ""无遮挡""}, {""location"": ""画面底部"", ""content"": ""人物下摆及底部的圆形穿孔"", ""space"": ""位于主体最下端，呈尖角状收尾"", ""occlusion"": ""无遮挡""}]","[""玉器"", ""佩饰"", ""文物"", ""古代人物"", ""雕刻""]",[],unreviewed,"{""relative_uri"": ""demiwtg/collect/datasets/images.lance"", ""version"": 5, ""sha256"": ""0093e34b1d6c3b88e277abec8ff0b07b7691a041a98424b6087e52fd0613ffa4"", ""column"": ""data""}"
217,009444151d0af4535f00e866486ebf80eeb3e4da9a11cb4e1304d0100ef35090,"[""天然气钻机""]",2696,1279,photo,"[""油气钻探现场"", ""野外工程设施"", ""农田环境""]","[""航拍"", ""全景"", ""斜俯视""]",航拍视角下的野外油气钻探作业现场，可见四座高耸的钻机塔架、井场内的集装箱房、储罐及车辆，周围是平坦的农田。,图像清晰展示了野外油气钻探作业现场，包含钻机、井场设施及开阔场地，符合来源概念且具备可编辑区域。,"[{""location"": ""画面中央及左侧"", ""content"": ""四座红白相间的钻机塔架及其底座，周围分布着绿色的集装箱房、白色储罐和蓝色设备。"", ""space"": ""井场核心作业区，地面为硬化路面，设备密集排列，占据画面主要部分。"", ""occlusion"": ""无遮挡，结构清晰可见。""}, {""location"": ""画面前景及右侧"", ""content"": ""大片平坦的农田，呈现枯黄色，可见耕作纹理。"", ""space"": ""开阔的野外环境，作为井场的背景与周边区域，空间广阔。"", ""occlusion"": ""无遮挡。""}, {""location"": ""画面下方中央"", ""content"": ""井场边缘的临时设施区，包括白色活动板房、停放的车辆（轿车、卡车）及堆放的管材。"", ""space"": ""地面硬化区域，物品摆放相对整齐，有车辆通行空间。"", ""occlusion"": ""无遮挡。""}]","[""钻机"", ""石油设施"", ""工程现场"", ""集装箱"", ""储罐"", ""车辆""]","[""航拍视角导致地面细节（如具体设备型号、文字标识）较小，难以辨认。""]",unreviewed,"{""relative_uri"": ""demiwtg/collect/datasets/images.lance"", ""version"": 5, ""sha256"": ""009444151d0af4535f00e866486ebf80eeb3e4da9a11cb4e1304d0100ef35090"", ""column"": ""data""}"
218,00964972bc260ca14d8f09b4374496c224318c6c8cb44052139d7a6cfddc7a63,"[""中元节"", ""盂兰盆节""]",1920,2560,photo,"[""宗教仪式场景"", ""祭祀场景"", ""户外神棚""]","[""正面"", ""全景""]",户外搭建的竹制神棚，供奉着色彩鲜艳的神像，前方设有供桌和竹篮，背景可见树木和围栏。,图像清晰展示了户外宗教祭祀场景，包含神像、供桌及竹制神棚，场景连贯且关键结构可辨，符合保留条件。,"[{""location"": ""画面中央"", ""content"": ""色彩鲜艳的神像，身着红绿相间的传统服饰，面部为蓝色，被透明塑料布部分覆盖。"", ""space"": ""位于竹制神棚内部，占据中心位置，周围有对联和牌匾。"", ""occlusion"": ""神像身体部分被透明塑料布遮挡，头部清晰可见。""}, {""location"": ""画面下方中央"", ""content"": ""红色金属供桌，桌上摆放着水果、香烛等供品，桌下放置着竹篮。"", ""space"": ""位于神像正前方，占据前景主要位置，周围地面有少量杂物。"", ""occlusion"": ""无明显遮挡，供品细节清晰。""}, {""location"": ""画面左侧"", ""content"": ""蓝色和白色的帐篷结构，旁边堆放着成排的黄色物品（可能是香烛或纸钱）。"", ""space"": ""位于神棚左侧，与主神棚相邻，地面铺有蓝色布。"", ""occlusion"": ""帐篷部分遮挡了后方的物品。""}, {""location"": ""画面上方"", ""content"": ""竹制神棚的顶部结构，挂有写着“大士台”的蓝色牌匾和彩色小灯串。"", ""space"": ""位于神像上方，由竹竿搭建而成，结构较为粗糙。"", ""occlusion"": ""无明显遮挡，结构清晰可见。""}]","[""神像"", ""供桌"", ""竹棚"", ""祭祀用品"", ""户外场景""]","[""神像部分被塑料布遮挡，可能影响对神像细节的编辑。"", ""背景较为杂乱，包含帐篷、围栏和树木，可能干扰对主体场景的聚焦。""]",unreviewed,"{""relative_uri"": ""demiwtg/collect/datasets/images.lance"", ""version"": 5, ""sha256"": ""00964972bc260ca14d8f09b4374496c224318c6c8cb44052139d7a6cfddc7a63"", ""column"": ""data""}"
219,009797d6d1981dff77afd4caf09443fa36eaeed1a8c2991586d2e09378d5e3b8,"[""仿古木质窄船""]",1200,1071,render,"[""仿古船模型"", ""中式建筑构件""]","[""斜俯视"", ""全景""]",深红色背景上展示的一艘白色仿古木质窄船3D模型，船身细长，带有传统中式屋顶结构，放置于白色底座之上。,图像清晰展示了一艘仿古木质窄船的3D模型，结构完整，透视明确，且具备可编辑的甲板与船体表面，符合候选池要求。,"[{""location"": ""画面中央偏上"", ""content"": ""船体中部的开放式甲板区域，可见栏杆与内部结构"", ""space"": ""甲板表面平整，空间开阔，未被遮挡"", ""occlusion"": ""无遮挡""}, {""location"": ""画面左侧"", ""content"": ""船头部分，带有尖顶结构"", ""space"": ""船头甲板区域，空间较小"", ""occlusion"": ""无遮挡""}, {""location"": ""画面右侧"", ""content"": ""船尾部分，带有延伸出的平台"", ""space"": ""船尾平台空间，较为平坦"", ""occlusion"": ""无遮挡""}, {""location"": ""画面下方"", ""content"": ""支撑船体的白色矩形底座"", ""space"": ""底座表面平整，占据画面底部空间"", ""occlusion"": ""无遮挡""}]","[""船只"", ""模型"", ""中式建筑"", ""仿古"", ""木质结构""]","[""模型为纯白色，缺乏材质纹理细节"", ""背景为纯色，无环境参照""]",unreviewed,"{""relative_uri"": ""demiwtg/collect/datasets/images.lance"", ""version"": 5, ""sha256"": ""009797d6d1981dff77afd4caf09443fa36eaeed1a8c2991586d2e09378d5e3b8"", ""column"": ""data""}"
220,0097e2c2e261d5e78747d207ce8d771a0b8095eda9f74c174b586cd1752d35a8,"[""扎什伦布寺""]",2400,1800,photo,"[""藏式建筑"", ""宗教场所"", ""历史建筑""]","[""仰视"", ""近景""]",仰视视角下的藏式寺庙建筑外墙，可见黑色与白色条纹相间的织物帘幕、金色装饰构件及深色墙体。,图像清晰展示了具有典型藏式建筑特征的寺庙外墙，包含大面积可定位的织物帘幕与墙面区域，符合扎什伦布寺等历史建筑的视觉特征。,"[{""location"": ""画面中央"", ""content"": ""巨大的深褐色织物帘幕，带有明显的白色横向条纹，悬挂于建筑入口上方。"", ""space"": ""占据了画面中心大部分区域，遮挡了后方的门窗结构。"", ""occlusion"": ""帘幕遮挡了建筑内部及门洞细节。""}, {""location"": ""画面上方"", ""content"": ""深色（黑色或深褐色）的粗糙墙面，装饰有金色的圆形饰物、长方形牌匾及白色帷幔。"", ""space"": ""位于织物帘幕上方，延伸至屋顶边缘。"", ""occlusion"": ""无遮挡，清晰可见。""}, {""location"": ""画面左下角"", ""content"": ""白色粉刷墙面，可见一扇带有红色窗框的窗户。"", ""space"": ""位于主帘幕左侧，作为建筑外墙的一部分。"", ""occlusion"": ""无遮挡。""}, {""location"": ""画面右下角"", ""content"": ""白色粉刷墙面，可见部分深色窗框结构。"", ""space"": ""位于主帘幕右侧，与左侧墙面形成对称布局。"", ""occlusion"": ""无遮挡。""}]","[""寺庙"", ""藏式建筑"", ""外墙"", ""帘幕"", ""宗教场所"", ""历史遗迹""]","[""仰视角度导致透视变形，墙面垂直线条呈现汇聚状。"", ""织物帘幕遮挡了建筑入口及内部空间，无法编辑被遮挡区域。""]",unreviewed,"{""relative_uri"": ""demiwtg/collect/datasets/images.lance"", ""version"": 5, ""sha256"": ""0097e2c2e261d5e78747d207ce8d771a0b8095eda9f74c174b586cd1752d35a8"", ""column"": ""data""}"
221,0098523b7ae3ffcb831cc143ac83029eb9456270273deb6e10612bf50c83709f,"[""赛艇服装""]",3024,4032,photo,"[""水上运动"", ""赛艇"", ""城市景观""]","[""近景"", ""平视"", ""户外""]",一名身穿红黑配色赛艇服、佩戴头盔和救生衣的运动员坐在赛艇船头，背景为城市天际线与水面。,图像清晰展示了赛艇运动场景及穿着专业赛艇服装的人物，符合来源概念，且人物与船体结构清晰，具备编辑基础。,"[{""location"": ""画面中央"", ""content"": ""穿着红色赛艇服、黑色救生衣和头盔的运动员"", ""space"": ""占据画面主体，坐姿，身体周围有绳索和船体结构"", ""occlusion"": ""无遮挡，面部清晰可见""}, {""location"": ""画面下方"", ""content"": ""赛艇船头甲板，铺有网状防滑垫"", ""space"": ""前景区域，可见部分船体结构和绳索"", ""occlusion"": ""部分被人物腿部遮挡""}, {""location"": ""画面背景"", ""content"": ""城市高楼建筑群与水面"", ""space"": ""远景，占据画面上半部分"", ""occlusion"": ""无遮挡，清晰可见""}]","[""赛艇"", ""运动服装"", ""救生衣"", ""头盔"", ""户外"", ""水上运动""]","[""人物占据画面大部分区域，背景空间有限"", ""船体结构部分被人物遮挡""]",unreviewed,"{""relative_uri"": ""demiwtg/collect/datasets/images.lance"", ""version"": 5, ""sha256"": ""0098523b7ae3ffcb831cc143ac83029eb9456270273deb6e10612bf50c83709f"", ""column"": ""data""}"
222,0098cef4c4b6140a8d7736b3fcb727a5e161ede5d61dad53aba8bc9324647625,"[""侯恂故居""]",2048,1365,photo,"[""古建筑"", ""人文环境"", ""旅游空间""]","[""正面"", ""全景"", ""平视""]",一座传统中式建筑的正门，门楣悬挂“侯府”匾额，檐下挂有红灯笼，门前有石阶，左下角停有一辆白色汽车。,图像清晰展示了传统中式建筑门楼，牌匾文字与来源概念“侯恂故居”一致，场景连贯且具备可编辑空间。,"[{""location"": ""画面中央门楣上方"", ""content"": ""黑底金字的“侯府”匾额及彩绘斗拱"", ""space"": ""位于屋檐下，上方为瓦顶，下方为门洞"", ""occlusion"": ""无遮挡""}, {""location"": ""画面下方中央"", ""content"": ""灰色石质台阶"", ""space"": ""连接地面与门廊，表面平整"", ""occlusion"": ""无遮挡""}, {""location"": ""画面左下角"", ""content"": ""白色汽车的车尾部分"", ""space"": ""占据前景左侧，遮挡了部分建筑墙体"", ""occlusion"": ""被画面边缘裁切""}, {""location"": ""画面右侧墙面"", ""content"": ""青砖墙面及红色说明牌"", ""space"": ""位于建筑右侧，上方有屋檐遮挡"", ""occlusion"": ""无遮挡""}]","[""古建筑"", ""门楼"", ""庭院"", ""牌匾"", ""灯笼"", ""石阶""]","[""左下角汽车遮挡了部分建筑基座"", ""右侧有现代电线穿过天空""]",unreviewed,"{""relative_uri"": ""demiwtg/collect/datasets/images.lance"", ""version"": 5, ""sha256"": ""0098cef4c4b6140a8d7736b3fcb727a5e161ede5d61dad53aba8bc9324647625"", ""column"": ""data""}"
223,0098e0153ae20d46c26ca7044579e8ec0e0f80334b75be91279d23f3bfaf961e,"[""动物博物馆""]",1687,2370,photo,"[""室内空间"", ""展览环境"", ""动物博物馆""]","[""正面"", ""近景""]",博物馆展柜内的一只疣鼻天鹅标本，站立在米色底座上，背景为灰色墙面及说明牌。,图像清晰展示了博物馆内的动物标本场景，主体明确，背景与承载物结构完整，符合保留条件。,"[{""location"": ""画面中央"", ""content"": ""一只白色的疣鼻天鹅标本，具有黑色喙部和蹼足。"", ""space"": ""占据画面主体位置，站立在底座上。"", ""occlusion"": ""无遮挡，完整可见。""}, {""location"": ""天鹅下方"", ""content"": ""米色不规则形状的展示底座。"", ""space"": ""位于天鹅脚下，支撑标本，表面平整。"", ""occlusion"": ""无遮挡。""}, {""location"": ""背景墙面"", ""content"": ""灰色墙面，挂有黑色说明牌和树枝装饰。"", ""space"": ""位于天鹅后方，作为背景。"", ""occlusion"": ""部分被天鹅身体遮挡。""}, {""location"": ""画面右下角"", ""content"": ""黑色展示台表面，可见编号标签“207”。"", ""space"": ""位于底座右侧，为平坦的深色表面。"", ""occlusion"": ""无遮挡。""}]","[""动物标本"", ""天鹅"", ""博物馆"", ""展示柜"", ""底座"", ""室内""]","[""背景说明牌文字较小，细节不可读。"", ""画面右侧边缘有另一只标本的局部，可能干扰构图。""]",unreviewed,"{""relative_uri"": ""demiwtg/collect/datasets/images.lance"", ""version"": 5, ""sha256"": ""0098e0153ae20d46c26ca7044579e8ec0e0f80334b75be91279d23f3bfaf961e"", ""column"": ""data""}"
224,00995bfedc15d9ed2578b9334007951e9ab90433807636e3c51f5ec24dc76686,"[""炻器花器""]",3548,3699,photo,"[""博物馆"", ""文物展览"", ""陶瓷器""]","[""正面"", ""近景""]",一件灰褐色釉面的炻器花器，器形为撇口、束颈、鼓腹，置于白色展台上，背景为浅灰色墙面。,图像清晰展示了一件置于展台上的炻器花器，主体完整，背景简洁，符合博物馆藏品展示场景，具备明确的编辑区域。,"[{""location"": ""画面中央"", ""content"": ""灰褐色釉面的炻器花器，表面有细微斑点，口沿外撇，颈部内收，腹部圆鼓。"", ""space"": ""占据画面主体，下方有展台支撑，周围留白。"", ""occlusion"": ""无遮挡，器身完整可见。""}, {""location"": ""画面下方"", ""content"": ""白色平整的展台表面。"", ""space"": ""承载花器，延伸至画面边缘。"", ""occlusion"": ""无遮挡。""}, {""location"": ""画面上方及背景"", ""content"": ""浅灰色墙面，带有水平线条分割。"", ""space"": ""作为背景，衬托主体。"", ""occlusion"": ""无遮挡。""}]","[""陶瓷"", ""花瓶"", ""博物馆"", ""文物"", ""展台"", ""炻器""]",[],unreviewed,"{""relative_uri"": ""demiwtg/collect/datasets/images.lance"", ""version"": 5, ""sha256"": ""00995bfedc15d9ed2578b9334007951e9ab90433807636e3c51f5ec24dc76686"", ""column"": ""data""}"
225,009ac35ff4336191e404def0072c54725d74a62200e737f389f4a64b5dcf81b9,"[""月河历史街区""]",1523,3079,photo,"[""江南水乡"", ""古镇河道"", ""石拱桥""]","[""全景"", ""平视"", ""正面""]",一张竖构图照片，展示了江南水乡景色，画面中心是一座石拱桥横跨河道，两岸为白墙黑瓦的传统建筑，右上方垂下茂密的柳枝，水面平静倒映着景物。,图像清晰展示了典型的江南水乡风貌，包含石拱桥、河道、白墙黛瓦建筑及垂柳，场景连贯且结构完整，符合“月河历史街区”的视觉特征。,"[{""location"": ""画面中央"", ""content"": ""单孔石拱桥，桥身由石块砌成，桥洞呈半圆形。"", ""space"": ""横跨河道，连接两岸，桥下留有船只通行的空间。"", ""occlusion"": ""无遮挡，结构完整可见。""}, {""location"": ""画面下方"", ""content"": ""平静的河水，呈现深绿色，倒映着桥梁、建筑和天空。"", ""space"": ""占据画面下半部分，水面开阔。"", ""occlusion"": ""无遮挡。""}, {""location"": ""画面右上方"", ""content"": ""茂密的垂柳枝条，叶片翠绿，从上方垂下。"", ""space"": ""占据右上角大部分区域，部分遮挡了后方的天空和建筑顶部。"", ""occlusion"": ""柳枝遮挡了部分背景。""}, {""location"": ""画面左侧"", ""content"": ""石质台阶和护栏，旁边有绿色遮阳伞的一角。"", ""space"": ""位于前景左侧，延伸至水面。"", ""occlusion"": ""部分被画面边缘裁切。""}]","[""古镇"", ""水乡"", ""石拱桥"", ""河道"", ""柳树"", ""江南建筑""]","[""右上方柳枝遮挡了部分天空和建筑细节"", ""左侧前景物体被边缘裁切""]",unreviewed,"{""relative_uri"": ""demiwtg/collect/datasets/images.lance"", ""version"": 5, ""sha256"": ""009ac35ff4336191e404def0072c54725d74a62200e737f389f4a64b5dcf81b9"", ""column"": ""data""}"
226,009c7439568ae058c9eb652f32e19f8b4d18881c111542f80b101bd7460f6b0f,"[""碳纤维后视镜壳""]",1080,1440,photo,"[""汽车改装"", ""车辆细节"", ""室内环境""]","[""侧面"", ""近景""]",一辆白色汽车侧面的特写，重点展示了带有碳纤维纹理的后视镜壳，背景为白色瓷砖墙面。,图像清晰展示了安装在车辆上的碳纤维后视镜壳，场景连贯，主体明确，符合保留条件。,"[{""location"": ""画面中央"", ""content"": ""具有明显编织纹理的黑色碳纤维后视镜壳"", ""space"": ""占据画面主要位置，表面光滑且有反光"", ""occlusion"": ""无遮挡""}, {""location"": ""画面左侧"", ""content"": ""白色车身及深色车窗玻璃"", ""space"": ""作为后视镜的承载结构，延伸至画面边缘"", ""occlusion"": ""无遮挡""}, {""location"": ""画面背景"", ""content"": ""白色方形瓷砖墙面"", ""space"": ""平整的垂直表面，提供干净的背景"", ""occlusion"": ""无遮挡""}, {""location"": ""画面底部"", ""content"": ""灰色地面及黑色排水格栅"", ""space"": ""位于车辆下方，部分可见"", ""occlusion"": ""部分被车身遮挡""}]","[""汽车后视镜"", ""碳纤维"", ""车身改装"", ""车辆配件"", ""汽车外观""]","[""后视镜壳表面反光较强，可能影响部分细节的编辑"", ""背景较为简单，缺乏复杂环境元素""]",unreviewed,"{""relative_uri"": ""demiwtg/collect/datasets/images.lance"", ""version"": 5, ""sha256"": ""009c7439568ae058c9eb652f32e19f8b4d18881c111542f80b101bd7460f6b0f"", ""column"": ""data""}"
227,009d69e0fa02e87bb39a4aea290c53219a27750650cef27b3d018940924cf8b9,"[""大汶口彩陶""]",5472,3648,photo,"[""博物馆"", ""文物展览"", ""彩陶""]","[""斜俯视"", ""近景""]",博物馆展柜中陈列的一件大汶口文化彩陶盆，器身绘有几何纹饰，置于白色展台上。,图像清晰展示了大汶口文化彩陶盆，场景连贯，主体完整且细节丰富，符合候选池保留标准。,"[{""location"": ""画面中央"", ""content"": ""彩陶盆主体，表面绘有白色几何纹饰（如菱形、网格纹）"", ""space"": ""占据画面主要位置，器身完整可见"", ""occlusion"": ""无遮挡""}, {""location"": ""画面下方"", ""content"": ""白色展台表面"", ""space"": ""平坦，支撑陶盆"", ""occlusion"": ""无遮挡""}, {""location"": ""画面背景"", ""content"": ""模糊的博物馆展厅环境，可见其他展柜轮廓"", ""space"": ""位于主体后方，景深虚化"", ""occlusion"": ""被主体部分遮挡""}]","[""陶器"", ""彩陶"", ""文物"", ""博物馆"", ""几何纹饰"", ""新石器时代""]","[""背景虚化严重，无法辨识具体环境细节"", ""陶盆内部不可见""]",unreviewed,"{""relative_uri"": ""demiwtg/collect/datasets/images.lance"", ""version"": 5, ""sha256"": ""009d69e0fa02e87bb39a4aea290c53219a27750650cef27b3d018940924cf8b9"", ""column"": ""data""}"
228,009da75515725766d331f99dcc5bc1dc674a2bcd90912742776fa0ae5438846d,"[""柏林勃兰登堡门""]",3864,1807,photo,"[""文化遗址"", ""公共空间"", ""城市地标""]","[""正面"", ""全景"", ""平视""]",柏林勃兰登堡门正面全景，包含四马战车雕塑、多立克柱式门楼、两侧附属建筑及前方广场上的行人。,图像清晰展示了柏林勃兰登堡门及其周边广场，场景连贯，具备多个可编辑区域，符合保留条件。,"[{""location"": ""画面中央"", ""content"": ""勃兰登堡门主体，包括六根多立克柱、横梁及顶部的四马战车雕塑"", ""space"": ""占据画面中心主要位置，结构完整"", ""occlusion"": ""无遮挡""}, {""location"": ""画面下方"", ""content"": ""宽阔的铺装广场地面"", ""space"": ""前景区域，有行人散布，地面平整"", ""occlusion"": ""部分被行人遮挡""}, {""location"": ""画面左侧"", ""content"": ""勃兰登堡门左侧的附属建筑，带有柱廊和三角楣饰"", ""space"": ""位于主体建筑左侧，与主体相连"", ""occlusion"": ""无遮挡""}, {""location"": ""画面右侧"", ""content"": ""勃兰登堡门右侧的附属建筑，带有柱廊和三角楣饰"", ""space"": ""位于主体建筑右侧，与主体相连"", ""occlusion"": ""无遮挡""}]","[""纪念碑"", ""广场"", ""城市建筑"", ""雕塑"", ""旅游景点""]","[""前景有较多行人，可能干扰对地面细节的编辑""]",unreviewed,"{""relative_uri"": ""demiwtg/collect/datasets/images.lance"", ""version"": 5, ""sha256"": ""009da75515725766d331f99dcc5bc1dc674a2bcd90912742776fa0ae5438846d"", ""column"": ""data""}"
229,009f051ebaaf25d058e0cee4a23f89fa49f726d74510f5d94c20b414ee6b603f,"[""收纳格""]",1080,1440,photo,"[""室内空间"", ""收纳场景"", ""工作台""]","[""正面"", ""全景""]",一张宽敞的浅色木质工作台，背景是整面墙的白色收纳架，架上整齐排列着各种透明收纳盒、颜料和文具，桌下配有多个抽屉柜。,图像清晰展示了包含大量收纳格和储物空间的室内工作台场景，关键结构完整，符合保留条件。,"[{""location"": ""背景墙面"", ""content"": ""白色多层收纳架，格内装满透明塑料盒、藤编篮和各类文具颜料。"", ""space"": ""收纳格空间被物品密集填充，呈现整齐的收纳状态。"", ""occlusion"": ""无遮挡，结构清晰可见。""}, {""location"": ""画面中部"", ""content"": ""浅色木质长条工作台桌面，放置有笔筒、台灯和少量文具。"", ""space"": ""桌面大部分区域空置，具有较大的平面空间。"", ""occlusion"": ""无遮挡。""}, {""location"": ""工作台下方"", ""content"": ""多个带轮子的白色和木色抽屉柜，以及收纳架。"", ""space"": ""柜体内部空间不可见，外部结构完整。"", ""occlusion"": ""无遮挡。""}]","[""收纳盒"", ""文具"", ""抽屉柜"", ""工作台"", ""颜料"", ""室内装饰""]",[],unreviewed,"{""relative_uri"": ""demiwtg/collect/datasets/images.lance"", ""version"": 5, ""sha256"": ""009f051ebaaf25d058e0cee4a23f89fa49f726d74510f5d94c20b414ee6b603f"", ""column"": ""data""}"
230,009f06a2bf1ef0834cf71c4874cff0a854b6fd28b4a0bd565e5763593a348f7a,"[""酥性曲奇""]",1170,1560,photo,"[""食品包装"", ""家居静物"", ""桌面场景""]","[""斜俯视"", ""近景""]",三盒不同口味（抹茶、蛋香、黑巧）的JINSIBO酥性曲奇饼干包装盒堆叠在浅色木纹桌面上，背景可见绿植、装饰画及蜡烛。,图像清晰展示了酥性曲奇饼干包装盒堆叠在木质台面上的场景，背景包含家居装饰，符合来源概念且具备可编辑的承载空间。,"[{""location"": ""画面中央"", ""content"": ""三盒堆叠的饼干包装盒，分别为绿色、米色和深棕色，表面印有品牌Logo、口味名称及饼干图案。"", ""space"": ""占据画面主体，呈垂直堆叠状，遮挡了部分桌面。"", ""occlusion"": ""盒子之间相互遮挡，底部盒子侧面可见部分文字。""}, {""location"": ""画面下方"", ""content"": ""浅色木纹桌面，表面平整，可见清晰的木质纹理。"", ""space"": ""作为承载物，盒子周围留有可见的空余区域。"", ""occlusion"": ""部分区域被盒子底部遮挡。""}, {""location"": ""画面右上角"", ""content"": ""背景中的装饰画框（可见NATURAL字样）、绿植盆栽及白色蜡烛。"", ""space"": ""位于盒子后方，作为背景元素。"", ""occlusion"": ""部分被盒子顶部遮挡。""}, {""location"": ""画面左下角"", ""content"": ""模糊的浅色物体，疑似编织篮或装饰物的一部分。"", ""space"": ""位于前景边缘。"", ""occlusion"": ""被裁切且处于焦外，细节模糊。""}]","[""饼干"", ""包装盒"", ""桌面"", ""静物"", ""食品"", ""家居""]","[""主体为堆叠的包装盒，占据画面中心，限制了单一平面的编辑空间。"", ""左下角前景物体模糊且被裁切，不可用。""]",unreviewed,"{""relative_uri"": ""demiwtg/collect/datasets/images.lance"", ""version"": 5, ""sha256"": ""009f06a2bf1ef0834cf71c4874cff0a854b6fd28b4a0bd565e5763593a348f7a"", ""column"": ""data""}"
231,009f9c69c2712741947c44b7cd19658551b09b20e6b8ea4dc24aab7c630059e7,"[""甘蔗叶片""]",3000,3000,photo,"[""甘蔗田"", ""农作物"", ""土壤""]","[""近景"", ""斜俯视""]",甘蔗田近景，可见绿色长条状叶片、右侧粗壮的甘蔗茎秆以及左下方的土壤地面。,图像清晰展示了甘蔗种植环境，包含甘蔗叶片、茎秆及土壤，场景连贯且具备可编辑区域。,"[{""location"": ""画面中央及左侧"", ""content"": ""茂密的绿色甘蔗叶片，部分叶片呈现枯黄或卷曲状态"", ""space"": ""叶片层叠交错，占据画面大部分空间"", ""occlusion"": ""叶片相互遮挡，形成复杂的纹理层次""}, {""location"": ""画面右侧"", ""content"": ""粗壮的甘蔗茎秆，表面有节，呈黄绿色"", ""space"": ""垂直贯穿画面右侧，占据显著位置"", ""occlusion"": ""部分被前景叶片遮挡""}, {""location"": ""画面左下方"", ""content"": ""深褐色的土壤地面，表面有少量杂草和枯叶"", ""space"": ""位于植株根部下方，可见部分地面纹理"", ""occlusion"": ""被上方垂下的叶片部分遮挡""}]","[""甘蔗"", ""农田"", ""植物"", ""土壤"", ""农业""]","[""右下角存在时间戳水印"", ""叶片遮挡较多，地面可见区域有限""]",unreviewed,"{""relative_uri"": ""demiwtg/collect/datasets/images.lance"", ""version"": 5, ""sha256"": ""009f9c69c2712741947c44b7cd19658551b09b20e6b8ea4dc24aab7c630059e7"", ""column"": ""data""}"
232,00a07d6c65753e1922e90c10082e60b5d8eea07cde0900d79fd0acbbbafe33da,"[""宁乐美术馆""]",3264,2448,photo,"[""公共广场"", ""红砖建筑"", ""城市景观""]","[""全景"", ""平视""]",红砖建筑群前的广场，中央设有圆形喷泉，周围分布着长椅、花坛和落叶乔木，天空晴朗。,图像清晰展示了红砖建筑群前的广场场景，包含喷泉、长椅和铺装地面，空间结构完整，符合公共空间与城市景观的召回提示。,"[{""location"": ""画面中央"", ""content"": ""圆形石质喷泉，内部有金属雕塑，水面平静。"", ""space"": ""占据广场中心位置，周围是环形砖铺地面。"", ""occlusion"": ""无遮挡，完整可见。""}, {""location"": ""画面前景"", ""content"": ""红褐色砖块铺设的地面，纹理清晰。"", ""space"": ""开阔的铺装区域，延伸至喷泉边缘。"", ""occlusion"": ""无遮挡。""}, {""location"": ""画面中景左侧"", ""content"": ""木质长椅和白色圆柱形花坛。"", ""space"": ""位于建筑与喷泉之间的空地上。"", ""occlusion"": ""无遮挡。""}, {""location"": ""画面背景"", ""content"": ""红砖外墙建筑，带有拱形窗户和深色屋顶。"", ""space"": ""占据画面后方，作为广场的背景。"", ""occlusion"": ""部分被前景树木遮挡。""}]","[""广场"", ""喷泉"", ""长椅"", ""红砖建筑"", ""公共空间"", ""城市景观""]",[],unreviewed,"{""relative_uri"": ""demiwtg/collect/datasets/images.lance"", ""version"": 5, ""sha256"": ""00a07d6c65753e1922e90c10082e60b5d8eea07cde0900d79fd0acbbbafe33da"", ""column"": ""data""}"
233,00a26902a56524a1db2bc5dda4c64223b5c0d99e1aa88963b82489c6b8e02ec7,"[""菠菜猪肝汤""]",7360,4912,photo,"[""家庭用餐场景"", ""厨房""]","[""斜俯视"", ""近景""]",灰色纹理桌面上放置着一碗盛有猪肝和菠菜的汤，旁边配有木勺和一小碟葱花。,图像清晰展示了菠菜猪肝汤及其用餐环境，场景连贯，具备可编辑的桌面空间。,"[{""location"": ""画面中央"", ""content"": ""盛有猪肝、菠菜和清汤的白底橙边大碗"", ""space"": ""占据画面中心主要位置，下方垫有灰色餐巾"", ""occlusion"": ""无遮挡""}, {""location"": ""画面左侧"", ""content"": ""一把木质汤勺"", ""space"": ""平放在桌面上，勺柄朝向左下方"", ""occlusion"": ""无遮挡""}, {""location"": ""画面右上角"", ""content"": ""盛有切碎葱花的小白碟"", ""space"": ""位于大碗右后方，带有一个小手柄"", ""occlusion"": ""无遮挡""}, {""location"": ""画面背景及四周"", ""content"": ""灰色纹理桌面"", ""space"": ""作为背景承载所有物品，周围留有较多空白区域"", ""occlusion"": ""无遮挡""}]","[""汤碗"", ""餐具"", ""桌面"", ""食物"", ""餐巾""]",[],unreviewed,"{""relative_uri"": ""demiwtg/collect/datasets/images.lance"", ""version"": 5, ""sha256"": ""00a26902a56524a1db2bc5dda4c64223b5c0d99e1aa88963b82489c6b8e02ec7"", ""column"": ""data""}"
234,00a278097e8c6aefd9ffd81f8ae41aa86a4f73f76aed3a0b3e42e297cff36e9d,"[""后母戊鼎"", ""四羊方尊""]",1790,1790,photo,"[""文物展览"", ""青铜器"", ""博物馆藏品""]","[""正面"", ""近景"", ""全景""]",白底背景下的商代四羊方尊青铜器，器身饰有精细纹饰，四角各铸有一只卷角羊头。,图像清晰展示了四羊方尊的完整外观，主体明确，表面细节丰富，符合文物展览类场景的编辑初态要求。,"[{""location"": ""画面中央"", ""content"": ""方尊器身，表面布满复杂的青铜纹饰，四角有突出的羊头造型。"", ""space"": ""占据画面主体，结构完整，无遮挡。"", ""occlusion"": ""无""}, {""location"": ""画面上部"", ""content"": ""方尊口沿，呈方形，边缘有装饰纹样。"", ""space"": ""位于器身顶部，清晰可见。"", ""occlusion"": ""无""}, {""location"": ""画面下部"", ""content"": ""方尊底座，呈方形，饰有纹饰。"", ""space"": ""位于器身底部，支撑整体结构。"", ""occlusion"": ""无""}]","[""青铜器"", ""文物"", ""博物馆"", ""历史遗迹"", ""古代遗址"", ""文化场所""]",[],unreviewed,"{""relative_uri"": ""demiwtg/collect/datasets/images.lance"", ""version"": 5, ""sha256"": ""00a278097e8c6aefd9ffd81f8ae41aa86a4f73f76aed3a0b3e42e297cff36e9d"", ""column"": ""data""}"
235,00a2e82f8a4754dd31bda279100eab599381fd311fb664b2db15d2cb1205cf1f,"[""古宇利大桥""]",1848,1232,photo,"[""城市景观"", ""旅游环境"", ""公共空间""]","[""侧面"", ""全景"", ""平视""]",晴朗天气下的古宇利大桥侧面全景，白色混凝土桥身横跨碧蓝浅海，远处可见绿色岛屿与白色建筑。,图像清晰展示了古宇利大桥的侧面全景，场景连贯，桥面、桥墩及海面均具备可编辑的实用尺度。,"[{""location"": ""画面中上部"", ""content"": ""白色混凝土桥面及护栏"", ""space"": ""长条形水平结构，占据画面横向空间"", ""occlusion"": ""无遮挡""}, {""location"": ""画面中下部"", ""content"": ""排列整齐的混凝土桥墩"", ""space"": ""垂直支撑结构，立于浅海之中"", ""occlusion"": ""无遮挡""}, {""location"": ""画面下半部"", ""content"": ""清澈的浅蓝色海水"", ""space"": ""开阔水面，可见水下沙底"", ""occlusion"": ""无遮挡""}, {""location"": ""画面左侧远景"", ""content"": ""绿色植被覆盖的岛屿及白色塔状建筑"", ""space"": ""背景陆地，位于桥的延伸方向尽头"", ""occlusion"": ""无遮挡""}]","[""桥梁"", ""海洋"", ""天空"", ""岛屿"", ""交通设施""]",[],unreviewed,"{""relative_uri"": ""demiwtg/collect/datasets/images.lance"", ""version"": 5, ""sha256"": ""00a2e82f8a4754dd31bda279100eab599381fd311fb664b2db15d2cb1205cf1f"", ""column"": ""data""}"
236,00a37b91778a92a0a138076f01b2b75f29da33ce4fb77fd4df6478165f1f83e5,"[""动力三角翼""]",1920,1080,photo,"[""动力三角翼"", ""空中飞行"", ""自然景观""]","[""斜俯视"", ""全景""]",一架红白相间的动力三角翼飞行器在湖泊与丘陵上空飞行，机舱内载有两名佩戴头盔的乘客，背景为绿色植被与水面。,图像清晰展示了动力三角翼飞行场景，主体明确，背景丰富，符合保留条件。,"[{""location"": ""画面中央"", ""content"": ""动力三角翼机身、机翼及座舱"", ""space"": ""占据画面中心，周围为开阔天空与地面背景"", ""occlusion"": ""无遮挡""}, {""location"": ""画面下方"", ""content"": ""深绿色湖面"", ""space"": ""占据画面下半部分，延伸至地平线"", ""occlusion"": ""无遮挡""}, {""location"": ""画面背景"", ""content"": ""绿色丘陵与树林"", ""space"": ""位于地平线附近，延伸至画面边缘"", ""occlusion"": ""无遮挡""}, {""location"": ""画面右侧"", ""content"": ""阳光与天空"", ""space"": ""占据画面右上角，光线强烈"", ""occlusion"": ""无遮挡""}]","[""飞行器"", ""三角翼"", ""空中"", ""湖泊"", ""丘陵"", ""运动""]",[],unreviewed,"{""relative_uri"": ""demiwtg/collect/datasets/images.lance"", ""version"": 5, ""sha256"": ""00a37b91778a92a0a138076f01b2b75f29da33ce4fb77fd4df6478165f1f83e5"", ""column"": ""data""}"
237,00a38ae6381b3674b463bddc645019f2f39c91c20a7893e08dff55a96f1f782e,"[""C形夹""]",1440,1919,photo,"[""五金工具"", ""工作台面""]","[""俯视"", ""近景""]",浅色木纹桌面上平放着两个蓝色的C形夹，左侧为大号，右侧为小号，均带有黑色螺杆和手柄。,图像清晰展示了两个C形夹及其所在的木质平面，主体明确，背景简洁，符合保留条件。,"[{""location"": ""画面左侧"", ""content"": ""大型蓝色C形夹，包含C形铸铁主体、黑色螺纹杆及横向手柄。"", ""space"": ""占据画面左半部分，周围留有少量木纹空隙。"", ""occlusion"": ""无遮挡，完整可见。""}, {""location"": ""画面右侧"", ""content"": ""小型蓝色C形夹，结构与左侧相似但尺寸较小。"", ""space"": ""位于右侧，与左侧物体保持一定距离。"", ""occlusion"": ""无遮挡，完整可见。""}, {""location"": ""背景"", ""content"": ""浅色木纹表面，纹理清晰。"", ""space"": ""作为承载平面，大部分区域可见。"", ""occlusion"": ""右下角有白色文字水印覆盖。""}]","[""C形夹"", ""夹具"", ""五金"", ""木工工具"", ""维修工具""]","[""右下角存在明显的文字水印，可能干扰该区域的编辑。""]",unreviewed,"{""relative_uri"": ""demiwtg/collect/datasets/images.lance"", ""version"": 5, ""sha256"": ""00a38ae6381b3674b463bddc645019f2f39c91c20a7893e08dff55a96f1f782e"", ""column"": ""data""}"
238,00a3f8df6a9b1774d65083e6cf70e1c56cfd95e83118d06ba39c79ee5a87d309,"[""山地自行车赛""]",1620,1080,photo,"[""户外场景"", ""运动场地"", ""户外活动""]","[""正面"", ""全景"", ""平视""]",2025年蓉欧国际大学生山地自行车挑战赛起跑线，众多佩戴头盔的选手骑着山地自行车在蓝色拱门下准备出发，背景为绿树。,图像清晰展示了山地自行车赛起跑线的真实场景，包含完整的赛道、拱门及大量骑行者，场景连贯且关键结构可辨，符合保留条件。,"[{""location"": ""画面上方"", ""content"": ""蓝色赛事拱门，印有“2025年蓉欧国际大学生山地自行车挑战赛”字样及起点标识。"", ""space"": ""横跨赛道上方，连接两侧立柱，下方留有供车辆通过的净空。"", ""occlusion"": ""无遮挡，结构完整。""}, {""location"": ""画面中下部"", ""content"": ""密集的骑行人群，选手身穿各色骑行服，佩戴头盔，骑乘山地自行车。"", ""space"": ""占据赛道主要区域，车辆前后左右排列紧密，形成动态的起跑阵型。"", ""occlusion"": ""部分选手被前方车辆或人员遮挡，但整体队形清晰。""}, {""location"": ""画面底部"", ""content"": ""灰色铺装路面，可见起跑线标记及赛道边缘。"", ""space"": ""作为承载面，被大量车轮和选手占据，两侧有少量空隙。"", ""occlusion"": ""路面大部分被车辆遮挡，仅边缘可见。""}, {""location"": ""画面背景"", ""content"": ""茂密的绿色树木和植被。"", ""space"": ""位于赛道后方，作为自然背景填充画面上部空间。"", ""occlusion"": ""被拱门和人群部分遮挡。""}]","[""自行车"", ""赛道"", ""拱门"", ""人群"", ""户外"", ""运动""]","[""画面中人物和车辆密度极高，前景区域较为拥挤，可能限制对单一对象的精细编辑。"", ""背景树木细节较多，若需修改背景需处理复杂的纹理。""]",unreviewed,"{""relative_uri"": ""demiwtg/collect/datasets/images.lance"", ""version"": 5, ""sha256"": ""00a3f8df6a9b1774d65083e6cf70e1c56cfd95e83118d06ba39c79ee5a87d309"", ""column"": ""data""}"
239,00a3fc44df2194b3d7da8884bf07dfccebe502d011e5ec5edebaddd8f3408cb5,"[""圣三一教堂""]",6000,4004,photo,"[""教堂内部"", ""宗教场所"", ""室内建筑""]","[""斜俯视"", ""近景"", ""室内""]",东正教教堂内部，前景为放置在木架上的金色圣像，背景可见祭坛、拱门及壁画。,图像清晰展示了东正教教堂内部场景，包含圣像、祭坛及建筑细节，场景连贯且关键结构可辨，符合保留条件。,"[{""location"": ""前景中央"", ""content"": ""放置在木架上的金色圣像，描绘了一位长须圣人，表面有反光。"", ""space"": ""占据前景主要位置，下方是木质底座。"", ""occlusion"": ""无遮挡，完整可见。""}, {""location"": ""中景左侧"", ""content"": ""教堂祭坛区域，包含金色装饰的圣像壁（Iconostasis）和金属栏杆。"", ""space"": ""位于圣像后方，被栏杆部分遮挡。"", ""occlusion"": ""部分被前景圣像遮挡。""}, {""location"": ""背景上方"", ""content"": ""教堂拱顶，绘有宗教壁画和装饰图案。"", ""space"": ""占据画面上部空间。"", ""occlusion"": ""无遮挡。""}, {""location"": ""前景下方"", ""content"": ""木质底座，铺有紫色花纹织物。"", ""space"": ""位于圣像下方，作为支撑结构。"", ""occlusion"": ""无遮挡。""}]","[""教堂"", ""圣像"", ""宗教"", ""室内"", ""建筑"", ""装饰""]","[""前景圣像表面有反光，可能影响局部细节编辑。"", ""背景祭坛区域细节较复杂，可能干扰背景编辑。""]",unreviewed,"{""relative_uri"": ""demiwtg/collect/datasets/images.lance"", ""version"": 5, ""sha256"": ""00a3fc44df2194b3d7da8884bf07dfccebe502d011e5ec5edebaddd8f3408cb5"", ""column"": ""data""}"
240,00a4ab9ac31189656355ff27bfb958ee5e6218314bb261beeacaedc5afa3d3ca,"[""宝鸡炎帝陵""]",4096,3072,photo,"[""文化浮雕墙"", ""景区广场"", ""绿化景观""]","[""全景"", ""斜俯视"", ""正面""]",户外景观中的大型文化浮雕墙，中央为红褐色炎帝形象，两侧为灰白色农耕生活场景，前景为整洁的灰色石板广场。,图像清晰展示了具有明确文化主题的浮雕墙及前景铺装广场，场景连贯且具备可编辑的实体空间。,"[{""location"": ""画面前景"", ""content"": ""灰色方形石板铺装地面"", ""space"": ""开阔平整，无遮挡，占据画面下方约三分之一区域"", ""occlusion"": ""无""}, {""location"": ""画面中部"", ""content"": ""红褐色炎帝浮雕及两侧灰白色叙事浮雕"", ""space"": ""垂直墙面，表面有高低起伏的雕刻纹理"", ""occlusion"": ""顶部边缘有少量树叶遮挡""}, {""location"": ""浮雕墙底部"", ""content"": ""修剪整齐的绿色灌木带"", ""space"": ""沿墙根横向延伸，将浮雕墙与广场地面分隔"", ""occlusion"": ""无""}]","[""广场"", ""浮雕"", ""文化景观"", ""景区"", ""地面"", ""墙壁""]","[""浮雕墙顶部被茂密树冠部分遮挡"", ""浮雕表面细节复杂，不适合作为平整背景""]",unreviewed,"{""relative_uri"": ""demiwtg/collect/datasets/images.lance"", ""version"": 5, ""sha256"": ""00a4ab9ac31189656355ff27bfb958ee5e6218314bb261beeacaedc5afa3d3ca"", ""column"": ""data""}"
241,00a4fb61e0e6e07310871626fee8a7acf26eb091bd63b55cc0f8aad005beb00e,"[""五华楼""]",1800,1200,photo,"[""古建筑"", ""城市景观"", ""旅游地标""]","[""仰视"", ""全景""]",蓝天白云下，一座宏伟的中国传统多层楼阁（五华楼）矗立在石砌城台之上，楼身挂有红灯笼与彩旗，底部为拱形门洞，两侧可见绿树及邻近建筑屋檐。,图像清晰展示了五华楼建筑主体及周边环境，结构完整，透视关系明确，具备作为编辑底图的条件。,"[{""location"": ""画面中央上部"", ""content"": ""五华楼主体，包含飞檐、斗拱、彩绘梁柱及悬挂的红灯笼与彩旗。"", ""space"": ""占据画面核心位置，结构复杂，细节丰富。"", ""occlusion"": ""无遮挡，完整可见。""}, {""location"": ""画面中央下部"", ""content"": ""灰砖砌成的城台基座，中间有一个拱形门洞，门洞上方有匾额。"", ""space"": ""作为建筑的支撑底座，门洞内可见后方树木。"", ""occlusion"": ""无遮挡。""}, {""location"": ""画面左侧及右侧边缘"", ""content"": ""邻近的传统建筑屋檐、瓦片及部分墙体，左侧有绿树。"", ""space"": ""位于主楼两侧，作为前景或背景元素。"", ""occlusion"": ""部分被画面边缘裁切。""}, {""location"": ""画面上部"", ""content"": ""明亮的蓝天与白云。"", ""space"": ""作为背景，占据画面上方约三分之一区域。"", ""occlusion"": ""无。""}]","[""古建筑"", ""楼阁"", ""城楼"", ""旅游"", ""地标"", ""天空""]",[],unreviewed,"{""relative_uri"": ""demiwtg/collect/datasets/images.lance"", ""version"": 5, ""sha256"": ""00a4fb61e0e6e07310871626fee8a7acf26eb091bd63b55cc0f8aad005beb00e"", ""column"": ""data""}"
242,00a53912fd2b3992faaac6050eae4eb9613e3c47b5f8d02a5505aaacf1014137,"[""约翰逊兄弟骨瓷""]",3068,3068,photo,"[""博物馆"", ""文物展览"", ""瓷器""]","[""斜俯视"", ""近景""]",博物馆展柜中陈列的一套白底蓝金纹饰骨瓷餐具，包含带盖高脚汤盆及底托。,图像清晰展示了具有典型装饰风格的骨瓷餐具，场景连贯且主体完整，符合候选池保留标准。,"[{""location"": ""画面中央上部"", ""content"": ""带盖高脚汤盆，表面有蓝色圆点与金色尖刺纹饰，顶部有花形盖钮。"", ""space"": ""占据画面核心位置，下方由底托承托。"", ""occlusion"": ""无遮挡，完整可见。""}, {""location"": ""画面下方"", ""content"": ""圆形底托，边缘装饰有与汤盆一致的蓝金纹样。"", ""space"": ""平铺于展台之上，中心被汤盆底座占据。"", ""occlusion"": ""中心区域被汤盆底座遮挡。""}, {""location"": ""画面背景"", ""content"": ""米色展柜内壁及展台表面。"", ""space"": ""作为背景衬托主体，右下角可见数字标签“26”。"", ""occlusion"": ""无。""}]","[""瓷器"", ""餐具"", ""汤盆"", ""骨瓷"", ""博物馆藏品""]","[""右下角有数字标签“26”"", ""背景为单一色调，缺乏复杂环境细节""]",unreviewed,"{""relative_uri"": ""demiwtg/collect/datasets/images.lance"", ""version"": 5, ""sha256"": ""00a53912fd2b3992faaac6050eae4eb9613e3c47b5f8d02a5505aaacf1014137"", ""column"": ""data""}"
243,00a569dd45c3f56a3c4144e65ee26ddef81755deaa9cc67880970d13a1efb1d3,"[""台湾海峡""]",1080,1080,photo,"[""海峡景观"", ""岛屿区域"", ""海岸环境""]","[""俯视"", ""全景""]",高角度俯瞰的地理景观，画面包含深蓝色海峡水域、中央的大型岛屿、左侧的海岸山脉及远处的雪山。,图像清晰展示了海峡、岛屿与海岸线的地理景观，符合来源概念，且具备可编辑的广阔海面与陆地空间。,"[{""location"": ""画面中央及右侧"", ""content"": ""深蓝色开阔海面，伴有浅蓝色近岸浅水区"", ""space"": ""占据画面大部分区域，水面开阔无遮挡"", ""occlusion"": ""无""}, {""location"": ""画面中下方"", ""content"": ""大型岛屿，表面覆盖岩石与绿色植被"", ""space"": ""位于海面中央，四周被海水包围"", ""occlusion"": ""无""}, {""location"": ""画面左侧"", ""content"": ""大陆海岸线，包含山脉、河流与平原"", ""space"": ""陆地延伸至画面边缘，地形起伏明显"", ""occlusion"": ""无""}, {""location"": ""画面上方"", ""content"": ""远处的雪山山脉与蓝天"", ""space"": ""位于地平线附近，作为背景存在"", ""occlusion"": ""无""}]","[""海洋"", ""岛屿"", ""海岸"", ""山脉"", ""地理景观""]","[""图像具有明显的广角或鱼眼镜头畸变，地平线呈弧形""]",unreviewed,"{""relative_uri"": ""demiwtg/collect/datasets/images.lance"", ""version"": 5, ""sha256"": ""00a569dd45c3f56a3c4144e65ee26ddef81755deaa9cc67880970d13a1efb1d3"", ""column"": ""data""}"
244,00a5d1dc26f10ed40480b50bc11f5ca12d61cf37ed54d6fcbde4c54f57e57433,"[""西贝莱斯广场""]",2850,1900,photo,"[""城市广场"", ""公共喷泉"", ""地标建筑""]","[""全景"", ""平视"", ""正面""]",马德里西贝莱斯宫前的喷泉广场，前景为正在喷水的雕塑喷泉，背景为宏伟的白色宫殿建筑。,图像清晰展示了马德里西贝莱斯宫前的喷泉广场，场景连贯，具备明确的公共空间特征，符合来源概念。,"[{""location"": ""画面前景中央"", ""content"": ""大型石质喷泉，包含狮子雕像、战车雕塑及喷涌的水柱。"", ""space"": ""占据画面下方约三分之一区域，水面与雕塑结构清晰可见。"", ""occlusion"": ""无遮挡，主体完整。""}, {""location"": ""画面背景"", ""content"": ""西贝莱斯宫（Palacio de Cibeles）白色立面，包含中央钟楼及两侧翼楼。"", ""space"": ""占据画面上方及中景大部分区域，建筑细节丰富。"", ""occlusion"": ""部分被前景喷泉的水柱轻微遮挡。""}, {""location"": ""画面左侧边缘"", ""content"": ""广场周边的树木、路灯及红色围栏。"", ""space"": ""位于建筑左侧前方，提供环境参照。"", ""occlusion"": ""部分被画面边缘裁切。""}]","[""城市广场"", ""喷泉"", ""地标建筑"", ""公共空间"", ""旅游景观""]","[""前景喷泉的水柱动态模糊，可能影响局部细节编辑。""]",unreviewed,"{""relative_uri"": ""demiwtg/collect/datasets/images.lance"", ""version"": 5, ""sha256"": ""00a5d1dc26f10ed40480b50bc11f5ca12d61cf37ed54d6fcbde4c54f57e57433"", ""column"": ""data""}"
245,00a7a32147974bfbe2f01a19662b77c0855e6594994c685fa5412f6f159f815a,"[""林肯纪念堂林肯坐像""]",4080,3072,photo,"[""公共广场"", ""历史建筑"", ""纪念雕像""]","[""全景"", ""斜俯视""]",黄昏时分的华盛顿特区上诉法院建筑前，矗立着一座林肯站立雕像，前景为红砖铺地广场。,图像清晰展示了华盛顿特区上诉法院前的林肯雕像，场景连贯，具有明确的可编辑区域（如广场地面、雕像基座），符合保留条件。,"[{""location"": ""画面下方前景"", ""content"": ""红砖铺设的平整地面"", ""space"": ""开阔的空地，无遮挡"", ""occlusion"": ""无""}, {""location"": ""画面左侧中景"", ""content"": ""刻有LINCOLN字样的花岗岩基座及雕像"", ""space"": ""基座周围有低矮花坛，基座本身占据空间"", ""occlusion"": ""无""}, {""location"": ""画面右侧中景"", ""content"": ""法院建筑入口前的石质台阶"", ""space"": ""台阶呈阶梯状分布，占据建筑前方空间"", ""occlusion"": ""无""}, {""location"": ""画面中上部"", ""content"": ""法院建筑立面及柱廊"", ""space"": ""建筑主体占据背景，柱廊间有灯光照明"", ""occlusion"": ""无""}]","[""广场"", ""雕像"", ""建筑"", ""台阶"", ""公共空间""]",[],unreviewed,"{""relative_uri"": ""demiwtg/collect/datasets/images.lance"", ""version"": 5, ""sha256"": ""00a7a32147974bfbe2f01a19662b77c0855e6594994c685fa5412f6f159f815a"", ""column"": ""data""}"
246,00a8862ad441a58d851c8150bbe1dd52536eea96a220f5793713c5d6393503c8,"[""菩提伽耶国际寺院区""]",2272,1704,photo,"[""宗教建筑"", ""自然景观"", ""旅游环境""]","[""全景"", ""平视""]",山顶平台上的石质佛塔，旁边站着一位身穿红色僧袍的僧人，背景是广阔的山谷与平原。,图像清晰展示了山顶佛教遗址场景，包含明确的建筑主体与地面空间，符合公共空间与旅游环境的来源概念。,"[{""location"": ""画面左侧前景"", ""content"": ""多层石质佛塔，具有典型的东南亚佛教建筑风格，塔身有雕刻细节。"", ""space"": ""占据前景主要位置，立于方形石基之上。"", ""occlusion"": ""无遮挡，结构完整可见。""}, {""location"": ""画面中右侧"", ""content"": ""一位身穿红色僧袍的僧人，站立姿态。"", ""space"": ""位于佛塔右侧的空地上，与佛塔保持一定距离。"", ""occlusion"": ""无遮挡。""}, {""location"": ""画面底部"", ""content"": ""铺设了红褐色碎石与浅色石板的地面平台。"", ""space"": ""平坦开阔，除了佛塔基座和僧人外，大部分区域为空位。"", ""occlusion"": ""边缘有轻微裁切，但主体区域清晰。""}, {""location"": ""画面背景"", ""content"": ""连绵起伏的绿色山丘和远处的平原，天空晴朗。"", ""space"": ""作为远景背景，延伸至地平线。"", ""occlusion"": ""无遮挡，视野开阔。""}]","[""佛塔"", ""僧人"", ""山顶"", ""石质地面"", ""自然景观""]","[""背景距离较远，细节较少。""]",unreviewed,"{""relative_uri"": ""demiwtg/collect/datasets/images.lance"", ""version"": 5, ""sha256"": ""00a8862ad441a58d851c8150bbe1dd52536eea96a220f5793713c5d6393503c8"", ""column"": ""data""}"
247,00a8a378dccb535eb8241b8d63250734085f622f7b1428610b9b00db6e634306,"[""实验室""]",7021,4713,photo,"[""实验室"", ""科研环境"", ""室内""]","[""全景"", ""斜俯视""]",宽敞明亮的现代化实验室，设有中央实验岛台、靠墙实验台、通风橱及各类科研仪器，地面整洁。,图像清晰展示了实验室内部环境，包含多个可编辑的实验台区域，透视与结构完整，符合保留条件。,"[{""location"": ""画面左下方前景"", ""content"": ""白色实验台台面，放置有蓝色文件夹、棕色试剂瓶、白色小盒及水槽。"", ""space"": ""台面大部分区域可见，左侧有文件，中间有瓶罐，右侧为水槽，仍有部分平整空间。"", ""occlusion"": ""无遮挡，边缘清晰。""}, {""location"": ""画面中央中景"", ""content"": ""中央岛式实验台，台面放置有白色仪器设备及水龙头。"", ""space"": ""台面被仪器占据约三分之一，其余部分为平整白色表面。"", ""occlusion"": ""无遮挡，结构完整。""}, {""location"": ""画面右侧中后景"", ""content"": ""靠墙长条实验台，放置有大型白色分析仪器、电脑显示器及办公椅。"", ""space"": ""台面被大型设备占据大部分，仅设备间隙有少量空间。"", ""occlusion"": ""无遮挡，设备轮廓清晰。""}, {""location"": ""画面中央地面"", ""content"": ""浅灰色实验室地板。"", ""space"": ""大面积空旷区域，连接各个实验台。"", ""occlusion"": ""无遮挡。""}]","[""实验台"", ""科研仪器"", ""试剂瓶"", ""通风橱"", ""办公椅"", ""实验室家具""]",[],unreviewed,"{""relative_uri"": ""demiwtg/collect/datasets/images.lance"", ""version"": 5, ""sha256"": ""00a8a378dccb535eb8241b8d63250734085f622f7b1428610b9b00db6e634306"", ""column"": ""data""}"
248,00a989571e888b8ce025c3a38953f2731388852a0ce6c898be7c9a18fb3bac11,"[""蒸时蔬""]",2126,1418,photo,"[""饮食准备环境"", ""室内厨房""]","[""斜俯视"", ""近景""]",黑色背景下的白色异形盘，盛放着堆叠的绿色蔬菜料理，左侧有红色樱桃装饰，背景虚化处可见葱段和深色器皿。,图像清晰展示了盛在白色异形盘中的绿色蔬菜料理，场景连贯，盘子边缘及背景区域具有可编辑性，符合保留条件。,"[{""location"": ""画面中央"", ""content"": ""堆叠的绿色蔬菜料理，表面有光泽，形态蓬松。"", ""space"": ""占据盘子大部分空间，形成视觉主体。"", ""occlusion"": ""无遮挡，细节清晰。""}, {""location"": ""画面左侧"", ""content"": ""白色异形盘边缘，绘有红色樱桃图案。"", ""space"": ""盘子边缘区域，表面平整。"", ""occlusion"": ""无遮挡。""}, {""location"": ""画面背景"", ""content"": ""虚化的绿色葱段和深色器皿。"", ""space"": ""背景空间，处于焦外。"", ""occlusion"": ""景深虚化。""}]","[""蔬菜"", ""盘子"", ""食物"", ""餐桌"", ""绿叶菜""]","[""背景较暗且虚化，主要编辑空间集中在盘子边缘或前景。""]",unreviewed,"{""relative_uri"": ""demiwtg/collect/datasets/images.lance"", ""version"": 5, ""sha256"": ""00a989571e888b8ce025c3a38953f2731388852a0ce6c898be7c9a18fb3bac11"", ""column"": ""data""}"
249,00a99135c622b6003ca3caf56350460aebc84fc2354d72bd0a7eced3a8eba254,"[""微山岛""]",2309,1732,photo,"[""水上交通"", ""旅游码头"", ""滨水建筑""]","[""全景"", ""平视"", ""近景""]",微山岛景区的水上码头，前景为载客的竹筏和停泊的机动游船，背景是带有红色招牌的灰色建筑及垂柳。,图像清晰展示了微山岛周边的水上旅游场景，包含竹筏、游船及岸边建筑，场景连贯且具备可编辑的实用空间。,"[{""location"": ""画面前景及中下部"", ""content"": ""深绿色的水面，有波纹和倒影"", ""space"": ""开阔的水域空间，无遮挡"", ""occlusion"": ""无""}, {""location"": ""画面右侧中景"", ""content"": ""由绿色塑料管支撑的竹筏，设有遮阳棚和木质桌椅，载有多名游客"", ""space"": ""竹筏甲板及座位区，部分被游客和设施占用"", ""occlusion"": ""部分被人物和遮阳棚遮挡""}, {""location"": ""画面左侧中景"", ""content"": ""停靠在岸边的白色机动游船，配有蓝色座椅"", ""space"": ""船体甲板及座位区"", ""occlusion"": ""无""}, {""location"": ""画面背景"", ""content"": ""灰色外墙的多层建筑，顶部有红色汉字招牌，前方有垂柳"", ""space"": ""建筑立面及门前空地"", ""occlusion"": ""部分被树木遮挡""}]","[""竹筏"", ""游船"", ""水面"", ""码头"", ""旅游设施"", ""滨水建筑""]","[""画面中人物较多，可能干扰对特定区域的编辑"", ""背景建筑招牌文字部分被树叶遮挡""]",unreviewed,"{""relative_uri"": ""demiwtg/collect/datasets/images.lance"", ""version"": 5, ""sha256"": ""00a99135c622b6003ca3caf56350460aebc84fc2354d72bd0a7eced3a8eba254"", ""column"": ""data""}"
250,00a9cd7a9227461b71f78c4ad664dd176e84942f27f0712814c0e87dabc736e3,"[""发梳造型""]",1080,1620,photo,"[""传统发饰"", ""汉服造型"", ""人物背影""]","[""背面"", ""近景"", ""平视""]",一位身着传统服饰的女性背影，展示了复杂的盘发造型，发间插有木质发梳及红橙色花朵发饰。,图像清晰展示了传统发饰与发梳造型，场景连贯且关键结构可辨，符合保留条件。,"[{""location"": ""头部上方"", ""content"": ""黑色盘发，插有木质发梳及红橙色花朵发饰"", ""space"": ""发饰占据头部上方空间，发丝纹理清晰"", ""occlusion"": ""无遮挡""}, {""location"": ""背部"", ""content"": ""穿着浅色印花内衬与橙绿渐变色外披"", ""space"": ""衣物覆盖背部，布料有自然褶皱"", ""occlusion"": ""无遮挡""}, {""location"": ""背景"", ""content"": ""纯灰色背景"", ""space"": ""背景平整，无杂物"", ""occlusion"": ""无遮挡""}]","[""发梳"", ""发簪"", ""发饰"", ""汉服"", ""盘发"", ""传统服饰""]",[],unreviewed,"{""relative_uri"": ""demiwtg/collect/datasets/images.lance"", ""version"": 5, ""sha256"": ""00a9cd7a9227461b71f78c4ad664dd176e84942f27f0712814c0e87dabc736e3"", ""column"": ""data""}"
251,00ab1da6fb35c0064f00703207e41291e7de0ba8ee1415277959cb3832221049,"[""澳大利亚公开赛""]",3000,2250,illustration,"[""网球比赛"", ""运动人物"", ""体育场馆""]","[""近景"", ""侧面""]",动漫风格的网球运动员在蓝色硬地场地上准备击球，背景为带有观众席的球场围挡。,图像清晰展示了网球比赛场景，包含运动员、球拍、网球及场地背景，符合来源概念，且各元素边界清晰，具备编辑基础。,"[{""location"": ""画面中央"", ""content"": ""身穿白色网球服、戴蓝色遮阳帽的动漫女性运动员，手持球拍，身体呈击球姿态。"", ""space"": ""占据画面主要位置，遮挡了部分背景。"", ""occlusion"": ""无遮挡，主体完整。""}, {""location"": ""画面右下角"", ""content"": ""一颗黄绿色的网球，带有运动轨迹线。"", ""space"": ""位于前景，悬浮于地面之上。"", ""occlusion"": ""无遮挡。""}, {""location"": ""画面左侧"", ""content"": ""粉色边框的网球拍，拍面可见网格。"", ""space"": ""被运动员身体部分遮挡，位于其身后。"", ""occlusion"": ""部分被运动员躯干遮挡。""}, {""location"": ""画面上部背景"", ""content"": ""浅蓝色围挡，上面有规则排列的白色圆点，上方为深蓝色区域。"", ""space"": ""作为背景填充，位于人物后方。"", ""occlusion"": ""被人物头部和肩部遮挡。""}]","[""网球"", ""运动员"", ""球拍"", ""网球服"", ""球场"", ""比赛""]","[""动漫风格，非写实照片，可能限制某些写实类编辑任务。"", ""背景较为简化，细节较少。""]",unreviewed,"{""relative_uri"": ""demiwtg/collect/datasets/images.lance"", ""version"": 5, ""sha256"": ""00ab1da6fb35c0064f00703207e41291e7de0ba8ee1415277959cb3832221049"", ""column"": ""data""}"
252,00ab1db8ff002a5775c0a57b4d2c621287cc9be9af8b75baf80ea86e2801aab9,"[""戴提瀑布""]",4639,3246,photo,"[""瀑布"", ""峡谷"", ""缆车""]","[""全景"", ""仰视""]",云雾缭绕的峡谷中，一道瀑布从岩壁顶端垂直落下，两侧是陡峭的岩石和茂密植被，右上方可见悬挂的缆车。,图像清晰展示了峡谷瀑布场景，具备明确的自然地理特征，与来源概念“戴提瀑布”相符，且画面结构完整，适合作为编辑底图。,"[{""location"": ""画面中央"", ""content"": ""垂直落下的白色水流，底部激起水雾"", ""space"": ""占据峡谷中央垂直空间，水流下方区域被水雾覆盖"", ""occlusion"": ""底部水雾遮挡了瀑布落点的具体细节""}, {""location"": ""画面左侧"", ""content"": ""陡峭的岩壁，表面覆盖着绿色植被和苔藓"", ""space"": ""占据画面左半部分，岩壁纹理清晰，植被分布不均"", ""occlusion"": ""顶部被云雾遮挡""}, {""location"": ""画面右侧"", ""content"": ""层状岩石峭壁，夹杂少量植被"", ""space"": ""占据画面右半部分，岩层结构明显"", ""occlusion"": ""顶部被云雾遮挡""}, {""location"": ""画面右上角"", ""content"": ""悬挂在空中的缆车车厢"", ""space"": ""位于峡谷上方空中，背景为云雾"", ""occlusion"": ""无遮挡，清晰可见""}]","[""自然景观"", ""瀑布"", ""峡谷"", ""森林"", ""缆车"", ""户外""]","[""瀑布底部被水雾遮挡，无法看清落点细节"", ""峡谷顶部被云雾遮挡，视野受限""]",unreviewed,"{""relative_uri"": ""demiwtg/collect/datasets/images.lance"", ""version"": 5, ""sha256"": ""00ab1db8ff002a5775c0a57b4d2c621287cc9be9af8b75baf80ea86e2801aab9"", ""column"": ""data""}"
253,00ac19202145e8dff653eb2a52a0dd9643c1c5dbef36df130628111c588b4d00,"[""杭州湾跨海大桥""]",4608,3456,photo,"[""交通环境"", ""公路桥梁"", ""车辆内部""]","[""正面"", ""车内视角"", ""全景""]",从行驶中的大巴车前部向外拍摄，透过挡风玻璃可见宽阔的跨海大桥路面、两侧护栏、远处海面上的桥塔及行驶中的车辆。,图像清晰展示了跨海大桥上的行车视角，包含完整的道路、护栏及远处桥塔结构，场景连贯且具备可编辑空间。,"[{""location"": ""画面下方及中部"", ""content"": ""沥青路面，可见白色车道虚线及前方行驶的车辆"", ""space"": ""宽阔的行车道，路面平整，占据画面下半部分"", ""occlusion"": ""无遮挡，视野开阔""}, {""location"": ""画面左右两侧"", ""content"": ""金属防撞护栏，延伸至远方"", ""space"": ""道路边缘，护栏外侧为海面"", ""occlusion"": ""无遮挡""}, {""location"": ""画面正中央远处"", ""content"": ""跨海大桥的桥塔结构"", ""space"": ""位于道路尽头，连接天空与海面"", ""occlusion"": ""无遮挡，清晰可见""}, {""location"": ""画面上方"", ""content"": ""大巴车内部顶棚，包含显示屏、摄像头及空调出风口"", ""space"": ""车内顶部空间，呈米色"", ""occlusion"": ""无遮挡""}]","[""高速公路"", ""跨海大桥"", ""车辆"", ""护栏"", ""海面"", ""交通设施""]","[""挡风玻璃存在轻微反光"", ""车内顶棚占据画面上方约三分之一区域""]",unreviewed,"{""relative_uri"": ""demiwtg/collect/datasets/images.lance"", ""version"": 5, ""sha256"": ""00ac19202145e8dff653eb2a52a0dd9643c1c5dbef36df130628111c588b4d00"", ""column"": ""data""}"
254,00ac651961d624ba2c1de6aeab3de8801f0ea88d2786380fa95daff0d2418a27,"[""重庆时装周""]",2016,1344,photo,"[""时装周现场"", ""T台走秀"", ""公共活动空间""]","[""正面"", ""全景"", ""平视""]",多位身着设计感服装的模特在T台上列队走秀，背景为暗色舞台，两侧可见模糊的观众席。,图像清晰展示了时装周T台走秀场景，模特与服装细节完整，符合来源概念，且具备可编辑的连贯空间。,"[{""location"": ""画面中央"", ""content"": ""身穿灰白格纹长外套与格纹裙的模特，面部妆容清晰，发型高耸。"", ""space"": ""占据画面核心位置，身体周围有少量空隙，是视觉焦点。"", ""occlusion"": ""无遮挡，完整可见。""}, {""location"": ""画面左侧"", ""content"": ""身穿深蓝色亮面连体衣的模特，材质具有反光质感。"", ""space"": ""位于中央模特左后方，身体部分被中央模特遮挡。"", ""occlusion"": ""右侧身体被中央模特遮挡。""}, {""location"": ""画面右侧"", ""content"": ""身穿深蓝色亮面上衣与黑白条纹长裙的模特。"", ""space"": ""位于中央模特右后方，身体部分被中央模特遮挡。"", ""occlusion"": ""左侧身体被中央模特遮挡。""}, {""location"": ""画面背景"", ""content"": ""暗色舞台背景，隐约可见“YAN”字样的白色Logo，两侧有模糊的观众剪影。"", ""space"": ""作为背景填充，空间开阔但光线较暗。"", ""occlusion"": ""观众席因景深原因模糊不清。""}]","[""时装秀"", ""T台"", ""模特"", ""舞台"", ""观众席"", ""时尚活动""]","[""背景观众席模糊，细节不可用"", ""模特之间相互遮挡，部分身体结构不完整""]",unreviewed,"{""relative_uri"": ""demiwtg/collect/datasets/images.lance"", ""version"": 5, ""sha256"": ""00ac651961d624ba2c1de6aeab3de8801f0ea88d2786380fa95daff0d2418a27"", ""column"": ""data""}"
255,00adba0bd23eee9a54baa3c4870e009a5b7d5bd56bb9f6c556c59e2694387b89,"[""台湾相思""]",3648,2736,photo,"[""庭院园林"", ""森林景观"", ""自然环境""]","[""全景"", ""斜俯视""]",阴天户外苗圃场景，画面中央为一棵枝干虬曲、树皮呈蓝绿色的乔木，树干下部包裹着保护材料，根部周围堆砌着红砖，背景可见其他树木及支撑杆。,图像清晰展示了具有典型形态特征的树木（疑似台湾相思），场景连贯，树干与树冠结构完整，具备作为编辑初态的实用尺度。,"[{""location"": ""画面中央"", ""content"": ""一棵高大的乔木，枝干向四周伸展，树皮呈现明显的蓝绿色调，部分枝干有缠绕物。"", ""space"": ""占据画面主体，树冠覆盖上方大部分空间，树干垂直向下延伸至地面。"", ""occlusion"": ""无遮挡，结构清晰可见。""}, {""location"": ""画面下方中央"", ""content"": ""树干基部及周围地面，可见红砖堆砌的围挡结构，地面为裸露泥土。"", ""space"": ""位于树根周围，红砖形成半包围结构，地面有少量杂草。"", ""occlusion"": ""无遮挡。""}, {""location"": ""画面左侧及背景"", ""content"": ""多棵较细的树木，部分树干绑有支撑杆，枝叶相对稀疏。"", ""space"": ""分布在主体树木的左侧和后方，形成背景层次。"", ""occlusion"": ""部分被主体树木遮挡。""}, {""location"": ""画面右侧"", ""content"": ""一根倾斜的深色长杆（可能是支撑杆或工具），以及后方的灌木丛。"", ""space"": ""位于主体树木右侧，长杆斜向插入地面。"", ""occlusion"": ""无遮挡。""}]","[""乔木"", ""树木"", ""苗圃"", ""园林"", ""植物"", ""自然景观""]","[""天气阴沉，光线较平，色彩饱和度略低。"", ""背景较为杂乱，包含支撑杆和砖块等人工设施。""]",unreviewed,"{""relative_uri"": ""demiwtg/collect/datasets/images.lance"", ""version"": 5, ""sha256"": ""00adba0bd23eee9a54baa3c4870e009a5b7d5bd56bb9f6c556c59e2694387b89"", ""column"": ""data""}"
