concept,id,root,path,placement_status,name_status,source_groups,associated,available,available_fanout_le2,available_fanout_le10,available_fanout_le2_512,available_fanout_le2_1024,available_fanout_le2_dimensions_unknown,published_available,published_available_fanout_le2,articles,reviewed_articles
Brassica Oleracea Var. Alboglabra,1-001,植物,植物 / 草本与藤本植物 / 蔬菜与豆类植物,按当前导航约定归类,未核验到种,1,0,0,0,0,0,0,0,0,0,0,0
Chinese Zodiac Animals,1-002,图像与标识,图像与标识 / 文化图像 / 生肖形象,按当前导航约定归类,不适用,1,0,0,0,0,0,0,0,0,0,0,0
Crassula Ovata,1-003,植物,植物 / 多肉与肉质植物 / 叶多肉植物,按当前导航约定归类,未核验到种,1,0,0,0,0,0,0,0,0,0,0,0
Flutist,1-004,人物与人体,人物与人体 / 人物身份 / 音乐演奏者,按当前导航约定归类,不适用,1,0,0,0,0,0,0,0,0,0,0,0
Give Me Five,1-005,活动与场景,活动与场景 / 互动动作 / 击掌,按当前导航约定归类,不适用,1,0,0,0,0,0,0,0,0,0,0,0
六角扳手,1-006,器具与设备,器具与设备 / 手工工具 / 扳手与套筒,按当前导航约定归类,不适用,1,10,10,6,8,4,1,0,5,5,0,0
分类树,1-007,图像与标识,图像与标识 / 科学与信息图示 / 分类与关系图,按当前导航约定归类,不适用,1,11,10,6,8,5,1,0,1,1,0,0
天牛,1-008,动物,动物 / 节肢动物 / 甲虫类,按当前导航约定归类,未明确到种,1,11,11,10,10,6,2,0,7,7,1,0
山核桃仁,1-009,食物与食材,食物与食材 / 植物性食材 / 坚果仁与种仁,按当前导航约定归类,不适用,1,10,10,6,6,4,1,0,6,6,0,0
当心滑倒标志,1-010,图像与标识,图像与标识 / 公共标志 / 警告标志,按当前导航约定归类,不适用,1,7,7,7,7,4,2,0,4,4,0,0
当心爆炸标志,1-011,图像与标识,图像与标识 / 公共标志 / 警告标志,按当前导航约定归类,不适用,1,12,12,5,10,3,1,0,5,5,0,0
文氏图,1-012,图像与标识,图像与标识 / 科学与信息图示 / 分类与关系图,按当前导航约定归类,不适用,1,8,8,8,8,4,2,0,4,4,0,0
文竹,1-013,植物,植物 / 草本与藤本植物 / 观花与观叶草本,按当前导航约定归类,未核验到种,1,12,12,10,10,3,1,0,5,5,0,0
母狮无鬃,1-014,动物,动物 / 哺乳动物 / 野生猫科动物,按当前导航约定归类,未核验到种,1,8,8,3,6,1,0,0,3,3,0,0
砍骨刀,1-015,器具与设备,器具与设备 / 餐厨与日用器具 / 刀具,按当前导航约定归类,不适用,1,12,12,11,12,5,0,0,4,4,0,0
禁止停车黄网线,1-016,图像与标识,图像与标识 / 道路标线 / 路面标记,按当前导航约定归类,不适用,1,22,21,13,15,5,2,0,3,3,0,0
禁止录像标志,1-017,图像与标识,图像与标识 / 公共标志 / 禁止标志,按当前导航约定归类,不适用,1,8,8,5,7,2,1,0,4,4,0,0
禁止鸣笛标志,1-018,图像与标识,图像与标识 / 公共标志 / 禁止标志,按当前导航约定归类,不适用,1,10,10,5,8,2,0,0,5,5,0,0
腰鼓,1-019,器具与设备,器具与设备 / 乐器 / 打击乐器,按当前导航约定归类,不适用,1,10,10,6,10,3,1,0,4,4,0,0
芥蓝,1-020,植物,植物 / 草本与藤本植物 / 蔬菜与豆类植物,按当前导航约定归类,未核验到种,1,11,11,9,11,4,0,0,8,8,0,0
苏式月饼,1-021,食物与食材,食物与食材 / 糕点与甜品 / 月饼,按当前导航约定归类,不适用,1,11,11,10,11,6,2,0,9,9,1,0
茭白,1-022,植物,植物 / 植物部位 / 根与茎,按当前导航约定归类,未核验到种,1,10,10,8,8,4,2,0,4,4,0,0
菜心,1-023,植物,植物 / 草本与藤本植物 / 蔬菜与豆类植物,按当前导航约定归类,未核验到种,1,8,8,7,8,1,0,0,7,7,0,0
蒜薹,1-024,植物,植物 / 植物部位 / 根与茎,按当前导航约定归类,未核验到种,1,10,10,4,8,0,0,0,4,4,0,0
铁链吊桥,1-025,建筑与设施,建筑与设施 / 桥梁 / 悬索桥,按当前导航约定归类,不适用,1,6,6,4,6,1,1,0,3,3,0,0
Agate Geode,2-001,自然环境与物质,自然环境与物质 / 矿物与宝石 / 玛瑙,按当前导航约定归类,不适用,2,0,0,0,0,0,0,0,0,0,0,0
Agate Stone,2-002,自然环境与物质,自然环境与物质 / 矿物与宝石 / 玛瑙,按当前导航约定归类,不适用,2,0,0,0,0,0,0,0,0,0,0,0
Angkor Wat,2-003,建筑与设施,建筑与设施 / 宗教建筑 / 寺庙与神庙,按当前导航约定归类,不适用,2,0,0,0,0,0,0,0,0,0,0,0
Axe木棒,2-004,待明确主体,待明确主体 / 名称有多种解释 / 通用器物或名称,需要上下文,主体待确认,2,10,9,6,9,2,0,0,0,0,0,0
Bar Billiard Table,2-005,器具与设备,器具与设备 / 体育器材 / 球桌,按当前导航约定归类,不适用,2,0,0,0,0,0,0,0,0,0,0,0
Basilica Of Our Lady Of Guadalupe,2-006,建筑与设施,建筑与设施 / 宗教建筑 / 教堂,按当前导航约定归类,不适用,2,0,0,0,0,0,0,0,0,0,0,0
Billiards Table With Ball Return,2-007,器具与设备,器具与设备 / 体育器材 / 球桌,按当前导航约定归类,不适用,2,0,0,0,0,0,0,0,0,0,0,0
Bun Updo,2-008,服饰与造型,服饰与造型 / 发型 / 盘发与发髻,按当前导航约定归类,不适用,2,0,0,0,0,0,0,0,0,0,0,0
Canadian Trans-Canada Highway,2-009,建筑与设施,建筑与设施 / 交通与水工设施 / 道路与隧道,按当前导航约定归类,不适用,2,0,0,0,0,0,0,0,0,0,0,0
Cellist,2-010,人物与人体,人物与人体 / 人物身份 / 音乐演奏者,按当前导航约定归类,不适用,2,0,0,0,0,0,0,0,0,0,0,0
Chaotianmen Bridge,2-011,建筑与设施,建筑与设施 / 桥梁 / 具名桥梁,按当前导航约定归类,不适用,2,0,0,0,0,0,0,0,0,0,0,0
Computed Tomography Scanner,2-012,器具与设备,器具与设备 / 医学与实验设备 / X射线与CT设备,按当前导航约定归类,不适用,2,0,0,0,0,0,0,0,0,0,0,0
Danish Pastry,2-013,食物与食材,食物与食材 / 糕点与甜品 / 酥点与糕点,按当前导航约定归类,不适用,2,0,0,0,0,0,0,0,0,0,0,0
Deep-sea Anglerfish,2-014,动物,动物 / 鱼类 / 鱼类名称,按当前导航约定归类,未明确到种,2,0,0,0,0,0,0,0,0,0,0,0
Digital Blood Pressure Monitor,2-015,器具与设备,器具与设备 / 医学与实验设备 / 血压测量设备,按当前导航约定归类,不适用,2,0,0,0,0,0,0,0,0,0,0,0
Dolma,2-016,食物与食材,食物与食材 / 菜肴 / 酿蔬菜与叶包菜肴,按当前导航约定归类,不适用,2,0,0,0,0,0,0,0,0,0,0,0
Drive Socket,2-017,器具与设备,器具与设备 / 手工工具 / 扳手与套筒,按当前导航约定归类,不适用,2,0,0,0,0,0,0,0,0,0,0,0
Electronic Sphygmomanometer,2-018,器具与设备,器具与设备 / 医学与实验设备 / 血压测量设备,按当前导航约定归类,不适用,2,2,2,0,0,0,0,0,0,0,0,0
Great Mosque Of Mecca,2-019,建筑与设施,建筑与设施 / 宗教建筑 / 清真寺,按当前导航约定归类,不适用,2,0,0,0,0,0,0,0,0,0,0,0
Hemi-walker,2-020,器具与设备,器具与设备 / 康复辅助器具 / 助行与训练器具,按当前导航约定归类,不适用,2,0,0,0,0,0,0,0,0,0,0,0
Hockey Skate,2-021,器具与设备,器具与设备 / 体育器材 / 冰鞋,按当前导航约定归类,不适用,2,0,0,0,0,0,0,0,0,0,0,0
Home Blood Pressure Monitor,2-022,器具与设备,器具与设备 / 医学与实验设备 / 血压测量设备,按当前导航约定归类,不适用,2,0,0,0,0,0,0,0,0,0,0,0
Jama Masjid Delhi,2-023,建筑与设施,建筑与设施 / 宗教建筑 / 清真寺,按当前导航约定归类,不适用,2,0,0,0,0,0,0,0,0,0,0,0
Karst Landscape In Croatia (Plitvice),2-024,自然环境与物质,自然环境与物质 / 地形与地貌 / 喀斯特地貌,按当前导航约定归类,不适用,2,0,0,0,0,0,0,0,0,0,0,0
Karst Landscape In Halong Bay,2-025,自然环境与物质,自然环境与物质 / 地形与地貌 / 喀斯特地貌,按当前导航约定归类,不适用,2,0,0,0,0,0,0,0,0,0,0,0
Karst Landscape In Mexico (Cenotes),2-026,自然环境与物质,自然环境与物质 / 地形与地貌 / 喀斯特地貌,按当前导航约定归类,不适用,2,0,0,0,0,0,0,0,0,0,0,0
Lancet Arch,2-027,建筑与设施,建筑与设施 / 建筑结构 / 拱与扶壁,按当前导航约定归类,不适用,2,0,0,0,0,0,0,0,0,0,0,0
Lane Marking,2-028,图像与标识,图像与标识 / 道路标线 / 路面标记,按当前导航约定归类,不适用,2,2,2,0,2,0,0,0,0,0,0,0
"Liuhe Pagoda, Hangzhou",2-029,建筑与设施,建筑与设施 / 建筑与建筑群 / 塔与纪念构筑物,按当前导航约定归类,不适用,2,0,0,0,0,0,0,0,0,0,0,0
Mausoleum Of Galla Placidia,2-030,建筑与设施,建筑与设施 / 建筑与建筑群 / 陵墓与墓葬建筑,按当前导航约定归类,不适用,2,2,2,0,2,0,0,0,0,0,0,0
Mooncake,2-031,食物与食材,食物与食材 / 糕点与甜品 / 月饼,按当前导航约定归类,不适用,2,0,0,0,0,0,0,0,0,0,0,0
Nebulizer,2-032,器具与设备,器具与设备 / 医学与实验设备 / 雾化治疗设备,按当前导航约定归类,不适用,2,0,0,0,0,0,0,0,0,0,0,0
No Dogs Allowed Sign,2-033,图像与标识,图像与标识 / 公共标志 / 禁止标志,按当前导航约定归类,不适用,2,0,0,0,0,0,0,0,0,0,0,0
P90冲锋枪,2-034,器具与设备,器具与设备 / 武器与防护装备 / 枪械,按当前导航约定归类,不适用,2,6,6,5,5,2,0,0,5,5,1,0
Palmier,2-035,食物与食材,食物与食材 / 糕点与甜品 / 酥点与糕点,按当前导航约定归类,不适用,2,0,0,0,0,0,0,0,0,0,0,0
"Paper Cutting (Chinese Folk Art, Window Flowers)",2-036,艺术与装饰品,艺术与装饰品 / 工艺品 / 剪纸,按当前导航约定归类,不适用,2,0,0,0,0,0,0,0,0,0,0,0
Pistol Crossbow,2-037,器具与设备,器具与设备 / 武器与防护装备 / 弓弩与投掷武器,按当前导航约定归类,不适用,2,0,0,0,0,0,0,0,0,0,0,0
Pointed Arch,2-038,建筑与设施,建筑与设施 / 建筑结构 / 拱与扶壁,按当前导航约定归类,不适用,2,0,0,0,0,0,0,0,0,0,0,0
Pork Terrine,2-039,食物与食材,食物与食材 / 菜肴 / 陶罐菜与冷盘,按当前导航约定归类,不适用,2,0,0,0,0,0,0,0,0,0,0,0
Prambanan Temple,2-040,建筑与设施,建筑与设施 / 宗教建筑 / 寺庙与神庙,按当前导航约定归类,不适用,2,0,0,0,0,0,0,0,0,0,0,0
Profiterole,2-041,食物与食材,食物与食材 / 糕点与甜品 / 泡芙,按当前导航约定归类,不适用,2,0,0,0,0,0,0,0,0,0,0,0
Pâté En Croûte,2-042,食物与食材,食物与食材 / 菜肴 / 陶罐菜与冷盘,按当前导航约定归类,不适用,2,1,1,1,1,1,0,0,0,0,0,0
Road Marking,2-043,图像与标识,图像与标识 / 道路标线 / 路面标记,按当前导航约定归类,不适用,2,0,0,0,0,0,0,0,0,0,0,0
Soap Dispenser,2-044,器具与设备,器具与设备 / 餐厨与日用器具 / 日用分配器,按当前导航约定归类,不适用,2,0,0,0,0,0,0,0,0,0,0,0
Sock Bun,2-045,服饰与造型,服饰与造型 / 发型 / 盘发与发髻,按当前导航约定归类,不适用,2,0,0,0,0,0,0,0,0,0,0,0
Speed Skates,2-046,器具与设备,器具与设备 / 体育器材 / 冰鞋,按当前导航约定归类,不适用,2,0,0,0,0,0,0,0,0,0,0,0
Speicherstadt,2-047,建筑与设施,建筑与设施 / 建筑与建筑群 / 仓储建筑群,按当前导航约定归类,不适用,2,0,0,0,0,0,0,0,0,0,0,0
Sydney Harbour Bridge,2-048,建筑与设施,建筑与设施 / 桥梁 / 具名桥梁,按当前导航约定归类,不适用,2,0,0,0,0,0,0,0,0,0,0,0
Tennis Table,2-049,器具与设备,器具与设备 / 体育器材 / 球桌,需要上下文,不适用,2,0,0,0,0,0,0,0,0,0,0,0
The Dance (Henri Matisse),2-050,图像与标识,图像与标识 / 艺术图像 / 绘画与版画作品,按当前导航约定归类,不适用,2,0,0,0,0,0,0,0,0,0,0,0
Thermometer Strip,2-051,器具与设备,器具与设备 / 医学与实验设备 / 体温测量设备,按当前导航约定归类,不适用,2,0,0,0,0,0,0,0,0,0,0,0
Through Arch Bridge,2-052,建筑与设施,建筑与设施 / 桥梁 / 拱桥,按当前导航约定归类,不适用,2,0,0,0,0,0,0,0,0,0,0,0
Trombone,2-053,器具与设备,器具与设备 / 乐器 / 吹管乐器,按当前导航约定归类,不适用,2,0,0,0,0,0,0,0,0,0,0,0
Tsing Ma Bridge,2-054,建筑与设施,建筑与设施 / 桥梁 / 具名桥梁,按当前导航约定归类,不适用,2,0,0,0,0,0,0,0,0,0,0,0
Ultrasound Machine,2-055,器具与设备,器具与设备 / 医学与实验设备 / 超声设备,按当前导航约定归类,不适用,2,0,0,0,0,0,0,0,0,0,0,0
Zaru Udon,2-056,食物与食材,食物与食材 / 米面食品 / 面条与意面,按当前导航约定归类,不适用,2,0,0,0,0,0,0,0,0,0,0,0
一次性体温计,2-057,器具与设备,器具与设备 / 医学与实验设备 / 体温测量设备,按当前导航约定归类,不适用,2,10,10,10,10,3,1,0,4,4,0,0
一次性胶片相机,2-058,器具与设备,器具与设备 / 摄影器材 / 胶片相机,按当前导航约定归类,不适用,2,12,12,10,12,6,2,0,8,8,0,0
上斜训练凳,2-059,器具与设备,器具与设备 / 体育器材 / 力量与健身器械,按当前导航约定归类,不适用,2,6,6,6,6,3,0,0,2,2,0,0
东正教堂,2-060,建筑与设施,建筑与设施 / 宗教建筑 / 教堂,按当前导航约定归类,不适用,2,84,72,67,69,54,25,0,50,50,0,0
中国结,2-061,艺术与装饰品,艺术与装饰品 / 工艺品 / 结绳工艺品,按当前导航约定归类,不适用,2,84,66,63,64,62,55,0,20,20,1,0
中山陵,2-062,建筑与设施,建筑与设施 / 建筑与建筑群 / 陵墓与墓葬建筑,按当前导航约定归类,不适用,2,12,12,11,12,8,2,0,9,9,1,0
五仁月饼,2-063,食物与食材,食物与食材 / 糕点与甜品 / 月饼,按当前导航约定归类,不适用,2,8,8,6,6,4,0,0,6,6,0,0
五毒衣,2-064,服饰与造型,服饰与造型 / 服装 / 传统与民族服装,按当前导航约定归类,不适用,2,8,8,6,8,4,1,0,3,3,0,0
亨利·卡蒂埃-布列松圣拉扎尔车站背后,2-065,图像与标识,图像与标识 / 艺术图像 / 摄影作品,按当前导航约定归类,不适用,2,23,23,12,23,8,4,0,4,4,1,0
人行悬索便桥,2-066,建筑与设施,建筑与设施 / 桥梁 / 悬索桥,按当前导航约定归类,不适用,2,8,8,6,8,0,0,0,2,2,0,0
便携式超声仪,2-067,器具与设备,器具与设备 / 医学与实验设备 / 超声设备,按当前导航约定归类,不适用,2,10,10,10,10,5,3,0,8,8,0,0
八角大锤,2-068,器具与设备,器具与设备 / 手工工具 / 锤斧与敲击工具,按当前导航约定归类,不适用,2,10,10,6,8,3,0,0,6,6,0,0
八角楼阁塔,2-069,建筑与设施,建筑与设施 / 建筑与建筑群 / 塔与纪念构筑物,按当前导航约定归类,不适用,2,9,9,7,7,3,1,0,2,2,0,0
公主方切割钻石,2-070,自然环境与物质,自然环境与物质 / 矿物与宝石 / 切割钻石,按当前导航约定归类,不适用,2,8,8,4,8,2,1,0,3,3,0,0
减速震荡标线,2-071,图像与标识,图像与标识 / 道路标线 / 路面标记,按当前导航约定归类,不适用,2,7,6,6,6,3,0,0,5,5,0,0
刹车卡钳,2-072,交通工具,交通工具 / 交通工具部件 / 汽车部件,按当前导航约定归类,不适用,2,9,9,7,9,5,2,0,7,7,0,0
前臂假肢,2-073,器具与设备,器具与设备 / 康复辅助器具 / 假肢,按当前导航约定归类,不适用,2/3,10,10,10,10,4,1,0,3,3,0,0
剪纸作品,2-074,艺术与装饰品,艺术与装饰品 / 工艺品 / 剪纸,按当前导航约定归类,不适用,2,10,10,7,8,4,2,0,7,7,0,0
剪纸文字,2-075,艺术与装饰品,艺术与装饰品 / 工艺品 / 剪纸,按当前导航约定归类,不适用,2,8,8,4,6,2,1,0,2,2,0,0
化学结构模型,2-076,图像与标识,图像与标识 / 科学与信息图示 / 化学结构图与模型,按当前导航约定归类,不适用,2/3,8,8,3,8,2,0,0,2,2,0,0
十字弩,2-077,器具与设备,器具与设备 / 武器与防护装备 / 弓弩与投掷武器,按当前导航约定归类,不适用,2,8,8,5,6,0,0,0,5,5,0,0
单柱升降机,2-078,器具与设备,器具与设备 / 机械与作业设备 / 升降与顶升设备,按当前导航约定归类,不适用,2,10,10,7,10,3,0,0,5,5,0,0
单道移液器,2-079,器具与设备,器具与设备 / 医学与实验设备 / 移液与分液设备,按当前导航约定归类,不适用,2,10,10,10,10,5,1,0,10,10,0,0
卢沟桥,2-080,建筑与设施,建筑与设施 / 桥梁 / 具名桥梁,按当前导航约定归类,不适用,2,14,14,14,14,10,4,0,13,13,1,0
卷心菜叶肉卷,2-081,食物与食材,食物与食材 / 菜肴 / 酿蔬菜与叶包菜肴,按当前导航约定归类,不适用,2,7,7,5,5,2,0,0,3,3,0,0
可折叠座椅,2-082,器具与设备,器具与设备 / 家具 / 座椅,按当前导航约定归类,不适用,2,10,10,8,10,6,1,0,4,4,0,0
可调节训练凳,2-083,器具与设备,器具与设备 / 体育器材 / 力量与健身器械,按当前导航约定归类,不适用,2,9,9,6,9,3,0,0,5,5,0,0
台风,2-084,自然环境与物质,自然环境与物质 / 天气现象 / 热带气旋,按当前导航约定归类,不适用,2,8,8,7,8,5,3,0,6,6,0,0
唢呐,2-085,器具与设备,器具与设备 / 乐器 / 吹管乐器,按当前导航约定归类,不适用,2,20,19,16,16,12,5,0,14,14,0,0
唢呐杆,2-086,器具与设备,器具与设备 / 乐器 / 乐器部件与配套设备,按当前导航约定归类,不适用,2,8,8,8,8,2,0,0,4,4,0,0
园艺柱洞挖掘器,2-087,器具与设备,器具与设备 / 手工工具 / 挖掘工具,按当前导航约定归类,不适用,2,6,5,5,5,1,0,0,2,2,0,0
图卢姆,2-088,建筑与设施,建筑与设施 / 遗址 / 建筑与聚落遗址,按当前导航约定归类,不适用,2,7,7,6,7,5,0,0,2,2,1,0
圆明园遗址,2-089,建筑与设施,建筑与设施 / 遗址 / 建筑与聚落遗址,按当前导航约定归类,不适用,2,13,13,12,12,11,5,0,10,10,1,0
圣家族大教堂,2-090,建筑与设施,建筑与设施 / 宗教建筑 / 教堂,按当前导航约定归类,不适用,2,82,73,51,73,48,38,0,28,28,1,0
坐姿推胸训练器,2-091,器具与设备,器具与设备 / 体育器材 / 力量与健身器械,按当前导航约定归类,不适用,2,10,10,7,10,6,0,0,4,4,0,0
培根班尼迪克蛋,2-092,食物与食材,食物与食材 / 菜肴 / 蛋类组合菜肴,按当前导航约定归类,不适用,2,8,8,6,8,2,0,0,0,0,0,0
塔吊,2-093,器具与设备,器具与设备 / 机械与作业设备 / 起重设备,按当前导航约定归类,不适用,2,9,9,7,9,3,2,0,6,6,0,0
塞维利亚大教堂,2-094,建筑与设施,建筑与设施 / 宗教建筑 / 教堂,按当前导航约定归类,不适用,2,70,68,51,68,48,35,0,30,30,1,0
大型客机机翼,2-095,交通工具,交通工具 / 交通工具部件 / 机翼与机体部件,按当前导航约定归类,不适用,2,8,8,8,8,4,0,0,7,7,0,0
大腿骨,2-096,人物与人体,人物与人体 / 人体结构 / 骨骼,按当前导航约定归类,不适用,2,8,8,7,8,4,1,0,6,6,0,0
夹子风扇,2-097,器具与设备,器具与设备 / 环境调节设备 / 风扇,按当前导航约定归类,不适用,2,8,8,8,8,4,1,0,6,6,0,0
奶酪焗笔管面,2-098,食物与食材,食物与食材 / 米面食品 / 面条与意面,按当前导航约定归类,不适用,2,6,6,6,6,1,0,0,2,2,0,0
妇好三联甗,2-099,艺术与装饰品,艺术与装饰品 / 文物器物 / 容器与礼器,按当前导航约定归类,不适用,2,68,67,43,67,37,27,0,9,9,1,0
学位服,2-100,服饰与造型,服饰与造型 / 服装 / 学位礼服,按当前导航约定归类,不适用,2,10,10,7,10,4,1,0,6,6,0,0
密封圈,2-101,器具与设备,器具与设备 / 机械零部件 / 密封件,按当前导航约定归类,不适用,2,9,9,6,7,2,1,0,5,5,0,0
小年祭灶,2-102,活动与场景,活动与场景 / 民俗与公共活动 / 节庆活动,按当前导航约定归类,不适用,1/2,12,12,7,9,6,5,0,5,5,0,0
尼姆方形神庙,2-103,建筑与设施,建筑与设施 / 宗教建筑 / 寺庙与神庙,按当前导航约定归类,不适用,2,10,10,10,10,7,1,0,7,7,0,0
岳王墓,2-104,建筑与设施,建筑与设施 / 建筑与建筑群 / 陵墓与墓葬建筑,按当前导航约定归类,不适用,2,9,9,9,9,4,1,0,2,2,0,0
峰林,2-105,自然环境与物质,自然环境与物质 / 地形与地貌 / 喀斯特地貌,按当前导航约定归类,不适用,2,12,12,7,8,2,0,0,4,4,0,0
巴黎新桥,2-106,建筑与设施,建筑与设施 / 桥梁 / 具名桥梁,按当前导航约定归类,不适用,2,70,53,38,53,33,16,0,9,9,1,0
带护挡披萨刀,2-107,器具与设备,器具与设备 / 餐厨与日用器具 / 刀具,按当前导航约定归类,不适用,2,6,6,6,6,1,1,0,1,1,0,0
康复训练平行杠,2-108,器具与设备,器具与设备 / 康复辅助器具 / 助行与训练器具,按当前导航约定归类,不适用,2,8,8,6,8,3,0,0,6,6,0,0
弹簧草,2-109,植物,植物 / 多肉与肉质植物 / 茎与地下器官肉质植物,按当前导航约定归类,范围待确认,2,10,10,6,6,3,0,0,4,4,0,0
戏服,2-110,服饰与造型,服饰与造型 / 服装 / 表演服装,按当前导航约定归类,不适用,2,10,10,7,8,5,2,0,5,5,0,0
手动喷雾器,2-111,器具与设备,器具与设备 / 机械与作业设备 / 喷雾设备,按当前导航约定归类,不适用,2,10,10,8,10,6,3,0,8,8,0,0
手动起重机,2-112,器具与设备,器具与设备 / 机械与作业设备 / 起重设备,按当前导航约定归类,不适用,2,10,10,9,10,4,0,0,0,0,0,0
折叠椅,2-113,器具与设备,器具与设备 / 家具 / 座椅,按当前导航约定归类,不适用,2,10,10,6,8,4,2,0,5,5,0,0
抱子甘蓝田,2-114,活动与场景,活动与场景 / 农业与园艺场景 / 农田与种植,按当前导航约定归类,不适用,2,9,9,6,8,3,0,0,5,5,0,0
支承结构 / 支撑物 / 以扶壁支撑 / 拱扶垛,2-115,建筑与设施,建筑与设施 / 建筑结构 / 拱与扶壁,按当前导航约定归类,不适用,2,0,0,0,0,0,0,0,0,0,0,0
故宫,2-116,建筑与设施,建筑与设施 / 建筑与建筑群 / 宫殿与官邸,按当前导航约定归类,不适用,2,19,19,14,17,13,8,0,6,6,1,0
数显扭矩扳手,2-117,器具与设备,器具与设备 / 手工工具 / 扳手与套筒,按当前导航约定归类,不适用,2,10,10,6,8,3,0,0,6,6,0,0
斜拉索,2-118,建筑与设施,建筑与设施 / 建筑结构 / 梁塔与基础,按当前导航约定归类,不适用,2,7,7,7,7,5,3,0,4,4,0,0
曲奇模具,2-119,器具与设备,器具与设备 / 餐厨与日用器具 / 模具,按当前导航约定归类,不适用,2,10,10,9,9,5,0,0,6,6,0,0
曲臂式升降平台,2-120,器具与设备,器具与设备 / 机械与作业设备 / 升降与顶升设备,按当前导航约定归类,不适用,2,10,10,8,10,3,0,0,5,5,0,0
月饼,2-121,食物与食材,食物与食材 / 糕点与甜品 / 月饼,按当前导航约定归类,不适用,2,10,10,7,8,6,2,0,6,6,1,0
木板索桥,2-122,建筑与设施,建筑与设施 / 桥梁 / 悬索桥,按当前导航约定归类,不适用,2,12,12,10,10,6,2,0,4,4,0,0
松果,2-123,植物,植物 / 植物部位 / 球果种子与附属组织,按当前导航约定归类,未核验到种,2,10,10,7,10,4,2,0,5,5,0,0
极乐鸟温室,2-124,活动与场景,活动与场景 / 农业与园艺场景 / 温室,按当前导航约定归类,不适用,2,10,10,8,8,1,0,0,2,2,0,0
极乐鸟花束,2-125,艺术与装饰品,艺术与装饰品 / 花艺 / 花束,按当前导航约定归类,不适用,2,8,8,6,6,3,1,0,3,3,0,0
架子鼓,2-126,器具与设备,器具与设备 / 乐器 / 打击乐器,按当前导航约定归类,不适用,2,10,10,9,10,5,1,0,9,9,0,0
标枪,2-127,器具与设备,器具与设备 / 体育器材 / 投掷与击剑器材,按当前导航约定归类,不适用,2,10,10,8,9,6,3,0,4,4,0,0
椰子,2-128,植物,植物 / 木本植物 / 果树,按当前导航约定归类,未核验到种,2,10,10,4,7,2,0,0,4,4,0,0
横头锤,2-129,器具与设备,器具与设备 / 手工工具 / 锤斧与敲击工具,按当前导航约定归类,不适用,2,8,8,6,6,3,1,0,2,2,0,0
水波蛋配英式玛芬,2-130,食物与食材,食物与食材 / 菜肴 / 蛋类组合菜肴,按当前导航约定归类,不适用,2,7,7,7,7,1,0,0,5,5,0,0
汤圆,2-131,食物与食材,食物与食材 / 米面食品 / 汤圆,按当前导航约定归类,不适用,2,8,8,6,8,4,1,0,6,6,0,0
注意行人标志,2-132,图像与标识,图像与标识 / 公共标志 / 警告标志,按当前导航约定归类,不适用,2,117,97,86,88,55,20,0,47,46,1,1
流心月饼,2-133,食物与食材,食物与食材 / 糕点与甜品 / 月饼,按当前导航约定归类,不适用,2,10,9,9,9,5,1,0,6,6,0,0
海底峡谷,2-134,自然环境与物质,自然环境与物质 / 地形与地貌 / 海底地貌,按当前导航约定归类,不适用,2,10,10,7,8,3,1,0,0,0,0,0
海马,2-135,动物,动物 / 鱼类 / 鱼类名称,按当前导航约定归类,未明确到种,2,11,11,10,11,5,3,0,1,1,1,0
消防设施标志,2-136,图像与标识,图像与标识 / 公共标志 / 消防标志,按当前导航约定归类,不适用,2,8,8,5,6,3,0,0,2,2,0,0
液压起重机,2-137,器具与设备,器具与设备 / 机械与作业设备 / 起重设备,按当前导航约定归类,不适用,2,12,12,7,10,2,0,0,2,2,0,0
港口防波堤,2-138,建筑与设施,建筑与设施 / 交通与水工设施 / 堤岸与挡土设施,按当前导航约定归类,不适用,2,7,7,7,7,2,0,0,3,3,0,0
滑铁卢桥,2-139,建筑与设施,建筑与设施 / 桥梁 / 具名桥梁,按当前导航约定归类,不适用,2,106,90,38,90,32,25,0,0,0,1,0
满族旗装,2-140,服饰与造型,服饰与造型 / 服装 / 传统与民族服装,按当前导航约定归类,不适用,2,10,10,8,10,3,1,0,8,8,0,0
火腿班尼迪克蛋,2-141,食物与食材,食物与食材 / 菜肴 / 蛋类组合菜肴,按当前导航约定归类,不适用,2,9,9,6,8,4,1,0,3,3,0,0
烟草种植,2-142,活动与场景,活动与场景 / 农业与园艺场景 / 农田与种植,按当前导航约定归类,不适用,2,10,10,5,6,4,1,0,4,4,0,0
牛油果,2-143,植物,植物 / 木本植物 / 果树,按当前导航约定归类,未核验到种,2,10,10,8,8,4,2,0,8,8,0,0
物料提升机,2-144,器具与设备,器具与设备 / 机械与作业设备 / 起重设备,按当前导航约定归类,不适用,2/3,9,9,7,7,3,0,0,4,4,0,0
王莲,2-145,植物,植物 / 草本与藤本植物 / 水生与湿地植物,按当前导航约定归类,范围待确认,2,10,10,9,10,6,0,0,8,8,0,0
玻璃吊桥,2-146,建筑与设施,建筑与设施 / 桥梁 / 悬索桥,需要上下文,不适用,2,8,8,5,8,3,1,0,3,3,0,0
瑞士甜菜,2-147,植物,植物 / 草本与藤本植物 / 蔬菜与豆类植物,按当前导航约定归类,未核验到种,2,10,10,8,10,5,0,0,3,3,0,0
甜椒瓤馅,2-148,食物与食材,食物与食材 / 菜肴 / 酿蔬菜与叶包菜肴,按当前导航约定归类,不适用,2,6,6,5,5,2,0,0,3,3,0,0
甲烷结构式,2-149,图像与标识,图像与标识 / 科学与信息图示 / 化学结构图与模型,按当前导航约定归类,不适用,1/2,9,9,7,7,4,0,0,7,7,0,0
电磁起重机,2-150,器具与设备,器具与设备 / 机械与作业设备 / 起重设备,按当前导航约定归类,不适用,2,10,10,10,10,6,1,0,4,4,0,0
白瓷观音像,2-151,艺术与装饰品,艺术与装饰品 / 雕塑与立体作品 / 人物塑像,按当前导航约定归类,不适用,2,10,10,8,8,4,1,0,8,8,0,0
直柄柱洞挖掘器,2-152,器具与设备,器具与设备 / 手工工具 / 挖掘工具,按当前导航约定归类,不适用,2,6,6,3,4,1,0,0,0,0,0,0
石刁柏的嫩茎,2-153,植物,植物 / 植物部位 / 根与茎,按当前导航约定归类,未核验到种,2,3,3,3,3,0,0,0,0,0,0,0
石榴,2-154,植物,植物 / 木本植物 / 果树,按当前导航约定归类,未核验到种,2,12,12,8,10,5,0,0,7,7,0,0
石榴假种皮,2-155,植物,植物 / 植物部位 / 球果种子与附属组织,按当前导航约定归类,未核验到种,2,7,7,7,7,3,1,0,4,4,0,0
神圣罗马帝国皇冠,2-156,服饰与造型,服饰与造型 / 佩戴饰品 / 冠饰,按当前导航约定归类,不适用,2,46,46,38,46,35,17,0,13,13,1,0
禁止右转标志,2-157,图像与标识,图像与标识 / 公共标志 / 禁止标志,按当前导航约定归类,不适用,2,7,7,6,6,3,2,0,2,2,0,0
移动式C臂X光机,2-158,器具与设备,器具与设备 / 医学与实验设备 / X射线与CT设备,按当前导航约定归类,不适用,2,9,9,4,7,2,0,0,2,2,0,0
移动空调,2-159,器具与设备,器具与设备 / 环境调节设备 / 空调,按当前导航约定归类,不适用,2,11,11,11,11,8,3,0,7,7,0,0
立式柜机空调,2-160,器具与设备,器具与设备 / 环境调节设备 / 空调,按当前导航约定归类,不适用,2,10,10,9,10,3,0,0,6,6,0,0
立方水母,2-161,动物,动物 / 其他无脊椎动物 / 刺胞动物,按当前导航约定归类,未明确到种,2,11,11,9,11,4,1,0,3,3,0,0
管子,2-162,待明确主体,待明确主体 / 名称有多种解释 / 通用器物或名称,需要上下文,主体待确认,2,18,18,16,17,9,1,0,1,1,0,0
糍粑,2-163,食物与食材,食物与食材 / 米面食品 / 糕团与粽子,按当前导航约定归类,不适用,2,10,10,9,9,6,0,0,3,3,0,0
糖火烧,2-164,食物与食材,食物与食材 / 米面食品 / 烧饼,按当前导航约定归类,不适用,2,11,11,11,11,7,1,0,1,1,1,0
红豆杉假种皮,2-165,植物,植物 / 植物部位 / 球果种子与附属组织,按当前导航约定归类,未核验到种,2,7,7,5,5,4,0,0,0,0,0,0
绳辫,2-166,服饰与造型,服饰与造型 / 发型 / 编发,按当前导航约定归类,不适用,2,9,9,6,8,2,1,0,2,2,0,0
维斯塔神庙,2-167,建筑与设施,建筑与设施 / 宗教建筑 / 寺庙与神庙,按当前导航约定归类,不适用,2,10,9,8,8,6,0,0,3,3,0,0
美洲豹雨林,2-168,动物,动物 / 哺乳动物 / 野生猫科动物,需要上下文,未核验到种,2/3,9,9,9,9,5,0,0,6,6,0,0
肉酱千层面,2-169,食物与食材,食物与食材 / 米面食品 / 面条与意面,按当前导航约定归类,不适用,2,12,12,6,10,3,0,0,6,6,0,0
胜利之吻,2-170,图像与标识,图像与标识 / 艺术图像 / 摄影作品,需要上下文,不适用,2,121,106,37,104,36,18,0,12,12,1,0
自行车道标线,2-171,图像与标识,图像与标识 / 道路标线 / 路面标记,按当前导航约定归类,不适用,2,10,10,7,7,5,0,0,3,3,0,0
船行波,2-172,自然环境与物质,自然环境与物质 / 水文与海洋现象 / 水面波浪,按当前导航约定归类,不适用,2,10,10,10,10,5,2,0,7,7,0,0
芋头糕,2-173,食物与食材,食物与食材 / 米面食品 / 糕团与粽子,按当前导航约定归类,不适用,2,9,9,9,9,5,0,0,4,4,0,0
芋头酥,2-174,食物与食材,食物与食材 / 糕点与甜品 / 酥点与糕点,按当前导航约定归类,不适用,2,10,9,6,6,2,1,0,1,1,0,0
芦笋,2-175,植物,植物 / 草本与藤本植物 / 蔬菜与豆类植物,按当前导航约定归类,未核验到种,2,11,11,7,9,3,2,0,5,5,0,0
花生汤圆,2-176,食物与食材,食物与食材 / 米面食品 / 汤圆,按当前导航约定归类,不适用,2,7,7,6,7,2,0,0,2,2,0,0
苦瓜,2-177,植物,植物 / 草本与藤本植物 / 蔬菜与豆类植物,按当前导航约定归类,未核验到种,2,9,9,7,9,6,0,0,7,7,0,0
荔枝,2-178,植物,植物 / 木本植物 / 果树,按当前导航约定归类,未核验到种,2,11,10,8,9,5,2,0,4,4,0,0
荷兰辫,2-179,服饰与造型,服饰与造型 / 发型 / 编发,按当前导航约定归类,不适用,2,9,9,9,9,3,0,0,4,4,0,0
荷塘,2-180,活动与场景,活动与场景 / 水域与植被场景 / 荷塘,按当前导航约定归类,不适用,2,10,10,8,10,6,2,0,7,7,0,0
荷花的种子,2-181,植物,植物 / 植物部位 / 球果种子与附属组织,按当前导航约定归类,未核验到种,2,8,8,7,7,4,1,0,5,5,0,0
菠菜班尼迪克蛋,2-182,食物与食材,食物与食材 / 菜肴 / 蛋类组合菜肴,按当前导航约定归类,不适用,2,8,8,4,6,3,0,0,1,1,0,0
葡萄叶酿肉卷,2-183,食物与食材,食物与食材 / 菜肴 / 酿蔬菜与叶包菜肴,按当前导航约定归类,不适用,2,4,4,4,4,0,0,0,2,2,0,0
蚕豆,2-184,植物,植物 / 草本与藤本植物 / 蔬菜与豆类植物,按当前导航约定归类,未核验到种,2,10,10,3,5,1,0,0,2,2,0,0
蛇瓜,2-185,植物,植物 / 草本与藤本植物 / 蔬菜与豆类植物,按当前导航约定归类,未核验到种,2,10,10,8,8,5,2,0,5,5,0,0
蛋黄月饼,2-186,食物与食材,食物与食材 / 糕点与甜品 / 月饼,按当前导航约定归类,不适用,2,10,10,9,10,3,0,0,5,5,0,0
蛋黄酥,2-187,食物与食材,食物与食材 / 糕点与甜品 / 酥点与糕点,按当前导航约定归类,不适用,2,10,10,10,10,7,2,0,9,9,1,0
蜘蛛式升降机,2-188,器具与设备,器具与设备 / 机械与作业设备 / 升降与顶升设备,按当前导航约定归类,不适用,2,6,6,4,4,2,0,0,4,4,0,0
蟹壳黄,2-189,食物与食材,食物与食材 / 米面食品 / 烧饼,按当前导航约定归类,不适用,2,8,8,5,6,2,1,0,3,3,0,0
襦裙,2-190,服饰与造型,服饰与造型 / 服装 / 传统与民族服装,按当前导航约定归类,不适用,2,69,50,35,48,31,14,0,23,23,1,0
西葫芦瓤馅,2-191,食物与食材,食物与食材 / 菜肴 / 酿蔬菜与叶包菜肴,按当前导航约定归类,不适用,2,4,4,4,4,2,0,0,0,0,0,0
西西里厚底披萨,2-192,食物与食材,食物与食材 / 米面食品 / 披萨,按当前导航约定归类,不适用,2,10,10,7,8,2,1,0,1,1,0,0
覆钵式塔,2-193,建筑与设施,建筑与设施 / 建筑与建筑群 / 塔与纪念构筑物,按当前导航约定归类,不适用,2,23,22,19,19,15,2,0,9,9,0,0
货机尾舱门,2-194,交通工具,交通工具 / 交通工具部件 / 机翼与机体部件,按当前导航约定归类,不适用,2,6,6,6,6,2,0,0,1,1,0,0
贴头辫,2-195,服饰与造型,服饰与造型 / 发型 / 编发,按当前导航约定归类,不适用,2,10,10,8,10,5,0,0,5,5,0,0
跨河钢桁架桥,2-196,建筑与设施,建筑与设施 / 桥梁 / 桁架桥,按当前导航约定归类,不适用,2,6,6,3,4,1,0,0,1,1,0,0
迈锡尼遗址,2-197,建筑与设施,建筑与设施 / 遗址 / 建筑与聚落遗址,按当前导航约定归类,不适用,2,7,7,5,6,4,1,0,0,0,1,0
退思园,2-198,建筑与设施,建筑与设施 / 建筑与建筑群 / 园林与公园,按当前导航约定归类,不适用,2,55,55,53,53,47,43,0,2,2,1,0
金枪鱼刺身,2-199,食物与食材,食物与食材 / 菜肴 / 刺身,按当前导航约定归类,不适用,2,10,10,7,8,5,0,0,7,7,0,0
钢桁梁桥,2-200,建筑与设施,建筑与设施 / 桥梁 / 桁架桥,按当前导航约定归类,不适用,2,7,7,6,6,2,1,0,2,2,0,0
钢索吊桥,2-201,建筑与设施,建筑与设施 / 桥梁 / 悬索桥,按当前导航约定归类,不适用,2,8,8,8,8,4,0,0,3,3,0,0
钳工锤,2-202,器具与设备,器具与设备 / 手工工具 / 锤斧与敲击工具,按当前导航约定归类,不适用,2,10,10,8,8,4,0,0,7,7,0,0
银杏果,2-203,食物与食材,食物与食材 / 植物性食材 / 坚果仁与种仁,按当前导航约定归类,不适用,2,10,10,8,8,7,1,0,7,7,0,0
银耳,2-204,真菌,真菌 / 大型真菌 / 胶质真菌,按当前导航约定归类,未核验到种,2,10,10,7,10,3,0,0,7,7,0,0
锹甲,2-205,动物,动物 / 节肢动物 / 甲虫类,按当前导航约定归类,未明确到种,2,10,10,8,8,5,1,0,8,8,0,0
闪电泡芙,2-206,食物与食材,食物与食材 / 糕点与甜品 / 泡芙,按当前导航约定归类,不适用,2,8,8,5,6,3,1,0,2,2,0,0
阿波罗与达芙妮（贝尼尼）,2-207,艺术与装饰品,艺术与装饰品 / 雕塑与立体作品 / 人物塑像,按当前导航约定归类,不适用,2,34,33,30,31,29,18,0,11,11,1,0
雪纳瑞犬,2-208,动物,动物 / 哺乳动物 / 家犬与犬品种,按当前导航约定归类,品种或栽培类型,2,11,11,5,8,2,0,0,4,4,0,0
雪豹幼崽,2-209,动物,动物 / 哺乳动物 / 野生猫科动物,按当前导航约定归类,未核验到种,2,10,10,8,8,5,3,0,7,7,0,0
风筝冲浪竞速,2-210,活动与场景,活动与场景 / 体育活动 / 水上运动,按当前导航约定归类,不适用,2,8,8,3,6,2,0,0,1,1,0,0
首尔德寿宫,2-211,建筑与设施,建筑与设施 / 建筑与建筑群 / 宫殿与官邸,按当前导航约定归类,不适用,2,10,10,6,6,3,0,0,0,0,0,0
香蒲,2-212,植物,植物 / 草本与藤本植物 / 水生与湿地植物,按当前导航约定归类,未核验到种,2,12,12,8,8,3,2,0,6,6,0,0
马丘比丘梯田遗址,2-213,建筑与设施,建筑与设施 / 遗址 / 建筑与聚落遗址,按当前导航约定归类,不适用,2,8,8,6,6,6,0,0,4,4,0,0
马天尼杯,2-214,器具与设备,器具与设备 / 餐厨与日用器具 / 杯具,按当前导航约定归类,不适用,2,10,10,4,6,2,1,0,4,4,0,0
马眼形切割钻石,2-215,自然环境与物质,自然环境与物质 / 矿物与宝石 / 切割钻石,按当前导航约定归类,不适用,2,10,10,6,8,2,2,0,5,5,0,0
驼蛛,2-216,动物,动物 / 节肢动物 / 蛛形动物,按当前导航约定归类,未明确到种,2,8,8,4,4,0,0,0,1,1,0,0
高山滑雪比赛,2-217,活动与场景,活动与场景 / 体育活动 / 冰雪运动,按当前导航约定归类,不适用,2,7,7,1,5,0,0,0,1,1,0,0
鹰嘴豆,2-218,植物,植物 / 草本与藤本植物 / 蔬菜与豆类植物,按当前导航约定归类,未核验到种,2,11,11,8,9,4,0,0,6,6,0,0
黄油刀,2-219,器具与设备,器具与设备 / 餐厨与日用器具 / 刀具,按当前导航约定归类,不适用,2,12,12,6,10,4,1,0,3,3,0,0
黑猩猩,2-220,动物,动物 / 哺乳动物 / 灵长类动物,按当前导航约定归类,未核验到种,2,10,10,7,8,4,1,0,5,5,0,0
齐腰襦裙,2-221,服饰与造型,服饰与造型 / 服装 / 传统与民族服装,按当前导航约定归类,不适用,2,52,35,21,26,19,7,0,15,15,1,0
齿轮,2-222,器具与设备,器具与设备 / 机械零部件 / 传动与支承件,按当前导航约定归类,不适用,2,12,12,6,8,4,0,0,6,6,0,0
龙灯,2-223,艺术与装饰品,艺术与装饰品 / 工艺品 / 灯彩,按当前导航约定归类,不适用,2,7,7,5,5,4,1,0,3,3,0,0
龙眼,2-224,植物,植物 / 木本植物 / 果树,按当前导航约定归类,未核验到种,2,8,8,2,4,0,0,0,2,2,0,0
龙舟,2-225,交通工具,交通工具 / 水上交通工具 / 龙舟,按当前导航约定归类,不适用,2,9,9,7,9,2,1,0,5,5,0,0
88式狙击步枪,3-001,器具与设备,器具与设备 / 武器与防护装备 / 枪械,按当前导航约定归类,不适用,3,4,4,4,4,0,0,0,3,3,1,0
American Alligator,3-002,动物,动物 / 爬行动物 / 鳄类,按当前导航约定归类,未核验到种,3,0,0,0,0,0,0,0,0,0,0,0
Araneus Diadematus,3-003,动物,动物 / 节肢动物 / 蛛形动物,按当前导航约定归类,未核验到种,3,0,0,0,0,0,0,0,0,0,0,0
B-17 空中堡垒轰炸机,3-004,交通工具,交通工具 / 航空器 / 固定翼飞机,按当前导航约定归类,不适用,3,10,10,9,9,4,2,0,5,5,1,0
Black-winged Stilt,3-005,动物,动物 / 鸟类 / 鸻鹬与鸥类,按当前导航约定归类,未核验到种,3,0,0,0,0,0,0,0,0,0,0,0
Blue-winged Kookaburra,3-006,动物,动物 / 鸟类 / 翠鸟、蜂虎与佛法僧,按当前导航约定归类,未核验到种,3,0,0,0,0,0,0,0,0,0,0,0
Boeing 747-400f,3-007,交通工具,交通工具 / 航空器 / 固定翼飞机,按当前导航约定归类,不适用,3,0,0,0,0,0,0,0,0,0,0,0
Brig Vessel,3-008,交通工具,交通工具 / 水上交通工具 / 帆船,按当前导航约定归类,不适用,3,0,0,0,0,0,0,0,0,0,0,0
C-130 Hercules,3-009,交通工具,交通工具 / 航空器 / 固定翼飞机,按当前导航约定归类,不适用,3,0,0,0,0,0,0,0,0,0,0,0
Diamondback Rattlesnake,3-010,动物,动物 / 爬行动物 / 蛇类,按当前导航约定归类,未明确到种,3,0,0,0,0,0,0,0,0,0,0,0
DNA双螺旋结构式,3-011,图像与标识,图像与标识 / 科学与信息图示 / 生物分子结构图,按当前导航约定归类,不适用,3,6,4,1,2,1,0,0,1,1,0,0
Echeveria Derenbergii,3-012,植物,植物 / 多肉与肉质植物 / 叶多肉植物,按当前导航约定归类,未核验到种,3,0,0,0,0,0,0,0,0,0,0,0
Egretta Tricolor,3-013,动物,动物 / 鸟类 / 鹭、鹮与琵鹭,按当前导航约定归类,未核验到种,3,0,0,0,0,0,0,0,0,0,0,0
Elliot's Pheasant,3-014,动物,动物 / 鸟类 / 鸡雉类,按当前导航约定归类,未核验到种,3,0,0,0,0,0,0,0,0,0,0,0
Fritillaria Imperialis 'Rubra',3-015,植物,植物 / 草本与藤本植物 / 观花与观叶草本,按当前导航约定归类,品种或栽培类型,3,0,0,0,0,0,0,0,0,0,0,0
Galantine,3-016,食物与食材,食物与食材 / 菜肴 / 陶罐菜与冷盘,按当前导航约定归类,不适用,3,2,2,2,2,0,0,0,0,0,0,0
Great Cormorant,3-017,动物,动物 / 鸟类 / 塘鹅、鹈鹕、鸬鹚与军舰鸟,按当前导航约定归类,未核验到种,3,0,0,0,0,0,0,0,0,0,0,0
Human Anatomy Chart,3-018,图像与标识,图像与标识 / 科学与信息图示 / 人体解剖图,按当前导航约定归类,不适用,3,0,0,0,0,0,0,0,0,0,0,0
Indian Pitta,3-019,动物,动物 / 鸟类 / 雀形目鸟类,按当前导航约定归类,未核验到种,3,0,0,0,0,0,0,0,0,0,0,0
Indian Turnip,3-020,植物,植物 / 草本与藤本植物 / 观花与观叶草本,按当前导航约定归类,范围待确认,3,0,0,0,0,0,0,0,0,0,0,0
Kniphofia Caulescens,3-021,植物,植物 / 草本与藤本植物 / 观花与观叶草本,按当前导航约定归类,未核验到种,3,0,0,0,0,0,0,0,0,0,0,0
Lapwing,3-022,动物,动物 / 鸟类 / 鸻鹬与鸥类,按当前导航约定归类,范围待确认,3,0,0,0,0,0,0,0,0,0,0,0
Laser Eye Surgery,3-023,活动与场景,活动与场景 / 医疗操作 / 手术,按当前导航约定归类,不适用,3,0,0,0,0,0,0,0,0,0,0,0
Lateen Boat,3-024,交通工具,交通工具 / 水上交通工具 / 帆船,按当前导航约定归类,不适用,3,2,2,2,2,2,0,0,0,0,0,0
Leptinotarsa Decemlineata,3-025,动物,动物 / 节肢动物 / 甲虫类,按当前导航约定归类,未核验到种,3,0,0,0,0,0,0,0,0,0,0,0
M16 步枪,3-026,器具与设备,器具与设备 / 武器与防护装备 / 枪械,按当前导航约定归类,不适用,3,11,11,10,10,6,2,0,10,10,1,0
Malabar Pied Hornbill,3-027,动物,动物 / 鸟类 / 犀鸟与地犀鸟,按当前导航约定归类,未核验到种,3,0,0,0,0,0,0,0,0,0,0,0
McDonnell Douglas Md-11f,3-028,交通工具,交通工具 / 航空器 / 固定翼飞机,按当前导航约定归类,不适用,3,0,0,0,0,0,0,0,0,0,0,0
Narcissus Tazetta,3-029,植物,植物 / 草本与藤本植物 / 观花与观叶草本,按当前导航约定归类,未核验到种,3,0,0,0,0,0,0,0,0,0,0,0
Nelumbo Lutea,3-030,植物,植物 / 草本与藤本植物 / 水生与湿地植物,按当前导航约定归类,未核验到种,3,0,0,0,0,0,0,0,0,0,0,0
Nicotiana Sylvestris,3-031,植物,植物 / 草本与藤本植物 / 观花与观叶草本,按当前导航约定归类,未核验到种,3,0,0,0,0,0,0,0,0,0,0,0
Nikon Fm2,3-032,器具与设备,器具与设备 / 摄影器材 / 胶片相机,按当前导航约定归类,不适用,3,4,4,2,2,2,2,0,2,2,0,0
Ophiocordyceps Sinensis,3-033,真菌,真菌 / 虫生真菌 / 虫草类真菌,按当前导航约定归类,未核验到种,3,0,0,0,0,0,0,0,0,0,0,0
Pike,3-034,动物,动物 / 鱼类 / 鱼类名称,按当前导航约定归类,范围待确认,3,0,0,0,0,0,0,0,0,0,0,0
Proso Millet,3-035,植物,植物 / 草本与藤本植物 / 禾本科草本,按当前导航约定归类,未核验到种,3,0,0,0,0,0,0,0,0,0,0,0
Protein Structure,3-036,图像与标识,图像与标识 / 科学与信息图示 / 生物分子结构图,需要上下文,不适用,3,0,0,0,0,0,0,0,0,0,0,0
Quaker Parrot,3-037,动物,动物 / 鸟类 / 鹦鹉类,按当前导航约定归类,未核验到种,3,2,2,2,2,2,1,0,0,0,0,0
Rhamphorhynchus,3-038,动物,动物 / 古生物及其遗存 / 翼龙及其遗存,按当前导航约定归类,未明确到种,3,0,0,0,0,0,0,0,0,0,0,0
Rib Cage Anatomy,3-039,图像与标识,图像与标识 / 科学与信息图示 / 人体解剖图,需要上下文,不适用,3,0,0,0,0,0,0,0,0,0,0,0
Rockhopper Penguin,3-040,动物,动物 / 鸟类 / 企鹅类,按当前导航约定归类,未明确到种,3,0,0,0,0,0,0,0,0,0,0,0
Russula Virescens,3-041,真菌,真菌 / 大型真菌 / 伞状真菌,按当前导航约定归类,未核验到种,3,0,0,0,0,0,0,0,0,0,0,0
SACH Foot,3-042,器具与设备,器具与设备 / 康复辅助器具 / 假肢,按当前导航约定归类,不适用,3,0,0,0,0,0,0,0,0,0,0,0
Shelduck,3-043,动物,动物 / 鸟类 / 鸭雁类,按当前导航约定归类,范围待确认,3,0,0,0,0,0,0,0,0,0,0,0
Silver Langur,3-044,动物,动物 / 哺乳动物 / 灵长类动物,按当前导航约定归类,未核验到种,3,0,0,0,0,0,0,0,0,0,0,0
Southern Ground Hornbill,3-045,动物,动物 / 鸟类 / 犀鸟与地犀鸟,按当前导航约定归类,未核验到种,3,0,0,0,0,0,0,0,0,0,0,0
Spanish Sparrow,3-046,动物,动物 / 鸟类 / 雀形目鸟类,按当前导航约定归类,未核验到种,3,0,0,0,0,0,0,0,0,0,0,0
Structural Formula,3-047,图像与标识,图像与标识 / 科学与信息图示 / 化学结构图与模型,按当前导航约定归类,不适用,3,0,0,0,0,0,0,0,0,0,0,0
T-90坦克,3-048,交通工具,交通工具 / 陆地车辆 / 装甲战斗车辆,按当前导航约定归类,不适用,3,6,6,5,5,2,1,0,4,4,1,0
Temporal Artery Thermometer,3-049,器具与设备,器具与设备 / 医学与实验设备 / 体温测量设备,按当前导航约定归类,不适用,3,0,0,0,0,0,0,0,0,0,0,0
Theobroma Grandiflorum,3-050,植物,植物 / 木本植物 / 果树,按当前导航约定归类,未核验到种,3,2,1,1,1,0,0,0,0,0,0,0
Tobacco Hornworm Eating,3-051,动物,动物 / 节肢动物 / 蝶蛾及其幼虫,按当前导航约定归类,未核验到种,3,0,0,0,0,0,0,0,0,0,0,0
Topsail Schooner Ship,3-052,交通工具,交通工具 / 水上交通工具 / 帆船,按当前导航约定归类,不适用,3,0,0,0,0,0,0,0,0,0,0,0
Triceratops Mount,3-053,动物,动物 / 古生物及其遗存 / 恐龙及其遗存,按当前导航约定归类,未明确到种,3,0,0,0,0,0,0,0,0,0,0,0
Vintage Small Two-Masted Cargo Schooner,3-054,交通工具,交通工具 / 水上交通工具 / 帆船,按当前导航约定归类,不适用,3,0,0,0,0,0,0,0,0,0,0,0
Yellow-bellied Sapsucker,3-055,动物,动物 / 鸟类 / 啄木鸟与拟啄木鸟,按当前导航约定归类,未核验到种,3,0,0,0,0,0,0,0,0,0,0,0
Yew Longbow,3-056,器具与设备,器具与设备 / 武器与防护装备 / 弓弩与投掷武器,按当前导航约定归类,不适用,3,1,1,1,1,1,1,0,0,0,0,0
三号突击炮,3-057,交通工具,交通工具 / 陆地车辆 / 装甲战斗车辆,按当前导航约定归类,不适用,3,6,6,5,5,4,0,0,5,5,1,0
三角龙化石,3-058,动物,动物 / 古生物及其遗存 / 恐龙及其遗存,按当前导航约定归类,未明确到种,2/3,12,12,10,10,8,1,0,3,3,0,0
丘陵埃克斯穆尔马,3-059,动物,动物 / 哺乳动物 / 马与驴类,按当前导航约定归类,品种或栽培类型,3,6,6,2,4,0,0,0,0,0,0,0
中世纪胸甲,3-060,器具与设备,器具与设备 / 武器与防护装备 / 护甲,按当前导航约定归类,不适用,2/3,7,7,6,7,3,0,0,2,2,0,0
中国鹅白色,3-061,动物,动物 / 鸟类 / 鸭雁类,按当前导航约定归类,品种或栽培类型,3,10,10,6,6,3,0,0,1,1,0,0
中央空调,3-062,器具与设备,器具与设备 / 环境调节设备 / 空调,按当前导航约定归类,不适用,2/3,10,10,8,10,3,2,0,6,6,0,0
丹参,3-063,植物,植物 / 草本与藤本植物 / 芳香与药用草本,按当前导航约定归类,未核验到种,3,12,12,8,10,4,0,0,0,0,0,0
二棱大麦,3-064,植物,植物 / 草本与藤本植物 / 禾本科草本,按当前导航约定归类,品种或栽培类型,3,10,10,8,9,4,1,0,1,1,0,0
五棱散尾鬼笔,3-065,真菌,真菌 / 大型真菌 / 鬼笔类真菌,按当前导航约定归类,未核验到种,3,7,7,6,6,1,0,0,0,0,0,0
俄亥俄级核潜艇,3-066,交通工具,交通工具 / 水上交通工具 / 军舰与潜艇,按当前导航约定归类,不适用,3,5,5,4,4,3,0,0,3,3,1,0
偏光显微镜,3-067,器具与设备,器具与设备 / 医学与实验设备 / 显微镜,按当前导航约定归类,不适用,3,10,10,10,10,4,1,0,2,2,0,0
兜状荷包牡丹的根,3-068,植物,植物 / 植物部位 / 根与茎,按当前导航约定归类,未核验到种,3,7,7,4,7,1,1,0,0,0,0,0
共聚焦显微镜,3-069,器具与设备,器具与设备 / 医学与实验设备 / 显微镜,按当前导航约定归类,不适用,3,10,10,10,10,4,3,0,10,10,0,0
再力花植株,3-070,植物,植物 / 草本与藤本植物 / 水生与湿地植物,按当前导航约定归类,未核验到种,3,8,8,7,7,4,2,0,4,4,0,0
冠花贝母的花,3-071,植物,植物 / 植物部位 / 花与花序,按当前导航约定归类,未核验到种,3,9,9,5,8,2,0,0,4,4,0,0
凹嘴鹳,3-072,动物,动物 / 鸟类 / 鹳类,按当前导航约定归类,未核验到种,3,8,8,5,6,1,1,0,1,1,0,0
刺参,3-073,动物,动物 / 其他无脊椎动物 / 棘皮动物,按当前导航约定归类,未核验到种,3,10,10,6,8,4,0,0,2,2,0,0
加岛企鹅,3-074,动物,动物 / 鸟类 / 企鹅类,按当前导航约定归类,未核验到种,3,10,10,7,9,4,0,0,0,0,0,0
动态血压计,3-075,器具与设备,器具与设备 / 医学与实验设备 / 血压测量设备,按当前导航约定归类,不适用,3,10,10,9,10,5,2,0,4,4,0,0
卫矛假种皮,3-076,植物,植物 / 植物部位 / 球果种子与附属组织,按当前导航约定归类,未核验到种,3,8,8,6,6,2,0,0,0,0,0,0
卷毛金丝雀,3-077,动物,动物 / 鸟类 / 雀形目鸟类,按当前导航约定归类,品种或栽培类型,3,8,8,4,6,0,0,0,3,3,0,0
卷缘齿菌,3-078,真菌,真菌 / 大型真菌 / 齿状及珊瑚状真菌,按当前导航约定归类,未核验到种,3,8,8,4,4,1,1,0,0,0,0,0
双垂食火鸡,3-079,动物,动物 / 鸟类 / 鸵鸟、鸸鹋与食火鸡,按当前导航约定归类,未核验到种,3,7,7,5,5,0,0,0,4,4,0,0
古巴鳄,3-080,动物,动物 / 爬行动物 / 鳄类,按当前导航约定归类,未核验到种,3,11,11,9,9,6,1,0,0,0,0,0
叩甲,3-081,动物,动物 / 节肢动物 / 甲虫类,按当前导航约定归类,未明确到种,3,10,10,7,7,4,3,0,1,1,0,0
可变后掠翼,3-082,交通工具,交通工具 / 交通工具部件 / 机翼与机体部件,按当前导航约定归类,不适用,3,9,9,7,7,3,1,0,4,4,0,0
可可花,3-083,植物,植物 / 植物部位 / 花与花序,按当前导航约定归类,未核验到种,3,13,13,11,11,7,3,0,4,4,0,0
台风眼墙,3-084,自然环境与物质,自然环境与物质 / 天气现象 / 热带气旋,按当前导航约定归类,不适用,3,8,7,3,5,2,0,0,3,3,0,0
唐冠螺,3-085,动物,动物 / 其他无脊椎动物 / 软体动物,按当前导航约定归类,未核验到种,3,10,10,7,9,4,1,0,2,2,0,0
图-160 海盗旗战略轰炸机,3-086,交通工具,交通工具 / 航空器 / 固定翼飞机,按当前导航约定归类,不适用,3,5,5,3,4,2,0,0,2,2,1,0
图-95 熊式战略轰炸机,3-087,交通工具,交通工具 / 航空器 / 固定翼飞机,按当前导航约定归类,不适用,3,6,6,5,6,4,0,0,4,4,1,0
多桅纵帆船,3-088,交通工具,交通工具 / 水上交通工具 / 帆船,按当前导航约定归类,不适用,3,8,8,5,7,2,0,0,1,1,0,0
多联机空调,3-089,器具与设备,器具与设备 / 环境调节设备 / 空调,按当前导航约定归类,不适用,3,10,10,9,10,5,1,0,6,6,0,0
大拟啄木鸟,3-090,动物,动物 / 鸟类 / 啄木鸟与拟啄木鸟,按当前导航约定归类,未核验到种,3,10,10,8,8,6,2,0,7,7,0,0
女王凤凰螺,3-091,动物,动物 / 其他无脊椎动物 / 软体动物,按当前导航约定归类,未核验到种,3,10,10,8,8,5,1,0,4,4,0,0
威尔逊瓣蹼鹬,3-092,动物,动物 / 鸟类 / 鸻鹬与鸥类,按当前导航约定归类,未核验到种,3,10,10,9,9,6,0,0,5,5,0,0
宽吻凯门鳄,3-093,动物,动物 / 爬行动物 / 鳄类,按当前导航约定归类,未核验到种,3,9,9,6,6,2,0,0,0,0,0,0
密苏里号战列舰,3-094,交通工具,交通工具 / 水上交通工具 / 军舰与潜艇,按当前导航约定归类,不适用,3,7,7,6,6,5,2,0,4,4,1,0
小蓝企鹅,3-095,动物,动物 / 鸟类 / 企鹅类,按当前导航约定归类,未核验到种,3,10,10,8,8,5,1,0,2,2,0,0
带鱼狗,3-096,动物,动物 / 鸟类 / 翠鸟、蜂虎与佛法僧,按当前导航约定归类,未核验到种,3,11,11,4,7,2,0,0,1,1,0,0
干巴菌,3-097,真菌,真菌 / 大型真菌 / 齿状及珊瑚状真菌,按当前导航约定归类,未核验到种,3,10,10,8,8,5,2,0,3,3,0,0
弄蝶,3-098,动物,动物 / 节肢动物 / 蝶蛾及其幼虫,按当前导航约定归类,未明确到种,3,10,10,6,6,3,2,0,3,3,0,0
张拉千斤顶,3-099,器具与设备,器具与设备 / 机械与作业设备 / 升降与顶升设备,按当前导航约定归类,不适用,3,8,8,7,7,3,0,0,3,3,0,0
弹布尔,3-100,器具与设备,器具与设备 / 乐器 / 弹拨与拉弦乐器,按当前导航约定归类,不适用,3,10,10,8,8,4,0,0,2,2,0,0
彩鹳,3-101,动物,动物 / 鸟类 / 鹳类,按当前导航约定归类,未核验到种,3,7,7,6,6,3,1,0,6,6,0,0
恒河猴,3-102,动物,动物 / 哺乳动物 / 灵长类动物,按当前导航约定归类,未核验到种,3,12,12,10,10,8,3,0,0,0,0,0
恒河鳄,3-103,动物,动物 / 爬行动物 / 鳄类,按当前导航约定归类,未核验到种,3,10,10,10,10,5,0,0,1,1,0,0
手动对焦胶片相机,3-104,器具与设备,器具与设备 / 摄影器材 / 胶片相机,按当前导航约定归类,不适用,2/3,10,10,9,10,6,0,0,4,4,0,0
招财鱼,3-105,动物,动物 / 鱼类 / 鱼类名称,按当前导航约定归类,未核验到种,3,10,10,8,9,5,1,0,0,0,0,0
挑战者2,3-106,交通工具,交通工具 / 陆地车辆 / 装甲战斗车辆,按当前导航约定归类,不适用,3,7,7,6,6,4,1,0,2,2,1,0
斐济鬣蜥,3-107,动物,动物 / 爬行动物 / 蜥蜴类,按当前导航约定归类,范围待确认,3,9,9,9,9,4,0,0,0,0,0,0
斑嘴鸭,3-108,动物,动物 / 鸟类 / 鸭雁类,按当前导航约定归类,未核验到种,3,9,9,6,6,4,1,0,4,4,0,0
日本萝卜的叶,3-109,植物,植物 / 植物部位 / 叶,按当前导航约定归类,未核验到种,3,9,9,8,9,7,1,0,3,3,0,0
普通鬼笔,3-110,真菌,真菌 / 大型真菌 / 鬼笔类真菌,按当前导航约定归类,未核验到种,3,7,7,5,5,1,0,0,1,1,0,0
李-恩菲尔德步枪,3-111,器具与设备,器具与设备 / 武器与防护装备 / 枪械,按当前导航约定归类,不适用,3,6,6,5,5,3,0,0,4,4,1,0
板齿犀,3-112,动物,动物 / 古生物及其遗存 / 史前哺乳动物,按当前导航约定归类,未明确到种,3,9,9,8,8,4,1,0,1,1,0,0
林鹳,3-113,动物,动物 / 鸟类 / 鹳类,按当前导航约定归类,未核验到种,3,10,10,8,8,6,0,0,8,8,0,0
果品冷藏货轮,3-114,交通工具,交通工具 / 水上交通工具 / 货船,按当前导航约定归类,不适用,3,7,7,5,7,3,0,0,0,0,0,0
柳刃刀,3-115,器具与设备,器具与设备 / 餐厨与日用器具 / 刀具,按当前导航约定归类,不适用,3,10,10,10,10,6,2,0,8,8,0,0
栉尾鬣蜥,3-116,动物,动物 / 爬行动物 / 蜥蜴类,按当前导航约定归类,范围待确认,3,8,8,7,7,2,0,0,6,6,0,0
梆笛,3-117,器具与设备,器具与设备 / 乐器 / 吹管乐器,按当前导航约定归类,不适用,3,16,14,9,10,2,1,0,4,4,0,0
植物细胞,3-118,微观生物结构,微观生物结构 / 细胞结构 / 细胞与细胞骨架,按当前导航约定归类,不适用,3,12,12,10,10,6,2,0,4,4,0,0
植物细胞图,3-119,图像与标识,图像与标识 / 科学与信息图示 / 细胞与组织图,按当前导航约定归类,不适用,2/3,8,8,8,8,5,1,0,5,5,0,0
橘红冠花贝母,3-120,植物,植物 / 草本与藤本植物 / 观花与观叶草本,按当前导航约定归类,品种或栽培类型,3,7,7,6,7,2,1,0,0,0,0,0
波音747机翼,3-121,交通工具,交通工具 / 交通工具部件 / 机翼与机体部件,按当前导航约定归类,不适用,3,10,10,9,9,4,2,0,4,4,0,0
泽泻,3-122,植物,植物 / 草本与藤本植物 / 水生与湿地植物,按当前导航约定归类,未核验到种,3,10,10,8,8,2,1,0,1,1,0,0
液压马达,3-123,器具与设备,器具与设备 / 机械与作业设备 / 动力设备,按当前导航约定归类,不适用,3,10,10,10,10,7,2,0,7,7,0,0
深海冷泉,3-124,自然环境与物质,自然环境与物质 / 水文与海洋现象 / 海底冷泉,按当前导航约定归类,不适用,3,5,5,3,3,1,0,0,0,0,0,0
潮汐能,3-125,抽象与文化主题,抽象与文化主题 / 科学概念 / 物理与生物概念,需要明确视觉载体,不适用,3,8,8,6,6,2,0,0,2,2,0,0
灰腹角雉,3-126,动物,动物 / 鸟类 / 鸡雉类,按当前导航约定归类,未核验到种,3,10,10,8,8,2,1,0,5,5,0,0
烟草花序,3-127,植物,植物 / 植物部位 / 花与花序,按当前导航约定归类,未核验到种,3,10,10,8,8,3,0,0,3,3,0,0
爪兽,3-128,动物,动物 / 古生物及其遗存 / 史前哺乳动物,按当前导航约定归类,未明确到种,3,9,9,7,8,3,1,0,4,4,0,0
牛腿琴,3-129,器具与设备,器具与设备 / 乐器 / 弹拨与拉弦乐器,按当前导航约定归类,不适用,3,7,7,4,4,0,0,0,0,0,0,0
生物组织图,3-130,图像与标识,图像与标识 / 科学与信息图示 / 细胞与组织图,按当前导航约定归类,不适用,3,11,11,8,8,7,0,0,5,5,0,0
甲壳纲,3-131,动物,动物 / 节肢动物 / 甲壳动物,按当前导航约定归类,未明确到种,3,10,10,8,8,6,3,0,3,3,0,0
瘤鸭,3-132,动物,动物 / 鸟类 / 鸭雁类,按当前导航约定归类,未核验到种,3,10,10,8,8,5,2,0,4,4,0,0
白云金丝,3-133,动物,动物 / 鱼类 / 鱼类名称,按当前导航约定归类,未核验到种,3,10,10,9,9,5,1,0,8,8,0,0
白头鹤,3-134,动物,动物 / 鸟类 / 鹤与秧鸡类,按当前导航约定归类,未核验到种,3,10,10,8,8,6,2,0,7,7,0,0
白毒伞,3-135,真菌,真菌 / 大型真菌 / 伞状真菌,按当前导航约定归类,范围待确认,3,10,10,7,7,4,0,0,0,0,0,0
白秋沙鸭,3-136,动物,动物 / 鸟类 / 鸭雁类,按当前导航约定归类,未核验到种,3,10,10,4,8,2,0,0,4,4,0,0
眼镜凯门鳄,3-137,动物,动物 / 爬行动物 / 鳄类,按当前导航约定归类,未核验到种,3,10,10,7,7,3,0,0,0,0,0,0
石鸡,3-138,动物,动物 / 鸟类 / 鸡雉类,按当前导航约定归类,未核验到种,3,10,10,8,8,5,2,0,2,2,0,0
硕士服,3-139,服饰与造型,服饰与造型 / 服装 / 学位礼服,按当前导航约定归类,不适用,3,10,10,6,8,4,1,0,4,4,0,0
秘鲁企鹅,3-140,动物,动物 / 鸟类 / 企鹅类,按当前导航约定归类,未核验到种,3,9,9,7,7,2,1,0,2,2,0,0
箱梁,3-141,建筑与设施,建筑与设施 / 建筑结构 / 梁塔与基础,按当前导航约定归类,不适用,3,10,10,9,10,5,4,0,5,5,0,0
米-24 雌鹿武装直升机,3-142,交通工具,交通工具 / 航空器 / 直升机,按当前导航约定归类,不适用,3,5,5,4,4,1,0,0,4,4,1,0
红剑鱼,3-143,动物,动物 / 鱼类 / 鱼类名称,按当前导航约定归类,未核验到种,3,9,9,7,7,1,0,0,5,5,0,0
红原鸡,3-144,动物,动物 / 鸟类 / 鸡雉类,按当前导航约定归类,未核验到种,3,9,9,8,9,3,0,0,3,3,0,0
红绿灯鱼,3-145,动物,动物 / 鱼类 / 鱼类名称,按当前导航约定归类,未核验到种,3,9,9,7,7,2,1,0,6,6,0,0
细胞结构图,3-146,图像与标识,图像与标识 / 科学与信息图示 / 细胞与组织图,按当前导航约定归类,不适用,1/3,7,7,5,7,3,1,0,4,4,0,0
细胞骨架,3-147,微观生物结构,微观生物结构 / 细胞结构 / 细胞与细胞骨架,按当前导航约定归类,不适用,3,8,8,6,6,3,0,0,5,5,0,0
绒啄木鸟觅食,3-148,动物,动物 / 鸟类 / 啄木鸟与拟啄木鸟,按当前导航约定归类,未核验到种,3,10,10,6,8,2,0,0,1,1,0,0
绿啄木鸟,3-149,动物,动物 / 鸟类 / 啄木鸟与拟啄木鸟,按当前导航约定归类,未核验到种,3,10,10,7,8,3,0,0,3,3,0,0
绿鱼狗,3-150,动物,动物 / 鸟类 / 翠鸟、蜂虎与佛法僧,按当前导航约定归类,未核验到种,3,10,10,6,6,3,2,0,6,6,0,0
罗马标枪,3-151,器具与设备,器具与设备 / 武器与防护装备 / 弓弩与投掷武器,按当前导航约定归类,不适用,3,10,10,8,8,3,0,0,3,3,0,0
美国红鱼,3-152,动物,动物 / 鱼类 / 鱼类名称,按当前导航约定归类,未核验到种,3,10,10,8,8,1,0,0,0,0,0,0
翠蓝眼蛱蝶,3-153,动物,动物 / 节肢动物 / 蝶蛾及其幼虫,按当前导航约定归类,未核验到种,3,9,9,6,6,3,2,0,6,6,0,0
翠鸟巢穴,3-154,动物,动物 / 动物活动遗迹 / 巢穴,按当前导航约定归类,未核验到种,3,10,10,7,10,3,0,0,4,4,0,0
翼手龙,3-155,动物,动物 / 古生物及其遗存 / 翼龙及其遗存,按当前导航约定归类,范围待确认,3,9,9,8,8,3,0,0,6,6,0,0
翼梁,3-156,交通工具,交通工具 / 交通工具部件 / 机翼与机体部件,按当前导航约定归类,不适用,3,8,8,8,8,2,1,0,2,2,0,0
翼肋,3-157,交通工具,交通工具 / 交通工具部件 / 机翼与机体部件,按当前导航约定归类,不适用,3,9,9,9,9,0,0,0,4,4,0,0
翼龙骨架,3-158,动物,动物 / 古生物及其遗存 / 翼龙及其遗存,按当前导航约定归类,未明确到种,3,10,10,8,8,6,1,0,6,6,0,0
联盟号运载火箭,3-159,交通工具,交通工具 / 航天器 / 运载火箭,按当前导航约定归类,不适用,3,7,7,4,6,3,2,0,1,1,0,0
肉锥花,3-160,植物,植物 / 多肉与肉质植物 / 叶多肉植物,按当前导航约定归类,未明确到种,3,9,9,7,7,4,1,0,6,6,0,0
肉齿菌,3-161,真菌,真菌 / 大型真菌 / 齿状及珊瑚状真菌,按当前导航约定归类,范围待确认,3,8,8,3,4,1,0,0,0,0,0,0
胼胝体,3-162,人物与人体,人物与人体 / 人体结构 / 脑与神经结构,按当前导航约定归类,不适用,3,9,9,9,9,3,0,0,3,3,0,0
脊柱融合,3-163,活动与场景,活动与场景 / 医疗操作 / 手术,按当前导航约定归类,不适用,3,12,12,12,12,8,2,0,5,5,0,0
脑干,3-164,人物与人体,人物与人体 / 人体结构 / 脑与神经结构,按当前导航约定归类,不适用,3,9,9,6,7,3,0,0,4,4,0,0
脑颅骨,3-165,人物与人体,人物与人体 / 人体结构 / 骨骼,按当前导航约定归类,不适用,3,8,8,6,7,5,2,0,4,4,0,0
艾草,3-166,植物,植物 / 草本与藤本植物 / 芳香与药用草本,按当前导航约定归类,未核验到种,3,10,10,7,8,5,2,0,1,1,0,0
芥蓝花,3-167,植物,植物 / 植物部位 / 花与花序,按当前导航约定归类,未核验到种,3,10,10,8,8,4,0,0,1,1,0,0
花剑剑条,3-168,器具与设备,器具与设备 / 体育器材 / 投掷与击剑器材,按当前导航约定归类,不适用,3,7,7,4,6,0,0,0,3,3,0,0
苹果猪笼草,3-169,植物,植物 / 草本与藤本植物 / 食虫植物,按当前导航约定归类,未核验到种,3,10,10,6,6,2,2,0,0,0,0,0
荧光显微镜,3-170,器具与设备,器具与设备 / 医学与实验设备 / 显微镜,按当前导航约定归类,不适用,3,8,8,6,6,3,1,0,4,4,0,0
荷兰凤凰,3-171,动物,动物 / 鱼类 / 鱼类名称,按当前导航约定归类,未核验到种,3,10,10,6,6,4,2,0,6,6,0,0
落地生根,3-172,植物,植物 / 多肉与肉质植物 / 叶多肉植物,按当前导航约定归类,未核验到种,3,10,10,8,8,5,2,0,4,4,0,0
蓝岩鬣蜥,3-173,动物,动物 / 爬行动物 / 蜥蜴类,按当前导航约定归类,未核验到种,3,9,9,6,7,2,0,0,4,4,0,0
蓝指海星,3-174,动物,动物 / 其他无脊椎动物 / 棘皮动物,按当前导航约定归类,未核验到种,3,10,10,8,8,2,1,0,8,8,0,0
蛹虫草,3-175,真菌,真菌 / 虫生真菌 / 虫草类真菌,按当前导航约定归类,未核验到种,3,10,10,8,8,4,0,0,2,2,0,0
血雉,3-176,动物,动物 / 鸟类 / 鸡雉类,按当前导航约定归类,未核验到种,3,10,10,10,10,5,2,0,7,7,0,0
行星齿轮,3-177,器具与设备,器具与设备 / 机械零部件 / 传动与支承件,按当前导航约定归类,不适用,3,8,8,8,8,3,0,0,5,5,0,0
褐马鸡,3-178,动物,动物 / 鸟类 / 鸡雉类,按当前导航约定归类,未核验到种,3,12,12,12,12,7,0,0,4,4,1,0
角雕展翅,3-179,动物,动物 / 鸟类 / 日行猛禽,按当前导航约定归类,未核验到种,3,7,7,5,6,2,0,0,1,1,0,0
豪式桁架桥,3-180,建筑与设施,建筑与设施 / 桥梁 / 桁架桥,按当前导航约定归类,不适用,3,7,7,6,7,2,0,0,0,0,0,0
赤嘴潜鸭,3-181,动物,动物 / 鸟类 / 鸭雁类,按当前导航约定归类,未核验到种,3,10,10,8,8,5,2,0,5,5,0,0
超声骨密度仪,3-182,器具与设备,器具与设备 / 医学与实验设备 / 超声设备,按当前导航约定归类,不适用,3,8,8,4,6,0,0,0,4,4,0,0
路易斯结构式,3-183,图像与标识,图像与标识 / 科学与信息图示 / 化学结构图与模型,按当前导航约定归类,不适用,3,7,7,4,4,1,0,0,2,2,0,0
轰-6 轰炸机,3-184,交通工具,交通工具 / 航空器 / 固定翼飞机,按当前导航约定归类,不适用,3,8,8,7,7,5,2,0,4,4,1,0
辽宁舰,3-185,交通工具,交通工具 / 水上交通工具 / 军舰与潜艇,按当前导航约定归类,不适用,3,6,6,4,5,2,0,0,3,3,1,0
连续分液器,3-186,器具与设备,器具与设备 / 医学与实验设备 / 移液与分液设备,按当前导航约定归类,不适用,3,9,9,6,8,2,0,0,5,5,0,0
都塔尔,3-187,器具与设备,器具与设备 / 乐器 / 弹拨与拉弦乐器,按当前导航约定归类,不适用,3,9,9,6,7,4,1,0,6,6,0,0
重型猎鹰火箭,3-188,交通工具,交通工具 / 航天器 / 运载火箭,按当前导航约定归类,不适用,3,10,10,6,6,3,1,0,1,1,0,0
金枪鱼腹刺身,3-189,食物与食材,食物与食材 / 菜肴 / 刺身,按当前导航约定归类,不适用,3,10,10,8,8,2,0,0,2,2,0,0
钉状龙,3-190,动物,动物 / 古生物及其遗存 / 恐龙及其遗存,按当前导航约定归类,未明确到种,3,11,11,9,9,3,1,0,4,4,0,0
钙华瀑布,3-191,自然环境与物质,自然环境与物质 / 水文与海洋现象 / 瀑布,按当前导航约定归类,不适用,3,7,7,6,7,2,0,0,0,0,0,0
钢箱拱桥,3-192,建筑与设施,建筑与设施 / 桥梁 / 拱桥,按当前导航约定归类,不适用,3,5,4,3,3,0,0,0,0,0,0,0
钳嘴鹳,3-193,动物,动物 / 鸟类 / 鹳类,按当前导航约定归类,未核验到种,3,9,9,7,9,3,0,0,4,4,0,0
阿丽亚娜5号火箭,3-194,交通工具,交通工具 / 航天器 / 运载火箭,按当前导航约定归类,不适用,3,8,8,8,8,3,0,0,2,2,0,0
阿凡达伊卡兰翼龙,3-195,图像与标识,图像与标识 / 文化图像 / 虚构生物形象,按当前导航约定归类,不适用,3,7,7,4,4,3,0,0,0,0,0,0
雨久花花序,3-196,植物,植物 / 植物部位 / 花与花序,按当前导航约定归类,未核验到种,3,6,6,2,2,0,0,0,1,1,0,0
雪雁,3-197,动物,动物 / 鸟类 / 鸭雁类,按当前导航约定归类,未核验到种,3,8,8,5,6,3,1,0,2,2,0,0
非洲灰犀鸟,3-198,动物,动物 / 鸟类 / 犀鸟与地犀鸟,按当前导航约定归类,未核验到种,3,10,10,6,6,2,0,0,2,2,0,0
非洲霸王树,3-199,植物,植物 / 多肉与肉质植物 / 茎与地下器官肉质植物,按当前导航约定归类,未核验到种,3,11,11,7,7,4,1,0,5,5,0,0
颞叶,3-200,人物与人体,人物与人体 / 人体结构 / 脑与神经结构,按当前导航约定归类,不适用,3,8,8,8,8,3,1,0,3,3,0,0
风神翼龙,3-201,动物,动物 / 古生物及其遗存 / 翼龙及其遗存,按当前导航约定归类,未明确到种,3,10,10,8,8,4,2,0,2,2,1,0
香榧,3-202,植物,植物 / 木本植物 / 针叶树,按当前导航约定归类,未核验到种,3,12,12,12,12,4,0,0,9,9,1,0
马格里鹳,3-203,动物,动物 / 鸟类 / 鹳类,按当前导航约定归类,未核验到种,3,6,6,4,4,0,0,0,0,0,0,0
马王堆出土文物,3-204,艺术与装饰品,艺术与装饰品 / 文物集合 / 出土文物集合,按当前导航约定归类,不适用,3,10,10,9,9,7,3,0,2,2,1,0
马郁兰,3-205,植物,植物 / 草本与藤本植物 / 芳香与药用草本,按当前导航约定归类,未核验到种,3,10,10,6,6,2,2,0,4,4,0,0
骨密度X线检测仪,3-206,器具与设备,器具与设备 / 医学与实验设备 / X射线与CT设备,按当前导航约定归类,不适用,3,8,8,6,8,2,0,0,3,3,0,0
骨科手术,3-207,活动与场景,活动与场景 / 医疗操作 / 手术,按当前导航约定归类,不适用,3,9,9,9,9,4,1,0,5,5,0,0
高原山鹑,3-208,动物,动物 / 鸟类 / 鸡雉类,按当前导航约定归类,未核验到种,3,12,12,6,6,5,2,0,6,6,0,0
鲭鱼刺身,3-209,食物与食材,食物与食材 / 菜肴 / 刺身,按当前导航约定归类,不适用,2/3,10,10,7,9,4,2,0,2,2,0,0
鸸鹋雏鸟,3-210,动物,动物 / 鸟类 / 鸵鸟、鸸鹋与食火鸡,按当前导航约定归类,未核验到种,3,10,10,7,8,2,0,0,2,2,0,0
黄斑蘑菇,3-211,真菌,真菌 / 大型真菌 / 伞状真菌,按当前导航约定归类,未核验到种,3,9,9,6,7,3,2,0,0,0,0,0
黄芩,3-212,植物,植物 / 草本与藤本植物 / 芳香与药用草本,按当前导航约定归类,未核验到种,3,10,10,7,8,3,0,0,0,0,0,0
黑犀鸟,3-213,动物,动物 / 鸟类 / 犀鸟与地犀鸟,按当前导航约定归类,未核验到种,3,9,9,8,8,4,0,0,1,1,0,0
黑颈鹤幼鸟,3-214,动物,动物 / 鸟类 / 鹤与秧鸡类,按当前导航约定归类,未核验到种,3,10,10,4,6,1,0,0,3,3,0,0
3米跳板跳水,B2-1-001,活动与场景,活动与场景 / 体育活动 / 游泳与跳水,按当前导航约定归类,不适用,1,6,6,4,4,4,2,0,0,0,0,0
Blood Pressure Gauge,B2-1-002,器具与设备,器具与设备 / 医学与实验设备 / 血压测量设备,按当前导航约定归类,不适用,1,2,2,0,2,0,0,0,0,0,0,0
Brassica Oleracea Var. Italica,B2-1-003,植物,植物 / 草本与藤本植物 / 蔬菜与豆类植物,按当前导航约定归类,未核验到种,1,2,2,1,2,0,0,0,0,0,0,0
Film Negative,B2-1-004,器具与设备,器具与设备 / 摄影器材 / 胶片与感光材料,按当前导航约定归类,不适用,1,2,2,0,2,0,0,0,0,0,0,0
Lioness Stalking,B2-1-005,动物,动物 / 哺乳动物 / 野生猫科动物,按当前导航约定归类,未核验到种,1,2,2,0,0,0,0,0,0,0,0,0
L型六角扳手,B2-1-006,器具与设备,器具与设备 / 手工工具 / 扳手与套筒,按当前导航约定归类,不适用,1,10,10,9,10,3,1,0,0,0,0,0
Peking Opera Role Types,B2-1-007,抽象与文化主题,抽象与文化主题 / 分类体系 / 戏曲角色体系,需要明确视觉载体,不适用,1,2,2,2,2,1,0,0,0,0,0,0
Slippery Floor Sign,B2-1-008,图像与标识,图像与标识 / 公共标志 / 警告标志,按当前导航约定归类,不适用,1,2,2,2,2,1,0,0,0,0,0,0
U形谷,B2-1-009,自然环境与物质,自然环境与物质 / 地形与地貌 / 冰川地貌,按当前导航约定归类,不适用,1,8,8,8,8,3,1,0,0,0,0,0
与鲨鱼同游表演,B2-1-010,活动与场景,活动与场景 / 体育活动 / 水上运动,按当前导航约定归类,不适用,1,8,8,4,6,2,0,0,0,0,0,0
专业轮滑鞋,B2-1-011,器具与设备,器具与设备 / 体育器材 / 轮滑鞋与护具,按当前导航约定归类,不适用,1,10,10,7,10,5,0,0,0,0,0,0
两用扳手,B2-1-012,器具与设备,器具与设备 / 手工工具 / 扳手与套筒,按当前导航约定归类,不适用,1,10,10,8,10,7,0,0,0,0,0,0
人民英雄纪念碑,B2-1-013,建筑与设施,建筑与设施 / 建筑与建筑群 / 塔与纪念构筑物,按当前导航约定归类,不适用,1,18,18,13,18,9,3,0,0,0,1,0
人际关系图,B2-1-014,图像与标识,图像与标识 / 科学与信息图示 / 分类与关系图,按当前导航约定归类,不适用,1,8,8,6,6,5,0,0,0,0,0,0
低帮双排轮滑鞋,B2-1-015,器具与设备,器具与设备 / 体育器材 / 轮滑鞋与护具,按当前导航约定归类,不适用,1,7,7,4,5,3,0,0,0,0,0,0
全麦汉堡胚,B2-1-016,食物与食材,食物与食材 / 米面食品 / 面包与烤饼,按当前导航约定归类,不适用,1,9,9,8,8,4,0,0,0,0,0,0
农家长镰刀,B2-1-018,器具与设备,器具与设备 / 手工工具 / 镰刀与农用刀具,按当前导航约定归类,不适用,1,8,8,8,8,3,0,0,0,0,0,0
净,B2-1-019,人物与人体,人物与人体 / 人物身份 / 戏曲角色,需要上下文,不适用,1,6,6,6,6,3,0,0,0,0,0,0
划旱船,B2-1-020,活动与场景,活动与场景 / 民俗与公共活动 / 节庆活动,按当前导航约定归类,不适用,1,10,10,4,8,0,0,0,0,0,0,0
刨丝削皮器,B2-1-021,器具与设备,器具与设备 / 餐厨与日用器具 / 食材处理工具,按当前导航约定归类,不适用,1,10,10,10,10,4,0,0,0,0,0,0
剁刀,B2-1-022,器具与设备,器具与设备 / 餐厨与日用器具 / 刀具,按当前导航约定归类,不适用,1,13,13,13,13,8,1,0,0,0,0,0
剁骨刀,B2-1-023,器具与设备,器具与设备 / 餐厨与日用器具 / 刀具,按当前导航约定归类,不适用,1,10,10,9,10,4,0,0,0,0,0,0
剑龙化石,B2-1-024,动物,动物 / 古生物及其遗存 / 恐龙及其遗存,按当前导航约定归类,范围待确认,1,10,10,8,8,4,0,0,0,0,0,0
化学结构图,B2-1-025,图像与标识,图像与标识 / 科学与信息图示 / 化学结构图与模型,按当前导航约定归类,不适用,1,8,8,5,8,5,1,0,0,0,0,0
北京犬,B2-1-026,动物,动物 / 哺乳动物 / 家犬与犬品种,按当前导航约定归类,品种或栽培类型,1,11,11,8,9,3,1,0,0,0,0,0
单刃匕首,B2-1-027,器具与设备,器具与设备 / 武器与防护装备 / 刀剑与战斧,按当前导航约定归类,不适用,1,9,9,7,9,1,0,0,0,0,0,0
单刃手斧,B2-1-028,器具与设备,器具与设备 / 手工工具 / 锤斧与敲击工具,按当前导航约定归类,不适用,1,8,8,8,8,2,0,0,0,0,0,0
取食稻谷,B2-1-029,活动与场景,活动与场景 / 动物行为 / 取食与活动,按当前导航约定归类,不适用,1,8,8,4,4,0,0,0,0,0,0,0
古筝,B2-1-030,器具与设备,器具与设备 / 乐器 / 弹拨与拉弦乐器,按当前导航约定归类,不适用,1,17,17,16,17,12,4,0,0,0,0,0
可调开口扳手,B2-1-031,器具与设备,器具与设备 / 手工工具 / 扳手与套筒,按当前导航约定归类,不适用,1,10,10,8,10,7,1,0,0,0,0,0
哺乳母犬,B2-1-032,动物,动物 / 哺乳动物 / 家犬与犬品种,按当前导航约定归类,品种或栽培类型,1,10,10,6,10,2,1,0,0,0,0,0
地面翻叶,B2-1-033,活动与场景,活动与场景 / 动物行为 / 取食与活动,按当前导航约定归类,不适用,1,8,8,6,6,2,1,0,0,0,0,0
地面营巢,B2-1-034,活动与场景,活动与场景 / 动物行为 / 繁殖与生长,按当前导航约定归类,不适用,1,10,10,6,6,1,1,0,0,0,0,0
基因,B2-1-035,抽象与文化主题,抽象与文化主题 / 科学概念 / 物理与生物概念,需要明确视觉载体,不适用,1,9,9,6,9,6,2,0,0,0,0,0
塔式电风扇,B2-1-036,器具与设备,器具与设备 / 环境调节设备 / 风扇,按当前导航约定归类,不适用,1,10,10,10,10,6,2,0,0,0,0,0
天安门,B2-1-037,建筑与设施,建筑与设施 / 建筑与建筑群 / 亭阁与城门,按当前导航约定归类,不适用,1,8,8,2,6,0,0,0,0,0,0,0
套件六角扳手,B2-1-038,器具与设备,器具与设备 / 手工工具 / 扳手与套筒,按当前导航约定归类,不适用,1,4,4,4,4,1,1,0,0,0,0,0
嫦娥,B2-1-039,图像与标识,图像与标识 / 文化图像 / 虚构人物与神祇,按当前导航约定归类,不适用,1,26,24,16,22,11,7,0,0,0,1,0
家族树,B2-1-040,图像与标识,图像与标识 / 科学与信息图示 / 分类与关系图,按当前导航约定归类,不适用,1,8,8,4,6,4,2,0,0,0,0,0
家谱图,B2-1-041,图像与标识,图像与标识 / 科学与信息图示 / 分类与关系图,按当前导航约定归类,不适用,1,7,7,5,5,5,2,0,0,0,0,0
寄生植物,B2-1-042,植物,植物 / 生长形态与类群 / 生长方式,按当前导航约定归类,未明确到种,1,10,10,7,8,5,2,0,0,0,0,0
导盲犬,B2-1-043,动物,动物 / 哺乳动物 / 家犬与犬品种,按当前导航约定归类,品种或栽培类型,1,10,10,10,10,5,1,0,0,0,0,0
小提琴家造型,B2-1-045,人物与人体,人物与人体 / 人物身份 / 音乐演奏者,按当前导航约定归类,不适用,1,6,6,1,6,0,0,0,0,0,0,0
小鹅跟随母鹅,B2-1-046,动物,动物 / 鸟类 / 鸭雁类,按当前导航约定归类,未核验到种,1,12,12,10,12,3,0,0,0,0,0,0
带刻度平底杯,B2-1-047,器具与设备,器具与设备 / 餐厨与日用器具 / 杯具,按当前导航约定归类,不适用,1,9,9,6,8,3,0,0,0,0,0,0
带台球网台球桌,B2-1-048,器具与设备,器具与设备 / 体育器材 / 球桌,按当前导航约定归类,不适用,1,8,8,5,8,3,1,0,0,0,0,0
带鱼,B2-1-049,动物,动物 / 鱼类 / 鱼类名称,按当前导航约定归类,范围待确认,1,10,10,4,6,1,0,0,0,0,0,0
平头包菜,B2-1-050,植物,植物 / 草本与藤本植物 / 蔬菜与豆类植物,按当前导航约定归类,未核验到种,1,10,10,8,8,2,0,0,0,0,0,0
平板训练凳,B2-1-051,器具与设备,器具与设备 / 体育器材 / 力量与健身器械,按当前导航约定归类,不适用,1,10,10,9,10,2,0,0,0,0,0,0
年年有余,B2-1-052,抽象与文化主题,抽象与文化主题 / 符号与历法 / 文化寓意与历法,需要明确视觉载体,不适用,1,11,11,9,10,5,2,0,0,0,0,0
幼虫化蛹,B2-1-053,活动与场景,活动与场景 / 动物行为 / 繁殖与生长,按当前导航约定归类,不适用,1,10,10,7,8,3,0,0,0,0,0,0
开口笑,B2-1-054,食物与食材,食物与食材 / 糕点与甜品 / 酥点与糕点,按当前导航约定归类,不适用,1,8,8,7,7,3,0,0,0,0,0,0
弯刀鞘,B2-1-055,器具与设备,器具与设备 / 武器与防护装备 / 武器部件,按当前导航约定归类,不适用,1,8,8,7,8,4,0,0,0,0,0,0
手拉式切碎器,B2-1-056,器具与设备,器具与设备 / 餐厨与日用器具 / 食材处理工具,按当前导航约定归类,不适用,1,12,12,8,11,3,2,0,0,0,0,0
护坡,B2-1-057,建筑与设施,建筑与设施 / 交通与水工设施 / 堤岸与挡土设施,按当前导航约定归类,不适用,1,8,8,5,8,3,1,0,0,0,0,0
拉力器,B2-1-058,器具与设备,器具与设备 / 体育器材 / 力量与健身器械,按当前导航约定归类,不适用,1,13,13,9,11,6,2,0,0,0,0,0
拜月,B2-1-059,活动与场景,活动与场景 / 民俗与公共活动 / 节庆活动,按当前导航约定归类,不适用,1,8,8,6,6,4,3,0,0,0,0,0
捕虫行为,B2-1-060,活动与场景,活动与场景 / 动物行为 / 取食与活动,按当前导航约定归类,不适用,1,6,6,6,6,2,0,0,0,0,0,0
摩托艇牵引香蕉船,B2-1-061,活动与场景,活动与场景 / 体育活动 / 水上运动,按当前导航约定归类,不适用,1,6,6,5,6,0,0,0,0,0,0,0
斗兽棋棋盘,B2-1-063,器具与设备,器具与设备 / 游戏器材 / 棋盘,按当前导航约定归类,不适用,1,10,10,7,8,4,1,0,0,0,0,0
旋转式电动剃须刀,B2-1-064,器具与设备,器具与设备 / 个护与日用工具 / 剃须器具,按当前导航约定归类,不适用,1,10,10,10,10,6,1,0,0,0,0,0
无叶风扇,B2-1-065,器具与设备,器具与设备 / 环境调节设备 / 风扇,按当前导航约定归类,不适用,1,10,9,9,9,6,1,0,0,0,0,0
无脚酒杯,B2-1-066,器具与设备,器具与设备 / 餐厨与日用器具 / 杯具,按当前导航约定归类,不适用,1,10,10,9,10,5,1,0,0,0,0,0
暴风雪,B2-1-067,自然环境与物质,自然环境与物质 / 天气现象 / 风暴与降水,按当前导航约定归类,不适用,1,10,10,10,10,5,3,0,0,0,0,0
板栗,B2-1-068,植物,植物 / 木本植物 / 果树,按当前导航约定归类,未核验到种,1,12,12,10,11,7,3,0,0,0,0,0
板栗刺球,B2-1-069,植物,植物 / 植物部位 / 球果种子与附属组织,按当前导航约定归类,未核验到种,1,10,10,8,9,5,1,0,0,0,0,0
栗子,B2-1-070,食物与食材,食物与食材 / 植物性食材 / 坚果仁与种仁,按当前导航约定归类,不适用,1,8,8,3,5,0,0,0,0,0,0,0
桂树,B2-1-071,待明确主体,待明确主体 / 名称有多种解释 / 植物与其他对象,需要上下文,主体待确认,1,8,8,5,6,1,0,0,0,0,0,0
欧标插头,B2-1-072,器具与设备,器具与设备 / 电气连接件 / 插头,按当前导航约定归类,不适用,1,10,10,10,10,5,1,0,0,0,0,0
武术马步,B2-1-073,活动与场景,活动与场景 / 身体动作 / 姿势与伸展,按当前导航约定归类,不适用,1,9,9,7,7,3,1,0,0,0,0,0
母狮金黄,B2-1-074,动物,动物 / 哺乳动物 / 野生猫科动物,按当前导航约定归类,未核验到种,1,10,10,7,8,4,0,0,0,0,0,0
水波蛋,B2-1-075,食物与食材,食物与食材 / 菜肴 / 蛋类制品,按当前导航约定归类,不适用,1,8,8,8,8,2,0,0,0,0,0,0
沉船考古,B2-1-076,活动与场景,活动与场景 / 考古活动 / 水下考古,按当前导航约定归类,不适用,1,6,6,4,6,3,1,0,0,0,1,0
波罗蜜,B2-1-077,植物,植物 / 木本植物 / 果树,按当前导航约定归类,未核验到种,1,10,10,8,8,6,1,0,0,0,0,0
注意双向交通标志,B2-1-078,图像与标识,图像与标识 / 公共标志 / 警告标志,按当前导航约定归类,不适用,1,6,6,3,4,2,0,0,0,0,0,0
注意施工标志,B2-1-079,图像与标识,图像与标识 / 公共标志 / 警告标志,按当前导航约定归类,不适用,1,10,10,9,10,7,0,0,0,0,0,0
流沙包,B2-1-080,食物与食材,食物与食材 / 米面食品 / 包子与馒头,按当前导航约定归类,不适用,1,12,12,11,12,5,1,0,0,0,1,0
浮潜体验,B2-1-081,活动与场景,活动与场景 / 体育活动 / 水上运动,按当前导航约定归类,不适用,1,7,7,6,7,1,0,0,0,0,0,0
深海海沟,B2-1-082,自然环境与物质,自然环境与物质 / 地形与地貌 / 海底地貌,按当前导航约定归类,不适用,1,10,10,6,6,3,1,0,0,0,0,0
潮汐周期,B2-1-083,自然环境与物质,自然环境与物质 / 水文与海洋现象 / 潮汐与波浪,按当前导航约定归类,不适用,1,8,8,2,4,2,0,0,0,0,0,0
火箭助推器分离,B2-1-084,活动与场景,活动与场景 / 航天活动 / 发射与分离,按当前导航约定归类,不适用,1,8,8,4,4,2,1,0,0,0,0,0
炒刀削面,B2-1-085,食物与食材,食物与食材 / 米面食品 / 面条与意面,按当前导航约定归类,不适用,1,9,9,7,9,3,0,0,0,0,0,0
炸酱刀削面,B2-1-086,食物与食材,食物与食材 / 米面食品 / 面条与意面,按当前导航约定归类,不适用,1,8,8,6,6,4,3,0,0,0,0,0
特洛伊战争传说,B2-1-087,抽象与文化主题,抽象与文化主题 / 文本与叙事 / 传说与作品,需要明确视觉载体,不适用,1,10,9,8,8,5,0,0,0,0,1,0
狗脚印,B2-1-088,动物,动物 / 动物活动遗迹 / 足迹,按当前导航约定归类,未核验到种,1,10,10,6,6,1,0,0,0,0,0,0
狮身人面像,B2-1-089,艺术与装饰品,艺术与装饰品 / 雕塑与立体作品 / 雕塑及装置作品,按当前导航约定归类,不适用,1,22,22,17,22,15,6,0,0,0,1,0
狼崽蓝眼睛,B2-1-090,动物,动物 / 哺乳动物 / 野生犬科动物,按当前导航约定归类,未核验到种,1,8,8,6,6,3,1,0,0,0,0,0
猞猁雪地,B2-1-091,动物,动物 / 哺乳动物 / 野生猫科动物,按当前导航约定归类,未核验到种,1,10,10,8,8,6,1,0,0,0,0,0
猴头菇,B2-1-092,真菌,真菌 / 大型真菌 / 齿状及珊瑚状真菌,按当前导航约定归类,未核验到种,1,10,10,10,10,6,4,0,0,0,0,0
猴头菌,B2-1-093,真菌,真菌 / 大型真菌 / 齿状及珊瑚状真菌,按当前导航约定归类,未核验到种,1,10,10,10,10,5,2,0,0,0,0,0
生物进化树图,B2-1-094,图像与标识,图像与标识 / 科学与信息图示 / 分类与关系图,按当前导航约定归类,不适用,1,7,7,3,4,3,0,0,0,0,0,0
白果,B2-1-096,食物与食材,食物与食材 / 植物性食材 / 坚果仁与种仁,按当前导航约定归类,不适用,1,9,9,5,7,2,0,0,0,0,0,0
直柄开口扳手,B2-1-097,器具与设备,器具与设备 / 手工工具 / 扳手与套筒,按当前导航约定归类,不适用,1,8,8,4,6,0,0,0,0,0,0,0
禁止触摸标志,B2-1-101,图像与标识,图像与标识 / 公共标志 / 禁止标志,按当前导航约定归类,不适用,1,8,8,8,8,4,1,0,0,0,0,0
禁止超车标志,B2-1-102,图像与标识,图像与标识 / 公共标志 / 禁止标志,按当前导航约定归类,不适用,1,9,9,7,7,5,1,0,0,0,0,0
禁止非机动车标志,B2-1-103,图像与标识,图像与标识 / 公共标志 / 禁止标志,按当前导航约定归类,不适用,1,9,9,5,6,3,0,0,0,0,0,0
空心菜,B2-1-104,植物,植物 / 草本与藤本植物 / 蔬菜与豆类植物,按当前导航约定归类,未核验到种,1,10,10,5,9,2,0,0,0,0,0,0
笛子,B2-1-105,器具与设备,器具与设备 / 乐器 / 吹管乐器,按当前导航约定归类,不适用,1,27,27,21,23,17,6,0,0,0,0,0
紧急出口标志,B2-1-106,图像与标识,图像与标识 / 公共标志 / 疏散标志,按当前导航约定归类,不适用,1,6,6,3,5,3,1,0,0,0,0,0
红外耳温枪,B2-1-107,器具与设备,器具与设备 / 医学与实验设备 / 体温测量设备,按当前导航约定归类,不适用,1,9,9,6,6,3,0,0,0,0,0,0
红绿灯,B2-1-108,器具与设备,器具与设备 / 信号设备 / 交通信号灯,按当前导航约定归类,不适用,1,10,10,7,10,5,1,0,0,0,0,0
组织架构图,B2-1-109,图像与标识,图像与标识 / 科学与信息图示 / 分类与关系图,按当前导航约定归类,不适用,1,8,8,7,8,5,1,0,0,0,0,0
美洲狮捕猎,B2-1-111,动物,动物 / 哺乳动物 / 野生猫科动物,按当前导航约定归类,未核验到种,1,10,10,8,9,3,1,0,0,0,0,0
羽毛球场,B2-1-112,建筑与设施,建筑与设施 / 体育与活动设施 / 运动场地,按当前导航约定归类,不适用,1,10,10,5,10,5,0,0,0,0,0,0
背后击掌,B2-1-113,活动与场景,活动与场景 / 互动动作 / 击掌,按当前导航约定归类,不适用,1,10,10,9,9,3,2,0,0,0,0,0
脊柱侧弯,B2-1-114,人物与人体,人物与人体 / 身体状况 / 骨骼与脊柱状态,按当前导航约定归类,不适用,1,10,10,8,8,4,0,0,0,0,0,0
舞龙舞狮,B2-1-115,活动与场景,活动与场景 / 民俗与公共活动 / 节庆活动,按当前导航约定归类,不适用,1,77,56,55,56,50,30,0,0,0,1,0
花滑冰鞋白色鞋靴,B2-1-116,器具与设备,器具与设备 / 体育器材 / 冰鞋,按当前导航约定归类,不适用,1,8,7,3,4,0,0,0,0,0,0,0
花蜜取食,B2-1-117,活动与场景,活动与场景 / 动物行为 / 取食与活动,按当前导航约定归类,不适用,1,9,9,7,9,4,0,0,0,0,0,0
荸荠,B2-1-119,植物,植物 / 植物部位 / 根与茎,按当前导航约定归类,未核验到种,1,10,10,7,8,4,1,0,0,0,0,0
蒜香烤馒头片,B2-1-121,食物与食材,食物与食材 / 米面食品 / 面包与烤饼,按当前导航约定归类,不适用,1,6,6,4,4,0,0,0,0,0,0,0
蓑衣,B2-1-122,服饰与造型,服饰与造型 / 服装 / 传统与民族服装,按当前导航约定归类,不适用,1,8,8,8,8,4,0,0,0,0,0,0
蛙泳技术,B2-1-123,活动与场景,活动与场景 / 体育活动 / 游泳与跳水,按当前导航约定归类,不适用,1,7,7,4,6,2,0,0,0,0,0,0
蛙泳节奏,B2-1-124,抽象与文化主题,抽象与文化主题 / 学科与规则 / 运动规则与技巧,需要明确视觉载体,不适用,1,6,6,3,4,0,0,0,0,0,0,0
蛙泳训练,B2-1-125,活动与场景,活动与场景 / 体育活动 / 游泳与跳水,按当前导航约定归类,不适用,1,8,8,5,8,2,2,0,0,0,0,0
西瓜虫,B2-1-126,动物,动物 / 节肢动物 / 甲壳动物,按当前导航约定归类,未核验到种,1,11,11,8,9,2,1,0,0,0,0,0
豆沙包,B2-1-127,食物与食材,食物与食材 / 米面食品 / 包子与馒头,按当前导航约定归类,不适用,1,10,10,9,9,5,2,0,0,0,0,0
象棋棋盘,B2-1-128,器具与设备,器具与设备 / 游戏器材 / 棋盘,按当前导航约定归类,不适用,1,10,10,6,8,3,2,0,0,0,0,0
货运马车,B2-1-129,交通工具,交通工具 / 陆地车辆 / 畜力车辆,按当前导航约定归类,不适用,1,10,10,8,8,2,1,0,0,0,0,0
走珠香水,B2-1-130,器具与设备,器具与设备 / 个护与日用工具 / 香氛用品,按当前导航约定归类,不适用,1,10,10,6,8,1,0,0,0,0,0,0
赵州桥,B2-1-131,建筑与设施,建筑与设施 / 桥梁 / 具名桥梁,按当前导航约定归类,不适用,1,15,15,14,15,9,3,0,0,0,1,0
跳水评分,B2-1-132,抽象与文化主题,抽象与文化主题 / 学科与规则 / 运动规则与技巧,需要明确视觉载体,不适用,1,8,8,4,4,2,0,0,0,0,0,0
轮滑鞋护具套装,B2-1-133,器具与设备,器具与设备 / 体育器材 / 轮滑鞋与护具,按当前导航约定归类,不适用,1,11,11,7,8,1,1,0,0,0,0,0
迷你切碎机,B2-1-134,器具与设备,器具与设备 / 家用电器 / 厨房电器,按当前导航约定归类,不适用,1,10,10,8,8,3,2,0,0,0,0,0
那达慕大会,B2-1-135,活动与场景,活动与场景 / 民俗与公共活动 / 节庆活动,按当前导航约定归类,不适用,1,17,17,10,15,7,4,0,0,0,1,0
重装战马,B2-1-136,动物,动物 / 哺乳动物 / 马与驴类,按当前导航约定归类,未核验到种,1,12,12,10,10,2,0,0,0,0,0,0
铁丝停立,B2-1-137,活动与场景,活动与场景 / 动物行为 / 取食与活动,按当前导航约定归类,不适用,1,8,8,6,6,1,0,0,0,0,0,0
铁制长镰刀,B2-1-138,器具与设备,器具与设备 / 手工工具 / 镰刀与农用刀具,按当前导航约定归类,不适用,1,8,8,6,6,3,2,0,0,0,0,0
铃鼓,B2-1-139,器具与设备,器具与设备 / 乐器 / 打击乐器,按当前导航约定归类,不适用,1,9,9,4,8,4,1,0,0,0,0,0
镰刀,B2-1-140,器具与设备,器具与设备 / 手工工具 / 镰刀与农用刀具,按当前导航约定归类,不适用,1,10,10,8,9,3,3,0,0,0,0,0
长臂六角扳手,B2-1-141,器具与设备,器具与设备 / 手工工具 / 扳手与套筒,按当前导航约定归类,不适用,1,7,7,6,6,0,0,0,0,0,0,0
长臂猿,B2-1-142,动物,动物 / 哺乳动物 / 灵长类动物,按当前导航约定归类,未明确到种,1,9,9,8,8,3,1,0,0,0,0,0
雪豹捕猎,B2-1-143,动物,动物 / 哺乳动物 / 野生猫科动物,按当前导航约定归类,未核验到种,1,10,10,8,8,3,0,0,0,0,0,0
青椒肉丝刀削面,B2-1-144,食物与食材,食物与食材 / 米面食品 / 面条与意面,按当前导航约定归类,不适用,1,7,7,5,5,2,0,0,0,0,0,0
面包厨刀,B2-1-145,器具与设备,器具与设备 / 餐厨与日用器具 / 刀具,按当前导航约定归类,不适用,1,10,10,7,8,3,0,0,0,0,0,0
韭菜,B2-1-146,植物,植物 / 草本与藤本植物 / 蔬菜与豆类植物,按当前导航约定归类,未核验到种,1,11,11,2,7,2,0,0,0,0,0,0
飓风眼,B2-1-147,自然环境与物质,自然环境与物质 / 天气现象 / 热带气旋,按当前导航约定归类,不适用,1,8,6,4,6,1,1,0,0,0,0,0
驴打滚,B2-1-148,食物与食材,食物与食材 / 米面食品 / 糕团与粽子,按当前导航约定归类,不适用,1,12,12,10,10,3,0,0,0,0,1,0
鸳鸯眼西伯利亚哈士奇,B2-1-149,动物,动物 / 哺乳动物 / 家犬与犬品种,按当前导航约定归类,品种或栽培类型,1,8,8,4,4,1,0,0,0,0,0,0
鼠妇,B2-1-150,动物,动物 / 节肢动物 / 甲壳动物,按当前导航约定归类,未明确到种,1,11,11,7,8,2,0,0,0,0,0,0
龙须糖,B2-1-151,食物与食材,食物与食材 / 糕点与甜品 / 糖果与甜食,按当前导航约定归类,不适用,1,10,10,8,8,2,1,0,0,0,0,0
1米跳板跳水,B2-2-001,活动与场景,活动与场景 / 体育活动 / 游泳与跳水,按当前导航约定归类,不适用,2,9,9,5,5,1,1,0,0,0,0,0
24寸断线钳,B2-2-002,器具与设备,器具与设备 / 手工工具 / 钳具,按当前导航约定归类,不适用,2,8,8,6,8,3,0,0,0,0,0,0
35mm胶片相机,B2-2-003,器具与设备,器具与设备 / 摄影器材 / 胶片相机,按当前导航约定归类,不适用,2,10,10,10,10,6,0,0,0,0,0,0
Apple Turnover,B2-2-004,食物与食材,食物与食材 / 糕点与甜品 / 酥点与糕点,按当前导航约定归类,不适用,2,2,2,0,1,0,0,0,0,0,0,0
End Cutter,B2-2-005,器具与设备,器具与设备 / 手工工具 / 钳具,按当前导航约定归类,不适用,2,1,1,1,1,0,0,0,0,0,0,0
Fixed Blade Hunting Knife,B2-2-006,器具与设备,器具与设备 / 手工工具 / 户外刀具,按当前导航约定归类,不适用,2,2,2,0,2,0,0,0,0,0,0,0
Freestyle Swimming,B2-2-007,活动与场景,活动与场景 / 体育活动 / 游泳与跳水,按当前导航约定归类,不适用,2,1,1,0,0,0,0,0,0,0,0,0
Garlic Soft Pretzel,B2-2-008,食物与食材,食物与食材 / 米面食品 / 面包与烤饼,按当前导航约定归类,不适用,2,2,2,0,2,0,0,0,0,0,0,0
Hedgehog Curled Up,B2-2-009,动物,动物 / 哺乳动物 / 刺猬类,按当前导航约定归类,未明确到种,2,2,2,2,2,1,0,0,0,0,0,0
Ice Hole Swimming,B2-2-010,活动与场景,活动与场景 / 体育活动 / 游泳与跳水,按当前导航约定归类,不适用,2,1,1,0,1,0,0,0,0,0,0,0
Inchworm Walking,B2-2-011,动物,动物 / 节肢动物 / 蝶蛾及其幼虫,按当前导航约定归类,未明确到种,2,4,4,4,4,2,0,0,0,0,0,0
Irish Water Spaniel Rat Tail,B2-2-012,动物,动物 / 哺乳动物 / 家犬与犬品种,按当前导航约定归类,品种或栽培类型,2,2,2,0,2,0,0,0,0,0,0,0
Knitting Needles,B2-2-013,器具与设备,器具与设备 / 个护与日用工具 / 针织工具,按当前导航约定归类,不适用,2,2,2,2,2,2,0,0,0,0,0,0
Metal Spokeshave,B2-2-014,器具与设备,器具与设备 / 手工工具 / 刨削工具,按当前导航约定归类,不适用,2,2,2,0,0,0,0,0,0,0,0,0
Mini Pita,B2-2-015,食物与食材,食物与食材 / 米面食品 / 面包与烤饼,按当前导航约定归类,不适用,2,2,2,0,0,0,0,0,0,0,0,0
Network Diagram,B2-2-016,图像与标识,图像与标识 / 科学与信息图示 / 分类与关系图,按当前导航约定归类,不适用,2,2,2,0,2,0,0,0,0,0,0,0
Ounce Cat,B2-2-017,动物,动物 / 哺乳动物 / 野生猫科动物,按当前导航约定归类,未核验到种,2,2,2,2,2,0,0,0,0,0,0,0
Pediment,B2-2-018,建筑与设施,建筑与设施 / 建筑结构 / 山墙与柱廊,按当前导航约定归类,不适用,2,3,3,3,3,3,1,0,0,0,0,0
Pepperoni Pizza (New York),B2-2-019,食物与食材,食物与食材 / 米面食品 / 披萨,按当前导航约定归类,不适用,2,2,2,2,2,2,0,0,0,0,0,0
Plough Horse,B2-2-020,动物,动物 / 哺乳动物 / 马与驴类,按当前导航约定归类,未核验到种,2,1,1,1,1,1,0,0,0,0,0,0
Pygmy Rattlesnake Population Distribution,B2-2-021,图像与标识,图像与标识 / 科学与信息图示 / 分布图与数据图,按当前导航约定归类,不适用,2,1,1,1,1,1,0,0,0,0,0,0
Sake Carafe,B2-2-023,器具与设备,器具与设备 / 餐厨与日用器具 / 壶与瓶,按当前导航约定归类,不适用,2,1,1,0,1,0,0,0,0,0,0,0
Stuffed Meatloaf,B2-2-024,食物与食材,食物与食材 / 菜肴 / 肉类烤制菜肴,按当前导航约定归类,不适用,2,1,1,1,1,0,0,0,0,0,0,0
The Steerage,B2-2-025,图像与标识,图像与标识 / 艺术图像 / 摄影作品,按当前导航约定归类,不适用,2,1,1,0,0,0,0,0,0,0,0,0
Tomato And Eggplant Stew,B2-2-026,食物与食材,食物与食材 / 菜肴 / 炖菜与火锅,按当前导航约定归类,不适用,2,1,1,0,0,0,0,0,0,0,0,0
Tourne Knife,B2-2-027,器具与设备,器具与设备 / 餐厨与日用器具 / 刀具,按当前导航约定归类,不适用,2,2,2,2,2,2,1,0,0,0,0,0
T型六角扳手,B2-2-028,器具与设备,器具与设备 / 手工工具 / 扳手与套筒,按当前导航约定归类,不适用,2,10,10,8,10,2,1,0,0,0,0,0
Vegetable Terrine,B2-2-029,食物与食材,食物与食材 / 菜肴 / 陶罐菜与冷盘,按当前导航约定归类,不适用,2,2,2,0,0,0,0,0,0,0,0,0
Whole Wheat Matzo,B2-2-030,食物与食材,食物与食材 / 米面食品 / 面包与烤饼,按当前导航约定归类,不适用,2,2,2,0,2,0,0,0,0,0,0,0
《天鹅湖》,B2-2-031,抽象与文化主题,抽象与文化主题 / 文本与叙事 / 传说与作品,需要明确视觉载体,不适用,2,5,5,4,5,0,0,0,0,0,0,0
一垒垒包垫,B2-2-032,器具与设备,器具与设备 / 体育器材 / 球类运动装备,按当前导航约定归类,不适用,2,6,6,4,6,0,0,0,0,0,0,0
一垒安全垒包,B2-2-033,器具与设备,器具与设备 / 体育器材 / 球类运动装备,按当前导航约定归类,不适用,2,8,8,4,7,1,0,0,0,0,0,0
一级方程式大奖赛,B2-2-034,活动与场景,活动与场景 / 体育活动 / 马术与赛车,按当前导航约定归类,不适用,2,9,9,8,8,4,1,0,0,0,0,0
三十三孔桥,B2-2-035,建筑与设施,建筑与设施 / 桥梁 / 具名桥梁,按当前导航约定归类,不适用,2,54,53,28,51,25,15,0,0,0,1,0
三彩马,B2-2-036,艺术与装饰品,艺术与装饰品 / 雕塑与立体作品 / 雕塑及装置作品,按当前导航约定归类,不适用,2,62,58,46,57,42,29,0,0,0,1,0
三德厨刀,B2-2-037,器具与设备,器具与设备 / 餐厨与日用器具 / 刀具,按当前导航约定归类,不适用,2,10,10,9,10,4,1,0,0,0,0,0
三文鱼刀,B2-2-038,器具与设备,器具与设备 / 餐厨与日用器具 / 刀具,按当前导航约定归类,不适用,2,10,10,10,10,6,1,0,0,0,0,0
三星堆,B2-2-039,建筑与设施,建筑与设施 / 遗址 / 建筑与聚落遗址,按当前导航约定归类,不适用,2,7,7,5,6,3,2,0,0,0,1,0
三星堆金杖,B2-2-040,艺术与装饰品,艺术与装饰品 / 文物器物 / 金属饰件与仪仗,按当前导航约定归类,不适用,2,31,31,28,29,22,9,0,0,0,1,0
三星堆金面具,B2-2-041,艺术与装饰品,艺术与装饰品 / 文物器物 / 面具与葬具,按当前导航约定归类,不适用,2,70,69,62,67,59,43,0,0,0,1,0
三江岜团风雨桥,B2-2-042,建筑与设施,建筑与设施 / 桥梁 / 具名桥梁,按当前导航约定归类,不适用,2,4,4,1,2,0,0,0,0,0,0,0
三角帆家庭巡航船,B2-2-043,交通工具,交通工具 / 水上交通工具 / 帆船,按当前导航约定归类,不适用,2,8,8,2,5,2,0,0,0,0,0,0
上海青,B2-2-045,植物,植物 / 草本与藤本植物 / 蔬菜与豆类植物,按当前导航约定归类,未核验到种,2,10,10,6,8,1,1,0,0,0,0,0
下楼梯的裸女（杜尚）,B2-2-046,图像与标识,图像与标识 / 艺术图像 / 绘画与版画作品,按当前导航约定归类,不适用,2,52,33,14,33,10,5,0,0,0,1,0
不锈钢啤酒杯,B2-2-047,器具与设备,器具与设备 / 餐厨与日用器具 / 杯具,按当前导航约定归类,不适用,2,10,10,10,10,5,0,0,0,0,0,0
不锈钢安全剃刀,B2-2-048,器具与设备,器具与设备 / 个护与日用工具 / 剃须器具,按当前导航约定归类,不适用,2,8,8,7,8,3,0,0,0,0,0,0
东海道五十三次系列,B2-2-050,图像与标识,图像与标识 / 艺术图像 / 绘画与版画作品,按当前导航约定归类,不适用,2,15,15,10,13,9,2,0,0,0,1,0
中国鹅喙瘤,B2-2-053,动物,动物 / 鸟类 / 鸭雁类,按当前导航约定归类,未核验到种,2,8,8,4,4,2,1,0,0,0,0,0
中山装,B2-2-055,服饰与造型,服饰与造型 / 服装 / 传统与民族服装,按当前导航约定归类,不适用,2,52,36,34,34,31,15,0,0,0,1,0
丹麦热狗面包,B2-2-057,食物与食材,食物与食材 / 米面食品 / 面包与烤饼,按当前导航约定归类,不适用,2,10,10,10,10,6,1,0,0,0,0,0
丽江古城,B2-2-058,建筑与设施,建筑与设施 / 建筑与建筑群 / 古城与历史街区,按当前导航约定归类,不适用,2,76,76,59,76,55,42,0,0,0,1,0
乌尔金字形神塔,B2-2-059,建筑与设施,建筑与设施 / 建筑与建筑群 / 塔与纪念构筑物,按当前导航约定归类,不适用,2,8,8,8,8,4,3,0,0,0,1,0
乌斯马尔总督宫,B2-2-060,建筑与设施,建筑与设施 / 建筑与建筑群 / 宫殿与官邸,按当前导航约定归类,不适用,2,5,5,4,4,2,0,0,0,0,1,0
乒乓菊,B2-2-061,植物,植物 / 草本与藤本植物 / 观花与观叶草本,按当前导航约定归类,未核验到种,2,10,10,8,8,6,4,0,0,0,0,0
九成宫醴泉铭,B2-2-062,图像与标识,图像与标识 / 艺术图像 / 书法与拓本,需要上下文,不适用,2,53,52,49,51,43,18,0,0,0,1,0
九色鹿本生图,B2-2-063,图像与标识,图像与标识 / 艺术图像 / 绘画与版画作品,按当前导航约定归类,不适用,2,31,31,29,31,24,17,0,0,0,1,0
乳钉纹铜爵,B2-2-064,艺术与装饰品,艺术与装饰品 / 文物器物 / 容器与礼器,按当前导航约定归类,不适用,2,57,56,55,56,51,35,0,0,0,1,0
乾隆大阅图（郎世宁）,B2-2-065,图像与标识,图像与标识 / 艺术图像 / 绘画与版画作品,按当前导航约定归类,不适用,2,47,46,43,44,40,32,0,0,0,1,0
云冈石窟大佛,B2-2-066,艺术与装饰品,艺术与装饰品 / 雕塑与立体作品 / 雕塑及装置作品,按当前导航约定归类,不适用,2,15,15,14,15,11,3,0,0,0,1,0
云片糕,B2-2-067,食物与食材,食物与食材 / 米面食品 / 糕团与粽子,按当前导航约定归类,不适用,2,7,7,7,7,2,2,0,0,0,0,0
云门（卡普尔）,B2-2-068,艺术与装饰品,艺术与装饰品 / 雕塑与立体作品 / 雕塑及装置作品,按当前导航约定归类,不适用,2,54,51,19,50,14,11,0,0,0,1,0
云隙光,B2-2-069,自然环境与物质,自然环境与物质 / 天气现象 / 光学现象,按当前导航约定归类,不适用,2,11,11,7,7,5,1,0,0,0,0,0
五彩线,B2-2-070,艺术与装饰品,艺术与装饰品 / 工艺品 / 织绣与编织,按当前导航约定归类,不适用,2,8,8,6,6,3,0,0,0,0,0,0
五牛图（韩滉）,B2-2-071,图像与标识,图像与标识 / 艺术图像 / 绘画与版画作品,按当前导航约定归类,不适用,2,24,24,22,24,16,11,0,0,0,1,0
五股辫,B2-2-072,服饰与造型,服饰与造型 / 发型 / 编发,按当前导航约定归类,不适用,2,12,12,10,10,3,0,0,0,0,0,0
亚历山大三世桥,B2-2-073,建筑与设施,建筑与设施 / 桥梁 / 具名桥梁,按当前导航约定归类,不适用,2,83,79,75,77,74,56,0,0,0,1,0
亚历山大灯塔,B2-2-074,建筑与设施,建筑与设施 / 建筑与建筑群 / 塔与纪念构筑物,按当前导航约定归类,不适用,2,17,17,15,16,8,4,0,0,0,1,0
亚当与夏娃（丢勒）,B2-2-075,图像与标识,图像与标识 / 艺术图像 / 绘画与版画作品,按当前导航约定归类,不适用,2,42,41,40,41,33,26,0,0,0,1,0
亚述猎狮浮雕,B2-2-076,艺术与装饰品,艺术与装饰品 / 雕塑与立体作品 / 雕塑及装置作品,按当前导航约定归类,不适用,2,5,5,4,4,2,0,0,0,0,1,0
亚长牛尊,B2-2-077,艺术与装饰品,艺术与装饰品 / 文物器物 / 容器与礼器,按当前导航约定归类,不适用,2,54,53,37,53,32,18,0,0,0,1,0
亡灵节祭坛,B2-2-078,活动与场景,活动与场景 / 民俗与公共活动 / 祭祀布置,按当前导航约定归类,不适用,2,4,4,4,4,3,0,0,0,0,0,0
交响乐团,B2-2-079,人物与人体,人物与人体 / 人物组合 / 乐团,按当前导航约定归类,不适用,2,8,8,8,8,4,0,0,0,0,0,0
京都御所,B2-2-081,建筑与设施,建筑与设施 / 建筑与建筑群 / 宫殿与官邸,按当前导航约定归类,不适用,2,8,8,8,8,6,3,0,0,0,1,0
人心果,B2-2-082,植物,植物 / 木本植物 / 果树,按当前导航约定归类,未核验到种,2,10,10,6,6,2,1,0,0,0,0,0
代尔夫特风景（维米尔）,B2-2-083,图像与标识,图像与标识 / 艺术图像 / 绘画与版画作品,按当前导航约定归类,不适用,2,39,39,39,39,36,30,0,0,0,1,0
仰光大金塔,B2-2-084,建筑与设施,建筑与设施 / 建筑与建筑群 / 塔与纪念构筑物,按当前导航约定归类,不适用,2,51,48,31,37,28,21,0,0,0,1,0
仰泳打腿,B2-2-085,活动与场景,活动与场景 / 体育活动 / 游泳与跳水,按当前导航约定归类,不适用,2,6,6,4,4,0,0,0,0,0,0,0
仰泳比赛,B2-2-086,活动与场景,活动与场景 / 体育活动 / 游泳与跳水,按当前导航约定归类,不适用,2,10,10,5,6,4,0,0,0,0,0,0
仰泳转身,B2-2-087,活动与场景,活动与场景 / 体育活动 / 游泳与跳水,按当前导航约定归类,不适用,2,7,7,3,3,2,0,0,0,0,0,0
伊什塔尔城门,B2-2-088,建筑与设施,建筑与设施 / 建筑与建筑群 / 亭阁与城门,按当前导航约定归类,不适用,2,8,8,5,8,2,1,0,0,0,1,0
伊斯兰建筑学,B2-2-089,抽象与文化主题,抽象与文化主题 / 学科与规则 / 建筑学与理论,需要明确视觉载体,不适用,2,8,8,6,8,1,0,0,0,0,0,0
伊玛目清真寺,B2-2-090,建筑与设施,建筑与设施 / 宗教建筑 / 清真寺,按当前导航约定归类,不适用,2,48,47,23,46,21,12,0,0,0,1,0
传统无酵饼,B2-2-091,食物与食材,食物与食材 / 米面食品 / 面包与烤饼,按当前导航约定归类,不适用,2,6,6,3,4,2,0,0,0,0,0,0
传统爱尔兰苏打面包,B2-2-092,食物与食材,食物与食材 / 米面食品 / 面包与烤饼,按当前导航约定归类,不适用,2,8,8,7,8,4,0,0,0,0,0,0
伦敦塔,B2-2-093,建筑与设施,建筑与设施 / 建筑与建筑群 / 城堡与防御建筑,按当前导航约定归类,不适用,2,40,37,36,36,34,26,0,0,0,1,0
伯恩山犬胸前十字,B2-2-094,动物,动物 / 哺乳动物 / 家犬与犬品种,按当前导航约定归类,品种或栽培类型,2,8,8,6,6,3,2,0,0,0,0,0
伸缩臂式高空作业车,B2-2-095,器具与设备,器具与设备 / 机械与作业设备 / 升降与顶升设备,按当前导航约定归类,不适用,2,7,7,5,6,0,0,0,0,0,0,0
低五击掌,B2-2-096,活动与场景,活动与场景 / 互动动作 / 击掌,按当前导航约定归类,不适用,2,4,4,3,4,2,1,0,0,0,0,0
何尊,B2-2-097,艺术与装饰品,艺术与装饰品 / 文物器物 / 容器与礼器,按当前导航约定归类,不适用,2,120,100,93,98,90,72,0,0,0,1,0
佛光寺,B2-2-098,建筑与设施,建筑与设施 / 宗教建筑 / 寺庙与神庙,按当前导航约定归类,不适用,2,61,61,61,61,56,48,0,0,0,1,0
佛国寺,B2-2-099,建筑与设施,建筑与设施 / 宗教建筑 / 寺庙与神庙,按当前导航约定归类,不适用,2,44,44,43,43,37,28,0,0,0,1,0
佛罗伦萨圣母百花大教堂,B2-2-100,建筑与设施,建筑与设施 / 宗教建筑 / 教堂,按当前导航约定归类,不适用,2,71,53,48,53,46,40,0,0,0,1,0
佛罗伦萨韦奇奥桥,B2-2-101,建筑与设施,建筑与设施 / 桥梁 / 具名桥梁,按当前导航约定归类,不适用,2,9,9,9,9,8,1,0,0,0,0,0
作册般鼋,B2-2-102,艺术与装饰品,艺术与装饰品 / 雕塑与立体作品 / 动物形文物,按当前导航约定归类,不适用,2,32,32,16,30,12,4,0,0,0,1,0
佩特拉古城,B2-2-103,建筑与设施,建筑与设施 / 遗址 / 建筑与聚落遗址,按当前导航约定归类,不适用,2,90,89,85,89,83,73,0,0,0,1,0
佩蒂刀,B2-2-104,器具与设备,器具与设备 / 餐厨与日用器具 / 刀具,按当前导航约定归类,不适用,2,10,10,9,10,3,1,0,0,0,0,0
使用圆锯切割木材,B2-2-105,活动与场景,活动与场景 / 工具使用 / 切割与加工,按当前导航约定归类,不适用,2,10,10,8,8,2,2,0,0,0,0,0
使用轨道锯,B2-2-106,活动与场景,活动与场景 / 工具使用 / 切割与加工,按当前导航约定归类,不适用,2,6,6,6,6,2,2,0,0,0,0,0
便携瓷砖切割机,B2-2-107,器具与设备,器具与设备 / 机械与作业设备 / 切割设备,按当前导航约定归类,不适用,2,9,9,9,9,4,2,0,0,0,0,0
俄罗斯帝王蟹,B2-2-108,动物,动物 / 节肢动物 / 甲壳动物,按当前导航约定归类,范围待确认,2,10,10,7,8,3,0,0,0,0,0,0
保时捷911,B2-2-109,交通工具,交通工具 / 陆地车辆 / 乘用汽车,按当前导航约定归类,不适用,2,13,13,13,13,11,9,0,0,0,1,0
倒牛奶的女仆（维米尔）,B2-2-110,图像与标识,图像与标识 / 艺术图像 / 绘画与版画作品,按当前导航约定归类,不适用,2,108,106,101,105,97,82,0,0,0,1,0
停车场车位线,B2-2-111,图像与标识,图像与标识 / 道路标线 / 路面标记,按当前导航约定归类,不适用,2,8,8,4,8,2,1,0,0,0,0,0
傣族筒裙,B2-2-112,服饰与造型,服饰与造型 / 服装 / 传统与民族服装,按当前导航约定归类,不适用,2,12,12,10,12,4,1,0,0,0,0,0
僧帽水母,B2-2-113,动物,动物 / 其他无脊椎动物 / 刺胞动物,按当前导航约定归类,未核验到种,2,11,11,9,9,5,2,0,0,0,0,0
儿童本垒板,B2-2-114,器具与设备,器具与设备 / 体育器材 / 球类运动装备,按当前导航约定归类,不适用,2,8,8,6,8,3,0,0,0,0,0,0
元青花四爱图梅瓶,B2-2-115,艺术与装饰品,艺术与装饰品 / 工艺品 / 陶瓷器与陶瓷工艺,按当前导航约定归类,不适用,2,63,63,53,61,50,37,0,0,0,1,0
克里特岛米诺斯王宫,B2-2-116,建筑与设施,建筑与设施 / 建筑与建筑群 / 宫殿与官邸,按当前导航约定归类,不适用,2,6,6,6,6,4,1,0,0,0,1,0
全麦皮塔饼,B2-2-117,食物与食材,食物与食材 / 米面食品 / 面包与烤饼,按当前导航约定归类,不适用,2,7,7,7,7,2,0,0,0,0,0,0
全麦葡萄干面包,B2-2-118,食物与食材,食物与食材 / 米面食品 / 面包与烤饼,按当前导航约定归类,不适用,2,7,7,4,5,2,1,0,0,0,0,0
八宝饭,B2-2-119,食物与食材,食物与食材 / 米面食品 / 糕团与粽子,按当前导航约定归类,不适用,2,8,8,8,8,4,1,0,0,0,0,0
八角冷凿,B2-2-120,器具与设备,器具与设备 / 手工工具 / 凿削工具,按当前导航约定归类,不适用,2,8,8,8,8,6,0,0,0,0,0,0
公猫绝育,B2-2-121,活动与场景,活动与场景 / 医疗操作 / 手术,按当前导航约定归类,不适用,2,10,10,8,10,3,0,0,0,0,0,0
兰州中山桥,B2-2-122,建筑与设施,建筑与设施 / 桥梁 / 具名桥梁,按当前导航约定归类,不适用,2,9,9,9,9,3,1,0,0,0,0,0
兰州黄河母亲雕塑,B2-2-123,艺术与装饰品,艺术与装饰品 / 雕塑与立体作品 / 雕塑及装置作品,按当前导航约定归类,不适用,2,78,78,50,78,45,36,0,0,0,1,0
兼六园,B2-2-124,建筑与设施,建筑与设施 / 建筑与建筑群 / 园林与公园,按当前导航约定归类,不适用,2,50,50,49,49,44,35,0,0,0,1,0
内六角扳手,B2-2-125,器具与设备,器具与设备 / 手工工具 / 扳手与套筒,按当前导航约定归类,不适用,2,12,12,9,12,4,0,0,0,0,0,0
内置闪光灯相机,B2-2-126,器具与设备,器具与设备 / 摄影器材 / 照相机,按当前导航约定归类,不适用,2,9,9,9,9,4,2,0,0,0,0,0
军号演奏场景,B2-2-127,活动与场景,活动与场景 / 音乐活动 / 乐器演奏,按当前导航约定归类,不适用,2,6,6,2,3,0,0,0,0,0,0,0
军舰鸟红色喉囊,B2-2-128,动物,动物 / 鸟类 / 塘鹅、鹈鹕、鸬鹚与军舰鸟,按当前导航约定归类,未明确到种,2,10,10,8,10,2,0,0,0,0,0,0
农场役马,B2-2-129,动物,动物 / 哺乳动物 / 马与驴类,按当前导航约定归类,未核验到种,2,10,10,6,10,6,0,0,0,0,0,0
农场砍刀,B2-2-130,器具与设备,器具与设备 / 手工工具 / 镰刀与农用刀具,按当前导航约定归类,不适用,2,8,8,7,8,2,0,0,0,0,0,0
农民婚礼（勃鲁盖尔）,B2-2-131,图像与标识,图像与标识 / 艺术图像 / 绘画与版画作品,按当前导航约定归类,不适用,2,24,23,23,23,21,8,0,0,0,1,0
冠蓝鸦黑色颈环,B2-2-132,动物,动物 / 鸟类 / 雀形目鸟类,按当前导航约定归类,未核验到种,2,8,8,4,6,0,0,0,0,0,0,0
冰湖游泳,B2-2-133,活动与场景,活动与场景 / 体育活动 / 游泳与跳水,按当前导航约定归类,不适用,2,8,8,8,8,5,1,0,0,0,0,0
冰球场地,B2-2-134,建筑与设施,建筑与设施 / 体育与活动设施 / 运动场地,按当前导航约定归类,不适用,2,11,11,8,9,6,1,0,0,0,0,0
冰球杆,B2-2-135,器具与设备,器具与设备 / 体育器材 / 球类运动装备,按当前导航约定归类,不适用,2,10,10,7,10,5,1,0,0,0,0,0
冰球鞋,B2-2-136,器具与设备,器具与设备 / 体育器材 / 冰鞋,按当前导航约定归类,不适用,2,8,8,2,8,2,0,0,0,0,0,0
冰皮月饼,B2-2-137,食物与食材,食物与食材 / 糕点与甜品 / 月饼,按当前导航约定归类,不适用,2,8,8,7,7,4,3,0,0,0,0,0
冰锤,B2-2-138,器具与设备,器具与设备 / 体育器材 / 攀登与滑雪器具,按当前导航约定归类,不适用,2,9,9,7,7,2,0,0,0,0,0,0
冻雨,B2-2-139,自然环境与物质,自然环境与物质 / 天气现象 / 风暴与降水,按当前导航约定归类,不适用,2,10,10,8,8,3,1,0,0,0,0,0
减震自行车座,B2-2-140,交通工具,交通工具 / 交通工具部件 / 座椅与乘坐部件,按当前导航约定归类,不适用,2,10,10,10,10,4,0,0,0,0,0,0
凡尔赛宫,B2-2-141,建筑与设施,建筑与设施 / 建筑与建筑群 / 宫殿与官邸,按当前导航约定归类,不适用,2,15,15,14,15,10,6,0,0,0,1,0
凡尔赛花园,B2-2-142,建筑与设施,建筑与设施 / 建筑与建筑群 / 园林与公园,按当前导航约定归类,不适用,2,47,44,44,44,40,31,0,0,0,1,0
凤凰古城,B2-2-143,建筑与设施,建筑与设施 / 建筑与建筑群 / 古城与历史街区,按当前导航约定归类,不适用,2,57,56,55,56,52,39,0,0,0,1,0
凤梨酥,B2-2-144,食物与食材,食物与食材 / 糕点与甜品 / 酥点与糕点,按当前导航约定归类,不适用,2,12,12,10,10,5,2,0,0,0,1,0
凯风快晴（红富士）,B2-2-145,图像与标识,图像与标识 / 艺术图像 / 绘画与版画作品,按当前导航约定归类,不适用,2,17,16,14,16,7,4,0,0,0,1,0
击掌技巧,B2-2-146,抽象与文化主题,抽象与文化主题 / 学科与规则 / 运动规则与技巧,需要明确视觉载体,不适用,2,6,6,3,5,1,0,0,0,0,0,0
划船机,B2-2-147,器具与设备,器具与设备 / 体育器材 / 力量与健身器械,按当前导航约定归类,不适用,2,14,14,11,14,10,5,0,0,0,0,0
创造亚当,B2-2-148,图像与标识,图像与标识 / 艺术图像 / 绘画与版画作品,按当前导航约定归类,不适用,2,58,41,9,39,6,3,0,0,0,1,0
制动鼓,B2-2-149,交通工具,交通工具 / 交通工具部件 / 汽车部件,按当前导航约定归类,不适用,2,10,10,8,8,6,1,0,0,0,0,0
剪纸动物,B2-2-152,艺术与装饰品,艺术与装饰品 / 工艺品 / 剪纸,按当前导航约定归类,不适用,2,8,8,4,4,2,0,0,0,0,0,0
割草长镰,B2-2-153,器具与设备,器具与设备 / 手工工具 / 镰刀与农用刀具,按当前导航约定归类,不适用,2,8,8,8,8,1,0,0,0,0,0,0
割麦长镰,B2-2-154,器具与设备,器具与设备 / 手工工具 / 镰刀与农用刀具,按当前导航约定归类,不适用,2,6,6,6,6,5,0,0,0,0,0,0
力量训练架,B2-2-155,器具与设备,器具与设备 / 体育器材 / 力量与健身器械,按当前导航约定归类,不适用,2,10,10,8,8,6,2,0,0,0,0,0
加拿大猞猁长耳簇,B2-2-156,动物,动物 / 哺乳动物 / 野生猫科动物,按当前导航约定归类,未核验到种,2,6,6,3,6,0,0,0,0,0,0,0
加热豆浆机,B2-2-157,器具与设备,器具与设备 / 家用电器 / 厨房电器,按当前导航约定归类,不适用,2,12,11,8,11,5,1,0,0,0,0,0
加特林机枪,B2-2-158,器具与设备,器具与设备 / 武器与防护装备 / 枪械,按当前导航约定归类,不适用,2,6,6,3,5,2,1,0,0,0,1,0
动物细胞,B2-2-159,微观生物结构,微观生物结构 / 细胞结构 / 细胞与细胞骨架,按当前导航约定归类,不适用,2,8,8,3,6,1,0,0,0,0,0,0
包胶杠铃片,B2-2-160,器具与设备,器具与设备 / 体育器材 / 力量与健身器械,按当前导航约定归类,不适用,2,10,10,8,10,5,0,0,0,0,0,0
匈牙利圣冠,B2-2-161,服饰与造型,服饰与造型 / 佩戴饰品 / 冠饰,按当前导航约定归类,不适用,2,31,30,27,29,22,13,0,0,0,1,0
匈牙利浓炖菜,B2-2-162,食物与食材,食物与食材 / 菜肴 / 炖菜与火锅,按当前导航约定归类,不适用,2,6,6,4,4,2,0,0,0,0,0,0
匕首刃,B2-2-163,器具与设备,器具与设备 / 武器与防护装备 / 武器部件,按当前导航约定归类,不适用,2,10,10,6,8,4,3,0,0,0,0,0
匕首护手,B2-2-164,器具与设备,器具与设备 / 武器与防护装备 / 武器部件,按当前导航约定归类,不适用,2,12,12,10,10,5,1,0,0,0,0,0
北京定陵,B2-2-165,建筑与设施,建筑与设施 / 建筑与建筑群 / 陵墓与墓葬建筑,按当前导航约定归类,不适用,2,6,6,4,4,3,1,0,0,0,0,0
北宋汝窑青瓷无纹水仙盆,B2-2-166,艺术与装饰品,艺术与装饰品 / 工艺品 / 陶瓷器与陶瓷工艺,按当前导航约定归类,不适用,2,40,37,19,35,15,4,0,0,0,1,0
北盘江大桥,B2-2-167,建筑与设施,建筑与设施 / 桥梁 / 具名桥梁,按当前导航约定归类,不适用,2,40,39,35,39,32,26,0,0,0,1,0
十七孔桥,B2-2-168,建筑与设施,建筑与设施 / 桥梁 / 具名桥梁,按当前导航约定归类,不适用,2,78,72,42,71,37,29,0,0,0,1,0
千斤顶,B2-2-169,器具与设备,器具与设备 / 机械与作业设备 / 升降与顶升设备,按当前导航约定归类,不适用,2,10,10,7,8,5,1,0,0,0,0,0
单刃雪茄剪,B2-2-170,器具与设备,器具与设备 / 个护与日用工具 / 雪茄剪,按当前导航约定归类,不适用,2,8,8,7,8,2,0,0,0,0,0,0
单反胶片相机,B2-2-171,器具与设备,器具与设备 / 摄影器材 / 胶片相机,按当前导航约定归类,不适用,2,10,10,7,10,4,1,0,0,0,0,0
单面安全剃刀,B2-2-174,器具与设备,器具与设备 / 个护与日用工具 / 剃须器具,按当前导航约定归类,不适用,2,8,8,6,6,0,0,0,0,0,0,0
南京大胜关长江大桥,B2-2-175,建筑与设施,建筑与设施 / 桥梁 / 具名桥梁,按当前导航约定归类,不适用,2,10,10,9,10,7,0,0,0,0,0,0
南瓜千层面,B2-2-176,食物与食材,食物与食材 / 米面食品 / 面条与意面,按当前导航约定归类,不适用,2,9,9,8,8,5,1,0,0,0,0,0
南瓜空心烤饼,B2-2-177,食物与食材,食物与食材 / 米面食品 / 面包与烤饼,按当前导航约定归类,不适用,2,7,6,4,4,1,0,0,0,0,0,0
南越王丝缕玉衣,B2-2-178,艺术与装饰品,艺术与装饰品 / 文物器物 / 玉石器,按当前导航约定归类,不适用,2,12,12,12,12,7,1,0,0,0,1,0
卡波耶拉乐器,B2-2-179,器具与设备,器具与设备 / 乐器 / 乐器组合,按当前导航约定归类,不适用,2,9,9,6,6,6,2,0,0,0,0,0
卡纳克神庙,B2-2-180,建筑与设施,建筑与设施 / 宗教建筑 / 寺庙与神庙,按当前导航约定归类,不适用,2,100,94,93,94,91,68,0,0,0,1,0
卡蒂萨克号,B2-2-181,交通工具,交通工具 / 水上交通工具 / 帆船,按当前导航约定归类,不适用,2,7,7,6,6,4,2,0,0,0,1,0
厚蜜糖肉桂卷,B2-2-184,食物与食材,食物与食材 / 米面食品 / 面包与烤饼,按当前导航约定归类,不适用,2,6,6,4,4,1,0,0,0,0,0,0
原味空心烤饼,B2-2-185,食物与食材,食物与食材 / 米面食品 / 面包与烤饼,按当前导航约定归类,不适用,2,5,5,4,4,0,0,0,0,0,0,0
原味软椒盐卷饼,B2-2-186,食物与食材,食物与食材 / 米面食品 / 面包与烤饼,按当前导航约定归类,不适用,2,6,6,0,4,0,0,0,0,0,0,0
县道,B2-2-187,建筑与设施,建筑与设施 / 交通与水工设施 / 道路与隧道,按当前导航约定归类,不适用,2,9,9,8,9,7,4,0,0,0,0,0
双刃投掷斧,B2-2-188,器具与设备,器具与设备 / 武器与防护装备 / 刀剑与战斧,按当前导航约定归类,不适用,2,7,7,4,5,1,0,0,0,0,0,0
双刃雪茄剪,B2-2-189,器具与设备,器具与设备 / 个护与日用工具 / 雪茄剪,按当前导航约定归类,不适用,2,10,10,7,10,3,0,0,0,0,0,0
双喜图（崔白）,B2-2-190,图像与标识,图像与标识 / 艺术图像 / 绘画与版画作品,按当前导航约定归类,不适用,2,51,49,49,49,45,33,0,0,0,1,0
双层厚毛型萨摩耶,B2-2-191,动物,动物 / 哺乳动物 / 家犬与犬品种,按当前导航约定归类,品种或栽培类型,2,7,7,6,7,3,0,0,0,0,0,0
双手战斧,B2-2-192,器具与设备,器具与设备 / 武器与防护装备 / 刀剑与战斧,按当前导航约定归类,不适用,2,10,10,10,10,4,1,0,0,0,0,0
双排轮滑鞋刹车块,B2-2-193,器具与设备,器具与设备 / 体育器材 / 轮滑装备部件,按当前导航约定归类,不适用,2,8,8,6,8,1,0,0,0,0,0,0
双排轮滑鞋底座,B2-2-194,器具与设备,器具与设备 / 体育器材 / 轮滑装备部件,按当前导航约定归类,不适用,2,8,8,8,8,5,3,0,0,0,0,0
双排轮滑鞋止刹器,B2-2-195,器具与设备,器具与设备 / 体育器材 / 轮滑装备部件,按当前导航约定归类,不适用,2,8,8,6,8,2,0,0,0,0,0,0
双柄辐刨,B2-2-196,器具与设备,器具与设备 / 手工工具 / 刨削工具,按当前导航约定归类,不适用,2,8,8,4,8,1,0,0,0,0,0,0
双簧管演奏者表演,B2-2-197,活动与场景,活动与场景 / 音乐活动 / 乐器演奏,按当前导航约定归类,不适用,2,8,8,4,4,1,0,0,0,0,0,0
双褐眼哈士奇,B2-2-198,动物,动物 / 哺乳动物 / 家犬与犬品种,按当前导航约定归类,品种或栽培类型,2,8,8,7,8,1,0,0,0,0,0,0
双驾拉车马,B2-2-199,动物,动物 / 哺乳动物 / 马与驴类,按当前导航约定归类,未核验到种,2,8,8,4,4,0,0,0,0,0,0,0
双麻花辫,B2-2-200,服饰与造型,服饰与造型 / 发型 / 编发,按当前导航约定归类,不适用,2,10,10,10,10,6,3,0,0,0,0,0
反曲刀,B2-2-201,器具与设备,器具与设备 / 手工工具 / 户外刀具,按当前导航约定归类,不适用,2,10,10,6,8,2,0,0,0,0,0,0
发糕,B2-2-202,食物与食材,食物与食材 / 米面食品 / 糕团与粽子,按当前导航约定归类,不适用,2,10,10,7,8,4,1,0,0,0,0,0
口鼻吸入雾化器,B2-2-203,器具与设备,器具与设备 / 医学与实验设备 / 雾化治疗设备,按当前导航约定归类,不适用,2,9,9,8,9,3,0,0,0,0,0,0
古典建筑学,B2-2-204,抽象与文化主题,抽象与文化主题 / 学科与规则 / 建筑学与理论,需要明确视觉载体,不适用,2,9,9,7,7,2,1,0,0,0,0,0
古埃及圣甲虫印章,B2-2-205,艺术与装饰品,艺术与装饰品 / 钱币与印信 / 印章与封泥,按当前导航约定归类,不适用,2,59,59,59,59,55,42,0,0,0,1,0
古埃尔公园,B2-2-206,建筑与设施,建筑与设施 / 建筑与建筑群 / 园林与公园,按当前导航约定归类,不适用,2,67,58,37,58,34,23,0,0,0,1,0
可可树果实,B2-2-207,植物,植物 / 植物部位 / 果实,按当前导航约定归类,未核验到种,2,10,10,7,10,4,1,0,0,0,0,0
可可树老茎结果,B2-2-208,植物,植物 / 生长与繁殖状态 / 结果方式,按当前导航约定归类,未核验到种,2,8,8,6,6,0,0,0,0,0,0,0
可换刀片直剃刀,B2-2-209,器具与设备,器具与设备 / 个护与日用工具 / 剃须器具,按当前导航约定归类,不适用,2,8,8,8,8,2,0,0,0,0,0,0
可滑动座椅,B2-2-210,器具与设备,器具与设备 / 家具 / 座椅,按当前导航约定归类,不适用,2,10,9,9,9,5,2,0,0,0,0,0
可视空气炸锅,B2-2-211,器具与设备,器具与设备 / 家用电器 / 厨房电器,按当前导航约定归类,不适用,2,10,10,10,10,9,0,0,0,0,0,0
可露丽模具,B2-2-212,器具与设备,器具与设备 / 餐厨与日用器具 / 模具,按当前导航约定归类,不适用,2,9,9,9,9,5,0,0,0,0,0,0
台北101,B2-2-213,建筑与设施,建筑与设施 / 建筑与建筑群 / 公共与商业建筑,按当前导航约定归类,不适用,2,51,40,38,38,34,28,0,0,0,1,0
台式钻孔器,B2-2-214,器具与设备,器具与设备 / 机械与作业设备 / 钻孔设备,按当前导航约定归类,不适用,2,8,8,6,8,3,0,0,0,0,0,0
右手棒球手套,B2-2-215,器具与设备,器具与设备 / 体育器材 / 球类运动装备,按当前导航约定归类,不适用,2,10,10,6,8,5,1,0,0,0,0,0
叶子虫,B2-2-216,动物,动物 / 节肢动物 / 多足与其他节肢动物,按当前导航约定归类,未明确到种,2,10,10,8,8,6,1,0,0,0,0,0
叹息桥,B2-2-217,建筑与设施,建筑与设施 / 桥梁 / 具名桥梁,按当前导航约定归类,不适用,2,44,42,40,42,33,26,0,0,0,1,0
吉他手造型,B2-2-218,人物与人体,人物与人体 / 人物身份 / 音乐演奏者,按当前导航约定归类,不适用,2,8,8,7,8,3,0,0,0,0,0,0
吉他演奏,B2-2-219,活动与场景,活动与场景 / 音乐活动 / 乐器演奏,按当前导航约定归类,不适用,2,9,9,7,7,6,1,0,0,0,0,0
吉隆坡双子塔,B2-2-220,建筑与设施,建筑与设施 / 建筑与建筑群 / 公共与商业建筑,按当前导航约定归类,不适用,2,62,62,62,62,55,45,0,0,0,1,0
吊扇,B2-2-221,器具与设备,器具与设备 / 环境调节设备 / 风扇,按当前导航约定归类,不适用,2,10,10,8,8,5,1,0,0,0,0,0
吴门桥,B2-2-222,建筑与设施,建筑与设施 / 桥梁 / 具名桥梁,按当前导航约定归类,不适用,2,10,10,8,8,6,1,0,0,0,0,0
吻（克里姆特）,B2-2-223,图像与标识,图像与标识 / 艺术图像 / 绘画与版画作品,按当前导航约定归类,不适用,2,59,43,29,43,26,21,0,0,0,1,0
周庄,B2-2-224,建筑与设施,建筑与设施 / 建筑与建筑群 / 古城与历史街区,按当前导航约定归类,不适用,2,81,80,76,80,71,49,0,0,0,1,0
周易,B2-2-225,抽象与文化主题,抽象与文化主题 / 文本与叙事 / 传说与作品,需要明确视觉载体,不适用,2,34,33,30,31,26,12,0,0,0,1,0
味噌乌冬面,B2-2-226,食物与食材,食物与食材 / 米面食品 / 面条与意面,按当前导航约定归类,不适用,2,6,6,6,6,3,1,0,0,0,0,0
味噌拉面,B2-2-227,食物与食材,食物与食材 / 米面食品 / 面条与意面,按当前导航约定归类,不适用,2,3,3,2,2,0,0,0,0,0,0,0
呼吸管,B2-2-228,器具与设备,器具与设备 / 体育器材 / 水上运动器具,按当前导航约定归类,不适用,2,10,10,10,10,6,0,0,0,0,0,0
咖啡,B2-2-229,食物与食材,食物与食材 / 饮品 / 咖啡,按当前导航约定归类,不适用,2,12,12,5,9,3,2,0,0,0,0,0
咖啡奶油泡芙,B2-2-230,食物与食材,食物与食材 / 糕点与甜品 / 泡芙,按当前导航约定归类,不适用,2,8,8,6,6,2,0,0,0,0,0,0
咖喱乌冬面,B2-2-231,食物与食材,食物与食材 / 米面食品 / 面条与意面,按当前导航约定归类,不适用,2,7,7,7,7,2,1,0,0,0,0,0
咖喱荞麦面,B2-2-232,食物与食材,食物与食材 / 米面食品 / 面条与意面,按当前导航约定归类,不适用,2,9,9,9,9,5,1,0,0,0,0,0
哈特谢普苏特神庙,B2-2-233,建筑与设施,建筑与设施 / 宗教建筑 / 寺庙与神庙,按当前导航约定归类,不适用,2,8,8,7,7,6,2,0,0,0,1,0
响板,B2-2-234,器具与设备,器具与设备 / 乐器 / 打击乐器,按当前导航约定归类,不适用,2,10,10,6,8,2,1,0,0,0,0,0
唐三彩骆驼,B2-2-235,艺术与装饰品,艺术与装饰品 / 雕塑与立体作品 / 雕塑及装置作品,按当前导航约定归类,不适用,2,45,42,17,42,11,6,0,0,0,1,0
唐三彩骆驼载乐俑,B2-2-236,艺术与装饰品,艺术与装饰品 / 雕塑与立体作品 / 雕塑及装置作品,按当前导航约定归类,不适用,2,45,41,28,38,26,17,0,0,0,1,0
唐代彩凤鸣岐琴,B2-2-237,器具与设备,器具与设备 / 乐器 / 弹拨与拉弦乐器,按当前导航约定归类,不适用,2,33,33,25,31,22,16,0,0,0,1,0
唐代联珠对鸟纹锦,B2-2-238,艺术与装饰品,艺术与装饰品 / 工艺品 / 织绣与编织,按当前导航约定归类,不适用,2,114,103,97,103,93,74,0,0,0,1,0
唐昭陵六骏,B2-2-239,艺术与装饰品,艺术与装饰品 / 雕塑与立体作品 / 雕塑及装置作品,按当前导航约定归类,不适用,2,14,14,11,13,6,1,0,0,0,1,0
喀斯特天生桥,B2-2-242,自然环境与物质,自然环境与物质 / 地形与地貌 / 喀斯特地貌,按当前导航约定归类,不适用,2,8,8,8,8,6,1,0,0,0,0,0
喀斯特峡谷,B2-2-243,自然环境与物质,自然环境与物质 / 地形与地貌 / 喀斯特地貌,按当前导航约定归类,不适用,2,9,9,6,7,3,1,0,0,0,0,0
四河喷泉（贝尼尼）,B2-2-244,艺术与装饰品,艺术与装饰品 / 雕塑与立体作品 / 雕塑及装置作品,按当前导航约定归类,不适用,2,33,30,24,28,21,12,0,0,0,1,0
四羊方尊,B2-2-245,艺术与装饰品,艺术与装饰品 / 文物器物 / 容器与礼器,按当前导航约定归类,不适用,2,16,16,12,16,11,3,0,0,0,1,0
四骑士（丢勒）,B2-2-246,图像与标识,图像与标识 / 艺术图像 / 绘画与版画作品,按当前导航约定归类,不适用,2,100,99,72,98,68,50,0,0,0,1,0
因果图,B2-2-247,图像与标识,图像与标识 / 科学与信息图示 / 分类与关系图,按当前导航约定归类,不适用,2,8,8,8,8,4,0,0,0,0,0,0
围栏柱洞挖掘器,B2-2-248,器具与设备,器具与设备 / 手工工具 / 挖掘工具,按当前导航约定归类,不适用,2,4,4,4,4,2,0,0,0,0,0,0
固底蛋糕模,B2-2-249,器具与设备,器具与设备 / 餐厨与日用器具 / 模具,按当前导航约定归类,不适用,2,10,10,10,10,4,3,0,0,0,0,0
图坦卡蒙墓,B2-2-251,建筑与设施,建筑与设施 / 建筑与建筑群 / 陵墓与墓葬建筑,按当前导航约定归类,不适用,2,5,5,5,5,2,1,0,0,0,1,0
图坦卡蒙金棺,B2-2-252,艺术与装饰品,艺术与装饰品 / 文物器物 / 面具与葬具,按当前导航约定归类,不适用,2,40,38,36,36,30,24,0,0,0,1,0
图坦卡蒙黄金面具,B2-2-253,艺术与装饰品,艺术与装饰品 / 文物器物 / 面具与葬具,按当前导航约定归类,不适用,2,16,15,15,15,10,2,0,0,0,1,0
圆号喇叭口,B2-2-254,器具与设备,器具与设备 / 乐器 / 乐器部件与配套设备,按当前导航约定归类,不适用,2,6,6,2,4,0,0,0,0,0,0,0
圆号演奏场景,B2-2-255,活动与场景,活动与场景 / 音乐活动 / 乐器演奏,按当前导航约定归类,不适用,2,6,6,3,4,0,0,0,0,0,0,0
圆号独奏,B2-2-256,活动与场景,活动与场景 / 音乐活动 / 乐器演奏,按当前导航约定归类,不适用,2,8,8,5,6,2,0,0,0,0,0,0
圆头锤,B2-2-257,器具与设备,器具与设备 / 手工工具 / 锤斧与敲击工具,按当前导航约定归类,不适用,2,12,12,11,12,6,1,0,0,0,0,0
圆网蛛结网,B2-2-258,动物,动物 / 节肢动物 / 蛛形动物,按当前导航约定归类,未明确到种,2,6,6,4,4,1,0,0,0,0,0,0
土豆古拉什,B2-2-259,食物与食材,食物与食材 / 菜肴 / 炖菜与火锅,按当前导航约定归类,不适用,2,10,10,6,8,2,0,0,0,0,0,0
土豆西西里厚底,B2-2-260,食物与食材,食物与食材 / 米面食品 / 披萨,按当前导航约定归类,不适用,2,8,8,4,6,2,0,0,0,0,0,0
圣乔治（多纳泰罗）,B2-2-261,艺术与装饰品,艺术与装饰品 / 雕塑与立体作品 / 雕塑及装置作品,按当前导航约定归类,不适用,2,47,46,34,42,31,24,0,0,0,1,0
圣伯纳犬巨大体型,B2-2-262,动物,动物 / 哺乳动物 / 家犬与犬品种,按当前导航约定归类,品种或栽培类型,2,6,6,4,6,0,0,0,0,0,0,0
圣伯纳犬雪山背景,B2-2-263,动物,动物 / 哺乳动物 / 家犬与犬品种,按当前导航约定归类,品种或栽培类型,2,9,9,7,9,3,0,0,0,0,0,0
圣墓教堂,B2-2-264,建筑与设施,建筑与设施 / 宗教建筑 / 教堂,按当前导航约定归类,不适用,2,49,46,42,45,40,34,0,0,0,1,0
圣母怜子像,B2-2-265,艺术与装饰品,艺术与装饰品 / 雕塑与立体作品 / 雕塑及装置作品,按当前导航约定归类,不适用,2,82,79,42,77,41,33,0,0,0,1,0
圣母百花大教堂,B2-2-266,建筑与设施,建筑与设施 / 宗教建筑 / 教堂,按当前导航约定归类,不适用,2,73,58,52,58,49,42,0,0,0,1,0
圣索菲亚大教堂,B2-2-267,建筑与设施,建筑与设施 / 宗教建筑 / 教堂,按当前导航约定归类,不适用,2,15,15,14,14,9,4,0,0,0,1,0
圣诞市集,B2-2-268,活动与场景,活动与场景 / 民俗与公共活动 / 节庆活动,按当前导航约定归类,不适用,2,8,8,3,6,1,1,0,0,0,0,0
地中海蔬菜杂烩,B2-2-269,食物与食材,食物与食材 / 菜肴 / 炖菜与火锅,按当前导航约定归类,不适用,2,12,12,8,10,5,0,0,0,0,0,0
地垄沟侧辫,B2-2-270,服饰与造型,服饰与造型 / 发型 / 编发,按当前导航约定归类,不适用,2,6,6,6,6,3,1,0,0,0,0,0
地钻,B2-2-271,器具与设备,器具与设备 / 机械与作业设备 / 钻孔设备,按当前导航约定归类,不适用,2,10,10,7,8,5,0,0,0,0,0,0
坐姿划船训练器,B2-2-272,器具与设备,器具与设备 / 体育器材 / 力量与健身器械,按当前导航约定归类,不适用,2,10,10,10,10,5,2,0,0,0,0,0
垂死的高卢人,B2-2-274,艺术与装饰品,艺术与装饰品 / 雕塑与立体作品 / 雕塑及装置作品,按当前导航约定归类,不适用,2,19,18,17,18,11,6,0,0,0,1,0
垂耳型拳师犬,B2-2-275,动物,动物 / 哺乳动物 / 家犬与犬品种,按当前导航约定归类,品种或栽培类型,2,6,6,3,4,0,0,0,0,0,0,0
埃兹纳,B2-2-276,建筑与设施,建筑与设施 / 遗址 / 建筑与聚落遗址,按当前导航约定归类,不适用,2,9,9,9,9,7,1,0,0,0,1,0
埃及木乃伊文化,B2-2-277,抽象与文化主题,抽象与文化主题 / 历史与文化主题 / 文明与历史时期,需要明确视觉载体,不适用,2,11,11,10,10,8,7,0,0,0,1,0
埃洛拉石窟,B2-2-278,建筑与设施,建筑与设施 / 宗教建筑 / 石窟与岩凿建筑,按当前导航约定归类,不适用,2,7,7,4,7,4,0,0,0,0,1,0
埃洛拉石窟凯拉萨神庙,B2-2-279,建筑与设施,建筑与设施 / 宗教建筑 / 石窟与岩凿建筑,按当前导航约定归类,不适用,2,41,41,38,41,36,23,0,0,0,1,0
基克拉泽斯竖琴师雕像,B2-2-280,艺术与装饰品,艺术与装饰品 / 雕塑与立体作品 / 雕塑及装置作品,按当前导航约定归类,不适用,2,5,5,5,5,2,1,0,0,0,1,0
堆高机,B2-2-281,器具与设备,器具与设备 / 机械与作业设备 / 升降与顶升设备,按当前导航约定归类,不适用,2,10,10,7,8,6,1,0,0,0,0,0
堤防,B2-2-282,建筑与设施,建筑与设施 / 交通与水工设施 / 堤岸与挡土设施,按当前导航约定归类,不适用,2,10,10,9,10,9,2,0,0,0,0,0
塔式起重机,B2-2-284,器具与设备,器具与设备 / 机械与作业设备 / 起重设备,按当前导航约定归类,不适用,2,9,9,9,9,4,0,0,0,0,0,0
塞戈维亚引水桥,B2-2-285,建筑与设施,建筑与设施 / 桥梁 / 具名桥梁,按当前导航约定归类,不适用,2,10,10,8,8,4,0,0,0,0,0,0
墨丘利（詹博洛尼亚）,B2-2-286,艺术与装饰品,艺术与装饰品 / 雕塑与立体作品 / 雕塑及装置作品,按当前导航约定归类,不适用,2,64,62,58,60,52,40,0,0,0,1,0
墨西哥鹰洋,B2-2-287,艺术与装饰品,艺术与装饰品 / 钱币与印信 / 货币与金银锭,按当前导航约定归类,不适用,2,73,73,73,73,68,52,0,0,0,1,0
壶铃,B2-2-288,器具与设备,器具与设备 / 体育器材 / 力量与健身器械,按当前导航约定归类,不适用,2,11,11,11,11,8,4,0,0,0,0,0
大卫像,B2-2-289,艺术与装饰品,艺术与装饰品 / 雕塑与立体作品 / 雕塑及装置作品,按当前导航约定归类,不适用,2,23,23,19,20,14,10,0,0,0,1,0
大卫（米开朗基罗）,B2-2-290,艺术与装饰品,艺术与装饰品 / 雕塑与立体作品 / 雕塑及装置作品,按当前导航约定归类,不适用,2,151,137,127,136,126,118,0,0,0,1,0
大号水豚,B2-2-291,动物,动物 / 哺乳动物 / 啮齿动物,按当前导航约定归类,未核验到种,2,8,8,6,6,3,1,0,0,0,0,0
大地湾遗址,B2-2-292,建筑与设施,建筑与设施 / 遗址 / 建筑与聚落遗址,按当前导航约定归类,不适用,2,8,8,7,8,5,2,0,0,0,1,0
大山猫棕色,B2-2-293,动物,动物 / 哺乳动物 / 野生猫科动物,按当前导航约定归类,范围待确认,2,8,8,7,8,1,0,0,0,0,0,0
大山猫短尾,B2-2-294,动物,动物 / 哺乳动物 / 野生猫科动物,按当前导航约定归类,范围待确认,2,8,8,5,8,4,0,0,0,0,0,0
大山猫长耳簇,B2-2-295,动物,动物 / 哺乳动物 / 野生猫科动物,按当前导航约定归类,范围待确认,2,6,6,6,6,2,0,0,0,0,0,0
大明通行宝钞,B2-2-296,艺术与装饰品,艺术与装饰品 / 钱币与印信 / 货币与金银锭,按当前导航约定归类,不适用,2,34,33,31,31,26,17,0,0,0,1,0
大猩猩,B2-2-297,动物,动物 / 哺乳动物 / 灵长类动物,按当前导航约定归类,未明确到种,2,10,10,7,8,6,3,0,0,0,0,0
大理石切割机,B2-2-298,器具与设备,器具与设备 / 机械与作业设备 / 切割设备,按当前导航约定归类,不适用,2,10,10,10,10,7,2,0,0,0,0,0
大白菜,B2-2-299,植物,植物 / 草本与藤本植物 / 蔬菜与豆类植物,按当前导航约定归类,未核验到种,2,9,9,5,9,2,0,0,0,0,0,0
大美洲豹神庙,B2-2-300,建筑与设施,建筑与设施 / 宗教建筑 / 寺庙与神庙,按当前导航约定归类,不适用,2,6,6,5,5,2,0,0,0,0,1,0
大足石刻宝顶山千手观音,B2-2-302,艺术与装饰品,艺术与装饰品 / 雕塑与立体作品 / 雕塑及装置作品,按当前导航约定归类,不适用,2,48,45,45,45,39,27,0,0,0,1,0
大锣,B2-2-303,器具与设备,器具与设备 / 乐器 / 打击乐器,按当前导航约定归类,不适用,2,14,14,8,10,5,1,0,0,0,0,0
大镰刀,B2-2-304,器具与设备,器具与设备 / 手工工具 / 镰刀与农用刀具,按当前导航约定归类,不适用,2,10,10,10,10,7,0,0,0,0,0,0
大雁塔,B2-2-305,建筑与设施,建筑与设施 / 建筑与建筑群 / 塔与纪念构筑物,按当前导航约定归类,不适用,2,81,73,51,73,48,31,0,0,0,1,0
大马士革刀,B2-2-306,器具与设备,器具与设备 / 手工工具 / 户外刀具,按当前导航约定归类,不适用,2,9,9,8,8,5,3,0,0,0,1,0
大马士革厨刀,B2-2-307,器具与设备,器具与设备 / 餐厨与日用器具 / 刀具,按当前导航约定归类,不适用,2,10,10,4,10,4,1,0,0,0,0,0
大马士革纹厨刀,B2-2-308,器具与设备,器具与设备 / 餐厨与日用器具 / 刀具,按当前导航约定归类,不适用,2,10,10,6,10,4,0,0,0,0,0,0
大马士革菜刀,B2-2-309,器具与设备,器具与设备 / 餐厨与日用器具 / 刀具,按当前导航约定归类,不适用,2,10,10,7,10,5,0,0,0,0,0,0
大麦町犬,B2-2-310,动物,动物 / 哺乳动物 / 家犬与犬品种,按当前导航约定归类,品种或栽培类型,2,10,10,9,10,4,0,0,0,0,0,0
大黑背鸥黑色背部,B2-2-311,动物,动物 / 鸟类 / 鸻鹬与鸥类,按当前导航约定归类,未核验到种,2,6,6,4,4,3,1,0,0,0,0,0
天元皇太后玺,B2-2-312,艺术与装饰品,艺术与装饰品 / 钱币与印信 / 印章与封泥,按当前导航约定归类,不适用,2,26,26,20,26,12,5,0,0,0,1,0
天鹅幼鸟游水,B2-2-313,动物,动物 / 鸟类 / 鸭雁类,按当前导航约定归类,未明确到种,2,8,8,4,8,0,0,0,0,0,0,0
太白行吟图（梁楷）,B2-2-314,图像与标识,图像与标识 / 艺术图像 / 绘画与版画作品,按当前导航约定归类,不适用,2,67,67,63,67,58,35,0,0,0,1,0
太阳神鸟金饰,B2-2-315,服饰与造型,服饰与造型 / 佩戴饰品 / 首饰与佩饰,按当前导航约定归类,不适用,2,62,61,57,61,54,34,0,0,0,1,0
夷陵长江大桥,B2-2-316,建筑与设施,建筑与设施 / 桥梁 / 具名桥梁,按当前导航约定归类,不适用,2,10,10,8,8,4,3,0,0,0,0,0
夹胸训练器,B2-2-317,器具与设备,器具与设备 / 体育器材 / 力量与健身器械,按当前导航约定归类,不适用,2,10,10,8,10,4,0,0,0,0,0,0
奇琴伊察,B2-2-318,建筑与设施,建筑与设施 / 遗址 / 建筑与聚落遗址,按当前导航约定归类,不适用,2,79,76,74,75,70,59,0,0,0,1,0
奈费尔提蒂胸像,B2-2-319,艺术与装饰品,艺术与装饰品 / 雕塑与立体作品 / 雕塑及装置作品,按当前导航约定归类,不适用,2,22,22,21,22,15,4,0,0,0,1,0
奥克兰海湾大桥,B2-2-320,建筑与设施,建筑与设施 / 桥梁 / 具名桥梁,按当前导航约定归类,不适用,2,29,29,27,27,25,11,0,0,0,1,0
奥地利塞默灵铁路,B2-2-321,建筑与设施,建筑与设施 / 交通与水工设施 / 道路与隧道,按当前导航约定归类,不适用,2,102,84,81,82,75,60,0,0,0,1,0
奥西里斯,B2-2-322,图像与标识,图像与标识 / 文化图像 / 虚构人物与神祇,按当前导航约定归类,不适用,2,29,29,26,28,17,10,0,0,0,1,0
姬路城,B2-2-324,建筑与设施,建筑与设施 / 建筑与建筑群 / 城堡与防御建筑,按当前导航约定归类,不适用,2,43,43,43,43,38,30,0,0,0,1,0
威士忌小杯,B2-2-325,器具与设备,器具与设备 / 餐厨与日用器具 / 杯具,按当前导航约定归类,不适用,2,10,10,9,10,4,2,0,0,0,0,0
威士忌平底杯,B2-2-326,器具与设备,器具与设备 / 餐厨与日用器具 / 杯具,按当前导航约定归类,不适用,2,8,8,7,8,3,2,0,0,0,0,0
威尼斯里亚托桥,B2-2-327,建筑与设施,建筑与设施 / 桥梁 / 具名桥梁,按当前导航约定归类,不适用,2,10,10,10,10,5,0,0,0,0,0,0
婆罗浮屠,B2-2-328,建筑与设施,建筑与设施 / 宗教建筑 / 寺庙与神庙,按当前导航约定归类,不适用,2,34,30,29,29,24,18,0,0,0,1,0
婴儿固定座椅,B2-2-329,器具与设备,器具与设备 / 家具 / 座椅,按当前导航约定归类,不适用,2,8,8,6,8,2,0,0,0,0,0,0
婴儿弹跳椅,B2-2-330,器具与设备,器具与设备 / 家具 / 座椅,按当前导航约定归类,不适用,2,8,8,8,8,2,0,0,0,0,0,0
婴儿提篮式座椅,B2-2-331,器具与设备,器具与设备 / 家具 / 座椅,按当前导航约定归类,不适用,2,8,8,8,8,3,0,0,0,0,0,0
婴儿浴盆座椅,B2-2-332,器具与设备,器具与设备 / 家具 / 座椅,按当前导航约定归类,不适用,2,12,12,10,11,3,0,0,0,0,0,0
孙像船洋,B2-2-333,艺术与装饰品,艺术与装饰品 / 钱币与印信 / 货币与金银锭,按当前导航约定归类,不适用,2,18,18,18,18,13,6,0,0,0,1,0
孝端皇后九龙九凤冠,B2-2-334,服饰与造型,服饰与造型 / 佩戴饰品 / 冠饰,按当前导航约定归类,不适用,2,49,48,40,47,35,14,0,0,0,1,0
孟加拉虎白色,B2-2-335,动物,动物 / 哺乳动物 / 野生猫科动物,按当前导航约定归类,未核验到种,2,10,10,9,9,7,1,0,0,0,0,0
安卡符号,B2-2-337,图像与标识,图像与标识 / 文化图像 / 符号图形,按当前导航约定归类,不适用,2,7,7,6,6,3,0,0,0,0,1,0
宙斯像（奥林匹亚）,B2-2-338,艺术与装饰品,艺术与装饰品 / 雕塑与立体作品 / 雕塑及装置作品,按当前导航约定归类,不适用,2,67,62,60,60,52,37,0,0,0,1,0
宜兴紫砂,B2-2-339,艺术与装饰品,艺术与装饰品 / 工艺品 / 陶瓷器与陶瓷工艺,按当前导航约定归类,不适用,2,78,77,45,77,43,31,0,0,0,1,0
宝带桥,B2-2-340,建筑与设施,建筑与设施 / 桥梁 / 具名桥梁,按当前导航约定归类,不适用,2,40,37,36,36,30,26,0,0,0,1,0
宣统通宝,B2-2-341,艺术与装饰品,艺术与装饰品 / 钱币与印信 / 货币与金银锭,按当前导航约定归类,不适用,2,35,35,33,35,30,17,0,0,0,1,0
宫灯,B2-2-342,艺术与装饰品,艺术与装饰品 / 工艺品 / 灯彩,按当前导航约定归类,不适用,2,9,9,9,9,3,0,0,0,0,0,0
家养短毛猫幼崽,B2-2-343,动物,动物 / 哺乳动物 / 家猫与猫品种,按当前导航约定归类,品种或栽培类型,2,7,7,4,7,0,0,0,0,0,0,0
家常古拉什,B2-2-344,食物与食材,食物与食材 / 菜肴 / 炖菜与火锅,按当前导航约定归类,不适用,2,9,9,5,9,0,0,0,0,0,0,0
家用中央空调,B2-2-345,器具与设备,器具与设备 / 环境调节设备 / 空调,按当前导航约定归类,不适用,2,10,10,10,10,5,2,0,0,0,0,0
寄生繁殖,B2-2-346,活动与场景,活动与场景 / 动物行为 / 繁殖与生长,按当前导航约定归类,不适用,2,9,9,7,7,4,1,0,0,0,0,0
富岳三十六景（葛饰北斋）,B2-2-348,图像与标识,图像与标识 / 艺术图像 / 绘画与版画作品,按当前导航约定归类,不适用,2,47,47,23,47,19,11,0,0,0,1,0
富春山居图(黄公望),B2-2-349,图像与标识,图像与标识 / 艺术图像 / 绘画与版画作品,按当前导航约定归类,不适用,2,13,13,10,11,6,3,0,0,0,1,0
封泥,B2-2-350,艺术与装饰品,艺术与装饰品 / 钱币与印信 / 印章与封泥,按当前导航约定归类,不适用,2,50,49,49,49,46,34,0,0,0,1,0
小号号嘴,B2-2-351,器具与设备,器具与设备 / 乐器 / 乐器部件与配套设备,按当前导航约定归类,不适用,2,8,8,5,5,3,2,0,0,0,0,0
小号手表演,B2-2-352,活动与场景,活动与场景 / 音乐活动 / 乐器演奏,按当前导航约定归类,不适用,2,10,10,8,10,1,0,0,0,0,0,0
小型飞机机翼,B2-2-353,交通工具,交通工具 / 交通工具部件 / 机翼与机体部件,按当前导航约定归类,不适用,2,10,10,9,10,4,1,0,0,0,0,0
小提琴家写真,B2-2-354,人物与人体,人物与人体 / 人物身份 / 音乐演奏者,按当前导航约定归类,不适用,2,8,8,6,7,4,3,0,0,0,0,0
小提琴演奏者,B2-2-355,人物与人体,人物与人体 / 人物身份 / 音乐演奏者,按当前导航约定归类,不适用,2,10,10,4,10,2,1,0,0,0,0,0
小泡芙,B2-2-356,食物与食材,食物与食材 / 糕点与甜品 / 泡芙,按当前导航约定归类,不适用,2,8,8,7,7,6,1,0,0,0,0,0
小白菜田,B2-2-357,活动与场景,活动与场景 / 农业与园艺场景 / 农田与种植,按当前导航约定归类,不适用,2,10,10,8,9,3,1,0,0,0,0,0
小盲蛛,B2-2-358,动物,动物 / 节肢动物 / 蛛形动物,按当前导航约定归类,未明确到种,2,10,10,2,6,0,0,0,0,0,0,0
小美人鱼铜像,B2-2-359,艺术与装饰品,艺术与装饰品 / 雕塑与立体作品 / 雕塑及装置作品,按当前导航约定归类,不适用,2,23,23,10,22,7,1,0,0,0,1,0
小艾琳（雷诺阿）,B2-2-360,图像与标识,图像与标识 / 艺术图像 / 绘画与版画作品,按当前导航约定归类,不适用,2,54,53,52,53,49,37,0,0,0,1,0
小麦,B2-2-361,植物,植物 / 草本与藤本植物 / 禾本科草本,按当前导航约定归类,未核验到种,2,9,9,6,8,4,0,0,0,0,0,0
尖拱廊,B2-2-362,建筑与设施,建筑与设施 / 建筑结构 / 拱与扶壁,按当前导航约定归类,不适用,2,10,10,5,10,3,3,0,0,0,0,0
尘暴（阿瑟·罗斯坦）,B2-2-363,图像与标识,图像与标识 / 艺术图像 / 摄影作品,按当前导航约定归类,不适用,2,24,23,22,23,19,13,0,0,0,1,0
尼斯普罗旺斯杂烩,B2-2-364,食物与食材,食物与食材 / 菜肴 / 炖菜与火锅,按当前导航约定归类,不适用,2,6,6,6,6,3,2,0,0,0,0,0
屏南万安桥,B2-2-365,建筑与设施,建筑与设施 / 桥梁 / 具名桥梁,按当前导航约定归类,不适用,2,10,10,8,8,6,3,0,0,0,0,0
山海经插图,B2-2-366,图像与标识,图像与标识 / 艺术图像 / 绘画与版画作品,按当前导航约定归类,不适用,2,54,35,30,35,29,18,0,0,0,1,0
山猫耳朵簇毛,B2-2-367,动物,动物 / 哺乳动物 / 野生猫科动物,按当前导航约定归类,范围待确认,2,8,8,4,6,1,0,0,0,0,0,0
岩石圆顶清真寺,B2-2-368,建筑与设施,建筑与设施 / 宗教建筑 / 清真寺,按当前导航约定归类,不适用,2,44,42,39,40,36,15,0,0,0,1,0
岩石杯,B2-2-369,器具与设备,器具与设备 / 餐厨与日用器具 / 杯具,按当前导航约定归类,不适用,2,10,10,10,10,6,1,0,0,0,0,0
岳阳楼,B2-2-370,建筑与设施,建筑与设施 / 建筑与建筑群 / 亭阁与城门,按当前导航约定归类,不适用,2,50,50,47,50,40,29,0,0,0,1,0
巨嘴鸟,B2-2-371,动物,动物 / 鸟类 / 巨嘴鸟与戴胜,按当前导航约定归类,未明确到种,2,10,10,6,8,3,0,0,0,0,0,0
巨犀,B2-2-372,动物,动物 / 古生物及其遗存 / 史前哺乳动物,按当前导航约定归类,范围待确认,2,29,29,26,28,21,16,0,0,0,1,0
巴克斯神庙,B2-2-373,建筑与设施,建筑与设施 / 宗教建筑 / 寺庙与神庙,按当前导航约定归类,不适用,2,8,8,5,6,2,0,0,0,0,0,0
巴勒贝克朱庇特神庙,B2-2-374,建筑与设施,建筑与设施 / 宗教建筑 / 寺庙与神庙,按当前导航约定归类,不适用,2,7,7,3,4,1,0,0,0,0,0,0
巴吉度犬,B2-2-375,动物,动物 / 哺乳动物 / 家犬与犬品种,按当前导航约定归类,品种或栽培类型,2,10,10,7,8,3,0,0,0,0,0,0
巴哥犬,B2-2-376,动物,动物 / 哺乳动物 / 家犬与犬品种,按当前导航约定归类,品种或栽培类型,2,9,9,6,7,3,2,0,0,0,0,0
巴塞罗那德国馆,B2-2-377,建筑与设施,建筑与设施 / 建筑与建筑群 / 公共与商业建筑,按当前导航约定归类,不适用,2,52,52,49,52,45,37,0,0,0,1,0
巴旦木,B2-2-378,食物与食材,食物与食材 / 植物性食材 / 坚果仁与种仁,按当前导航约定归类,不适用,2,10,10,7,8,4,0,0,0,0,0,0
巴特罗之家,B2-2-379,建筑与设施,建筑与设施 / 建筑与建筑群 / 居住建筑,按当前导航约定归类,不适用,2,76,68,46,66,44,35,0,0,0,1,0
巴西坚果面包,B2-2-380,食物与食材,食物与食材 / 米面食品 / 面包与烤饼,按当前导航约定归类,不适用,2,6,6,6,6,3,0,0,0,0,0,0
布达拉宫,B2-2-382,建筑与设施,建筑与设施 / 建筑与建筑群 / 宫殿与官邸,按当前导航约定归类,不适用,2,18,16,13,16,8,6,0,0,0,1,0
帆板板体,B2-2-383,器具与设备,器具与设备 / 体育器材 / 水上运动器具,按当前导航约定归类,不适用,2,8,8,5,6,0,0,0,0,0,0,0
帆板比赛,B2-2-384,活动与场景,活动与场景 / 体育活动 / 水上运动,按当前导航约定归类,不适用,2,8,8,4,4,2,0,0,0,0,0,0
帆板滑浪,B2-2-385,活动与场景,活动与场景 / 体育活动 / 水上运动,按当前导航约定归类,不适用,2,10,10,7,8,4,0,0,0,0,0,0
帆板脚套,B2-2-386,器具与设备,器具与设备 / 体育器材 / 水上运动器具,按当前导航约定归类,不适用,2,8,8,6,6,0,0,0,0,0,0,0
帕卡尔翡翠面具,B2-2-387,艺术与装饰品,艺术与装饰品 / 文物器物 / 面具与葬具,按当前导航约定归类,不适用,2,101,101,101,101,94,72,0,0,0,1,0
帕特农神庙,B2-2-388,建筑与设施,建筑与设施 / 宗教建筑 / 寺庙与神庙,按当前导航约定归类,不适用,2,15,15,11,13,8,5,0,0,0,1,0
帝国大厦,B2-2-389,建筑与设施,建筑与设施 / 建筑与建筑群 / 公共与商业建筑,按当前导航约定归类,不适用,2,171,171,129,156,129,114,0,0,0,1,0
帝王蟹,B2-2-390,动物,动物 / 节肢动物 / 甲壳动物,按当前导航约定归类,范围待确认,2,10,10,8,9,4,0,0,0,0,0,0
帝王谷墓葬群,B2-2-391,建筑与设施,建筑与设施 / 建筑与建筑群 / 陵墓与墓葬建筑,按当前导航约定归类,不适用,2,8,8,6,6,0,0,0,0,0,0,0
带台球袋台球桌,B2-2-392,器具与设备,器具与设备 / 体育器材 / 球桌,按当前导航约定归类,不适用,2,8,8,8,8,3,2,0,0,0,0,0
带导轨瓷砖切割机,B2-2-393,器具与设备,器具与设备 / 机械与作业设备 / 切割设备,按当前导航约定归类,不适用,2,7,7,6,7,2,0,0,0,0,0,0
带护垫击球手套,B2-2-394,器具与设备,器具与设备 / 体育器材 / 球类运动装备,按当前导航约定归类,不适用,2,8,8,8,8,2,0,0,0,0,0,0
带护手冷凿,B2-2-395,器具与设备,器具与设备 / 手工工具 / 凿削工具,按当前导航约定归类,不适用,2,8,8,8,8,1,0,0,0,0,0,0
带柄六角扳手,B2-2-396,器具与设备,器具与设备 / 手工工具 / 扳手与套筒,按当前导航约定归类,不适用,2,10,10,8,10,4,1,0,0,0,0,0
带盖吐司盒,B2-2-397,器具与设备,器具与设备 / 餐厨与日用器具 / 模具,按当前导航约定归类,不适用,2,11,11,11,11,4,2,0,0,0,0,0
带面罩击球头盔,B2-2-398,器具与设备,器具与设备 / 体育器材 / 球类运动装备,按当前导航约定归类,不适用,2,8,8,7,8,3,0,0,0,0,0,0
干草车（康斯太勃尔）,B2-2-399,图像与标识,图像与标识 / 艺术图像 / 绘画与版画作品,按当前导航约定归类,不适用,2,34,33,29,31,25,13,0,0,0,1,0
平直翼,B2-2-400,交通工具,交通工具 / 交通工具部件 / 机翼与机体部件,按当前导航约定归类,不适用,2,9,9,9,9,3,0,0,0,0,0,0
平遥古城,B2-2-401,建筑与设施,建筑与设施 / 建筑与建筑群 / 古城与历史街区,按当前导航约定归类,不适用,2,77,77,73,77,69,46,0,0,0,1,0
年糕,B2-2-402,食物与食材,食物与食材 / 米面食品 / 糕团与粽子,按当前导航约定归类,不适用,2,8,8,4,7,2,0,0,0,0,0,0
幼崽圣伯纳犬,B2-2-403,动物,动物 / 哺乳动物 / 家犬与犬品种,按当前导航约定归类,品种或栽培类型,2,6,6,5,6,1,0,0,0,0,0,0
幼崽大麦町犬,B2-2-404,动物,动物 / 哺乳动物 / 家犬与犬品种,按当前导航约定归类,品种或栽培类型,2,8,8,6,6,1,1,0,0,0,0,0
广州塔,B2-2-405,建筑与设施,建筑与设施 / 建筑与建筑群 / 塔与纪念构筑物,按当前导航约定归类,不适用,2,62,58,49,58,44,28,0,0,0,1,0
广陵王玺,B2-2-406,艺术与装饰品,艺术与装饰品 / 钱币与印信 / 印章与封泥,按当前导航约定归类,不适用,2,17,17,14,15,11,3,0,0,0,1,0
康乃馨、百合与玫瑰（萨金特）,B2-2-407,图像与标识,图像与标识 / 艺术图像 / 绘画与版画作品,按当前导航约定归类,不适用,2,43,24,21,22,18,10,0,0,0,1,0
康熙通宝,B2-2-408,艺术与装饰品,艺术与装饰品 / 钱币与印信 / 货币与金银锭,按当前导航约定归类,不适用,2,61,61,59,59,53,36,0,0,0,1,0
开封铁塔,B2-2-409,建筑与设施,建筑与设施 / 建筑与建筑群 / 塔与纪念构筑物,按当前导航约定归类,不适用,2,15,15,14,15,10,5,0,0,0,1,0
开心果,B2-2-410,食物与食材,食物与食材 / 植物性食材 / 坚果仁与种仁,按当前导航约定归类,不适用,2,10,10,6,8,2,0,0,0,0,0,0
开齿安全剃刀,B2-2-411,器具与设备,器具与设备 / 个护与日用工具 / 剃须器具,按当前导航约定归类,不适用,2,8,8,5,6,2,0,0,0,0,0,0
弓钻,B2-2-412,器具与设备,器具与设备 / 机械与作业设备 / 钻孔设备,按当前导航约定归类,不适用,2,10,10,9,10,3,0,0,0,0,0,0
弧形跑步机,B2-2-413,器具与设备,器具与设备 / 体育器材 / 力量与健身器械,按当前导航约定归类,不适用,2,10,10,10,10,6,3,0,0,0,0,0
弯头开口扳手,B2-2-414,器具与设备,器具与设备 / 手工工具 / 扳手与套筒,按当前导航约定归类,不适用,2,10,10,10,10,3,1,0,0,0,0,0
弯曲金字塔,B2-2-415,建筑与设施,建筑与设施 / 建筑与建筑群 / 陵墓与墓葬建筑,按当前导航约定归类,不适用,2,7,7,5,5,4,2,0,0,0,1,0
弯柄冰镐,B2-2-416,器具与设备,器具与设备 / 体育器材 / 攀登与滑雪器具,按当前导航约定归类,不适用,2,8,8,8,8,2,0,0,0,0,0,0
弹簧,B2-2-417,器具与设备,器具与设备 / 机械零部件 / 紧固与弹性件,按当前导航约定归类,不适用,2,10,10,9,10,5,2,0,0,0,0,0
当心低温标志,B2-2-418,图像与标识,图像与标识 / 公共标志 / 警告标志,按当前导航约定归类,不适用,2,10,10,10,10,6,2,0,0,0,0,0
当心腐蚀标志,B2-2-419,图像与标识,图像与标识 / 公共标志 / 警告标志,按当前导航约定归类,不适用,2,7,7,6,6,2,1,0,0,0,0,0
当心高温标志,B2-2-420,图像与标识,图像与标识 / 公共标志 / 警告标志,按当前导航约定归类,不适用,2,6,6,6,6,2,1,0,0,0,0,0
彩叶芋花田,B2-2-421,活动与场景,活动与场景 / 农业与园艺场景 / 农田与种植,按当前导航约定归类,不适用,2,9,9,7,7,2,1,0,0,0,0,0
彩色反转片,B2-2-422,器具与设备,器具与设备 / 摄影器材 / 胶片与感光材料,按当前导航约定归类,不适用,2,7,7,4,4,2,1,0,0,0,0,0
彩色海葵,B2-2-423,动物,动物 / 其他无脊椎动物 / 刺胞动物,按当前导航约定归类,未明确到种,2,9,9,7,7,4,1,0,0,0,0,0
彩色马天尼杯,B2-2-424,器具与设备,器具与设备 / 餐厨与日用器具 / 杯具,按当前导航约定归类,不适用,2,10,10,8,8,4,2,0,0,0,0,0
彩虹可颂,B2-2-425,食物与食材,食物与食材 / 米面食品 / 面包与烤饼,按当前导航约定归类,不适用,2,6,6,4,5,2,2,0,0,0,0,0
彩虹大桥,B2-2-426,建筑与设施,建筑与设施 / 桥梁 / 具名桥梁,按当前导航约定归类,不适用,2,81,81,79,79,76,66,0,0,0,1,0
彼得霍夫宫花园,B2-2-427,建筑与设施,建筑与设施 / 建筑与建筑群 / 园林与公园,按当前导航约定归类,不适用,2,39,39,39,39,35,25,0,0,0,1,0
德国鲁尔区关税同盟煤矿,B2-2-428,建筑与设施,建筑与设施 / 遗址 / 工业与交通遗产,按当前导航约定归类,不适用,2,15,15,12,13,9,4,0,0,0,1,0
心胸外科手术,B2-2-429,活动与场景,活动与场景 / 医疗操作 / 手术,按当前导航约定归类,不适用,2,10,10,9,10,4,0,0,0,0,0,0
怀表,B2-2-430,器具与设备,器具与设备 / 计时与测量器具 / 钟表与计时器,按当前导航约定归类,不适用,2,10,10,5,8,2,1,0,0,0,0,0
恒温养生壶,B2-2-431,器具与设备,器具与设备 / 家用电器 / 厨房电器,按当前导航约定归类,不适用,2,10,10,9,10,4,1,0,0,0,0,0
恰巴塔,B2-2-432,食物与食材,食物与食材 / 米面食品 / 面包与烤饼,按当前导航约定归类,不适用,2,10,10,8,8,3,2,0,0,0,0,0
悬臂吊,B2-2-433,器具与设备,器具与设备 / 机械与作业设备 / 起重设备,按当前导航约定归类,不适用,2,10,10,8,8,4,1,0,0,0,0,0
意大利辣香肠披萨,B2-2-434,食物与食材,食物与食材 / 米面食品 / 披萨,按当前导航约定归类,不适用,2,8,8,3,6,1,0,0,0,0,0,0
慢炖锅,B2-2-435,器具与设备,器具与设备 / 家用电器 / 厨房电器,按当前导航约定归类,不适用,2,10,10,7,10,2,1,0,0,0,0,0
成人英国式马鞍,B2-2-436,器具与设备,器具与设备 / 体育器材 / 马术与乘骑装备,按当前导航约定归类,不适用,2,6,6,3,6,1,0,0,0,0,0,0
成年绳毛型可蒙犬,B2-2-437,动物,动物 / 哺乳动物 / 家犬与犬品种,按当前导航约定归类,品种或栽培类型,2,4,4,2,4,0,0,0,0,0,0,0
战国彩绘漆木虎座鸟架鼓,B2-2-438,器具与设备,器具与设备 / 乐器 / 打击乐器,按当前导航约定归类,不适用,2,50,49,47,49,43,39,0,0,0,1,0
战绳,B2-2-439,器具与设备,器具与设备 / 体育器材 / 力量与健身器械,按当前导航约定归类,不适用,2,12,12,7,11,4,0,0,0,0,0,0
戴珍珠耳环的少女,B2-2-440,图像与标识,图像与标识 / 艺术图像 / 绘画与版画作品,按当前导航约定归类,不适用,2,24,24,22,22,19,12,0,0,0,1,0
戴珍珠耳环的少女(维米尔),B2-2-441,图像与标识,图像与标识 / 艺术图像 / 绘画与版画作品,按当前导航约定归类,不适用,2,14,14,13,14,11,3,0,0,0,1,0
扁卷螺,B2-2-442,动物,动物 / 其他无脊椎动物 / 软体动物,按当前导航约定归类,范围待确认,2,7,7,4,4,0,0,0,0,0,0,0
手动瓷砖切割机,B2-2-445,器具与设备,器具与设备 / 机械与作业设备 / 切割设备,按当前导航约定归类,不适用,2,10,10,8,10,4,0,0,0,0,0,0
手工竹编篮子,B2-2-446,艺术与装饰品,艺术与装饰品 / 工艺品 / 织绣与编织,按当前导航约定归类,不适用,2,8,7,5,6,2,0,0,0,0,0,0
扫把菌,B2-2-447,真菌,真菌 / 大型真菌 / 齿状及珊瑚状真菌,按当前导航约定归类,未明确到种,2,10,10,8,8,6,0,0,0,0,0,0
扭曲的椭圆（塞拉）,B2-2-448,艺术与装饰品,艺术与装饰品 / 雕塑与立体作品 / 雕塑及装置作品,按当前导航约定归类,不适用,2,43,43,42,43,36,23,0,0,0,1,0
护岸,B2-2-450,建筑与设施,建筑与设施 / 交通与水工设施 / 堤岸与挡土设施,按当前导航约定归类,不适用,2,10,10,8,8,5,3,0,0,0,0,0
披毛犀,B2-2-451,动物,动物 / 古生物及其遗存 / 史前哺乳动物,按当前导航约定归类,未核验到种,2,10,10,9,9,3,0,0,0,0,0,0
拇指西瓜,B2-2-453,食物与食材,食物与食材 / 植物性食材 / 果实食材,按当前导航约定归类,不适用,2,10,10,9,10,5,3,0,0,0,0,0
拉什莫尔山总统像,B2-2-454,艺术与装饰品,艺术与装饰品 / 雕塑与立体作品 / 雕塑及装置作品,按当前导航约定归类,不适用,2,85,85,81,85,75,67,0,0,0,1,0
拉利贝拉岩石教堂,B2-2-455,建筑与设施,建筑与设施 / 宗教建筑 / 教堂,按当前导航约定归类,不适用,2,72,67,64,64,62,53,0,0,0,1,0
拉奥孔群像,B2-2-456,艺术与装饰品,艺术与装饰品 / 雕塑与立体作品 / 雕塑及装置作品,按当前导航约定归类,不适用,2,72,71,69,69,66,56,0,0,0,1,0
拉钻,B2-2-457,器具与设备,器具与设备 / 机械与作业设备 / 钻孔设备,按当前导航约定归类,不适用,2,12,12,9,10,6,2,0,0,0,0,0
拖车式升降平台,B2-2-458,器具与设备,器具与设备 / 机械与作业设备 / 升降与顶升设备,按当前导航约定归类,不适用,2,10,10,8,10,5,0,0,0,0,0,0
拙政园,B2-2-459,建筑与设施,建筑与设施 / 建筑与建筑群 / 园林与公园,按当前导航约定归类,不适用,2,49,47,41,46,39,29,0,0,0,1,0
拱桥钢构段,B2-2-460,建筑与设施,建筑与设施 / 建筑结构 / 梁塔与基础,按当前导航约定归类,不适用,2,8,8,6,8,2,0,0,0,0,0,0
拳击侧辫,B2-2-461,服饰与造型,服饰与造型 / 发型 / 编发,按当前导航约定归类,不适用,2,6,6,3,4,1,1,0,0,0,0,0
拳击台,B2-2-462,建筑与设施,建筑与设施 / 体育与活动设施 / 运动场地,按当前导航约定归类,不适用,2,10,10,9,10,7,2,0,0,0,0,0
拳师犬,B2-2-463,动物,动物 / 哺乳动物 / 家犬与犬品种,按当前导航约定归类,品种或栽培类型,2,10,10,8,8,3,0,0,0,0,0,0
持矛者（波利克里托斯）,B2-2-464,艺术与装饰品,艺术与装饰品 / 雕塑与立体作品 / 雕塑及装置作品,按当前导航约定归类,不适用,2,110,109,103,107,99,91,0,0,0,1,0
指套式血压计,B2-2-465,器具与设备,器具与设备 / 医学与实验设备 / 血压测量设备,按当前导航约定归类,不适用,2,8,8,8,8,1,1,0,0,0,0,0
挖土铲,B2-2-466,器具与设备,器具与设备 / 手工工具 / 挖掘工具,按当前导航约定归类,不适用,2,10,10,10,10,5,1,0,0,0,0,0
挡土墙,B2-2-467,建筑与设施,建筑与设施 / 交通与水工设施 / 堤岸与挡土设施,按当前导航约定归类,不适用,2,10,9,6,7,2,1,0,0,0,0,0
挥扇仕女图（周昉）,B2-2-468,图像与标识,图像与标识 / 艺术图像 / 绘画与版画作品,按当前导航约定归类,不适用,2,50,48,33,48,28,18,0,0,0,1,0
捕手手套,B2-2-469,器具与设备,器具与设备 / 体育器材 / 球类运动装备,按当前导航约定归类,不适用,2,10,9,8,9,5,0,0,0,0,0,0
捕蝇草的叶,B2-2-470,植物,植物 / 植物部位 / 叶,按当前导航约定归类,未核验到种,2,9,9,9,9,4,0,0,0,0,0,0
捕鸟蛛蜕皮,B2-2-471,动物,动物 / 节肢动物 / 蛛形动物,按当前导航约定归类,未明确到种,2,8,8,5,5,3,1,0,0,0,0,0
排箫,B2-2-472,器具与设备,器具与设备 / 乐器 / 吹管乐器,按当前导航约定归类,不适用,2,11,11,6,9,3,0,0,0,0,0,0
插电式剃须刀,B2-2-473,器具与设备,器具与设备 / 个护与日用工具 / 剃须器具,按当前导航约定归类,不适用,2,10,10,9,9,6,0,0,0,0,0,0
摆钟,B2-2-474,器具与设备,器具与设备 / 计时与测量器具 / 钟表与计时器,按当前导航约定归类,不适用,2,10,10,7,9,5,2,0,0,0,0,0
摩天大楼上的午餐,B2-2-475,图像与标识,图像与标识 / 艺术图像 / 摄影作品,按当前导航约定归类,不适用,2,24,24,10,22,6,3,0,0,0,1,0
故宫(紫禁城),B2-2-477,建筑与设施,建筑与设施 / 建筑与建筑群 / 宫殿与官邸,按当前导航约定归类,不适用,2,13,13,6,12,5,2,0,0,0,1,0
散货船,B2-2-478,交通工具,交通工具 / 水上交通工具 / 货船,按当前导航约定归类,不适用,2,8,8,7,8,5,0,0,0,0,0,0
敦煌九色鹿本生故事画,B2-2-479,图像与标识,图像与标识 / 艺术图像 / 绘画与版画作品,按当前导航约定归类,不适用,2,41,40,29,40,23,8,0,0,0,1,0
数码单反相机,B2-2-480,器具与设备,器具与设备 / 摄影器材 / 数码相机,按当前导航约定归类,不适用,2,10,10,7,10,4,1,0,0,0,0,0
文化刀,B2-2-481,器具与设备,器具与设备 / 餐厨与日用器具 / 刀具,按当前导航约定归类,不适用,2,10,10,10,10,4,0,0,0,0,0,0
文字瓦当,B2-2-482,建筑与设施,建筑与设施 / 建筑构件 / 瓦与屋顶构件,按当前导航约定归类,不适用,2,47,47,41,47,37,21,0,0,0,1,0
文帝行玺龙钮金印,B2-2-483,艺术与装饰品,艺术与装饰品 / 钱币与印信 / 印章与封泥,按当前导航约定归类,不适用,2,44,42,26,42,22,17,0,0,0,1,0
斐斯托斯圆盘,B2-2-484,艺术与装饰品,艺术与装饰品 / 文献与刻铭实物 / 碑板与铭刻,按当前导航约定归类,不适用,2,5,5,4,4,4,2,0,0,0,1,0
斜倚的人（亨利·摩尔）,B2-2-485,艺术与装饰品,艺术与装饰品 / 雕塑与立体作品 / 雕塑及装置作品,按当前导航约定归类,不适用,2,27,27,6,25,3,1,0,0,0,1,0
断臂维纳斯,B2-2-487,艺术与装饰品,艺术与装饰品 / 雕塑与立体作品 / 雕塑及装置作品,按当前导航约定归类,不适用,2,23,22,16,20,11,5,0,0,0,1,0
斯托海德花园,B2-2-488,建筑与设施,建筑与设施 / 建筑与建筑群 / 园林与公园,按当前导航约定归类,不适用,2,17,17,16,17,14,5,0,0,0,1,0
斯波德 Blue Italian 系列,B2-2-489,艺术与装饰品,艺术与装饰品 / 工艺品 / 陶瓷器与陶瓷工艺,按当前导航约定归类,不适用,2,9,9,5,9,0,0,0,0,0,1,0
斯波德柳树图案（Willow Pattern）,B2-2-490,艺术与装饰品,艺术与装饰品 / 工艺品 / 陶瓷器与陶瓷工艺,按当前导航约定归类,不适用,2,35,35,22,33,19,13,0,0,0,1,0
斯波德柳树图案（Willow）,B2-2-491,艺术与装饰品,艺术与装饰品 / 工艺品 / 陶瓷器与陶瓷工艺,按当前导航约定归类,不适用,2,59,58,37,54,35,24,0,0,0,1,0
斯波德菲茨休图案（Fitzhugh）,B2-2-492,艺术与装饰品,艺术与装饰品 / 工艺品 / 陶瓷器与陶瓷工艺,按当前导航约定归类,不适用,2,9,9,8,8,5,3,0,0,0,1,0
斯波德蓝意大利骨瓷餐具,B2-2-493,艺术与装饰品,艺术与装饰品 / 工艺品 / 陶瓷器与陶瓷工艺,按当前导航约定归类,不适用,2,48,47,39,46,36,28,0,0,0,1,0
斯诺克台球桌,B2-2-494,器具与设备,器具与设备 / 体育器材 / 球桌,按当前导航约定归类,不适用,2,9,9,7,9,4,2,0,0,0,0,0
新加坡鱼尾狮,B2-2-495,艺术与装饰品,艺术与装饰品 / 雕塑与立体作品 / 雕塑及装置作品,按当前导航约定归类,不适用,2,62,45,41,44,38,26,0,0,0,1,0
新首钢大桥,B2-2-496,建筑与设施,建筑与设施 / 桥梁 / 具名桥梁,按当前导航约定归类,不适用,2,10,10,5,5,3,1,0,0,0,0,0
方尖碑,B2-2-497,建筑与设施,建筑与设施 / 建筑与建筑群 / 塔与纪念构筑物,按当前导航约定归类,不适用,2,6,6,3,5,1,0,0,0,0,1,0
旗袍礼服,B2-2-498,服饰与造型,服饰与造型 / 服装 / 传统与民族服装,按当前导航约定归类,不适用,2,10,10,8,8,5,1,0,0,0,0,0
无名女郎（克拉姆斯柯依）,B2-2-499,图像与标识,图像与标识 / 艺术图像 / 绘画与版画作品,按当前导航约定归类,不适用,2,48,48,48,48,43,25,0,0,0,1,0
无忧宫,B2-2-500,建筑与设施,建筑与设施 / 建筑与建筑群 / 宫殿与官邸,按当前导航约定归类,不适用,2,10,10,8,9,6,1,0,0,0,0,0
无油电炸锅,B2-2-501,器具与设备,器具与设备 / 家用电器 / 厨房电器,按当前导航约定归类,不适用,2,10,10,9,10,4,0,0,0,0,0,0
日式胴甲,B2-2-502,器具与设备,器具与设备 / 武器与防护装备 / 护甲,按当前导航约定归类,不适用,2,8,8,8,8,1,0,0,0,0,0,0
日晷,B2-2-503,器具与设备,器具与设备 / 计时与测量器具 / 钟表与计时器,按当前导航约定归类,不适用,2,8,8,4,8,3,0,0,0,0,0,0
日本镰仓大佛,B2-2-504,艺术与装饰品,艺术与装饰品 / 雕塑与立体作品 / 雕塑及装置作品,按当前导航约定归类,不适用,2,72,71,70,71,66,53,0,0,0,1,0
昆虫纲,B2-2-505,动物,动物 / 高阶生物类群 / 跨多个导航分支的类群,按当前导航约定归类,未明确到种,2,12,12,6,6,3,1,0,0,0,0,0
明万历皇帝金冠,B2-2-506,服饰与造型,服饰与造型 / 佩戴饰品 / 冠饰,按当前导航约定归类,不适用,2,52,51,50,51,44,31,0,0,0,1,0
明孝陵神道石象路,B2-2-507,建筑与设施,建筑与设施 / 建筑与建筑群 / 陵墓与墓葬建筑,按当前导航约定归类,不适用,2,131,106,101,105,97,82,0,0,0,1,0
明宣德鲜红釉僧帽壶,B2-2-508,艺术与装饰品,艺术与装饰品 / 工艺品 / 陶瓷器与陶瓷工艺,按当前导航约定归类,不适用,2,54,54,51,54,47,29,0,0,0,1,0
明永乐甜白釉僧帽壶,B2-2-509,艺术与装饰品,艺术与装饰品 / 工艺品 / 陶瓷器与陶瓷工艺,按当前导航约定归类,不适用,2,24,24,10,24,8,5,0,0,0,1,0
明石海峡大桥,B2-2-510,建筑与设施,建筑与设施 / 桥梁 / 具名桥梁,按当前导航约定归类,不适用,2,78,75,54,74,49,30,0,0,0,1,0
普通朱顶雀黑色颏,B2-2-511,动物,动物 / 鸟类 / 雀形目鸟类,按当前导航约定归类,未核验到种,2,8,8,2,4,0,0,0,0,0,0,0
普通燕鸥黑色顶冠,B2-2-512,动物,动物 / 鸟类 / 鸻鹬与鸥类,按当前导航约定归类,未核验到种,2,6,6,2,2,0,0,0,0,0,0,0
暹罗猫幼崽,B2-2-513,动物,动物 / 哺乳动物 / 家猫与猫品种,按当前导航约定归类,品种或栽培类型,2,8,8,6,6,2,1,0,0,0,0,0
暹罗猫重点色,B2-2-514,动物,动物 / 哺乳动物 / 家猫与猫品种,按当前导航约定归类,品种或栽培类型,2,8,8,8,8,1,0,0,0,0,0,0
曼·雷泪珠,B2-2-515,图像与标识,图像与标识 / 艺术图像 / 摄影作品,按当前导航约定归类,不适用,2,61,57,47,57,41,28,0,0,0,1,0
曾侯乙尊盘,B2-2-516,艺术与装饰品,艺术与装饰品 / 文物器物 / 容器与礼器,按当前导航约定归类,不适用,2,14,14,11,12,8,4,0,0,0,1,0
曾侯乙金盏,B2-2-517,艺术与装饰品,艺术与装饰品 / 文物器物 / 容器与礼器,按当前导航约定归类,不适用,2,27,27,26,27,19,10,0,0,0,1,0
最后的审判(米开朗基罗),B2-2-518,图像与标识,图像与标识 / 艺术图像 / 绘画与版画作品,按当前导航约定归类,不适用,2,14,14,10,14,7,4,0,0,0,1,0
最后的晚餐（圣玛丽亚感恩教堂）,B2-2-519,图像与标识,图像与标识 / 艺术图像 / 绘画与版画作品,按当前导航约定归类,不适用,2,64,63,57,62,54,43,0,0,0,1,0
月亮,B2-2-520,自然环境与物质,自然环境与物质 / 天体与天象 / 月球,按当前导航约定归类,不适用,2,10,10,8,10,5,3,0,0,0,0,0
月宫,B2-2-521,图像与标识,图像与标识 / 文化图像 / 神话场景,按当前导航约定归类,不适用,2,7,7,4,5,2,2,0,0,0,0,0
月琴,B2-2-522,器具与设备,器具与设备 / 乐器 / 弹拨与拉弦乐器,按当前导航约定归类,不适用,2,18,18,16,18,11,4,0,0,0,0,0
木柄弹簧刀,B2-2-523,器具与设备,器具与设备 / 手工工具 / 户外刀具,按当前导航约定归类,不适用,2,9,8,6,8,1,0,0,0,0,0,0
木质乒乓球台,B2-2-524,器具与设备,器具与设备 / 体育器材 / 球桌,按当前导航约定归类,不适用,2,10,10,9,10,6,0,0,0,0,0,0
木质开信刀,B2-2-525,器具与设备,器具与设备 / 个护与日用工具 / 日用刀具,按当前导航约定归类,不适用,2,10,10,9,10,3,1,0,0,0,0,0
木长刨,B2-2-526,器具与设备,器具与设备 / 手工工具 / 刨削工具,按当前导航约定归类,不适用,2,9,9,6,9,3,0,0,0,0,0,0
木鞘小刀,B2-2-527,器具与设备,器具与设备 / 手工工具 / 户外刀具,按当前导航约定归类,不适用,2,10,10,10,10,4,1,0,0,0,0,0
本垒板,B2-2-528,器具与设备,器具与设备 / 体育器材 / 球类运动装备,按当前导航约定归类,不适用,2,11,11,7,9,3,0,0,0,0,0,0
札幌味噌拉面,B2-2-529,食物与食材,食物与食材 / 米面食品 / 面条与意面,按当前导航约定归类,不适用,2,8,8,8,8,5,1,0,0,0,0,0
杉本博司剧院系列,B2-2-530,图像与标识,图像与标识 / 艺术图像 / 摄影作品,按当前导航约定归类,不适用,2,55,50,49,50,45,32,0,0,0,1,0
杨桃,B2-2-531,植物,植物 / 木本植物 / 果树,按当前导航约定归类,未核验到种,2,13,13,9,9,9,2,0,0,0,0,0
松狮犬,B2-2-532,动物,动物 / 哺乳动物 / 家犬与犬品种,按当前导航约定归类,品种或栽培类型,2,10,10,8,8,6,2,0,0,0,0,0
松露,B2-2-533,真菌,真菌 / 大型真菌 / 块状与盘状真菌,按当前导航约定归类,未明确到种,2,10,10,8,10,4,2,0,0,0,0,0
板瓦,B2-2-534,建筑与设施,建筑与设施 / 建筑构件 / 瓦与屋顶构件,按当前导航约定归类,不适用,2,16,15,14,14,10,5,0,0,0,1,0
极乐鸟的花,B2-2-536,植物,植物 / 植物部位 / 花与花序,按当前导航约定归类,未核验到种,2,10,10,6,7,2,0,0,0,0,0,0
极乐鸟种子,B2-2-537,植物,植物 / 植物部位 / 球果种子与附属组织,按当前导航约定归类,未核验到种,2,9,9,3,5,0,0,0,0,0,0,0
极光,B2-2-538,自然环境与物质,自然环境与物质 / 天体与天象 / 极光,按当前导航约定归类,不适用,2,299,262,243,253,181,104,0,138,134,2,1
枝头攀爬,B2-2-539,活动与场景,活动与场景 / 动物行为 / 取食与活动,按当前导航约定归类,不适用,2,6,6,5,5,4,1,0,0,0,0,0
查理王小猎犬耳朵,B2-2-540,动物,动物 / 身体部位与遗存 / 局部身体结构,按当前导航约定归类,未核验到种,2,7,6,4,5,1,0,0,0,0,0,0
树缝觅食,B2-2-542,活动与场景,活动与场景 / 动物行为 / 取食与活动,按当前导航约定归类,不适用,2,8,8,4,4,1,0,0,0,0,0,0
栗子色种马,B2-2-543,动物,动物 / 哺乳动物 / 马与驴类,按当前导航约定归类,未核验到种,2,8,8,3,5,2,0,0,0,0,0,0
栗子色马,B2-2-544,动物,动物 / 哺乳动物 / 马与驴类,按当前导航约定归类,未核验到种,2,10,10,6,7,5,1,0,0,0,0,0
核桃肉桂卷,B2-2-545,食物与食材,食物与食材 / 米面食品 / 面包与烤饼,按当前导航约定归类,不适用,2,9,9,7,8,5,1,0,0,0,0,0
格兰凯恩闻香杯,B2-2-546,器具与设备,器具与设备 / 餐厨与日用器具 / 杯具,按当前导航约定归类,不适用,2,8,8,8,8,2,1,0,0,0,0,0
格尔尼卡,B2-2-547,图像与标识,图像与标识 / 艺术图像 / 绘画与版画作品,按当前导航约定归类,不适用,2,21,21,21,21,15,9,0,0,0,1,0
格尔尼卡（毕加索）,B2-2-548,图像与标识,图像与标识 / 艺术图像 / 绘画与版画作品,按当前导航约定归类,不适用,2,82,80,76,80,71,59,0,0,0,1,0
桥塔,B2-2-549,建筑与设施,建筑与设施 / 建筑结构 / 梁塔与基础,按当前导航约定归类,不适用,2,7,7,7,7,2,1,0,0,0,0,0
桥梁,B2-2-550,建筑与设施,建筑与设施 / 桥梁 / 桥梁通类,按当前导航约定归类,不适用,2,10,10,8,10,8,2,0,0,0,0,0
桨板桨,B2-2-551,器具与设备,器具与设备 / 体育器材 / 水上运动器具,按当前导航约定归类,不适用,2,11,11,8,11,6,3,0,0,0,0,0
桨板比赛,B2-2-552,活动与场景,活动与场景 / 体育活动 / 水上运动,按当前导航约定归类,不适用,2,8,8,4,8,0,0,0,0,0,0,0
桨板竞速,B2-2-553,活动与场景,活动与场景 / 体育活动 / 水上运动,按当前导航约定归类,不适用,2,9,8,6,8,4,0,0,0,0,0,0
梆子,B2-2-554,器具与设备,器具与设备 / 乐器 / 打击乐器,按当前导航约定归类,不适用,2,10,10,8,9,4,1,0,0,0,0,0
梦（卢梭）,B2-2-555,图像与标识,图像与标识 / 艺术图像 / 绘画与版画作品,按当前导航约定归类,不适用,2,41,41,17,29,13,9,0,0,0,1,0
梨形切割钻石,B2-2-556,自然环境与物质,自然环境与物质 / 矿物与宝石 / 切割钻石,按当前导航约定归类,不适用,2,10,10,6,10,2,1,0,0,0,0,0
棉口蝮白色口腔,B2-2-557,动物,动物 / 爬行动物 / 蛇类,按当前导航约定归类,未核验到种,2,6,6,3,4,2,0,0,0,0,0,0
棒球击球手套,B2-2-558,器具与设备,器具与设备 / 体育器材 / 球类运动装备,按当前导航约定归类,不适用,2,12,11,4,9,3,1,0,0,0,0,0
棒球场,B2-2-559,建筑与设施,建筑与设施 / 体育与活动设施 / 运动场地,按当前导航约定归类,不适用,2,10,10,6,10,6,2,0,0,0,0,0
棕色博美犬,B2-2-560,动物,动物 / 哺乳动物 / 家犬与犬品种,按当前导航约定归类,品种或栽培类型,2,8,8,6,6,4,0,0,0,0,0,0
棕色河狸,B2-2-561,动物,动物 / 哺乳动物 / 啮齿动物,按当前导航约定归类,未核验到种,2,10,10,7,8,2,0,0,0,0,0,0
棘龙,B2-2-562,动物,动物 / 古生物及其遗存 / 恐龙及其遗存,按当前导航约定归类,范围待确认,2,16,16,16,16,11,7,0,0,0,1,0
楔形文字,B2-2-564,抽象与文化主题,抽象与文化主题 / 符号与历法 / 文化寓意与历法,需要明确视觉载体,不适用,2,6,6,4,5,3,0,0,0,0,1,0
楔形文字泥板,B2-2-565,艺术与装饰品,艺术与装饰品 / 文献与刻铭实物 / 碑板与铭刻,按当前导航约定归类,不适用,2,59,57,55,57,51,44,0,0,0,1,0
榨菜,B2-2-566,食物与食材,食物与食材 / 植物性食材 / 蔬菜制品,按当前导航约定归类,不适用,2,10,10,10,10,4,2,0,0,0,0,0
模板,B2-2-567,待明确主体,待明确主体 / 名称有多种解释 / 通用器物或名称,需要上下文,主体待确认,2,6,6,5,6,3,1,0,0,0,0,0
横滨家系拉面,B2-2-568,食物与食材,食物与食材 / 米面食品 / 面条与意面,按当前导航约定归类,不适用,2,8,8,8,8,5,2,0,0,0,0,0
橙色斑大麦町犬,B2-2-569,动物,动物 / 哺乳动物 / 家犬与犬品种,按当前导航约定归类,品种或栽培类型,2,4,4,2,2,1,0,0,0,0,0,0
橡子,B2-2-570,植物,植物 / 植物部位 / 球果种子与附属组织,按当前导航约定归类,未核验到种,2,10,10,7,7,4,3,0,0,0,0,0
死侍,B2-2-571,图像与标识,图像与标识 / 文化图像 / 虚构人物与神祇,按当前导航约定归类,不适用,2,27,26,26,26,20,10,0,0,0,1,0
比格幼犬,B2-2-572,动物,动物 / 哺乳动物 / 家犬与犬品种,按当前导航约定归类,品种或栽培类型,2,7,7,5,6,1,0,0,0,0,0,0
比格犬,B2-2-573,动物,动物 / 哺乳动物 / 家犬与犬品种,按当前导航约定归类,品种或栽培类型,2,10,10,9,9,5,1,0,0,0,0,0
气球狗（杰夫·昆斯）,B2-2-574,艺术与装饰品,艺术与装饰品 / 雕塑与立体作品 / 雕塑及装置作品,按当前导航约定归类,不适用,2,28,26,25,26,20,14,0,0,0,1,0
水果蛋挞,B2-2-575,食物与食材,食物与食材 / 糕点与甜品 / 酥点与糕点,按当前导航约定归类,不适用,2,8,8,6,6,3,2,0,0,0,0,0
水泥路面,B2-2-576,建筑与设施,建筑与设施 / 交通与水工设施 / 道路与隧道,按当前导航约定归类,不适用,2,8,8,2,5,1,1,0,0,0,0,0
水肺潜水刀,B2-2-577,器具与设备,器具与设备 / 手工工具 / 户外刀具,按当前导航约定归类,不适用,2,5,5,4,5,2,0,0,0,0,0,0
永乐通宝,B2-2-578,艺术与装饰品,艺术与装饰品 / 钱币与印信 / 货币与金银锭,按当前导航约定归类,不适用,2,38,38,36,36,32,14,0,0,0,1,0
汉谟拉比法典石碑,B2-2-579,艺术与装饰品,艺术与装饰品 / 文献与刻铭实物 / 碑板与铭刻,按当前导航约定归类,不适用,2,19,18,14,18,11,6,0,0,0,1,0
汉铎壶,B2-2-580,艺术与装饰品,艺术与装饰品 / 工艺品 / 陶瓷器与陶瓷工艺,按当前导航约定归类,不适用,2,29,29,24,28,21,7,0,0,0,1,0
汝窑天青釉无纹水仙盆,B2-2-581,艺术与装饰品,艺术与装饰品 / 工艺品 / 陶瓷器与陶瓷工艺,按当前导航约定归类,不适用,2,35,34,10,34,3,2,0,0,0,1,0
汝窑天青釉葵花洗,B2-2-582,艺术与装饰品,艺术与装饰品 / 工艺品 / 陶瓷器与陶瓷工艺,按当前导航约定归类,不适用,2,51,49,13,49,6,4,0,0,0,1,0
江米条,B2-2-583,食物与食材,食物与食材 / 糕点与甜品 / 糖果与甜食,按当前导航约定归类,不适用,2,10,10,8,8,4,1,0,0,0,0,0
污水处理厂,B2-2-584,建筑与设施,建筑与设施 / 交通与水工设施 / 水处理与输水设施,按当前导航约定归类,不适用,2,96,80,72,75,56,29,0,25,22,0,0
汽车保险杠,B2-2-586,交通工具,交通工具 / 交通工具部件 / 汽车部件,按当前导航约定归类,不适用,2,10,10,5,8,4,1,0,0,0,0,0
汽车起重机,B2-2-587,器具与设备,器具与设备 / 机械与作业设备 / 起重设备,按当前导航约定归类,不适用,2,10,10,10,10,5,1,0,0,0,0,0
沃伊尼奇手稿,B2-2-588,艺术与装饰品,艺术与装饰品 / 文献与刻铭实物 / 书籍与手稿,按当前导航约定归类,不适用,2,53,53,53,53,49,42,0,0,0,1,0
沉睡的缪斯（布朗库西）,B2-2-589,艺术与装饰品,艺术与装饰品 / 雕塑与立体作品 / 雕塑及装置作品,按当前导航约定归类,不适用,2,84,68,19,53,13,10,0,0,0,1,0
沙漠玫瑰,B2-2-590,待明确主体,待明确主体 / 名称有多种解释 / 植物与其他对象,需要上下文,主体待确认,2,10,10,8,8,6,3,0,0,0,0,0
沙特尔大教堂雕塑,B2-2-591,艺术与装饰品,艺术与装饰品 / 雕塑与立体作品 / 雕塑及装置作品,按当前导航约定归类,不适用,2,28,27,25,25,23,16,0,0,0,1,0
沙赞,B2-2-592,图像与标识,图像与标识 / 文化图像 / 虚构人物与神祇,按当前导航约定归类,不适用,2,24,23,23,23,20,14,0,0,0,1,0
油煎面包块,B2-2-593,食物与食材,食物与食材 / 米面食品 / 面包与烤饼,按当前导航约定归类,不适用,2,10,10,9,10,5,1,0,0,0,0,0
泉（杜尚）,B2-2-594,艺术与装饰品,艺术与装饰品 / 雕塑与立体作品 / 雕塑及装置作品,按当前导航约定归类,不适用,2,78,76,64,76,60,50,0,0,0,1,0
法国号,B2-2-595,器具与设备,器具与设备 / 乐器 / 吹管乐器,按当前导航约定归类,不适用,2,11,11,11,11,7,3,0,0,0,0,0
法式长棍,B2-2-596,食物与食材,食物与食材 / 米面食品 / 面包与烤饼,按当前导航约定归类,不适用,2,7,7,2,7,0,0,0,0,0,0,0
法棍,B2-2-597,食物与食材,食物与食材 / 米面食品 / 面包与烤饼,按当前导航约定归类,不适用,2,12,12,9,12,5,2,0,0,0,1,0
法隆寺,B2-2-598,建筑与设施,建筑与设施 / 宗教建筑 / 寺庙与神庙,按当前导航约定归类,不适用,2,120,118,118,118,114,105,0,0,0,1,0
波提切利维纳斯的诞生,B2-2-599,图像与标识,图像与标识 / 艺术图像 / 绘画与版画作品,按当前导航约定归类,不适用,2,107,104,78,104,75,65,0,0,0,1,0
波斯波利斯,B2-2-600,建筑与设施,建筑与设施 / 遗址 / 建筑与聚落遗址,按当前导航约定归类,不适用,2,48,48,47,47,44,31,0,0,0,1,0
波斯猫红色,B2-2-601,动物,动物 / 哺乳动物 / 家猫与猫品种,按当前导航约定归类,品种或栽培类型,2,8,8,4,4,1,0,0,0,0,0,0
泥铲,B2-2-602,器具与设备,器具与设备 / 手工工具 / 挖掘工具,按当前导航约定归类,不适用,2,11,11,8,10,4,1,0,0,0,0,0
注意腐蚀品标志,B2-2-603,图像与标识,图像与标识 / 公共标志 / 警告标志,按当前导航约定归类,不适用,2,7,7,5,5,2,0,0,0,0,0,0
注意高压电标志,B2-2-604,图像与标识,图像与标识 / 公共标志 / 警告标志,按当前导航约定归类,不适用,2,8,8,6,6,3,0,0,0,0,0,0
泰国斗鱼,B2-2-605,动物,动物 / 鱼类 / 鱼类名称,按当前导航约定归类,未核验到种,2,10,10,8,8,4,1,0,0,0,0,0
泰国玉佛寺玉佛,B2-2-606,艺术与装饰品,艺术与装饰品 / 雕塑与立体作品 / 雕塑及装置作品,按当前导航约定归类,不适用,2,42,41,35,41,30,17,0,0,0,1,0
泰坦尼克号楼梯,B2-2-607,交通工具,交通工具 / 交通工具部件 / 车厢与船舱,按当前导航约定归类,不适用,2,8,8,6,6,3,0,0,0,0,0,0
泰坦尼克号遗址,B2-2-608,建筑与设施,建筑与设施 / 遗址 / 沉船遗址,按当前导航约定归类,不适用,2,7,7,6,6,5,3,0,0,0,1,0
泰坦尼克号邮轮,B2-2-609,交通工具,交通工具 / 水上交通工具 / 客船与救生艇,按当前导航约定归类,不适用,2,8,8,5,5,3,1,0,0,0,0,0
泰州长江大桥,B2-2-610,建筑与设施,建筑与设施 / 桥梁 / 具名桥梁,按当前导航约定归类,不适用,2,8,8,8,8,5,0,0,0,0,0,0
洞箫,B2-2-611,器具与设备,器具与设备 / 乐器 / 吹管乐器,按当前导航约定归类,不适用,2,14,13,12,12,6,0,0,0,0,0,0
洪武通宝,B2-2-612,艺术与装饰品,艺术与装饰品 / 钱币与印信 / 货币与金银锭,按当前导航约定归类,不适用,2,30,30,26,26,22,11,0,0,0,1,0
活塞,B2-2-613,器具与设备,器具与设备 / 机械零部件 / 流体与执行部件,按当前导航约定归类,不适用,2,8,8,5,7,2,1,0,0,0,0,0
活底蛋糕模,B2-2-614,器具与设备,器具与设备 / 餐厨与日用器具 / 模具,按当前导航约定归类,不适用,2,9,9,8,9,4,1,0,0,0,0,0
流水别墅,B2-2-615,建筑与设施,建筑与设施 / 建筑与建筑群 / 居住建筑,按当前导航约定归类,不适用,2,13,12,10,10,7,3,0,0,0,1,0
流水山庄,B2-2-616,建筑与设施,建筑与设施 / 建筑与建筑群 / 居住建筑,按当前导航约定归类,不适用,2,44,43,43,43,39,26,0,0,0,1,0
浅黄褐色哈巴狗,B2-2-617,动物,动物 / 哺乳动物 / 家犬与犬品种,按当前导航约定归类,品种或栽培类型,2,8,8,6,6,1,0,0,0,0,0,0
浮潜镜,B2-2-618,器具与设备,器具与设备 / 体育器材 / 水上运动器具,按当前导航约定归类,不适用,2,9,9,3,6,1,1,0,0,0,0,0
海币,B2-2-619,动物,动物 / 其他无脊椎动物 / 棘皮动物,按当前导航约定归类,范围待确认,2,10,10,5,6,1,0,0,0,0,0,0
海底丘陵,B2-2-620,自然环境与物质,自然环境与物质 / 地形与地貌 / 海底地貌,按当前导航约定归类,不适用,2,5,5,4,4,1,1,0,0,0,0,0
海底火山,B2-2-621,自然环境与物质,自然环境与物质 / 地形与地貌 / 海底地貌,按当前导航约定归类,不适用,2,8,8,8,8,4,2,0,0,0,0,0
海底管道,B2-2-622,建筑与设施,建筑与设施 / 交通与水工设施 / 水处理与输水设施,按当前导航约定归类,不适用,2,8,8,7,8,3,1,0,0,0,0,0
海昏侯马蹄金,B2-2-623,艺术与装饰品,艺术与装饰品 / 钱币与印信 / 货币与金银锭,按当前导航约定归类,不适用,2,50,49,20,47,18,13,0,0,0,1,0
消防云梯,B2-2-625,建筑与设施,建筑与设施 / 安全与消防设施 / 消防救援设施,需要上下文,不适用,2,10,9,6,9,3,0,0,0,0,0,0
液压断线钳,B2-2-627,器具与设备,器具与设备 / 手工工具 / 钳具,按当前导航约定归类,不适用,2,10,10,7,8,1,0,0,0,0,0,0
液泡,B2-2-629,微观生物结构,微观生物结构 / 细胞结构 / 细胞器与细胞膜,按当前导航约定归类,不适用,2,6,6,4,4,2,2,0,0,0,0,0
深海平原,B2-2-630,自然环境与物质,自然环境与物质 / 地形与地貌 / 海底地貌,按当前导航约定归类,不适用,2,8,8,6,6,3,0,0,0,0,0,0
混凝土搅拌车,B2-2-631,交通工具,交通工具 / 陆地车辆 / 作业车辆,按当前导航约定归类,不适用,2,10,10,6,10,3,0,0,0,0,0,0
混群,B2-2-632,活动与场景,活动与场景 / 动物行为 / 取食与活动,按当前导航约定归类,不适用,2,9,9,7,8,2,0,0,0,0,0,0
清乾隆粉彩百鹿尊,B2-2-633,艺术与装饰品,艺术与装饰品 / 工艺品 / 陶瓷器与陶瓷工艺,按当前导航约定归类,不适用,2,40,40,38,38,36,28,0,0,0,1,0
清乾隆粉彩镂空吉庆有余转心瓶,B2-2-634,艺术与装饰品,艺术与装饰品 / 工艺品 / 陶瓷器与陶瓷工艺,按当前导航约定归类,不适用,2,34,32,26,30,22,16,0,0,0,1,0
清代金嵌珍珠天球仪,B2-2-635,器具与设备,器具与设备 / 天文仪器 / 天体演示仪,按当前导航约定归类,不适用,2,43,43,30,42,26,17,0,0,0,1,0
清明上河图,B2-2-636,图像与标识,图像与标识 / 艺术图像 / 绘画与版画作品,按当前导航约定归类,不适用,2,19,18,14,17,9,3,0,0,0,1,0
清道夫,B2-2-637,待明确主体,待明确主体 / 名称有多种解释 / 生物名称,需要上下文,主体待确认,2,10,10,8,8,3,1,0,0,0,0,0
渎山大玉海,B2-2-638,艺术与装饰品,艺术与装饰品 / 文物器物 / 玉石器,按当前导航约定归类,不适用,2,14,14,12,12,9,5,0,0,0,1,0
渡槽,B2-2-639,建筑与设施,建筑与设施 / 交通与水工设施 / 水处理与输水设施,按当前导航约定归类,不适用,2,11,11,8,9,4,1,0,0,0,0,0
温哥华盖斯镇蒸汽钟,B2-2-640,建筑与设施,建筑与设施 / 建筑与建筑群 / 塔与纪念构筑物,按当前导航约定归类,不适用,2,27,27,27,27,23,11,0,0,0,1,0
港口起重机,B2-2-641,器具与设备,器具与设备 / 机械与作业设备 / 起重设备,按当前导航约定归类,不适用,2,10,10,7,8,4,1,0,0,0,0,0
溏心蛋,B2-2-642,食物与食材,食物与食材 / 菜肴 / 蛋类制品,按当前导航约定归类,不适用,2,9,9,7,7,2,1,0,0,0,0,0
溜索桥,B2-2-643,建筑与设施,建筑与设施 / 桥梁 / 悬索桥,按当前导航约定归类,不适用,2,10,10,8,8,4,0,0,0,0,0,0
滑水比赛,B2-2-644,活动与场景,活动与场景 / 体育活动 / 水上运动,按当前导航约定归类,不适用,2,9,9,2,6,1,0,0,0,0,0,0
滑水赤脚,B2-2-645,活动与场景,活动与场景 / 体育活动 / 水上运动,按当前导航约定归类,不适用,2,10,10,10,10,4,0,0,0,0,0,0
滑水跳跃,B2-2-646,活动与场景,活动与场景 / 体育活动 / 水上运动,按当前导航约定归类,不适用,2,6,6,3,4,2,0,0,0,0,0,0
滑雪健身机,B2-2-648,器具与设备,器具与设备 / 体育器材 / 力量与健身器械,按当前导航约定归类,不适用,2,9,9,9,9,4,2,0,0,0,0,0
滕王阁,B2-2-649,建筑与设施,建筑与设施 / 建筑与建筑群 / 亭阁与城门,按当前导航约定归类,不适用,2,66,63,57,63,55,39,0,0,0,1,0
滚珠瓶,B2-2-650,器具与设备,器具与设备 / 餐厨与日用器具 / 壶与瓶,按当前导航约定归类,不适用,2,10,10,7,10,3,1,0,0,0,0,0
演奏者技巧,B2-2-652,抽象与文化主题,抽象与文化主题 / 学科与规则 / 运动规则与技巧,需要明确视觉载体,不适用,2,10,10,5,10,3,1,0,0,0,0,0
潘妮托尼,B2-2-653,食物与食材,食物与食材 / 米面食品 / 面包与烤饼,按当前导航约定归类,不适用,2,8,8,6,6,2,2,0,0,0,0,0
潮汐变化,B2-2-654,自然环境与物质,自然环境与物质 / 水文与海洋现象 / 潮汐与波浪,按当前导航约定归类,不适用,2,6,6,3,4,2,1,0,0,0,0,0
潮汐滩,B2-2-655,自然环境与物质,自然环境与物质 / 水文与海洋现象 / 潮汐与波浪,按当前导航约定归类,不适用,2,8,8,7,7,5,1,0,0,0,0,0
澳门大三巴,B2-2-656,建筑与设施,建筑与设施 / 宗教建筑 / 教堂,按当前导航约定归类,不适用,2,114,109,105,107,102,93,0,0,0,1,0
澳门盛世莲花,B2-2-657,艺术与装饰品,艺术与装饰品 / 雕塑与立体作品 / 雕塑及装置作品,按当前导航约定归类,不适用,2,64,63,63,63,60,39,0,0,0,1,0
瀑布辫,B2-2-658,服饰与造型,服饰与造型 / 发型 / 编发,按当前导航约定归类,不适用,2,8,8,8,8,5,1,0,0,0,0,0
火烈鸟,B2-2-659,动物,动物 / 鸟类 / 火烈鸟类,按当前导航约定归类,未明确到种,2,16,16,14,16,9,8,0,0,0,1,0
火腿芝士可颂,B2-2-660,食物与食材,食物与食材 / 米面食品 / 面包与烤饼,按当前导航约定归类,不适用,2,9,9,7,8,3,1,0,0,0,0,0
火龙果,B2-2-661,植物,植物 / 多肉与肉质植物 / 茎与地下器官肉质植物,按当前导航约定归类,未核验到种,2,10,10,6,8,3,0,0,0,0,0,0
灯笼辫,B2-2-662,服饰与造型,服饰与造型 / 发型 / 编发,按当前导航约定归类,不适用,2,10,10,9,10,7,4,0,0,0,0,0
灯芯糕,B2-2-663,食物与食材,食物与食材 / 米面食品 / 糕团与粽子,按当前导航约定归类,不适用,2,10,10,8,9,4,2,0,0,0,0,0
灰狼雪地,B2-2-664,动物,动物 / 哺乳动物 / 野生犬科动物,按当前导航约定归类,未核验到种,2,10,10,10,10,6,1,0,0,0,0,0
灰色天鹅幼鸟,B2-2-665,动物,动物 / 鸟类 / 鸭雁类,按当前导航约定归类,未明确到种,2,10,10,9,10,4,0,0,0,0,0,0
灰色灰狼,B2-2-666,动物,动物 / 哺乳动物 / 野生犬科动物,按当前导航约定归类,未核验到种,2,9,9,8,9,5,0,0,0,0,0,0
烟囱模,B2-2-667,器具与设备,器具与设备 / 餐厨与日用器具 / 模具,按当前导航约定归类,不适用,2,10,10,8,8,3,1,0,0,0,0,0
烟熏三文鱼班尼迪克蛋,B2-2-668,食物与食材,食物与食材 / 菜肴 / 蛋类组合菜肴,按当前导航约定归类,不适用,2,8,8,6,6,4,1,0,0,0,0,0
烟花,B2-2-669,活动与场景,活动与场景 / 光与烟火场景 / 烟花燃放,按当前导航约定归类,不适用,2,8,8,6,6,4,2,0,0,0,0,0
烟草田,B2-2-670,活动与场景,活动与场景 / 农业与园艺场景 / 农田与种植,按当前导航约定归类,不适用,2,10,10,7,8,5,1,0,0,0,0,0
烟霞洞造像,B2-2-671,艺术与装饰品,艺术与装饰品 / 雕塑与立体作品 / 雕塑及装置作品,按当前导航约定归类,不适用,2,7,7,6,6,4,0,0,0,0,1,0
烤粗管面,B2-2-672,食物与食材,食物与食材 / 米面食品 / 面条与意面,按当前导航约定归类,不适用,2,9,9,9,9,3,0,0,0,0,0,0
热带气旋,B2-2-673,自然环境与物质,自然环境与物质 / 天气现象 / 热带气旋,按当前导航约定归类,不适用,2,8,8,8,8,5,3,0,0,0,0,0
热带猪笼草的花,B2-2-674,植物,植物 / 植物部位 / 花与花序,按当前导航约定归类,未核验到种,2,10,10,7,8,4,0,0,0,0,0,0
照夜白图,B2-2-675,图像与标识,图像与标识 / 艺术图像 / 绘画与版画作品,按当前导航约定归类,不适用,2,37,34,25,34,20,13,0,0,0,1,0
照夜白图（韩幹）,B2-2-676,图像与标识,图像与标识 / 艺术图像 / 绘画与版画作品,按当前导航约定归类,不适用,2,38,36,26,36,23,16,0,0,0,1,0
熊猫仓鼠,B2-2-677,动物,动物 / 哺乳动物 / 啮齿动物,按当前导航约定归类,未核验到种,2,12,12,8,10,2,0,0,0,0,0,0
燕尾蝶访花,B2-2-678,动物,动物 / 节肢动物 / 蝶蛾及其幼虫,按当前导航约定归类,未明确到种,2,6,6,4,4,1,0,0,0,0,0,0
爱（罗伯特·印第安纳）,B2-2-679,艺术与装饰品,艺术与装饰品 / 雕塑与立体作品 / 雕塑及装置作品,按当前导航约定归类,不适用,2,56,56,30,48,24,14,0,0,0,1,0
牛仔鞍,B2-2-680,器具与设备,器具与设备 / 体育器材 / 马术与乘骑装备,按当前导航约定归类,不适用,2,10,10,6,6,4,1,0,0,0,0,0
牛刀,B2-2-681,器具与设备,器具与设备 / 餐厨与日用器具 / 刀具,按当前导航约定归类,不适用,2,9,9,8,8,2,2,0,0,0,0,0
牛肉乌冬面,B2-2-683,食物与食材,食物与食材 / 米面食品 / 面条与意面,按当前导航约定归类,不适用,2,8,8,7,8,4,1,0,0,0,0,0
牲畜运输船,B2-2-684,交通工具,交通工具 / 水上交通工具 / 货船,按当前导航约定归类,不适用,2,9,9,9,9,5,1,0,0,0,0,0
特奥蒂瓦坎古城,B2-2-685,建筑与设施,建筑与设施 / 遗址 / 建筑与聚落遗址,按当前导航约定归类,不适用,2,12,12,9,10,6,4,0,0,0,1,0
犀牛（丢勒）,B2-2-686,图像与标识,图像与标识 / 艺术图像 / 绘画与版画作品,按当前导航约定归类,不适用,2,72,70,69,70,61,49,0,0,0,1,0
犀鸟,B2-2-687,动物,动物 / 鸟类 / 犀鸟与地犀鸟,按当前导航约定归类,未明确到种,2,12,12,10,12,5,2,0,0,0,1,0
狐狸乌冬面,B2-2-688,食物与食材,食物与食材 / 米面食品 / 面条与意面,按当前导航约定归类,不适用,2,7,7,3,4,1,0,0,0,0,0,0
独弦琴,B2-2-689,器具与设备,器具与设备 / 乐器 / 弹拨与拉弦乐器,按当前导航约定归类,不适用,2,11,11,11,11,5,1,0,0,0,0,0
独特的形体（波丘尼）,B2-2-690,艺术与装饰品,艺术与装饰品 / 雕塑与立体作品 / 雕塑及装置作品,按当前导航约定归类,不适用,2,44,42,23,34,18,13,0,0,0,1,0
狮,B2-2-691,动物,动物 / 哺乳动物 / 野生猫科动物,按当前导航约定归类,未核验到种,2,8,8,6,6,4,2,0,0,0,0,0
狮子造型贵宾犬,B2-2-692,动物,动物 / 哺乳动物 / 家犬与犬品种,按当前导航约定归类,品种或栽培类型,2,10,10,8,8,3,0,0,0,0,0,0
猎豹奔跑,B2-2-693,动物,动物 / 哺乳动物 / 野生猫科动物,按当前导航约定归类,未核验到种,2,10,10,10,10,7,2,0,0,0,0,0
猎豹幼崽,B2-2-694,动物,动物 / 哺乳动物 / 野生猫科动物,按当前导航约定归类,未核验到种,2,10,10,10,10,5,1,0,0,0,0,0
猎豹泪痕纹,B2-2-695,动物,动物 / 哺乳动物 / 野生猫科动物,按当前导航约定归类,未核验到种,2,8,8,6,6,1,0,0,0,0,0,0
猞猁捕猎,B2-2-696,动物,动物 / 哺乳动物 / 野生猫科动物,按当前导航约定归类,未核验到种,2,10,10,5,8,3,1,0,0,0,0,0
玉兔捣药,B2-2-697,图像与标识,图像与标识 / 文化图像 / 神话场景,按当前导航约定归类,不适用,2,8,8,6,6,4,1,0,0,0,0,0
玉簪盆栽,B2-2-698,活动与场景,活动与场景 / 农业与园艺场景 / 盆栽陈设,按当前导航约定归类,不适用,2,10,10,7,8,4,2,0,0,0,0,0
玉舞人,B2-2-699,艺术与装饰品,艺术与装饰品 / 雕塑与立体作品 / 雕塑及装置作品,按当前导航约定归类,不适用,2,40,40,37,38,32,14,0,0,0,1,0
玉龙（红山文化）,B2-2-700,艺术与装饰品,艺术与装饰品 / 文物器物 / 玉石器,按当前导航约定归类,不适用,2,7,7,3,7,2,0,0,0,0,1,0
王子午鼎,B2-2-701,艺术与装饰品,艺术与装饰品 / 文物器物 / 容器与礼器,按当前导航约定归类,不适用,2,35,33,33,33,27,21,0,0,0,1,0
王母宫石窟,B2-2-702,建筑与设施,建筑与设施 / 宗教建筑 / 石窟与岩凿建筑,按当前导航约定归类,不适用,2,8,8,8,8,2,1,0,0,0,1,0
王莽金错刀,B2-2-703,艺术与装饰品,艺术与装饰品 / 钱币与印信 / 货币与金银锭,按当前导航约定归类,不适用,2,45,42,42,42,36,22,0,0,0,1,0
玛格丽特披萨,B2-2-704,食物与食材,食物与食材 / 米面食品 / 披萨,按当前导航约定归类,不适用,2,10,10,10,10,8,4,0,0,0,0,0
玛瑙吊坠,B2-2-705,服饰与造型,服饰与造型 / 佩戴饰品 / 首饰与佩饰,按当前导航约定归类,不适用,2,10,10,7,8,3,2,0,0,0,0,0
玻璃滚珠瓶,B2-2-706,器具与设备,器具与设备 / 餐厨与日用器具 / 壶与瓶,按当前导航约定归类,不适用,2,10,10,8,10,4,0,0,0,0,0,0
珠海渔女,B2-2-707,艺术与装饰品,艺术与装饰品 / 雕塑与立体作品 / 雕塑及装置作品,按当前导航约定归类,不适用,2,91,88,87,88,82,74,0,0,0,1,0
球员冰球鞋,B2-2-708,器具与设备,器具与设备 / 体育器材 / 冰鞋,按当前导航约定归类,不适用,2,8,8,5,8,3,0,0,0,0,0,0
球头六角扳手,B2-2-709,器具与设备,器具与设备 / 手工工具 / 扳手与套筒,按当前导航约定归类,不适用,2,7,7,7,7,3,1,0,0,0,0,0
球形白兰地杯,B2-2-710,器具与设备,器具与设备 / 餐厨与日用器具 / 杯具,按当前导航约定归类,不适用,2,8,8,5,7,1,0,0,0,0,0,0
球芽甘蓝,B2-2-711,植物,植物 / 草本与藤本植物 / 蔬菜与豆类植物,按当前导航约定归类,未核验到种,2,10,10,6,7,4,0,0,0,0,0,0
琉璃瓦,B2-2-712,建筑与设施,建筑与设施 / 建筑构件 / 瓦与屋顶构件,按当前导航约定归类,不适用,2,16,14,12,14,9,4,0,0,0,1,0
琉璃脊兽,B2-2-713,建筑与设施,建筑与设施 / 建筑构件 / 瓦与屋顶构件,按当前导航约定归类,不适用,2,40,40,39,40,36,21,0,0,0,1,0
琵嘴鸭铲形喙,B2-2-714,动物,动物 / 鸟类 / 鸭雁类,按当前导航约定归类,未核验到种,2,7,7,3,4,0,0,0,0,0,0,0
瑜伽,B2-2-715,活动与场景,活动与场景 / 身体动作 / 姿势与伸展,按当前导航约定归类,不适用,2,89,69,65,68,63,49,0,0,0,1,0
瑞鹤图,B2-2-716,图像与标识,图像与标识 / 艺术图像 / 绘画与版画作品,按当前导航约定归类,不适用,2,41,41,32,39,28,20,0,0,0,1,0
瓮城,B2-2-717,建筑与设施,建筑与设施 / 建筑与建筑群 / 城堡与防御建筑,按当前导航约定归类,不适用,2,8,8,6,6,2,0,0,0,0,0,0
甜椒,B2-2-718,植物,植物 / 草本与藤本植物 / 蔬菜与豆类植物,按当前导航约定归类,未核验到种,2,11,11,6,7,3,0,0,0,0,0,0
电动圆锯,B2-2-719,器具与设备,器具与设备 / 机械与作业设备 / 切割设备,按当前导航约定归类,不适用,2,10,10,6,8,3,1,0,0,0,0,0
电子显微镜,B2-2-720,器具与设备,器具与设备 / 医学与实验设备 / 显微镜,按当前导航约定归类,不适用,2,10,10,8,10,6,2,0,0,0,0,0
电子移液器,B2-2-721,器具与设备,器具与设备 / 医学与实验设备 / 移液与分液设备,按当前导航约定归类,不适用,2,9,9,6,8,3,0,0,0,0,0,0
电热玻璃壶,B2-2-722,器具与设备,器具与设备 / 家用电器 / 厨房电器,按当前导航约定归类,不适用,2,9,9,4,9,1,0,0,0,0,0,0
番石榴,B2-2-723,植物,植物 / 木本植物 / 果树,按当前导航约定归类,未核验到种,2,10,10,6,8,4,2,0,0,0,0,0
番茄,B2-2-724,植物,植物 / 草本与藤本植物 / 蔬菜与豆类植物,按当前导航约定归类,未核验到种,2,10,10,2,5,0,0,0,0,0,0,0
番茄粗管面,B2-2-725,食物与食材,食物与食材 / 米面食品 / 面条与意面,按当前导航约定归类,不适用,2,6,6,4,4,1,1,0,0,0,0,0
白上白（马列维奇）,B2-2-726,图像与标识,图像与标识 / 艺术图像 / 绘画与版画作品,按当前导航约定归类,不适用,2,80,80,40,62,35,28,0,0,0,1,0
白兰地杯,B2-2-727,器具与设备,器具与设备 / 餐厨与日用器具 / 杯具,按当前导航约定归类,不适用,2,10,10,5,8,3,1,0,0,0,0,0
白浪,B2-2-728,自然环境与物质,自然环境与物质 / 水文与海洋现象 / 潮汐与波浪,按当前导航约定归类,不适用,2,10,10,8,10,5,2,0,0,0,0,0
白玛瑙,B2-2-729,自然环境与物质,自然环境与物质 / 矿物与宝石 / 玛瑙,按当前导航约定归类,不适用,2,8,8,6,6,2,1,0,0,0,0,0
白色外侧尾羽,B2-2-730,待明确主体,待明确主体 / 名称信息不足 / 颜色与形态片段,需要上下文,主体待确认,2,9,9,9,9,3,0,0,0,0,0,0
白色家驴,B2-2-731,动物,动物 / 哺乳动物 / 马与驴类,按当前导航约定归类,未核验到种,2,9,9,6,7,4,2,0,0,0,0,0
白色鬃毛帕洛米诺马,B2-2-732,动物,动物 / 哺乳动物 / 马与驴类,按当前导航约定归类,未核验到种,2,8,8,3,4,0,0,0,0,0,0,0
白莲,B2-2-733,植物,植物 / 草本与藤本植物 / 水生与湿地植物,按当前导航约定归类,范围待确认,2,10,10,9,9,6,1,0,0,0,0,0
百合王子壁画,B2-2-734,图像与标识,图像与标识 / 艺术图像 / 绘画与版画作品,按当前导航约定归类,不适用,2,4,4,3,3,1,0,0,0,0,1,0
百吉饼,B2-2-735,食物与食材,食物与食材 / 米面食品 / 面包与烤饼,按当前导航约定归类,不适用,2,8,8,6,6,3,0,0,0,0,0,0
皇冠辫,B2-2-736,服饰与造型,服饰与造型 / 发型 / 编发,按当前导航约定归类,不适用,2,10,10,10,10,2,0,0,0,0,0,0
皮塔饼,B2-2-737,食物与食材,食物与食材 / 米面食品 / 面包与烤饼,按当前导航约定归类,不适用,2,13,13,13,13,8,0,0,0,0,1,0
皮尔森杯,B2-2-738,器具与设备,器具与设备 / 餐厨与日用器具 / 杯具,按当前导航约定归类,不适用,2,9,9,9,9,5,0,0,0,0,0,0
皮带轮,B2-2-739,器具与设备,器具与设备 / 机械零部件 / 传动与支承件,按当前导航约定归类,不适用,2,10,10,8,8,7,3,0,0,0,0,0
皮槌,B2-2-740,器具与设备,器具与设备 / 手工工具 / 锤斧与敲击工具,按当前导航约定归类,不适用,2,8,8,8,8,5,1,0,0,0,0,0
皮质牧场鞍,B2-2-741,器具与设备,器具与设备 / 体育器材 / 马术与乘骑装备,按当前导航约定归类,不适用,2,8,8,1,2,1,1,0,0,0,0,0
皱叶甘蓝,B2-2-742,植物,植物 / 草本与藤本植物 / 蔬菜与豆类植物,按当前导航约定归类,未核验到种,2,8,8,5,6,3,0,0,0,0,0,0
盔甲,B2-2-743,器具与设备,器具与设备 / 武器与防护装备 / 护甲,按当前导航约定归类,不适用,2,10,10,7,8,4,1,0,0,0,0,0
盘山公路,B2-2-744,建筑与设施,建筑与设施 / 交通与水工设施 / 道路与隧道,按当前导航约定归类,不适用,2,12,12,8,10,5,1,0,0,0,0,0
直柄管钳,B2-2-746,器具与设备,器具与设备 / 手工工具 / 钳具,按当前导航约定归类,不适用,2,8,8,7,8,2,0,0,0,0,0,0
直百五铢,B2-2-747,艺术与装饰品,艺术与装饰品 / 钱币与印信 / 货币与金银锭,按当前导航约定归类,不适用,2,16,16,15,15,8,4,0,0,0,1,0
睡莲,B2-2-748,植物,植物 / 草本与藤本植物 / 水生与湿地植物,按当前导航约定归类,范围待确认,2,10,10,7,7,6,3,0,0,0,0,0
短柄大锤,B2-2-749,器具与设备,器具与设备 / 手工工具 / 锤斧与敲击工具,按当前导航约定归类,不适用,2,10,10,8,9,3,1,0,0,0,0,0
短柄开口扳手,B2-2-750,器具与设备,器具与设备 / 手工工具 / 扳手与套筒,按当前导航约定归类,不适用,2,9,9,8,9,3,0,0,0,0,0,0
短柄活动扳手,B2-2-751,器具与设备,器具与设备 / 手工工具 / 扳手与套筒,按当前导航约定归类,不适用,2,9,9,8,8,3,0,0,0,0,0,0
短毛型法国斗牛犬,B2-2-752,动物,动物 / 哺乳动物 / 家犬与犬品种,按当前导航约定归类,品种或栽培类型,2,7,7,4,5,0,0,0,0,0,0,0
石工锤,B2-2-753,器具与设备,器具与设备 / 手工工具 / 锤斧与敲击工具,按当前导航约定归类,不适用,2,21,21,15,18,10,2,0,0,0,0,0
石斑鱼,B2-2-754,动物,动物 / 鱼类 / 鱼类名称,按当前导航约定归类,未明确到种,2,9,9,7,9,3,0,0,0,0,0,0
石窟庵,B2-2-756,建筑与设施,建筑与设施 / 宗教建筑 / 石窟与岩凿建筑,按当前导航约定归类,不适用,2,6,6,5,6,3,1,0,0,0,1,0
码头岸桥,B2-2-757,器具与设备,器具与设备 / 机械与作业设备 / 起重设备,按当前导航约定归类,不适用,2,9,9,8,9,4,2,0,0,0,0,0
砍刀刃,B2-2-758,器具与设备,器具与设备 / 武器与防护装备 / 武器部件,按当前导航约定归类,不适用,2,9,9,6,6,1,0,0,0,0,0,0
硫磺岛插旗,B2-2-759,图像与标识,图像与标识 / 艺术图像 / 摄影作品,按当前导航约定归类,不适用,2,37,35,35,35,28,18,0,0,0,1,0
硬壳轮滑鞋,B2-2-760,器具与设备,器具与设备 / 体育器材 / 轮滑鞋与护具,按当前导航约定归类,不适用,2,10,10,6,10,3,0,0,0,0,0,0
碑铭神庙,B2-2-761,建筑与设施,建筑与设施 / 宗教建筑 / 寺庙与神庙,按当前导航约定归类,不适用,2,7,7,7,7,3,1,0,0,0,1,0
碟形香槟杯,B2-2-762,器具与设备,器具与设备 / 餐厨与日用器具 / 杯具,按当前导航约定归类,不适用,2,10,10,7,8,1,0,0,0,0,0,0
碰铃,B2-2-763,器具与设备,器具与设备 / 乐器 / 打击乐器,按当前导航约定归类,不适用,2,10,10,8,8,2,2,0,0,0,0,0
碱水汉堡胚,B2-2-764,食物与食材,食物与食材 / 米面食品 / 面包与烤饼,按当前导航约定归类,不适用,2,6,6,5,6,2,0,0,0,0,0,0
碳纤维斗式座椅,B2-2-765,交通工具,交通工具 / 交通工具部件 / 座椅与乘坐部件,按当前导航约定归类,不适用,2,7,7,6,6,3,0,0,0,0,0,0
社交网络图,B2-2-766,图像与标识,图像与标识 / 科学与信息图示 / 分类与关系图,按当前导航约定归类,不适用,2,12,12,10,10,9,2,0,0,0,0,0
祖国母亲在召唤,B2-2-767,艺术与装饰品,艺术与装饰品 / 雕塑与立体作品 / 雕塑及装置作品,按当前导航约定归类,不适用,2,31,31,29,29,28,16,0,0,0,1,0
神奈川冲浪里,B2-2-768,图像与标识,图像与标识 / 艺术图像 / 绘画与版画作品,按当前导航约定归类,不适用,2,15,15,12,15,6,1,0,0,0,1,0
神奈川冲浪里木刻版,B2-2-769,图像与标识,图像与标识 / 艺术图像 / 绘画与版画作品,按当前导航约定归类,不适用,2,44,42,23,42,17,14,0,0,0,1,0
神奈川冲浪里（葛饰北斋）,B2-2-770,图像与标识,图像与标识 / 艺术图像 / 绘画与版画作品,按当前导航约定归类,不适用,2,47,45,24,45,19,12,0,0,0,1,0
禁止入内标志,B2-2-771,图像与标识,图像与标识 / 公共标志 / 禁止标志,按当前导航约定归类,不适用,2,8,8,6,7,3,1,0,0,0,0,0
科隆大主教教堂,B2-2-772,建筑与设施,建筑与设施 / 宗教建筑 / 教堂,按当前导航约定归类,不适用,2,10,10,8,10,7,1,0,0,0,0,0
科隆大教堂,B2-2-773,建筑与设施,建筑与设施 / 宗教建筑 / 教堂,按当前导航约定归类,不适用,2,16,16,15,16,11,7,0,0,0,1,0
科马尔卡尔科,B2-2-774,建筑与设施,建筑与设施 / 遗址 / 建筑与聚落遗址,按当前导航约定归类,不适用,2,5,5,5,5,0,0,0,0,0,1,0
秦兵马俑,B2-2-775,艺术与装饰品,艺术与装饰品 / 雕塑与立体作品 / 雕塑及装置作品,按当前导航约定归类,不适用,2,71,67,40,65,39,22,0,0,0,1,0
秦始皇陵兵马俑,B2-2-776,艺术与装饰品,艺术与装饰品 / 雕塑与立体作品 / 雕塑及装置作品,按当前导航约定归类,不适用,2,16,15,7,12,4,1,0,0,0,1,0
秦始皇陵铜车马,B2-2-777,艺术与装饰品,艺术与装饰品 / 雕塑与立体作品 / 雕塑及装置作品,按当前导航约定归类,不适用,2,44,43,42,43,39,31,0,0,0,1,0
秦铜车马,B2-2-778,艺术与装饰品,艺术与装饰品 / 雕塑与立体作品 / 雕塑及装置作品,按当前导航约定归类,不适用,2,6,6,6,6,4,0,0,0,0,1,0
秦陵铜车马,B2-2-779,艺术与装饰品,艺术与装饰品 / 雕塑与立体作品 / 雕塑及装置作品,按当前导航约定归类,不适用,2,54,54,51,53,46,25,0,0,0,1,0
程阳永济桥,B2-2-782,建筑与设施,建筑与设施 / 桥梁 / 具名桥梁,按当前导航约定归类,不适用,2,10,10,9,10,3,2,0,0,0,0,0
空间中的连续形体（波丘尼）,B2-2-783,艺术与装饰品,艺术与装饰品 / 雕塑与立体作品 / 雕塑及装置作品,按当前导航约定归类,不适用,2,60,60,31,47,28,19,0,0,0,1,0
空间之鸟（布朗库西）,B2-2-784,艺术与装饰品,艺术与装饰品 / 雕塑与立体作品 / 雕塑及装置作品,按当前导航约定归类,不适用,2,28,28,19,28,17,12,0,0,0,1,0
窄型自行车座,B2-2-785,交通工具,交通工具 / 交通工具部件 / 座椅与乘坐部件,按当前导航约定归类,不适用,2,8,8,5,8,4,1,0,0,0,0,0
窗花,B2-2-786,艺术与装饰品,艺术与装饰品 / 工艺品 / 剪纸,按当前导航约定归类,不适用,2,369,310,280,302,203,91,0,110,103,2,1
立交桥,B2-2-787,建筑与设施,建筑与设施 / 交通与水工设施 / 立交设施,按当前导航约定归类,不适用,2,10,10,8,8,6,3,0,0,0,0,0
立耳蝙蝠耳型,B2-2-790,待明确主体,待明确主体 / 名称信息不足 / 颜色与形态片段,需要上下文,主体待确认,2,7,7,5,5,2,0,0,0,0,0,0
竖劈叉,B2-2-791,活动与场景,活动与场景 / 身体动作 / 姿势与伸展,按当前导航约定归类,不适用,2,9,9,5,5,0,0,0,0,0,0,0
竞速冰刀,B2-2-792,器具与设备,器具与设备 / 体育器材 / 冰上装备部件,按当前导航约定归类,不适用,2,10,10,8,10,4,1,0,0,0,0,0
笔式玻璃刀,B2-2-793,器具与设备,器具与设备 / 手工工具 / 切割工具,按当前导航约定归类,不适用,2,6,6,1,5,0,0,0,0,0,0,0
笙,B2-2-794,器具与设备,器具与设备 / 乐器 / 吹管乐器,按当前导航约定归类,不适用,2,23,23,21,22,12,6,0,0,0,0,0
笛形香槟杯,B2-2-795,器具与设备,器具与设备 / 餐厨与日用器具 / 杯具,按当前导航约定归类,不适用,2,10,10,6,7,2,0,0,0,0,0,0
笛膜,B2-2-796,器具与设备,器具与设备 / 乐器 / 乐器部件与配套设备,按当前导航约定归类,不适用,2,9,9,9,9,5,1,0,0,0,0,0
管风琴师乐器,B2-2-797,待明确主体,待明确主体 / 名称有多种解释 / 人物与器物指向,需要上下文,主体待确认,2,8,8,5,8,3,1,0,0,0,0,0
箱水母,B2-2-798,动物,动物 / 其他无脊椎动物 / 刺胞动物,按当前导航约定归类,未明确到种,2,11,11,9,9,4,0,0,0,0,0,0
米兰大教堂,B2-2-799,建筑与设施,建筑与设施 / 宗教建筑 / 教堂,按当前导航约定归类,不适用,2,393,316,245,306,178,99,0,95,93,1,0
米开朗基罗摩西像,B2-2-800,艺术与装饰品,艺术与装饰品 / 雕塑与立体作品 / 雕塑及装置作品,按当前导航约定归类,不适用,2,38,36,33,36,31,15,0,0,0,1,0
米诺陶洛斯传说,B2-2-801,抽象与文化主题,抽象与文化主题 / 文本与叙事 / 传说与作品,需要明确视觉载体,不适用,2,6,6,6,6,4,2,0,0,0,1,0
粗管面配肉酱,B2-2-802,食物与食材,食物与食材 / 米面食品 / 面条与意面,按当前导航约定归类,不适用,2,8,8,5,8,0,0,0,0,0,0,0
粗粒玉米面包,B2-2-803,食物与食材,食物与食材 / 米面食品 / 面包与烤饼,按当前导航约定归类,不适用,2,10,10,7,10,4,0,0,0,0,0,0
粽子,B2-2-804,食物与食材,食物与食材 / 米面食品 / 糕团与粽子,按当前导航约定归类,不适用,2,10,10,9,10,6,2,0,0,0,0,0
糖画,B2-2-805,食物与食材,食物与食材 / 糕点与甜品 / 糖果与甜食,按当前导航约定归类,不适用,2,12,12,10,10,5,2,0,0,0,0,0
糖葫芦,B2-2-806,食物与食材,食物与食材 / 糕点与甜品 / 糖果与甜食,按当前导航约定归类,不适用,2,10,10,6,10,2,2,0,0,0,0,0
紫色西兰花,B2-2-807,植物,植物 / 草本与藤本植物 / 蔬菜与豆类植物,按当前导航约定归类,未核验到种,2,10,10,6,6,3,0,0,0,0,0,0
红枣粽,B2-2-808,食物与食材,食物与食材 / 米面食品 / 糕团与粽子,按当前导航约定归类,不适用,2,8,8,4,4,3,1,0,0,0,0,0
红棕色杜宾犬,B2-2-809,动物,动物 / 哺乳动物 / 家犬与犬品种,按当前导航约定归类,品种或栽培类型,2,9,9,6,8,3,0,0,0,0,0,0
红腹灰雀黑色冠,B2-2-810,动物,动物 / 鸟类 / 雀形目鸟类,按当前导航约定归类,未核验到种,2,8,8,5,5,0,0,0,0,0,0,0
红色的和谐（马蒂斯）,B2-2-811,图像与标识,图像与标识 / 艺术图像 / 绘画与版画作品,按当前导航约定归类,不适用,2,46,46,42,45,38,30,0,0,0,1,0
红色的画室（马蒂斯）,B2-2-812,图像与标识,图像与标识 / 艺术图像 / 绘画与版画作品,按当前导航约定归类,不适用,2,32,32,15,24,11,3,0,0,0,1,0
红色葡萄园（梵高）,B2-2-813,图像与标识,图像与标识 / 艺术图像 / 绘画与版画作品,按当前导航约定归类,不适用,2,70,69,69,69,64,55,0,0,0,1,0
红豆酥,B2-2-814,食物与食材,食物与食材 / 糕点与甜品 / 酥点与糕点,按当前导航约定归类,不适用,2,10,10,7,7,2,0,0,0,0,0,0
约克夏梗,B2-2-815,动物,动物 / 哺乳动物 / 家犬与犬品种,按当前导航约定归类,品种或栽培类型,2,11,11,9,9,6,2,0,0,0,0,0
纯白萨摩耶,B2-2-816,动物,动物 / 哺乳动物 / 家犬与犬品种,按当前导航约定归类,品种或栽培类型,2,10,10,3,7,1,0,0,0,0,0,0
纳西族披星戴月衣,B2-2-817,服饰与造型,服饰与造型 / 服装 / 传统与民族服装,按当前导航约定归类,不适用,2,5,5,4,4,3,0,0,0,0,0,0
线形动物,B2-2-818,动物,动物 / 其他无脊椎动物 / 蠕虫类群,按当前导航约定归类,未明确到种,2,8,8,6,6,3,2,0,0,0,0,0
线粒体,B2-2-819,微观生物结构,微观生物结构 / 细胞结构 / 细胞器与细胞膜,按当前导航约定归类,不适用,2,10,10,8,8,5,1,0,0,0,0,0
细胞膜,B2-2-820,微观生物结构,微观生物结构 / 细胞结构 / 细胞器与细胞膜,按当前导航约定归类,不适用,2,8,8,6,6,4,2,0,0,0,0,0
织物斗式座椅,B2-2-821,交通工具,交通工具 / 交通工具部件 / 座椅与乘坐部件,按当前导航约定归类,不适用,2,8,7,5,5,0,0,0,0,0,0,0
经典普罗旺斯杂烩,B2-2-822,食物与食材,食物与食材 / 菜肴 / 炖菜与火锅,按当前导航约定归类,不适用,2,10,10,7,8,1,0,0,0,0,0,0
经典法棍,B2-2-823,食物与食材,食物与食材 / 米面食品 / 面包与烤饼,按当前导航约定归类,不适用,2,8,8,6,6,2,1,0,0,0,0,0
经典鲍伊刀,B2-2-824,器具与设备,器具与设备 / 手工工具 / 户外刀具,按当前导航约定归类,不适用,2,7,7,2,7,1,1,0,0,0,0,0
结球白菜,B2-2-825,植物,植物 / 草本与藤本植物 / 蔬菜与豆类植物,按当前导航约定归类,未核验到种,2,9,9,7,7,3,2,0,0,0,0,0
维吾尔族艾德莱斯绸裙,B2-2-826,服饰与造型,服饰与造型 / 服装 / 传统与民族服装,按当前导航约定归类,不适用,2,4,4,4,4,1,0,0,0,0,0,0
绿色羽衣甘蓝,B2-2-828,植物,植物 / 草本与藤本植物 / 蔬菜与豆类植物,按当前导航约定归类,未核验到种,2,9,9,6,8,3,1,0,0,0,0,0
绿豆糕模具,B2-2-829,器具与设备,器具与设备 / 餐厨与日用器具 / 模具,按当前导航约定归类,不适用,2,10,10,8,8,3,2,0,0,0,0,0
绿釉陶,B2-2-830,艺术与装饰品,艺术与装饰品 / 工艺品 / 陶瓷器与陶瓷工艺,按当前导航约定归类,不适用,2,69,67,53,67,48,40,0,0,0,1,0
编织悬巢,B2-2-831,动物,动物 / 动物活动遗迹 / 巢穴,按当前导航约定归类,未核验到种,2,7,7,7,7,2,1,0,0,0,0,0
罂粟籽哈拉面包,B2-2-832,食物与食材,食物与食材 / 米面食品 / 面包与烤饼,按当前导航约定归类,不适用,2,8,8,5,6,2,0,0,0,0,0,0
罗伯特·卡帕倒下的士兵,B2-2-833,图像与标识,图像与标识 / 艺术图像 / 摄影作品,按当前导航约定归类,不适用,2,24,22,19,22,13,7,0,0,0,1,0
罗马斗兽场,B2-2-834,建筑与设施,建筑与设施 / 建筑与建筑群 / 公共与商业建筑,按当前导航约定归类,不适用,2,78,77,31,77,26,18,0,0,0,1,0
罗马花椰菜,B2-2-835,植物,植物 / 草本与藤本植物 / 蔬菜与豆类植物,按当前导航约定归类,未核验到种,2,10,10,8,8,3,0,0,0,0,0,0
美国哥特式,B2-2-836,图像与标识,图像与标识 / 艺术图像 / 绘画与版画作品,按当前导航约定归类,不适用,2,54,52,50,52,46,37,0,0,0,1,0
美洲狮雪地,B2-2-837,动物,动物 / 哺乳动物 / 野生猫科动物,按当前导航约定归类,未核验到种,2,9,9,8,8,5,0,0,0,0,0,0
羽管键琴舞台,B2-2-838,活动与场景,活动与场景 / 音乐活动 / 舞台场景,按当前导航约定归类,不适用,2,8,8,4,6,2,1,0,0,0,0,0
老北京涮羊肉,B2-2-839,食物与食材,食物与食材 / 菜肴 / 炖菜与火锅,按当前导航约定归类,不适用,2,13,13,8,12,5,1,0,0,0,1,0
老式双桅货运帆船,B2-2-840,交通工具,交通工具 / 水上交通工具 / 帆船,按当前导航约定归类,不适用,2,9,8,4,4,1,0,0,0,0,0,0
老虎栖息地,B2-2-841,动物,动物 / 哺乳动物 / 野生猫科动物,按当前导航约定归类,未核验到种,2,10,10,6,8,2,0,0,0,0,0,0
耳廓狐宠物,B2-2-842,动物,动物 / 哺乳动物 / 野生犬科动物,按当前导航约定归类,未核验到种,2,10,10,6,8,3,1,0,0,0,0,0
耶稣受难像,B2-2-843,艺术与装饰品,艺术与装饰品 / 雕塑与立体作品 / 雕塑及装置作品,按当前导航约定归类,不适用,2,121,100,96,98,95,79,0,0,0,1,0
肉形石,B2-2-844,艺术与装饰品,艺术与装饰品 / 文物器物 / 玉石器,按当前导航约定归类,不适用,2,30,30,29,29,24,16,0,0,0,1,0
肉桂奶油面包,B2-2-845,食物与食材,食物与食材 / 米面食品 / 面包与烤饼,按当前导航约定归类,不适用,2,10,9,6,7,5,1,0,0,0,0,0
肉桂结,B2-2-846,食物与食材,食物与食材 / 米面食品 / 面包与烤饼,按当前导航约定归类,不适用,2,8,8,7,8,5,1,0,0,0,0,0
肉馅汤圆,B2-2-847,食物与食材,食物与食材 / 米面食品 / 汤圆,按当前导航约定归类,不适用,2,10,10,8,10,3,0,0,0,0,0,0
肋骨X光,B2-2-848,图像与标识,图像与标识 / 医学图像与模型 / 医学影像,按当前导航约定归类,不适用,2,9,9,9,9,2,2,0,0,0,0,0
肋骨模型,B2-2-849,图像与标识,图像与标识 / 医学图像与模型 / 解剖模型,按当前导航约定归类,不适用,2,8,8,5,7,3,1,0,0,0,0,0
股骨模型,B2-2-850,图像与标识,图像与标识 / 医学图像与模型 / 解剖模型,按当前导航约定归类,不适用,2,10,10,9,10,3,0,0,0,0,0,0
胡夫金字塔,B2-2-851,建筑与设施,建筑与设施 / 建筑与建筑群 / 陵墓与墓葬建筑,按当前导航约定归类,不适用,2,7,7,5,6,2,0,0,0,0,1,0
胡须斧战斧,B2-2-852,器具与设备,器具与设备 / 武器与防护装备 / 刀剑与战斧,按当前导航约定归类,不适用,2,9,8,8,8,2,0,0,0,0,0,0
胶片放映机,B2-2-853,器具与设备,器具与设备 / 摄影器材 / 电影与放映设备,按当前导航约定归类,不适用,2,8,8,6,8,1,0,0,0,0,0,0
胶片电影摄影机,B2-2-854,器具与设备,器具与设备 / 摄影器材 / 电影与放映设备,按当前导航约定归类,不适用,2,9,9,7,8,3,0,0,0,0,0,0
胶片齿孔,B2-2-855,器具与设备,器具与设备 / 摄影器材 / 胶片与感光材料,按当前导航约定归类,不适用,2,8,8,5,6,3,3,0,0,0,0,0
胸腔肋骨,B2-2-856,人物与人体,人物与人体 / 人体结构 / 骨骼,按当前导航约定归类,不适用,2,10,10,6,8,4,1,0,0,0,0,0
脆皮可颂,B2-2-857,食物与食材,食物与食材 / 米面食品 / 面包与烤饼,按当前导航约定归类,不适用,2,10,10,10,10,6,2,0,0,0,0,0
脊柱生理弯曲,B2-2-858,人物与人体,人物与人体 / 人体结构 / 骨骼,按当前导航约定归类,不适用,2,5,5,4,5,1,0,0,0,0,0,0
脊椎,B2-2-859,人物与人体,人物与人体 / 人体结构 / 骨骼,按当前导航约定归类,不适用,2,8,8,3,6,1,0,0,0,0,0,0
腰果,B2-2-860,食物与食材,食物与食材 / 植物性食材 / 坚果仁与种仁,按当前导航约定归类,不适用,2,10,10,5,9,3,0,0,0,0,0,0
腰果仁,B2-2-861,食物与食材,食物与食材 / 植物性食材 / 坚果仁与种仁,按当前导航约定归类,不适用,2,10,10,4,8,2,0,0,0,0,0,0
自动对焦单反相机,B2-2-862,器具与设备,器具与设备 / 摄影器材 / 照相机,按当前导航约定归类,不适用,2,9,9,6,9,2,0,0,0,0,0,0
自动弹簧刀,B2-2-863,器具与设备,器具与设备 / 手工工具 / 户外刀具,按当前导航约定归类,不适用,2,10,10,8,8,6,0,0,0,0,0,0
自杀的高卢人,B2-2-864,艺术与装饰品,艺术与装饰品 / 雕塑与立体作品 / 雕塑及装置作品,按当前导航约定归类,不适用,2,30,29,26,26,21,18,0,0,0,1,0
自由女神像,B2-2-865,艺术与装饰品,艺术与装饰品 / 雕塑与立体作品 / 雕塑及装置作品,按当前导航约定归类,不适用,2,26,26,23,24,17,6,0,0,0,1,0
自由引导人民,B2-2-866,图像与标识,图像与标识 / 艺术图像 / 绘画与版画作品,按当前导航约定归类,不适用,2,96,85,75,78,54,24,0,35,34,2,1
自由泳划臂,B2-2-867,活动与场景,活动与场景 / 体育活动 / 游泳与跳水,按当前导航约定归类,不适用,2,5,5,5,5,1,0,0,0,0,0,0
自由泳呼吸,B2-2-868,活动与场景,活动与场景 / 体育活动 / 游泳与跳水,按当前导航约定归类,不适用,2,9,9,8,9,2,0,0,0,0,0,0
自由泳技术,B2-2-869,活动与场景,活动与场景 / 体育活动 / 游泳与跳水,按当前导航约定归类,不适用,2,7,7,5,7,0,0,0,0,0,0,0
自由深蹲架,B2-2-870,器具与设备,器具与设备 / 体育器材 / 力量与健身器械,按当前导航约定归类,不适用,2,8,8,8,8,4,0,0,0,0,0,0
自画像（达·芬奇素描）,B2-2-871,图像与标识,图像与标识 / 艺术图像 / 绘画与版画作品,按当前导航约定归类,不适用,2,22,21,20,21,17,4,0,0,0,1,0
自行车轮（杜尚）,B2-2-872,艺术与装饰品,艺术与装饰品 / 雕塑与立体作品 / 雕塑及装置作品,按当前导航约定归类,不适用,2,96,94,85,94,79,68,0,0,0,1,0
舞马衔杯纹银壶,B2-2-873,艺术与装饰品,艺术与装饰品 / 文物器物 / 容器与礼器,按当前导航约定归类,不适用,2,33,33,25,33,22,9,0,0,0,1,0
舞龙,B2-2-874,活动与场景,活动与场景 / 民俗与公共活动 / 节庆活动,按当前导航约定归类,不适用,2,77,54,54,54,51,41,0,0,0,1,0
船闸,B2-2-875,建筑与设施,建筑与设施 / 交通与水工设施 / 水处理与输水设施,按当前导航约定归类,不适用,2,7,7,7,7,3,2,0,0,0,0,0
艾提尕尔清真寺,B2-2-876,建筑与设施,建筑与设施 / 宗教建筑 / 清真寺,按当前导航约定归类,不适用,2,74,74,72,72,69,57,0,0,0,1,0
芒果,B2-2-879,植物,植物 / 木本植物 / 果树,按当前导航约定归类,未核验到种,2,11,11,6,7,4,0,0,0,0,0,0
芙蓉锦鸡图,B2-2-880,图像与标识,图像与标识 / 艺术图像 / 绘画与版画作品,按当前导航约定归类,不适用,2,68,50,35,50,29,17,0,0,0,1,0
芝加哥毕加索雕塑,B2-2-881,艺术与装饰品,艺术与装饰品 / 雕塑与立体作品 / 雕塑及装置作品,按当前导航约定归类,不适用,2,36,36,35,36,30,21,0,0,0,1,0
芝士千层面,B2-2-882,食物与食材,食物与食材 / 米面食品 / 面条与意面,按当前导航约定归类,不适用,2,9,9,9,9,4,2,0,0,0,0,0
芝士可颂,B2-2-883,食物与食材,食物与食材 / 米面食品 / 面包与烤饼,按当前导航约定归类,不适用,2,10,10,9,10,5,2,0,0,0,0,0
芝麻哈拉面包,B2-2-884,食物与食材,食物与食材 / 米面食品 / 面包与烤饼,按当前导航约定归类,不适用,2,8,8,6,6,3,0,0,0,0,0,0
芝麻糖,B2-2-885,食物与食材,食物与食材 / 糕点与甜品 / 糖果与甜食,按当前导航约定归类,不适用,2,9,9,7,7,6,1,0,0,0,0,0
芦笋田,B2-2-887,活动与场景,活动与场景 / 农业与园艺场景 / 农田与种植,按当前导航约定归类,不适用,2,10,10,8,8,6,2,0,0,0,0,0
花园喷雾器,B2-2-888,器具与设备,器具与设备 / 机械与作业设备 / 喷雾设备,按当前导航约定归类,不适用,2,10,10,8,8,4,1,0,0,0,0,0
花样滑冰冰刀,B2-2-889,器具与设备,器具与设备 / 体育器材 / 冰上装备部件,按当前导航约定归类,不适用,2,8,8,3,3,1,0,0,0,0,0,0
花样滑冰冰鞋,B2-2-890,器具与设备,器具与设备 / 体育器材 / 冰鞋,按当前导航约定归类,不适用,2,9,9,8,8,4,0,0,0,0,0,0
花样滑冰托举,B2-2-891,活动与场景,活动与场景 / 体育活动 / 冰雪运动,按当前导航约定归类,不适用,2,8,8,6,6,3,0,0,0,0,0,0
花样滑冰旋转,B2-2-892,活动与场景,活动与场景 / 体育活动 / 冰雪运动,按当前导航约定归类,不适用,2,9,9,5,7,3,0,0,0,0,0,0
花样滑冰跳跃,B2-2-893,活动与场景,活动与场景 / 体育活动 / 冰雪运动,按当前导航约定归类,不适用,2,8,8,4,4,2,0,0,0,0,0,0
花椰菜的花,B2-2-894,植物,植物 / 植物部位 / 花与花序,按当前导航约定归类,未核验到种,2,10,10,5,9,4,0,0,0,0,0,0
花滑冰鞋鞋套,B2-2-895,器具与设备,器具与设备 / 体育器材 / 冰上装备部件,按当前导航约定归类,不适用,2,6,6,4,6,0,0,0,0,0,0,0
花滑冰鞋鞋跟,B2-2-896,器具与设备,器具与设备 / 体育器材 / 冰上装备部件,按当前导航约定归类,不适用,2,8,8,4,6,1,0,0,0,0,0,0
花生酥,B2-2-898,食物与食材,食物与食材 / 糕点与甜品 / 酥点与糕点,按当前导航约定归类,不适用,2,10,10,10,10,7,2,0,0,0,0,0
花盆鼓,B2-2-899,器具与设备,器具与设备 / 乐器 / 打击乐器,按当前导航约定归类,不适用,2,9,9,7,8,4,3,0,0,0,0,0
花边派盘,B2-2-900,器具与设备,器具与设备 / 餐厨与日用器具 / 模具,按当前导航约定归类,不适用,2,8,8,5,8,1,0,0,0,0,0,0
芸豆卷,B2-2-901,食物与食材,食物与食材 / 米面食品 / 糕团与粽子,按当前导航约定归类,不适用,2,10,10,8,8,3,0,0,0,0,1,0
芹菜,B2-2-902,植物,植物 / 草本与藤本植物 / 蔬菜与豆类植物,按当前导航约定归类,未核验到种,2,14,14,6,10,3,1,0,0,0,0,0
苏州园林,B2-2-903,建筑与设施,建筑与设施 / 建筑与建筑群 / 园林与公园,按当前导航约定归类,不适用,2,70,67,49,67,46,31,0,0,0,1,0
苏州拙政园,B2-2-904,建筑与设施,建筑与设施 / 建筑与建筑群 / 园林与公园,按当前导航约定归类,不适用,2,15,14,11,14,8,2,0,0,0,1,0
苔藓植物,B2-2-905,植物,植物 / 生长形态与类群 / 高阶植物类群,按当前导航约定归类,未明确到种,2,8,8,6,6,3,1,0,0,0,0,0
英国新拉纳克,B2-2-906,建筑与设施,建筑与设施 / 遗址 / 工业与交通遗产,按当前导航约定归类,不适用,2,113,94,91,92,86,76,0,0,0,1,0
英标插头,B2-2-907,器具与设备,器具与设备 / 电气连接件 / 插头,按当前导航约定归类,不适用,2,10,10,8,8,4,2,0,0,0,0,0
苹果焦糖卷,B2-2-908,食物与食材,食物与食材 / 米面食品 / 面包与烤饼,按当前导航约定归类,不适用,2,10,10,7,8,4,0,0,0,0,0,0
苹果肉桂焦糖卷,B2-2-909,食物与食材,食物与食材 / 米面食品 / 面包与烤饼,按当前导航约定归类,不适用,2,8,8,5,6,2,0,0,0,0,0,0
茂陵石刻（马踏匈奴）,B2-2-910,艺术与装饰品,艺术与装饰品 / 雕塑与立体作品 / 雕塑及装置作品,按当前导航约定归类,不适用,2,17,17,16,17,10,0,0,0,0,1,0
草镰,B2-2-911,器具与设备,器具与设备 / 手工工具 / 镰刀与农用刀具,按当前导航约定归类,不适用,2,7,7,5,5,2,2,0,0,0,0,0
荷花,B2-2-912,植物,植物 / 草本与藤本植物 / 水生与湿地植物,按当前导航约定归类,未核验到种,2,18,18,14,16,13,8,0,0,0,1,0
荷花池,B2-2-913,活动与场景,活动与场景 / 水域与植被场景 / 荷塘,按当前导航约定归类,不适用,2,10,10,7,8,6,2,0,0,0,0,0
荷花的叶,B2-2-914,植物,植物 / 植物部位 / 叶,按当前导航约定归类,未核验到种,2,7,7,6,6,4,3,0,0,0,0,0
莫斯塔尔老桥,B2-2-916,建筑与设施,建筑与设施 / 桥梁 / 具名桥梁,按当前导航约定归类,不适用,2,89,87,86,86,82,65,0,0,0,1,0
莲蓉包,B2-2-917,食物与食材,食物与食材 / 米面食品 / 包子与馒头,按当前导航约定归类,不适用,2,10,10,6,8,2,0,0,0,0,0,0
莲蓬,B2-2-918,植物,植物 / 植物部位 / 球果种子与附属组织,按当前导航约定归类,未核验到种,2,10,10,8,8,6,2,0,0,0,0,0
莲鹤方壶,B2-2-919,艺术与装饰品,艺术与装饰品 / 文物器物 / 容器与礼器,按当前导航约定归类,不适用,2,67,66,65,66,58,48,0,0,0,1,0
菜切包丁,B2-2-920,器具与设备,器具与设备 / 餐厨与日用器具 / 刀具,按当前导航约定归类,不适用,2,8,8,8,8,1,0,0,0,0,0,0
菜薹,B2-2-921,植物,植物 / 草本与藤本植物 / 蔬菜与豆类植物,按当前导航约定归类,未核验到种,2,8,8,8,8,5,2,0,0,0,0,0
菠菜,B2-2-922,植物,植物 / 草本与藤本植物 / 蔬菜与豆类植物,按当前导航约定归类,未核验到种,2,10,10,4,8,1,0,0,0,0,0,0
菠菜千层面,B2-2-923,食物与食材,食物与食材 / 米面食品 / 面条与意面,按当前导航约定归类,不适用,2,10,10,10,10,8,2,0,0,0,0,0
菠菜口袋饼,B2-2-924,食物与食材,食物与食材 / 米面食品 / 面包与烤饼,按当前导航约定归类,不适用,2,8,8,6,8,2,0,0,0,0,0,0
菲莱神庙,B2-2-925,建筑与设施,建筑与设施 / 宗教建筑 / 寺庙与神庙,按当前导航约定归类,不适用,2,6,5,5,5,3,1,0,0,0,1,0
萨伏伊别墅,B2-2-926,建筑与设施,建筑与设施 / 建筑与建筑群 / 居住建筑,按当前导航约定归类,不适用,2,37,37,32,37,25,19,0,0,0,1,0
萨其马,B2-2-927,食物与食材,食物与食材 / 糕点与甜品 / 酥点与糕点,按当前导航约定归类,不适用,2,12,12,10,10,6,0,0,0,0,1,0
萨摩耶幼犬,B2-2-928,动物,动物 / 哺乳动物 / 家犬与犬品种,按当前导航约定归类,品种或栽培类型,2,10,10,6,6,4,1,0,0,0,0,0
萨摩耶雪地奔跑,B2-2-929,动物,动物 / 哺乳动物 / 家犬与犬品种,按当前导航约定归类,品种或栽培类型,2,10,10,7,8,5,0,0,0,0,0,0
萨杜恩神庙,B2-2-930,建筑与设施,建筑与设施 / 宗教建筑 / 寺庙与神庙,按当前导航约定归类,不适用,2,6,6,4,4,0,0,0,0,0,0,0
落地电风扇,B2-2-931,器具与设备,器具与设备 / 环境调节设备 / 风扇,按当前导航约定归类,不适用,2,10,10,9,10,4,0,0,0,0,0,0
葡萄叶调味酿卷,B2-2-932,食物与食材,食物与食材 / 菜肴 / 酿蔬菜与叶包菜肴,按当前导航约定归类,不适用,2,6,6,6,6,3,0,0,0,0,0,0
葡萄干肉桂卷,B2-2-933,食物与食材,食物与食材 / 米面食品 / 面包与烤饼,按当前导航约定归类,不适用,2,8,8,7,7,3,0,0,0,0,0,0
葡萄干苏打面包,B2-2-934,食物与食材,食物与食材 / 米面食品 / 面包与烤饼,按当前导航约定归类,不适用,2,9,7,5,6,5,0,0,0,0,0,0
葡萄干英式松饼,B2-2-935,食物与食材,食物与食材 / 米面食品 / 面包与烤饼,按当前导航约定归类,不适用,2,10,10,7,8,5,0,0,0,0,0,0
葡萄干麸皮马芬,B2-2-936,食物与食材,食物与食材 / 糕点与甜品 / 酥点与糕点,按当前导航约定归类,不适用,2,8,8,5,8,2,1,0,0,0,0,0
葡萄干黑麦面包,B2-2-937,食物与食材,食物与食材 / 米面食品 / 面包与烤饼,按当前导航约定归类,不适用,2,10,10,8,8,4,0,0,0,0,0,0
葡萄牙战舰,B2-2-938,动物,动物 / 其他无脊椎动物 / 刺胞动物,按当前导航约定归类,未核验到种,2,10,10,10,10,2,0,0,0,0,0,0
葱花香菇馒头,B2-2-939,食物与食材,食物与食材 / 米面食品 / 包子与馒头,按当前导航约定归类,不适用,2,6,6,4,6,3,1,0,0,0,0,0
葵花籽哈拉面包,B2-2-940,食物与食材,食物与食材 / 米面食品 / 面包与烤饼,按当前导航约定归类,不适用,2,4,4,3,4,0,0,0,0,0,0,0
蒂卡尔,B2-2-941,建筑与设施,建筑与设施 / 遗址 / 建筑与聚落遗址,按当前导航约定归类,不适用,2,106,105,104,105,101,84,0,0,0,1,0
蒜茸面包片,B2-2-942,食物与食材,食物与食材 / 米面食品 / 面包与烤饼,按当前导航约定归类,不适用,2,9,9,7,7,0,0,0,0,0,0,0
蒜蓉面包丁,B2-2-943,食物与食材,食物与食材 / 米面食品 / 面包与烤饼,按当前导航约定归类,不适用,2,8,8,6,6,2,0,0,0,0,0,0
蒜香烤饼,B2-2-944,食物与食材,食物与食材 / 米面食品 / 面包与烤饼,按当前导航约定归类,不适用,2,10,10,6,7,3,1,0,0,0,0,0
蓑鲉,B2-2-945,动物,动物 / 鱼类 / 鱼类名称,按当前导航约定归类,范围待确认,2,10,10,8,10,2,0,0,0,0,0,0
蓝色乒乓球台,B2-2-946,器具与设备,器具与设备 / 体育器材 / 球桌,按当前导航约定归类,不适用,2,10,10,6,8,2,0,0,0,0,0,0
蓝莓肉桂卷,B2-2-947,食物与食材,食物与食材 / 米面食品 / 面包与烤饼,按当前导航约定归类,不适用,2,8,8,6,6,4,0,0,0,0,0,0
蓝莓贝果,B2-2-948,食物与食材,食物与食材 / 米面食品 / 面包与烤饼,按当前导航约定归类,不适用,2,10,10,8,8,6,4,0,0,0,0,0
蓬皮杜艺术中心,B2-2-949,建筑与设施,建筑与设施 / 建筑与建筑群 / 公共与商业建筑,按当前导航约定归类,不适用,2,70,51,39,51,36,28,0,0,0,1,0
蔓越莓肉桂卷,B2-2-950,食物与食材,食物与食材 / 米面食品 / 面包与烤饼,按当前导航约定归类,不适用,2,10,10,8,8,6,1,0,0,0,0,0
薄荷,B2-2-951,植物,植物 / 草本与藤本植物 / 芳香与药用草本,按当前导航约定归类,范围待确认,2,10,9,5,7,3,2,0,0,0,0,0
薰衣草,B2-2-952,植物,植物 / 草本与藤本植物 / 芳香与药用草本,按当前导航约定归类,范围待确认,2,12,12,7,8,3,2,0,0,0,0,0
藏獒,B2-2-953,动物,动物 / 哺乳动物 / 家犬与犬品种,按当前导航约定归类,品种或栽培类型,2,10,10,8,8,6,0,0,0,0,0,0
藏袍,B2-2-954,服饰与造型,服饰与造型 / 服装 / 传统与民族服装,按当前导航约定归类,不适用,2,10,10,6,8,2,0,0,0,0,0,0
藕,B2-2-955,植物,植物 / 植物部位 / 根与茎,按当前导航约定归类,未核验到种,2,8,8,5,7,1,0,0,0,0,0,0
虎斑法国斗牛犬,B2-2-956,动物,动物 / 哺乳动物 / 家犬与犬品种,按当前导航约定归类,品种或栽培类型,2,10,10,6,6,2,1,0,0,0,0,0
虎斑猫幼崽,B2-2-957,动物,动物 / 哺乳动物 / 家猫与猫品种,按当前导航约定归类,品种或栽培类型,2,9,9,5,8,1,1,0,0,0,0,0
虎皮鹦鹉,B2-2-958,动物,动物 / 鸟类 / 鹦鹉类,按当前导航约定归类,未核验到种,2,10,10,8,8,5,2,0,0,0,0,0
虎食人卣,B2-2-959,艺术与装饰品,艺术与装饰品 / 文物器物 / 容器与礼器,按当前导航约定归类,不适用,2,30,29,21,27,16,12,0,0,0,1,0
虢国夫人游春图（张萱）,B2-2-960,图像与标识,图像与标识 / 艺术图像 / 绘画与版画作品,按当前导航约定归类,不适用,2,44,43,41,43,33,23,0,0,0,1,0
蚧壳虫,B2-2-962,动物,动物 / 节肢动物 / 蝉蝽蚜蚧类,按当前导航约定归类,未明确到种,2,9,9,6,6,3,2,0,0,0,0,0
蛋挞塔模,B2-2-963,器具与设备,器具与设备 / 餐厨与日用器具 / 模具,按当前导航约定归类,不适用,2,6,6,6,6,0,0,0,0,0,0,0
蛋黄粽,B2-2-964,食物与食材,食物与食材 / 米面食品 / 糕团与粽子,按当前导航约定归类,不适用,2,8,8,5,6,2,1,0,0,0,0,0
蜗牛天文台,B2-2-965,建筑与设施,建筑与设施 / 建筑与建筑群 / 公共与商业建筑,按当前导航约定归类,不适用,2,9,9,8,8,6,1,0,0,0,1,0
蝉花,B2-2-967,真菌,真菌 / 虫生真菌 / 虫草类真菌,按当前导航约定归类,未核验到种,2,10,10,7,9,5,0,0,0,0,0,0
蝎子钳,B2-2-968,动物,动物 / 身体部位与遗存 / 局部身体结构,按当前导航约定归类,未明确到种,2,10,10,8,10,2,2,0,0,0,0,0
蝙蝠侠,B2-2-969,图像与标识,图像与标识 / 文化图像 / 虚构人物与神祇,按当前导航约定归类,不适用,2,25,21,15,21,12,6,0,0,0,1,0
蝴蝶机,B2-2-970,器具与设备,器具与设备 / 体育器材 / 力量与健身器械,按当前导航约定归类,不适用,2,9,9,6,6,4,4,0,0,0,0,0
蝶蛹,B2-2-971,动物,动物 / 节肢动物 / 蝶蛾及其幼虫,按当前导航约定归类,未明确到种,2,10,10,5,6,4,1,0,0,0,0,0
螃蟹,B2-2-972,动物,动物 / 节肢动物 / 甲壳动物,按当前导航约定归类,未明确到种,2,11,11,8,11,4,1,0,0,0,0,0
螺栓,B2-2-973,器具与设备,器具与设备 / 机械零部件 / 紧固与弹性件,按当前导航约定归类,不适用,2,172,150,134,142,85,35,0,36,34,0,0
螺母,B2-2-974,器具与设备,器具与设备 / 机械零部件 / 紧固与弹性件,按当前导航约定归类,不适用,2,10,10,10,10,4,1,0,0,0,0,0
螺钿紫檀五弦琵琶,B2-2-975,器具与设备,器具与设备 / 乐器 / 弹拨与拉弦乐器,按当前导航约定归类,不适用,2,88,88,41,88,38,25,0,0,0,1,0
蟹肉班尼迪克蛋,B2-2-976,食物与食材,食物与食材 / 菜肴 / 蛋类组合菜肴,按当前导航约定归类,不适用,2,10,10,10,10,5,0,0,0,0,0,0
血细胞,B2-2-977,微观生物结构,微观生物结构 / 细胞结构 / 细胞与细胞骨架,按当前导航约定归类,不适用,2,8,8,5,8,3,0,0,0,0,0,0
行走的人（贾科梅蒂）,B2-2-978,艺术与装饰品,艺术与装饰品 / 雕塑与立体作品 / 雕塑及装置作品,按当前导航约定归类,不适用,2,68,66,56,66,52,45,0,0,0,1,0
袁大头银元,B2-2-979,艺术与装饰品,艺术与装饰品 / 钱币与印信 / 货币与金银锭,按当前导航约定归类,不适用,2,30,29,27,27,21,13,1,0,0,1,0
袋状悬巢,B2-2-980,动物,动物 / 动物活动遗迹 / 巢穴,按当前导航约定归类,未核验到种,2,7,7,5,5,2,0,0,0,0,0,0
被劫持的普洛塞庇娜（贝尼尼）,B2-2-981,艺术与装饰品,艺术与装饰品 / 雕塑与立体作品 / 雕塑及装置作品,按当前导航约定归类,不适用,2,43,40,39,40,36,22,0,0,0,1,0
装载机,B2-2-982,交通工具,交通工具 / 陆地车辆 / 作业车辆,按当前导航约定归类,不适用,2,8,8,7,8,6,4,0,0,0,0,0
西兰花的叶,B2-2-984,植物,植物 / 植物部位 / 叶,按当前导航约定归类,未核验到种,2,8,8,4,4,2,0,0,0,0,0,0
西施壶,B2-2-985,艺术与装饰品,艺术与装饰品 / 工艺品 / 陶瓷器与陶瓷工艺,按当前导航约定归类,不适用,2,22,22,19,20,16,10,0,0,0,1,0
西汉皇后之玺,B2-2-986,艺术与装饰品,艺术与装饰品 / 钱币与印信 / 印章与封泥,按当前导航约定归类,不适用,2,52,52,45,50,44,29,0,0,0,1,0
西洋双陆棋棋盘,B2-2-987,器具与设备,器具与设备 / 游戏器材 / 棋盘,按当前导航约定归类,不适用,2,9,9,8,8,4,0,0,0,0,0,0
西葫芦,B2-2-988,植物,植物 / 草本与藤本植物 / 蔬菜与豆类植物,按当前导航约定归类,未核验到种,2,8,8,6,6,4,1,0,0,0,0,0
西部牧场鞍,B2-2-990,器具与设备,器具与设备 / 体育器材 / 马术与乘骑装备,按当前导航约定归类,不适用,2,10,10,5,6,2,0,0,0,0,0,0
西高地白梗,B2-2-991,动物,动物 / 哺乳动物 / 家犬与犬品种,按当前导航约定归类,品种或栽培类型,2,10,10,10,10,5,3,0,0,0,0,0
覆盆子马芬,B2-2-992,食物与食材,食物与食材 / 糕点与甜品 / 酥点与糕点,按当前导航约定归类,不适用,2,11,11,7,9,4,0,0,0,0,0,0
记忆的永恒,B2-2-993,图像与标识,图像与标识 / 艺术图像 / 绘画与版画作品,按当前导航约定归类,不适用,2,9,9,6,9,5,5,0,0,0,1,0
记忆的永恒（达利）,B2-2-994,图像与标识,图像与标识 / 艺术图像 / 绘画与版画作品,按当前导航约定归类,不适用,2,55,54,27,44,22,16,0,0,0,1,0
诺曼底大桥,B2-2-995,建筑与设施,建筑与设施 / 桥梁 / 具名桥梁,按当前导航约定归类,不适用,2,53,51,33,51,27,22,0,0,0,1,0
豆沙月饼,B2-2-996,食物与食材,食物与食材 / 糕点与甜品 / 月饼,按当前导航约定归类,不适用,2,9,9,8,8,5,2,0,0,0,0,0
豌豆黄,B2-2-997,食物与食材,食物与食材 / 米面食品 / 糕团与粽子,按当前导航约定归类,不适用,2,12,12,10,10,4,0,0,0,0,1,0
豚骨叉烧拉面,B2-2-998,食物与食材,食物与食材 / 米面食品 / 面条与意面,按当前导航约定归类,不适用,2,8,8,6,6,6,1,0,0,0,0,0
豚骨拉面,B2-2-999,食物与食材,食物与食材 / 米面食品 / 面条与意面,按当前导航约定归类,不适用,2,10,10,9,9,7,1,0,0,0,0,0
贝尼尼圣特蕾莎的狂喜,B2-2-1000,艺术与装饰品,艺术与装饰品 / 雕塑与立体作品 / 雕塑及装置作品,按当前导航约定归类,不适用,2,27,26,15,23,15,8,0,0,0,1,0
贝斯演奏者,B2-2-1001,人物与人体,人物与人体 / 人物身份 / 音乐演奏者,按当前导航约定归类,不适用,2,9,9,4,8,0,0,0,0,0,0,0
贝贝南瓜,B2-2-1002,植物,植物 / 草本与藤本植物 / 蔬菜与豆类植物,按当前导航约定归类,未核验到种,2,9,9,7,7,4,1,0,0,0,0,0
货泉,B2-2-1004,艺术与装饰品,艺术与装饰品 / 钱币与印信 / 货币与金银锭,按当前导航约定归类,不适用,2,19,18,18,18,13,2,0,0,0,1,0
赛车斗式座椅,B2-2-1005,交通工具,交通工具 / 交通工具部件 / 座椅与乘坐部件,按当前导航约定归类,不适用,2,8,8,6,6,2,0,0,0,0,0,0
赛车驾驶座,B2-2-1006,交通工具,交通工具 / 交通工具部件 / 座椅与乘坐部件,按当前导航约定归类,不适用,2,11,11,7,7,4,1,0,0,0,0,0
赫尔墨斯与婴孩狄俄尼索斯（普拉克西特列斯）,B2-2-1007,艺术与装饰品,艺术与装饰品 / 雕塑与立体作品 / 雕塑及装置作品,按当前导航约定归类,不适用,2,56,55,18,53,14,11,0,0,0,1,0
越南会安古城,B2-2-1008,建筑与设施,建筑与设施 / 建筑与建筑群 / 古城与历史街区,按当前导航约定归类,不适用,2,70,50,48,49,44,34,0,0,0,1,0
越王勾践剑,B2-2-1009,器具与设备,器具与设备 / 武器与防护装备 / 刀剑与战斧,按当前导航约定归类,不适用,2,14,14,12,12,9,2,0,0,0,1,0
足球场,B2-2-1010,建筑与设施,建筑与设施 / 体育与活动设施 / 运动场地,按当前导航约定归类,不适用,2,9,9,7,9,6,2,0,0,0,0,0
足部假肢,B2-2-1011,器具与设备,器具与设备 / 康复辅助器具 / 假肢,按当前导航约定归类,不适用,2,8,8,6,6,2,2,0,0,0,0,0
跳水动作,B2-2-1012,活动与场景,活动与场景 / 体育活动 / 游泳与跳水,按当前导航约定归类,不适用,2,9,8,4,5,2,0,0,0,0,0,0
跳水比赛,B2-2-1013,活动与场景,活动与场景 / 体育活动 / 游泳与跳水,按当前导航约定归类,不适用,2,9,9,6,7,3,1,0,0,0,0,0
跳水跳板,B2-2-1014,器具与设备,器具与设备 / 体育器材 / 水上运动器具,按当前导航约定归类,不适用,2,10,10,4,8,3,1,0,0,0,0,0
踏歌图（马远）,B2-2-1015,图像与标识,图像与标识 / 艺术图像 / 绘画与版画作品,按当前导航约定归类,不适用,2,49,49,47,49,45,32,0,0,0,1,0
车载式升降平台,B2-2-1016,器具与设备,器具与设备 / 机械与作业设备 / 升降与顶升设备,按当前导航约定归类,不适用,2,10,10,5,6,1,0,0,0,0,0,0
轮滑鞋轮子,B2-2-1017,器具与设备,器具与设备 / 体育器材 / 轮滑装备部件,按当前导航约定归类,不适用,2,10,10,6,8,2,1,0,0,0,0,0
轮滑鞋轴承,B2-2-1018,器具与设备,器具与设备 / 体育器材 / 轮滑装备部件,按当前导航约定归类,不适用,2,10,10,8,8,2,0,0,0,0,0,0
软面轮滑鞋,B2-2-1019,器具与设备,器具与设备 / 体育器材 / 轮滑鞋与护具,按当前导航约定归类,不适用,2,8,8,3,6,2,0,0,0,0,0,0
轴承,B2-2-1020,器具与设备,器具与设备 / 机械零部件 / 传动与支承件,按当前导航约定归类,不适用,2,10,10,8,8,6,2,0,0,0,0,0
轻驾车赛,B2-2-1021,活动与场景,活动与场景 / 体育活动 / 马术与赛车,按当前导航约定归类,不适用,2,10,10,10,10,4,0,0,0,0,0,0
轿车斗式座椅,B2-2-1022,交通工具,交通工具 / 交通工具部件 / 座椅与乘坐部件,按当前导航约定归类,不适用,2,8,8,6,6,3,1,0,0,0,0,0
辣味噌拉面,B2-2-1023,食物与食材,食物与食材 / 米面食品 / 面条与意面,按当前导航约定归类,不适用,2,8,8,6,8,2,0,0,0,0,0,0
辣椒,B2-2-1024,植物,植物 / 草本与藤本植物 / 蔬菜与豆类植物,按当前导航约定归类,未核验到种,2,8,8,3,5,0,0,0,0,0,0,0
辣椒杰克玉米面包,B2-2-1025,食物与食材,食物与食材 / 米面食品 / 面包与烤饼,按当前导航约定归类,不适用,2,7,7,6,7,5,2,0,0,0,0,0
边境牧羊犬,B2-2-1026,动物,动物 / 哺乳动物 / 家犬与犬品种,按当前导航约定归类,品种或栽培类型,2,10,10,10,10,4,1,0,0,0,0,0
迈锡尼战士花瓶,B2-2-1027,艺术与装饰品,艺术与装饰品 / 工艺品 / 陶瓷器与陶瓷工艺,按当前导航约定归类,不适用,2,5,5,5,5,3,1,0,0,0,1,0
迈锡尼狮子门,B2-2-1028,建筑与设施,建筑与设施 / 建筑与建筑群 / 亭阁与城门,按当前导航约定归类,不适用,2,7,6,5,5,3,2,0,0,0,1,0
连拱廊桥,B2-2-1030,建筑与设施,建筑与设施 / 桥梁 / 廊桥,按当前导航约定归类,不适用,2,6,6,5,6,2,0,0,0,0,0,0
迪士尼音乐厅,B2-2-1031,建筑与设施,建筑与设施 / 建筑与建筑群 / 公共与商业建筑,按当前导航约定归类,不适用,2,53,51,46,51,41,32,0,0,0,1,0
迷你弹簧刀,B2-2-1032,器具与设备,器具与设备 / 手工工具 / 户外刀具,按当前导航约定归类,不适用,2,8,8,5,6,2,0,0,0,0,0,0
迷你斜口钳,B2-2-1033,器具与设备,器具与设备 / 手工工具 / 钳具,按当前导航约定归类,不适用,2,8,8,8,8,5,2,0,0,0,0,0
通风座椅,B2-2-1034,交通工具,交通工具 / 交通工具部件 / 座椅与乘坐部件,按当前导航约定归类,不适用,2,9,9,5,6,1,0,0,0,0,0,0
速度双排轮滑鞋,B2-2-1035,器具与设备,器具与设备 / 体育器材 / 轮滑鞋与护具,按当前导航约定归类,不适用,2,8,8,2,4,0,0,0,0,0,0,0
速度滑冰比赛,B2-2-1036,活动与场景,活动与场景 / 体育活动 / 冰雪运动,按当前导航约定归类,不适用,2,10,10,4,8,3,0,0,0,0,0,0
速度滑冰表演,B2-2-1037,活动与场景,活动与场景 / 体育活动 / 冰雪运动,按当前导航约定归类,不适用,2,7,6,2,5,2,0,0,0,0,0,0
速滑冰刀,B2-2-1038,器具与设备,器具与设备 / 体育器材 / 冰上装备部件,按当前导航约定归类,不适用,2,8,8,2,5,2,0,0,0,0,0,0
速滑冰服,B2-2-1039,服饰与造型,服饰与造型 / 服装 / 运动服装,按当前导航约定归类,不适用,2,7,7,4,6,0,0,0,0,0,0,0
速滑冰鞋鞋靴,B2-2-1040,器具与设备,器具与设备 / 体育器材 / 冰鞋,按当前导航约定归类,不适用,2,8,8,2,3,0,0,0,0,0,0,0
逾越节饼,B2-2-1041,食物与食材,食物与食材 / 米面食品 / 面包与烤饼,按当前导航约定归类,不适用,2,10,10,10,10,5,0,0,0,0,0,0
遥控电风扇,B2-2-1042,器具与设备,器具与设备 / 环境调节设备 / 风扇,按当前导航约定归类,不适用,2,9,9,6,9,3,0,0,0,0,0,0
避暑山庄,B2-2-1043,建筑与设施,建筑与设施 / 建筑与建筑群 / 园林与公园,按当前导航约定归类,不适用,2,50,48,47,48,42,31,0,0,0,1,0
那不勒斯披萨,B2-2-1044,食物与食材,食物与食材 / 米面食品 / 披萨,按当前导航约定归类,不适用,2,9,9,6,9,5,4,0,0,0,0,0
酥皮泡芙,B2-2-1045,食物与食材,食物与食材 / 糕点与甜品 / 泡芙,按当前导航约定归类,不适用,2,7,7,6,6,3,1,0,0,0,0,0
采蜜蜂,B2-2-1046,动物,动物 / 节肢动物 / 蜂蚁类,按当前导航约定归类,未明确到种,2,9,9,9,9,5,1,0,0,0,0,0
释迦,B2-2-1047,待明确主体,待明确主体 / 名称有多种解释 / 植物与其他对象,需要上下文,主体待确认,2,10,10,8,9,4,3,0,0,0,0,0
重型拉车马,B2-2-1048,动物,动物 / 哺乳动物 / 马与驴类,按当前导航约定归类,未核验到种,2,7,7,5,6,1,0,0,0,0,0,0
重型活动扳手,B2-2-1049,器具与设备,器具与设备 / 手工工具 / 扳手与套筒,按当前导航约定归类,不适用,2,9,9,7,9,2,1,0,0,0,0,0
金宝汤罐头,B2-2-1050,图像与标识,图像与标识 / 艺术图像 / 绘画与版画作品,按当前导航约定归类,不适用,2,75,58,27,47,23,9,0,0,0,1,0
金属安全剃刀,B2-2-1051,器具与设备,器具与设备 / 个护与日用工具 / 剃须器具,按当前导航约定归类,不适用,2,9,9,7,8,3,0,0,0,0,0,0
金庙礼拜大厅,B2-2-1052,建筑与设施,建筑与设施 / 宗教建筑 / 寺庙与神庙,按当前导航约定归类,不适用,2,8,8,4,4,1,0,0,0,0,0,0
金牛头竖琴,B2-2-1053,器具与设备,器具与设备 / 乐器 / 弹拨与拉弦乐器,按当前导航约定归类,不适用,2,14,14,12,13,10,5,0,0,0,1,0
金矿（塞巴斯蒂昂·萨尔加多）,B2-2-1054,图像与标识,图像与标识 / 艺术图像 / 摄影作品,按当前导航约定归类,不适用,2,55,54,51,52,48,37,0,0,0,1,0
金缕玉衣（满城汉墓）,B2-2-1055,艺术与装饰品,艺术与装饰品 / 文物器物 / 玉石器,按当前导航约定归类,不适用,2,13,13,11,13,10,4,0,0,0,1,0
金阁寺庭园,B2-2-1056,建筑与设施,建筑与设施 / 建筑与建筑群 / 园林与公园,按当前导航约定归类,不适用,2,61,59,36,59,32,16,0,0,0,1,0
金龟子,B2-2-1057,动物,动物 / 节肢动物 / 甲虫类,按当前导航约定归类,未明确到种,2,10,10,10,10,5,3,0,0,0,0,0
鎏金龟负论语玉烛银筹筒,B2-2-1058,艺术与装饰品,艺术与装饰品 / 文物器物 / 容器与礼器,按当前导航约定归类,不适用,2,12,12,10,10,6,0,0,0,0,1,0
钢制捕手面罩,B2-2-1059,器具与设备,器具与设备 / 体育器材 / 球类运动装备,按当前导航约定归类,不适用,2,6,6,1,5,0,0,0,0,0,0,0
钢柄柱洞挖掘器,B2-2-1060,器具与设备,器具与设备 / 手工工具 / 挖掘工具,按当前导航约定归类,不适用,2,3,3,2,2,0,0,0,0,0,0,0
钧窑玫瑰紫釉鼓钉三足洗,B2-2-1061,艺术与装饰品,艺术与装饰品 / 工艺品 / 陶瓷器与陶瓷工艺,按当前导航约定归类,不适用,2,47,47,13,47,8,3,0,0,0,1,0
钹,B2-2-1063,器具与设备,器具与设备 / 乐器 / 打击乐器,按当前导航约定归类,不适用,2,9,9,7,7,1,0,0,0,0,0,0
钻石原石,B2-2-1064,自然环境与物质,自然环境与物质 / 矿物与宝石 / 宝石原石,按当前导航约定归类,不适用,2,8,8,6,6,2,1,0,0,0,0,0
铁包金藏獒,B2-2-1065,动物,动物 / 哺乳动物 / 家犬与犬品种,按当前导航约定归类,品种或栽培类型,2,10,10,6,6,1,0,0,0,0,0,0
铁桥峡谷,B2-2-1066,建筑与设施,建筑与设施 / 遗址 / 工业与交通遗产,按当前导航约定归类,不适用,2,46,42,40,40,35,15,0,0,0,1,0
铝制浮雕板,B2-2-1067,艺术与装饰品,艺术与装饰品 / 雕塑与立体作品 / 雕塑及装置作品,按当前导航约定归类,不适用,2,7,6,6,6,2,1,0,0,0,0,0
铬钒断线钳,B2-2-1068,器具与设备,器具与设备 / 手工工具 / 钳具,按当前导航约定归类,不适用,2,7,7,4,7,0,0,0,0,0,0,0
银色虎斑猫,B2-2-1069,动物,动物 / 哺乳动物 / 家猫与猫品种,按当前导航约定归类,品种或栽培类型,2,10,10,5,8,3,0,0,0,0,0,0
银鸥粉色腿脚,B2-2-1070,动物,动物 / 鸟类 / 鸻鹬与鸥类,按当前导航约定归类,未核验到种,2,6,6,6,6,5,2,0,0,0,0,0
链条,B2-2-1071,器具与设备,器具与设备 / 机械零部件 / 传动与支承件,按当前导航约定归类,不适用,2,10,10,9,9,6,1,0,0,0,0,0
链条管钳,B2-2-1072,器具与设备,器具与设备 / 手工工具 / 钳具,按当前导航约定归类,不适用,2,9,9,7,7,2,0,0,0,0,0,0
锅烧乌冬面,B2-2-1073,食物与食材,食物与食材 / 米面食品 / 面条与意面,按当前导航约定归类,不适用,2,10,10,6,8,3,2,0,0,0,0,0
锤头冰镐,B2-2-1074,器具与设备,器具与设备 / 体育器材 / 攀登与滑雪器具,按当前导航约定归类,不适用,2,6,6,5,6,0,0,0,0,0,0,0
锦带桥,B2-2-1075,建筑与设施,建筑与设施 / 桥梁 / 具名桥梁,按当前导航约定归类,不适用,2,78,68,14,63,11,4,0,0,0,1,0
键盘手肖像,B2-2-1076,人物与人体,人物与人体 / 人物身份 / 音乐演奏者,按当前导航约定归类,不适用,2,10,10,6,8,4,0,0,0,0,0,0
锯齿面包刀,B2-2-1077,器具与设备,器具与设备 / 餐厨与日用器具 / 刀具,按当前导航约定归类,不适用,2,10,10,7,8,3,1,0,0,0,0,0
镶嵌绿松石兽面纹铜牌饰,B2-2-1079,服饰与造型,服饰与造型 / 佩戴饰品 / 首饰与佩饰,按当前导航约定归类,不适用,2,38,38,35,38,31,20,0,0,0,1,0
镶金兽首玛瑙杯,B2-2-1080,艺术与装饰品,艺术与装饰品 / 文物器物 / 容器与礼器,按当前导航约定归类,不适用,2,29,28,27,28,22,9,0,0,0,1,0
长凳,B2-2-1081,器具与设备,器具与设备 / 家具 / 座椅,按当前导航约定归类,不适用,2,10,10,6,10,5,1,0,0,0,0,0
长套筒,B2-2-1082,器具与设备,器具与设备 / 手工工具 / 扳手与套筒,按当前导航约定归类,不适用,2,10,10,8,8,4,0,0,0,0,0,0
长柄活动扳手,B2-2-1083,器具与设备,器具与设备 / 手工工具 / 扳手与套筒,按当前导航约定归类,不适用,2,10,10,8,8,4,0,0,0,0,0,0
长毛哈士奇,B2-2-1084,动物,动物 / 哺乳动物 / 家犬与犬品种,按当前导航约定归类,品种或栽培类型,2,9,9,6,6,2,1,0,0,0,0,0
长毛型北京犬,B2-2-1085,动物,动物 / 哺乳动物 / 家犬与犬品种,按当前导航约定归类,品种或栽培类型,2,7,7,5,6,1,0,0,0,0,0,0
长毛型藏獒,B2-2-1086,动物,动物 / 哺乳动物 / 家犬与犬品种,按当前导航约定归类,品种或栽培类型,2,7,7,4,4,1,0,0,0,0,0,0
长毛蓬松型古代英国牧羊犬,B2-2-1087,动物,动物 / 哺乳动物 / 家犬与犬品种,按当前导航约定归类,品种或栽培类型,2,3,3,2,2,1,0,0,0,0,0,0
长笛,B2-2-1088,器具与设备,器具与设备 / 乐器 / 吹管乐器,按当前导航约定归类,不适用,2,10,10,3,8,2,0,0,0,0,0,0
长茎海百合,B2-2-1089,动物,动物 / 其他无脊椎动物 / 棘皮动物,按当前导航约定归类,范围待确认,2,8,8,5,6,1,0,0,0,0,0,0
阀门,B2-2-1091,器具与设备,器具与设备 / 机械零部件 / 流体与执行部件,按当前导航约定归类,不适用,2,10,10,9,9,5,1,0,0,0,0,0
防撞保险杠,B2-2-1092,交通工具,交通工具 / 交通工具部件 / 汽车部件,按当前导航约定归类,不适用,2,10,10,7,8,3,1,0,0,0,0,0
防水傻瓜相机,B2-2-1093,器具与设备,器具与设备 / 摄影器材 / 照相机,按当前导航约定归类,不适用,2,10,10,9,10,5,1,0,0,0,0,0
防浪墙,B2-2-1094,建筑与设施,建筑与设施 / 交通与水工设施 / 堤岸与挡土设施,按当前导航约定归类,不适用,2,7,6,6,6,2,0,0,0,0,0,0
阶梯金字塔,B2-2-1095,建筑与设施,建筑与设施 / 建筑与建筑群 / 陵墓与墓葬建筑,按当前导航约定归类,不适用,2,6,6,6,6,5,1,0,0,0,1,0
阿克罗蒂里渔夫壁画,B2-2-1096,图像与标识,图像与标识 / 艺术图像 / 绘画与版画作品,按当前导航约定归类,不适用,2,5,5,5,5,1,0,0,0,0,1,0
阿兹特克太阳石,B2-2-1097,艺术与装饰品,艺术与装饰品 / 文献与刻铭实物 / 碑板与铭刻,按当前导航约定归类,不适用,2,62,62,62,62,57,36,0,0,0,1,0
阿尔罕布拉宫,B2-2-1098,建筑与设施,建筑与设施 / 建筑与建筑群 / 宫殿与官邸,按当前导航约定归类,不适用,2,81,79,78,78,74,61,0,0,0,1,0
阿布辛贝神庙,B2-2-1099,建筑与设施,建筑与设施 / 宗教建筑 / 寺庙与神庙,按当前导航约定归类,不适用,2,52,50,36,48,34,24,0,0,0,1,0
阿拉伯独桅帆船,B2-2-1100,交通工具,交通工具 / 水上交通工具 / 帆船,按当前导航约定归类,不适用,2,8,8,5,6,4,0,0,0,0,0,0
阿拉伯皮塔,B2-2-1101,食物与食材,食物与食材 / 米面食品 / 面包与烤饼,按当前导航约定归类,不适用,2,8,8,6,8,2,0,0,0,0,0,0
阿斯旺未完成方尖碑,B2-2-1102,建筑与设施,建筑与设施 / 建筑与建筑群 / 塔与纪念构筑物,按当前导航约定归类,不适用,2,6,6,5,6,4,2,0,0,0,1,0
阿格拉堡,B2-2-1103,建筑与设施,建筑与设施 / 建筑与建筑群 / 城堡与防御建筑,按当前导航约定归类,不适用,2,39,36,36,36,32,20,0,0,0,1,0
阿育王狮子柱头,B2-2-1104,艺术与装饰品,艺术与装饰品 / 雕塑与立体作品 / 雕塑及装置作品,按当前导航约定归类,不适用,2,4,4,4,4,1,0,0,0,0,1,0
阿蒙神,B2-2-1105,图像与标识,图像与标识 / 文化图像 / 虚构人物与神祇,按当前导航约定归类,不适用,2,7,7,7,7,3,1,0,0,0,1,0
陶瓷切割机,B2-2-1106,器具与设备,器具与设备 / 机械与作业设备 / 切割设备,按当前导航约定归类,不适用,2,8,8,4,5,1,0,0,0,0,0,0
隧道衬砌,B2-2-1107,建筑与设施,建筑与设施 / 交通与水工设施 / 道路与隧道,按当前导航约定归类,不适用,2,9,9,6,7,4,0,0,0,0,0,0
雄性军舰鸟,B2-2-1108,动物,动物 / 鸟类 / 塘鹅、鹈鹕、鸬鹚与军舰鸟,按当前导航约定归类,未明确到种,2,10,10,7,10,4,0,0,0,0,0,0
雄性鸵鸟,B2-2-1109,动物,动物 / 鸟类 / 鸵鸟、鸸鹋与食火鸡,按当前导航约定归类,未核验到种,2,9,9,9,9,4,0,0,0,0,0,0
集群活动,B2-2-1110,活动与场景,活动与场景 / 动物行为 / 取食与活动,按当前导航约定归类,不适用,2,10,10,8,10,3,1,0,0,0,0,0
雍和宫,B2-2-1111,建筑与设施,建筑与设施 / 宗教建筑 / 寺庙与神庙,按当前导航约定归类,不适用,2,46,46,45,45,42,27,0,0,0,1,0
雨花石,B2-2-1112,自然环境与物质,自然环境与物质 / 岩石与矿物 / 岩石,按当前导航约定归类,不适用,2,9,9,7,7,2,2,0,0,0,0,0
雪中猎人（勃鲁盖尔）,B2-2-1113,图像与标识,图像与标识 / 艺术图像 / 绘画与版画作品,按当前导航约定归类,不适用,2,39,38,38,38,31,25,0,0,0,1,0
雪纳瑞幼犬,B2-2-1114,动物,动物 / 哺乳动物 / 家犬与犬品种,按当前导航约定归类,品种或栽培类型,2,10,10,6,8,2,1,0,0,0,0,0
雪茄剪刀,B2-2-1116,器具与设备,器具与设备 / 个护与日用工具 / 雪茄剪,按当前导航约定归类,不适用,2,8,8,5,8,4,0,0,0,0,0,0
雷克斯暴龙,B2-2-1117,动物,动物 / 古生物及其遗存 / 恐龙及其遗存,按当前导航约定归类,未核验到种,2,12,11,9,9,6,3,0,0,0,0,0
雷暴云,B2-2-1118,自然环境与物质,自然环境与物质 / 天气现象 / 风暴与降水,按当前导航约定归类,不适用,2,7,7,3,5,2,1,0,0,0,0,0
雷暴云团,B2-2-1119,自然环境与物质,自然环境与物质 / 天气现象 / 风暴与降水,按当前导航约定归类,不适用,2,9,9,7,9,2,1,0,0,0,0,0
雷暴云塔,B2-2-1120,自然环境与物质,自然环境与物质 / 天气现象 / 风暴与降水,按当前导航约定归类,不适用,2,7,7,6,7,1,0,0,0,0,0,0
雷暴云砧,B2-2-1121,自然环境与物质,自然环境与物质 / 天气现象 / 风暴与降水,按当前导航约定归类,不适用,2,7,7,4,5,1,0,0,0,0,0,0
雷暴天气,B2-2-1122,自然环境与物质,自然环境与物质 / 天气现象 / 风暴与降水,按当前导航约定归类,不适用,2,7,7,2,5,2,1,0,0,0,0,0
雾化吸入器,B2-2-1123,器具与设备,器具与设备 / 医学与实验设备 / 雾化治疗设备,按当前导航约定归类,不适用,2,10,10,6,10,4,1,0,0,0,0,0
霁蓝釉白龙纹梅瓶,B2-2-1124,艺术与装饰品,艺术与装饰品 / 工艺品 / 陶瓷器与陶瓷工艺,按当前导航约定归类,不适用,2,25,24,22,22,16,8,0,0,0,1,0
露营手斧,B2-2-1125,器具与设备,器具与设备 / 手工工具 / 锤斧与敲击工具,按当前导航约定归类,不适用,2,10,10,8,8,3,0,0,0,0,0,0
霸王龙,B2-2-1126,动物,动物 / 古生物及其遗存 / 恐龙及其遗存,按当前导航约定归类,未核验到种,2,16,16,13,14,10,5,0,0,0,1,0
青少年击球手套,B2-2-1127,器具与设备,器具与设备 / 体育器材 / 球类运动装备,按当前导航约定归类,不适用,2,8,8,4,6,1,0,0,0,0,0,0
青花缠枝莲纹罐,B2-2-1128,艺术与装饰品,艺术与装饰品 / 工艺品 / 陶瓷器与陶瓷工艺,按当前导航约定归类,不适用,2,10,10,6,8,2,2,0,0,0,0,0
青铜大立人像,B2-2-1129,艺术与装饰品,艺术与装饰品 / 雕塑与立体作品 / 雕塑及装置作品,按当前导航约定归类,不适用,2,56,56,32,56,29,17,0,0,0,1,0
青铜鼎,B2-2-1130,艺术与装饰品,艺术与装饰品 / 文物器物 / 容器与礼器,按当前导航约定归类,不适用,2,10,10,9,10,4,3,0,0,0,0,0
非接触式红外测温仪,B2-2-1131,器具与设备,器具与设备 / 计时与测量器具 / 温度测量设备,按当前导航约定归类,不适用,2,8,8,6,6,4,0,0,0,0,0,0
非洲猎豹,B2-2-1132,动物,动物 / 哺乳动物 / 野生猫科动物,按当前导航约定归类,未核验到种,2,12,12,10,10,5,1,0,0,0,0,0
非洲野犬头部,B2-2-1133,动物,动物 / 哺乳动物 / 野生犬科动物,按当前导航约定归类,未核验到种,2,8,8,2,4,1,0,0,0,0,0,0
非洲野犬斑块,B2-2-1134,动物,动物 / 哺乳动物 / 野生犬科动物,按当前导航约定归类,未核验到种,2,10,10,2,8,0,0,0,0,0,0,0
非洲野犬黑白黄斑块,B2-2-1135,动物,动物 / 哺乳动物 / 野生犬科动物,按当前导航约定归类,未核验到种,2,8,8,4,6,0,0,0,0,0,0,0
非洲鸵鸟,B2-2-1136,动物,动物 / 鸟类 / 鸵鸟、鸸鹋与食火鸡,按当前导航约定归类,未核验到种,2,10,10,6,6,4,3,0,0,0,0,0
韩式部队火锅,B2-2-1137,食物与食材,食物与食材 / 菜肴 / 炖菜与火锅,按当前导航约定归类,不适用,2,7,7,7,7,2,2,0,0,0,0,0
顺化皇城,B2-2-1138,建筑与设施,建筑与设施 / 建筑与建筑群 / 宫殿与官邸,按当前导航约定归类,不适用,2,112,92,81,91,80,70,0,0,0,1,0
须弥山石窟,B2-2-1139,建筑与设施,建筑与设施 / 宗教建筑 / 石窟与岩凿建筑,按当前导航约定归类,不适用,2,14,14,13,14,8,4,0,0,0,1,0
额温扫描仪,B2-2-1140,器具与设备,器具与设备 / 医学与实验设备 / 体温测量设备,按当前导航约定归类,不适用,2,8,8,8,8,3,0,0,0,0,0,0
风筝冲浪挽具,B2-2-1141,器具与设备,器具与设备 / 体育器材 / 水上运动器具,按当前导航约定归类,不适用,2,10,10,7,7,2,0,0,0,0,0,0
风管机,B2-2-1142,器具与设备,器具与设备 / 环境调节设备 / 空调,按当前导航约定归类,不适用,2,11,11,8,11,5,2,0,0,0,0,0
风雪交加,B2-2-1143,自然环境与物质,自然环境与物质 / 天气现象 / 风暴与降水,按当前导航约定归类,不适用,2,9,9,8,8,2,0,0,0,0,0,0
飓风杯,B2-2-1144,器具与设备,器具与设备 / 餐厨与日用器具 / 杯具,按当前导航约定归类,不适用,2,10,10,10,10,4,0,0,0,0,0,0
食蚜蝇,B2-2-1145,动物,动物 / 节肢动物 / 蝇蚊与蚤类,按当前导航约定归类,未明确到种,2,9,9,8,8,6,2,0,0,0,0,0
首尔昌德宫,B2-2-1147,建筑与设施,建筑与设施 / 建筑与建筑群 / 宫殿与官邸,按当前导航约定归类,不适用,2,8,8,6,6,2,0,0,0,0,0,0
香槟笛杯,B2-2-1148,器具与设备,器具与设备 / 餐厨与日用器具 / 杯具,按当前导航约定归类,不适用,2,7,7,4,4,0,0,0,0,0,0,0
香港天坛大佛,B2-2-1149,艺术与装饰品,艺术与装饰品 / 雕塑与立体作品 / 雕塑及装置作品,按当前导航约定归类,不适用,2,30,30,29,30,27,12,0,0,0,1,0
香港金紫荆雕塑,B2-2-1150,艺术与装饰品,艺术与装饰品 / 雕塑与立体作品 / 雕塑及装置作品,按当前导航约定归类,不适用,2,50,50,50,50,45,27,0,0,0,1,0
马六甲历史城区,B2-2-1151,建筑与设施,建筑与设施 / 建筑与建筑群 / 古城与历史街区,按当前导航约定归类,不适用,2,40,38,36,36,32,24,0,0,0,1,0
马刀,B2-2-1152,器具与设备,器具与设备 / 武器与防护装备 / 刀剑与战斧,按当前导航约定归类,不适用,2,12,12,10,10,4,2,0,0,0,0,0
马天尼鸡尾酒杯,B2-2-1153,器具与设备,器具与设备 / 餐厨与日用器具 / 杯具,按当前导航约定归类,不适用,2,10,10,5,6,1,0,0,0,0,0,0
马拉之死（大卫）,B2-2-1154,图像与标识,图像与标识 / 艺术图像 / 绘画与版画作品,按当前导航约定归类,不适用,2,66,63,60,61,56,35,0,0,0,1,0
马王堆T形帛画,B2-2-1155,图像与标识,图像与标识 / 艺术图像 / 绘画与版画作品,按当前导航约定归类,不适用,2,42,40,39,40,33,19,0,0,0,1,0
马王堆汉墓T形帛画,B2-2-1156,图像与标识,图像与标识 / 艺术图像 / 绘画与版画作品,按当前导航约定归类,不适用,2,53,51,42,51,40,29,0,0,0,1,0
马王堆汉墓瑟,B2-2-1157,器具与设备,器具与设备 / 乐器 / 弹拨与拉弦乐器,按当前导航约定归类,不适用,2,30,29,24,27,22,16,0,0,0,1,0
马赛公寓,B2-2-1158,建筑与设施,建筑与设施 / 建筑与建筑群 / 居住建筑,按当前导航约定归类,不适用,2,73,70,69,70,65,51,0,0,0,1,0
马面裙,B2-2-1159,服饰与造型,服饰与造型 / 服装 / 传统与民族服装,按当前导航约定归类,不适用,2,64,46,38,46,35,25,0,0,0,1,0
骑士剑,B2-2-1160,器具与设备,器具与设备 / 武器与防护装备 / 刀剑与战斧,按当前导航约定归类,不适用,2,10,10,8,8,6,2,0,0,0,0,0
骑士胸甲,B2-2-1161,器具与设备,器具与设备 / 武器与防护装备 / 护甲,按当前导航约定归类,不适用,2,9,9,4,6,1,0,0,0,0,0,0
骨柄猎刀,B2-2-1162,器具与设备,器具与设备 / 手工工具 / 户外刀具,按当前导航约定归类,不适用,2,10,10,6,8,2,1,0,0,0,0,0
骨笛,B2-2-1163,器具与设备,器具与设备 / 乐器 / 吹管乐器,按当前导航约定归类,不适用,2,9,9,7,7,2,1,0,0,0,0,0
高位下拉训练器,B2-2-1164,器具与设备,器具与设备 / 体育器材 / 力量与健身器械,按当前导航约定归类,不适用,2,8,8,6,8,4,3,0,0,0,0,0
高山滑雪靴,B2-2-1165,器具与设备,器具与设备 / 体育器材 / 攀登与滑雪器具,按当前导航约定归类,不适用,2,10,10,5,7,3,0,0,0,0,0,0
高帮双排轮滑鞋,B2-2-1166,器具与设备,器具与设备 / 体育器材 / 轮滑鞋与护具,按当前导航约定归类,不适用,2,9,9,8,9,3,0,0,0,0,0,0
高空作业平台,B2-2-1167,器具与设备,器具与设备 / 机械与作业设备 / 升降与顶升设备,按当前导航约定归类,不适用,2,9,9,7,8,3,0,0,0,0,0,0
高铁二等座车厢,B2-2-1168,交通工具,交通工具 / 交通工具部件 / 车厢与船舱,按当前导航约定归类,不适用,2,7,7,4,5,4,1,0,0,0,0,0
魁北克大桥,B2-2-1169,建筑与设施,建筑与设施 / 桥梁 / 具名桥梁,按当前导航约定归类,不适用,2,52,52,51,52,48,34,0,0,0,1,0
鱼尾麻花辫,B2-2-1170,服饰与造型,服饰与造型 / 发型 / 编发,按当前导航约定归类,不适用,2,10,10,5,10,2,1,0,0,0,0,0
鱼沼飞梁,B2-2-1171,建筑与设施,建筑与设施 / 桥梁 / 具名桥梁,按当前导航约定归类,不适用,2,9,9,9,9,2,2,0,0,0,0,0
鲁尔工业区遗产,B2-2-1172,建筑与设施,建筑与设施 / 遗址 / 工业与交通遗产,按当前导航约定归类,不适用,2,37,37,37,37,32,18,0,0,0,1,0
鲁昂大教堂（莫奈）,B2-2-1173,图像与标识,图像与标识 / 艺术图像 / 绘画与版画作品,按当前导航约定归类,不适用,2,79,78,76,78,72,63,0,0,0,1,0
鸡尾酒杯,B2-2-1175,器具与设备,器具与设备 / 餐厨与日用器具 / 杯具,按当前导航约定归类,不适用,2,9,9,4,7,1,0,0,0,0,0,0
鸭腿陶罐,B2-2-1176,食物与食材,食物与食材 / 菜肴 / 禽肉菜肴,按当前导航约定归类,不适用,2,7,7,6,6,3,1,0,0,0,0,0
鸳鸯彩色羽毛,B2-2-1177,动物,动物 / 鸟类 / 鸭雁类,按当前导航约定归类,未核验到种,2,10,10,8,8,3,0,0,0,0,0,0
鸳鸯火锅,B2-2-1178,食物与食材,食物与食材 / 菜肴 / 炖菜与火锅,按当前导航约定归类,不适用,2,12,12,8,11,2,1,0,0,0,0,0
鸳鸯雄鸟,B2-2-1179,动物,动物 / 鸟类 / 鸭雁类,按当前导航约定归类,未核验到种,2,10,10,7,8,3,1,0,0,0,0,0
鹈鹕,B2-2-1180,动物,动物 / 鸟类 / 塘鹅、鹈鹕、鸬鹚与军舰鸟,按当前导航约定归类,未明确到种,2,12,12,12,12,9,2,0,0,0,1,0
鹊华秋色图（赵孟頫）,B2-2-1181,图像与标识,图像与标识 / 艺术图像 / 绘画与版画作品,按当前导航约定归类,不适用,2,45,44,44,44,39,24,0,0,0,1,0
鹤望兰,B2-2-1182,植物,植物 / 草本与藤本植物 / 观花与观叶草本,按当前导航约定归类,未核验到种,2,10,10,8,8,5,1,0,0,0,0,0
鹳鱼石斧图彩陶缸,B2-2-1183,艺术与装饰品,艺术与装饰品 / 工艺品 / 陶瓷器与陶瓷工艺,按当前导航约定归类,不适用,2,53,51,43,51,39,30,0,0,0,1,0
麦加大清真寺,B2-2-1184,建筑与设施,建筑与设施 / 宗教建筑 / 清真寺,按当前导航约定归类,不适用,2,49,48,45,48,44,31,0,0,0,1,0
麦秆虫,B2-2-1185,动物,动物 / 节肢动物 / 甲壳动物,按当前导航约定归类,未明确到种,2,10,10,6,10,1,1,0,0,0,0,0
麦积山石窟,B2-2-1186,建筑与设施,建筑与设施 / 宗教建筑 / 石窟与岩凿建筑,按当前导航约定归类,不适用,2,14,13,11,13,6,4,0,0,0,1,0
黄石间歇泉,B2-2-1187,自然环境与物质,自然环境与物质 / 地形与地貌 / 地热景观,按当前导航约定归类,不适用,2,8,8,4,7,2,2,0,0,0,0,0
黄红蓝（康定斯基）,B2-2-1188,图像与标识,图像与标识 / 艺术图像 / 绘画与版画作品,按当前导航约定归类,不适用,2,36,36,35,36,32,27,0,0,0,1,0
黄雀黑色冠,B2-2-1189,动物,动物 / 鸟类 / 雀形目鸟类,按当前导航约定归类,未核验到种,2,8,8,4,4,2,1,0,0,0,0,0
黑白花法国斗牛犬,B2-2-1190,动物,动物 / 哺乳动物 / 家犬与犬品种,按当前导航约定归类,品种或栽培类型,2,10,10,8,8,3,2,0,0,0,0,0
黑白西伯利亚哈士奇,B2-2-1191,动物,动物 / 哺乳动物 / 家犬与犬品种,按当前导航约定归类,品种或栽培类型,2,8,8,6,6,4,0,0,0,0,0,0
黑色哈巴狗,B2-2-1192,动物,动物 / 哺乳动物 / 家犬与犬品种,按当前导航约定归类,品种或栽培类型,2,10,10,8,8,6,0,0,0,0,0,0
黑色棕斑,B2-2-1193,待明确主体,待明确主体 / 名称信息不足 / 颜色与形态片段,需要上下文,主体待确认,2,9,9,5,5,1,0,0,0,0,0,0
黑色面罩型圣伯纳犬,B2-2-1194,动物,动物 / 哺乳动物 / 家犬与犬品种,按当前导航约定归类,品种或栽培类型,2,9,9,4,5,2,0,0,0,0,0,0
黑芝麻汤圆,B2-2-1195,食物与食材,食物与食材 / 米面食品 / 汤圆,按当前导航约定归类,不适用,2,8,8,4,8,3,1,0,0,0,0,0
黑虎,B2-2-1196,动物,动物 / 哺乳动物 / 野生猫科动物,按当前导航约定归类,未核验到种,2,10,10,5,6,3,0,0,0,0,0,0
黑蝼蛄,B2-2-1197,动物,动物 / 节肢动物 / 直翅与螳螂类,按当前导航约定归类,未核验到种,2,5,5,4,5,0,0,0,0,0,0,0
齿刃镰刀,B2-2-1198,器具与设备,器具与设备 / 手工工具 / 镰刀与农用刀具,按当前导航约定归类,不适用,2,8,8,6,7,0,0,0,0,0,0,0
齿条,B2-2-1199,器具与设备,器具与设备 / 机械零部件 / 传动与支承件,按当前导航约定归类,不适用,2,8,8,7,8,2,0,0,0,0,0,0
龙卷风,B2-2-1200,自然环境与物质,自然环境与物质 / 天气现象 / 风暴与降水,按当前导航约定归类,不适用,2,8,8,8,8,4,1,0,0,0,0,0
龙虾班尼迪克蛋,B2-2-1202,食物与食材,食物与食材 / 菜肴 / 蛋类组合菜肴,按当前导航约定归类,不适用,2,10,10,6,8,4,0,0,0,0,0,0
龙门吊,B2-2-1203,器具与设备,器具与设备 / 机械与作业设备 / 起重设备,按当前导航约定归类,不适用,2,10,10,10,10,6,2,0,0,0,0,0
龙门石窟,B2-2-1204,建筑与设施,建筑与设施 / 宗教建筑 / 石窟与岩凿建筑,按当前导航约定归类,不适用,2,51,51,48,51,45,34,0,0,0,1,0
094 型核潜艇,B2-3-001,交通工具,交通工具 / 水上交通工具 / 军舰与潜艇,按当前导航约定归类,不适用,3,7,7,6,6,3,0,0,0,0,1,0
10式坦克,B2-3-002,交通工具,交通工具 / 陆地车辆 / 装甲战斗车辆,按当前导航约定归类,不适用,3,7,7,6,6,4,2,0,0,0,1,0
120中画幅胶片,B2-3-003,器具与设备,器具与设备 / 摄影器材 / 胶片与感光材料,按当前导航约定归类,不适用,3,7,7,5,7,2,0,0,0,0,0,0
15式轻型坦克,B2-3-004,交通工具,交通工具 / 陆地车辆 / 装甲战斗车辆,按当前导航约定归类,不适用,3,6,6,5,5,4,1,0,0,0,1,0
56式半自动步枪,B2-3-005,器具与设备,器具与设备 / 武器与防护装备 / 枪械,按当前导航约定归类,不适用,3,7,6,5,5,4,0,0,0,0,1,0
62式轻型坦克,B2-3-006,交通工具,交通工具 / 陆地车辆 / 装甲战斗车辆,按当前导航约定归类,不适用,3,5,5,4,4,2,0,0,0,0,1,0
Acanthoscurria Geniculata,B2-3-007,动物,动物 / 节肢动物 / 蛛形动物,按当前导航约定归类,未核验到种,3,2,2,0,2,0,0,0,0,0,0,0
African Spotted Eagle-Owl,B2-3-008,动物,动物 / 鸟类 / 鸮类,按当前导航约定归类,未核验到种,3,1,1,1,1,1,0,0,0,0,0,0
AK-74步枪,B2-3-009,器具与设备,器具与设备 / 武器与防护装备 / 枪械,按当前导航约定归类,不适用,3,3,3,2,2,0,0,0,0,0,1,0
Alcedo Atthis,B2-3-010,动物,动物 / 鸟类 / 翠鸟、蜂虎与佛法僧,按当前导航约定归类,未核验到种,3,2,2,2,2,2,1,0,0,0,0,0
American Woodcock,B2-3-011,动物,动物 / 鸟类 / 鸻鹬与鸥类,按当前导航约定归类,未核验到种,3,1,1,0,0,0,0,0,0,0,0,0
AMX-13轻型坦克,B2-3-012,交通工具,交通工具 / 陆地车辆 / 装甲战斗车辆,按当前导航约定归类,不适用,3,4,4,3,3,1,1,0,0,0,1,0
An-12,B2-3-013,交通工具,交通工具 / 航空器 / 固定翼飞机,按当前导航约定归类,不适用,3,3,3,3,3,1,1,0,0,0,0,0
An-124,B2-3-014,交通工具,交通工具 / 航空器 / 固定翼飞机,按当前导航约定归类,不适用,3,2,2,2,2,2,0,0,0,0,0,0
An-70,B2-3-015,交通工具,交通工具 / 航空器 / 固定翼飞机,按当前导航约定归类,不适用,3,2,2,2,2,1,0,0,0,0,0,0
Angiography X-ray System,B2-3-016,器具与设备,器具与设备 / 医学与实验设备 / X射线与CT设备,按当前导航约定归类,不适用,3,1,1,1,1,1,1,0,0,0,0,0
APS傻瓜相机,B2-3-017,器具与设备,器具与设备 / 摄影器材 / 胶片相机,按当前导航约定归类,不适用,3,8,8,8,8,4,1,0,0,0,0,0
B-29 超级堡垒轰炸机,B2-3-018,交通工具,交通工具 / 航空器 / 固定翼飞机,按当前导航约定归类,不适用,3,14,14,14,14,10,6,0,0,0,1,0
Bald Sea Eagle,B2-3-019,动物,动物 / 鸟类 / 日行猛禽,按当前导航约定归类,未核验到种,3,2,2,1,2,0,0,0,0,0,0,0
Barred Parakeet,B2-3-020,动物,动物 / 鸟类 / 鹦鹉类,按当前导航约定归类,未核验到种,3,2,2,1,1,0,0,0,0,0,0,0
Bashkir Curly,B2-3-021,动物,动物 / 哺乳动物 / 马与驴类,按当前导航约定归类,未核验到种,3,1,1,1,1,1,0,0,0,0,0,0
Bengalese Finch,B2-3-022,动物,动物 / 鸟类 / 雀形目鸟类,按当前导航约定归类,未核验到种,3,2,2,2,2,2,1,0,0,0,0,0
Black-legged Tick,B2-3-023,动物,动物 / 节肢动物 / 蛛形动物,按当前导航约定归类,未核验到种,3,2,2,0,0,0,0,0,0,0,0,0
Blue Fairy-bluebird,B2-3-024,动物,动物 / 鸟类 / 雀形目鸟类,按当前导航约定归类,未核验到种,3,2,2,0,0,0,0,0,0,0,0,0
BMP-1步兵战车,B2-3-025,交通工具,交通工具 / 陆地车辆 / 装甲战斗车辆,按当前导航约定归类,不适用,3,6,6,5,5,3,2,0,0,0,1,0
Brent Goose Water,B2-3-026,动物,动物 / 鸟类 / 鸭雁类,按当前导航约定归类,未核验到种,3,2,2,2,2,2,0,0,0,0,0,0
Buckskin Horse Portrait,B2-3-027,动物,动物 / 哺乳动物 / 马与驴类,按当前导航约定归类,未核验到种,3,2,2,2,2,1,0,0,0,0,0,0
Bufflehead On Water,B2-3-028,动物,动物 / 鸟类 / 鸭雁类,按当前导航约定归类,未核验到种,3,1,1,0,0,0,0,0,0,0,0,0
Buteo Lineatus,B2-3-029,动物,动物 / 鸟类 / 日行猛禽,按当前导航约定归类,未核验到种,3,2,2,2,2,0,0,0,0,0,0,0
C-130 大力神运输机,B2-3-030,交通工具,交通工具 / 航空器 / 固定翼飞机,按当前导航约定归类,不适用,3,5,5,4,4,1,1,0,0,0,1,0
C-17 环球霸王运输机,B2-3-031,交通工具,交通工具 / 航空器 / 固定翼飞机,按当前导航约定归类,不适用,3,6,6,5,5,3,0,0,0,0,1,0
Cape Hunting Dog,B2-3-032,动物,动物 / 哺乳动物 / 野生犬科动物,按当前导航约定归类,未核验到种,3,2,2,0,2,0,0,0,0,0,0,0
CH-47 支奴干直升机,B2-3-033,交通工具,交通工具 / 航空器 / 直升机,按当前导航约定归类,不适用,3,5,5,5,5,2,1,0,0,0,1,0
Common House Fly,B2-3-034,动物,动物 / 节肢动物 / 蝇蚊与蚤类,按当前导航约定归类,未核验到种,3,2,2,0,0,0,0,0,0,0,0,0
Common Pheasant,B2-3-035,动物,动物 / 鸟类 / 鸡雉类,按当前导航约定归类,未核验到种,3,2,2,0,0,0,0,0,0,0,0,0
Corgi Cardigan,B2-3-036,动物,动物 / 哺乳动物 / 家犬与犬品种,按当前导航约定归类,品种或栽培类型,3,2,2,1,2,0,0,0,0,0,0,0
Cranial Bones,B2-3-037,人物与人体,人物与人体 / 人体结构 / 骨骼,按当前导航约定归类,不适用,3,2,2,2,2,2,0,0,0,0,0,0
Dabbling Duck Species,B2-3-038,动物,动物 / 鸟类 / 鸭雁类,按当前导航约定归类,未明确到种,3,1,1,1,1,0,0,0,0,0,0,0
Deck Arch Bridge,B2-3-039,建筑与设施,建筑与设施 / 桥梁 / 拱桥,按当前导航约定归类,不适用,3,2,2,2,2,1,1,0,0,0,0,0
Dragonfly Nymph In Pond,B2-3-040,动物,动物 / 节肢动物 / 蜻蜓与长翅类,按当前导航约定归类,未明确到种,3,2,2,0,2,0,0,0,0,0,0,0
Drosophila Suzukii,B2-3-041,动物,动物 / 节肢动物 / 蝇蚊与蚤类,按当前导航约定归类,未核验到种,3,2,2,0,0,0,0,0,0,0,0,0
Eastern Chipmunk Cheeks,B2-3-042,动物,动物 / 哺乳动物 / 啮齿动物,按当前导航约定归类,未核验到种,3,2,2,0,2,0,0,0,0,0,0,0
Epagneul Nain Continental,B2-3-043,动物,动物 / 哺乳动物 / 家犬与犬品种,按当前导航约定归类,品种或栽培类型,3,2,2,2,2,1,1,0,0,0,0,0
F/A-18 大黄蜂战斗机,B2-3-044,交通工具,交通工具 / 航空器 / 固定翼飞机,按当前导航约定归类,不适用,3,7,7,4,6,3,2,0,0,0,1,0
Fencing Épée,B2-3-045,器具与设备,器具与设备 / 体育器材 / 投掷与击剑器材,按当前导航约定归类,不适用,3,2,2,2,2,2,0,0,0,0,0,0
Five-spotted Caterpillar In Garden,B2-3-046,动物,动物 / 节肢动物 / 蝶蛾及其幼虫,按当前导航约定归类,范围待确认,3,2,2,0,0,0,0,0,0,0,0,0
Forest Fox,B2-3-047,待明确主体,待明确主体 / 名称有多种解释 / 生物名称,需要上下文,主体待确认,3,2,2,2,2,2,1,0,0,0,0,0
Galleon Tall Ship,B2-3-048,交通工具,交通工具 / 水上交通工具 / 帆船,按当前导航约定归类,不适用,3,1,1,0,0,0,0,0,0,0,0,0
Geometer Larva,B2-3-049,动物,动物 / 节肢动物 / 蝶蛾及其幼虫,按当前导航约定归类,未明确到种,3,1,1,1,1,0,0,0,0,0,0,0
Great Barred Owl,B2-3-050,动物,动物 / 鸟类 / 鸮类,按当前导航约定归类,未核验到种,3,2,2,0,0,0,0,0,0,0,0,0
Great Slaty Woodpecker,B2-3-051,动物,动物 / 鸟类 / 啄木鸟与拟啄木鸟,按当前导航约定归类,未核验到种,3,2,2,0,0,0,0,0,0,0,0,0
Great-tailed Grackle,B2-3-052,动物,动物 / 鸟类 / 雀形目鸟类,按当前导航约定归类,未核验到种,3,2,2,0,0,0,0,0,0,0,0,0
Guillemot Bridled Morph,B2-3-053,动物,动物 / 鸟类 / 鸻鹬与鸥类,按当前导航约定归类,未核验到种,3,1,1,1,1,1,1,0,0,0,0,0
Halloween Hermit Crab,B2-3-054,动物,动物 / 节肢动物 / 甲壳动物,按当前导航约定归类,未核验到种,3,2,2,2,2,2,0,0,0,0,0,0
Harpsichord Instrument,B2-3-055,器具与设备,器具与设备 / 乐器 / 键盘乐器,按当前导航约定归类,不适用,3,1,1,1,1,0,0,0,0,0,0,0
Herring Gull Colony,B2-3-056,动物,动物 / 鸟类 / 鸻鹬与鸥类,按当前导航约定归类,未核验到种,3,1,1,0,1,0,0,0,0,0,0,0
Hooded Warbler,B2-3-057,动物,动物 / 鸟类 / 雀形目鸟类,按当前导航约定归类,未核验到种,3,2,2,2,2,1,1,0,0,0,0,0
iPhone 15 Pro,B2-3-058,器具与设备,器具与设备 / 电子设备 / 移动通信设备,按当前导航约定归类,不适用,3,9,9,7,9,5,1,0,0,0,0,0
IS-2重型坦克,B2-3-059,交通工具,交通工具 / 陆地车辆 / 装甲战斗车辆,按当前导航约定归类,不适用,3,7,7,6,7,3,0,0,0,0,1,0
JAS-39 鹰狮战斗机,B2-3-060,交通工具,交通工具 / 航空器 / 固定翼飞机,按当前导航约定归类,不适用,3,6,6,5,5,3,2,0,0,0,1,0
Java Temple Bird,B2-3-061,待明确主体,待明确主体 / 名称有多种解释 / 生物名称,需要上下文,主体待确认,3,2,2,1,2,1,0,0,0,0,0,0
Leopard Walking,B2-3-063,动物,动物 / 哺乳动物 / 野生猫科动物,按当前导航约定归类,未核验到种,3,2,2,0,2,0,0,0,0,0,0,0
Lithops Optica 'Rubra',B2-3-064,植物,植物 / 多肉与肉质植物 / 叶多肉植物,按当前导航约定归类,未核验到种,3,2,2,2,2,1,0,0,0,0,0,0
Little Grebe Winter,B2-3-065,动物,动物 / 鸟类 / 潜鸟与䴙䴘类,按当前导航约定归类,未核验到种,3,2,2,0,1,0,0,0,0,0,0,0
Louse Fly,B2-3-066,动物,动物 / 节肢动物 / 蝇蚊与蚤类,按当前导航约定归类,未明确到种,3,1,1,0,0,0,0,0,0,0,0,0
M113装甲输送车,B2-3-067,交通工具,交通工具 / 陆地车辆 / 装甲战斗车辆,按当前导航约定归类,不适用,3,6,6,5,5,2,1,0,0,0,1,0
M1911,B2-3-068,器具与设备,器具与设备 / 武器与防护装备 / 枪械,按当前导航约定归类,不适用,3,4,4,3,3,1,1,0,0,0,1,0
M249轻机枪,B2-3-069,器具与设备,器具与设备 / 武器与防护装备 / 枪械,按当前导航约定归类,不适用,3,8,8,7,7,6,2,0,0,0,1,0
M60巴顿坦克,B2-3-070,交通工具,交通工具 / 陆地车辆 / 装甲战斗车辆,按当前导航约定归类,不适用,3,7,7,7,7,1,0,0,0,0,1,0
M60通用机枪,B2-3-071,器具与设备,器具与设备 / 武器与防护装备 / 枪械,按当前导航约定归类,不适用,3,5,5,4,4,1,1,0,0,0,1,0
Mainland Emu,B2-3-072,动物,动物 / 鸟类 / 鸵鸟、鸸鹋与食火鸡,按当前导航约定归类,未核验到种,3,2,2,2,2,0,0,0,0,0,0,0
Modern Sloop-Rigged Yacht,B2-3-073,交通工具,交通工具 / 水上交通工具 / 帆船,按当前导航约定归类,不适用,3,2,2,0,2,0,0,0,0,0,0,0
Muscovy Duck Wild,B2-3-074,动物,动物 / 鸟类 / 鸭雁类,按当前导航约定归类,未核验到种,3,2,2,0,0,0,0,0,0,0,0,0
Northern Sparrowhawk,B2-3-076,动物,动物 / 鸟类 / 日行猛禽,按当前导航约定归类,未核验到种,3,1,1,0,0,0,0,0,0,0,0,0
Pallas's Cat At Night,B2-3-077,动物,动物 / 哺乳动物 / 野生猫科动物,按当前导航约定归类,未核验到种,3,1,1,0,0,0,0,0,0,0,0,0
Papilio Polyxenes,B2-3-078,动物,动物 / 节肢动物 / 蝶蛾及其幼虫,按当前导航约定归类,未核验到种,3,2,2,2,2,2,0,0,0,0,0,0
PKM通用机枪,B2-3-079,器具与设备,器具与设备 / 武器与防护装备 / 枪械,按当前导航约定归类,不适用,3,6,6,5,5,2,1,0,0,0,1,0
Porcelain Tile Cutter,B2-3-080,器具与设备,器具与设备 / 机械与作业设备 / 切割设备,按当前导航约定归类,不适用,3,2,2,0,0,0,0,0,0,0,0,0
Rapier,B2-3-081,器具与设备,器具与设备 / 武器与防护装备 / 刀剑与战斧,按当前导航约定归类,不适用,3,3,3,1,1,1,1,0,0,0,0,0
Red-backed Shrike,B2-3-082,动物,动物 / 鸟类 / 雀形目鸟类,按当前导航约定归类,未核验到种,3,3,3,1,1,1,1,0,0,0,0,0
Red-necked Grebe Diving,B2-3-083,动物,动物 / 鸟类 / 潜鸟与䴙䴘类,按当前导航约定归类,未核验到种,3,2,2,0,0,0,0,0,0,0,0,0
Redbor Kale,B2-3-084,植物,植物 / 草本与藤本植物 / 蔬菜与豆类植物,按当前导航约定归类,未核验到种,3,1,1,1,1,1,0,0,0,0,0,0
Redhead Duck Water,B2-3-085,动物,动物 / 鸟类 / 鸭雁类,按当前导航约定归类,未核验到种,3,1,1,0,0,0,0,0,0,0,0,0
Rhodesian Ridgeback Dog Breed,B2-3-086,动物,动物 / 哺乳动物 / 家犬与犬品种,按当前导航约定归类,品种或栽培类型,3,1,1,0,0,0,0,0,0,0,0,0
Sand Fiddler,B2-3-087,动物,动物 / 节肢动物 / 甲壳动物,按当前导航约定归类,未核验到种,3,2,2,0,1,0,0,0,0,0,0,0
Schooner Rig,B2-3-088,交通工具,交通工具 / 交通工具部件 / 帆装与索具,按当前导航约定归类,不适用,3,1,1,0,0,0,0,0,0,0,0,0
Scottish Deerhound Dog Breed,B2-3-089,动物,动物 / 哺乳动物 / 家犬与犬品种,按当前导航约定归类,品种或栽培类型,3,1,1,1,1,0,0,0,0,0,0,0
Slipper Coral,B2-3-090,动物,动物 / 其他无脊椎动物 / 刺胞动物,按当前导航约定归类,范围待确认,3,2,2,2,2,0,0,0,0,0,0,0
Sloop,B2-3-091,交通工具,交通工具 / 水上交通工具 / 帆船,按当前导航约定归类,不适用,3,1,1,1,1,0,0,0,0,0,0,0
Sloop Boat,B2-3-092,交通工具,交通工具 / 水上交通工具 / 帆船,按当前导航约定归类,不适用,3,2,2,2,2,1,1,0,0,0,0,0
Sloop-Rigged Fishing Sloop,B2-3-093,交通工具,交通工具 / 水上交通工具 / 帆船,按当前导航约定归类,不适用,3,1,1,1,1,1,0,0,0,0,0,0
Small Two-Masted Square-Rigger,B2-3-094,交通工具,交通工具 / 水上交通工具 / 帆船,按当前导航约定归类,不适用,3,2,2,0,0,0,0,0,0,0,0,0
South American Condor,B2-3-095,动物,动物 / 鸟类 / 日行猛禽,按当前导航约定归类,未核验到种,3,1,1,0,1,0,0,0,0,0,0,0
Southwestern Speckled Rattlesnake,B2-3-096,动物,动物 / 爬行动物 / 蛇类,按当前导航约定归类,未核验到种,3,2,2,2,2,0,0,0,0,0,0,0
Spangled Kookaburra,B2-3-097,动物,动物 / 鸟类 / 翠鸟、蜂虎与佛法僧,按当前导航约定归类,未核验到种,3,2,2,2,2,1,1,0,0,0,0,0
Spotted Sandpiper Breeding Spots,B2-3-098,动物,动物 / 鸟类 / 鸻鹬与鸥类,按当前导航约定归类,未核验到种,3,2,2,0,0,0,0,0,0,0,0,0
Sumerian Civilization,B2-3-099,抽象与文化主题,抽象与文化主题 / 历史与文化主题 / 文明与历史时期,需要明确视觉载体,不适用,3,2,2,2,2,2,2,0,0,0,0,0
Supercell Thunderstorm,B2-3-100,自然环境与物质,自然环境与物质 / 天气现象 / 风暴与降水,按当前导航约定归类,不适用,3,3,3,3,3,3,1,0,0,0,0,0
SVD狙击步枪,B2-3-101,器具与设备,器具与设备 / 武器与防护装备 / 枪械,按当前导航约定归类,不适用,3,8,8,7,7,3,3,0,0,0,1,0
Sword Rapier,B2-3-102,器具与设备,器具与设备 / 武器与防护装备 / 刀剑与战斧,按当前导航约定归类,不适用,3,3,2,2,2,2,2,0,0,0,0,0
Temminck's Cat,B2-3-103,动物,动物 / 哺乳动物 / 野生猫科动物,按当前导航约定归类,未核验到种,3,2,2,0,0,0,0,0,0,0,0,0
Tobacco Hornworm Larva,B2-3-104,动物,动物 / 节肢动物 / 蝶蛾及其幼虫,按当前导航约定归类,未核验到种,3,1,1,0,1,0,0,0,0,0,0,0
Tyria Jacobaeae,B2-3-105,动物,动物 / 节肢动物 / 蝶蛾及其幼虫,按当前导航约定归类,未核验到种,3,2,2,2,2,2,0,0,0,0,0,0
V-22 鱼鹰倾转旋翼机,B2-3-106,交通工具,交通工具 / 航空器 / 倾转旋翼机,按当前导航约定归类,不适用,3,8,8,5,5,3,1,0,0,0,1,0
Welsh Springer Spaniel Hunting,B2-3-107,动物,动物 / 哺乳动物 / 家犬与犬品种,按当前导航约定归类,品种或栽培类型,3,2,2,0,2,0,0,0,0,0,0,0
Wryneck Bird,B2-3-108,动物,动物 / 鸟类 / 啄木鸟与拟啄木鸟,按当前导航约定归类,未核验到种,3,3,3,1,1,1,1,0,0,0,0,0
Xylocopa Varipuncta,B2-3-109,动物,动物 / 节肢动物 / 蜂蚁类,按当前导航约定归类,未核验到种,3,2,2,2,2,2,0,0,0,0,0,0
丁坝,B2-3-110,建筑与设施,建筑与设施 / 交通与水工设施 / 堤岸与挡土设施,按当前导航约定归类,不适用,3,8,8,8,8,3,0,0,0,0,0,0
万向联轴器,B2-3-111,器具与设备,器具与设备 / 机械零部件 / 传动与支承件,按当前导航约定归类,不适用,3,10,10,7,8,5,2,0,0,0,0,0
三八式步枪,B2-3-112,器具与设备,器具与设备 / 武器与防护装备 / 枪械,按当前导航约定归类,不适用,3,7,6,5,5,3,2,0,0,0,1,0
三桅小型纵帆船,B2-3-113,交通工具,交通工具 / 水上交通工具 / 帆船,按当前导航约定归类,不适用,3,6,6,2,4,1,0,0,0,0,0,0
三殿式主廊殿,B2-3-114,建筑与设施,建筑与设施 / 建筑结构 / 山墙与柱廊,按当前导航约定归类,不适用,3,5,4,3,3,0,0,0,0,0,0,0
三维超声成像系统,B2-3-115,器具与设备,器具与设备 / 医学与实验设备 / 超声设备,按当前导航约定归类,不适用,3,8,8,8,8,0,0,0,0,0,0,0
三色,B2-3-116,待明确主体,待明确主体 / 名称信息不足 / 颜色与形态片段,需要上下文,主体待确认,3,10,10,8,10,5,3,0,0,0,0,0
三色柯利牧羊犬,B2-3-117,动物,动物 / 哺乳动物 / 家犬与犬品种,按当前导航约定归类,品种或栽培类型,3,10,10,6,7,5,0,0,0,0,0,0
三色蝴蝶犬,B2-3-118,动物,动物 / 哺乳动物 / 家犬与犬品种,按当前导航约定归类,品种或栽培类型,3,9,9,5,6,2,0,0,0,0,0,0
三色阿彭策尔山地犬,B2-3-119,动物,动物 / 哺乳动物 / 家犬与犬品种,按当前导航约定归类,品种或栽培类型,3,9,9,0,7,0,0,0,0,0,0,0
三花脸,B2-3-120,待明确主体,待明确主体 / 名称信息不足 / 颜色与形态片段,需要上下文,主体待确认,3,7,7,3,3,2,0,0,0,0,0,0
三趾啄木鸟,B2-3-121,动物,动物 / 鸟类 / 啄木鸟与拟啄木鸟,按当前导航约定归类,未核验到种,3,10,10,8,8,5,2,0,0,0,0,0
三趾鸥幼鸟,B2-3-122,动物,动物 / 鸟类 / 鸻鹬与鸥类,按当前导航约定归类,未核验到种,3,10,10,4,6,3,1,0,0,0,0,0
三趾鸥群,B2-3-123,动物,动物 / 鸟类 / 鸻鹬与鸥类,按当前导航约定归类,未核验到种,3,8,8,3,4,1,0,0,0,0,0,0
三趾鸥蛋,B2-3-124,动物,动物 / 身体部位与遗存 / 卵与卵囊,按当前导航约定归类,未核验到种,3,9,9,3,5,2,0,0,0,0,0,0
丑鸭,B2-3-125,动物,动物 / 鸟类 / 鸭雁类,按当前导航约定归类,未核验到种,3,9,9,8,8,4,0,0,0,0,0,0
东北虎,B2-3-126,动物,动物 / 哺乳动物 / 野生猫科动物,按当前导航约定归类,未核验到种,3,15,15,14,15,8,4,0,0,0,1,0
东方天幕毛虫,B2-3-127,动物,动物 / 节肢动物 / 蝶蛾及其幼虫,按当前导航约定归类,未核验到种,3,6,6,4,6,2,1,0,0,0,0,0
东方白鹳,B2-3-128,动物,动物 / 鸟类 / 鹳类,按当前导航约定归类,未核验到种,3,12,12,8,10,5,0,0,0,0,1,0
东方蜚蠊,B2-3-129,动物,动物 / 节肢动物 / 蜚蠊与衣鱼类,按当前导航约定归类,未核验到种,3,9,9,5,5,3,0,0,0,0,0,0
东部带蛇成体,B2-3-130,动物,动物 / 爬行动物 / 蛇类,按当前导航约定归类,未核验到种,3,1,1,1,1,1,0,0,0,0,0,0
东部菱背响尾蛇森林背景,B2-3-131,动物,动物 / 爬行动物 / 蛇类,按当前导航约定归类,未核验到种,3,8,8,3,5,0,0,0,0,0,0,0
两栖蓼,B2-3-132,植物,植物 / 草本与藤本植物 / 水生与湿地植物,按当前导航约定归类,未核验到种,3,10,10,6,6,1,1,0,0,0,0,0
中华剑角蝗,B2-3-133,动物,动物 / 节肢动物 / 直翅与螳螂类,按当前导航约定归类,未核验到种,3,10,10,9,10,7,2,0,0,0,0,0
中国鹅灰色,B2-3-134,动物,动物 / 鸟类 / 鸭雁类,按当前导航约定归类,未核验到种,3,10,10,8,8,2,0,0,0,0,0,0
中贼鸥掠夺行为,B2-3-135,动物,动物 / 鸟类 / 鸻鹬与鸥类,按当前导航约定归类,未核验到种,3,8,8,2,3,1,1,0,0,0,0,0
中阮,B2-3-136,器具与设备,器具与设备 / 乐器 / 弹拨与拉弦乐器,按当前导航约定归类,不适用,3,12,12,12,12,7,3,0,0,0,0,0
乌林鸮成鸟,B2-3-137,动物,动物 / 鸟类 / 鸮类,按当前导航约定归类,未核验到种,3,8,8,0,4,0,0,0,0,0,0,0
乌林鸮捕食,B2-3-138,动物,动物 / 鸟类 / 鸮类,按当前导航约定归类,未核验到种,3,8,8,4,8,3,1,0,0,0,0,0
乌鸫草坪,B2-3-139,动物,动物 / 鸟类 / 雀形目鸟类,按当前导航约定归类,未核验到种,3,8,8,6,6,3,1,0,0,0,0,0
乙女心,B2-3-140,植物,植物 / 多肉与肉质植物 / 叶多肉植物,按当前导航约定归类,未核验到种,3,12,12,11,11,6,0,0,0,0,0,0
乳白大白熊犬,B2-3-141,动物,动物 / 哺乳动物 / 家犬与犬品种,按当前导航约定归类,品种或栽培类型,3,8,8,2,4,0,0,0,0,0,0,0
乳齿象,B2-3-142,动物,动物 / 古生物及其遗存 / 史前哺乳动物,按当前导航约定归类,范围待确认,3,10,10,8,8,3,3,0,0,0,0,0
二叶舞鹤草的花,B2-3-143,植物,植物 / 植物部位 / 花与花序,按当前导航约定归类,未核验到种,3,7,7,3,3,1,1,0,0,0,0,0
二星瓢虫,B2-3-144,动物,动物 / 节肢动物 / 甲虫类,按当前导航约定归类,未核验到种,3,9,9,7,7,2,1,0,0,0,0,0
二粒小麦,B2-3-145,植物,植物 / 草本与藤本植物 / 禾本科草本,按当前导航约定归类,未核验到种,3,10,10,8,8,3,0,0,0,0,0,0
云豹肖像,B2-3-146,动物,动物 / 哺乳动物 / 野生猫科动物,按当前导航约定归类,未核验到种,3,7,7,4,6,3,0,0,0,0,0,0
五十铃玉,B2-3-147,植物,植物 / 多肉与肉质植物 / 叶多肉植物,按当前导航约定归类,未核验到种,3,10,10,10,10,3,1,0,0,0,0,0
亚成鸟,B2-3-148,待明确主体,待明确主体 / 名称信息不足 / 生物身份片段,需要上下文,主体待确认,3,8,8,7,8,3,0,0,0,0,0,0
亚洲豺犬耳朵,B2-3-149,动物,动物 / 哺乳动物 / 野生犬科动物,按当前导航约定归类,未核验到种,3,8,8,0,3,0,0,0,0,0,0,0
亚洲豺犬肖像,B2-3-150,动物,动物 / 哺乳动物 / 野生犬科动物,按当前导航约定归类,未核验到种,3,6,6,1,3,0,0,0,0,0,0,0
亚述帝国,B2-3-151,抽象与文化主题,抽象与文化主题 / 历史与文化主题 / 文明与历史时期,需要明确视觉载体,不适用,3,7,7,7,7,6,2,0,0,0,1,0
交嘴雀松果觅食,B2-3-152,动物,动物 / 鸟类 / 雀形目鸟类,按当前导航约定归类,未核验到种,3,5,5,4,4,2,0,0,0,0,0,0
京式月饼,B2-3-153,食物与食材,食物与食材 / 糕点与甜品 / 月饼,按当前导航约定归类,不适用,3,8,8,6,7,4,3,0,0,0,0,0
亭式塔,B2-3-154,建筑与设施,建筑与设施 / 建筑与建筑群 / 塔与纪念构筑物,按当前导航约定归类,不适用,3,8,8,8,8,3,0,0,0,0,0,0
人蚤,B2-3-155,动物,动物 / 节肢动物 / 蝇蚊与蚤类,按当前导航约定归类,未核验到种,3,9,9,8,9,4,0,0,0,0,0,0
仓鸮幼鸟,B2-3-156,动物,动物 / 鸟类 / 鸮类,按当前导航约定归类,未核验到种,3,7,7,4,5,1,0,0,0,0,0,0
仓鸮成鸟,B2-3-157,动物,动物 / 鸟类 / 鸮类,按当前导航约定归类,未核验到种,3,6,6,2,4,0,0,0,0,0,0,0
仓鸮捕食鼠类,B2-3-158,动物,动物 / 鸟类 / 鸮类,按当前导航约定归类,未核验到种,3,6,6,4,4,1,0,0,0,0,0,0
仓鸮飞行,B2-3-159,动物,动物 / 鸟类 / 鸮类,按当前导航约定归类,未核验到种,3,8,8,6,6,3,0,0,0,0,0,0
仰韶彩陶,B2-3-160,艺术与装饰品,艺术与装饰品 / 工艺品 / 陶瓷器与陶瓷工艺,按当前导航约定归类,不适用,3,67,65,52,65,49,40,0,0,0,1,0
仿古壶,B2-3-161,艺术与装饰品,艺术与装饰品 / 工艺品 / 陶瓷器与陶瓷工艺,按当前导航约定归类,不适用,3,53,53,15,51,12,8,0,0,0,1,0
伊丽莎白女王号航母,B2-3-162,交通工具,交通工具 / 水上交通工具 / 军舰与潜艇,按当前导航约定归类,不适用,3,5,5,4,4,4,2,0,0,0,1,0
伊伊威雀,B2-3-163,动物,动物 / 鸟类 / 雀形目鸟类,按当前导航约定归类,未核验到种,3,4,4,4,4,2,0,0,0,0,0,0
伊贝母,B2-3-164,植物,植物 / 草本与藤本植物 / 观花与观叶草本,按当前导航约定归类,范围待确认,3,10,10,8,8,5,1,0,0,0,0,0
伯莱塔92F手枪,B2-3-165,器具与设备,器具与设备 / 武器与防护装备 / 枪械,按当前导航约定归类,不适用,3,7,7,6,6,3,1,0,0,0,1,0
低音长号,B2-3-166,器具与设备,器具与设备 / 乐器 / 吹管乐器,按当前导航约定归类,不适用,3,9,9,4,9,2,0,0,0,0,0,0
佛甲草,B2-3-167,植物,植物 / 多肉与肉质植物 / 叶多肉植物,按当前导航约定归类,未核验到种,3,10,10,8,9,3,0,0,0,0,0,0
佩尔什母马,B2-3-168,动物,动物 / 哺乳动物 / 马与驴类,按当前导航约定归类,未核验到种,3,10,10,5,7,2,0,0,0,0,0,0
侏儒响尾蛇微距摄影,B2-3-169,动物,动物 / 爬行动物 / 蛇类,按当前导航约定归类,未核验到种,3,8,8,2,4,2,0,0,0,0,0,0
侏儒响尾蛇蜕皮,B2-3-170,动物,动物 / 爬行动物 / 蛇类,按当前导航约定归类,未核验到种,3,7,7,2,6,0,0,0,0,0,0,0
侗琵琶,B2-3-171,器具与设备,器具与设备 / 乐器 / 弹拨与拉弦乐器,按当前导航约定归类,不适用,3,9,9,7,7,5,1,0,0,0,0,0
侗笛,B2-3-172,器具与设备,器具与设备 / 乐器 / 吹管乐器,按当前导航约定归类,不适用,3,8,8,6,6,1,0,0,0,0,0,0
信息架构图,B2-3-173,图像与标识,图像与标识 / 科学与信息图示 / 分类与关系图,按当前导航约定归类,不适用,3,8,8,8,8,6,3,0,0,0,0,0
俾斯麦号,B2-3-174,交通工具,交通工具 / 水上交通工具 / 军舰与潜艇,按当前导航约定归类,不适用,3,5,5,4,4,3,0,0,0,0,1,0
倒虹吸,B2-3-175,建筑与设施,建筑与设施 / 交通与水工设施 / 水处理与输水设施,按当前导航约定归类,不适用,3,8,8,6,6,2,1,0,0,0,0,0
倭黑猩猩,B2-3-176,动物,动物 / 哺乳动物 / 灵长类动物,按当前导航约定归类,未核验到种,3,12,12,9,12,8,2,0,0,0,0,0
偏心轮,B2-3-177,器具与设备,器具与设备 / 机械零部件 / 传动与支承件,按当前导航约定归类,不适用,3,8,8,6,6,3,1,0,0,0,0,0
元青花缠枝牡丹纹兽耳罐,B2-3-178,艺术与装饰品,艺术与装饰品 / 工艺品 / 陶瓷器与陶瓷工艺,按当前导航约定归类,不适用,3,31,31,27,31,23,17,0,0,0,1,0
克孜尔千佛洞壁画,B2-3-179,图像与标识,图像与标识 / 艺术图像 / 绘画与版画作品,按当前导航约定归类,不适用,3,49,48,18,46,17,9,0,0,0,1,0
克孜尔本生故事画,B2-3-180,图像与标识,图像与标识 / 艺术图像 / 绘画与版画作品,按当前导航约定归类,不适用,3,49,48,22,48,19,9,0,0,0,1,0
克拉克星鸦育雏,B2-3-181,动物,动物 / 鸟类 / 雀形目鸟类,按当前导航约定归类,未核验到种,3,7,7,1,3,1,1,0,0,0,0,0
兔狲冬季,B2-3-182,动物,动物 / 哺乳动物 / 野生猫科动物,按当前导航约定归类,未核验到种,3,7,7,5,5,3,1,0,0,0,0,0
兔狲岩石,B2-3-183,动物,动物 / 哺乳动物 / 野生猫科动物,按当前导航约定归类,未核验到种,3,9,9,6,7,4,0,0,0,0,0,0
兔狲肖像,B2-3-184,动物,动物 / 哺乳动物 / 野生猫科动物,按当前导航约定归类,未核验到种,3,10,10,7,8,3,0,0,0,0,0,0
兜状荷包牡丹盆栽,B2-3-186,活动与场景,活动与场景 / 农业与园艺场景 / 盆栽陈设,按当前导航约定归类,不适用,3,10,10,7,10,4,1,0,0,0,0,0
全画幅单反相机,B2-3-187,器具与设备,器具与设备 / 摄影器材 / 照相机,按当前导航约定归类,不适用,3,11,11,8,8,4,1,0,0,0,0,0
八心八箭钻石,B2-3-188,自然环境与物质,自然环境与物质 / 矿物与宝石 / 切割钻石,按当前导航约定归类,不适用,3,7,7,5,5,3,1,0,0,0,0,0
六棱大麦,B2-3-189,植物,植物 / 草本与藤本植物 / 禾本科草本,按当前导航约定归类,未核验到种,3,10,10,10,10,4,0,0,0,0,0,0
六股辫,B2-3-190,服饰与造型,服饰与造型 / 发型 / 编发,按当前导航约定归类,不适用,3,12,12,12,12,6,0,0,0,0,0,0
六角拉刀,B2-3-191,器具与设备,器具与设备 / 机械加工刀具 / 拉刀,按当前导航约定归类,不适用,3,10,10,9,10,4,3,0,0,0,0,0
兰花螳螂,B2-3-192,动物,动物 / 节肢动物 / 直翅与螳螂类,按当前导航约定归类,未核验到种,3,8,8,7,8,4,2,0,0,0,0,0
关中侯印,B2-3-193,艺术与装饰品,艺术与装饰品 / 钱币与印信 / 印章与封泥,按当前导航约定归类,不适用,3,14,14,11,12,6,0,0,0,0,1,0
兴隆洼文化,B2-3-194,抽象与文化主题,抽象与文化主题 / 历史与文化主题 / 文明与历史时期,需要明确视觉载体,不适用,3,8,7,6,7,4,3,0,0,0,1,0
内波,B2-3-195,自然环境与物质,自然环境与物质 / 水文与海洋现象 / 潮汐与波浪,按当前导航约定归类,不适用,3,8,8,6,6,1,0,0,0,0,0,0
内野手套,B2-3-196,器具与设备,器具与设备 / 体育器材 / 球类运动装备,按当前导航约定归类,不适用,3,8,7,6,7,2,0,0,0,0,0,0
内齿轮拉刀,B2-3-197,器具与设备,器具与设备 / 机械加工刀具 / 拉刀,按当前导航约定归类,不适用,3,8,7,5,5,1,0,0,0,0,0,0
军号吹奏者,B2-3-198,人物与人体,人物与人体 / 人物身份 / 音乐演奏者,按当前导航约定归类,不适用,3,8,7,5,5,2,0,0,0,0,0,0
军舰金刚鹦鹉,B2-3-199,动物,动物 / 鸟类 / 鹦鹉类,按当前导航约定归类,未核验到种,3,10,10,6,8,2,0,0,0,0,0,0
冠企鹅蛋,B2-3-200,动物,动物 / 身体部位与遗存 / 卵与卵囊,按当前导航约定归类,未明确到种,3,7,7,6,7,2,1,0,0,0,0,0
冠斑犀鸟,B2-3-201,动物,动物 / 鸟类 / 犀鸟与地犀鸟,按当前导航约定归类,未核验到种,3,10,10,8,8,5,2,0,0,0,0,0
冠秋沙鸭冠羽,B2-3-202,动物,动物 / 鸟类 / 鸭雁类,按当前导航约定归类,未核验到种,3,6,6,4,6,2,0,0,0,0,0,0
冠秋沙鸭雄鸟,B2-3-203,动物,动物 / 鸟类 / 鸭雁类,按当前导航约定归类,未核验到种,3,7,7,4,5,3,0,0,0,0,0,0
冠花贝母,B2-3-204,植物,植物 / 草本与藤本植物 / 观花与观叶草本,按当前导航约定归类,未核验到种,3,9,9,6,9,5,2,0,0,0,0,0
冠花贝母种球,B2-3-205,植物,植物 / 植物部位 / 根与茎,按当前导航约定归类,未核验到种,3,9,8,0,6,0,0,0,0,0,0,0
冠蓝鸦林地,B2-3-206,动物,动物 / 鸟类 / 雀形目鸟类,按当前导航约定归类,未核验到种,3,11,11,4,6,3,1,0,0,0,0,0
冰舞冰鞋,B2-3-207,器具与设备,器具与设备 / 体育器材 / 冰鞋,按当前导航约定归类,不适用,3,9,9,6,8,3,1,0,0,0,0,0
冷藏货运船,B2-3-208,交通工具,交通工具 / 水上交通工具 / 货船,按当前导航约定归类,不适用,3,7,7,5,7,2,1,0,0,0,0,0
冷藏集装箱船,B2-3-209,交通工具,交通工具 / 水上交通工具 / 货船,按当前导航约定归类,不适用,3,7,7,5,7,3,1,0,0,0,0,0
几内亚狒狒,B2-3-210,动物,动物 / 哺乳动物 / 灵长类动物,按当前导航约定归类,未核验到种,3,10,10,6,6,4,0,0,0,0,0,0
凤头䴙䴘求偶,B2-3-211,动物,动物 / 鸟类 / 潜鸟与䴙䴘类,按当前导航约定归类,未核验到种,3,6,6,4,4,1,0,0,0,0,0,0
凤头䴙䴘群,B2-3-212,动物,动物 / 鸟类 / 潜鸟与䴙䴘类,按当前导航约定归类,未核验到种,3,8,8,3,3,1,0,0,0,0,0,0
凤头䴙䴘非繁殖羽,B2-3-213,动物,动物 / 鸟类 / 潜鸟与䴙䴘类,按当前导航约定归类,未核验到种,3,6,6,1,1,0,0,0,0,0,0,0
凤头卡拉鹰停栖,B2-3-214,动物,动物 / 鸟类 / 日行猛禽,按当前导航约定归类,未核验到种,3,5,5,1,2,0,0,0,0,0,0,0
凤头蜂鹰栗色型,B2-3-215,动物,动物 / 鸟类 / 日行猛禽,按当前导航约定归类,未核验到种,3,4,4,0,2,0,0,0,0,0,0,0
凤头麦鸡,B2-3-216,动物,动物 / 鸟类 / 鸻鹬与鸥类,按当前导航约定归类,未核验到种,3,8,8,7,8,4,1,0,0,0,0,0
凯尔斯书,B2-3-217,艺术与装饰品,艺术与装饰品 / 文献与刻铭实物 / 书籍与手稿,按当前导航约定归类,不适用,3,38,38,36,36,32,19,0,0,0,1,0
凯尔皮澳大利亚牧牛,B2-3-218,动物,动物 / 哺乳动物 / 家犬与犬品种,按当前导航约定归类,品种或栽培类型,3,8,8,3,6,0,0,0,0,0,0,0
凯门鳄,B2-3-219,动物,动物 / 爬行动物 / 鳄类,按当前导航约定归类,未核验到种,3,10,10,4,6,3,0,0,0,0,0,0
出刃刀,B2-3-220,器具与设备,器具与设备 / 餐厨与日用器具 / 刀具,按当前导航约定归类,不适用,3,10,10,10,10,4,0,0,0,0,0,0
出芽息肉,B2-3-221,动物,动物 / 其他无脊椎动物 / 刺胞动物,按当前导航约定归类,未明确到种,3,8,8,8,8,2,0,0,0,0,0,0
刀嘴海雀非繁殖羽,B2-3-222,动物,动物 / 鸟类 / 鸻鹬与鸥类,按当前导航约定归类,未核验到种,3,8,8,2,5,0,0,0,0,0,0,0
刀嘴海雀黑白分明,B2-3-223,动物,动物 / 鸟类 / 鸻鹬与鸥类,按当前导航约定归类,未核验到种,3,9,9,6,6,2,0,0,0,0,0,0
刃齿虎,B2-3-224,动物,动物 / 古生物及其遗存 / 史前哺乳动物,按当前导航约定归类,范围待确认,3,10,8,4,4,2,2,0,0,0,0,0
切叶蚁蚁后,B2-3-225,动物,动物 / 节肢动物 / 蜂蚁类,按当前导航约定归类,未明确到种,3,8,8,8,8,2,0,0,0,0,0,0
剑叶兰丛,B2-3-228,植物,植物 / 草本与藤本植物 / 观花与观叶草本,按当前导航约定归类,范围待确认,3,6,6,3,4,1,0,0,0,0,0,0
剑叶兰花穗,B2-3-229,植物,植物 / 植物部位 / 花与花序,按当前导航约定归类,未核验到种,3,6,6,3,4,1,1,0,0,0,0,0
剑鱼,B2-3-230,动物,动物 / 鱼类 / 鱼类名称,按当前导航约定归类,未核验到种,3,10,10,8,10,2,0,0,0,0,0,0
剪嘴鸥水面掠食,B2-3-231,动物,动物 / 鸟类 / 鸻鹬与鸥类,按当前导航约定归类,未核验到种,3,7,7,3,3,0,0,0,0,0,0,0
剪尾王霸鹟夏羽,B2-3-232,动物,动物 / 鸟类 / 雀形目鸟类,按当前导航约定归类,未核验到种,3,5,5,1,2,0,0,0,0,0,0,0
剪尾王霸鹟幼羽,B2-3-233,动物,动物 / 鸟类 / 雀形目鸟类,按当前导航约定归类,未核验到种,3,7,7,3,6,0,0,0,0,0,0,0
加固扶壁,B2-3-234,建筑与设施,建筑与设施 / 建筑结构 / 拱与扶壁,按当前导航约定归类,不适用,3,6,6,5,5,2,0,0,0,0,0,0
加尔都西会院,B2-3-235,建筑与设施,建筑与设施 / 宗教建筑 / 教堂,按当前导航约定归类,不适用,3,7,7,6,6,2,0,0,0,0,0,0
加州神鹫巢,B2-3-236,动物,动物 / 动物活动遗迹 / 巢穴,按当前导航约定归类,未核验到种,3,8,8,1,5,0,0,0,0,0,0,0
加州神鹫成鸟,B2-3-237,动物,动物 / 鸟类 / 日行猛禽,按当前导航约定归类,未核验到种,3,8,8,2,6,1,0,0,0,0,0,0
加拿大松鸦储存食物,B2-3-238,动物,动物 / 鸟类 / 雀形目鸟类,按当前导航约定归类,未核验到种,3,7,7,3,5,1,1,0,0,0,0,0
加拿大松鸦北方林,B2-3-239,动物,动物 / 鸟类 / 雀形目鸟类,按当前导航约定归类,未核验到种,3,7,7,3,4,1,0,0,0,0,0,0
加拿大猞猁大脚,B2-3-240,动物,动物 / 哺乳动物 / 野生猫科动物,按当前导航约定归类,未核验到种,3,8,8,5,8,1,1,0,0,0,0,0
加拿大猞猁头部,B2-3-241,动物,动物 / 哺乳动物 / 野生猫科动物,按当前导航约定归类,未核验到种,3,10,10,5,8,4,1,0,0,0,0,0
加拿大猞猁捕猎,B2-3-242,动物,动物 / 哺乳动物 / 野生猫科动物,按当前导航约定归类,未核验到种,3,7,7,3,7,1,0,0,0,0,0,0
加拿大雁群,B2-3-243,动物,动物 / 鸟类 / 鸭雁类,按当前导航约定归类,未核验到种,3,8,8,8,8,3,0,0,0,0,0,0
劳氏猪笼草,B2-3-245,植物,植物 / 草本与藤本植物 / 食虫植物,按当前导航约定归类,未核验到种,3,8,8,6,6,4,3,0,0,0,0,0
勺鸡,B2-3-246,动物,动物 / 鸟类 / 鸡雉类,按当前导航约定归类,未核验到种,3,10,10,8,10,4,1,0,0,0,0,0
匈牙利维兹拉犬,B2-3-247,动物,动物 / 哺乳动物 / 家犬与犬品种,按当前导航约定归类,品种或栽培类型,3,9,9,8,8,4,0,0,0,0,0,0
化学品运输轮,B2-3-248,交通工具,交通工具 / 水上交通工具 / 货船,按当前导航约定归类,不适用,3,6,6,4,5,1,0,0,0,0,0,0
北扑翅鴷凿洞,B2-3-250,动物,动物 / 鸟类 / 啄木鸟与拟啄木鸟,按当前导航约定归类,未核验到种,3,7,7,2,4,0,0,0,0,0,0,0
北扑翅鴷幼鸟,B2-3-251,动物,动物 / 鸟类 / 啄木鸟与拟啄木鸟,按当前导航约定归类,未核验到种,3,7,7,3,7,1,0,0,0,0,0,0
北扑翅鴷站立,B2-3-252,动物,动物 / 鸟类 / 啄木鸟与拟啄木鸟,按当前导航约定归类,未核验到种,3,8,8,0,6,0,0,0,0,0,0,0
北方塘鹅殖民地繁殖,B2-3-253,动物,动物 / 鸟类 / 塘鹅、鹈鹕、鸬鹚与军舰鸟,按当前导航约定归类,未核验到种,3,7,7,3,6,0,0,0,0,0,0,0
北方塘鹅群,B2-3-254,动物,动物 / 鸟类 / 塘鹅、鹈鹕、鸬鹚与军舰鸟,按当前导航约定归类,未核验到种,3,9,9,5,6,2,0,0,0,0,0,0
北方塘鹅非繁殖羽,B2-3-255,动物,动物 / 鸟类 / 塘鹅、鹈鹕、鸬鹚与军舰鸟,按当前导航约定归类,未核验到种,3,6,6,2,6,1,1,0,0,0,0,0
北方水蛇成体,B2-3-256,动物,动物 / 爬行动物 / 蛇类,按当前导航约定归类,未核验到种,3,7,7,1,4,0,0,0,0,0,0,0
北极潜鸟,B2-3-257,动物,动物 / 鸟类 / 潜鸟与䴙䴘类,按当前导航约定归类,未核验到种,3,10,10,6,6,3,0,0,0,0,0,0
北极狐夏季,B2-3-258,动物,动物 / 哺乳动物 / 野生犬科动物,按当前导航约定归类,未核验到种,3,10,10,8,8,5,0,0,0,0,0,0
北极狼,B2-3-259,动物,动物 / 哺乳动物 / 野生犬科动物,按当前导航约定归类,未核验到种,3,10,10,9,10,5,1,0,0,0,0,0
北极狼幼崽,B2-3-260,动物,动物 / 哺乳动物 / 野生犬科动物,按当前导航约定归类,未核验到种,3,10,10,6,7,3,0,0,0,0,0,0
北极狼群体,B2-3-261,动物,动物 / 哺乳动物 / 野生犬科动物,按当前导航约定归类,未核验到种,3,8,8,4,6,2,0,0,0,0,0,0
北红尾鸲,B2-3-262,动物,动物 / 鸟类 / 雀形目鸟类,按当前导航约定归类,未核验到种,3,10,10,8,8,6,5,0,0,0,0,0
北美大山猫雪地,B2-3-263,动物,动物 / 哺乳动物 / 野生猫科动物,按当前导航约定归类,范围待确认,3,8,8,4,6,0,0,0,0,0,0,0
北美山猫,B2-3-264,动物,动物 / 哺乳动物 / 野生猫科动物,按当前导航约定归类,未核验到种,3,9,9,7,8,2,0,0,0,0,0,0
十字园蛛结网,B2-3-265,动物,动物 / 节肢动物 / 蛛形动物,按当前导航约定归类,未核验到种,3,8,8,3,4,1,0,0,0,0,0,0
升船机,B2-3-266,建筑与设施,建筑与设施 / 交通与水工设施 / 水处理与输水设施,按当前导航约定归类,不适用,3,8,8,8,8,5,1,0,0,0,0,0
半圆冷凿,B2-3-267,器具与设备,器具与设备 / 手工工具 / 凿削工具,按当前导航约定归类,不适用,3,10,10,5,8,0,0,0,0,0,0,0
半坡彩陶,B2-3-268,艺术与装饰品,艺术与装饰品 / 工艺品 / 陶瓷器与陶瓷工艺,按当前导航约定归类,不适用,3,38,37,20,37,13,8,0,0,0,1,0
半夏,B2-3-269,植物,植物 / 草本与藤本植物 / 观花与观叶草本,按当前导航约定归类,未核验到种,3,10,10,5,9,2,0,0,0,0,0,0
半山彩陶,B2-3-270,艺术与装饰品,艺术与装饰品 / 工艺品 / 陶瓷器与陶瓷工艺,按当前导航约定归类,不适用,3,72,69,52,69,49,38,0,0,0,1,0
半枝莲,B2-3-271,植物,植物 / 草本与藤本植物 / 芳香与药用草本,按当前导航约定归类,未核验到种,3,9,9,5,7,4,2,0,0,0,0,0
半轴,B2-3-272,交通工具,交通工具 / 交通工具部件 / 汽车部件,按当前导航约定归类,不适用,3,12,12,8,8,5,2,0,0,0,0,0
华阳龙,B2-3-273,动物,动物 / 古生物及其遗存 / 恐龙及其遗存,按当前导航约定归类,范围待确认,3,10,10,6,6,5,1,0,0,0,0,0
卓尔金历,B2-3-274,抽象与文化主题,抽象与文化主题 / 符号与历法 / 文化寓意与历法,需要明确视觉载体,不适用,3,6,6,5,5,3,1,0,0,0,1,0
单体息肉,B2-3-275,动物,动物 / 其他无脊椎动物 / 刺胞动物,按当前导航约定归类,未明确到种,3,8,8,7,7,4,0,0,0,0,0,0
南宋官窑青瓷葵花式洗,B2-3-276,艺术与装饰品,艺术与装饰品 / 工艺品 / 陶瓷器与陶瓷工艺,按当前导航约定归类,不适用,3,55,54,37,54,30,25,0,0,0,1,0
南方巨兽龙,B2-3-277,动物,动物 / 古生物及其遗存 / 恐龙及其遗存,按当前导航约定归类,范围待确认,3,10,10,9,9,4,4,0,0,0,0,0
南极暴风鹱管状鼻孔,B2-3-278,动物,动物 / 鸟类 / 鹱与热带鸟,按当前导航约定归类,未核验到种,3,7,7,2,2,0,0,0,0,0,0,0
南非山斑马群,B2-3-279,动物,动物 / 哺乳动物 / 马与驴类,按当前导航约定归类,未核验到种,3,9,9,5,7,3,0,0,0,0,0,0
南非鼓腹咝蝰,B2-3-280,动物,动物 / 爬行动物 / 蛇类,按当前导航约定归类,未核验到种,3,8,8,5,6,3,1,0,0,0,0,0
卡-52 短吻鳄武装直升机,B2-3-281,交通工具,交通工具 / 航空器 / 直升机,按当前导航约定归类,不适用,3,7,7,7,7,5,0,0,0,0,1,0
卡马雷斯陶器,B2-3-282,艺术与装饰品,艺术与装饰品 / 工艺品 / 陶瓷器与陶瓷工艺,按当前导航约定归类,不适用,3,3,3,3,3,0,0,0,0,0,1,0
印度剪嘴鸥,B2-3-283,动物,动物 / 鸟类 / 鸻鹬与鸥类,按当前导航约定归类,未核验到种,3,8,8,4,4,2,0,0,0,0,0,0
印度河印章,B2-3-284,艺术与装饰品,艺术与装饰品 / 钱币与印信 / 印章与封泥,按当前导航约定归类,不适用,3,5,5,3,5,2,0,0,0,0,1,0
印度河文明印章,B2-3-285,艺术与装饰品,艺术与装饰品 / 钱币与印信 / 印章与封泥,按当前导航约定归类,不适用,3,5,5,2,4,0,0,0,0,0,1,0
印度河谷印章,B2-3-286,艺术与装饰品,艺术与装饰品 / 钱币与印信 / 印章与封泥,按当前导航约定归类,不适用,3,27,27,25,27,21,12,0,0,0,1,0
印度眼镜蛇成体,B2-3-287,动物,动物 / 爬行动物 / 蛇类,按当前导航约定归类,未核验到种,3,8,8,3,4,1,0,0,0,0,0,0
卷心菜的花,B2-3-288,植物,植物 / 植物部位 / 花与花序,按当前导航约定归类,未核验到种,3,12,12,7,8,1,0,0,0,0,0,0
原色东部菱背响尾蛇,B2-3-290,动物,动物 / 爬行动物 / 蛇类,按当前导航约定归类,未核验到种,3,10,10,5,8,1,0,0,0,0,0,0
双叉犀金龟,B2-3-291,动物,动物 / 节肢动物 / 甲虫类,按当前导航约定归类,未核验到种,3,10,10,8,8,2,1,0,0,0,0,0
双孢蘑菇,B2-3-292,真菌,真菌 / 大型真菌 / 伞状真菌,按当前导航约定归类,未核验到种,3,10,10,10,10,5,1,0,0,0,0,0
双层厚毛型凯斯狗,B2-3-293,动物,动物 / 哺乳动物 / 家犬与犬品种,按当前导航约定归类,品种或栽培类型,3,9,8,3,6,1,0,0,0,0,0,0
双层厚毛型古代英国牧羊犬,B2-3-294,动物,动物 / 哺乳动物 / 家犬与犬品种,按当前导航约定归类,品种或栽培类型,3,5,5,2,4,0,0,0,0,0,0,0
双嵴冠蜥,B2-3-295,动物,动物 / 爬行动物 / 蜥蜴类,按当前导航约定归类,未核验到种,3,9,9,5,6,2,1,0,0,0,0,0
双排圆号,B2-3-296,器具与设备,器具与设备 / 乐器 / 吹管乐器,按当前导航约定归类,不适用,3,8,8,6,6,1,1,0,0,0,0,0
双条合欢天牛,B2-3-297,动物,动物 / 节肢动物 / 甲虫类,按当前导航约定归类,未核验到种,3,8,8,6,6,1,0,0,0,0,0,0
双条杉天牛,B2-3-298,动物,动物 / 节肢动物 / 甲虫类,按当前导航约定归类,未核验到种,3,8,8,5,6,1,1,0,0,0,0,0
双桅横帆训练船,B2-3-299,交通工具,交通工具 / 水上交通工具 / 帆船,按当前导航约定归类,不适用,3,6,6,0,1,0,0,0,0,0,0,0
双桅横帆货船,B2-3-300,交通工具,交通工具 / 水上交通工具 / 帆船,按当前导航约定归类,不适用,3,8,8,0,1,0,0,0,0,0,0,0
双桅纵帆货船,B2-3-301,交通工具,交通工具 / 水上交通工具 / 帆船,按当前导航约定归类,不适用,3,23,23,13,17,9,3,0,0,0,0,0
双角犀鸟,B2-3-302,动物,动物 / 鸟类 / 犀鸟与地犀鸟,按当前导航约定归类,未核验到种,3,10,10,10,10,7,1,0,0,0,0,0
双黄头亚马逊鹦鹉,B2-3-303,动物,动物 / 鸟类 / 鹦鹉类,按当前导航约定归类,未核验到种,3,8,8,8,8,4,0,0,0,0,0,0
发光海鳃,B2-3-304,动物,动物 / 其他无脊椎动物 / 刺胞动物,按当前导航约定归类,范围待确认,3,6,6,2,4,0,0,0,0,0,0,0
古巴亚马逊鹦鹉,B2-3-305,动物,动物 / 鸟类 / 鹦鹉类,按当前导航约定归类,未核验到种,3,10,10,6,6,2,1,0,0,0,0,0
古巴鬣蜥,B2-3-306,动物,动物 / 爬行动物 / 蜥蜴类,按当前导航约定归类,未核验到种,3,9,9,8,8,4,1,0,0,0,0,0
古登堡圣经,B2-3-307,艺术与装饰品,艺术与装饰品 / 文献与刻铭实物 / 书籍与手稿,按当前导航约定归类,不适用,3,27,26,26,26,20,13,0,0,0,1,0
台式剪板机,B2-3-310,器具与设备,器具与设备 / 机械与作业设备 / 切割设备,按当前导航约定归类,不适用,3,10,10,10,10,2,1,0,0,0,0,0
叶蝉,B2-3-311,动物,动物 / 节肢动物 / 蝉蝽蚜蚧类,按当前导航约定归类,未明确到种,3,10,10,8,8,6,2,0,0,0,0,0
号手天鹅孵卵,B2-3-312,动物,动物 / 鸟类 / 鸭雁类,按当前导航约定归类,未核验到种,3,7,7,1,4,0,0,0,0,0,0,0
号手天鹅游水,B2-3-313,动物,动物 / 鸟类 / 鸭雁类,按当前导航约定归类,未核验到种,3,9,9,2,5,1,0,0,0,0,0,0
号手天鹅筑巢,B2-3-314,动物,动物 / 鸟类 / 鸭雁类,按当前导航约定归类,未核验到种,3,8,8,2,4,1,0,0,0,0,0,0
号手天鹅飞行,B2-3-315,动物,动物 / 鸟类 / 鸭雁类,按当前导航约定归类,未核验到种,3,11,11,6,10,3,1,0,0,0,0,0
号角军号,B2-3-316,器具与设备,器具与设备 / 乐器 / 吹管乐器,按当前导航约定归类,不适用,3,8,8,5,8,0,0,0,0,0,0,0
合趾猿,B2-3-317,动物,动物 / 哺乳动物 / 灵长类动物,按当前导航约定归类,未核验到种,3,8,8,7,8,5,0,0,0,0,0,0
吉州窑瓷器,B2-3-318,艺术与装饰品,艺术与装饰品 / 工艺品 / 陶瓷器与陶瓷工艺,按当前导航约定归类,不适用,3,7,7,4,5,2,2,0,0,0,0,0
君主斑蝶雌蝶,B2-3-319,动物,动物 / 节肢动物 / 蝶蛾及其幼虫,按当前导航约定归类,未核验到种,3,8,8,2,6,0,0,0,0,0,0,0
吹泡虫,B2-3-320,动物,动物 / 节肢动物 / 蝉蝽蚜蚧类,按当前导航约定归类,范围待确认,3,8,8,5,5,0,0,0,0,0,0,0
吹绵蚧,B2-3-321,动物,动物 / 节肢动物 / 蝉蝽蚜蚧类,按当前导航约定归类,未核验到种,3,10,10,7,8,6,1,0,0,0,0,0
周期蝉,B2-3-322,动物,动物 / 节肢动物 / 蝉蝽蚜蚧类,按当前导航约定归类,范围待确认,3,12,12,8,10,3,0,0,0,0,0,0
哀鸽,B2-3-323,动物,动物 / 鸟类 / 鸽鸠类,按当前导航约定归类,未核验到种,3,8,8,6,6,3,0,0,0,0,0,0
哈蒙德风琴演奏者,B2-3-324,人物与人体,人物与人体 / 人物身份 / 音乐演奏者,按当前导航约定归类,不适用,3,6,6,2,4,0,0,0,0,0,0,0
哈蒙德风琴音箱,B2-3-325,器具与设备,器具与设备 / 乐器 / 乐器部件与配套设备,按当前导航约定归类,不适用,3,6,6,6,6,3,1,0,0,0,0,0
哥窑,B2-3-326,艺术与装饰品,艺术与装饰品 / 工艺品 / 陶瓷器与陶瓷工艺,按当前导航约定归类,不适用,3,47,45,43,45,40,27,0,0,0,1,0
唐代墓葬壁画,B2-3-327,图像与标识,图像与标识 / 艺术图像 / 绘画与版画作品,按当前导航约定归类,不适用,3,52,51,45,51,39,32,0,0,0,1,0
唐代彩绘陶俑,B2-3-328,艺术与装饰品,艺术与装饰品 / 雕塑与立体作品 / 雕塑及装置作品,按当前导航约定归类,不适用,3,51,48,41,46,37,26,0,0,0,1,0
唐菖蒲,B2-3-330,植物,植物 / 草本与藤本植物 / 观花与观叶草本,按当前导航约定归类,未核验到种,3,9,9,7,7,4,1,0,0,0,0,0
唧鹀黑色颊纹,B2-3-331,动物,动物 / 鸟类 / 雀形目鸟类,按当前导航约定归类,未核验到种,3,5,5,2,3,2,0,0,0,0,0,0
啄羊鹦鹉指名亚种,B2-3-332,动物,动物 / 鸟类 / 鹦鹉类,按当前导航约定归类,种下名称待核,3,7,7,2,4,1,0,0,0,0,0,0
商代玉戈,B2-3-333,艺术与装饰品,艺术与装饰品 / 文物器物 / 玉石器,按当前导航约定归类,不适用,3,44,42,42,42,34,25,0,0,0,1,0
喀斯特漏斗,B2-3-334,自然环境与物质,自然环境与物质 / 地形与地貌 / 喀斯特地貌,按当前导航约定归类,不适用,3,7,7,7,7,2,0,0,0,0,0,0
喇叭天鹅,B2-3-335,动物,动物 / 鸟类 / 鸭雁类,按当前导航约定归类,未核验到种,3,9,9,9,9,5,0,0,0,0,0,0
喙嘴龙,B2-3-336,动物,动物 / 古生物及其遗存 / 翼龙及其遗存,按当前导航约定归类,范围待确认,3,10,10,7,9,1,0,0,0,0,0,0
喜乐蒂牧羊犬,B2-3-337,动物,动物 / 哺乳动物 / 家犬与犬品种,按当前导航约定归类,品种或栽培类型,3,10,10,5,8,4,1,0,0,0,0,0
四神瓦当,B2-3-338,建筑与设施,建筑与设施 / 建筑构件 / 瓦与屋顶构件,按当前导航约定归类,不适用,3,26,26,23,24,20,11,0,0,0,1,0
国王企鹅幼鸟,B2-3-339,动物,动物 / 鸟类 / 企鹅类,按当前导航约定归类,未核验到种,3,8,8,3,4,1,1,0,0,0,0,0
国王企鹅橙色耳斑,B2-3-340,动物,动物 / 鸟类 / 企鹅类,按当前导航约定归类,未核验到种,3,6,6,3,4,1,0,0,0,0,0,0
国王企鹅群,B2-3-341,动物,动物 / 鸟类 / 企鹅类,按当前导航约定归类,未核验到种,3,10,10,7,8,3,0,0,0,0,0,0
图纹白尼参,B2-3-343,动物,动物 / 其他无脊椎动物 / 棘皮动物,按当前导航约定归类,未核验到种,3,8,8,4,4,1,0,0,0,0,0,0
圃鹀繁殖羽,B2-3-344,动物,动物 / 鸟类 / 雀形目鸟类,按当前导航约定归类,未核验到种,3,7,7,2,4,1,0,0,0,0,0,0
圃鹀育雏,B2-3-345,动物,动物 / 鸟类 / 雀形目鸟类,按当前导航约定归类,未核验到种,3,7,7,2,6,0,0,0,0,0,0,0
圃鹀锈色翅,B2-3-346,动物,动物 / 鸟类 / 雀形目鸟类,按当前导航约定归类,未核验到种,3,5,5,4,5,1,0,0,0,0,0,0
圃鹀麦田,B2-3-347,动物,动物 / 鸟类 / 雀形目鸟类,按当前导航约定归类,未核验到种,3,6,6,2,4,1,0,0,0,0,0,0
圆孔拉刀,B2-3-348,器具与设备,器具与设备 / 机械加工刀具 / 拉刀,按当前导航约定归类,不适用,3,8,8,5,6,2,0,0,0,0,0,0
圆弧刨,B2-3-349,器具与设备,器具与设备 / 手工工具 / 刨削工具,按当前导航约定归类,不适用,3,10,10,10,10,3,0,0,0,0,0,0
圆形明亮式切割钻石,B2-3-350,自然环境与物质,自然环境与物质 / 矿物与宝石 / 切割钻石,按当前导航约定归类,不适用,3,8,8,6,6,2,2,0,0,0,0,0
圆网蛛卵囊,B2-3-351,动物,动物 / 身体部位与遗存 / 卵与卵囊,按当前导航约定归类,未明确到种,3,8,8,3,4,0,0,0,0,0,0,0
圆跳虫,B2-3-352,动物,动物 / 节肢动物 / 多足与其他节肢动物,按当前导航约定归类,未明确到种,3,7,7,4,4,1,0,0,0,0,0,0
圈养细纹斑马,B2-3-353,动物,动物 / 哺乳动物 / 马与驴类,按当前导航约定归类,未核验到种,3,7,7,2,6,1,0,0,0,0,0,0
土耳其弯刀,B2-3-354,器具与设备,器具与设备 / 武器与防护装备 / 刀剑与战斧,按当前导航约定归类,不适用,3,10,10,10,10,6,3,0,0,0,0,0
地图鱼,B2-3-355,动物,动物 / 鱼类 / 鱼类名称,按当前导航约定归类,未核验到种,3,9,9,6,7,1,1,0,0,0,0,0
地毯蟒成体,B2-3-356,动物,动物 / 爬行动物 / 蛇类,按当前导航约定归类,未核验到种,3,7,7,3,5,1,0,0,0,0,0,0
地脚螺栓,B2-3-357,器具与设备,器具与设备 / 机械零部件 / 紧固与弹性件,按当前导航约定归类,不适用,3,10,10,8,8,5,0,0,0,0,0,0
地鼠蛇蜕皮,B2-3-358,动物,动物 / 爬行动物 / 蛇类,按当前导航约定归类,未核验到种,3,7,6,2,4,0,0,0,0,0,0,0
坐骨,B2-3-359,人物与人体,人物与人体 / 人体结构 / 骨骼,按当前导航约定归类,不适用,3,10,10,7,8,5,2,0,0,0,0,0
块茎蛀食型,B2-3-360,活动与场景,活动与场景 / 动物行为 / 取食与活动,按当前导航约定归类,不适用,3,8,8,6,6,3,0,0,0,0,0,0
埃克斯穆尔小马,B2-3-361,动物,动物 / 哺乳动物 / 马与驴类,按当前导航约定归类,未核验到种,3,8,8,6,7,2,0,0,0,0,0,0
埃克斯穆尔母马,B2-3-362,动物,动物 / 哺乳动物 / 马与驴类,按当前导航约定归类,未核验到种,3,9,9,6,8,3,0,0,0,0,0,0
埃及猫斑点,B2-3-363,动物,动物 / 哺乳动物 / 家猫与猫品种,按当前导航约定归类,品种或栽培类型,3,12,12,9,10,5,1,0,0,0,0,0
埃及秃鹫幼鸟,B2-3-364,动物,动物 / 鸟类 / 日行猛禽,按当前导航约定归类,未核验到种,3,8,8,4,7,2,0,0,0,0,0,0
埃及秃鹫飞行,B2-3-365,动物,动物 / 鸟类 / 日行猛禽,按当前导航约定归类,未核验到种,3,10,10,8,8,3,1,0,0,0,0,0
埃及雁,B2-3-366,动物,动物 / 鸟类 / 鸭雁类,按当前导航约定归类,未核验到种,3,10,10,8,8,4,0,0,0,0,0,0
堪察加拟石蟹,B2-3-367,动物,动物 / 节肢动物 / 甲壳动物,按当前导航约定归类,未核验到种,3,9,9,7,7,1,1,0,0,0,0,0
壁蜂,B2-3-368,动物,动物 / 节肢动物 / 蜂蚁类,按当前导航约定归类,未明确到种,3,10,10,7,10,4,2,0,0,0,0,0
备前烧,B2-3-369,艺术与装饰品,艺术与装饰品 / 工艺品 / 陶瓷器与陶瓷工艺,按当前导航约定归类,不适用,3,91,91,87,91,84,79,0,0,0,1,0
夏唐纳雀红色雄羽,B2-3-370,动物,动物 / 鸟类 / 雀形目鸟类,按当前导航约定归类,未核验到种,3,4,4,1,1,0,0,0,0,0,0,0
夏唐纳雀育雏,B2-3-371,动物,动物 / 鸟类 / 雀形目鸟类,按当前导航约定归类,未核验到种,3,8,8,1,5,0,0,0,0,0,0,0
夏威夷蜜雀,B2-3-372,动物,动物 / 鸟类 / 雀形目鸟类,按当前导航约定归类,范围待确认,3,8,8,6,7,3,1,0,0,0,0,0
夏季棕色北极狐,B2-3-373,动物,动物 / 哺乳动物 / 野生犬科动物,按当前导航约定归类,未核验到种,3,7,7,5,5,2,0,0,0,0,0,0
夜鹭,B2-3-374,动物,动物 / 鸟类 / 鹭、鹮与琵鹭,按当前导航约定归类,未核验到种,3,10,10,8,8,6,3,0,0,0,0,0
大号挪威老鼠,B2-3-375,动物,动物 / 哺乳动物 / 啮齿动物,按当前导航约定归类,未核验到种,3,8,7,3,6,0,0,0,0,0,0,0
大号黑尾土拨鼠,B2-3-376,动物,动物 / 哺乳动物 / 啮齿动物,按当前导航约定归类,未核验到种,3,8,7,1,4,0,0,0,0,0,0,0
大和号战列舰,B2-3-377,交通工具,交通工具 / 水上交通工具 / 军舰与潜艇,按当前导航约定归类,不适用,3,7,7,6,6,3,1,0,0,0,1,0
大地懒,B2-3-378,动物,动物 / 古生物及其遗存 / 史前哺乳动物,按当前导航约定归类,范围待确认,3,18,18,16,16,10,4,0,0,0,1,0
大天鹅,B2-3-379,动物,动物 / 鸟类 / 鸭雁类,按当前导航约定归类,未核验到种,3,10,10,7,8,5,2,0,0,0,0,0
大天鹅展翅,B2-3-380,动物,动物 / 鸟类 / 鸭雁类,按当前导航约定归类,未核验到种,3,8,8,6,8,5,1,0,0,0,0,0
大天鹅求偶,B2-3-381,动物,动物 / 鸟类 / 鸭雁类,按当前导航约定归类,未核验到种,3,7,7,6,7,5,1,0,0,0,0,0
大天鹅游水,B2-3-382,动物,动物 / 鸟类 / 鸭雁类,按当前导航约定归类,未核验到种,3,8,8,3,5,1,0,0,0,0,0,0
大天鹅飞行,B2-3-383,动物,动物 / 鸟类 / 鸭雁类,按当前导航约定归类,未核验到种,3,10,10,7,8,4,0,0,0,0,0,0
大山猫冬季,B2-3-384,动物,动物 / 哺乳动物 / 野生猫科动物,按当前导航约定归类,范围待确认,3,9,9,5,7,3,0,0,0,0,0,0
大杓鹬,B2-3-386,动物,动物 / 鸟类 / 鸻鹬与鸥类,按当前导航约定归类,未核验到种,3,9,9,9,9,6,1,0,0,0,0,0
大水蟒缠绕树枝,B2-3-387,动物,动物 / 爬行动物 / 蛇类,按当前导航约定归类,未核验到种,3,10,10,8,8,2,0,0,0,0,0,0
大海雀博物馆展示,B2-3-388,动物,动物 / 鸟类 / 鸻鹬与鸥类,按当前导航约定归类,未核验到种,3,8,8,6,6,1,0,0,0,0,0,0
大海雀骨架,B2-3-389,动物,动物 / 身体部位与遗存 / 骨架与标本,按当前导航约定归类,未核验到种,3,8,8,3,4,1,0,0,0,0,0,0
大画幅胶片相机,B2-3-390,器具与设备,器具与设备 / 摄影器材 / 胶片相机,按当前导航约定归类,不适用,3,9,9,7,9,4,1,0,0,0,0,0
大紫蛱蝶,B2-3-391,动物,动物 / 节肢动物 / 蝶蛾及其幼虫,按当前导航约定归类,未核验到种,3,10,10,7,7,2,2,0,0,0,0,0
大美洲鸵雏鸟,B2-3-392,动物,动物 / 鸟类 / 鸵鸟、鸸鹋与食火鸡,按当前导航约定归类,未核验到种,3,9,9,5,8,2,0,0,0,0,0,0
大耳狐夜晚,B2-3-393,动物,动物 / 哺乳动物 / 野生犬科动物,按当前导航约定归类,未核验到种,3,8,8,4,6,2,1,0,0,0,0,0
大耳狐大耳,B2-3-394,动物,动物 / 哺乳动物 / 野生犬科动物,按当前导航约定归类,未核验到种,3,8,8,2,4,1,0,0,0,0,0,0
大耳狐幼狐,B2-3-395,动物,动物 / 哺乳动物 / 野生犬科动物,按当前导航约定归类,未核验到种,3,7,7,4,5,1,0,0,0,0,0,0
大耳狐灰色,B2-3-396,动物,动物 / 哺乳动物 / 野生犬科动物,按当前导航约定归类,未核验到种,3,8,8,4,4,1,0,0,0,0,0,0
大耳狐群体,B2-3-397,动物,动物 / 哺乳动物 / 野生犬科动物,按当前导航约定归类,未核验到种,3,8,8,5,6,0,0,0,0,0,0,0
大耳狐肖像,B2-3-398,动物,动物 / 哺乳动物 / 野生犬科动物,按当前导航约定归类,未核验到种,3,7,7,4,6,0,0,0,0,0,0,0
大菜粉蝶幼虫,B2-3-399,动物,动物 / 节肢动物 / 蝶蛾及其幼虫,按当前导航约定归类,未核验到种,3,9,9,4,7,1,0,0,0,0,0,0
大蜡螟,B2-3-400,动物,动物 / 节肢动物 / 蝶蛾及其幼虫,按当前导航约定归类,未核验到种,3,8,8,8,8,1,1,0,0,0,0,0
大贼鸥攻击其他海鸟,B2-3-401,动物,动物 / 鸟类 / 鸻鹬与鸥类,按当前导航约定归类,未核验到种,3,7,7,4,5,0,0,0,0,0,0,0
大道速滑刀,B2-3-402,器具与设备,器具与设备 / 体育器材 / 冰上装备部件,按当前导航约定归类,不适用,3,8,8,7,8,1,0,0,0,0,0,0
大隐翅虫,B2-3-403,动物,动物 / 节肢动物 / 甲虫类,按当前导航约定归类,未核验到种,3,7,7,4,5,1,0,0,0,0,0,0
大鸨,B2-3-404,动物,动物 / 鸟类 / 鸨类,按当前导航约定归类,未核验到种,3,12,12,10,10,8,1,0,0,0,1,0
太平洋环颈蛇,B2-3-405,动物,动物 / 爬行动物 / 蛇类,按当前导航约定归类,未核验到种,3,8,8,6,6,1,0,0,0,0,0,0
奶嘴海葵,B2-3-406,动物,动物 / 其他无脊椎动物 / 刺胞动物,按当前导航约定归类,未核验到种,3,9,9,9,9,4,1,0,0,0,0,0
始祖马,B2-3-407,动物,动物 / 古生物及其遗存 / 史前哺乳动物,按当前导航约定归类,范围待确认,3,8,8,8,8,4,0,0,0,0,0,0
孔雀虾蛄,B2-3-408,动物,动物 / 节肢动物 / 甲壳动物,按当前导航约定归类,未核验到种,3,9,9,7,7,2,0,0,0,0,0,0
守门员冰球鞋,B2-3-409,器具与设备,器具与设备 / 体育器材 / 冰鞋,按当前导航约定归类,不适用,3,11,11,10,11,4,0,0,0,0,0,0
安-225 梦幻运输机,B2-3-410,交通工具,交通工具 / 航空器 / 固定翼飞机,按当前导航约定归类,不适用,3,8,8,8,8,3,1,0,0,0,1,0
安哥拉猫长毛,B2-3-411,动物,动物 / 哺乳动物 / 家猫与猫品种,按当前导航约定归类,品种或栽培类型,3,12,11,8,11,2,0,0,0,0,0,0
安第斯神鹫南美安第斯山脉,B2-3-412,动物,动物 / 鸟类 / 日行猛禽,按当前导航约定归类,未核验到种,3,8,8,3,4,0,0,0,0,0,0,0
安第斯雁,B2-3-413,动物,动物 / 鸟类 / 鸭雁类,按当前导航约定归类,未核验到种,3,10,10,6,6,3,1,0,0,0,0,0
定远号铁甲舰,B2-3-414,交通工具,交通工具 / 水上交通工具 / 军舰与潜艇,按当前导航约定归类,不适用,3,7,7,6,6,4,1,0,0,0,1,0
实验室挪威老鼠,B2-3-415,动物,动物 / 哺乳动物 / 啮齿动物,按当前导航约定归类,未核验到种,3,8,8,2,6,0,0,0,0,0,0,0
家小蠊,B2-3-416,动物,动物 / 节肢动物 / 蜚蠊与衣鱼类,按当前导航约定归类,未核验到种,3,8,8,4,6,2,0,0,0,0,0,0
家麻雀幼鸟,B2-3-417,动物,动物 / 鸟类 / 雀形目鸟类,按当前导航约定归类,未核验到种,3,10,10,6,6,3,0,0,0,0,0,0
家麻雀雌鸟,B2-3-418,动物,动物 / 鸟类 / 雀形目鸟类,按当前导航约定归类,未核验到种,3,10,10,8,8,4,0,0,0,0,0,0
寒鸦灰色颈,B2-3-419,动物,动物 / 鸟类 / 雀形目鸟类,按当前导航约定归类,未核验到种,3,9,9,5,5,1,0,0,0,0,0,0
寒鸦群飞,B2-3-420,动物,动物 / 鸟类 / 雀形目鸟类,按当前导航约定归类,未核验到种,3,8,8,7,7,3,0,0,0,0,0,0
寒鸦觅食,B2-3-421,动物,动物 / 鸟类 / 雀形目鸟类,按当前导航约定归类,未核验到种,3,10,10,8,8,3,0,0,0,0,0,0
小䴙䴘幼鸟,B2-3-422,动物,动物 / 鸟类 / 潜鸟与䴙䴘类,按当前导航约定归类,未核验到种,3,8,8,1,2,0,0,0,0,0,0,0
小䴙䴘潜水,B2-3-423,动物,动物 / 鸟类 / 潜鸟与䴙䴘类,按当前导航约定归类,未核验到种,3,6,6,4,4,2,1,0,0,0,0,0
小䴙䴘群,B2-3-424,动物,动物 / 鸟类 / 潜鸟与䴙䴘类,按当前导航约定归类,未核验到种,3,7,7,1,2,0,0,0,0,0,0,0
小䴙䴘雏鸟,B2-3-425,动物,动物 / 鸟类 / 潜鸟与䴙䴘类,按当前导航约定归类,未核验到种,3,10,10,4,5,2,0,0,0,0,0,0
小䴙䴘非繁殖羽,B2-3-426,动物,动物 / 鸟类 / 潜鸟与䴙䴘类,按当前导航约定归类,未核验到种,3,7,7,3,3,1,0,0,0,0,0,0
小号活塞,B2-3-427,器具与设备,器具与设备 / 乐器 / 乐器部件与配套设备,按当前导航约定归类,不适用,3,8,8,4,4,1,0,0,0,0,0,0
小嘴乌鸦成鸟,B2-3-428,动物,动物 / 鸟类 / 雀形目鸟类,按当前导航约定归类,未核验到种,3,8,8,3,5,1,0,0,0,0,0,0
小地老虎,B2-3-429,动物,动物 / 节肢动物 / 蝶蛾及其幼虫,按当前导航约定归类,未核验到种,3,9,9,7,8,1,0,0,0,0,0,0
小天鹅展翅,B2-3-430,动物,动物 / 鸟类 / 鸭雁类,按当前导航约定归类,未核验到种,3,10,10,7,9,5,0,0,0,0,0,0
小天鹅幼鸟,B2-3-431,动物,动物 / 鸟类 / 鸭雁类,按当前导航约定归类,未核验到种,3,9,9,8,9,6,1,0,0,0,0,0
小天鹅群,B2-3-432,动物,动物 / 鸟类 / 鸭雁类,按当前导航约定归类,未核验到种,3,8,8,6,6,3,1,0,0,0,0,0
小斑啄木鸟,B2-3-433,动物,动物 / 鸟类 / 啄木鸟与拟啄木鸟,按当前导航约定归类,未核验到种,3,10,10,6,6,4,1,0,0,0,0,0
小海雀寒带海域,B2-3-434,动物,动物 / 鸟类 / 鸻鹬与鸥类,按当前导航约定归类,未核验到种,3,8,8,4,6,1,0,0,0,0,0,0
小海雀小巧体型,B2-3-435,动物,动物 / 鸟类 / 鸻鹬与鸥类,按当前导航约定归类,未核验到种,3,6,6,4,6,2,0,0,0,0,0,0
小海雀非繁殖羽,B2-3-436,动物,动物 / 鸟类 / 鸻鹬与鸥类,按当前导航约定归类,未核验到种,3,6,6,5,6,2,1,0,0,0,0,0
小潮,B2-3-437,自然环境与物质,自然环境与物质 / 水文与海洋现象 / 潮汐与波浪,按当前导航约定归类,不适用,3,8,8,6,6,4,2,0,0,0,0,0
小种品舍狗紧凑身体,B2-3-438,动物,动物 / 哺乳动物 / 家犬与犬品种,按当前导航约定归类,品种或栽培类型,3,7,7,4,7,0,0,0,0,0,0,0
小红鹳,B2-3-439,动物,动物 / 鸟类 / 火烈鸟类,按当前导航约定归类,未核验到种,3,11,11,9,11,5,0,0,0,0,0,0
小翠鴗,B2-3-440,动物,动物 / 鸟类 / 翠鸟、蜂虎与佛法僧,按当前导航约定归类,未核验到种,3,6,6,4,6,3,1,0,0,0,0,0
小苇鳽,B2-3-441,动物,动物 / 鸟类 / 鹭、鹮与琵鹭,按当前导航约定归类,未核验到种,3,10,10,6,8,3,1,0,0,0,0,0
小菜粉蝶寄主植物,B2-3-442,待明确主体,待明确主体 / 名称有多种解释 / 生物与寄主关系,需要上下文,主体待确认,3,8,8,3,4,0,0,0,0,0,0,0
小菜粉蝶雄蝶,B2-3-443,动物,动物 / 节肢动物 / 蝶蛾及其幼虫,按当前导航约定归类,未核验到种,3,8,8,6,6,2,1,0,0,0,0,0
小贝母盆栽,B2-3-445,活动与场景,活动与场景 / 农业与园艺场景 / 盆栽陈设,按当前导航约定归类,不适用,3,9,9,7,9,2,0,0,0,0,0,0
小金刚鹦鹉,B2-3-446,动物,动物 / 鸟类 / 鹦鹉类,按当前导航约定归类,范围待确认,3,8,8,7,8,4,1,0,0,0,0,0
小锣,B2-3-447,器具与设备,器具与设备 / 乐器 / 打击乐器,按当前导航约定归类,不适用,3,10,10,10,10,4,2,0,0,0,0,0
小飞鼠,B2-3-448,动物,动物 / 哺乳动物 / 啮齿动物,按当前导航约定归类,未核验到种,3,13,13,7,8,6,2,0,0,0,0,0
小鸨,B2-3-449,动物,动物 / 鸟类 / 鸨类,按当前导航约定归类,未核验到种,3,9,9,7,7,4,1,0,0,0,0,0
小鹰号航母,B2-3-450,交通工具,交通工具 / 水上交通工具 / 军舰与潜艇,按当前导航约定归类,不适用,3,6,6,5,5,4,3,0,0,0,1,0
小鹿色阿比西尼亚猫,B2-3-451,动物,动物 / 哺乳动物 / 家猫与猫品种,按当前导航约定归类,品种或栽培类型,3,7,7,6,6,4,0,0,0,0,0,0
小麦色爱尔兰狼犬,B2-3-452,动物,动物 / 哺乳动物 / 家犬与犬品种,按当前导航约定归类,品种或栽培类型,3,8,8,4,6,3,0,0,0,0,0,0
尼亚萨牡丹鹦鹉,B2-3-453,动物,动物 / 鸟类 / 鹦鹉类,按当前导航约定归类,未核验到种,3,9,9,6,7,4,0,0,0,0,0,0
展示哈克尼马,B2-3-454,动物,动物 / 哺乳动物 / 马与驴类,按当前导航约定归类,未核验到种,3,8,8,3,6,0,0,0,0,0,0,0
展示夏尔马,B2-3-455,动物,动物 / 哺乳动物 / 马与驴类,按当前导航约定归类,未核验到种,3,9,9,8,9,4,0,0,0,0,0,0
山地玫瑰,B2-3-456,植物,植物 / 多肉与肉质植物 / 叶多肉植物,按当前导航约定归类,未核验到种,3,9,9,7,7,4,1,0,0,0,0,0
山斑鸠,B2-3-457,动物,动物 / 鸟类 / 鸽鸠类,按当前导航约定归类,未核验到种,3,10,10,6,6,4,1,0,0,0,0,0
峰丛,B2-3-458,自然环境与物质,自然环境与物质 / 地形与地貌 / 喀斯特地貌,按当前导航约定归类,不适用,3,6,6,6,6,3,2,0,0,0,0,0
巢鼠,B2-3-459,动物,动物 / 哺乳动物 / 啮齿动物,按当前导航约定归类,未核验到种,3,10,10,10,10,5,1,0,0,0,0,0
巧克力色凯尔皮,B2-3-460,动物,动物 / 哺乳动物 / 家犬与犬品种,按当前导航约定归类,品种或栽培类型,3,9,9,3,5,0,0,0,0,0,0,0
巧克力色博得牧羊犬,B2-3-461,动物,动物 / 哺乳动物 / 家犬与犬品种,按当前导航约定归类,品种或栽培类型,3,6,6,2,4,0,0,0,0,0,0,0
巨牛鹂,B2-3-462,动物,动物 / 鸟类 / 雀形目鸟类,按当前导航约定归类,未核验到种,3,9,9,6,6,2,0,0,0,0,0,0
巨螯蟹,B2-3-463,动物,动物 / 节肢动物 / 甲壳动物,按当前导航约定归类,未核验到种,3,10,10,6,7,3,0,0,0,0,0,0
巴乌,B2-3-464,器具与设备,器具与设备 / 乐器 / 吹管乐器,按当前导航约定归类,不适用,3,14,14,13,14,6,5,0,0,0,0,0
巴仙吉犬卷尾,B2-3-465,动物,动物 / 哺乳动物 / 家犬与犬品种,按当前导航约定归类,品种或栽培类型,3,7,7,0,7,0,0,0,0,0,0,0
巴氏鹊鸭白色月牙斑,B2-3-466,动物,动物 / 鸟类 / 鸭雁类,按当前导航约定归类,未核验到种,3,6,6,2,4,0,0,0,0,0,0,0
巴洛克建筑学,B2-3-467,抽象与文化主题,抽象与文化主题 / 学科与规则 / 建筑学与理论,需要明确视觉载体,不适用,3,8,8,4,8,3,2,0,0,0,0,0
巴雷特M82狙击步枪,B2-3-468,器具与设备,器具与设备 / 武器与防护装备 / 枪械,按当前导航约定归类,不适用,3,5,5,4,4,0,0,0,0,0,1,0
布鲁塞尔格里芬犬,B2-3-469,动物,动物 / 哺乳动物 / 家犬与犬品种,按当前导航约定归类,品种或栽培类型,3,9,9,7,9,4,0,0,0,0,0,0
布鲁泰克浣熊犬,B2-3-470,动物,动物 / 哺乳动物 / 家犬与犬品种,按当前导航约定归类,品种或栽培类型,3,8,8,6,6,2,0,0,0,0,0,0
帆背潜鸭湖泊,B2-3-471,动物,动物 / 鸟类 / 鸭雁类,按当前导航约定归类,未核验到种,3,10,10,5,6,3,0,0,0,0,0,0
帆背潜鸭潜水,B2-3-472,动物,动物 / 鸟类 / 鸭雁类,按当前导航约定归类,未核验到种,3,8,8,0,2,0,0,0,0,0,0,0
帆背潜鸭雄鸟,B2-3-473,动物,动物 / 鸟类 / 鸭雁类,按当前导航约定归类,未核验到种,3,7,7,3,4,2,1,0,0,0,0,0
帕洛米诺夸特马,B2-3-474,动物,动物 / 哺乳动物 / 马与驴类,按当前导航约定归类,未核验到种,3,7,7,4,6,3,0,0,0,0,0,0
帕洛米诺种母马,B2-3-475,动物,动物 / 哺乳动物 / 马与驴类,按当前导航约定归类,未核验到种,3,7,7,4,5,1,0,0,0,0,0,0
帝企鹅,B2-3-476,动物,动物 / 鸟类 / 企鹅类,按当前导航约定归类,未核验到种,3,10,8,6,6,5,1,0,0,0,0,0
帝企鹅亚成体,B2-3-477,动物,动物 / 鸟类 / 企鹅类,按当前导航约定归类,未核验到种,3,9,8,3,6,1,0,0,0,0,0,0
帝企鹅雏鸟,B2-3-478,动物,动物 / 鸟类 / 企鹅类,按当前导航约定归类,未核验到种,3,9,9,6,9,4,0,0,0,0,0,0
帝王亚马逊鹦鹉,B2-3-479,动物,动物 / 鸟类 / 鹦鹉类,按当前导航约定归类,未核验到种,3,8,8,8,8,2,0,0,0,0,0,0
帝王蝎,B2-3-480,动物,动物 / 节肢动物 / 蛛形动物,按当前导航约定归类,未核验到种,3,10,10,9,9,5,2,0,0,0,0,0
带纹紫蝶红斑型,B2-3-481,动物,动物 / 节肢动物 / 蝶蛾及其幼虫,按当前导航约定归类,未核验到种,3,5,5,5,5,1,1,0,0,0,0,0
带鱼狗歇枝,B2-3-482,动物,动物 / 鸟类 / 翠鸟、蜂虎与佛法僧,按当前导航约定归类,未核验到种,3,8,8,3,4,1,0,0,0,0,0,0
带鱼狗鸟巢,B2-3-483,动物,动物 / 动物活动遗迹 / 巢穴,按当前导航约定归类,未核验到种,3,10,10,6,8,1,0,0,0,0,0,0
帽带企鹅,B2-3-484,动物,动物 / 鸟类 / 企鹅类,按当前导航约定归类,未核验到种,3,10,10,7,7,4,1,0,0,0,0,0
平花轮滑鞋,B2-3-485,器具与设备,器具与设备 / 体育器材 / 轮滑鞋与护具,按当前导航约定归类,不适用,3,10,10,8,8,5,2,0,0,0,0,0
平衡吊,B2-3-486,器具与设备,器具与设备 / 机械与作业设备 / 起重设备,按当前导航约定归类,不适用,3,10,10,10,10,4,1,0,0,0,0,0
幼体小家鼠,B2-3-487,动物,动物 / 哺乳动物 / 啮齿动物,按当前导航约定归类,未核验到种,3,8,8,2,6,0,0,0,0,0,0,0
幼崽斑鬣狗,B2-3-488,动物,动物 / 哺乳动物 / 鬣狗类,按当前导航约定归类,未核验到种,3,8,8,7,7,1,0,0,0,0,0,0
幼崽日本狆,B2-3-489,动物,动物 / 哺乳动物 / 家犬与犬品种,按当前导航约定归类,品种或栽培类型,3,7,7,4,6,3,1,0,0,0,0,0
库珀鹰城市郊区,B2-3-490,动物,动物 / 鸟类 / 日行猛禽,按当前导航约定归类,未核验到种,3,9,9,6,8,1,0,0,0,0,0,0
库珀鹰幼鸟,B2-3-491,动物,动物 / 鸟类 / 日行猛禽,按当前导航约定归类,未核验到种,3,7,7,6,6,3,0,0,0,0,0,0
库珀鹰捕鸟,B2-3-492,动物,动物 / 鸟类 / 日行猛禽,按当前导航约定归类,未核验到种,3,4,4,3,4,2,0,0,0,0,0,0
建窑兔毫盏,B2-3-493,艺术与装饰品,艺术与装饰品 / 工艺品 / 陶瓷器与陶瓷工艺,按当前导航约定归类,不适用,3,46,46,10,46,7,2,0,0,0,1,0
建窑油滴盏,B2-3-494,艺术与装饰品,艺术与装饰品 / 工艺品 / 陶瓷器与陶瓷工艺,按当前导航约定归类,不适用,3,46,45,26,45,23,16,0,0,0,1,0
开膛猎刀,B2-3-495,器具与设备,器具与设备 / 手工工具 / 户外刀具,按当前导航约定归类,不适用,3,8,8,7,8,2,0,0,0,0,0,0
异叶天南星,B2-3-496,植物,植物 / 草本与藤本植物 / 观花与观叶草本,按当前导航约定归类,未核验到种,3,9,9,5,5,1,0,0,0,0,0,0
弩机,B2-3-498,器具与设备,器具与设备 / 武器与防护装备 / 武器部件,按当前导航约定归类,不适用,3,10,10,8,8,5,1,0,0,0,0,0
弩瞄准器,B2-3-499,器具与设备,器具与设备 / 武器与防护装备 / 武器部件,按当前导航约定归类,不适用,3,10,10,9,10,4,0,0,0,0,0,0
弹性联轴器,B2-3-500,器具与设备,器具与设备 / 机械零部件 / 传动与支承件,按当前导航约定归类,不适用,3,6,6,6,6,4,1,0,0,0,0,0
彝族漆器,B2-3-501,艺术与装饰品,艺术与装饰品 / 工艺品 / 漆器,按当前导航约定归类,不适用,3,37,36,32,36,27,18,0,0,0,1,0
彩叶芋的花,B2-3-502,植物,植物 / 植物部位 / 花与花序,按当前导航约定归类,未核验到种,3,10,10,8,8,3,1,0,0,0,0,0
彩色多普勒超声诊断仪,B2-3-503,器具与设备,器具与设备 / 医学与实验设备 / 超声设备,按当前导航约定归类,不适用,3,10,10,10,10,6,3,0,0,0,0,0
彩虹八色鸫,B2-3-504,动物,动物 / 鸟类 / 雀形目鸟类,按当前导航约定归类,未核验到种,3,10,10,6,6,1,0,0,0,0,0,0
彩虹吸蜜鹦鹉幼鸟,B2-3-505,动物,动物 / 鸟类 / 鹦鹉类,按当前导航约定归类,未核验到种,3,8,8,1,4,0,0,0,0,0,0,0
彩虹锹甲,B2-3-506,动物,动物 / 节肢动物 / 甲虫类,按当前导航约定归类,未核验到种,3,10,10,8,8,3,3,0,0,0,0,0
彩鹮,B2-3-507,动物,动物 / 鸟类 / 鹭、鹮与琵鹭,按当前导航约定归类,未核验到种,3,10,10,6,8,4,0,0,0,0,0,0
德州岩响尾蛇,B2-3-509,动物,动物 / 爬行动物 / 蛇类,按当前导航约定归类,未核验到种,3,8,7,4,7,0,0,0,0,0,0,0
德州珊瑚蛇,B2-3-510,动物,动物 / 爬行动物 / 蛇类,按当前导航约定归类,未核验到种,3,10,9,6,7,0,0,0,0,0,0,0
德式黑麦面包,B2-3-511,食物与食材,食物与食材 / 米面食品 / 面包与烤饼,按当前导航约定归类,不适用,3,8,8,5,5,3,1,0,0,0,0,0
恐狼,B2-3-512,动物,动物 / 古生物及其遗存 / 史前哺乳动物,按当前导航约定归类,未核验到种,3,10,10,8,8,3,0,0,0,0,0,0
恩特雷布赫山地犬中型,B2-3-513,动物,动物 / 哺乳动物 / 家犬与犬品种,按当前导航约定归类,品种或栽培类型,3,8,8,0,3,0,0,0,0,0,0,0
恩特雷布赫山地犬瑞士山谷,B2-3-514,动物,动物 / 哺乳动物 / 家犬与犬品种,按当前导航约定归类,品种或栽培类型,3,7,7,2,4,0,0,0,0,0,0,0
恰图兰卡,B2-3-515,抽象与文化主题,抽象与文化主题 / 学科与规则 / 游戏与棋类,需要明确视觉载体,不适用,3,6,6,5,5,2,1,0,0,0,1,0
成年欧亚红松鼠,B2-3-516,动物,动物 / 哺乳动物 / 啮齿动物,按当前导航约定归类,未核验到种,3,10,10,2,6,2,0,0,0,0,0,0
成年海狸鼠,B2-3-517,动物,动物 / 哺乳动物 / 啮齿动物,按当前导航约定归类,未核验到种,3,10,10,5,8,2,0,0,0,0,0,0
成年麝鼠,B2-3-518,动物,动物 / 哺乳动物 / 啮齿动物,按当前导航约定归类,未核验到种,3,10,10,4,6,2,0,0,0,0,0,0
戚风蛋糕模具,B2-3-519,器具与设备,器具与设备 / 餐厨与日用器具 / 模具,按当前导航约定归类,不适用,3,10,10,8,10,4,1,0,0,0,0,0
戟龙,B2-3-520,动物,动物 / 古生物及其遗存 / 恐龙及其遗存,按当前导航约定归类,范围待确认,3,11,11,8,9,4,1,0,0,0,1,0
戴胜地面觅食,B2-3-521,动物,动物 / 鸟类 / 巨嘴鸟与戴胜,按当前导航约定归类,未核验到种,3,9,9,7,7,2,0,0,0,0,0,0
扁嘴天鹅,B2-3-522,动物,动物 / 鸟类 / 鸭雁类,按当前导航约定归类,范围待确认,3,10,10,6,9,3,0,0,0,0,0,0
扁嘴天鹅展翅,B2-3-523,动物,动物 / 鸟类 / 鸭雁类,按当前导航约定归类,范围待确认,3,8,8,1,6,0,0,0,0,0,0,0
扁嘴天鹅幼鸟,B2-3-524,动物,动物 / 鸟类 / 鸭雁类,按当前导航约定归类,范围待确认,3,8,8,3,6,0,0,0,0,0,0,0
扁嘴天鹅游水,B2-3-525,动物,动物 / 鸟类 / 鸭雁类,按当前导航约定归类,范围待确认,3,10,10,3,6,3,1,0,0,0,0,0
扁锹甲,B2-3-526,动物,动物 / 节肢动物 / 甲虫类,按当前导航约定归类,未核验到种,3,9,9,5,7,2,1,0,0,0,0,0
手动升降机,B2-3-527,器具与设备,器具与设备 / 机械与作业设备 / 升降与顶升设备,按当前导航约定归类,不适用,3,10,10,10,10,5,1,0,0,0,0,0
折臂式高空作业车,B2-3-528,器具与设备,器具与设备 / 机械与作业设备 / 升降与顶升设备,按当前导航约定归类,不适用,3,8,8,5,8,3,1,0,0,0,0,0
拉丁帆小船,B2-3-529,交通工具,交通工具 / 水上交通工具 / 帆船,按当前导航约定归类,不适用,3,4,4,3,4,2,0,0,0,0,0,0
拉斯特彩陶,B2-3-530,艺术与装饰品,艺术与装饰品 / 工艺品 / 陶瓷器与陶瓷工艺,按当前导航约定归类,不适用,3,32,30,28,30,23,22,0,0,0,1,0
拉神,B2-3-531,图像与标识,图像与标识 / 文化图像 / 虚构人物与神祇,按当前导航约定归类,不适用,3,18,18,17,17,15,1,0,0,0,1,0
拉萨犬,B2-3-532,动物,动物 / 哺乳动物 / 家犬与犬品种,按当前导航约定归类,品种或栽培类型,3,10,10,10,10,3,0,0,0,0,0,0
拼板长刨,B2-3-533,器具与设备,器具与设备 / 手工工具 / 刨削工具,按当前导航约定归类,不适用,3,8,8,8,8,3,2,0,0,0,0,0
挑花,B2-3-535,艺术与装饰品,艺术与装饰品 / 工艺品 / 织绣与编织,按当前导航约定归类,不适用,3,11,11,9,10,4,3,0,0,0,0,0
挽车克莱兹代尔马,B2-3-536,动物,动物 / 哺乳动物 / 马与驴类,按当前导航约定归类,未核验到种,3,8,8,2,8,2,0,0,0,0,0,0
捕蝇草花,B2-3-537,植物,植物 / 植物部位 / 花与花序,按当前导航约定归类,未核验到种,3,10,10,8,9,5,2,0,0,0,0,0
掌上刨,B2-3-538,器具与设备,器具与设备 / 手工工具 / 刨削工具,按当前导航约定归类,不适用,3,7,7,7,7,1,1,0,0,0,0,0
搭建求偶亭,B2-3-539,活动与场景,活动与场景 / 动物行为 / 繁殖与生长,按当前导航约定归类,不适用,3,7,7,6,6,0,0,0,0,0,0,0
敏狐奔跑,B2-3-540,动物,动物 / 哺乳动物 / 野生犬科动物,按当前导航约定归类,未核验到种,3,7,6,2,6,0,0,0,0,0,0,0
散尾葵,B2-3-541,植物,植物 / 木本植物 / 棕榈类植物,按当前导航约定归类,未核验到种,3,10,10,7,8,3,2,0,0,0,0,0
数据库实体关系图,B2-3-542,图像与标识,图像与标识 / 科学与信息图示 / 分类与关系图,按当前导航约定归类,不适用,3,6,6,4,4,1,0,0,0,0,0,0
数控剪板机,B2-3-543,器具与设备,器具与设备 / 机械与作业设备 / 切割设备,按当前导航约定归类,不适用,3,10,10,8,10,4,0,0,0,0,0,0
斑头雁,B2-3-545,动物,动物 / 鸟类 / 鸭雁类,按当前导航约定归类,未核验到种,3,10,10,7,7,4,3,0,0,0,0,0
斑头鸺鹠,B2-3-546,动物,动物 / 鸟类 / 鸮类,按当前导航约定归类,未核验到种,3,10,10,8,8,6,1,0,0,0,0,0
斑尾塍鹬,B2-3-547,动物,动物 / 鸟类 / 鸻鹬与鸥类,按当前导航约定归类,未核验到种,3,10,10,7,7,5,1,0,0,0,0,0
斑点蝎蛉,B2-3-548,动物,动物 / 节肢动物 / 蜻蜓与长翅类,按当前导航约定归类,未核验到种,3,10,10,2,5,1,0,0,0,0,0,0
斑翅山鹑,B2-3-549,动物,动物 / 鸟类 / 鸡雉类,按当前导航约定归类,未核验到种,3,10,10,8,8,2,0,0,0,0,0,0
斑背潜鸭,B2-3-550,动物,动物 / 鸟类 / 鸭雁类,按当前导航约定归类,未核验到种,3,9,9,8,8,2,0,0,0,0,0,0
斑腹鹞,B2-3-551,动物,动物 / 鸟类 / 日行猛禽,按当前导航约定归类,未核验到种,3,9,9,7,7,2,0,0,0,0,0,0
斑蝥,B2-3-552,动物,动物 / 节肢动物 / 甲虫类,按当前导航约定归类,范围待确认,3,11,11,8,9,2,0,0,0,0,0,0
斑马虾蛄,B2-3-553,动物,动物 / 节肢动物 / 甲壳动物,按当前导航约定归类,未核验到种,3,8,8,4,7,0,0,0,0,0,0,0
斑鱼狗,B2-3-554,动物,动物 / 鸟类 / 翠鸟、蜂虎与佛法僧,按当前导航约定归类,未核验到种,3,8,8,4,4,2,1,0,0,0,0,0
斗牛獒强壮体格,B2-3-555,动物,动物 / 哺乳动物 / 家犬与犬品种,按当前导航约定归类,品种或栽培类型,3,7,7,1,4,0,0,0,0,0,0,0
斯波德青花瓷餐具,B2-3-556,艺术与装饰品,艺术与装饰品 / 工艺品 / 陶瓷器与陶瓷工艺,按当前导航约定归类,不适用,3,13,13,11,12,7,2,0,0,0,1,0
斯登冲锋枪,B2-3-557,器具与设备,器具与设备 / 武器与防护装备 / 枪械,按当前导航约定归类,不适用,3,7,7,7,7,3,0,0,0,0,1,0
方孔拉刀,B2-3-558,器具与设备,器具与设备 / 机械加工刀具 / 拉刀,按当前导航约定归类,不适用,3,8,8,5,6,1,0,0,0,0,0,0
施工升降机,B2-3-559,器具与设备,器具与设备 / 机械与作业设备 / 升降与顶升设备,按当前导航约定归类,不适用,3,8,8,6,6,1,0,0,0,0,0,0
旁轴胶片相机,B2-3-560,器具与设备,器具与设备 / 摄影器材 / 胶片相机,按当前导航约定归类,不适用,3,12,12,10,12,5,1,0,0,0,0,0
旅鸫红色胸,B2-3-561,动物,动物 / 鸟类 / 雀形目鸟类,按当前导航约定归类,未核验到种,3,6,6,6,6,3,0,0,0,0,0,0
旅鸫觅食蚯蚓,B2-3-562,动物,动物 / 鸟类 / 雀形目鸟类,按当前导航约定归类,未核验到种,3,8,8,4,4,1,1,0,0,0,0,0
旗鱼,B2-3-563,动物,动物 / 鱼类 / 鱼类名称,按当前导航约定归类,范围待确认,3,12,12,12,12,5,0,0,0,0,1,0
无畏号战列舰,B2-3-564,交通工具,交通工具 / 水上交通工具 / 军舰与潜艇,按当前导航约定归类,不适用,3,9,9,8,8,3,2,0,0,0,1,0
无纹玉米蛇,B2-3-565,动物,动物 / 爬行动物 / 蛇类,按当前导航约定归类,未核验到种,3,8,8,6,6,2,1,0,0,0,0,0
无齿翼龙,B2-3-566,动物,动物 / 古生物及其遗存 / 翼龙及其遗存,按当前导航约定归类,范围待确认,3,26,26,26,26,22,11,0,0,0,1,0
日本狆室内陪伴,B2-3-567,动物,动物 / 哺乳动物 / 家犬与犬品种,按当前导航约定归类,品种或栽培类型,3,7,7,6,6,1,0,0,0,0,0,0
日本睡鼠,B2-3-568,动物,动物 / 哺乳动物 / 啮齿动物,按当前导航约定归类,未核验到种,3,10,10,6,6,2,0,0,0,0,0,0
日本萝卜的花,B2-3-569,植物,植物 / 植物部位 / 花与花序,按当前导航约定归类,未核验到种,3,9,9,8,8,4,0,0,0,0,0,0
明宣德雪花蓝釉钵,B2-3-570,艺术与装饰品,艺术与装饰品 / 工艺品 / 陶瓷器与陶瓷工艺,按当前导航约定归类,不适用,3,28,28,25,28,22,20,0,0,0,1,0
明成化斗彩天字罐,B2-3-571,艺术与装饰品,艺术与装饰品 / 工艺品 / 陶瓷器与陶瓷工艺,按当前导航约定归类,不适用,3,12,12,10,10,7,4,0,0,0,1,0
明成化斗彩婴戏图杯,B2-3-572,艺术与装饰品,艺术与装饰品 / 工艺品 / 陶瓷器与陶瓷工艺,按当前导航约定归类,不适用,3,56,54,25,53,21,9,0,0,0,1,0
明成化斗彩缠枝莲纹高足杯,B2-3-573,艺术与装饰品,艺术与装饰品 / 工艺品 / 陶瓷器与陶瓷工艺,按当前导航约定归类,不适用,3,27,27,24,25,20,9,0,0,0,1,0
明永乐剔红漆器,B2-3-574,艺术与装饰品,艺术与装饰品 / 工艺品 / 漆器,按当前导航约定归类,不适用,3,31,31,29,31,22,7,0,0,0,1,0
明永乐青花,B2-3-575,艺术与装饰品,艺术与装饰品 / 工艺品 / 陶瓷器与陶瓷工艺,按当前导航约定归类,不适用,3,54,52,44,51,41,27,0,0,0,1,0
星天牛,B2-3-576,动物,动物 / 节肢动物 / 甲虫类,按当前导航约定归类,未核验到种,3,10,10,8,10,4,2,0,0,0,0,0
星头啄木鸟,B2-3-577,动物,动物 / 鸟类 / 啄木鸟与拟啄木鸟,按当前导航约定归类,未核验到种,3,10,10,8,8,6,3,0,0,0,0,0
晚香玉,B2-3-578,植物,植物 / 草本与藤本植物 / 观花与观叶草本,按当前导航约定归类,未核验到种,3,10,10,7,8,4,2,0,0,0,0,0
普埃布拉乳蛇,B2-3-579,动物,动物 / 爬行动物 / 蛇类,按当前导航约定归类,未核验到种,3,6,6,6,6,1,0,0,0,0,0,0
普通仰泳虫,B2-3-580,动物,动物 / 节肢动物 / 蝉蝽蚜蚧类,按当前导航约定归类,未核验到种,3,8,8,4,4,0,0,0,0,0,0,0
普通朱顶雀,B2-3-581,动物,动物 / 鸟类 / 雀形目鸟类,按当前导航约定归类,未核验到种,3,8,8,4,4,2,0,0,0,0,0,0
普通沙钱,B2-3-582,动物,动物 / 其他无脊椎动物 / 棘皮动物,按当前导航约定归类,范围待确认,3,10,10,4,5,2,0,0,0,0,0,0
普通海鸥繁殖羽,B2-3-583,动物,动物 / 鸟类 / 鸻鹬与鸥类,按当前导航约定归类,未核验到种,3,6,6,1,2,0,0,0,0,0,0,0
普通海鸥非繁殖羽,B2-3-584,动物,动物 / 鸟类 / 鸻鹬与鸥类,按当前导航约定归类,未核验到种,3,10,10,2,4,0,0,0,0,0,0,0
普通海鸦密集群落,B2-3-585,动物,动物 / 鸟类 / 鸻鹬与鸥类,按当前导航约定归类,未核验到种,3,6,6,1,2,0,0,0,0,0,0,0
普通海鸦繁殖羽,B2-3-586,动物,动物 / 鸟类 / 鸻鹬与鸥类,按当前导航约定归类,未核验到种,3,4,4,2,2,0,0,0,0,0,0,0
普通燕鸥全球分布,B2-3-587,动物,动物 / 鸟类 / 鸻鹬与鸥类,按当前导航约定归类,未核验到种,3,8,8,3,4,1,0,0,0,0,0,0
普通燕鸥繁殖羽,B2-3-588,动物,动物 / 鸟类 / 鸻鹬与鸥类,按当前导航约定归类,未核验到种,3,8,8,3,4,0,0,0,0,0,0,0
普通燕鸥蛋,B2-3-589,动物,动物 / 身体部位与遗存 / 卵与卵囊,按当前导航约定归类,未核验到种,3,10,10,3,4,1,0,0,0,0,0,0
普通猞猁捕猎,B2-3-590,动物,动物 / 哺乳动物 / 野生猫科动物,按当前导航约定归类,未核验到种,3,10,10,5,8,3,0,0,0,0,0,0
普通田鼠,B2-3-591,动物,动物 / 哺乳动物 / 啮齿动物,按当前导航约定归类,未核验到种,3,8,8,7,7,2,0,0,0,0,0,0
普通秋沙鸭孵卵,B2-3-592,动物,动物 / 鸟类 / 鸭雁类,按当前导航约定归类,未核验到种,3,8,8,2,4,0,0,0,0,0,0,0
普通秋沙鸭游水,B2-3-593,动物,动物 / 鸟类 / 鸭雁类,按当前导航约定归类,未核验到种,3,8,8,2,4,1,0,0,0,0,0,0
普通秋沙鸭雄鸟,B2-3-594,动物,动物 / 鸟类 / 鸭雁类,按当前导航约定归类,未核验到种,3,7,7,2,5,1,0,0,0,0,0,0
普通翠鸟悬停,B2-3-595,动物,动物 / 鸟类 / 翠鸟、蜂虎与佛法僧,按当前导航约定归类,未核验到种,3,8,8,4,4,2,0,0,0,0,0,0
普通翠鸟雄鸟,B2-3-596,动物,动物 / 鸟类 / 翠鸟、蜂虎与佛法僧,按当前导航约定归类,未核验到种,3,10,10,8,8,6,0,0,0,0,0,0
普通翠鸟鸟卵,B2-3-597,动物,动物 / 身体部位与遗存 / 卵与卵囊,按当前导航约定归类,未核验到种,3,6,6,1,2,0,0,0,0,0,0,0
普通袜带蛇蜕皮,B2-3-598,动物,动物 / 爬行动物 / 蛇类,按当前导航约定归类,未核验到种,3,8,8,4,4,0,0,0,0,0,0,0
普通鸬鹚幼鸟,B2-3-599,动物,动物 / 鸟类 / 塘鹅、鹈鹕、鸬鹚与军舰鸟,按当前导航约定归类,未核验到种,3,12,12,4,6,1,0,0,0,0,0,0
景德镇卵白釉瓷,B2-3-600,艺术与装饰品,艺术与装饰品 / 工艺品 / 陶瓷器与陶瓷工艺,按当前导航约定归类,不适用,3,48,46,38,44,33,24,0,0,0,1,0
景德镇斗彩,B2-3-601,艺术与装饰品,艺术与装饰品 / 工艺品 / 陶瓷器与陶瓷工艺,按当前导航约定归类,不适用,3,73,71,53,71,51,30,0,0,0,1,0
智能仿生膝关节假肢,B2-3-602,器具与设备,器具与设备 / 康复辅助器具 / 假肢,按当前导航约定归类,不适用,3,8,8,5,8,1,0,0,0,0,0,0
暗栗子色,B2-3-603,待明确主体,待明确主体 / 名称信息不足 / 颜色与形态片段,需要上下文,主体待确认,3,10,10,5,8,3,1,0,0,0,0,0
暗眼灯草鹀指名亚种,B2-3-604,动物,动物 / 鸟类 / 雀形目鸟类,按当前导航约定归类,种下名称待核,3,10,10,5,6,2,0,0,0,0,0,0
暗眼灯草鹀白色尾羽,B2-3-605,动物,动物 / 鸟类 / 雀形目鸟类,按当前导航约定归类,未核验到种,3,7,7,0,4,0,0,0,0,0,0,0
暗眼灯草鹀觅食,B2-3-606,动物,动物 / 鸟类 / 雀形目鸟类,按当前导航约定归类,未核验到种,3,6,6,3,6,2,1,0,0,0,0,0
暗眼灯草鹀雪地,B2-3-607,动物,动物 / 鸟类 / 雀形目鸟类,按当前导航约定归类,未核验到种,3,8,8,5,8,2,0,0,0,0,0,0
暗背金翅雀,B2-3-608,动物,动物 / 鸟类 / 雀形目鸟类,按当前导航约定归类,未核验到种,3,10,10,8,8,2,0,0,0,0,0,0
暴风雪玉米蛇,B2-3-609,动物,动物 / 爬行动物 / 蛇类,按当前导航约定归类,未核验到种,3,8,8,8,8,5,0,0,0,0,0,0
曲面圆刨,B2-3-610,器具与设备,器具与设备 / 手工工具 / 刨削工具,按当前导航约定归类,不适用,3,9,9,7,9,2,1,0,0,0,0,0
木光刨,B2-3-611,器具与设备,器具与设备 / 手工工具 / 刨削工具,按当前导航约定归类,不适用,3,8,8,3,8,0,0,0,0,0,0,0
木蜱幼虫,B2-3-612,动物,动物 / 节肢动物 / 蛛形动物,按当前导航约定归类,范围待确认,3,6,6,6,6,1,0,0,0,0,0,0
木蜱雌蜱,B2-3-613,动物,动物 / 节肢动物 / 蛛形动物,按当前导航约定归类,范围待确认,3,4,4,4,4,2,0,0,0,0,0,0
木豆,B2-3-614,植物,植物 / 草本与藤本植物 / 蔬菜与豆类植物,按当前导航约定归类,未核验到种,3,9,9,9,9,5,4,0,0,0,0,0
木鹳,B2-3-615,动物,动物 / 鸟类 / 鹳类,按当前导航约定归类,未核验到种,3,9,9,8,8,1,0,0,0,0,0,0
术中C型臂X光机,B2-3-616,器具与设备,器具与设备 / 医学与实验设备 / X射线与CT设备,按当前导航约定归类,不适用,3,6,6,4,6,2,1,0,0,0,0,0
朱姆沃尔特号驱逐舰,B2-3-617,交通工具,交通工具 / 水上交通工具 / 军舰与潜艇,按当前导航约定归类,不适用,3,6,6,5,5,1,0,0,0,0,1,0
朱鹮,B2-3-618,动物,动物 / 鸟类 / 鹭、鹮与琵鹭,按当前导航约定归类,未核验到种,3,21,21,19,21,16,12,0,0,0,1,0
杂色龙虾,B2-3-619,动物,动物 / 节肢动物 / 甲壳动物,按当前导航约定归类,未核验到种,3,7,7,4,4,1,1,0,0,0,0,0
杂货船,B2-3-620,交通工具,交通工具 / 水上交通工具 / 货船,按当前导航约定归类,不适用,3,8,8,7,8,4,0,0,0,0,0,0
李枯叶蛾,B2-3-621,动物,动物 / 节肢动物 / 蝶蛾及其幼虫,按当前导航约定归类,未核验到种,3,9,9,3,6,0,0,0,0,0,0,0
杨尺蛾,B2-3-622,动物,动物 / 节肢动物 / 蝶蛾及其幼虫,按当前导航约定归类,未核验到种,3,6,6,4,5,1,0,0,0,0,0,0
松乳菇,B2-3-623,真菌,真菌 / 大型真菌 / 伞状真菌,按当前导航约定归类,未核验到种,3,10,10,10,10,8,2,0,0,0,0,0
松墨天牛,B2-3-624,动物,动物 / 节肢动物 / 甲虫类,按当前导航约定归类,未核验到种,3,8,8,6,8,5,2,0,0,0,0,0
松沫蝉,B2-3-625,动物,动物 / 节肢动物 / 蝉蝽蚜蚧类,按当前导航约定归类,未核验到种,3,7,7,5,5,1,0,0,0,0,0,0
松茸,B2-3-626,真菌,真菌 / 大型真菌 / 伞状真菌,按当前导航约定归类,未核验到种,3,11,10,7,9,3,1,0,0,0,0,0
松金翅雀条纹上体,B2-3-627,动物,动物 / 鸟类 / 雀形目鸟类,按当前导航约定归类,未核验到种,3,6,6,2,3,0,0,0,0,0,0,0
松雀冬季群,B2-3-628,动物,动物 / 鸟类 / 雀形目鸟类,按当前导航约定归类,未核验到种,3,7,7,3,5,1,0,0,0,0,0,0
松雀针叶林,B2-3-629,动物,动物 / 鸟类 / 雀形目鸟类,按当前导航约定归类,未核验到种,3,11,11,6,7,3,0,0,0,0,0,0
板鼓,B2-3-630,器具与设备,器具与设备 / 乐器 / 打击乐器,按当前导航约定归类,不适用,3,10,10,9,9,6,3,0,0,0,0,0
极乐鸟盆栽,B2-3-631,活动与场景,活动与场景 / 农业与园艺场景 / 盆栽陈设,按当前导航约定归类,不适用,3,8,8,6,6,3,0,0,0,0,0,0
极北蝰蜕皮,B2-3-632,动物,动物 / 爬行动物 / 蛇类,按当前导航约定归类,未核验到种,3,10,10,5,6,1,0,0,0,0,0,0
林鸳鸯栖息枝头,B2-3-633,动物,动物 / 鸟类 / 鸭雁类,按当前导航约定归类,未核验到种,3,8,7,3,5,0,0,0,0,0,0,0
枝头悬觅,B2-3-634,活动与场景,活动与场景 / 动物行为 / 取食与活动,按当前导航约定归类,不适用,3,7,7,4,6,2,0,0,0,0,0,0
枯叶蛱蝶,B2-3-635,动物,动物 / 节肢动物 / 蝶蛾及其幼虫,按当前导航约定归类,未核验到种,3,10,10,8,8,6,1,0,0,0,0,0
柑橘大实蝇,B2-3-636,动物,动物 / 节肢动物 / 蝇蚊与蚤类,按当前导航约定归类,未核验到种,3,8,8,6,7,2,0,0,0,0,0,0
柠檬黄釉,B2-3-637,艺术与装饰品,艺术与装饰品 / 工艺品 / 陶瓷器与陶瓷工艺,按当前导航约定归类,不适用,3,54,34,18,34,13,8,0,0,0,1,0
柯尔特蟒蛇左轮手枪,B2-3-638,器具与设备,器具与设备 / 武器与防护装备 / 枪械,按当前导航约定归类,不适用,3,3,3,1,2,0,0,0,0,0,1,0
柱廊巴西利卡,B2-3-639,建筑与设施,建筑与设施 / 建筑结构 / 山墙与柱廊,按当前导航约定归类,不适用,3,9,9,5,5,0,0,0,0,0,0,0
标准三色型大瑞士山地犬,B2-3-640,动物,动物 / 哺乳动物 / 家犬与犬品种,按当前导航约定归类,品种或栽培类型,3,8,8,1,3,0,0,0,0,0,0,0
标准三色型阿彭策尔山地犬,B2-3-641,动物,动物 / 哺乳动物 / 家犬与犬品种,按当前导航约定归类,品种或栽培类型,3,8,8,0,6,0,0,0,0,0,0,0
标准斑纹型罗威纳犬,B2-3-642,动物,动物 / 哺乳动物 / 家犬与犬品种,按当前导航约定归类,品种或栽培类型,3,7,7,5,7,1,0,0,0,0,0,0
树麻雀育雏,B2-3-644,动物,动物 / 鸟类 / 雀形目鸟类,按当前导航约定归类,未核验到种,3,8,8,2,3,1,0,0,0,0,0,0
树麻雀黑色颊斑,B2-3-645,动物,动物 / 鸟类 / 雀形目鸟类,按当前导航约定归类,未核验到种,3,6,6,2,4,1,0,0,0,0,0,0
栗色田纳西走马,B2-3-646,动物,动物 / 哺乳动物 / 马与驴类,按当前导航约定归类,未核验到种,3,7,7,5,7,0,0,0,0,0,0,0
栗苇鳽,B2-3-647,动物,动物 / 鸟类 / 鹭、鹮与琵鹭,按当前导航约定归类,未核验到种,3,9,9,7,7,5,3,0,0,0,0,0
核糖体,B2-3-648,微观生物结构,微观生物结构 / 细胞结构 / 细胞器与细胞膜,按当前导航约定归类,不适用,3,8,8,6,6,4,0,0,0,0,0,0
格洛克17手枪,B2-3-649,器具与设备,器具与设备 / 武器与防护装备 / 枪械,按当前导航约定归类,不适用,3,6,6,5,5,1,0,0,0,0,1,0
格罗安达犬比利时品种,B2-3-650,动物,动物 / 哺乳动物 / 家犬与犬品种,按当前导航约定归类,品种或栽培类型,3,8,8,3,6,1,0,0,0,0,0,0
格罗安达犬黑色长毛,B2-3-651,动物,动物 / 哺乳动物 / 家犬与犬品种,按当前导航约定归类,品种或栽培类型,3,6,6,3,6,1,0,0,0,0,0,0
桃面牡丹鹦鹉,B2-3-652,动物,动物 / 鸟类 / 鹦鹉类,按当前导航约定归类,未核验到种,3,7,7,4,5,1,0,0,0,0,0,0
桑天牛,B2-3-653,动物,动物 / 节肢动物 / 甲虫类,按当前导航约定归类,未核验到种,3,10,10,8,8,3,2,0,0,0,0,0
桥梁基础,B2-3-654,建筑与设施,建筑与设施 / 建筑结构 / 梁塔与基础,按当前导航约定归类,不适用,3,13,13,9,13,3,2,0,0,0,0,0
梨虎象,B2-3-655,动物,动物 / 节肢动物 / 甲虫类,按当前导航约定归类,未核验到种,3,7,7,4,4,0,0,0,0,0,0,0
棉凫,B2-3-656,动物,动物 / 鸟类 / 鸭雁类,按当前导航约定归类,未核验到种,3,7,7,6,6,3,3,0,0,0,0,0
棉口蛇,B2-3-657,动物,动物 / 爬行动物 / 蛇类,按当前导航约定归类,未核验到种,3,6,6,6,6,3,2,0,0,0,0,0
棉口蝮幼蛇,B2-3-658,动物,动物 / 爬行动物 / 蛇类,按当前导航约定归类,未核验到种,3,8,8,3,6,1,0,0,0,0,0,0
棉口蝮水边栖息,B2-3-659,动物,动物 / 爬行动物 / 蛇类,按当前导航约定归类,未核验到种,3,6,6,4,6,0,0,0,0,0,0,0
棕尾虹雉,B2-3-660,动物,动物 / 鸟类 / 鸡雉类,按当前导航约定归类,未核验到种,3,10,10,5,6,2,1,0,0,0,0,0
棕斑鸠,B2-3-661,动物,动物 / 鸟类 / 鸽鸠类,按当前导航约定归类,未核验到种,3,7,7,5,5,2,0,0,0,0,0,0
棕林鸫繁殖羽,B2-3-662,动物,动物 / 鸟类 / 雀形目鸟类,按当前导航约定归类,未核验到种,3,8,8,3,5,2,0,0,0,0,0,0
棕硬尾鸭孵卵,B2-3-663,动物,动物 / 鸟类 / 鸭雁类,按当前导航约定归类,未核验到种,3,8,8,1,4,0,0,0,0,0,0,0
棕硬尾鸭潜水,B2-3-664,动物,动物 / 鸟类 / 鸭雁类,按当前导航约定归类,未核验到种,3,10,10,1,4,0,0,0,0,0,0,0
棕硬尾鸭翘尾,B2-3-665,动物,动物 / 鸟类 / 鸭雁类,按当前导航约定归类,未核验到种,3,7,7,3,5,1,0,0,0,0,0,0
棕硬尾鸭雄鸟,B2-3-666,动物,动物 / 鸟类 / 鸭雁类,按当前导航约定归类,未核验到种,3,8,8,0,4,0,0,0,0,0,0,0
棕硬尾鸭雌鸟,B2-3-667,动物,动物 / 鸟类 / 鸭雁类,按当前导航约定归类,未核验到种,3,8,8,2,6,2,1,0,0,0,0,0
棕硬尾鸭飞行,B2-3-668,动物,动物 / 鸟类 / 鸭雁类,按当前导航约定归类,未核验到种,3,6,6,3,6,2,0,0,0,0,0,0
棕竹,B2-3-669,植物,植物 / 木本植物 / 棕榈类植物,按当前导航约定归类,未核验到种,3,10,10,9,10,5,0,0,0,0,0,0
棕色欧洲水䶄,B2-3-670,动物,动物 / 哺乳动物 / 啮齿动物,按当前导航约定归类,未核验到种,3,7,7,7,7,2,1,0,0,0,0,0
棕色海狸鼠,B2-3-671,动物,动物 / 哺乳动物 / 啮齿动物,按当前导航约定归类,未核验到种,3,8,8,8,8,7,1,0,0,0,0,0
棕色缅甸猫,B2-3-672,动物,动物 / 哺乳动物 / 家猫与猫品种,按当前导航约定归类,品种或栽培类型,3,7,7,4,4,2,0,0,0,0,0,0
棘冠海星,B2-3-673,动物,动物 / 其他无脊椎动物 / 棘皮动物,按当前导航约定归类,范围待确认,3,10,10,6,6,1,0,0,0,0,0,0
棘眦海蛇,B2-3-674,动物,动物 / 爬行动物 / 蛇类,按当前导航约定归类,未核验到种,3,9,9,6,7,2,0,0,0,0,0,0
棺头蟋,B2-3-675,动物,动物 / 节肢动物 / 直翅与螳螂类,按当前导航约定归类,未核验到种,3,8,8,6,6,2,0,0,0,0,0,0
楔尾雕幼鸟,B2-3-676,动物,动物 / 鸟类 / 日行猛禽,按当前导航约定归类,未核验到种,3,8,8,4,4,0,0,0,0,0,0,0
楚墓漆器,B2-3-677,艺术与装饰品,艺术与装饰品 / 工艺品 / 漆器,按当前导航约定归类,不适用,3,50,49,30,49,26,20,0,0,0,1,0
榫凿,B2-3-678,器具与设备,器具与设备 / 手工工具 / 凿削工具,按当前导航约定归类,不适用,3,10,10,9,10,0,0,0,0,0,0,0
槲鸫栖枝,B2-3-679,动物,动物 / 鸟类 / 雀形目鸟类,按当前导航约定归类,未核验到种,3,6,6,3,4,1,1,0,0,0,0,0
橄榄鹮,B2-3-680,动物,动物 / 鸟类 / 鹭、鹮与琵鹭,按当前导航约定归类,未核验到种,3,8,8,4,4,1,0,0,0,0,0,0
橙顶灶莺夏羽,B2-3-681,动物,动物 / 鸟类 / 雀形目鸟类,按当前导航约定归类,未核验到种,3,6,6,4,4,1,0,0,0,0,0,0
次中音萨克斯手乐器,B2-3-682,待明确主体,待明确主体 / 名称有多种解释 / 人物与器物指向,需要上下文,主体待确认,3,8,8,5,5,2,0,0,0,0,0,0
欧亚红松鼠,B2-3-683,动物,动物 / 哺乳动物 / 啮齿动物,按当前导航约定归类,未核验到种,3,11,11,6,9,5,2,0,0,0,0,0
欧亚蛎鹬,B2-3-684,动物,动物 / 鸟类 / 鸻鹬与鸥类,按当前导航约定归类,未核验到种,3,10,10,8,8,3,1,0,0,0,0,0
欧歌鸫育雏,B2-3-685,动物,动物 / 鸟类 / 雀形目鸟类,按当前导航约定归类,未核验到种,3,7,7,5,6,0,0,0,0,0,0,0
欧洲刺猬,B2-3-686,动物,动物 / 哺乳动物 / 刺猬类,按当前导航约定归类,未核验到种,3,11,11,8,8,5,2,0,0,0,0,0
欧洲水鸡飞行,B2-3-687,动物,动物 / 鸟类 / 鹤与秧鸡类,按当前导航约定归类,未核验到种,3,8,8,2,4,1,0,0,0,0,0,0
欧洲油菜的叶,B2-3-688,植物,植物 / 植物部位 / 叶,按当前导航约定归类,未核验到种,3,8,8,4,6,3,0,0,0,0,0,0
欧洲油菜的花,B2-3-689,植物,植物 / 植物部位 / 花与花序,按当前导航约定归类,未核验到种,3,10,10,7,8,6,0,0,0,0,0,0
欧洲绿啄木鸟攀树,B2-3-690,动物,动物 / 鸟类 / 啄木鸟与拟啄木鸟,按当前导航约定归类,未核验到种,3,7,7,4,5,0,0,0,0,0,0,0
欧洲绿啄木鸟繁殖羽,B2-3-691,动物,动物 / 鸟类 / 啄木鸟与拟啄木鸟,按当前导航约定归类,未核验到种,3,7,7,2,5,1,0,0,0,0,0,0
欧洲草蛇幼蛇,B2-3-692,动物,动物 / 爬行动物 / 蛇类,按当前导航约定归类,未核验到种,3,6,6,3,4,1,0,0,0,0,0,0
欧洲角蝰头部特写,B2-3-693,动物,动物 / 爬行动物 / 蛇类,按当前导航约定归类,未核验到种,3,8,8,4,6,1,0,0,0,0,0,0
正向置换移液器,B2-3-694,器具与设备,器具与设备 / 医学与实验设备 / 移液与分液设备,按当前导航约定归类,不适用,3,8,8,7,8,0,0,0,0,0,0,0
歼-20（五代隐身战机）,B2-3-695,交通工具,交通工具 / 航空器 / 固定翼飞机,按当前导航约定归类,不适用,3,9,9,7,8,6,2,0,0,0,1,0
毒粉褶菌,B2-3-696,真菌,真菌 / 大型真菌 / 伞状真菌,按当前导航约定归类,未核验到种,3,13,12,7,8,2,1,0,0,0,0,0
比利时格罗安达犬,B2-3-697,动物,动物 / 哺乳动物 / 家犬与犬品种,按当前导航约定归类,品种或栽培类型,3,7,7,4,5,2,1,0,0,0,0,0
比利时牧羊犬(格罗安达),B2-3-698,动物,动物 / 哺乳动物 / 家犬与犬品种,按当前导航约定归类,品种或栽培类型,3,8,8,5,6,2,0,0,0,0,0,0
比利时牧羊犬多种被毛,B2-3-699,动物,动物 / 哺乳动物 / 家犬与犬品种,按当前导航约定归类,品种或栽培类型,3,8,8,2,6,0,0,0,0,0,0,0
比利时牧羊犬敏捷,B2-3-700,动物,动物 / 哺乳动物 / 家犬与犬品种,按当前导航约定归类,品种或栽培类型,3,8,8,5,6,1,1,0,0,0,0,0
毛脚鵟停栖,B2-3-701,动物,动物 / 鸟类 / 日行猛禽,按当前导航约定归类,未核验到种,3,8,8,5,6,2,2,0,0,0,0,0
毛脚鵟暗色型,B2-3-702,动物,动物 / 鸟类 / 日行猛禽,按当前导航约定归类,未核验到种,3,6,6,3,4,1,0,0,0,0,0,0
毛衣鱼,B2-3-703,动物,动物 / 节肢动物 / 蜚蠊与衣鱼类,按当前导航约定归类,未核验到种,3,8,8,4,6,1,0,0,0,0,0,0
气缸,B2-3-704,器具与设备,器具与设备 / 机械零部件 / 流体与执行部件,按当前导航约定归类,不适用,3,10,10,8,8,6,0,0,0,0,0,0
水射流钻孔器,B2-3-705,器具与设备,器具与设备 / 机械与作业设备 / 钻孔设备,按当前导航约定归类,不适用,3,8,8,7,7,0,0,0,0,0,0,0
水泥运输船,B2-3-706,交通工具,交通工具 / 水上交通工具 / 货船,按当前导航约定归类,不适用,3,7,7,7,7,5,1,0,0,0,0,0
水葱,B2-3-707,植物,植物 / 草本与藤本植物 / 水生与湿地植物,按当前导航约定归类,未核验到种,3,13,13,9,9,4,0,0,0,0,0,0
汉代乐舞俑,B2-3-708,艺术与装饰品,艺术与装饰品 / 雕塑与立体作品 / 雕塑及装置作品,按当前导航约定归类,不适用,3,42,41,34,37,33,22,0,0,0,1,0
汉谟拉比,B2-3-709,人物与人体,人物与人体 / 具名人物 / 历史人物,按当前导航约定归类,不适用,3,6,6,3,5,1,1,0,0,0,1,0
汉阳陵陶俑,B2-3-710,艺术与装饰品,艺术与装饰品 / 雕塑与立体作品 / 雕塑及装置作品,按当前导航约定归类,不适用,3,30,28,26,26,22,8,0,0,0,1,0
汝窑天青釉洗,B2-3-711,艺术与装饰品,艺术与装饰品 / 工艺品 / 陶瓷器与陶瓷工艺,按当前导航约定归类,不适用,3,10,10,7,10,3,0,0,0,0,0,0
沃克猎犬上树,B2-3-712,动物,动物 / 哺乳动物 / 家犬与犬品种,按当前导航约定归类,品种或栽培类型,3,8,8,1,6,0,0,0,0,0,0,0
沙漠之鹰手枪,B2-3-713,器具与设备,器具与设备 / 武器与防护装备 / 枪械,按当前导航约定归类,不适用,3,9,9,8,8,5,4,0,0,0,1,0
沙漠莫哈韦响尾蛇,B2-3-714,动物,动物 / 爬行动物 / 蛇类,按当前导航约定归类,未核验到种,3,7,7,1,4,0,0,0,0,0,0,0
沙漠鬣蜥,B2-3-715,动物,动物 / 爬行动物 / 蜥蜴类,按当前导航约定归类,未核验到种,3,10,10,7,8,4,0,0,0,0,0,0
沙狐头部,B2-3-716,动物,动物 / 哺乳动物 / 野生犬科动物,按当前导航约定归类,未核验到种,3,8,8,2,4,0,0,0,0,0,0,0
沙狐捕食,B2-3-717,动物,动物 / 哺乳动物 / 野生犬科动物,按当前导航约定归类,未核验到种,3,9,9,6,6,1,0,0,0,0,0,0
沙猫夜晚,B2-3-718,动物,动物 / 哺乳动物 / 野生猫科动物,按当前导航约定归类,未核验到种,3,7,7,5,6,1,0,0,0,0,0,0
沙猫幼崽,B2-3-719,动物,动物 / 哺乳动物 / 野生猫科动物,按当前导航约定归类,未核验到种,3,10,10,9,10,5,1,0,0,0,0,0
沙猫沙色,B2-3-720,动物,动物 / 哺乳动物 / 野生猫科动物,按当前导航约定归类,未核验到种,3,8,8,5,6,0,0,0,0,0,0,0
沙猫肖像,B2-3-721,动物,动物 / 哺乳动物 / 野生猫科动物,按当前导航约定归类,未核验到种,3,8,8,6,8,3,0,0,0,0,0,0
沙猫蓬松脚,B2-3-722,动物,动物 / 哺乳动物 / 野生猫科动物,按当前导航约定归类,未核验到种,3,5,5,5,5,1,0,0,0,0,0,0
沙色猎鹿犬,B2-3-723,动物,动物 / 哺乳动物 / 家犬与犬品种,按当前导航约定归类,品种或栽培类型,3,5,5,2,5,0,0,0,0,0,0,0
沙鵖,B2-3-724,动物,动物 / 鸟类 / 雀形目鸟类,按当前导航约定归类,未核验到种,3,9,9,6,6,3,0,0,0,0,0,0
沱江龙,B2-3-725,动物,动物 / 古生物及其遗存 / 恐龙及其遗存,按当前导航约定归类,范围待确认,3,8,8,7,7,4,0,0,0,0,0,0
油彩粉红捕鸟蛛,B2-3-726,动物,动物 / 节肢动物 / 蛛形动物,按当前导航约定归类,未核验到种,3,8,8,6,7,1,0,0,0,0,0,0
沼泽带鹀栗色冠,B2-3-727,动物,动物 / 鸟类 / 雀形目鸟类,按当前导航约定归类,未核验到种,3,8,8,3,4,1,0,0,0,0,0,0
沼泽带鹀灰色面部,B2-3-728,动物,动物 / 鸟类 / 雀形目鸟类,按当前导航约定归类,未核验到种,3,7,7,3,3,3,0,0,0,0,0,0
沼泽带鹀繁殖羽,B2-3-729,动物,动物 / 鸟类 / 雀形目鸟类,按当前导航约定归类,未核验到种,3,8,8,3,4,1,1,0,0,0,0,0
沼泽带鹀食种子,B2-3-730,动物,动物 / 鸟类 / 雀形目鸟类,按当前导航约定归类,未核验到种,3,6,6,4,4,0,0,0,0,0,0,0
沼泽麝鼠,B2-3-731,动物,动物 / 哺乳动物 / 啮齿动物,按当前导航约定归类,未核验到种,3,10,10,4,6,4,0,0,0,0,0,0
法恩扎马略尔卡彩陶,B2-3-732,艺术与装饰品,艺术与装饰品 / 工艺品 / 陶瓷器与陶瓷工艺,按当前导航约定归类,不适用,3,24,24,5,21,3,2,0,0,0,1,0
波兰野马,B2-3-733,动物,动物 / 哺乳动物 / 马与驴类,按当前导航约定归类,未核验到种,3,8,8,8,8,3,0,0,0,0,0,0
波多黎各亚马逊鹦鹉,B2-3-734,动物,动物 / 鸟类 / 鹦鹉类,按当前导航约定归类,未核验到种,3,10,10,6,8,3,0,0,0,0,0,0
波斑鸨,B2-3-735,动物,动物 / 鸟类 / 鸨类,按当前导航约定归类,未核验到种,3,9,9,8,8,3,1,0,0,0,0,0
波斯蜂虎,B2-3-736,动物,动物 / 鸟类 / 翠鸟、蜂虎与佛法僧,按当前导航约定归类,未核验到种,3,10,10,5,8,2,0,0,0,0,0,0
波索尔丝绸被毛,B2-3-737,动物,动物 / 哺乳动物 / 家犬与犬品种,按当前导航约定归类,品种或栽培类型,3,4,4,4,4,0,0,0,0,0,0,0
波索尔奔跑,B2-3-738,动物,动物 / 哺乳动物 / 家犬与犬品种,按当前导航约定归类,品种或栽培类型,3,8,8,7,8,2,0,0,0,0,0,0
波索尔长毛,B2-3-739,动物,动物 / 哺乳动物 / 家犬与犬品种,按当前导航约定归类,品种或栽培类型,3,8,8,2,4,0,0,0,0,0,0,0
泰坦尼克号救生艇,B2-3-740,交通工具,交通工具 / 水上交通工具 / 客船与救生艇,按当前导航约定归类,不适用,3,8,8,6,6,3,2,0,0,0,0,0
洪堡企鹅,B2-3-741,动物,动物 / 鸟类 / 企鹅类,按当前导航约定归类,未核验到种,3,6,6,4,4,2,0,0,0,0,0,0
活血丹,B2-3-742,植物,植物 / 草本与藤本植物 / 芳香与药用草本,按当前导航约定归类,未核验到种,3,12,12,8,11,7,4,0,0,0,0,0
浅鹿皮色,B2-3-743,待明确主体,待明确主体 / 名称信息不足 / 颜色与形态片段,需要上下文,主体待确认,3,10,10,7,10,5,4,0,0,0,0,0
浅黄褐色大丹犬,B2-3-744,动物,动物 / 哺乳动物 / 家犬与犬品种,按当前导航约定归类,品种或栽培类型,3,7,7,5,5,1,0,0,0,0,0,0
浅黄褐色斗牛獒,B2-3-745,动物,动物 / 哺乳动物 / 家犬与犬品种,按当前导航约定归类,品种或栽培类型,3,8,8,4,6,2,0,0,0,0,0,0
浅黄褐色玛伦牧羊犬,B2-3-746,动物,动物 / 哺乳动物 / 家犬与犬品种,按当前导航约定归类,品种或栽培类型,3,6,5,3,4,2,0,0,0,0,0,0
测距仪胶片相机,B2-3-747,器具与设备,器具与设备 / 摄影器材 / 胶片相机,按当前导航约定归类,不适用,3,10,10,10,10,4,0,0,0,0,0,0
海底玄武岩,B2-3-748,自然环境与物质,自然环境与物质 / 岩石与矿物 / 岩石,按当前导航约定归类,不适用,3,9,9,6,6,2,0,0,0,0,0,0
海月水母,B2-3-749,动物,动物 / 其他无脊椎动物 / 刺胞动物,按当前导航约定归类,未核验到种,3,9,9,7,7,4,0,0,0,0,0,0
海百合化石,B2-3-750,动物,动物 / 古生物及其遗存 / 无脊椎动物化石,按当前导航约定归类,未明确到种,3,10,10,8,8,4,0,0,0,0,0,0
海鸽冬季羽色变化,B2-3-751,动物,动物 / 鸟类 / 鸻鹬与鸥类,按当前导航约定归类,未核验到种,3,6,6,2,2,1,0,0,0,0,0,0
海鸽繁殖羽,B2-3-752,动物,动物 / 鸟类 / 鸻鹬与鸥类,按当前导航约定归类,未核验到种,3,8,8,2,4,0,0,0,0,0,0,0
海鸽近岸水域,B2-3-753,动物,动物 / 鸟类 / 鸻鹬与鸥类,按当前导航约定归类,未核验到种,3,7,7,3,3,3,0,0,0,0,0,0
涅斯托耳王宫,B2-3-754,建筑与设施,建筑与设施 / 建筑与建筑群 / 宫殿与官邸,按当前导航约定归类,不适用,3,8,8,5,7,3,1,0,0,0,1,0
涡轮增压器,B2-3-755,器具与设备,器具与设备 / 机械与作业设备 / 动力设备,按当前导航约定归类,不适用,3,8,8,6,6,4,0,0,0,0,0,0
液压油缸,B2-3-756,器具与设备,器具与设备 / 机械零部件 / 流体与执行部件,按当前导航约定归类,不适用,3,9,9,6,9,1,0,0,0,0,0,0
液压泵,B2-3-757,器具与设备,器具与设备 / 机械与作业设备 / 动力设备,按当前导航约定归类,不适用,3,10,10,10,10,6,3,0,0,0,0,0
淡紫色暹罗猫,B2-3-758,动物,动物 / 哺乳动物 / 家猫与猫品种,按当前导航约定归类,品种或栽培类型,3,9,9,9,9,6,1,0,0,0,0,0
深栗子色,B2-3-759,待明确主体,待明确主体 / 名称信息不足 / 颜色与形态片段,需要上下文,主体待确认,3,9,9,8,9,1,1,0,0,0,0,0
深栗色表演马,B2-3-760,动物,动物 / 哺乳动物 / 马与驴类,按当前导航约定归类,未核验到种,3,7,7,5,6,2,1,0,0,0,0,0
深棕海狸鼠,B2-3-761,动物,动物 / 哺乳动物 / 啮齿动物,按当前导航约定归类,未核验到种,3,8,8,0,6,0,0,0,0,0,0,0
深水管水母,B2-3-762,动物,动物 / 其他无脊椎动物 / 刺胞动物,按当前导航约定归类,未明确到种,3,9,8,4,5,3,0,0,0,0,0,0
深红查理王,B2-3-763,动物,动物 / 哺乳动物 / 家犬与犬品种,按当前导航约定归类,品种或栽培类型,3,8,8,6,7,2,2,0,0,0,0,0
混合帆装远洋帆船,B2-3-764,交通工具,交通工具 / 水上交通工具 / 帆船,按当前导航约定归类,不适用,3,6,6,3,4,2,0,0,0,0,0,0
混群活动,B2-3-765,活动与场景,活动与场景 / 动物行为 / 取食与活动,按当前导航约定归类,不适用,3,9,9,6,6,3,3,0,0,0,0,0
清乾隆十二章纹龙袍,B2-3-766,服饰与造型,服饰与造型 / 服装 / 传统与民族服装,按当前导航约定归类,不适用,3,28,28,26,28,21,3,0,0,0,1,0
清乾隆青花缠枝莲纹贯耳瓶,B2-3-767,艺术与装饰品,艺术与装饰品 / 工艺品 / 陶瓷器与陶瓷工艺,按当前导航约定归类,不适用,3,49,48,46,48,40,32,0,0,0,1,0
清代乾隆金编钟,B2-3-768,器具与设备,器具与设备 / 乐器 / 打击乐器,按当前导航约定归类,不适用,3,13,13,12,13,9,3,0,0,0,1,0
清康熙珐琅彩黄地牡丹纹碗,B2-3-769,艺术与装饰品,艺术与装饰品 / 工艺品 / 陶瓷器与陶瓷工艺,按当前导航约定归类,不适用,3,31,31,29,29,22,5,0,0,0,1,0
清康熙郎窑红釉观音尊,B2-3-770,艺术与装饰品,艺术与装饰品 / 工艺品 / 陶瓷器与陶瓷工艺,按当前导航约定归类,不适用,3,52,52,48,52,45,33,0,0,0,1,0
渡鸦楔形尾,B2-3-771,动物,动物 / 鸟类 / 雀形目鸟类,按当前导航约定归类,未核验到种,3,8,6,2,4,0,0,0,0,0,0,0
渡鸦飞行,B2-3-772,动物,动物 / 鸟类 / 雀形目鸟类,按当前导航约定归类,未核验到种,3,7,6,6,6,4,0,0,0,0,0,0
游隼俯冲捕食,B2-3-773,动物,动物 / 鸟类 / 日行猛禽,按当前导航约定归类,未核验到种,3,8,8,8,8,4,0,0,0,0,0,0
游隼巢,B2-3-774,动物,动物 / 动物活动遗迹 / 巢穴,按当前导航约定归类,未核验到种,3,9,9,8,8,3,0,0,0,0,0,0
湖北钉螺,B2-3-775,动物,动物 / 其他无脊椎动物 / 软体动物,按当前导航约定归类,未核验到种,3,8,8,6,6,2,0,0,0,0,0,0
溶沟,B2-3-776,自然环境与物质,自然环境与物质 / 地形与地貌 / 喀斯特地貌,按当前导航约定归类,不适用,3,8,8,6,6,3,1,0,0,0,0,0
溶蚀洼地,B2-3-777,自然环境与物质,自然环境与物质 / 地形与地貌 / 喀斯特地貌,按当前导航约定归类,不适用,3,5,5,5,5,1,0,0,0,0,0,0
溶酶体,B2-3-778,微观生物结构,微观生物结构 / 细胞结构 / 细胞器与细胞膜,按当前导航约定归类,不适用,3,8,8,6,6,3,0,0,0,0,0,0
滇金丝猴,B2-3-779,动物,动物 / 哺乳动物 / 灵长类动物,按当前导航约定归类,未核验到种,3,11,11,8,9,4,2,0,0,0,1,0
滚动体,B2-3-780,器具与设备,器具与设备 / 机械零部件 / 传动与支承件,按当前导航约定归类,不适用,3,6,6,6,6,3,3,0,0,0,0,0
漂鹬,B2-3-781,动物,动物 / 鸟类 / 鸻鹬与鸥类,按当前导航约定归类,未核验到种,3,9,9,6,6,4,0,0,0,0,0,0
潜鸟北方湖泊繁殖,B2-3-782,动物,动物 / 鸟类 / 潜鸟与䴙䴘类,按当前导航约定归类,未明确到种,3,8,8,4,5,1,1,0,0,0,0,0
潮汐摩擦,B2-3-783,抽象与文化主题,抽象与文化主题 / 科学概念 / 物理与生物概念,需要明确视觉载体,不适用,3,5,5,3,3,2,1,0,0,0,0,0
澳大利亚水鼠,B2-3-784,动物,动物 / 哺乳动物 / 啮齿动物,按当前导航约定归类,未核验到种,3,10,10,4,6,2,0,0,0,0,0,0
澳洲反嘴鹬,B2-3-785,动物,动物 / 鸟类 / 鸻鹬与鸥类,按当前导航约定归类,未核验到种,3,10,10,6,6,2,0,0,0,0,0,0
澳洲淡水龙虾,B2-3-786,动物,动物 / 节肢动物 / 甲壳动物,按当前导航约定归类,范围待确认,3,10,10,7,7,2,0,0,0,0,0,0
澳洲红背蜘蛛,B2-3-787,动物,动物 / 节肢动物 / 蛛形动物,按当前导航约定归类,未核验到种,3,9,9,9,9,3,0,0,0,0,0,0
激光钻孔器,B2-3-788,器具与设备,器具与设备 / 机械与作业设备 / 钻孔设备,按当前导航约定归类,不适用,3,7,7,5,5,2,0,0,0,0,0,0
火不思,B2-3-789,器具与设备,器具与设备 / 乐器 / 弹拨与拉弦乐器,按当前导航约定归类,不适用,3,9,9,6,6,3,0,0,0,0,0,0
火玛瑙戒指,B2-3-790,服饰与造型,服饰与造型 / 佩戴饰品 / 首饰与佩饰,按当前导航约定归类,不适用,3,7,7,6,6,2,0,0,0,0,0,0
灰头牡丹鹦鹉,B2-3-791,动物,动物 / 鸟类 / 鹦鹉类,按当前导航约定归类,未核验到种,3,11,10,6,7,1,0,0,0,0,0,0
灰林鸮停栖,B2-3-792,动物,动物 / 鸟类 / 鸮类,按当前导航约定归类,未核验到种,3,8,8,3,6,2,1,0,0,0,0,0
灰林鸮灰型,B2-3-793,动物,动物 / 鸟类 / 鸮类,按当前导航约定归类,未核验到种,3,9,9,3,6,3,1,0,0,0,0,0
灰林鸮红棕型,B2-3-794,动物,动物 / 鸟类 / 鸮类,按当前导航约定归类,未核验到种,3,4,4,1,4,0,0,0,0,0,0,0
灰狐幼崽,B2-3-795,动物,动物 / 哺乳动物 / 野生犬科动物,按当前导航约定归类,未核验到种,3,10,10,5,7,1,0,0,0,0,0,0
灰狐肖像,B2-3-796,动物,动物 / 哺乳动物 / 野生犬科动物,按当前导航约定归类,未核验到种,3,10,10,10,10,6,0,0,0,0,0,0
灰瓣蹼鹬,B2-3-797,动物,动物 / 鸟类 / 鸻鹬与鸥类,按当前导航约定归类,未核验到种,3,10,10,6,8,4,1,0,0,0,0,0
灰背隼雌鸟,B2-3-798,动物,动物 / 鸟类 / 日行猛禽,按当前导航约定归类,未核验到种,3,8,8,5,6,2,0,0,0,0,0,0
灰色夏尔马,B2-3-799,动物,动物 / 哺乳动物 / 马与驴类,按当前导航约定归类,未核验到种,3,12,11,8,8,3,0,0,0,0,0,0
灰色欧亚红松鼠,B2-3-800,动物,动物 / 哺乳动物 / 啮齿动物,按当前导航约定归类,未核验到种,3,10,9,6,6,4,0,0,0,0,0,0
灰色灰狐,B2-3-801,动物,动物 / 哺乳动物 / 野生犬科动物,按当前导航约定归类,未核验到种,3,10,10,6,6,3,0,0,0,0,0,0
灰色猎鹿犬,B2-3-802,动物,动物 / 哺乳动物 / 家犬与犬品种,按当前导航约定归类,品种或栽培类型,3,8,8,6,6,3,0,0,0,0,0,0
灰色藏獒,B2-3-803,动物,动物 / 哺乳动物 / 家犬与犬品种,按当前导航约定归类,品种或栽培类型,3,9,9,8,8,1,0,0,0,0,0,0
灰色雌鸟,B2-3-804,待明确主体,待明确主体 / 名称信息不足 / 生物身份片段,需要上下文,主体待确认,3,10,9,7,7,3,0,0,0,0,0,0
灰衣鱼,B2-3-805,动物,动物 / 节肢动物 / 蜚蠊与衣鱼类,按当前导航约定归类,未核验到种,3,8,8,8,8,2,0,0,0,0,0,0
灰雁,B2-3-806,动物,动物 / 鸟类 / 鸭雁类,按当前导航约定归类,未核验到种,3,13,13,8,11,3,1,0,0,0,0,0
灰雁群,B2-3-807,动物,动物 / 鸟类 / 鸭雁类,按当前导航约定归类,未核验到种,3,10,10,7,8,2,0,0,0,0,0,0
灰雁迁徙,B2-3-808,动物,动物 / 鸟类 / 鸭雁类,按当前导航约定归类,未核验到种,3,9,9,7,9,4,1,0,0,0,0,0
灰雁飞行,B2-3-809,动物,动物 / 鸟类 / 鸭雁类,按当前导航约定归类,未核验到种,3,10,10,8,10,5,0,0,0,0,0,0
灰颈金丝雀,B2-3-810,动物,动物 / 鸟类 / 雀形目鸟类,按当前导航约定归类,未核验到种,3,7,6,1,5,1,0,0,0,0,0,0
灰鹤幼鸟,B2-3-811,动物,动物 / 鸟类 / 鹤与秧鸡类,按当前导航约定归类,未核验到种,3,8,8,4,4,1,0,0,0,0,0,0
烟草天蛾,B2-3-812,动物,动物 / 节肢动物 / 蝶蛾及其幼虫,按当前导航约定归类,未核验到种,3,10,10,8,8,3,0,0,0,0,0,0
烟草跳甲,B2-3-813,动物,动物 / 节肢动物 / 甲虫类,按当前导航约定归类,未核验到种,3,8,8,4,4,2,0,0,0,0,0,0
热带鸟热带海洋,B2-3-814,动物,动物 / 鸟类 / 鹱与热带鸟,按当前导航约定归类,未明确到种,3,10,10,8,8,3,0,0,0,0,0,0
热带鸟群,B2-3-815,动物,动物 / 鸟类 / 鹱与热带鸟,按当前导航约定归类,未明确到种,3,10,10,6,6,3,1,0,0,0,0,0
热带鸟雏鸟,B2-3-816,动物,动物 / 鸟类 / 鹱与热带鸟,按当前导航约定归类,未明确到种,3,9,9,6,7,5,1,0,0,0,0,0
熊童子,B2-3-817,植物,植物 / 多肉与肉质植物 / 叶多肉植物,按当前导航约定归类,未核验到种,3,10,10,9,9,7,1,0,0,0,0,0
燕尾鸢停栖,B2-3-818,动物,动物 / 鸟类 / 日行猛禽,按当前导航约定归类,未核验到种,3,8,8,3,8,1,0,0,0,0,0,0
燕尾鸢幼鸟,B2-3-819,动物,动物 / 鸟类 / 日行猛禽,按当前导航约定归类,未核验到种,3,7,7,2,5,1,0,0,0,0,0,0
燕隼成鸟,B2-3-820,动物,动物 / 鸟类 / 日行猛禽,按当前导航约定归类,未核验到种,3,7,7,3,6,1,0,0,0,0,0,0
燕雀冬季群,B2-3-821,动物,动物 / 鸟类 / 雀形目鸟类,按当前导航约定归类,未核验到种,3,8,8,6,6,3,1,0,0,0,0,0
燕雀白色腰,B2-3-822,动物,动物 / 鸟类 / 雀形目鸟类,按当前导航约定归类,未核验到种,3,10,10,7,8,2,1,0,0,0,0,0
爪哇犀鸟,B2-3-824,动物,动物 / 鸟类 / 犀鸟与地犀鸟,按当前导航约定归类,未核验到种,3,10,10,5,6,2,0,0,0,0,0,0
爱尔兰水猎犬,B2-3-825,动物,动物 / 哺乳动物 / 家犬与犬品种,按当前导航约定归类,品种或栽培类型,3,10,10,6,6,3,1,0,0,0,0,0
爱尔兰狼犬巨型,B2-3-826,动物,动物 / 哺乳动物 / 家犬与犬品种,按当前导航约定归类,品种或栽培类型,3,9,9,6,7,3,0,0,0,0,0,0
爱尔兰狼犬站立,B2-3-827,动物,动物 / 哺乳动物 / 家犬与犬品种,按当前导航约定归类,品种或栽培类型,3,10,10,4,7,2,0,0,0,0,0,0
爱氏角龙,B2-3-828,动物,动物 / 古生物及其遗存 / 恐龙及其遗存,按当前导航约定归类,范围待确认,3,8,8,5,5,1,0,0,0,0,0,0
牛头梗,B2-3-829,动物,动物 / 哺乳动物 / 家犬与犬品种,按当前导航约定归类,品种或栽培类型,3,10,10,8,8,4,0,0,0,0,0,0
牛皮菜,B2-3-830,植物,植物 / 草本与藤本植物 / 蔬菜与豆类植物,按当前导航约定归类,未核验到种,3,10,10,7,8,4,0,0,0,0,0,0
特暴龙,B2-3-832,动物,动物 / 古生物及其遗存 / 恐龙及其遗存,按当前导航约定归类,范围待确认,3,10,10,8,8,2,2,0,0,0,0,0
犬虱蝇,B2-3-833,动物,动物 / 节肢动物 / 蝇蚊与蚤类,按当前导航约定归类,未核验到种,3,7,7,0,4,0,0,0,0,0,0,0
狐尾椰子,B2-3-834,植物,植物 / 木本植物 / 棕榈类植物,按当前导航约定归类,未核验到种,3,9,9,5,6,2,1,0,0,0,0,0
狞猫捕猎,B2-3-835,动物,动物 / 哺乳动物 / 野生猫科动物,按当前导航约定归类,未核验到种,3,9,9,4,7,2,0,0,0,0,0,0
狞猫草原,B2-3-836,动物,动物 / 哺乳动物 / 野生猫科动物,按当前导航约定归类,未核验到种,3,10,10,8,8,4,0,0,0,0,0,0
猎鹰九号火箭,B2-3-837,交通工具,交通工具 / 航天器 / 运载火箭,按当前导航约定归类,不适用,3,10,9,9,9,5,0,0,0,0,0,0
猛鸮圆头无耳簇,B2-3-838,动物,动物 / 鸟类 / 鸮类,按当前导航约定归类,未核验到种,3,4,4,2,2,1,0,0,0,0,0,0
猛鸮成鸟,B2-3-839,动物,动物 / 鸟类 / 鸮类,按当前导航约定归类,未核验到种,3,8,8,0,5,0,0,0,0,0,0,0
猛鸮昼行性,B2-3-840,动物,动物 / 鸟类 / 鸮类,按当前导航约定归类,未核验到种,3,7,7,4,5,3,0,0,0,0,0,0
猛鸮针叶林栖息,B2-3-841,动物,动物 / 鸟类 / 鸮类,按当前导航约定归类,未核验到种,3,9,9,5,6,3,0,0,0,0,0,0
猩红丽唐纳雀繁殖期,B2-3-842,动物,动物 / 鸟类 / 雀形目鸟类,按当前导航约定归类,未核验到种,3,8,8,1,4,0,0,0,0,0,0,0
猩红丽唐纳雀育雏,B2-3-843,动物,动物 / 鸟类 / 雀形目鸟类,按当前导航约定归类,未核验到种,3,8,8,1,4,0,0,0,0,0,0,0
猩红丽唐纳雀鲜红雄羽,B2-3-844,动物,动物 / 鸟类 / 雀形目鸟类,按当前导航约定归类,未核验到种,3,6,6,0,2,0,0,0,0,0,0,0
猩红鹮,B2-3-845,动物,动物 / 鸟类 / 鹭、鹮与琵鹭,按当前导航约定归类,未核验到种,3,10,10,6,6,3,0,0,0,0,0,0
玉吊钟,B2-3-846,植物,植物 / 多肉与肉质植物 / 叶多肉植物,按当前导航约定归类,未核验到种,3,10,10,6,6,3,1,0,0,0,0,0
玉带凤蝶,B2-3-847,动物,动物 / 节肢动物 / 蝶蛾及其幼虫,按当前导航约定归类,未核验到种,3,14,14,10,10,7,5,0,0,0,1,0
玉握猪,B2-3-848,艺术与装饰品,艺术与装饰品 / 文物器物 / 玉石器,按当前导航约定归类,不适用,3,46,46,46,46,40,24,0,0,0,1,0
玉琮（良渚文化）,B2-3-849,艺术与装饰品,艺术与装饰品 / 文物器物 / 玉石器,按当前导航约定归类,不适用,3,9,9,8,9,7,6,0,0,0,1,0
玉簪全株,B2-3-850,植物,植物 / 草本与藤本植物 / 观花与观叶草本,按当前导航约定归类,未核验到种,3,8,8,5,6,2,0,0,0,0,0,0
玉簪的花,B2-3-851,植物,植物 / 植物部位 / 花与花序,按当前导航约定归类,未核验到种,3,7,7,6,7,2,2,0,0,0,0,0
玉蝶,B2-3-852,植物,植物 / 多肉与肉质植物 / 叶多肉植物,按当前导航约定归类,未核验到种,3,10,10,10,10,6,1,0,0,0,0,0
玉韘,B2-3-853,艺术与装饰品,艺术与装饰品 / 文物器物 / 玉石器,按当前导航约定归类,不适用,3,45,44,41,41,39,29,0,0,0,1,0
王猎豹,B2-3-854,动物,动物 / 哺乳动物 / 野生猫科动物,按当前导航约定归类,未核验到种,3,10,10,6,7,4,1,0,0,0,0,0
王鹫展翅,B2-3-855,动物,动物 / 鸟类 / 日行猛禽,按当前导航约定归类,未核验到种,3,8,8,4,8,0,0,0,0,0,0,0
王鹫彩色裸露头部,B2-3-856,动物,动物 / 鸟类 / 日行猛禽,按当前导航约定归类,未核验到种,3,9,8,4,5,1,0,0,0,0,0,0
玛雅文字石板,B2-3-857,艺术与装饰品,艺术与装饰品 / 文献与刻铭实物 / 碑板与铭刻,按当前导航约定归类,不适用,3,7,7,7,7,3,1,0,0,0,1,0
玫瑰传奇手抄本插画,B2-3-858,图像与标识,图像与标识 / 艺术图像 / 绘画与版画作品,按当前导航约定归类,不适用,3,45,44,44,44,41,30,0,0,0,1,0
玫瑰式切割钻石,B2-3-859,自然环境与物质,自然环境与物质 / 矿物与宝石 / 切割钻石,按当前导航约定归类,不适用,3,8,8,7,8,5,0,0,0,0,0,0
玫瑰鲫,B2-3-860,动物,动物 / 鱼类 / 鱼类名称,按当前导航约定归类,未核验到种,3,9,9,7,7,2,0,0,0,0,0,0
环节动物,B2-3-861,动物,动物 / 其他无脊椎动物 / 蠕虫类群,按当前导航约定归类,未明确到种,3,10,10,8,8,4,1,0,0,0,0,0
环颈蛇成体,B2-3-862,动物,动物 / 爬行动物 / 蛇类,按当前导航约定归类,未核验到种,3,8,8,3,6,0,0,0,0,0,0,0
环颈鸫繁殖羽,B2-3-863,动物,动物 / 鸟类 / 雀形目鸟类,按当前导航约定归类,未核验到种,3,8,8,4,6,1,0,0,0,0,0,0
环颈鸫鸣唱,B2-3-864,动物,动物 / 鸟类 / 雀形目鸟类,按当前导航约定归类,未核验到种,3,7,7,3,4,1,0,0,0,0,0,0
环颈鹦鹉蓝化型,B2-3-865,动物,动物 / 鸟类 / 鹦鹉类,按当前导航约定归类,未核验到种,3,6,6,3,4,2,1,0,0,0,0,0
环颈鹦鹉雄鸟,B2-3-866,动物,动物 / 鸟类 / 鹦鹉类,按当前导航约定归类,未核验到种,3,8,8,2,4,1,0,0,0,0,0,0
环颈鹦鹉雌鸟,B2-3-867,动物,动物 / 鸟类 / 鹦鹉类,按当前导航约定归类,未核验到种,3,10,10,1,6,0,0,0,0,0,0,0
玳瑁安哥拉猫,B2-3-868,动物,动物 / 哺乳动物 / 家猫与猫品种,按当前导航约定归类,品种或栽培类型,3,8,8,6,6,2,0,0,0,0,0,0
珊瑚状猴头菌,B2-3-869,真菌,真菌 / 大型真菌 / 齿状及珊瑚状真菌,按当前导航约定归类,未核验到种,3,10,10,8,8,2,0,0,0,0,0,0
珊瑚虫息肉,B2-3-870,动物,动物 / 其他无脊椎动物 / 刺胞动物,按当前导航约定归类,未明确到种,3,10,10,6,6,4,0,0,0,0,0,0
珠颈斑鸠,B2-3-871,动物,动物 / 鸟类 / 鸽鸠类,按当前导航约定归类,未核验到种,3,11,10,7,8,4,2,0,0,0,0,0
琉璃鸱吻,B2-3-872,建筑与设施,建筑与设施 / 建筑构件 / 瓦与屋顶构件,按当前导航约定归类,不适用,3,78,73,71,71,64,56,0,0,0,1,0
琵嘴鸭营巢,B2-3-873,动物,动物 / 鸟类 / 鸭雁类,按当前导航约定归类,未核验到种,3,7,7,5,5,0,0,0,0,0,0,0
琵嘴鸭雌鸟,B2-3-874,动物,动物 / 鸟类 / 鸭雁类,按当前导航约定归类,未核验到种,3,7,7,3,4,2,0,0,0,0,0,0
瓦松,B2-3-875,植物,植物 / 多肉与肉质植物 / 叶多肉植物,按当前导航约定归类,未核验到种,3,10,10,8,8,7,2,0,0,0,0,0
田野雀鹀育雏,B2-3-876,动物,动物 / 鸟类 / 雀形目鸟类,按当前导航约定归类,未核验到种,3,7,7,2,4,1,0,0,0,0,0,0
田野雀鹀草甸,B2-3-877,动物,动物 / 鸟类 / 雀形目鸟类,按当前导航约定归类,未核验到种,3,8,7,2,3,2,0,0,0,0,0,0
田鸫冬羽,B2-3-878,动物,动物 / 鸟类 / 雀形目鸟类,按当前导航约定归类,未核验到种,3,6,6,3,6,2,0,0,0,0,0,0
甲板集装箱驳船,B2-3-879,交通工具,交通工具 / 水上交通工具 / 货船,按当前导航约定归类,不适用,3,10,10,8,9,4,0,0,0,0,0,0
界首彩陶,B2-3-880,艺术与装饰品,艺术与装饰品 / 工艺品 / 陶瓷器与陶瓷工艺,按当前导航约定归类,不适用,3,28,28,28,28,22,3,0,0,0,1,0
疣鼻天鹅孵卵,B2-3-881,动物,动物 / 鸟类 / 鸭雁类,按当前导航约定归类,未核验到种,3,7,7,4,4,2,0,0,0,0,0,0
疣鼻天鹅游水,B2-3-882,动物,动物 / 鸟类 / 鸭雁类,按当前导航约定归类,未核验到种,3,9,9,6,8,3,0,0,0,0,0,0
疣鼻栖鸭游水,B2-3-883,动物,动物 / 鸟类 / 鸭雁类,按当前导航约定归类,未核验到种,3,7,7,4,6,0,0,0,0,0,0,0
疣鼻栖鸭飞行,B2-3-884,动物,动物 / 鸟类 / 鸭雁类,按当前导航约定归类,未核验到种,3,8,8,6,7,2,2,0,0,0,0,0
疣鼻栖鸭黑色,B2-3-885,动物,动物 / 鸟类 / 鸭雁类,按当前导航约定归类,未核验到种,3,8,8,5,5,0,0,0,0,0,0,0
白冠带鹀幼鸟,B2-3-887,动物,动物 / 鸟类 / 雀形目鸟类,按当前导航约定归类,未核验到种,3,8,8,1,4,1,0,0,0,0,0,0
白冠带鹀白色冠纹,B2-3-888,动物,动物 / 鸟类 / 雀形目鸟类,按当前导航约定归类,未核验到种,3,8,8,1,2,0,0,0,0,0,0,0
白冠带鹀育雏,B2-3-889,动物,动物 / 鸟类 / 雀形目鸟类,按当前导航约定归类,未核验到种,3,7,7,2,5,1,0,0,0,0,0,0
白冠带鹀食种子,B2-3-890,动物,动物 / 鸟类 / 雀形目鸟类,按当前导航约定归类,未核验到种,3,4,4,1,2,0,0,0,0,0,0,0
白化东部菱背响尾蛇,B2-3-891,动物,动物 / 爬行动物 / 蛇类,按当前导航约定归类,未核验到种,3,9,9,3,6,1,0,0,0,0,0,0
白化地毯蟒,B2-3-892,动物,动物 / 爬行动物 / 蛇类,按当前导航约定归类,未核验到种,3,7,6,5,6,0,0,0,0,0,0,0
白化地鼠蛇,B2-3-893,动物,动物 / 爬行动物 / 蛇类,按当前导航约定归类,未核验到种,3,8,8,4,6,2,1,0,0,0,0,0
白化玉米蛇,B2-3-894,动物,动物 / 爬行动物 / 蛇类,按当前导航约定归类,未核验到种,3,9,9,8,8,3,2,0,0,0,0,0
白化红尾蚺,B2-3-895,动物,动物 / 爬行动物 / 蛇类,按当前导航约定归类,未核验到种,3,7,7,5,6,0,0,0,0,0,0,0
白化网纹蟒,B2-3-896,动物,动物 / 爬行动物 / 蛇类,按当前导航约定归类,未核验到种,3,8,8,3,5,0,0,0,0,0,0,0
白化西部菱斑响尾蛇,B2-3-897,动物,动物 / 爬行动物 / 蛇类,按当前导航约定归类,未核验到种,3,7,7,3,7,1,1,0,0,0,0,0
白化鳌虾,B2-3-898,动物,动物 / 节肢动物 / 甲壳动物,按当前导航约定归类,范围待确认,3,8,8,6,6,0,0,0,0,0,0,0
白化麝鼠,B2-3-899,动物,动物 / 哺乳动物 / 啮齿动物,按当前导航约定归类,未核验到种,3,8,8,4,8,3,1,0,0,0,0,0
白头海雕亚成体,B2-3-900,动物,动物 / 鸟类 / 日行猛禽,按当前导航约定归类,未核验到种,3,7,7,0,4,0,0,0,0,0,0,0
白头海雕停栖,B2-3-901,动物,动物 / 鸟类 / 日行猛禽,按当前导航约定归类,未核验到种,3,8,8,1,6,1,1,0,0,0,0,0
白头海雕巢,B2-3-902,动物,动物 / 动物活动遗迹 / 巢穴,按当前导航约定归类,未核验到种,3,9,9,8,8,4,0,0,0,0,0,0
白头海雕成鸟,B2-3-903,动物,动物 / 鸟类 / 日行猛禽,按当前导航约定归类,未核验到种,3,8,8,6,8,1,0,0,0,0,0,0
白头海雕捕鱼,B2-3-904,动物,动物 / 鸟类 / 日行猛禽,按当前导航约定归类,未核验到种,3,9,9,7,7,5,0,0,0,0,0,0
白头海雕求偶,B2-3-905,动物,动物 / 鸟类 / 日行猛禽,按当前导航约定归类,未核验到种,3,7,7,5,7,1,0,0,0,0,0,0
白头鹎,B2-3-906,动物,动物 / 鸟类 / 雀形目鸟类,按当前导航约定归类,未核验到种,3,10,10,10,10,7,2,0,0,0,0,0
白头鹞低飞,B2-3-907,动物,动物 / 鸟类 / 日行猛禽,按当前导航约定归类,未核验到种,3,8,8,3,6,2,0,0,0,0,0,0
白头鹞成鸟,B2-3-908,动物,动物 / 鸟类 / 日行猛禽,按当前导航约定归类,未核验到种,3,7,7,0,4,0,0,0,0,0,0,0
白头鹞雌鸟,B2-3-909,动物,动物 / 鸟类 / 日行猛禽,按当前导航约定归类,未核验到种,3,7,7,2,4,1,0,0,0,0,0,0
白巧克力布里欧修,B2-3-910,食物与食材,食物与食材 / 米面食品 / 面包与烤饼,按当前导航约定归类,不适用,3,8,8,5,6,2,1,0,0,0,0,0
白眉歌鸫冬羽,B2-3-911,动物,动物 / 鸟类 / 雀形目鸟类,按当前导航约定归类,未核验到种,3,7,6,2,5,1,0,0,0,0,0,0
白眉歌鸫站立,B2-3-912,动物,动物 / 鸟类 / 雀形目鸟类,按当前导航约定归类,未核验到种,3,8,8,2,4,1,0,0,0,0,0,0
白眉歌鸫觅食,B2-3-913,动物,动物 / 鸟类 / 雀形目鸟类,按当前导航约定归类,未核验到种,3,9,8,5,7,4,1,0,0,0,0,0
白眉歌鸫飞翔,B2-3-914,动物,动物 / 鸟类 / 雀形目鸟类,按当前导航约定归类,未核验到种,3,5,5,2,4,0,0,0,0,0,0,0
白眉鸭,B2-3-915,动物,动物 / 鸟类 / 鸭雁类,按当前导航约定归类,未核验到种,3,11,11,7,9,6,1,0,0,0,0,0
白眉鸭游水,B2-3-916,动物,动物 / 鸟类 / 鸭雁类,按当前导航约定归类,未核验到种,3,9,9,5,8,2,0,0,0,0,0,0
白眉鸭湖泊,B2-3-917,动物,动物 / 鸟类 / 鸭雁类,按当前导航约定归类,未核验到种,3,8,8,6,6,0,0,0,0,0,0,0
白眉鸭营巢,B2-3-918,动物,动物 / 鸟类 / 鸭雁类,按当前导航约定归类,未核验到种,3,8,8,4,4,1,0,0,0,0,0,0
白眉鸭雄鸟,B2-3-919,动物,动物 / 鸟类 / 鸭雁类,按当前导航约定归类,未核验到种,3,8,8,6,8,3,1,0,0,0,0,0
白眉鸭飞行,B2-3-920,动物,动物 / 鸟类 / 鸭雁类,按当前导航约定归类,未核验到种,3,7,7,3,4,2,0,0,0,0,0,0
白红斑,B2-3-922,待明确主体,待明确主体 / 名称信息不足 / 颜色与形态片段,需要上下文,主体待确认,3,10,10,4,6,1,1,0,0,0,0,0
白背亚种,B2-3-923,待明确主体,待明确主体 / 名称信息不足 / 生物身份片段,需要上下文,主体待确认,3,8,8,4,4,1,0,0,0,0,0,0
白背啄木鸟,B2-3-924,动物,动物 / 鸟类 / 啄木鸟与拟啄木鸟,按当前导航约定归类,未核验到种,3,10,10,6,6,4,0,0,0,0,0,0
白胸翡翠,B2-3-925,动物,动物 / 鸟类 / 翠鸟、蜂虎与佛法僧,按当前导航约定归类,未核验到种,3,9,9,6,6,4,2,0,0,0,0,0
白腹鹞,B2-3-926,动物,动物 / 鸟类 / 日行猛禽,按当前导航约定归类,未核验到种,3,10,10,8,8,3,2,0,0,0,0,0
白色东部灰松鼠,B2-3-927,动物,动物 / 哺乳动物 / 啮齿动物,按当前导航约定归类,未核验到种,3,10,10,7,8,6,1,0,0,0,0,0
白色拳师犬,B2-3-928,动物,动物 / 哺乳动物 / 家犬与犬品种,按当前导航约定归类,品种或栽培类型,3,9,9,8,8,6,0,0,0,0,0,0
白色蝴蝶犬,B2-3-929,动物,动物 / 哺乳动物 / 家犬与犬品种,按当前导航约定归类,品种或栽培类型,3,10,10,7,7,3,0,0,0,0,0,0
白色马恩岛猫,B2-3-930,动物,动物 / 哺乳动物 / 家猫与猫品种,按当前导航约定归类,品种或栽培类型,3,9,9,6,8,3,0,0,0,0,0,0
白花荷包牡丹,B2-3-931,植物,植物 / 草本与藤本植物 / 观花与观叶草本,按当前导航约定归类,未核验到种,3,7,7,5,5,3,1,0,0,0,0,0
白蜡木棒球棒,B2-3-932,器具与设备,器具与设备 / 体育器材 / 球类运动装备,按当前导航约定归类,不适用,3,6,6,1,4,0,0,0,0,0,0,0
白蝴蝶雄蝶,B2-3-933,待明确主体,待明确主体 / 名称有多种解释 / 生物名称,需要上下文,主体待确认,3,8,8,5,6,2,0,0,0,0,0,0
白顶溪鸲,B2-3-934,动物,动物 / 鸟类 / 雀形目鸟类,按当前导航约定归类,未核验到种,3,10,10,6,6,3,2,0,0,0,0,0
白领翡翠,B2-3-935,动物,动物 / 鸟类 / 翠鸟、蜂虎与佛法僧,按当前导航约定归类,未核验到种,3,10,10,6,8,3,0,0,0,0,0,0
白颈长尾雉,B2-3-936,动物,动物 / 鸟类 / 鸡雉类,按当前导航约定归类,未核验到种,3,10,10,10,10,6,0,0,0,0,0,0
白颈鹳,B2-3-937,动物,动物 / 鸟类 / 鹳类,按当前导航约定归类,未核验到种,3,10,10,6,6,4,0,0,0,0,0,0
白颊黑雁海岸,B2-3-938,动物,动物 / 鸟类 / 鸭雁类,按当前导航约定归类,未核验到种,3,8,8,2,6,0,0,0,0,0,0,0
白颊黑雁白色脸,B2-3-939,动物,动物 / 鸟类 / 鸭雁类,按当前导航约定归类,未核验到种,3,8,8,2,6,1,0,0,0,0,0,0
白颊黑雁营巢,B2-3-940,动物,动物 / 鸟类 / 鸭雁类,按当前导航约定归类,未核验到种,3,8,8,1,4,0,0,0,0,0,0,0
白鬼笔,B2-3-941,真菌,真菌 / 大型真菌 / 鬼笔类真菌,按当前导航约定归类,未核验到种,3,9,9,7,7,2,0,0,0,0,0,0
白鹇,B2-3-942,动物,动物 / 鸟类 / 鸡雉类,按当前导航约定归类,未核验到种,3,12,12,12,12,6,4,0,0,0,1,0
白鹈鹕协同捕鱼,B2-3-943,动物,动物 / 鸟类 / 塘鹅、鹈鹕、鸬鹚与军舰鸟,按当前导航约定归类,未核验到种,3,10,10,6,6,1,0,0,0,0,0,0
白鹈鹕巨大喉囊,B2-3-944,动物,动物 / 鸟类 / 塘鹅、鹈鹕、鸬鹚与军舰鸟,按当前导航约定归类,未核验到种,3,8,8,6,6,1,1,0,0,0,0,0
白鹈鹕幼鸟,B2-3-945,动物,动物 / 鸟类 / 塘鹅、鹈鹕、鸬鹚与军舰鸟,按当前导航约定归类,未核验到种,3,8,8,5,6,1,0,0,0,0,0,0
白鹡鸰,B2-3-946,动物,动物 / 鸟类 / 雀形目鸟类,按当前导航约定归类,未核验到种,3,10,10,6,7,4,2,0,0,0,0,0
皇家琵鹭,B2-3-947,动物,动物 / 鸟类 / 鹭、鹮与琵鹭,按当前导航约定归类,未核验到种,3,9,9,7,7,5,2,0,0,0,0,0
益母草,B2-3-948,植物,植物 / 草本与藤本植物 / 芳香与药用草本,按当前导航约定归类,未核验到种,3,9,9,5,7,3,2,0,0,0,0,0
盘珊瑚,B2-3-949,动物,动物 / 其他无脊椎动物 / 刺胞动物,按当前导航约定归类,范围待确认,3,10,10,5,8,1,1,0,0,0,0,0
盘金绣,B2-3-950,艺术与装饰品,艺术与装饰品 / 工艺品 / 织绣与编织,按当前导航约定归类,不适用,3,8,8,6,6,3,2,0,0,0,0,0
盲蛛,B2-3-951,动物,动物 / 节肢动物 / 蛛形动物,按当前导航约定归类,未明确到种,3,10,10,7,9,2,0,0,0,0,0,0
直-10 武装直升机,B2-3-952,交通工具,交通工具 / 航空器 / 直升机,按当前导航约定归类,不适用,3,6,6,6,6,2,1,0,0,0,1,0
直线导轨,B2-3-953,器具与设备,器具与设备 / 机械零部件 / 传动与支承件,按当前导航约定归类,不适用,3,9,9,7,7,5,0,0,0,0,0,0
直裾,B2-3-954,服饰与造型,服饰与造型 / 服装 / 传统与民族服装,按当前导航约定归类,不适用,3,10,10,8,8,5,3,0,0,0,0,0
真鲷,B2-3-955,动物,动物 / 鱼类 / 鱼类名称,按当前导航约定归类,未核验到种,3,10,9,6,6,3,3,0,0,0,0,0
眼镜王蛇成体,B2-3-957,动物,动物 / 爬行动物 / 蛇类,按当前导航约定归类,未核验到种,3,8,8,6,6,1,0,0,0,0,0,0
睡虎地秦简,B2-3-958,艺术与装饰品,艺术与装饰品 / 文献与刻铭实物 / 书籍与手稿,按当前导航约定归类,不适用,3,42,42,41,42,37,28,0,0,0,1,0
瞪羚猎犬奔跑,B2-3-959,动物,动物 / 哺乳动物 / 家犬与犬品种,按当前导航约定归类,品种或栽培类型,3,8,8,7,7,1,0,0,0,0,0,0
瞪羚猎犬沙漠,B2-3-960,动物,动物 / 哺乳动物 / 家犬与犬品种,按当前导航约定归类,品种或栽培类型,3,8,8,5,6,0,0,0,0,0,0,0
矍眼蝶,B2-3-961,动物,动物 / 节肢动物 / 蝶蛾及其幼虫,按当前导航约定归类,未核验到种,3,9,9,5,5,2,1,0,0,0,0,0
短号活塞,B2-3-962,器具与设备,器具与设备 / 乐器 / 乐器部件与配套设备,按当前导航约定归类,不适用,3,8,8,6,6,3,0,0,0,0,0,0
短毛型德国牧羊犬,B2-3-963,动物,动物 / 哺乳动物 / 家犬与犬品种,按当前导航约定归类,品种或栽培类型,3,6,6,4,6,1,0,0,0,0,0,0
短毛型恩特雷布赫山地犬,B2-3-964,动物,动物 / 哺乳动物 / 家犬与犬品种,按当前导航约定归类,品种或栽培类型,3,8,8,3,6,0,0,0,0,0,0,0
短趾雕停栖,B2-3-965,动物,动物 / 鸟类 / 日行猛禽,按当前导航约定归类,未核验到种,3,6,6,3,3,0,0,0,0,0,0,0
短趾雕翱翔,B2-3-966,动物,动物 / 鸟类 / 日行猛禽,按当前导航约定归类,未核验到种,3,8,8,3,6,1,0,0,0,0,0,0
短面熊,B2-3-967,动物,动物 / 古生物及其遗存 / 史前哺乳动物,按当前导航约定归类,范围待确认,3,9,9,6,6,1,0,0,0,0,0,0
石䳭橙色胸,B2-3-968,动物,动物 / 鸟类 / 雀形目鸟类,按当前导航约定归类,未核验到种,3,6,6,2,4,0,0,0,0,0,0,0
石刁柏的果,B2-3-969,植物,植物 / 植物部位 / 果实,按当前导航约定归类,未核验到种,3,5,5,4,5,1,0,0,0,0,0,0
石蒜,B2-3-970,植物,植物 / 草本与藤本植物 / 观花与观叶草本,按当前导航约定归类,未核验到种,3,139,114,106,109,76,39,0,38,37,1,1
矶鹬,B2-3-971,动物,动物 / 鸟类 / 鸻鹬与鸥类,按当前导航约定归类,未核验到种,3,10,10,9,9,7,3,0,0,0,0,0
砖砌扶壁,B2-3-972,建筑与设施,建筑与设施 / 建筑结构 / 拱与扶壁,按当前导航约定归类,不适用,3,8,8,4,6,0,0,0,0,0,0,0
磁州窑瓷器,B2-3-973,艺术与装饰品,艺术与装饰品 / 工艺品 / 陶瓷器与陶瓷工艺,按当前导航约定归类,不适用,3,8,8,5,6,3,1,0,0,0,0,0
神秘果,B2-3-974,植物,植物 / 木本植物 / 果树,按当前导航约定归类,未核验到种,3,10,10,8,8,1,0,0,0,0,0,0
福州脱胎漆器,B2-3-975,艺术与装饰品,艺术与装饰品 / 工艺品 / 漆器,按当前导航约定归类,不适用,3,18,18,18,18,14,6,0,0,0,1,0
福特T型车,B2-3-976,交通工具,交通工具 / 陆地车辆 / 乘用汽车,按当前导航约定归类,不适用,3,8,8,6,8,3,0,0,0,0,0,0
秃鼻乌鸦冬季群,B2-3-977,动物,动物 / 鸟类 / 雀形目鸟类,按当前导航约定归类,未核验到种,3,8,8,2,3,0,0,0,0,0,0,0
秃鼻乌鸦育雏,B2-3-978,动物,动物 / 鸟类 / 雀形目鸟类,按当前导航约定归类,未核验到种,3,8,8,3,3,1,0,0,0,0,0,0
秃鼻乌鸦裸露喙基,B2-3-979,动物,动物 / 鸟类 / 雀形目鸟类,按当前导航约定归类,未核验到种,3,8,8,2,3,0,0,0,0,0,0,0
秃鼻乌鸦觅食,B2-3-980,动物,动物 / 鸟类 / 雀形目鸟类,按当前导航约定归类,未核验到种,3,12,12,6,7,4,2,0,0,0,0,0
秃鼻乌鸦飞行,B2-3-981,动物,动物 / 鸟类 / 雀形目鸟类,按当前导航约定归类,未核验到种,3,10,10,5,6,1,0,0,0,0,0,0
秋沙鸭,B2-3-982,动物,动物 / 鸟类 / 鸭雁类,按当前导航约定归类,未明确到种,3,10,10,6,8,5,2,0,0,0,0,0
穗鵖,B2-3-983,动物,动物 / 鸟类 / 雀形目鸟类,按当前导航约定归类,未核验到种,3,10,10,6,8,3,1,0,0,0,0,0
竖冠企鹅,B2-3-984,动物,动物 / 鸟类 / 企鹅类,按当前导航约定归类,未核验到种,3,10,10,6,6,4,3,0,0,0,0,0
竹大象甲,B2-3-985,动物,动物 / 节肢动物 / 甲虫类,按当前导航约定归类,未核验到种,3,8,8,6,8,2,0,0,0,0,0,0
笑翠鸟,B2-3-986,动物,动物 / 鸟类 / 翠鸟、蜂虎与佛法僧,按当前导航约定归类,未核验到种,3,10,10,4,6,4,2,0,0,0,0,0
笑翠鸟鸟巢,B2-3-987,动物,动物 / 动物活动遗迹 / 巢穴,按当前导航约定归类,未核验到种,3,10,10,6,8,3,1,0,0,0,0,0
等边尖拱,B2-3-988,建筑与设施,建筑与设施 / 建筑结构 / 拱与扶壁,按当前导航约定归类,不适用,3,8,8,4,6,2,1,0,0,0,0,0
筚篥,B2-3-989,器具与设备,器具与设备 / 乐器 / 吹管乐器,按当前导航约定归类,不适用,3,11,11,9,9,5,2,0,0,0,0,0
簇羽海鹦阿拉斯加海域,B2-3-990,动物,动物 / 鸟类 / 鸻鹬与鸥类,按当前导航约定归类,未核验到种,3,8,8,4,5,3,0,0,0,0,0,0
簇羽海鹦黄色羽冠,B2-3-991,动物,动物 / 鸟类 / 鸻鹬与鸥类,按当前导航约定归类,未核验到种,3,10,10,6,8,3,1,0,0,0,0,0
米切氏凤头鹦鹉雄鸟,B2-3-993,动物,动物 / 鸟类 / 鹦鹉类,按当前导航约定归类,未核验到种,3,8,8,2,6,1,0,0,0,0,0,0
米切氏凤头鹦鹉雌鸟,B2-3-994,动物,动物 / 鸟类 / 鹦鹉类,按当前导航约定归类,未核验到种,3,6,6,0,4,0,0,0,0,0,0,0
米诺斯公牛头角杯,B2-3-995,艺术与装饰品,艺术与装饰品 / 文物器物 / 容器与礼器,按当前导航约定归类,不适用,3,4,4,4,4,2,0,0,0,0,1,0
米诺斯壁画,B2-3-996,图像与标识,图像与标识 / 艺术图像 / 绘画与版画作品,按当前导航约定归类,不适用,3,30,29,29,29,26,14,0,0,0,1,0
糙毛型布鲁塞尔格里芬,B2-3-997,动物,动物 / 哺乳动物 / 家犬与犬品种,按当前导航约定归类,品种或栽培类型,3,8,8,3,6,0,0,0,0,0,0,0
索马里野驴,B2-3-998,动物,动物 / 哺乳动物 / 马与驴类,按当前导航约定归类,未核验到种,3,10,10,8,10,5,0,0,0,0,0,0
紫木匠蜂,B2-3-999,动物,动物 / 节肢动物 / 蜂蚁类,按当前导航约定归类,未核验到种,3,10,10,5,7,4,1,0,0,0,0,0
紫朱雀取食芽,B2-3-1000,动物,动物 / 鸟类 / 雀形目鸟类,按当前导航约定归类,未核验到种,3,8,8,4,5,0,0,0,0,0,0,0
紫色海扇,B2-3-1001,动物,动物 / 其他无脊椎动物 / 刺胞动物,按当前导航约定归类,未明确到种,3,10,10,6,8,4,0,0,0,0,0,0
紫芜菁,B2-3-1002,植物,植物 / 草本与藤本植物 / 蔬菜与豆类植物,按当前导航约定归类,未核验到种,3,10,10,8,8,4,0,0,0,0,0,0
紫蛇尾,B2-3-1003,动物,动物 / 其他无脊椎动物 / 棘皮动物,按当前导航约定归类,未核验到种,3,9,9,5,6,1,1,0,0,0,0,0
红侧袜带蛇,B2-3-1004,动物,动物 / 爬行动物 / 蛇类,按当前导航约定归类,未核验到种,3,5,5,3,4,1,0,0,0,0,0,0
红喉歌鸲,B2-3-1006,动物,动物 / 鸟类 / 雀形目鸟类,按当前导航约定归类,未核验到种,3,11,10,7,7,4,2,0,0,0,0,0
红嘴蓝鹊,B2-3-1007,动物,动物 / 鸟类 / 雀形目鸟类,按当前导航约定归类,未核验到种,3,9,9,6,6,4,1,0,0,0,0,0
红嘴鸥,B2-3-1008,动物,动物 / 鸟类 / 鸻鹬与鸥类,按当前导航约定归类,未核验到种,3,20,19,14,14,11,4,0,0,0,0,0
红头啄木鸟,B2-3-1009,动物,动物 / 鸟类 / 啄木鸟与拟啄木鸟,按当前导航约定归类,未核验到种,3,10,10,6,6,4,3,0,0,0,0,0
红头啄木鸟亚成鸟,B2-3-1010,动物,动物 / 鸟类 / 啄木鸟与拟啄木鸟,按当前导航约定归类,未核验到种,3,7,7,5,6,2,1,0,0,0,0,0
红头啄木鸟储食,B2-3-1011,动物,动物 / 鸟类 / 啄木鸟与拟啄木鸟,按当前导航约定归类,未核验到种,3,7,7,3,3,0,0,0,0,0,0,0
红头啄木鸟凿洞,B2-3-1012,动物,动物 / 鸟类 / 啄木鸟与拟啄木鸟,按当前导航约定归类,未核验到种,3,7,7,1,3,1,0,0,0,0,0,0
红头啄木鸟攀树,B2-3-1013,动物,动物 / 鸟类 / 啄木鸟与拟啄木鸟,按当前导航约定归类,未核验到种,3,8,8,3,6,2,0,0,0,0,0,0
红头啄木鸟觅食,B2-3-1014,动物,动物 / 鸟类 / 啄木鸟与拟啄木鸟,按当前导航约定归类,未核验到种,3,9,9,4,6,1,0,0,0,0,0,0
红头潜鸭潜水,B2-3-1015,动物,动物 / 鸟类 / 鸭雁类,按当前导航约定归类,未核验到种,3,9,9,7,7,3,2,0,0,0,0,0
红头潜鸭营巢,B2-3-1016,动物,动物 / 鸟类 / 鸭雁类,按当前导航约定归类,未核验到种,3,7,7,4,4,2,1,0,0,0,0,0
红头潜鸭雄鸟,B2-3-1017,动物,动物 / 鸟类 / 鸭雁类,按当前导航约定归类,未核验到种,3,7,7,3,5,1,1,0,0,0,0,0
红头美洲鹫停栖,B2-3-1018,动物,动物 / 鸟类 / 日行猛禽,按当前导航约定归类,未核验到种,3,5,5,0,2,0,0,0,0,0,0,0
红头美洲鹫成鸟,B2-3-1019,动物,动物 / 鸟类 / 日行猛禽,按当前导航约定归类,未核验到种,3,7,7,2,6,1,0,0,0,0,0,0
红头美洲鹫翱翔,B2-3-1020,动物,动物 / 鸟类 / 日行猛禽,按当前导航约定归类,未核验到种,3,7,7,2,4,1,0,0,0,0,0,0
红尾亚马逊鹦鹉,B2-3-1021,动物,动物 / 鸟类 / 鹦鹉类,按当前导航约定归类,未核验到种,3,11,11,7,7,4,1,0,0,0,0,0
红尾歌鸲,B2-3-1022,动物,动物 / 鸟类 / 雀形目鸟类,按当前导航约定归类,未核验到种,3,9,9,7,7,3,0,0,0,0,0,0
红山文化彩陶,B2-3-1023,艺术与装饰品,艺术与装饰品 / 工艺品 / 陶瓷器与陶瓷工艺,按当前导航约定归类,不适用,3,59,57,42,57,37,20,0,0,0,1,0
红帝王蟹,B2-3-1024,动物,动物 / 节肢动物 / 甲壳动物,按当前导航约定归类,未核验到种,3,10,10,6,8,5,1,0,0,0,0,0
红棕型东美角鸮,B2-3-1025,动物,动物 / 鸟类 / 鸮类,按当前导航约定归类,未核验到种,3,4,4,2,3,0,0,0,0,0,0,0
红棕色凯尔皮,B2-3-1026,动物,动物 / 哺乳动物 / 家犬与犬品种,按当前导航约定归类,品种或栽培类型,3,5,5,0,1,0,0,0,0,0,0,0
红棕色阿比西尼亚猫,B2-3-1027,动物,动物 / 哺乳动物 / 家猫与猫品种,按当前导航约定归类,品种或栽培类型,3,6,6,5,5,2,0,0,0,0,0,0
红火蚁,B2-3-1028,动物,动物 / 节肢动物 / 蜂蚁类,按当前导航约定归类,未核验到种,3,9,9,9,9,6,1,0,0,0,0,0
红王蟹,B2-3-1029,动物,动物 / 节肢动物 / 甲壳动物,按当前导航约定归类,未核验到种,3,9,9,6,6,4,1,0,0,0,0,0
红白花色日本狆,B2-3-1030,动物,动物 / 哺乳动物 / 家犬与犬品种,按当前导航约定归类,品种或栽培类型,3,6,6,2,2,0,0,0,0,0,0,0
红白鼯鼠,B2-3-1031,动物,动物 / 哺乳动物 / 啮齿动物,按当前导航约定归类,未核验到种,3,12,12,8,8,5,1,0,0,0,0,0
红眼果蝇,B2-3-1032,动物,动物 / 节肢动物 / 蝇蚊与蚤类,按当前导航约定归类,范围待确认,3,10,10,6,8,2,0,0,0,0,0,0
红绿金刚鹦鹉,B2-3-1033,动物,动物 / 鸟类 / 鹦鹉类,按当前导航约定归类,未核验到种,3,9,9,6,7,5,2,0,0,0,0,0
红翅鹦鹉,B2-3-1034,动物,动物 / 鸟类 / 鹦鹉类,按当前导航约定归类,未核验到种,3,9,9,6,6,4,1,0,0,0,0,0
红肩鵟幼鸟,B2-3-1035,动物,动物 / 鸟类 / 日行猛禽,按当前导航约定归类,未核验到种,3,7,7,2,5,1,0,0,0,0,0,0
红肩鵟成鸟,B2-3-1036,动物,动物 / 鸟类 / 日行猛禽,按当前导航约定归类,未核验到种,3,7,7,0,4,0,0,0,0,0,0,0
红胁蓝尾鸲,B2-3-1037,动物,动物 / 鸟类 / 雀形目鸟类,按当前导航约定归类,未核验到种,3,9,9,6,6,4,3,0,0,0,0,0
红背蜘蛛,B2-3-1038,动物,动物 / 节肢动物 / 蛛形动物,按当前导航约定归类,未核验到种,3,9,9,8,8,6,1,0,0,0,0,0
红胸吸汁啄木鸟凿洞,B2-3-1039,动物,动物 / 鸟类 / 啄木鸟与拟啄木鸟,按当前导航约定归类,未核验到种,3,8,8,3,6,2,2,0,0,0,0,0
红胸吸汁啄木鸟吸汁,B2-3-1040,动物,动物 / 鸟类 / 啄木鸟与拟啄木鸟,按当前导航约定归类,未核验到种,3,11,11,2,3,2,0,0,0,0,0,0
红胸秋沙鸭游水,B2-3-1041,动物,动物 / 鸟类 / 鸭雁类,按当前导航约定归类,未核验到种,3,7,7,1,4,0,0,0,0,0,0,0
红胸秋沙鸭红胸,B2-3-1042,动物,动物 / 鸟类 / 鸭雁类,按当前导航约定归类,未核验到种,3,7,7,5,6,2,0,0,0,0,0,0
红胸秋沙鸭营巢,B2-3-1043,动物,动物 / 鸟类 / 鸭雁类,按当前导航约定归类,未核验到种,3,7,7,2,6,0,0,0,0,0,0,0
红胸秋沙鸭雄鸟,B2-3-1044,动物,动物 / 鸟类 / 鸭雁类,按当前导航约定归类,未核验到种,3,7,7,2,4,1,0,0,0,0,0,0
红腹灰雀林地,B2-3-1045,动物,动物 / 鸟类 / 雀形目鸟类,按当前导航约定归类,未核验到种,3,9,9,5,7,3,0,0,0,0,0,0
红腹角雉,B2-3-1046,动物,动物 / 鸟类 / 鸡雉类,按当前导航约定归类,未核验到种,3,10,10,10,10,7,4,0,0,0,0,0
红膝鸻,B2-3-1047,动物,动物 / 鸟类 / 鸻鹬与鸥类,按当前导航约定归类,未核验到种,3,9,9,6,6,0,0,0,0,0,0,0
红臀鹎,B2-3-1048,动物,动物 / 鸟类 / 雀形目鸟类,按当前导航约定归类,未核验到种,3,9,9,6,6,2,1,0,0,0,0,0
红色小种品舍狗,B2-3-1049,动物,动物 / 哺乳动物 / 家犬与犬品种,按当前导航约定归类,品种或栽培类型,3,7,7,4,5,1,1,0,0,0,0,0
红色阿富汗猎犬,B2-3-1050,动物,动物 / 哺乳动物 / 家犬与犬品种,按当前导航约定归类,品种或栽培类型,3,12,12,7,7,3,1,0,0,0,0,0
红蓼,B2-3-1051,植物,植物 / 草本与藤本植物 / 水生与湿地植物,按当前导航约定归类,未核验到种,3,10,10,10,10,4,1,0,0,0,0,0
红陨石色博得牧羊犬,B2-3-1052,动物,动物 / 哺乳动物 / 家犬与犬品种,按当前导航约定归类,品种或栽培类型,3,9,9,2,6,1,0,0,0,0,0,0
红隼停栖,B2-3-1053,动物,动物 / 鸟类 / 日行猛禽,按当前导航约定归类,未核验到种,3,7,7,4,4,3,2,0,0,0,0,0
红隼悬停,B2-3-1054,动物,动物 / 鸟类 / 日行猛禽,按当前导航约定归类,未核验到种,3,9,9,8,8,2,0,0,0,0,0,0
红额金刚鹦鹉,B2-3-1055,动物,动物 / 鸟类 / 鹦鹉类,按当前导航约定归类,未核验到种,3,9,9,8,8,4,1,0,0,0,0,0
红额金翅雀繁殖羽,B2-3-1056,动物,动物 / 鸟类 / 雀形目鸟类,按当前导航约定归类,未核验到种,3,8,8,5,6,2,1,0,0,0,0,0
红额金翅雀红色额,B2-3-1057,动物,动物 / 鸟类 / 雀形目鸟类,按当前导航约定归类,未核验到种,3,8,8,4,4,0,0,0,0,0,0,0
红额金翅雀育雏,B2-3-1058,动物,动物 / 鸟类 / 雀形目鸟类,按当前导航约定归类,未核验到种,3,7,7,3,4,1,0,0,0,0,0,0
红骨猎浣熊犬展示,B2-3-1059,动物,动物 / 哺乳动物 / 家犬与犬品种,按当前导航约定归类,品种或栽培类型,3,7,7,2,6,1,0,0,0,0,0,0
红骨猎浣熊犬追踪,B2-3-1060,动物,动物 / 哺乳动物 / 家犬与犬品种,按当前导航约定归类,品种或栽培类型,3,9,9,4,6,0,0,0,0,0,0,0
红骨顶,B2-3-1061,动物,动物 / 鸟类 / 鹤与秧鸡类,按当前导航约定归类,未核验到种,3,8,8,5,5,0,0,0,0,0,0,0
红龙鱼,B2-3-1062,动物,动物 / 鱼类 / 鱼类名称,按当前导航约定归类,未核验到种,3,10,10,9,9,4,1,0,0,0,0,0
约克郡金丝雀,B2-3-1063,动物,动物 / 鸟类 / 雀形目鸟类,按当前导航约定归类,未核验到种,3,11,11,9,11,5,1,0,0,0,0,0
纳尔逊号战列舰,B2-3-1064,交通工具,交通工具 / 水上交通工具 / 军舰与潜艇,按当前导航约定归类,不适用,3,8,8,7,7,4,2,0,0,0,1,0
纵纹腹小鸮,B2-3-1065,动物,动物 / 鸟类 / 鸮类,按当前导航约定归类,未核验到种,3,9,9,4,7,2,0,0,0,0,0,0
纵纹腹小鸮成鸟,B2-3-1066,动物,动物 / 鸟类 / 鸮类,按当前导航约定归类,未核验到种,3,8,8,2,6,2,0,0,0,0,0,0
纹胸啄木鸟,B2-3-1067,动物,动物 / 鸟类 / 啄木鸟与拟啄木鸟,按当前导航约定归类,未核验到种,3,9,9,6,6,4,3,0,0,0,0,0
细纹斑马头,B2-3-1068,动物,动物 / 身体部位与遗存 / 局部身体结构,按当前导航约定归类,未核验到种,3,9,9,6,9,2,0,0,0,0,0,0
细纹斑马标本,B2-3-1069,动物,动物 / 身体部位与遗存 / 骨架与标本,按当前导航约定归类,未核验到种,3,8,8,4,6,1,0,0,0,0,0,0
绒啄木鸟,B2-3-1070,动物,动物 / 鸟类 / 啄木鸟与拟啄木鸟,按当前导航约定归类,未核验到种,3,12,12,3,8,1,1,0,0,0,0,0
绒啄木鸟亚成鸟,B2-3-1071,动物,动物 / 鸟类 / 啄木鸟与拟啄木鸟,按当前导航约定归类,未核验到种,3,8,8,1,4,0,0,0,0,0,0,0
绒啄木鸟凿洞,B2-3-1072,动物,动物 / 鸟类 / 啄木鸟与拟啄木鸟,按当前导航约定归类,未核验到种,3,8,8,2,6,0,0,0,0,0,0,0
绒啄木鸟雌鸟,B2-3-1073,动物,动物 / 鸟类 / 啄木鸟与拟啄木鸟,按当前导航约定归类,未核验到种,3,9,9,5,7,3,0,0,0,0,0,0
绒啄木鸟飞翔,B2-3-1074,动物,动物 / 鸟类 / 啄木鸟与拟啄木鸟,按当前导航约定归类,未核验到种,3,8,8,3,6,3,0,0,0,0,0,0
绒鸭雌鸟,B2-3-1075,动物,动物 / 鸟类 / 鸭雁类,按当前导航约定归类,未核验到种,3,10,10,1,4,0,0,0,0,0,0,0
绢斑蝶,B2-3-1076,动物,动物 / 节肢动物 / 蝶蛾及其幼虫,按当前导航约定归类,未核验到种,3,8,8,6,6,2,1,0,0,0,0,0
绯胸鹦鹉,B2-3-1077,动物,动物 / 鸟类 / 鹦鹉类,按当前导航约定归类,未核验到种,3,10,10,7,8,4,1,0,0,0,0,0
绳毛型可蒙犬,B2-3-1078,动物,动物 / 哺乳动物 / 家犬与犬品种,按当前导航约定归类,品种或栽培类型,3,6,6,2,5,0,0,0,0,0,0,0
维京战斧,B2-3-1079,器具与设备,器具与设备 / 武器与防护装备 / 刀剑与战斧,按当前导航约定归类,不适用,3,8,8,8,8,3,0,0,0,0,0,0
绿双冠蜥,B2-3-1080,动物,动物 / 爬行动物 / 蜥蜴类,按当前导航约定归类,未核验到种,3,10,10,5,6,3,0,0,0,0,0,0
绿头鸭,B2-3-1081,动物,动物 / 鸟类 / 鸭雁类,按当前导航约定归类,未核验到种,3,10,10,8,8,6,3,0,0,0,0,0
绿头鸭幼鸟,B2-3-1082,动物,动物 / 鸟类 / 鸭雁类,按当前导航约定归类,未核验到种,3,9,9,4,5,1,0,0,0,0,0,0
绿头鸭群,B2-3-1083,动物,动物 / 鸟类 / 鸭雁类,按当前导航约定归类,未核验到种,3,11,11,6,7,3,0,0,0,0,0,0
绿头鸭营巢,B2-3-1084,动物,动物 / 鸟类 / 鸭雁类,按当前导航约定归类,未核验到种,3,8,8,4,4,0,0,0,0,0,0,0
绿头鸭雌鸟,B2-3-1085,动物,动物 / 鸟类 / 鸭雁类,按当前导航约定归类,未核验到种,3,10,10,7,8,3,0,0,0,0,0,0
绿孔雀,B2-3-1086,动物,动物 / 鸟类 / 鸡雉类,按当前导航约定归类,未核验到种,3,11,11,9,9,4,1,0,0,0,1,0
绿带翠凤蝶,B2-3-1087,动物,动物 / 节肢动物 / 蝶蛾及其幼虫,按当前导航约定归类,未核验到种,3,12,12,8,10,5,3,0,0,0,0,0
绿翅金刚鹦鹉,B2-3-1088,动物,动物 / 鸟类 / 鹦鹉类,按当前导航约定归类,未核验到种,3,10,10,8,10,5,0,0,0,0,0,0
绿翅鸭湿地,B2-3-1089,动物,动物 / 鸟类 / 鸭雁类,按当前导航约定归类,未核验到种,3,10,10,7,8,4,0,0,0,0,0,0
绿翅鸭营巢,B2-3-1090,动物,动物 / 鸟类 / 鸭雁类,按当前导航约定归类,未核验到种,3,8,8,4,4,0,0,0,0,0,0,0
绿翅鸭雄鸟,B2-3-1091,动物,动物 / 鸟类 / 鸭雁类,按当前导航约定归类,未核验到种,3,10,10,3,6,3,2,0,0,0,0,0
绿翅鸭雌鸟,B2-3-1092,动物,动物 / 鸟类 / 鸭雁类,按当前导航约定归类,未核验到种,3,12,12,6,8,2,1,0,0,0,0,0
绿蕈珊瑚,B2-3-1093,动物,动物 / 其他无脊椎动物 / 刺胞动物,按当前导航约定归类,范围待确认,3,6,6,4,4,0,0,0,0,0,0,0
绿豹蛱蝶,B2-3-1094,动物,动物 / 节肢动物 / 蝶蛾及其幼虫,按当前导航约定归类,未核验到种,3,9,9,7,7,3,1,0,0,0,0,0
绿阔嘴鸟,B2-3-1095,动物,动物 / 鸟类 / 雀形目鸟类,按当前导航约定归类,未核验到种,3,10,10,8,8,5,4,0,0,0,0,0
绿鹦嘴鹎,B2-3-1096,动物,动物 / 鸟类 / 雀形目鸟类,按当前导航约定归类,未核验到种,3,10,10,6,6,1,0,0,0,0,0,0
缂丝,B2-3-1097,艺术与装饰品,艺术与装饰品 / 工艺品 / 织绣与编织,按当前导航约定归类,不适用,3,93,92,78,90,77,65,0,0,0,1,0
缅甸猫短毛,B2-3-1098,动物,动物 / 哺乳动物 / 家猫与猫品种,按当前导航约定归类,品种或栽培类型,3,10,10,7,8,3,0,0,0,0,0,0
缅甸猫肖像,B2-3-1099,动物,动物 / 哺乳动物 / 家猫与猫品种,按当前导航约定归类,品种或栽培类型,3,10,10,6,8,4,0,0,0,0,0,0
缅甸猫金眼,B2-3-1100,动物,动物 / 哺乳动物 / 家猫与猫品种,按当前导航约定归类,品种或栽培类型,3,8,8,5,6,1,0,0,0,0,0,0
缆索起重机,B2-3-1101,器具与设备,器具与设备 / 机械与作业设备 / 起重设备,按当前导航约定归类,不适用,3,10,10,8,10,5,0,0,0,0,0,0
网状雾化器,B2-3-1102,器具与设备,器具与设备 / 医学与实验设备 / 雾化治疗设备,按当前导航约定归类,不适用,3,9,9,8,8,2,0,0,0,0,0,0
网纹蟒人工饲养个体,B2-3-1103,动物,动物 / 爬行动物 / 蛇类,按当前导航约定归类,未核验到种,3,6,6,2,4,1,0,0,0,0,0,0
网纹蟒成体,B2-3-1104,动物,动物 / 爬行动物 / 蛇类,按当前导航约定归类,未核验到种,3,8,8,3,4,0,0,0,0,0,0,0
网纹蟒蜕皮,B2-3-1105,动物,动物 / 爬行动物 / 蛇类,按当前导航约定归类,未核验到种,3,8,8,4,4,1,0,0,0,0,0,0
罗德电钢琴维修,B2-3-1106,活动与场景,活动与场景 / 音乐活动 / 维修与修复,按当前导航约定归类,不适用,3,6,6,4,6,1,0,0,0,0,0,0
罗马胸甲,B2-3-1108,器具与设备,器具与设备 / 武器与防护装备 / 护甲,按当前导航约定归类,不适用,3,10,10,6,8,3,1,0,0,0,0,0
美凤蝶,B2-3-1109,动物,动物 / 节肢动物 / 蝶蛾及其幼虫,按当前导航约定归类,未核验到种,3,9,9,9,9,6,1,0,0,0,0,0
美国水猎犬,B2-3-1110,动物,动物 / 哺乳动物 / 家犬与犬品种,按当前导航约定归类,品种或栽培类型,3,10,10,6,6,3,0,0,0,0,0,0
美国猎狐犬,B2-3-1111,动物,动物 / 哺乳动物 / 家犬与犬品种,按当前导航约定归类,品种或栽培类型,3,11,11,5,8,2,0,0,0,0,0,0
美式活动扳手,B2-3-1113,器具与设备,器具与设备 / 手工工具 / 扳手与套筒,按当前导航约定归类,不适用,3,8,8,6,6,3,0,0,0,0,0,0
美洲家鸭,B2-3-1114,动物,动物 / 鸟类 / 鸭雁类,按当前导航约定归类,范围待确认,3,10,10,6,6,4,0,0,0,0,0,0
美洲旱獭,B2-3-1115,动物,动物 / 哺乳动物 / 啮齿动物,按当前导航约定归类,未核验到种,3,7,7,7,7,3,0,0,0,0,0,0
美洲绿鹭,B2-3-1116,动物,动物 / 鸟类 / 鹭、鹮与琵鹭,按当前导航约定归类,未核验到种,3,9,9,6,6,4,0,0,0,0,0,0
美洲虎展示,B2-3-1117,动物,动物 / 哺乳动物 / 野生猫科动物,按当前导航约定归类,未核验到种,3,9,9,9,9,3,0,0,0,0,0,0
美洲虎黑化型,B2-3-1118,动物,动物 / 哺乳动物 / 野生猫科动物,按当前导航约定归类,未核验到种,3,8,8,6,6,2,0,0,0,0,0,0
美洲蛇鹈繁殖羽,B2-3-1119,动物,动物 / 鸟类 / 塘鹅、鹈鹕、鸬鹚与军舰鸟,按当前导航约定归类,未核验到种,3,8,8,2,6,1,0,0,0,0,0,0
美洲豹幼豹,B2-3-1120,动物,动物 / 哺乳动物 / 野生猫科动物,按当前导航约定归类,未核验到种,3,10,10,6,8,2,0,0,0,0,0,0
美洲豹斑纹,B2-3-1121,动物,动物 / 哺乳动物 / 野生猫科动物,按当前导航约定归类,未核验到种,3,10,10,10,10,3,0,0,0,0,0,0
美洲豹美洲,B2-3-1122,动物,动物 / 哺乳动物 / 野生猫科动物,按当前导航约定归类,未核验到种,3,10,10,8,10,4,1,0,0,0,0,0
美洲金翅雀,B2-3-1124,动物,动物 / 鸟类 / 雀形目鸟类,按当前导航约定归类,未核验到种,3,10,10,10,10,7,1,0,0,0,0,0
美洲鹤,B2-3-1125,动物,动物 / 鸟类 / 鹤与秧鸡类,按当前导航约定归类,未核验到种,3,9,9,7,7,5,0,0,0,0,0,0
美洲黑寡妇,B2-3-1126,动物,动物 / 节肢动物 / 蛛形动物,按当前导航约定归类,未核验到种,3,10,10,9,10,4,1,0,0,0,0,0
美洲黑蛎鹬,B2-3-1127,动物,动物 / 鸟类 / 鸻鹬与鸥类,按当前导航约定归类,未核验到种,3,9,9,5,6,2,2,0,0,0,0,0
美洲黑鸭雄鸟,B2-3-1128,动物,动物 / 鸟类 / 鸭雁类,按当前导航约定归类,未核验到种,3,7,7,1,5,1,0,0,0,0,0,0
美洲黑鸭雌鸟,B2-3-1129,动物,动物 / 鸟类 / 鸭雁类,按当前导航约定归类,未核验到种,3,6,6,1,4,0,0,0,0,0,0,0
美洲黑鸭飞行,B2-3-1130,动物,动物 / 鸟类 / 鸭雁类,按当前导航约定归类,未核验到种,3,6,6,3,5,1,0,0,0,0,0,0
美眼蛱蝶,B2-3-1131,动物,动物 / 节肢动物 / 蝶蛾及其幼虫,按当前导航约定归类,未核验到种,3,11,11,9,9,5,1,0,0,0,0,0
羽管键琴修复,B2-3-1132,活动与场景,活动与场景 / 音乐活动 / 维修与修复,按当前导航约定归类,不适用,3,5,5,2,4,0,0,0,0,0,0,0
羽管键琴拨子,B2-3-1133,器具与设备,器具与设备 / 乐器 / 乐器部件与配套设备,按当前导航约定归类,不适用,3,5,5,4,4,2,1,0,0,0,0,0
耀州窑刻花青瓷,B2-3-1138,艺术与装饰品,艺术与装饰品 / 工艺品 / 陶瓷器与陶瓷工艺,按当前导航约定归类,不适用,3,86,85,81,85,79,63,0,0,0,1,0
耀州窑瓷器,B2-3-1139,艺术与装饰品,艺术与装饰品 / 工艺品 / 陶瓷器与陶瓷工艺,按当前导航约定归类,不适用,3,8,8,5,7,2,1,0,0,0,0,0
耳廓狐头部,B2-3-1140,动物,动物 / 哺乳动物 / 野生犬科动物,按当前导航约定归类,未核验到种,3,9,9,3,5,1,0,0,0,0,0,0
耳廓狐肖像,B2-3-1141,动物,动物 / 哺乳动物 / 野生犬科动物,按当前导航约定归类,未核验到种,3,10,10,6,8,3,0,0,0,0,0,0
耻骨,B2-3-1142,人物与人体,人物与人体 / 人体结构 / 骨骼,按当前导航约定归类,不适用,3,9,9,7,7,3,0,0,0,0,0,0
肉垂鹤,B2-3-1143,动物,动物 / 鸟类 / 鹤与秧鸡类,按当前导航约定归类,未核验到种,3,10,10,8,8,5,0,0,0,0,0,0
肉垂麦鸡,B2-3-1144,动物,动物 / 鸟类 / 鸻鹬与鸥类,按当前导航约定归类,未核验到种,3,8,8,8,8,4,0,0,0,0,0,0
肋骨解剖,B2-3-1145,图像与标识,图像与标识 / 医学图像与模型 / 解剖展示,需要上下文,不适用,3,8,8,3,6,3,0,0,0,0,0,0
肝白色,B2-3-1146,待明确主体,待明确主体 / 名称信息不足 / 颜色与形态片段,需要上下文,主体待确认,3,10,10,8,10,2,0,0,0,0,0,0
股骨CT,B2-3-1147,图像与标识,图像与标识 / 医学图像与模型 / 医学影像,按当前导航约定归类,不适用,3,10,10,8,10,4,0,0,0,0,0,0
股骨头,B2-3-1148,人物与人体,人物与人体 / 人体结构 / 骨骼,按当前导航约定归类,不适用,3,10,10,7,8,3,0,0,0,0,0,0
股骨干,B2-3-1149,人物与人体,人物与人体 / 人体结构 / 骨骼,按当前导航约定归类,不适用,3,9,9,7,7,3,1,0,0,0,0,0
肥沙鼠,B2-3-1150,动物,动物 / 哺乳动物 / 啮齿动物,按当前导航约定归类,未核验到种,3,8,7,5,5,2,0,0,0,0,0,0
肯特龙,B2-3-1151,动物,动物 / 古生物及其遗存 / 恐龙及其遗存,按当前导航约定归类,范围待确认,3,8,8,6,6,2,0,0,0,0,0,0
胡兀鹫幼鸟,B2-3-1152,动物,动物 / 鸟类 / 日行猛禽,按当前导航约定归类,未核验到种,3,8,8,4,4,2,0,0,0,0,0,0
胡兀鹫成鸟,B2-3-1153,动物,动物 / 鸟类 / 日行猛禽,按当前导航约定归类,未核验到种,3,7,6,5,6,1,0,0,0,0,0,0
脊索动物,B2-3-1155,动物,动物 / 高阶生物类群 / 跨多个导航分支的类群,按当前导航约定归类,未明确到种,3,9,9,6,6,1,0,0,0,0,0,0
脑神经,B2-3-1157,人物与人体,人物与人体 / 人体结构 / 脑与神经结构,按当前导航约定归类,不适用,3,8,8,4,6,4,1,0,0,0,0,0
腰椎间盘突出,B2-3-1158,人物与人体,人物与人体 / 身体状况 / 骨骼与脊柱状态,按当前导航约定归类,不适用,3,7,7,5,6,2,0,0,0,0,0,0
致远舰,B2-3-1159,交通工具,交通工具 / 水上交通工具 / 军舰与潜艇,按当前导航约定归类,不适用,3,9,9,8,8,4,0,0,0,0,1,0
船嘴鹭,B2-3-1160,动物,动物 / 鸟类 / 鹭、鹮与琵鹭,按当前导航约定归类,未核验到种,3,9,9,9,9,6,1,0,0,0,0,0
芦竹,B2-3-1161,植物,植物 / 草本与藤本植物 / 禾本科草本,按当前导航约定归类,未核验到种,3,10,10,10,10,3,0,0,0,0,0,0
芦鹀食种子,B2-3-1162,动物,动物 / 鸟类 / 雀形目鸟类,按当前导航约定归类,未核验到种,3,10,10,8,8,1,0,0,0,0,0,0
芦鹀黑色头部,B2-3-1163,动物,动物 / 鸟类 / 雀形目鸟类,按当前导航约定归类,未核验到种,3,4,4,2,2,0,0,0,0,0,0,0
花剑,B2-3-1164,器具与设备,器具与设备 / 体育器材 / 投掷与击剑器材,按当前导航约定归类,不适用,3,13,13,10,12,6,5,0,0,0,0,0
花叶玉簪,B2-3-1165,植物,植物 / 草本与藤本植物 / 观花与观叶草本,按当前导航约定归类,范围待确认,3,8,8,5,6,3,1,0,0,0,0,0
花斑挪威老鼠,B2-3-1166,动物,动物 / 哺乳动物 / 啮齿动物,按当前导航约定归类,未核验到种,3,4,4,2,4,0,0,0,0,0,0,0
花色大丹犬,B2-3-1167,动物,动物 / 哺乳动物 / 家犬与犬品种,按当前导航约定归类,品种或栽培类型,3,8,8,4,6,1,0,0,0,0,0,0
花键拉刀,B2-3-1168,器具与设备,器具与设备 / 机械加工刀具 / 拉刀,按当前导航约定归类,不适用,3,7,7,3,5,1,0,0,0,0,0,0
苍头燕雀粉胸,B2-3-1169,动物,动物 / 鸟类 / 雀形目鸟类,按当前导航约定归类,未核验到种,3,10,10,2,3,0,0,0,0,0,0,0
苍头燕雀繁殖羽,B2-3-1170,动物,动物 / 鸟类 / 雀形目鸟类,按当前导航约定归类,未核验到种,3,8,8,3,5,1,0,0,0,0,0,0
苍头燕雀雪地,B2-3-1171,动物,动物 / 鸟类 / 雀形目鸟类,按当前导航约定归类,未核验到种,3,10,10,5,7,2,0,0,0,0,0,0
苍白乳蛇,B2-3-1172,动物,动物 / 爬行动物 / 蛇类,按当前导航约定归类,未核验到种,3,8,8,4,8,0,0,0,0,0,0,0
苍鹰成鸟,B2-3-1173,动物,动物 / 鸟类 / 日行猛禽,按当前导航约定归类,未核验到种,3,10,10,6,6,2,1,0,0,0,0,0
苍鹰捕兔,B2-3-1174,动物,动物 / 鸟类 / 日行猛禽,按当前导航约定归类,未核验到种,3,8,8,5,5,3,1,0,0,0,0,0
苍鹰林中飞行,B2-3-1175,动物,动物 / 鸟类 / 日行猛禽,按当前导航约定归类,未核验到种,3,8,8,4,6,1,0,0,0,0,0,0
苏-30 战斗机,B2-3-1176,交通工具,交通工具 / 航空器 / 固定翼飞机,按当前导航约定归类,不适用,3,368,291,277,281,189,73,0,77,77,1,0
苏-57,B2-3-1177,交通工具,交通工具 / 航空器 / 固定翼飞机,按当前导航约定归类,不适用,3,10,10,9,9,6,3,0,0,0,1,0
苏拉威西犀鸟,B2-3-1178,动物,动物 / 鸟类 / 犀鸟与地犀鸟,按当前导航约定归类,未核验到种,3,9,9,6,7,3,0,0,0,0,0,0
苏格兰克莱兹代尔马,B2-3-1179,动物,动物 / 哺乳动物 / 马与驴类,按当前导航约定归类,未核验到种,3,9,9,5,7,2,0,0,0,0,0,0
苔纹玛瑙,B2-3-1180,自然环境与物质,自然环境与物质 / 矿物与宝石 / 玛瑙,按当前导航约定归类,不适用,3,6,6,6,6,2,2,0,0,0,0,0
英国小獚犬头部圆润,B2-3-1181,动物,动物 / 哺乳动物 / 家犬与犬品种,按当前导航约定归类,品种或栽培类型,3,8,8,3,4,1,1,0,0,0,0,0
英国玩具獚,B2-3-1182,动物,动物 / 哺乳动物 / 家犬与犬品种,按当前导航约定归类,品种或栽培类型,3,10,10,8,8,2,0,0,0,0,0,0
英国雪达犬,B2-3-1183,动物,动物 / 哺乳动物 / 家犬与犬品种,按当前导航约定归类,品种或栽培类型,3,10,10,6,6,2,0,0,0,0,0,0
草原犬鼠,B2-3-1185,动物,动物 / 哺乳动物 / 啮齿动物,按当前导航约定归类,未核验到种,3,10,10,7,8,4,1,0,0,0,0,0
草原石䳭繁殖羽,B2-3-1186,动物,动物 / 鸟类 / 雀形目鸟类,按当前导航约定归类,未核验到种,3,8,8,6,7,2,0,0,0,0,0,0
草莓寄居蟹,B2-3-1187,动物,动物 / 节肢动物 / 甲壳动物,按当前导航约定归类,未核验到种,3,10,10,6,6,2,1,0,0,0,0,0
荒漠跳鼠,B2-3-1188,动物,动物 / 哺乳动物 / 啮齿动物,按当前导航约定归类,未核验到种,3,9,9,8,9,3,1,0,0,0,0,0
荠菜,B2-3-1189,植物,植物 / 草本与藤本植物 / 蔬菜与豆类植物,按当前导航约定归类,未核验到种,3,12,12,6,10,4,1,0,0,0,0,0
荷兰牧羊犬,B2-3-1191,动物,动物 / 哺乳动物 / 家犬与犬品种,按当前导航约定归类,品种或栽培类型,3,8,8,7,8,5,0,0,0,0,0,0
莫哈韦响尾蛇成体,B2-3-1192,动物,动物 / 爬行动物 / 蛇类,按当前导航约定归类,未核验到种,3,8,8,0,6,0,0,0,0,0,0,0
莱昂贝格犬头像,B2-3-1193,动物,动物 / 哺乳动物 / 家犬与犬品种,按当前导航约定归类,品种或栽培类型,3,7,7,2,5,2,0,0,0,0,0,0
菖蒲,B2-3-1194,植物,植物 / 草本与藤本植物 / 水生与湿地植物,按当前导航约定归类,未核验到种,3,10,9,5,7,2,0,0,0,0,0,0
葡萄十星叶甲,B2-3-1195,动物,动物 / 节肢动物 / 甲虫类,按当前导航约定归类,未核验到种,3,8,8,6,8,2,0,0,0,0,0,0
蒙古旱獭,B2-3-1196,动物,动物 / 哺乳动物 / 啮齿动物,按当前导航约定归类,未核验到种,3,8,8,6,6,4,0,0,0,0,0,0
蓑羽鹤,B2-3-1197,动物,动物 / 鸟类 / 鹤与秧鸡类,按当前导航约定归类,未核验到种,3,10,10,8,8,5,2,0,0,0,0,0
蓑羽鹤幼鸟,B2-3-1198,动物,动物 / 鸟类 / 鹤与秧鸡类,按当前导航约定归类,未核验到种,3,6,6,4,4,2,0,0,0,0,0,0
蓝喉歌鸲站立,B2-3-1199,动物,动物 / 鸟类 / 雀形目鸟类,按当前导航约定归类,未核验到种,3,7,7,3,5,0,0,0,0,0,0,0
蓝喉歌鸲觅食,B2-3-1200,动物,动物 / 鸟类 / 雀形目鸟类,按当前导航约定归类,未核验到种,3,8,8,5,6,3,2,0,0,0,0,0
蓝喉歌鸲雄鸟,B2-3-1201,动物,动物 / 鸟类 / 雀形目鸟类,按当前导航约定归类,未核验到种,3,10,10,3,7,0,0,0,0,0,0,0
蓝喉歌鸲雌鸟,B2-3-1202,动物,动物 / 鸟类 / 雀形目鸟类,按当前导航约定归类,未核验到种,3,9,9,5,7,4,1,0,0,0,0,0
蓝喉歌鸲飞翔,B2-3-1203,动物,动物 / 鸟类 / 雀形目鸟类,按当前导航约定归类,未核验到种,3,6,6,4,4,2,1,0,0,0,0,0
蓝喉金刚鹦鹉,B2-3-1204,动物,动物 / 鸟类 / 鹦鹉类,按当前导航约定归类,未核验到种,3,10,10,7,7,3,0,0,0,0,0,0
蓝头金刚鹦鹉,B2-3-1205,动物,动物 / 鸟类 / 鹦鹉类,按当前导航约定归类,未核验到种,3,12,12,8,8,6,0,0,0,0,0,0
蓝孔雀,B2-3-1206,动物,动物 / 鸟类 / 鸡雉类,按当前导航约定归类,未核验到种,3,21,21,21,21,16,11,0,0,0,1,0
蓝尾蜂虎,B2-3-1207,动物,动物 / 鸟类 / 翠鸟、蜂虎与佛法僧,按当前导航约定归类,未核验到种,3,10,10,6,8,2,0,0,0,0,0,0
蓝带蛇,B2-3-1208,动物,动物 / 爬行动物 / 蛇类,按当前导航约定归类,未核验到种,3,8,8,5,6,1,0,0,0,0,0,0
蓝斑三色蓝斑猎浣熊犬,B2-3-1210,动物,动物 / 哺乳动物 / 家犬与犬品种,按当前导航约定归类,品种或栽培类型,3,6,6,0,2,0,0,0,0,0,0,0
蓝斑猎浣熊犬上树,B2-3-1211,动物,动物 / 哺乳动物 / 家犬与犬品种,按当前导航约定归类,品种或栽培类型,3,6,6,0,2,0,0,0,0,0,0,0
蓝斑猎浣熊犬短毛,B2-3-1212,动物,动物 / 哺乳动物 / 家犬与犬品种,按当前导航约定归类,品种或栽培类型,3,6,6,0,2,0,0,0,0,0,0,0
蓝斑猎浣熊犬追踪,B2-3-1213,动物,动物 / 哺乳动物 / 家犬与犬品种,按当前导航约定归类,品种或栽培类型,3,6,6,0,2,0,0,0,0,0,0,0
蓝木匠蜂,B2-3-1214,动物,动物 / 节肢动物 / 蜂蚁类,按当前导航约定归类,未核验到种,3,8,8,2,4,0,0,0,0,0,0,0
蓝歌鸲,B2-3-1215,动物,动物 / 鸟类 / 雀形目鸟类,按当前导航约定归类,未核验到种,3,10,10,8,8,3,1,0,0,0,0,0
蓝灰蚋莺,B2-3-1216,动物,动物 / 鸟类 / 雀形目鸟类,按当前导航约定归类,未核验到种,3,10,10,6,6,3,0,0,0,0,0,0
蓝翅八色鸫,B2-3-1217,动物,动物 / 鸟类 / 雀形目鸟类,按当前导航约定归类,未核验到种,3,10,10,6,6,1,0,0,0,0,0,0
蓝翅金刚鹦鹉,B2-3-1218,动物,动物 / 鸟类 / 鹦鹉类,按当前导航约定归类,未核验到种,3,11,11,9,9,2,1,0,0,0,0,0
蓝翅鸭湿地,B2-3-1219,动物,动物 / 鸟类 / 鸭雁类,按当前导航约定归类,未核验到种,3,10,10,6,6,3,0,0,0,0,0,0
蓝翡翠,B2-3-1220,动物,动物 / 鸟类 / 翠鸟、蜂虎与佛法僧,按当前导航约定归类,未核验到种,3,9,9,7,7,5,3,0,0,0,0,0
蓝胸佛法僧幼鸟,B2-3-1221,动物,动物 / 鸟类 / 翠鸟、蜂虎与佛法僧,按当前导航约定归类,未核验到种,3,8,8,2,4,0,0,0,0,0,0,0
蓝胸佛法僧歇枝,B2-3-1222,动物,动物 / 鸟类 / 翠鸟、蜂虎与佛法僧,按当前导航约定归类,未核验到种,3,7,7,1,1,0,0,0,0,0,0,0
蓝色北极狐,B2-3-1223,动物,动物 / 哺乳动物 / 野生犬科动物,按当前导航约定归类,未核验到种,3,10,10,8,8,3,0,0,0,0,0,0
蓝色博美犬,B2-3-1224,动物,动物 / 哺乳动物 / 家犬与犬品种,按当前导航约定归类,品种或栽培类型,3,10,10,8,8,6,0,0,0,0,0,0
蓝色吉娃娃,B2-3-1225,动物,动物 / 哺乳动物 / 家犬与犬品种,按当前导航约定归类,品种或栽培类型,3,10,10,8,8,4,2,0,0,0,0,0
蓝色安哥拉猫,B2-3-1226,动物,动物 / 哺乳动物 / 家猫与猫品种,按当前导航约定归类,品种或栽培类型,3,9,9,7,7,4,0,0,0,0,0,0
蓝色暹罗猫,B2-3-1227,动物,动物 / 哺乳动物 / 家猫与猫品种,按当前导航约定归类,品种或栽培类型,3,10,10,5,6,3,0,0,0,0,0,0
蓝色阿比西尼亚猫,B2-3-1228,动物,动物 / 哺乳动物 / 家猫与猫品种,按当前导航约定归类,品种或栽培类型,3,9,9,7,7,5,0,0,0,0,0,0
蓝金色,B2-3-1229,待明确主体,待明确主体 / 名称信息不足 / 颜色与形态片段,需要上下文,主体待确认,3,10,10,4,6,2,0,0,0,0,0,0
蓝陨石柯利牧羊犬,B2-3-1230,动物,动物 / 哺乳动物 / 家犬与犬品种,按当前导航约定归类,品种或栽培类型,3,10,10,8,8,4,0,0,0,0,0,0
蓝陨石色博得牧羊犬,B2-3-1231,动物,动物 / 哺乳动物 / 家犬与犬品种,按当前导航约定归类,品种或栽培类型,3,6,6,2,4,0,0,0,0,0,0,0
蓝额亚马逊鹦鹉,B2-3-1232,动物,动物 / 鸟类 / 鹦鹉类,按当前导航约定归类,未核验到种,3,9,9,7,7,5,2,0,0,0,0,0
蓝马鸡,B2-3-1233,动物,动物 / 鸟类 / 鸡雉类,按当前导航约定归类,未核验到种,3,9,9,9,9,6,1,0,0,0,0,0
虎斑宝贝,B2-3-1234,动物,动物 / 其他无脊椎动物 / 软体动物,按当前导航约定归类,未核验到种,3,10,10,6,8,4,2,0,0,0,0,0
虎斑斗牛獒,B2-3-1235,动物,动物 / 哺乳动物 / 家犬与犬品种,按当前导航约定归类,品种或栽培类型,3,7,7,1,5,1,0,0,0,0,0,0
虎斑波索尔,B2-3-1236,动物,动物 / 哺乳动物 / 家犬与犬品种,按当前导航约定归类,品种或栽培类型,3,7,7,5,7,3,0,0,0,0,0,0
虎猫幼猫,B2-3-1237,动物,动物 / 哺乳动物 / 野生猫科动物,按当前导航约定归类,未核验到种,3,6,6,4,4,1,0,0,0,0,0,0
虎猫斑点,B2-3-1238,动物,动物 / 哺乳动物 / 野生猫科动物,按当前导航约定归类,未核验到种,3,10,9,7,9,4,0,0,0,0,0,0
虎纹捕鸟蛛,B2-3-1239,动物,动物 / 节肢动物 / 蛛形动物,按当前导航约定归类,未核验到种,3,7,7,5,5,1,0,0,0,0,0,0
蚁形隐翅虫,B2-3-1240,动物,动物 / 节肢动物 / 甲虫类,按当前导航约定归类,未核验到种,3,7,7,5,5,0,0,0,0,0,0,0
蚁鴷,B2-3-1241,动物,动物 / 鸟类 / 啄木鸟与拟啄木鸟,按当前导航约定归类,未核验到种,3,11,11,10,10,6,1,0,0,0,0,0
蚁鴷觅食,B2-3-1242,动物,动物 / 鸟类 / 啄木鸟与拟啄木鸟,按当前导航约定归类,未核验到种,3,6,6,5,5,2,0,0,0,0,0,0
蚁鴷鸟卵,B2-3-1243,动物,动物 / 身体部位与遗存 / 卵与卵囊,按当前导航约定归类,未核验到种,3,8,8,6,8,3,0,0,0,0,0,0
蚊猎蝽,B2-3-1244,动物,动物 / 节肢动物 / 蝉蝽蚜蚧类,按当前导航约定归类,未核验到种,3,9,9,6,6,2,0,0,0,0,0,0
蚊蝎蛉,B2-3-1245,动物,动物 / 节肢动物 / 蜻蜓与长翅类,按当前导航约定归类,未核验到种,3,10,10,6,8,2,0,0,0,0,0,0
蚤蝇,B2-3-1246,动物,动物 / 节肢动物 / 蝇蚊与蚤类,按当前导航约定归类,未明确到种,3,12,12,10,10,7,1,0,0,0,0,0
蚰蜒幼虫,B2-3-1247,动物,动物 / 节肢动物 / 多足与其他节肢动物,按当前导航约定归类,未核验到种,3,8,8,4,6,2,0,0,0,0,0,0
蛇头菌,B2-3-1248,真菌,真菌 / 大型真菌 / 鬼笔类真菌,按当前导航约定归类,范围待确认,3,10,10,8,8,3,1,0,0,0,0,0
蛇鹫展翅,B2-3-1249,动物,动物 / 鸟类 / 日行猛禽,按当前导航约定归类,未核验到种,3,10,10,5,8,3,1,0,0,0,0,0
蛇鹫巢,B2-3-1250,动物,动物 / 动物活动遗迹 / 巢穴,按当前导航约定归类,未核验到种,3,9,9,4,5,1,0,0,0,0,0,0
蛇鹫捕蛇,B2-3-1251,动物,动物 / 鸟类 / 日行猛禽,按当前导航约定归类,未核验到种,3,10,10,7,8,2,1,0,0,0,0,0
蛙泳出发,B2-3-1252,活动与场景,活动与场景 / 体育活动 / 游泳与跳水,按当前导航约定归类,不适用,3,7,7,2,4,0,0,0,0,0,0,0
蜗轮蜗杆,B2-3-1254,器具与设备,器具与设备 / 机械零部件 / 传动与支承件,按当前导航约定归类,不适用,3,7,7,7,7,4,0,0,0,0,0,0
蜘蛛猴,B2-3-1255,动物,动物 / 哺乳动物 / 灵长类动物,按当前导航约定归类,未核验到种,3,10,10,5,7,2,1,0,0,0,0,0
蝎子卵胎生,B2-3-1256,动物,动物 / 节肢动物 / 蛛形动物,按当前导航约定归类,未明确到种,3,8,8,6,8,0,0,0,0,0,0,0
蝶阀,B2-3-1257,器具与设备,器具与设备 / 机械零部件 / 流体与执行部件,按当前导航约定归类,不适用,3,10,10,10,10,5,3,0,0,0,0,0
蟪蛄,B2-3-1258,动物,动物 / 节肢动物 / 蝉蝽蚜蚧类,按当前导航约定归类,未核验到种,3,10,10,7,8,5,3,0,0,0,0,0
衣阿华号战列舰,B2-3-1259,交通工具,交通工具 / 水上交通工具 / 军舰与潜艇,按当前导航约定归类,不适用,3,7,7,7,7,6,3,0,0,0,1,0
表演走马,B2-3-1260,动物,动物 / 哺乳动物 / 马与驴类,按当前导航约定归类,未核验到种,3,8,8,6,6,2,2,0,0,0,0,0
裳凤蝶,B2-3-1261,动物,动物 / 节肢动物 / 蝶蛾及其幼虫,按当前导航约定归类,未核验到种,3,10,10,10,10,5,2,0,0,0,0,0
裸子植物,B2-3-1262,植物,植物 / 生长形态与类群 / 高阶植物类群,按当前导航约定归类,未明确到种,3,10,10,8,8,4,1,0,0,0,0,0
褐寡妇蜘蛛,B2-3-1263,动物,动物 / 节肢动物 / 蛛形动物,按当前导航约定归类,未核验到种,3,8,8,6,6,2,2,0,0,0,0,0
西伯利亚岩鹨,B2-3-1264,动物,动物 / 鸟类 / 雀形目鸟类,按当前导航约定归类,未核验到种,3,8,8,4,4,2,0,0,0,0,0,0
西塔琴演奏,B2-3-1265,活动与场景,活动与场景 / 音乐活动 / 乐器演奏,按当前导航约定归类,不适用,3,10,10,3,6,3,1,0,0,0,0,0
西奈抄本,B2-3-1266,艺术与装饰品,艺术与装饰品 / 文献与刻铭实物 / 书籍与手稿,按当前导航约定归类,不适用,3,28,26,24,24,18,13,0,0,0,1,0
西方唐纳雀林栖,B2-3-1267,动物,动物 / 鸟类 / 雀形目鸟类,按当前导航约定归类,未核验到种,3,4,4,0,2,0,0,0,0,0,0,0
西方唐纳雀育雏,B2-3-1268,动物,动物 / 鸟类 / 雀形目鸟类,按当前导航约定归类,未核验到种,3,5,5,0,5,0,0,0,0,0,0,0
西方唐纳雀针叶林,B2-3-1269,动物,动物 / 鸟类 / 雀形目鸟类,按当前导航约定归类,未核验到种,3,6,6,3,4,1,1,0,0,0,0,0
西方唐纳雀食果,B2-3-1270,动物,动物 / 鸟类 / 雀形目鸟类,按当前导航约定归类,未核验到种,3,7,7,3,5,2,1,0,0,0,0,0
西方唐纳雀黑色翅膀,B2-3-1271,动物,动物 / 鸟类 / 雀形目鸟类,按当前导航约定归类,未核验到种,3,8,8,2,4,1,0,0,0,0,0,0
西方蜜蜂蜂王,B2-3-1272,动物,动物 / 节肢动物 / 蜂蚁类,按当前导航约定归类,未核验到种,3,8,8,8,8,5,0,0,0,0,0,0
西滨鹬,B2-3-1273,动物,动物 / 鸟类 / 鸻鹬与鸥类,按当前导航约定归类,未核验到种,3,10,10,6,6,3,0,0,0,0,0,0
西班牙水犬,B2-3-1274,动物,动物 / 哺乳动物 / 家犬与犬品种,按当前导航约定归类,品种或栽培类型,3,10,10,6,6,3,0,0,0,0,0,0
西西里面包,B2-3-1275,食物与食材,食物与食材 / 米面食品 / 面包与烤饼,按当前导航约定归类,不适用,3,10,10,8,8,4,0,0,0,0,0,0
西部菱斑响尾蛇面部 pits,B2-3-1276,动物,动物 / 爬行动物 / 蛇类,按当前导航约定归类,未核验到种,3,5,5,2,4,0,0,0,0,0,0,0
角䴙䴘金色耳羽簇,B2-3-1277,动物,动物 / 鸟类 / 潜鸟与䴙䴘类,按当前导航约定归类,未核验到种,3,8,8,2,4,1,0,0,0,0,0,0
角峰,B2-3-1278,自然环境与物质,自然环境与物质 / 地形与地貌 / 冰川地貌,按当前导航约定归类,不适用,3,8,8,6,6,3,2,0,0,0,0,0
角海葵,B2-3-1279,动物,动物 / 其他无脊椎动物 / 刺胞动物,按当前导航约定归类,范围待确认,3,10,10,6,7,3,0,0,0,0,0,0
角海鹦北太平洋,B2-3-1280,动物,动物 / 鸟类 / 鸻鹬与鸥类,按当前导航约定归类,未核验到种,3,10,10,1,8,0,0,0,0,0,0,0
角海鹦海面浮游,B2-3-1281,动物,动物 / 鸟类 / 鸻鹬与鸥类,按当前导航约定归类,未核验到种,3,6,6,3,4,0,0,0,0,0,0,0
角海鹦繁殖羽,B2-3-1282,动物,动物 / 鸟类 / 鸻鹬与鸥类,按当前导航约定归类,未核验到种,3,4,4,2,2,0,0,0,0,0,0,0
角海鹦群,B2-3-1283,动物,动物 / 鸟类 / 鸻鹬与鸥类,按当前导航约定归类,未核验到种,3,8,7,0,5,0,0,0,0,0,0,0
角海鹦非繁殖羽,B2-3-1284,动物,动物 / 鸟类 / 鸻鹬与鸥类,按当前导航约定归类,未核验到种,3,5,5,1,3,0,0,0,0,0,0,0
角雕停栖,B2-3-1285,动物,动物 / 鸟类 / 日行猛禽,按当前导航约定归类,未核验到种,3,7,7,6,6,1,0,0,0,0,0,0
角雕幼鸟,B2-3-1286,动物,动物 / 鸟类 / 日行猛禽,按当前导航约定归类,未核验到种,3,7,7,3,4,0,0,0,0,0,0,0
调节器,B2-3-1287,待明确主体,待明确主体 / 名称有多种解释 / 通用器物或名称,需要上下文,主体待确认,3,8,8,6,6,5,1,0,0,0,0,0
谷象,B2-3-1288,动物,动物 / 节肢动物 / 甲虫类,按当前导航约定归类,未核验到种,3,10,10,6,8,3,1,0,0,0,0,0
豆象,B2-3-1289,动物,动物 / 节肢动物 / 甲虫类,按当前导航约定归类,未明确到种,3,10,10,6,6,4,2,0,0,0,0,0
象甲,B2-3-1290,动物,动物 / 节肢动物 / 甲虫类,按当前导航约定归类,未明确到种,3,10,10,10,10,7,5,0,0,0,0,0
豹式坦克,B2-3-1291,交通工具,交通工具 / 陆地车辆 / 装甲战斗车辆,按当前导航约定归类,不适用,3,16,16,14,15,12,9,0,0,0,1,0
豹灯蛾,B2-3-1292,动物,动物 / 节肢动物 / 蝶蛾及其幼虫,按当前导航约定归类,未核验到种,3,10,10,6,6,2,1,0,0,0,0,0
豹猫夜晚,B2-3-1293,动物,动物 / 哺乳动物 / 野生猫科动物,按当前导航约定归类,未核验到种,3,10,10,8,8,2,1,0,0,0,0,0
豹猫捕猎,B2-3-1294,动物,动物 / 哺乳动物 / 野生猫科动物,按当前导航约定归类,未核验到种,3,9,9,7,7,1,0,0,0,0,0,0
豹猫斑点,B2-3-1295,动物,动物 / 哺乳动物 / 野生猫科动物,按当前导航约定归类,未核验到种,3,10,10,8,8,3,1,0,0,0,0,0
豹猫树栖,B2-3-1296,动物,动物 / 哺乳动物 / 野生猫科动物,按当前导航约定归类,未核验到种,3,8,8,5,5,1,0,0,0,0,0,0
豺群体,B2-3-1297,动物,动物 / 哺乳动物 / 野生犬科动物,按当前导航约定归类,未核验到种,3,7,7,5,5,1,0,0,0,0,0,0
貉面部面具,B2-3-1298,动物,动物 / 哺乳动物 / 野生犬科动物,按当前导航约定归类,未核验到种,3,8,8,6,8,1,0,0,0,0,0,0
质子号运载火箭,B2-3-1299,交通工具,交通工具 / 航天器 / 运载火箭,按当前导航约定归类,不适用,3,6,6,4,4,1,0,0,0,0,0,0
费氏牡丹鹦鹉,B2-3-1300,动物,动物 / 鸟类 / 鹦鹉类,按当前导航约定归类,未核验到种,3,10,10,6,6,4,1,0,0,0,0,0
赤猴,B2-3-1301,动物,动物 / 哺乳动物 / 灵长类动物,按当前导航约定归类,未核验到种,3,11,11,6,7,3,0,0,0,0,0,0
赤贝刺身,B2-3-1302,食物与食材,食物与食材 / 菜肴 / 刺身,按当前导航约定归类,不适用,3,10,10,8,8,4,1,0,0,0,0,0
赤颈䴙䴘栗色颈部,B2-3-1303,动物,动物 / 鸟类 / 潜鸟与䴙䴘类,按当前导航约定归类,未核验到种,3,7,7,3,4,0,0,0,0,0,0,0
赤颈䴙䴘群,B2-3-1304,动物,动物 / 鸟类 / 潜鸟与䴙䴘类,按当前导航约定归类,未核验到种,3,7,7,3,4,1,0,0,0,0,0,0
赤颈鸭雄鸟,B2-3-1305,动物,动物 / 鸟类 / 鸭雁类,按当前导航约定归类,未核验到种,3,8,8,1,3,0,0,0,0,0,0,0
越野障碍赛,B2-3-1307,活动与场景,活动与场景 / 体育活动 / 马术与赛车,按当前导航约定归类,不适用,3,9,9,7,7,4,2,0,0,0,0,0
距翅麦鸡,B2-3-1308,动物,动物 / 鸟类 / 鸻鹬与鸥类,按当前导航约定归类,未核验到种,3,10,10,6,6,2,1,0,0,0,0,0
路易斯安那乳蛇,B2-3-1309,动物,动物 / 爬行动物 / 蛇类,按当前导航约定归类,未核验到种,3,6,6,6,6,4,2,0,0,0,0,0
路灯基础,B2-3-1310,建筑与设施,建筑与设施 / 建筑结构 / 梁塔与基础,按当前导航约定归类,不适用,3,7,7,7,7,2,2,0,0,0,0,0
跳岩企鹅,B2-3-1311,动物,动物 / 鸟类 / 企鹅类,按当前导航约定归类,未核验到种,3,9,9,3,6,2,1,0,0,0,0,0
跳虫,B2-3-1312,动物,动物 / 节肢动物 / 多足与其他节肢动物,按当前导航约定归类,未明确到种,3,10,10,8,8,3,2,0,0,0,0,0
软珊瑚息肉,B2-3-1313,动物,动物 / 其他无脊椎动物 / 刺胞动物,按当前导航约定归类,未明确到种,3,10,10,8,8,4,0,0,0,0,0,0
轴承套圈,B2-3-1315,器具与设备,器具与设备 / 机械零部件 / 传动与支承件,按当前导航约定归类,不适用,3,8,8,6,8,3,0,0,0,0,0,0
轴承座,B2-3-1316,器具与设备,器具与设备 / 机械零部件 / 传动与支承件,按当前导航约定归类,不适用,3,12,12,7,10,4,1,0,0,0,0,0
达乌船,B2-3-1317,交通工具,交通工具 / 水上交通工具 / 帆船,按当前导航约定归类,不适用,3,8,8,8,8,2,0,0,0,0,0,0
远东豹,B2-3-1318,动物,动物 / 哺乳动物 / 野生猫科动物,按当前导航约定归类,未核验到种,3,10,10,10,10,7,0,0,0,0,1,0
连弩,B2-3-1319,器具与设备,器具与设备 / 武器与防护装备 / 弓弩与投掷武器,按当前导航约定归类,不适用,3,10,10,10,10,4,1,0,0,0,0,0
速度滑冰集体出发,B2-3-1320,活动与场景,活动与场景 / 体育活动 / 冰雪运动,按当前导航约定归类,不适用,3,5,5,1,2,0,0,0,0,0,0,0
逾越节家宴,B2-3-1321,活动与场景,活动与场景 / 民俗与公共活动 / 节庆活动,按当前导航约定归类,不适用,3,8,8,6,6,3,1,0,0,0,0,0
郊狼,B2-3-1322,动物,动物 / 哺乳动物 / 野生犬科动物,按当前导航约定归类,未核验到种,3,10,10,8,8,5,2,0,0,0,0,0
重剑剑条,B2-3-1323,器具与设备,器具与设备 / 体育器材 / 投掷与击剑器材,按当前导航约定归类,不适用,3,7,7,6,7,1,0,0,0,0,0,0
野生埃克斯穆尔马,B2-3-1324,动物,动物 / 哺乳动物 / 马与驴类,按当前导航约定归类,未核验到种,3,9,9,4,7,3,0,0,0,0,0,0
金三彩,B2-3-1325,艺术与装饰品,艺术与装饰品 / 工艺品 / 陶瓷器与陶瓷工艺,按当前导航约定归类,不适用,3,29,29,25,27,20,9,0,0,0,1,0
金喉拟啄木鸟,B2-3-1326,动物,动物 / 鸟类 / 啄木鸟与拟啄木鸟,按当前导航约定归类,未核验到种,3,10,10,6,6,4,0,0,0,0,0,0
金图企鹅,B2-3-1327,动物,动物 / 鸟类 / 企鹅类,按当前导航约定归类,未核验到种,3,10,10,6,8,3,0,0,0,0,0,0
金属柄弹簧刀,B2-3-1328,器具与设备,器具与设备 / 手工工具 / 户外刀具,按当前导航约定归类,不适用,3,8,7,4,5,0,0,0,0,0,0,0
金猫头部,B2-3-1329,动物,动物 / 哺乳动物 / 野生猫科动物,按当前导航约定归类,未核验到种,3,9,9,4,5,1,1,0,0,0,0,0
金猫红棕,B2-3-1330,动物,动物 / 哺乳动物 / 野生猫科动物,按当前导航约定归类,未核验到种,3,8,8,5,6,0,0,0,0,0,0,0
金环胡蜂,B2-3-1331,动物,动物 / 节肢动物 / 蜂蚁类,按当前导航约定归类,未核验到种,3,11,11,9,9,4,2,0,0,0,1,0
金瓯沉船,B2-3-1332,建筑与设施,建筑与设施 / 遗址 / 沉船遗址,按当前导航约定归类,不适用,3,6,6,6,6,2,0,0,0,0,1,0
金翅侏儒鸟,B2-3-1333,动物,动物 / 鸟类 / 雀形目鸟类,按当前导航约定归类,未核验到种,3,10,10,1,4,0,0,0,0,0,0,0
金色叙利亚仓鼠,B2-3-1334,动物,动物 / 哺乳动物 / 啮齿动物,按当前导航约定归类,未核验到种,3,12,12,6,8,1,0,0,0,0,0,0
金色波斯猫,B2-3-1335,动物,动物 / 哺乳动物 / 家猫与猫品种,按当前导航约定归类,品种或栽培类型,3,8,8,6,6,3,0,0,0,0,0,0
金裳凤蝶,B2-3-1336,动物,动物 / 节肢动物 / 蝶蛾及其幼虫,按当前导航约定归类,未核验到种,3,10,10,10,10,8,0,0,0,0,1,0
金雕幼鸟,B2-3-1337,动物,动物 / 鸟类 / 日行猛禽,按当前导航约定归类,未核验到种,3,10,10,7,8,6,2,0,0,0,0,0
金雕成鸟,B2-3-1338,动物,动物 / 鸟类 / 日行猛禽,按当前导航约定归类,未核验到种,3,10,10,6,7,4,0,0,0,0,0,0
金雕翱翔,B2-3-1339,动物,动物 / 鸟类 / 日行猛禽,按当前导航约定归类,未核验到种,3,10,10,7,8,6,0,0,0,0,0,0
金额啄木鸟,B2-3-1340,动物,动物 / 鸟类 / 啄木鸟与拟啄木鸟,按当前导航约定归类,未核验到种,3,9,9,6,7,3,0,0,0,0,0,0
针尾鸭,B2-3-1341,动物,动物 / 鸟类 / 鸭雁类,按当前导航约定归类,未核验到种,3,9,9,7,8,6,1,0,0,0,0,0
针尾鸭孵卵,B2-3-1342,动物,动物 / 鸟类 / 鸭雁类,按当前导航约定归类,未核验到种,3,8,8,1,3,0,0,0,0,0,0,0
针尾鸭尖尾,B2-3-1343,动物,动物 / 鸟类 / 鸭雁类,按当前导航约定归类,未核验到种,3,10,10,6,7,1,0,0,0,0,0,0
针尾鸭游水,B2-3-1344,动物,动物 / 鸟类 / 鸭雁类,按当前导航约定归类,未核验到种,3,6,6,2,3,1,1,0,0,0,0,0
针尾鸭雄鸟,B2-3-1345,动物,动物 / 鸟类 / 鸭雁类,按当前导航约定归类,未核验到种,3,8,8,2,3,0,0,0,0,0,0,0
钢蓝色丝毛㹴,B2-3-1347,动物,动物 / 哺乳动物 / 家犬与犬品种,按当前导航约定归类,品种或栽培类型,3,5,5,2,2,0,0,0,0,0,0,0
钣金槌,B2-3-1348,器具与设备,器具与设备 / 手工工具 / 锤斧与敲击工具,按当前导航约定归类,不适用,3,8,8,6,6,3,0,0,0,0,0,0
钦州坭兴陶,B2-3-1349,艺术与装饰品,艺术与装饰品 / 工艺品 / 陶瓷器与陶瓷工艺,按当前导航约定归类,不适用,3,49,46,42,45,37,8,0,0,0,1,0
钧窑,B2-3-1350,艺术与装饰品,艺术与装饰品 / 工艺品 / 陶瓷器与陶瓷工艺,按当前导航约定归类,不适用,3,58,58,39,58,36,24,0,0,0,1,0
钩翅眼蛱蝶,B2-3-1351,动物,动物 / 节肢动物 / 蝶蛾及其幼虫,按当前导航约定归类,未核验到种,3,8,8,8,8,2,1,0,0,0,0,0
钩虾,B2-3-1352,动物,动物 / 节肢动物 / 甲壳动物,按当前导航约定归类,未明确到种,3,11,11,7,7,4,1,0,0,0,0,0
钵水母,B2-3-1354,动物,动物 / 其他无脊椎动物 / 刺胞动物,按当前导航约定归类,未明确到种,3,10,10,6,8,2,1,0,0,0,0,0
钻石背水蛇,B2-3-1355,动物,动物 / 爬行动物 / 蛇类,按当前导航约定归类,未核验到种,3,8,8,4,4,1,0,0,0,0,0,0
铜头蝮蜕皮,B2-3-1356,动物,动物 / 爬行动物 / 蛇类,按当前导航约定归类,未核验到种,3,5,5,2,2,0,0,0,0,0,0,0
铜绿丽金龟,B2-3-1357,动物,动物 / 节肢动物 / 甲虫类,按当前导航约定归类,未核验到种,3,7,7,5,7,1,0,0,0,0,0,0
银灰凯斯狗,B2-3-1358,动物,动物 / 哺乳动物 / 家犬与犬品种,按当前导航约定归类,品种或栽培类型,3,8,8,2,8,0,0,0,0,0,0,0
银蓝色丝毛㹴,B2-3-1359,动物,动物 / 哺乳动物 / 家犬与犬品种,按当前导航约定归类,品种或栽培类型,3,6,6,2,2,0,0,0,0,0,0,0
银颊犀鸟,B2-3-1360,动物,动物 / 鸟类 / 犀鸟与地犀鸟,按当前导航约定归类,未核验到种,3,10,10,6,6,3,2,0,0,0,0,0
银鸥繁殖羽,B2-3-1361,动物,动物 / 鸟类 / 鸻鹬与鸥类,按当前导航约定归类,未核验到种,3,8,8,1,4,0,0,0,0,0,0,0
银鸥蛋,B2-3-1362,动物,动物 / 身体部位与遗存 / 卵与卵囊,按当前导航约定归类,未核验到种,3,12,12,9,10,5,0,0,0,0,0,0
银黑美洲赤狐,B2-3-1363,动物,动物 / 哺乳动物 / 野生犬科动物,按当前导航约定归类,未核验到种,3,7,7,4,4,0,0,0,0,0,0,0
锈色斑块型阿彭策尔山地犬,B2-3-1364,动物,动物 / 哺乳动物 / 家犬与犬品种,按当前导航约定归类,品种或栽培类型,3,8,8,2,8,0,0,0,0,0,0,0
锡嘴雀冬季群,B2-3-1365,动物,动物 / 鸟类 / 雀形目鸟类,按当前导航约定归类,未核验到种,3,8,8,4,6,0,0,0,0,0,0,0
锡嘴雀厚重喙,B2-3-1366,动物,动物 / 鸟类 / 雀形目鸟类,按当前导航约定归类,未核验到种,3,8,8,3,4,2,0,0,0,0,0,0
锡嘴雀幼鸟,B2-3-1367,动物,动物 / 鸟类 / 雀形目鸟类,按当前导航约定归类,未核验到种,3,10,10,5,5,3,2,0,0,0,0,0
锦晃星,B2-3-1368,植物,植物 / 多肉与肉质植物 / 叶多肉植物,按当前导航约定归类,未核验到种,3,10,10,9,9,6,1,0,0,0,0,0
锦绣龙虾,B2-3-1369,动物,动物 / 节肢动物 / 甲壳动物,按当前导航约定归类,未核验到种,3,12,12,10,10,5,0,0,0,0,0,0
镀银军号,B2-3-1370,器具与设备,器具与设备 / 乐器 / 吹管乐器,按当前导航约定归类,不适用,3,5,5,5,5,0,0,0,0,0,0,0
长叶茅膏菜,B2-3-1371,植物,植物 / 草本与藤本植物 / 食虫植物,按当前导航约定归类,未核验到种,3,10,10,8,8,3,0,0,0,0,0,0
长吻海蛇,B2-3-1372,动物,动物 / 爬行动物 / 蛇类,按当前导航约定归类,未核验到种,3,10,10,8,8,2,0,0,0,0,0,0
长尾侏儒鸟,B2-3-1373,动物,动物 / 鸟类 / 雀形目鸟类,按当前导航约定归类,未核验到种,3,10,10,6,7,3,1,0,0,0,0,0
长尾屋顶鼠,B2-3-1374,动物,动物 / 哺乳动物 / 啮齿动物,按当前导航约定归类,未核验到种,3,7,7,6,7,2,0,0,0,0,0,0
长尾鸭潜水,B2-3-1375,动物,动物 / 鸟类 / 鸭雁类,按当前导航约定归类,未核验到种,3,9,9,6,7,3,0,0,0,0,0,0
长尾鸭雄鸟,B2-3-1376,动物,动物 / 鸟类 / 鸭雁类,按当前导航约定归类,未核验到种,3,8,8,4,6,1,0,0,0,0,0,0
长尾鸭雌鸟,B2-3-1377,动物,动物 / 鸟类 / 鸭雁类,按当前导航约定归类,未核验到种,3,8,8,4,6,2,1,0,0,0,0,0
长弓展示,B2-3-1378,活动与场景,活动与场景 / 器物使用与展示 / 武器展示与训练,按当前导航约定归类,不适用,3,10,10,5,9,3,1,0,0,0,0,0
长弓收藏,B2-3-1379,活动与场景,活动与场景 / 器物使用与展示 / 武器展示与训练,按当前导航约定归类,不适用,3,9,9,3,8,2,1,0,0,0,0,0
长弓训练,B2-3-1380,活动与场景,活动与场景 / 器物使用与展示 / 武器展示与训练,按当前导航约定归类,不适用,3,9,9,5,6,3,0,0,0,0,0,0
长征二号F运载火箭,B2-3-1381,交通工具,交通工具 / 航天器 / 运载火箭,按当前导航约定归类,不适用,3,8,8,4,5,1,0,0,0,0,0,0
长毛型卡迪根柯基,B2-3-1382,动物,动物 / 哺乳动物 / 家犬与犬品种,按当前导航约定归类,品种或栽培类型,3,7,7,5,5,0,0,0,0,0,0,0
长毛型查理王,B2-3-1383,动物,动物 / 哺乳动物 / 家犬与犬品种,按当前导航约定归类,品种或栽培类型,3,7,7,4,6,1,0,0,0,0,0,0
长毛型柯利牧羊犬,B2-3-1384,动物,动物 / 哺乳动物 / 家犬与犬品种,按当前导航约定归类,品种或栽培类型,3,8,8,6,8,4,0,0,0,0,0,0
长毛型英国小獚犬,B2-3-1385,动物,动物 / 哺乳动物 / 家犬与犬品种,按当前导航约定归类,品种或栽培类型,3,7,7,4,5,2,0,0,0,0,0,0
长毛型西伯利亚哈士奇,B2-3-1386,动物,动物 / 哺乳动物 / 家犬与犬品种,按当前导航约定归类,品种或栽培类型,3,7,7,3,4,1,0,0,0,0,0,0
长沙窑瓷器,B2-3-1387,艺术与装饰品,艺术与装饰品 / 工艺品 / 陶瓷器与陶瓷工艺,按当前导航约定归类,不适用,3,8,8,4,6,3,2,0,0,0,0,0
长爪沙鼠,B2-3-1388,动物,动物 / 哺乳动物 / 啮齿动物,按当前导航约定归类,未核验到种,3,10,10,8,8,3,0,0,0,0,0,0
长耳鸮停栖,B2-3-1389,动物,动物 / 鸟类 / 鸮类,按当前导航约定归类,未核验到种,3,8,8,4,4,2,0,0,0,0,0,0
长鼻藤蛇,B2-3-1390,动物,动物 / 爬行动物 / 蛇类,按当前导航约定归类,未核验到种,3,9,9,5,7,2,1,0,0,0,0,0
长鼻螺,B2-3-1391,动物,动物 / 其他无脊椎动物 / 软体动物,按当前导航约定归类,范围待确认,3,10,10,6,6,1,1,0,0,0,0,0
闸阀,B2-3-1392,器具与设备,器具与设备 / 机械零部件 / 流体与执行部件,按当前导航约定归类,不适用,3,10,9,8,8,5,0,0,0,0,0,0
阎甲,B2-3-1393,动物,动物 / 节肢动物 / 甲虫类,按当前导航约定归类,未明确到种,3,7,7,5,5,2,0,0,0,0,0,0
阿卡德帝国,B2-3-1394,抽象与文化主题,抽象与文化主题 / 历史与文化主题 / 文明与历史时期,需要明确视觉载体,不适用,3,11,11,10,10,4,0,0,0,0,1,0
阿富汗猎犬展示,B2-3-1395,动物,动物 / 哺乳动物 / 家犬与犬品种,按当前导航约定归类,品种或栽培类型,3,8,8,5,7,2,1,0,0,0,0,0
阿富汗蒂拉丘地金器,B2-3-1396,艺术与装饰品,艺术与装饰品 / 文物器物 / 金属饰件与仪仗,按当前导航约定归类,不适用,3,32,31,27,31,21,14,0,0,0,1,0
阿尔巴雷洛马略尔卡药罐,B2-3-1397,艺术与装饰品,艺术与装饰品 / 工艺品 / 陶瓷器与陶瓷工艺,按当前导航约定归类,不适用,3,21,20,11,19,11,9,0,0,0,1,0
阿彭策尔山地犬卷尾,B2-3-1398,动物,动物 / 哺乳动物 / 家犬与犬品种,按当前导航约定归类,品种或栽培类型,3,5,5,0,4,0,0,0,0,0,0,0
阿彭策尔山地犬阿尔卑斯,B2-3-1399,动物,动物 / 哺乳动物 / 家犬与犬品种,按当前导航约定归类,品种或栽培类型,3,7,7,3,7,1,1,0,0,0,0,0
阿德利企鹅,B2-3-1400,动物,动物 / 鸟类 / 企鹅类,按当前导航约定归类,未核验到种,3,12,12,9,10,8,4,0,0,0,1,0
阿德利企鹅岩石巢穴,B2-3-1401,动物,动物 / 鸟类 / 企鹅类,按当前导航约定归类,未核验到种,3,6,6,4,4,1,0,0,0,0,0,0
阿德利企鹅幼鸟,B2-3-1402,动物,动物 / 鸟类 / 企鹅类,按当前导航约定归类,未核验到种,3,9,9,6,6,4,0,0,0,0,0,0
阿德利企鹅白色眼圈,B2-3-1403,动物,动物 / 鸟类 / 企鹅类,按当前导航约定归类,未核验到种,3,8,8,6,8,2,1,0,0,0,0,0
阿德利企鹅群,B2-3-1404,动物,动物 / 鸟类 / 企鹅类,按当前导航约定归类,未核验到种,3,9,9,6,6,2,0,0,0,0,0,0
阿德利企鹅跳跃入水,B2-3-1405,动物,动物 / 鸟类 / 企鹅类,按当前导航约定归类,未核验到种,3,7,7,4,5,2,0,0,0,0,0,0
阿德利企鹅雏鸟,B2-3-1406,动物,动物 / 鸟类 / 企鹅类,按当前导航约定归类,未核验到种,3,9,8,6,6,4,1,0,0,0,0,0
阿根廷红尾蚺,B2-3-1407,动物,动物 / 爬行动物 / 蛇类,按当前导航约定归类,未核验到种,3,6,6,2,2,2,0,0,0,0,0,0
阿比姆氏鹳,B2-3-1408,动物,动物 / 鸟类 / 鹳类,按当前导航约定归类,未核验到种,3,5,5,4,4,1,0,0,0,0,0,0
阿比西尼亚猫宠物,B2-3-1409,动物,动物 / 哺乳动物 / 家猫与猫品种,按当前导航约定归类,品种或栽培类型,3,8,8,6,7,4,1,0,0,0,0,0
阿比西尼亚猫斑纹,B2-3-1410,动物,动物 / 哺乳动物 / 家猫与猫品种,按当前导航约定归类,品种或栽培类型,3,10,10,8,10,5,1,0,0,0,0,0
陆鬣蜥,B2-3-1411,动物,动物 / 爬行动物 / 蜥蜴类,按当前导航约定归类,未核验到种,3,10,10,8,8,5,1,0,0,0,0,0
除颤监护仪,B2-3-1412,器具与设备,器具与设备 / 医学与实验设备 / 急救与监护设备,按当前导航约定归类,不适用,3,9,9,5,8,3,1,0,0,0,0,0
陶寺遗址,B2-3-1413,建筑与设施,建筑与设施 / 遗址 / 建筑与聚落遗址,按当前导航约定归类,不适用,3,9,9,8,8,5,4,0,0,0,1,0
陶笛,B2-3-1414,器具与设备,器具与设备 / 乐器 / 吹管乐器,按当前导航约定归类,不适用,3,10,10,8,8,4,0,0,0,0,0,0
随车起重机,B2-3-1415,器具与设备,器具与设备 / 机械与作业设备 / 起重设备,按当前导航约定归类,不适用,3,10,10,9,10,2,2,0,0,0,0,0
隐士鸫觅食,B2-3-1416,动物,动物 / 鸟类 / 雀形目鸟类,按当前导航约定归类,未核验到种,3,8,8,3,5,1,0,0,0,0,0,0
隐士鸫雄鸟,B2-3-1417,动物,动物 / 鸟类 / 雀形目鸟类,按当前导航约定归类,未核验到种,3,7,7,2,4,0,0,0,0,0,0,0
隧道通风井,B2-3-1418,建筑与设施,建筑与设施 / 交通与水工设施 / 道路与隧道,按当前导航约定归类,不适用,3,7,7,4,6,3,0,0,0,0,0,0
雀鹰成鸟,B2-3-1419,动物,动物 / 鸟类 / 日行猛禽,按当前导航约定归类,未核验到种,3,7,7,5,7,3,0,0,0,0,0,0
雄性主红雀,B2-3-1420,动物,动物 / 鸟类 / 雀形目鸟类,按当前导航约定归类,未核验到种,3,9,9,8,9,4,2,0,0,0,0,0
雄性乌鸫,B2-3-1421,动物,动物 / 鸟类 / 雀形目鸟类,按当前导航约定归类,未核验到种,3,9,9,6,6,2,0,0,0,0,0,0
雄性圃鹀,B2-3-1422,动物,动物 / 鸟类 / 雀形目鸟类,按当前导航约定归类,未核验到种,3,9,9,5,7,3,0,0,0,0,0,0
雄性夏唐纳雀,B2-3-1423,动物,动物 / 鸟类 / 雀形目鸟类,按当前导航约定归类,未核验到种,3,7,7,3,3,1,0,0,0,0,0,0
雄性家朱雀,B2-3-1424,动物,动物 / 鸟类 / 雀形目鸟类,按当前导航约定归类,未核验到种,3,8,7,4,5,1,0,0,0,0,0,0
雄性帝企鹅,B2-3-1425,动物,动物 / 鸟类 / 企鹅类,按当前导航约定归类,未核验到种,3,10,10,7,8,2,0,0,0,0,0,0
雄性旅鸫,B2-3-1426,动物,动物 / 鸟类 / 雀形目鸟类,按当前导航约定归类,未核验到种,3,7,7,2,4,1,0,0,0,0,0,0
雄性灰白喉林莺,B2-3-1427,动物,动物 / 鸟类 / 雀形目鸟类,按当前导航约定归类,未核验到种,3,8,8,2,6,0,0,0,0,0,0,0
雄性燕雀,B2-3-1428,动物,动物 / 鸟类 / 雀形目鸟类,按当前导航约定归类,未核验到种,3,9,9,6,6,4,0,0,0,0,0,0
雄性环颈鸫,B2-3-1429,动物,动物 / 鸟类 / 雀形目鸟类,按当前导航约定归类,未核验到种,3,8,8,3,6,1,1,0,0,0,0,0
雄性石䳭,B2-3-1430,动物,动物 / 鸟类 / 雀形目鸟类,按当前导航约定归类,未核验到种,3,6,6,3,4,2,0,0,0,0,0,0
雄性红额金翅雀,B2-3-1431,动物,动物 / 鸟类 / 雀形目鸟类,按当前导航约定归类,未核验到种,3,7,7,3,6,2,0,0,0,0,0,0
雄性美洲蛇鹈,B2-3-1432,动物,动物 / 鸟类 / 塘鹅、鹈鹕、鸬鹚与军舰鸟,按当前导航约定归类,未核验到种,3,9,9,4,8,2,0,0,0,0,0,0
雄性芦鹀,B2-3-1433,动物,动物 / 鸟类 / 雀形目鸟类,按当前导航约定归类,未核验到种,3,8,8,4,6,2,0,0,0,0,0,0
雄性锡嘴雀,B2-3-1434,动物,动物 / 鸟类 / 雀形目鸟类,按当前导航约定归类,未核验到种,3,9,9,2,5,2,1,0,0,0,0,0
雄性靛蓝彩鹀,B2-3-1435,动物,动物 / 鸟类 / 雀形目鸟类,按当前导航约定归类,未核验到种,3,10,10,4,6,3,2,0,0,0,0,0
雄鸟第一年,B2-3-1436,待明确主体,待明确主体 / 名称信息不足 / 生物身份片段,需要上下文,主体待确认,3,8,8,6,6,2,0,0,0,0,0,0
雌性夏唐纳雀,B2-3-1437,动物,动物 / 鸟类 / 雀形目鸟类,按当前导航约定归类,未核验到种,3,8,8,5,5,4,0,0,0,0,0,0
雌性旅鸫,B2-3-1438,动物,动物 / 鸟类 / 雀形目鸟类,按当前导航约定归类,未核验到种,3,8,8,1,4,1,0,0,0,0,0,0
雌性燕雀,B2-3-1439,动物,动物 / 鸟类 / 雀形目鸟类,按当前导航约定归类,未核验到种,3,10,10,3,6,2,0,0,0,0,0,0
雌性紫朱雀,B2-3-1440,动物,动物 / 鸟类 / 雀形目鸟类,按当前导航约定归类,未核验到种,3,7,6,3,4,2,1,0,0,0,0,0
雌性红腹灰雀,B2-3-1441,动物,动物 / 鸟类 / 雀形目鸟类,按当前导航约定归类,未核验到种,3,9,9,6,7,2,0,0,0,0,0,0
雌性草原石䳭,B2-3-1442,动物,动物 / 鸟类 / 雀形目鸟类,按当前导航约定归类,未核验到种,3,5,5,2,2,2,0,0,0,0,0,0
雌性靛蓝彩鹀,B2-3-1443,动物,动物 / 鸟类 / 雀形目鸟类,按当前导航约定归类,未核验到种,3,10,10,6,8,3,0,0,0,0,0,0
雌性黄鹀,B2-3-1444,动物,动物 / 鸟类 / 雀形目鸟类,按当前导航约定归类,未核验到种,3,6,6,1,4,0,0,0,0,0,0,0
雌性黑顶林莺,B2-3-1445,动物,动物 / 鸟类 / 雀形目鸟类,按当前导航约定归类,未核验到种,3,7,7,1,6,0,0,0,0,0,0,0
雕鸮幼鸟,B2-3-1446,动物,动物 / 鸟类 / 鸮类,按当前导航约定归类,未核验到种,3,8,8,4,6,0,0,0,0,0,0,0
雪雁孵卵,B2-3-1448,动物,动物 / 鸟类 / 鸭雁类,按当前导航约定归类,未核验到种,3,7,7,3,4,1,1,0,0,0,0,0
雪雁蓝型,B2-3-1449,动物,动物 / 鸟类 / 鸭雁类,按当前导航约定归类,未核验到种,3,10,10,2,4,0,0,0,0,0,0,0
雪雁飞行,B2-3-1450,动物,动物 / 鸟类 / 鸭雁类,按当前导航约定归类,未核验到种,3,11,11,8,9,7,1,0,0,0,0,0
雪鹀繁殖期,B2-3-1451,动物,动物 / 鸟类 / 雀形目鸟类,按当前导航约定归类,未核验到种,3,6,6,2,4,2,0,0,0,0,0,0
雪鹭,B2-3-1452,动物,动物 / 鸟类 / 鹭、鹮与琵鹭,按当前导航约定归类,未核验到种,3,9,9,7,7,4,2,0,0,0,0,0
霜背大鼯鼠,B2-3-1453,动物,动物 / 哺乳动物 / 啮齿动物,按当前导航约定归类,未核验到种,3,10,10,8,8,2,1,0,0,0,0,0
霸王龙骨架,B2-3-1454,动物,动物 / 古生物及其遗存 / 恐龙及其遗存,按当前导航约定归类,未核验到种,3,10,10,7,7,3,0,0,0,0,0,0
青凤蝶,B2-3-1455,动物,动物 / 节肢动物 / 蝶蛾及其幼虫,按当前导航约定归类,未核验到种,3,12,12,9,10,7,4,0,0,0,0,0
靛蓝彩鹀求偶,B2-3-1456,动物,动物 / 鸟类 / 雀形目鸟类,按当前导航约定归类,未核验到种,3,5,5,1,4,0,0,0,0,0,0,0
靛蓝彩鹀繁殖羽,B2-3-1457,动物,动物 / 鸟类 / 雀形目鸟类,按当前导航约定归类,未核验到种,3,5,5,1,2,0,0,0,0,0,0,0
靛蓝彩鹀草丛,B2-3-1458,动物,动物 / 鸟类 / 雀形目鸟类,按当前导航约定归类,未核验到种,3,7,7,2,4,1,0,0,0,0,0,0
非洲企鹅,B2-3-1459,动物,动物 / 鸟类 / 企鹅类,按当前导航约定归类,未核验到种,3,10,10,7,8,4,1,0,0,0,0,0
非洲企鹅南非海岸,B2-3-1460,动物,动物 / 鸟类 / 企鹅类,按当前导航约定归类,未核验到种,3,10,10,6,7,4,0,0,0,0,0,0
非洲企鹅洞穴筑巢,B2-3-1461,动物,动物 / 鸟类 / 企鹅类,按当前导航约定归类,未核验到种,3,8,8,4,4,1,0,0,0,0,0,0
非洲企鹅炎热气候适应,B2-3-1462,动物,动物 / 鸟类 / 企鹅类,按当前导航约定归类,未核验到种,3,8,8,3,6,1,0,0,0,0,0,0
非洲灰鹦鹉指名亚种,B2-3-1463,动物,动物 / 鸟类 / 鹦鹉类,按当前导航约定归类,种下名称待核,3,6,6,2,4,0,0,0,0,0,0,0
非洲野犬草原,B2-3-1464,动物,动物 / 哺乳动物 / 野生犬科动物,按当前导航约定归类,未核验到种,3,11,11,8,10,4,1,0,0,0,0,0
非洲野驴,B2-3-1465,动物,动物 / 哺乳动物 / 马与驴类,按当前导航约定归类,未核验到种,3,10,10,7,7,4,0,0,0,0,0,0
非洲钳嘴鹳,B2-3-1466,动物,动物 / 鸟类 / 鹳类,按当前导航约定归类,未核验到种,3,11,11,5,6,2,0,0,0,0,0,0
非洲鹡鸰,B2-3-1467,动物,动物 / 鸟类 / 雀形目鸟类,按当前导航约定归类,未核验到种,3,11,11,6,6,2,0,0,0,0,0,0
顶叶,B2-3-1468,人物与人体,人物与人体 / 人体结构 / 脑与神经结构,按当前导航约定归类,不适用,3,8,8,8,8,3,0,0,0,0,0,0
预置式扭矩扳手,B2-3-1469,器具与设备,器具与设备 / 手工工具 / 扳手与套筒,按当前导航约定归类,不适用,3,10,10,8,8,4,0,0,0,0,0,0
领鸺鹠,B2-3-1470,动物,动物 / 鸟类 / 鸮类,按当前导航约定归类,未核验到种,3,10,10,9,9,6,4,0,0,0,0,0
颈椎,B2-3-1471,人物与人体,人物与人体 / 人体结构 / 骨骼,按当前导航约定归类,不适用,3,8,8,4,8,1,0,0,0,0,0,0
风车草,B2-3-1473,植物,植物 / 草本与藤本植物 / 水生与湿地植物,按当前导航约定归类,未核验到种,3,10,10,8,8,5,4,0,0,0,0,0
飓风云墙,B2-3-1474,自然环境与物质,自然环境与物质 / 天气现象 / 热带气旋,按当前导航约定归类,不适用,3,8,6,4,6,1,0,0,0,0,0,0
飓风眼墙,B2-3-1475,自然环境与物质,自然环境与物质 / 天气现象 / 热带气旋,按当前导航约定归类,不适用,3,8,6,6,6,0,0,0,0,0,0,0
馒头海星,B2-3-1476,动物,动物 / 其他无脊椎动物 / 棘皮动物,按当前导航约定归类,未核验到种,3,8,8,6,8,2,0,0,0,0,0,0
马其顿长矛,B2-3-1477,器具与设备,器具与设备 / 武器与防护装备 / 弓弩与投掷武器,按当前导航约定归类,不适用,3,7,7,7,7,3,0,0,0,0,0,0
马厂彩陶,B2-3-1478,艺术与装饰品,艺术与装饰品 / 工艺品 / 陶瓷器与陶瓷工艺,按当前导航约定归类,不适用,3,51,49,21,49,20,13,0,0,0,1,0
马家窑彩陶,B2-3-1479,艺术与装饰品,艺术与装饰品 / 工艺品 / 陶瓷器与陶瓷工艺,按当前导航约定归类,不适用,3,47,46,27,46,25,21,0,0,0,1,0
马尔济斯,B2-3-1480,动物,动物 / 哺乳动物 / 家犬与犬品种,按当前导航约定归类,品种或栽培类型,3,13,13,6,9,3,0,0,0,0,0,0
马恩岛猫幼崽,B2-3-1481,动物,动物 / 哺乳动物 / 家猫与猫品种,按当前导航约定归类,品种或栽培类型,3,7,7,4,5,3,0,0,0,0,0,0
马恩岛猫短毛,B2-3-1482,动物,动物 / 哺乳动物 / 家猫与猫品种,按当前导航约定归类,品种或栽培类型,3,11,11,4,9,2,1,0,0,0,0,0
马恩岛猫蓝眼,B2-3-1483,动物,动物 / 哺乳动物 / 家猫与猫品种,按当前导航约定归类,品种或栽培类型,3,6,6,3,6,1,0,0,0,0,0,0
马来犀鸟,B2-3-1484,动物,动物 / 鸟类 / 犀鸟与地犀鸟,按当前导航约定归类,未核验到种,3,9,9,9,9,3,0,0,0,0,0,0
马来鳄,B2-3-1485,动物,动物 / 爬行动物 / 鳄类,按当前导航约定归类,未核验到种,3,8,8,6,8,6,2,0,0,0,0,0
马略尔卡彩陶餐具,B2-3-1486,艺术与装饰品,艺术与装饰品 / 工艺品 / 陶瓷器与陶瓷工艺,按当前导航约定归类,不适用,3,13,13,4,9,4,0,0,0,0,1,0
马约利卡陶器,B2-3-1487,艺术与装饰品,艺术与装饰品 / 工艺品 / 陶瓷器与陶瓷工艺,按当前导航约定归类,不适用,3,40,40,21,40,16,3,0,0,0,1,0
马耳他犬小型伴侣,B2-3-1488,动物,动物 / 哺乳动物 / 家犬与犬品种,按当前导航约定归类,品种或栽培类型,3,7,7,2,7,0,0,0,0,0,0,0
马耳他犬飘逸长发,B2-3-1489,动物,动物 / 哺乳动物 / 家犬与犬品种,按当前导航约定归类,品种或栽培类型,3,9,8,4,8,1,0,0,0,0,0,0
马赛鸵鸟,B2-3-1490,动物,动物 / 鸟类 / 鸵鸟、鸸鹋与食火鸡,按当前导航约定归类,种下名称待核,3,9,9,9,9,4,2,0,0,0,0,0
马铃薯甲虫,B2-3-1491,动物,动物 / 节肢动物 / 甲虫类,按当前导航约定归类,未核验到种,3,10,10,8,8,6,0,0,0,0,0,0
驻波,B2-3-1492,自然环境与物质,自然环境与物质 / 水文与海洋现象 / 潮汐与波浪,按当前导航约定归类,不适用,3,10,10,10,10,6,4,0,0,0,0,0
驼色北京犬,B2-3-1493,动物,动物 / 哺乳动物 / 家犬与犬品种,按当前导航约定归类,品种或栽培类型,3,8,8,5,8,3,1,0,0,0,0,0
骝色埃克斯穆尔马,B2-3-1494,动物,动物 / 哺乳动物 / 马与驴类,按当前导航约定归类,未核验到种,3,6,6,1,4,0,0,0,0,0,0,0
骝色夏尔马,B2-3-1495,动物,动物 / 哺乳动物 / 马与驴类,按当前导航约定归类,未核验到种,3,7,7,5,6,0,0,0,0,0,0,0
骝色田纳西走马,B2-3-1496,动物,动物 / 哺乳动物 / 马与驴类,按当前导航约定归类,未核验到种,3,7,7,3,7,1,0,0,0,0,0,0
髂骨,B2-3-1498,人物与人体,人物与人体 / 人体结构 / 骨骼,按当前导航约定归类,不适用,3,11,11,8,8,2,1,0,0,0,0,0
高丽青瓷,B2-3-1499,艺术与装饰品,艺术与装饰品 / 工艺品 / 陶瓷器与陶瓷工艺,按当前导航约定归类,不适用,3,37,35,31,33,28,20,0,0,0,1,0
高加索犀金龟,B2-3-1500,动物,动物 / 节肢动物 / 甲虫类,按当前导航约定归类,未核验到种,3,8,8,4,4,1,0,0,0,0,0,0
高原岩鹨,B2-3-1501,动物,动物 / 鸟类 / 雀形目鸟类,按当前导航约定归类,未核验到种,3,10,10,6,8,3,0,0,0,0,0,0
高山滑雪全能,B2-3-1502,活动与场景,活动与场景 / 体育活动 / 冰雪运动,按当前导航约定归类,不适用,3,7,6,4,6,3,0,0,0,0,0,0
高山滑雪团体赛,B2-3-1503,活动与场景,活动与场景 / 体育活动 / 冰雪运动,按当前导航约定归类,不适用,3,7,6,5,6,0,0,0,0,0,0,0
高强度螺栓,B2-3-1504,器具与设备,器具与设备 / 机械零部件 / 紧固与弹性件,按当前导航约定归类,不适用,3,12,10,8,10,4,0,0,0,0,0,0
高碳钢冷凿,B2-3-1505,器具与设备,器具与设备 / 手工工具 / 凿削工具,按当前导航约定归类,不适用,3,8,8,6,8,2,1,0,0,0,0,0
高脚蟹,B2-3-1506,动物,动物 / 节肢动物 / 甲壳动物,按当前导航约定归类,范围待确认,3,11,11,9,9,5,2,0,0,0,0,0
高音小号,B2-3-1507,器具与设备,器具与设备 / 乐器 / 吹管乐器,按当前导航约定归类,不适用,3,10,10,5,7,2,0,0,0,0,0,0
鬃狼捕食,B2-3-1508,动物,动物 / 哺乳动物 / 野生犬科动物,按当前导航约定归类,未核验到种,3,9,9,7,8,3,0,0,0,0,0,0
鬼狒,B2-3-1509,动物,动物 / 哺乳动物 / 灵长类动物,按当前导航约定归类,未核验到种,3,12,12,10,12,8,2,0,0,0,0,0
鬼玉米蛇,B2-3-1510,动物,动物 / 爬行动物 / 蛇类,按当前导航约定归类,未核验到种,3,10,10,6,10,2,1,0,0,0,0,0
鬼脸天蛾,B2-3-1511,动物,动物 / 节肢动物 / 蝶蛾及其幼虫,按当前导航约定归类,未核验到种,3,14,13,9,11,5,1,0,0,0,1,0
鬼鲉,B2-3-1512,动物,动物 / 鱼类 / 鱼类名称,按当前导航约定归类,范围待确认,3,12,12,8,10,1,0,0,0,0,0,0
魏玛犬,B2-3-1513,动物,动物 / 哺乳动物 / 家犬与犬品种,按当前导航约定归类,品种或栽培类型,3,10,10,10,10,3,0,0,0,0,0,0
魔芋田,B2-3-1514,活动与场景,活动与场景 / 农业与园艺场景 / 农田与种植,按当前导航约定归类,不适用,3,8,8,6,8,3,1,0,0,0,0,0
魔芋盆栽,B2-3-1515,活动与场景,活动与场景 / 农业与园艺场景 / 盆栽陈设,按当前导航约定归类,不适用,3,10,10,8,10,4,1,0,0,0,0,0
鱼尾葵,B2-3-1516,植物,植物 / 木本植物 / 棕榈类植物,按当前导航约定归类,未核验到种,3,12,12,10,10,5,1,0,0,0,0,0
鲸头鹳,B2-3-1517,动物,动物 / 鸟类 / 鲸头鹳类,按当前导航约定归类,未核验到种,3,10,10,8,8,6,2,0,0,0,0,0
鳞柄白毒伞,B2-3-1518,真菌,真菌 / 大型真菌 / 伞状真菌,按当前导航约定归类,未核验到种,3,8,8,4,4,0,0,0,0,0,0,0
鸡枞菌,B2-3-1519,真菌,真菌 / 大型真菌 / 伞状真菌,按当前导航约定归类,范围待确认,3,12,11,9,9,6,3,0,0,0,0,0
鸡油菌,B2-3-1520,真菌,真菌 / 大型真菌 / 伞状真菌,按当前导航约定归类,范围待确认,3,10,10,8,8,5,0,0,0,0,0,0
鸡腿菇,B2-3-1521,真菌,真菌 / 大型真菌 / 伞状真菌,按当前导航约定归类,未核验到种,3,216,181,169,174,111,42,0,7,7,0,0
鸨,B2-3-1522,动物,动物 / 鸟类 / 鸨类,按当前导航约定归类,未明确到种,3,12,12,7,10,6,0,0,0,0,0,0
鸳鸯孵卵,B2-3-1523,动物,动物 / 鸟类 / 鸭雁类,按当前导航约定归类,未核验到种,3,8,8,4,4,0,0,0,0,0,0,0
鸳鸯树洞营巢,B2-3-1524,动物,动物 / 鸟类 / 鸭雁类,按当前导航约定归类,未核验到种,3,7,7,4,5,1,0,0,0,0,0,0
鸵鸟幼鸟,B2-3-1525,动物,动物 / 鸟类 / 鸵鸟、鸸鹋与食火鸡,按当前导航约定归类,未核验到种,3,10,10,5,8,5,0,0,0,0,0,0
鸸鹋幼鸟,B2-3-1526,动物,动物 / 鸟类 / 鸵鸟、鸸鹋与食火鸡,按当前导航约定归类,未核验到种,3,8,8,4,6,1,0,0,0,0,0,0
鹤巢,B2-3-1528,动物,动物 / 动物活动遗迹 / 巢穴,按当前导航约定归类,未核验到种,3,10,10,6,8,2,0,0,0,0,0,0
鹦鹉嘴龙,B2-3-1529,动物,动物 / 古生物及其遗存 / 恐龙及其遗存,按当前导航约定归类,范围待确认,3,10,10,5,6,3,2,0,0,0,0,0
鹧鸪,B2-3-1530,动物,动物 / 鸟类 / 鸡雉类,按当前导航约定归类,范围待确认,3,10,10,8,8,4,1,0,0,0,0,0
鹳嘴翡翠,B2-3-1531,动物,动物 / 鸟类 / 翠鸟、蜂虎与佛法僧,按当前导航约定归类,未核验到种,3,10,10,8,8,7,1,0,0,0,0,0
鹿皮色小马,B2-3-1532,动物,动物 / 哺乳动物 / 马与驴类,按当前导航约定归类,未核验到种,3,8,8,6,6,1,1,0,0,0,0,0
鹿花菌,B2-3-1533,真菌,真菌 / 大型真菌 / 块状与盘状真菌,按当前导航约定归类,范围待确认,3,12,12,3,10,2,1,0,0,0,0,0
麝凤蝶,B2-3-1534,动物,动物 / 节肢动物 / 蝶蛾及其幼虫,按当前导航约定归类,未核验到种,3,10,10,8,8,5,1,0,0,0,0,0
麦哲伦企鹅,B2-3-1535,动物,动物 / 鸟类 / 企鹅类,按当前导航约定归类,未核验到种,3,11,11,9,11,6,2,0,0,0,0,0
黄冠夜鹭,B2-3-1536,动物,动物 / 鸟类 / 鹭、鹮与琵鹭,按当前导航约定归类,未核验到种,3,10,10,6,6,3,0,0,0,0,0,0
黄喉拟啄木鸟,B2-3-1537,动物,动物 / 鸟类 / 啄木鸟与拟啄木鸟,按当前导航约定归类,未核验到种,3,10,10,6,6,3,0,0,0,0,0,0
黄嘴犀鸟,B2-3-1538,动物,动物 / 鸟类 / 犀鸟与地犀鸟,按当前导航约定归类,未核验到种,3,10,10,7,7,4,1,0,0,0,0,0
黄垂麦鸡,B2-3-1539,动物,动物 / 鸟类 / 鸻鹬与鸥类,按当前导航约定归类,未核验到种,3,10,10,6,6,2,0,0,0,0,0,0
黄大水蟒,B2-3-1540,动物,动物 / 爬行动物 / 蛇类,按当前导航约定归类,未核验到种,3,6,6,4,4,2,0,0,0,0,0,0
黄斑苇鳽,B2-3-1541,动物,动物 / 鸟类 / 鹭、鹮与琵鹭,按当前导航约定归类,未核验到种,3,8,8,6,6,4,2,0,0,0,0,0
黄昏锡嘴雀针叶林,B2-3-1543,动物,动物 / 鸟类 / 雀形目鸟类,按当前导航约定归类,未核验到种,3,8,8,3,3,1,0,0,0,0,0,0
黄昏锡嘴雀雪地,B2-3-1544,动物,动物 / 鸟类 / 雀形目鸟类,按当前导航约定归类,未核验到种,3,8,8,0,1,0,0,0,0,0,0,0
黄眼企鹅,B2-3-1545,动物,动物 / 鸟类 / 企鹅类,按当前导航约定归类,未核验到种,3,10,10,6,6,2,1,0,0,0,0,0
黄肥尾蝎,B2-3-1546,动物,动物 / 节肢动物 / 蛛形动物,按当前导航约定归类,未核验到种,3,8,8,4,4,2,1,0,0,0,0,0
黄肩亚马逊鹦鹉,B2-3-1547,动物,动物 / 鸟类 / 鹦鹉类,按当前导航约定归类,未核验到种,3,10,10,6,6,4,2,0,0,0,0,0
黄腹吸汁啄木鸟凿洞,B2-3-1548,动物,动物 / 鸟类 / 啄木鸟与拟啄木鸟,按当前导航约定归类,未核验到种,3,8,8,2,4,0,0,0,0,0,0,0
黄腹吸汁啄木鸟繁殖羽,B2-3-1549,动物,动物 / 鸟类 / 啄木鸟与拟啄木鸟,按当前导航约定归类,未核验到种,3,8,8,3,5,2,0,0,0,0,0,0
黄腹吸汁啄木鸟雄鸟,B2-3-1550,动物,动物 / 鸟类 / 啄木鸟与拟啄木鸟,按当前导航约定归类,未核验到种,3,8,8,3,5,1,0,0,0,0,0,0
黄腹吸汁啄木鸟雌鸟,B2-3-1551,动物,动物 / 鸟类 / 啄木鸟与拟啄木鸟,按当前导航约定归类,未核验到种,3,8,8,1,3,0,0,0,0,0,0,0
黄腹海蛇,B2-3-1552,动物,动物 / 爬行动物 / 蛇类,按当前导航约定归类,未核验到种,3,10,10,10,10,3,0,0,0,0,0,0
黄色藏獒,B2-3-1553,动物,动物 / 哺乳动物 / 家犬与犬品种,按当前导航约定归类,品种或栽培类型,3,10,10,8,8,2,1,0,0,0,0,0
黄花冠花贝母,B2-3-1554,植物,植物 / 草本与藤本植物 / 观花与观叶草本,按当前导航约定归类,未核验到种,3,4,4,2,4,0,0,0,0,0,0,0
黄苇鳽,B2-3-1555,动物,动物 / 鸟类 / 鹭、鹮与琵鹭,按当前导航约定归类,未核验到种,3,10,10,6,6,2,1,0,0,0,0,0
黄菖蒲,B2-3-1556,植物,植物 / 草本与藤本植物 / 水生与湿地植物,按当前导航约定归类,未核验到种,3,9,9,7,9,3,1,0,0,0,0,0
黄金吊,B2-3-1557,动物,动物 / 鱼类 / 鱼类名称,按当前导航约定归类,未核验到种,3,9,9,7,9,4,1,0,0,0,0,0
黄雀冬季群,B2-3-1558,动物,动物 / 鸟类 / 雀形目鸟类,按当前导航约定归类,未核验到种,3,8,8,6,8,2,1,0,0,0,0,0
黄雀繁殖羽,B2-3-1559,动物,动物 / 鸟类 / 雀形目鸟类,按当前导航约定归类,未核验到种,3,8,8,6,6,1,0,0,0,0,0,0
黄雀雪地,B2-3-1560,动物,动物 / 鸟类 / 雀形目鸟类,按当前导航约定归类,未核验到种,3,10,10,8,10,3,1,0,0,0,0,0
黄鹀农田,B2-3-1561,动物,动物 / 鸟类 / 雀形目鸟类,按当前导航约定归类,未核验到种,3,8,8,3,4,1,0,0,0,0,0,0
黄鹀栗色背纹,B2-3-1562,动物,动物 / 鸟类 / 雀形目鸟类,按当前导航约定归类,未核验到种,3,8,8,3,4,3,2,0,0,0,0,0
黄鹀繁殖羽,B2-3-1563,动物,动物 / 鸟类 / 雀形目鸟类,按当前导航约定归类,未核验到种,3,10,10,5,6,2,0,0,0,0,0,0
黄鹀育雏,B2-3-1564,动物,动物 / 鸟类 / 雀形目鸟类,按当前导航约定归类,未核验到种,3,8,8,1,4,0,0,0,0,0,0,0
黑兀鹫,B2-3-1565,动物,动物 / 鸟类 / 日行猛禽,按当前导航约定归类,未核验到种,3,10,10,8,8,5,0,0,0,0,0,0
黑冕鹤,B2-3-1566,动物,动物 / 鸟类 / 鹤与秧鸡类,按当前导航约定归类,未核验到种,3,10,10,9,9,6,2,0,0,0,0,0
黑化极北蝰,B2-3-1567,动物,动物 / 爬行动物 / 蛇类,按当前导航约定归类,未核验到种,3,7,7,5,6,0,0,0,0,0,0,0
黑化鼓腹咝蝰,B2-3-1568,动物,动物 / 爬行动物 / 蛇类,按当前导航约定归类,未核验到种,3,5,5,5,5,0,0,0,0,0,0,0
黑喉潜鸟,B2-3-1569,动物,动物 / 鸟类 / 潜鸟与䴙䴘类,按当前导航约定归类,未核验到种,3,10,10,6,8,3,0,0,0,0,0,0
黑喉石鵖,B2-3-1570,动物,动物 / 鸟类 / 雀形目鸟类,按当前导航约定归类,未核验到种,3,10,10,6,6,2,0,0,0,0,0,0
黑嘴天鹅,B2-3-1571,动物,动物 / 鸟类 / 鸭雁类,按当前导航约定归类,未核验到种,3,10,10,6,6,4,0,0,0,0,0,0
黑大蜜蜂,B2-3-1572,动物,动物 / 节肢动物 / 蜂蚁类,按当前导航约定归类,未核验到种,3,10,10,8,8,2,0,0,0,0,0,0
黑天鹅幼鸟,B2-3-1573,动物,动物 / 鸟类 / 鸭雁类,按当前导航约定归类,未核验到种,3,9,9,5,9,4,1,0,0,0,0,0
黑天鹅求偶,B2-3-1574,动物,动物 / 鸟类 / 鸭雁类,按当前导航约定归类,未核验到种,3,8,8,7,8,4,0,0,0,0,0,0
黑天鹅红色喙,B2-3-1575,动物,动物 / 鸟类 / 鸭雁类,按当前导航约定归类,未核验到种,3,9,9,7,7,5,0,0,0,0,0,0
黑头金翅雀,B2-3-1576,动物,动物 / 鸟类 / 雀形目鸟类,按当前导航约定归类,未核验到种,3,11,11,8,8,4,0,0,0,0,0,0
黑寡妇蜘蛛幼蛛,B2-3-1577,动物,动物 / 节肢动物 / 蛛形动物,按当前导航约定归类,未核验到种,3,8,8,4,4,3,1,0,0,0,0,0
黑尾草原犬鼠,B2-3-1578,动物,动物 / 哺乳动物 / 啮齿动物,按当前导航约定归类,未核验到种,3,13,13,9,9,6,1,0,0,0,0,0
黑带食蚜蝇,B2-3-1579,动物,动物 / 节肢动物 / 蝇蚊与蚤类,按当前导航约定归类,未核验到种,3,8,8,6,6,2,1,0,0,0,0,0
黑曼巴蛇幼蛇,B2-3-1580,动物,动物 / 爬行动物 / 蛇类,按当前导航约定归类,未核验到种,3,8,8,4,6,1,0,0,0,0,0,0
黑棕白伯恩山犬,B2-3-1581,动物,动物 / 哺乳动物 / 家犬与犬品种,按当前导航约定归类,品种或栽培类型,3,8,8,6,6,0,0,0,0,0,0,0
黑水鸡,B2-3-1582,动物,动物 / 鸟类 / 鹤与秧鸡类,按当前导航约定归类,未核验到种,3,10,10,8,8,3,1,0,0,0,0,0
黑白兀鹫,B2-3-1583,动物,动物 / 鸟类 / 日行猛禽,按当前导航约定归类,范围待确认,3,10,10,10,10,3,1,0,0,0,0,0
黑皮鸡枞,B2-3-1584,真菌,真菌 / 大型真菌 / 伞状真菌,按当前导航约定归类,范围待确认,3,9,9,7,8,4,1,0,0,0,0,0
黑眉锦蛇,B2-3-1585,动物,动物 / 爬行动物 / 蛇类,按当前导航约定归类,未核验到种,3,10,10,8,8,4,1,0,0,0,0,0
黑缘红瓢虫,B2-3-1586,动物,动物 / 节肢动物 / 甲虫类,按当前导航约定归类,未核验到种,3,9,9,7,7,1,0,0,0,0,0,0
黑胸歌鸲,B2-3-1587,动物,动物 / 鸟类 / 雀形目鸟类,按当前导航约定归类,未核验到种,3,9,9,8,8,4,0,0,0,0,0,0
黑脸燕鵙,B2-3-1588,动物,动物 / 鸟类 / 雀形目鸟类,按当前导航约定归类,未核验到种,3,10,10,6,6,2,0,0,0,0,0,0
黑脸琵鹭,B2-3-1589,动物,动物 / 鸟类 / 鹭、鹮与琵鹭,按当前导航约定归类,未核验到种,3,12,12,12,12,7,4,0,0,0,1,0
黑色佩尔什马,B2-3-1590,动物,动物 / 哺乳动物 / 马与驴类,按当前导航约定归类,未核验到种,3,11,11,5,6,2,1,0,0,0,0,0
黑色凯尔皮,B2-3-1591,动物,动物 / 哺乳动物 / 家犬与犬品种,按当前导航约定归类,品种或栽培类型,3,8,8,7,8,5,0,0,0,0,0,0
黑色哈克尼马,B2-3-1592,动物,动物 / 哺乳动物 / 马与驴类,按当前导航约定归类,未核验到种,3,8,8,6,6,5,0,0,0,0,0,0
黑色威尔士小型马,B2-3-1593,动物,动物 / 哺乳动物 / 马与驴类,按当前导航约定归类,未核验到种,3,7,7,4,6,2,1,0,0,0,0,0
黑色屋顶鼠,B2-3-1594,动物,动物 / 哺乳动物 / 啮齿动物,按当前导航约定归类,未核验到种,3,8,8,7,7,2,0,0,0,0,0,0
黑色纽芬兰犬,B2-3-1595,动物,动物 / 哺乳动物 / 家犬与犬品种,按当前导航约定归类,品种或栽培类型,3,11,11,7,9,4,0,0,0,0,0,0
黑色美洲豹,B2-3-1596,动物,动物 / 哺乳动物 / 野生猫科动物,按当前导航约定归类,未核验到种,3,9,9,5,6,2,0,0,0,0,0,0
黑色蝴蝶犬,B2-3-1597,动物,动物 / 哺乳动物 / 家犬与犬品种,按当前导航约定归类,品种或栽培类型,3,10,10,6,6,2,0,0,0,0,0,0
黑色设得兰矮种马,B2-3-1598,动物,动物 / 哺乳动物 / 马与驴类,按当前导航约定归类,未核验到种,3,8,8,4,5,3,0,0,0,0,0,0
黑色跳甲,B2-3-1599,动物,动物 / 节肢动物 / 甲虫类,按当前导航约定归类,范围待确认,3,8,8,4,4,0,0,0,0,0,0,0
黑色阿富汗猎犬,B2-3-1600,动物,动物 / 哺乳动物 / 家犬与犬品种,按当前导航约定归类,品种或栽培类型,3,9,9,9,9,5,1,0,0,0,0,0
黑色面罩型斗牛獒,B2-3-1601,动物,动物 / 哺乳动物 / 家犬与犬品种,按当前导航约定归类,品种或栽培类型,3,4,4,3,3,2,2,0,0,0,0,0
黑褐双色英国小獚犬,B2-3-1602,动物,动物 / 哺乳动物 / 家犬与犬品种,按当前导航约定归类,品种或栽培类型,3,5,5,3,5,1,0,0,0,0,0,0
黑褐猎浣熊犬,B2-3-1603,动物,动物 / 哺乳动物 / 家犬与犬品种,按当前导航约定归类,品种或栽培类型,3,7,7,4,6,2,1,0,0,0,0,0
黑褐猎浣熊犬头像,B2-3-1604,动物,动物 / 哺乳动物 / 家犬与犬品种,按当前导航约定归类,品种或栽培类型,3,7,6,2,4,0,0,0,0,0,0,0
黑雁,B2-3-1605,动物,动物 / 鸟类 / 鸭雁类,按当前导航约定归类,未核验到种,3,8,8,3,6,2,1,0,0,0,0,0
黑雁游水,B2-3-1606,动物,动物 / 鸟类 / 鸭雁类,按当前导航约定归类,未核验到种,3,9,9,6,7,1,0,0,0,0,0,0
黑雁白色颈环,B2-3-1607,动物,动物 / 鸟类 / 鸭雁类,按当前导航约定归类,未核验到种,3,9,9,4,5,1,0,0,0,0,0,0
黑雁雏鸟,B2-3-1608,动物,动物 / 鸟类 / 鸭雁类,按当前导航约定归类,未核验到种,3,9,9,7,9,4,0,0,0,0,0,0
黑顶林莺食浆果,B2-3-1609,动物,动物 / 鸟类 / 雀形目鸟类,按当前导航约定归类,未核验到种,3,8,8,2,5,0,0,0,0,0,0,0
黑颈鹳,B2-3-1611,动物,动物 / 鸟类 / 鹳类,按当前导航约定归类,未核验到种,3,9,9,7,8,2,0,0,0,0,0,0
黑鲷,B2-3-1612,动物,动物 / 鱼类 / 鱼类名称,按当前导航约定归类,未核验到种,3,9,9,7,7,1,0,0,0,0,0,0
黑鹭,B2-3-1613,动物,动物 / 鸟类 / 鹭、鹮与琵鹭,按当前导航约定归类,未核验到种,3,9,9,6,7,3,0,0,0,0,0,0
鼓腹咝蝰粗糙鳞片,B2-3-1614,动物,动物 / 爬行动物 / 蛇类,按当前导航约定归类,未核验到种,3,7,7,2,5,0,0,0,0,0,0,0
鼠鱼,B2-3-1615,动物,动物 / 鱼类 / 鱼类名称,按当前导航约定归类,范围待确认,3,11,10,9,9,5,3,0,0,0,0,0
齿轮箱,B2-3-1616,器具与设备,器具与设备 / 机械零部件 / 传动与支承件,按当前导航约定归类,不适用,3,10,10,5,8,3,2,0,0,0,0,0
龙山黑陶,B2-3-1617,艺术与装饰品,艺术与装饰品 / 工艺品 / 陶瓷器与陶瓷工艺,按当前导航约定归类,不适用,3,68,66,43,66,41,28,0,0,0,1,0
龟头海蛇,B2-3-1618,动物,动物 / 爬行动物 / 蛇类,按当前导航约定归类,未核验到种,3,10,10,6,8,2,0,0,0,0,0,0
龟甲龙,B2-3-1619,植物,植物 / 多肉与肉质植物 / 茎与地下器官肉质植物,按当前导航约定归类,未核验到种,3,8,8,5,6,3,2,0,0,0,0,0
龟蜡蚧,B2-3-1620,动物,动物 / 节肢动物 / 蝉蝽蚜蚧类,按当前导航约定归类,未核验到种,3,10,10,6,9,2,0,0,0,0,0,0
